{
  "$schema": "https://schema.management.azure.com/schemas/2019-04-01/deploymentTemplate.json#",
  "contentVersion": "1.0.0.0",
  "metadata": {
    "author": "Mimecast - dlapi@mimecast.com",
    "comments": "Solution template for MimecastTIRegional"
  },
  "parameters": {
    "location": {
      "type": "string",
      "minLength": 1,
      "defaultValue": "[resourceGroup().location]",
      "metadata": {
        "description": "Not used, but needed to pass arm-ttk test `Location-Should-Not-Be-Hardcoded`.  We instead use the `workspace-location` which is derived from the LA workspace"
      }
    },
    "workspace-location": {
      "type": "string",
      "defaultValue": "",
      "metadata": {
        "description": "[concat('Region to deploy solution resources -- separate from location selection',parameters('location'))]"
      }
    },
    "workspace": {
      "defaultValue": "",
      "type": "string",
      "metadata": {
        "description": "Workspace name for Log Analytics where Microsoft Sentinel is setup"
      }
    },
    "workbook1-name": {
      "type": "string",
      "defaultValue": "MimecastTIRegional",
      "minLength": 1,
      "metadata": {
        "description": "Name for the workbook"
      }
    }
  },
  "variables": {
    "email": "dlapi@mimecast.com",
    "_email": "[variables('email')]",
    "_solutionName": "MimecastTIRegional",
    "_solutionVersion": "3.0.0",
    "solutionId": "mimecastnorthamerica1584469118674.azure-sentinel-solution-mimecasttiregional",
    "_solutionId": "[variables('solutionId')]",
    "workbookVersion1": "1.0.0",
    "workbookContentId1": "MimecastTIRegionalWorkbook",
    "workbookId1": "[resourceId('Microsoft.Insights/workbooks', variables('workbookContentId1'))]",
    "workbookTemplateSpecName1": "[concat(parameters('workspace'),'/Microsoft.SecurityInsights/',concat(parameters('workspace'),'-wb-',uniquestring(variables('_workbookContentId1'))))]",
    "_workbookContentId1": "[variables('workbookContentId1')]",
    "workspaceResourceId": "[resourceId('microsoft.OperationalInsights/Workspaces', parameters('workspace'))]",
    "workbookcontentProductId1": "[concat(take(variables('_solutionId'),50),'-','wb','-', uniqueString(concat(variables('_solutionId'),'-','Workbook','-',variables('_workbookContentId1'),'-', variables('workbookVersion1'))))]",
    "_workbookcontentProductId1": "[variables('workbookcontentProductId1')]",
    "uiConfigId1": "MimecastTIRegionalConnectorAzureFunctions",
    "_uiConfigId1": "[variables('uiConfigId1')]",
    "dataConnectorContentId1": "MimecastTIRegionalConnectorAzureFunctions",
    "_dataConnectorContentId1": "[variables('dataConnectorContentId1')]",
    "dataConnectorId1": "[extensionResourceId(resourceId('Microsoft.OperationalInsights/workspaces', parameters('workspace')), 'Microsoft.SecurityInsights/dataConnectors', variables('_dataConnectorContentId1'))]",
    "_dataConnectorId1": "[variables('dataConnectorId1')]",
    "dataConnectorTemplateSpecName1": "[concat(parameters('workspace'),'/Microsoft.SecurityInsights/',concat(parameters('workspace'),'-dc-',uniquestring(variables('_dataConnectorContentId1'))))]",
    "dataConnectorVersion1": "1.0.0",
    "dataConnectorcontentProductId1": "[concat(take(variables('_solutionId'),50),'-','dc','-', uniqueString(concat(variables('_solutionId'),'-','DataConnector','-',variables('_dataConnectorContentId1'),'-', variables('dataConnectorVersion1'))))]",
    "_dataConnectorcontentProductId1": "[variables('dataConnectorcontentProductId1')]",
    "solutioncontentProductId": "[concat(take(variables('_solutionId'),50),'-','sl','-', uniqueString(concat(variables('_solutionId'),'-','Solution','-',variables('_solutionId'),'-', variables('_solutionVersion'))))]",
    "_solutioncontentProductId": "[variables('solutioncontentProductId')]"
  },
  "resources": [
    {
      "type": "Microsoft.OperationalInsights/workspaces/providers/contentTemplates",
      "apiVersion": "2023-04-01-preview",
      "name": "[variables('workbookTemplateSpecName1')]",
      "location": "[parameters('workspace-location')]",
      "dependsOn": [
        "[extensionResourceId(resourceId('Microsoft.OperationalInsights/workspaces', parameters('workspace')), 'Microsoft.SecurityInsights/contentPackages', variables('_solutionId'))]"
      ],
      "properties": {
        "description": "MimecastTIRegionalWorkbook Workbook with template version 3.0.0",
        "mainTemplate": {
          "$schema": "https://schema.management.azure.com/schemas/2019-04-01/deploymentTemplate.json#",
          "contentVersion": "[variables('workbookVersion1')]",
          "parameters": {},
          "variables": {},
          "resources": [
            {
              "type": "Microsoft.Insights/workbooks",
              "name": "[variables('workbookContentId1')]",
              "location": "[parameters('workspace-location')]",
              "kind": "shared",
              "apiVersion": "2021-08-01",
              "metadata": {
                "description": "A workbook providing insights into Mimecast Regional Threat indicator."
              },
              "properties": {
                "displayName": "[parameters('workbook1-name')]",
                "serializedData": "{\"version\":\"Notebook/1.0\",\"items\":[{\"type\":9,\"content\":{\"version\":\"KqlParameterItem/1.0\",\"parameters\":[{\"id\":\"82fedb33-961a-4199-a5ab-16340948ed10\",\"version\":\"KqlParameterItem/1.0\",\"name\":\"time_range\",\"label\":\"time range\",\"type\":4,\"isRequired\":true,\"value\":{\"durationMs\":43200000},\"typeSettings\":{\"selectableValues\":[{\"durationMs\":300000},{\"durationMs\":900000},{\"durationMs\":1800000},{\"durationMs\":3600000},{\"durationMs\":14400000},{\"durationMs\":43200000},{\"durationMs\":86400000},{\"durationMs\":172800000},{\"durationMs\":259200000},{\"durationMs\":604800000},{\"durationMs\":1209600000},{\"durationMs\":2419200000},{\"durationMs\":2592000000},{\"durationMs\":5184000000},{\"durationMs\":7776000000}],\"allowCustom\":true}}],\"style\":\"pills\",\"queryType\":0,\"resourceType\":\"microsoft.operationalinsights/workspaces\"},\"name\":\"parameters - 2\"},{\"type\":1,\"content\":{\"json\":\"# Regional Threat Intelligence Feeds\"},\"name\":\"text - 25\"},{\"type\":3,\"content\":{\"version\":\"KqlItem/1.0\",\"query\":\"ThreatIntelligenceIndicator\\n| where Description==\\\"Mimecast Regional Threat Intel\\\"\\n| summarize arg_max(TimeGenerated,*) by ExternalIndicatorId\",\"size\":0,\"timeContext\":{\"durationMs\":0},\"timeContextFromParameter\":\"time_range\",\"queryType\":0,\"resourceType\":\"microsoft.operationalinsights/workspaces\",\"visualization\":\"areachart\"},\"name\":\"query - 26\"}],\"$schema\":\"https://github.com/Microsoft/Application-Insights-Workbooks/blob/master/schema/workbook.json\"}\r\n",
                "version": "1.0",
                "sourceId": "[variables('workspaceResourceId')]",
                "category": "sentinel"
              }
            },
            {
              "type": "Microsoft.OperationalInsights/workspaces/providers/metadata",
              "apiVersion": "2022-01-01-preview",
              "name": "[concat(parameters('workspace'),'/Microsoft.SecurityInsights/',concat('Workbook-', last(split(variables('workbookId1'),'/'))))]",
              "properties": {
                "description": "@{workbookKey=MimecastTIRegionalWorkbook; logoFileName=Mimecast.svg; description=A workbook providing insights into Mimecast Regional Threat indicator.; dataTypesDependencies=System.Object[]; dataConnectorsDependencies=System.Object[]; previewImagesFileNames=System.Object[]; version=1.0.0; title=MimecastTIRegional; templateRelativePath=MimecastTIRegional.json; subtitle=Mimecast TI Regional; provider=Mimecast}.description",
                "parentId": "[variables('workbookId1')]",
                "contentId": "[variables('_workbookContentId1')]",
                "kind": "Workbook",
                "version": "[variables('workbookVersion1')]",
                "source": {
                  "kind": "Solution",
                  "name": "MimecastTIRegional",
                  "sourceId": "[variables('_solutionId')]"
                },
                "author": {
                  "name": "Mimecast",
                  "email": "[variables('_email')]"
                },
                "support": {
                  "name": "Mimecast",
                  "email": "support@mimecast.com",
                  "tier": "Partner",
                  "link": "https://community.mimecast.com/s/contactsupport"
                },
                "dependencies": {
                  "operator": "AND",
                  "criteria": [
                    {
                      "contentId": "ThreatIntelligenceIndicator",
                      "kind": "DataType"
                    },
                    {
                      "contentId": "MimecastTIRegionalConnectorAzureFunctions",
                      "kind": "DataConnector"
                    }
                  ]
                }
              }
            }
          ]
        },
        "packageKind": "Solution",
        "packageVersion": "[variables('_solutionVersion')]",
        "packageName": "[variables('_solutionName')]",
        "packageId": "[variables('_solutionId')]",
        "contentSchemaVersion": "3.0.0",
        "contentId": "[variables('_workbookContentId1')]",
        "contentKind": "Workbook",
        "displayName": "[parameters('workbook1-name')]",
        "contentProductId": "[variables('_workbookcontentProductId1')]",
        "id": "[variables('_workbookcontentProductId1')]",
        "version": "[variables('workbookVersion1')]"
      }
    },
    {
      "type": "Microsoft.OperationalInsights/workspaces/providers/contentTemplates",
      "apiVersion": "2023-04-01-preview",
      "name": "[variables('dataConnectorTemplateSpecName1')]",
      "location": "[parameters('workspace-location')]",
      "dependsOn": [
        "[extensionResourceId(resourceId('Microsoft.OperationalInsights/workspaces', parameters('workspace')), 'Microsoft.SecurityInsights/contentPackages', variables('_solutionId'))]"
      ],
      "properties": {
        "description": "MimecastTIRegional data connector with template version 3.0.0",
        "mainTemplate": {
          "$schema": "https://schema.management.azure.com/schemas/2019-04-01/deploymentTemplate.json#",
          "contentVersion": "[variables('dataConnectorVersion1')]",
          "parameters": {},
          "variables": {},
          "resources": [
            {
              "name": "[concat(parameters('workspace'),'/Microsoft.SecurityInsights/',variables('_dataConnectorContentId1'))]",
              "apiVersion": "2021-03-01-preview",
              "type": "Microsoft.OperationalInsights/workspaces/providers/dataConnectors",
              "location": "[parameters('workspace-location')]",
              "kind": "GenericUI",
              "properties": {
                "connectorUiConfig": {
                  "id": "[variables('_uiConfigId1')]",
                  "title": "Mimecast Intelligence for Microsoft - Microsoft Sentinel (using Azure Functions)",
                  "publisher": "Mimecast",
                  "descriptionMarkdown": "The data connector for Mimecast Intelligence for Microsoft provides regional threat intelligence curated from Mimecast’s email inspection technologies with pre-created dashboards to allow analysts to view insight into email based threats, aid in incident correlation and reduce investigation response times.  \nMimecast products and features required: \n- Mimecast Secure Email Gateway \n- Mimecast Threat Intelligence\n",
                  "graphQueries": [
                    {
                      "metricName": "Total Threat Intelligence (Regional) data received",
                      "legend": "ThreatIntelligenceIndicator",
                      "baseQuery": "ThreatIntelligenceIndicator"
                    }
                  ],
                  "sampleQueries": [
                    {
                      "description": "ThreatIntelligenceIndicator",
                      "query": "ThreatIntelligenceIndicator\n| sort by TimeGenerated desc"
                    }
                  ],
                  "dataTypes": [
                    {
                      "name": "Event(ThreatIntelligenceIndicator)"
                    }
                  ],
                  "connectivityCriterias": [
                    {
                      "type": "IsConnectedQuery",
                      "value": [
                        "ThreatIntelligenceIndicator\n            | summarize LastLogReceived = max(TimeGenerated)\n            | project IsConnected = LastLogReceived > ago(30d)"
                      ]
                    }
                  ],
                  "availability": {
                    "status": 0,
                    "isPreview": false
                  },
                  "permissions": {
                    "resourceProvider": [
                      {
                        "provider": "Microsoft.OperationalInsights/workspaces",
                        "permissionsDisplayText": "read and write permissions on the workspace are required.",
                        "providerDisplayName": "Workspace",
                        "scope": "Workspace",
                        "requiredPermissions": {
                          "write": true,
                          "read": true,
                          "delete": true
                        }
                      },
                      {
                        "provider": "Microsoft.OperationalInsights/workspaces/sharedKeys",
                        "permissionsDisplayText": "read permissions to shared keys for the workspace are required. [See the documentation to learn more about workspace keys](https://docs.microsoft.com/azure/azure-monitor/platform/agent-windows#obtain-workspace-id-and-key).",
                        "providerDisplayName": "Keys",
                        "scope": "Workspace",
                        "requiredPermissions": {
                          "action": true
                        }
                      }
                    ],
                    "customs": [
                      {
                        "name": "Microsoft.Web/sites permissions",
                        "description": "Read and write permissions to Azure Functions to create a Function App is required. [See the documentation to learn more about Azure Functions](https://docs.microsoft.com/azure/azure-functions/)."
                      },
                      {
                        "name": "Mimecast API credentials",
                        "description": "You need to have the following pieces of information to configure the integration:\n- mimecastEmail: Email address of a dedicated Mimecast admin user\n- mimecastPassword: Password for the dedicated Mimecast admin user\n- mimecastAppId: API Application Id of the Mimecast Microsoft Sentinel app registered with Mimecast\n- mimecastAppKey: API Application Key of the Mimecast Microsoft Sentinel app registered with Mimecast\n- mimecastAccessKey: Access Key for the dedicated Mimecast admin user\n- mimecastSecretKey: Secret Key for the dedicated Mimecast admin user\n- mimecastBaseURL: Mimecast Regional API Base URL\n\n> The Mimecast Application Id, Application Key, along with the Access Key and Secret keys for the dedicated Mimecast admin user are obtainable via the Mimecast Administration Console: Administration | Services | API and Platform Integrations.\n\n> The Mimecast API Base URL for each region is documented here: https://integrations.mimecast.com/documentation/api-overview/global-base-urls/"
                      },
                      {
                        "name": "Resource group",
                        "description": "You need to have a resource group created with a subscription you are going to use."
                      },
                      {
                        "name": "Functions app",
                        "description": "You need to have an Azure App registered for this connector to use\n1. Application Id\n2. Tenant Id\n3. Client Id\n4. Client Secret"
                      }
                    ]
                  },
                  "instructionSteps": [
                    {
                      "description": ">**NOTE:** This connector uses Azure Functions to connect to a Mimecast API to pull its logs into Microsoft Sentinel. This might result in additional data ingestion costs. Check the [Azure Functions pricing page](https://azure.microsoft.com/pricing/details/functions/) for details."
                    },
                    {
                      "description": ">**(Optional Step)** Securely store workspace and API authorization key(s) or token(s) in Azure Key Vault. Azure Key Vault provides a secure mechanism to store and retrieve key values. [Follow these instructions](https://docs.microsoft.com/azure/app-service/app-service-key-vault-references) to use Azure Key Vault with an Azure Function App."
                    },
                    {
                      "description": "**STEP 1 - Configuration steps for the Mimecast API**\n\nGo to ***Azure portal ---> App registrations ---> [your_app] ---> Certificates & secrets ---> New client secret*** and create a new secret (save the Value somewhere safe right away because you will not be able to preview it later)",
                      "title": "Configuration:"
                    },
                    {
                      "description": "**STEP 2 - Deploy Mimecast API Connector**\n\n>**IMPORTANT:** Before deploying the Mimecast API connector, have the Workspace ID  and Workspace Primary Key (can be copied from the following), as well as the Mimecast API authorization key(s) or Token, readily available.",
                      "instructions": [
                        {
                          "parameters": {
                            "fillWith": [
                              "WorkspaceId"
                            ],
                            "label": "Workspace ID"
                          },
                          "type": "CopyableLabel"
                        },
                        {
                          "parameters": {
                            "fillWith": [
                              "PrimaryKey"
                            ],
                            "label": "Primary Key"
                          },
                          "type": "CopyableLabel"
                        }
                      ]
                    },
                    {
                      "description": "\n1. Click the **Deploy to Azure** button below. \n\n\t[![Deploy To Azure](https://aka.ms/deploytoazurebutton)](https://aka.ms/sentinel-MimecastTIRegional-azuredeploy)\n2. Select the preferred **Subscription**, **Resource Group** and **Location**. \n3. Enter the following fields:\n - appName: Unique string that will be used as id for the app in Azure platform\n - objectId: Azure portal ---> Azure Active Directory ---> more info ---> Profile -----> Object ID\n - appInsightsLocation(default): westeurope\n - mimecastEmail: Email address of dedicated user for this integraion\n - mimecastPassword: Password for dedicated user\n - mimecastAppId: Application Id from the Microsoft Sentinel app registered with Mimecast\n - mimecastAppKey: Application Key from the Microsoft Sentinel app registered with Mimecast\n - mimecastAccessKey: Access Key for the dedicated Mimecast user\n - mimecastSecretKey: Secret Key for dedicated Mimecast user\n - mimecastBaseURL: Regional Mimecast API Base URL\n - activeDirectoryAppId: Azure portal ---> App registrations ---> [your_app] ---> Application ID\n - activeDirectoryAppSecret: Azure portal ---> App registrations ---> [your_app] ---> Certificates & secrets ---> [your_app_secret]\n\n >Note: If using Azure Key Vault secrets for any of the values above, use the`@Microsoft.KeyVault(SecretUri={Security Identifier})`schema in place of the string values. Refer to [Key Vault references documentation](https://docs.microsoft.com/azure/app-service/app-service-key-vault-references) for further details.\n\n4. Mark the checkbox labeled **I agree to the terms and conditions stated above**. \n5. Click **Purchase** to deploy.\n\n6. Go to ***Azure portal ---> Resource groups ---> [your_resource_group] --->  [appName](type: Storage account) ---> Storage Explorer ---> BLOB CONTAINERS ---> TIR checkpoints ---> Upload*** and create empty file on your machine named checkpoint.txt and select it for upload (this is done so that date_range for TIR logs is stored in consistent state)\n",
                      "title": "Enable Mimecast Intelligence for Microsoft - Microsoft Sentinel Connector:"
                    },
                    {
                      "description": ">Connect to a **Threat Intelligence Platforms** Data Connector. Follow instructions on the connector page and then click connect button.",
                      "title": "Additional configuration:"
                    }
                  ],
                  "metadata": {
                    "id": "b9c65326-f65b-4f55-8671-fbedae05adf9",
                    "version": "1.0.0",
                    "kind": "dataConnector",
                    "source": {
                      "kind": "solution",
                      "name": "Mimecast"
                    },
                    "author": {
                      "name": "Mimecast"
                    },
                    "support": {
                      "tier": "Partner",
                      "name": "Mimecast",
                      "email": "support@mimecast.com",
                      "link": "https://community.mimecast.com/s/contactsupport"
                    }
                  }
                }
              }
            },
            {
              "type": "Microsoft.OperationalInsights/workspaces/providers/metadata",
              "apiVersion": "2023-04-01-preview",
              "name": "[concat(parameters('workspace'),'/Microsoft.SecurityInsights/',concat('DataConnector-', last(split(variables('_dataConnectorId1'),'/'))))]",
              "properties": {
                "parentId": "[extensionResourceId(resourceId('Microsoft.OperationalInsights/workspaces', parameters('workspace')), 'Microsoft.SecurityInsights/dataConnectors', variables('_dataConnectorContentId1'))]",
                "contentId": "[variables('_dataConnectorContentId1')]",
                "kind": "DataConnector",
                "version": "[variables('dataConnectorVersion1')]",
                "source": {
                  "kind": "Solution",
                  "name": "MimecastTIRegional",
                  "sourceId": "[variables('_solutionId')]"
                },
                "author": {
                  "name": "Mimecast",
                  "email": "[variables('_email')]"
                },
                "support": {
                  "name": "Mimecast",
                  "email": "support@mimecast.com",
                  "tier": "Partner",
                  "link": "https://community.mimecast.com/s/contactsupport"
                }
              }
            }
          ]
        },
        "packageKind": "Solution",
        "packageVersion": "[variables('_solutionVersion')]",
        "packageName": "[variables('_solutionName')]",
        "packageId": "[variables('_solutionId')]",
        "contentSchemaVersion": "3.0.0",
        "contentId": "[variables('_dataConnectorContentId1')]",
        "contentKind": "DataConnector",
        "displayName": "Mimecast Intelligence for Microsoft - Microsoft Sentinel (using Azure Functions)",
        "contentProductId": "[variables('_dataConnectorcontentProductId1')]",
        "id": "[variables('_dataConnectorcontentProductId1')]",
        "version": "[variables('dataConnectorVersion1')]"
      }
    },
    {
      "type": "Microsoft.OperationalInsights/workspaces/providers/metadata",
      "apiVersion": "2023-04-01-preview",
      "name": "[concat(parameters('workspace'),'/Microsoft.SecurityInsights/',concat('DataConnector-', last(split(variables('_dataConnectorId1'),'/'))))]",
      "dependsOn": [
        "[variables('_dataConnectorId1')]"
      ],
      "location": "[parameters('workspace-location')]",
      "properties": {
        "parentId": "[extensionResourceId(resourceId('Microsoft.OperationalInsights/workspaces', parameters('workspace')), 'Microsoft.SecurityInsights/dataConnectors', variables('_dataConnectorContentId1'))]",
        "contentId": "[variables('_dataConnectorContentId1')]",
        "kind": "DataConnector",
        "version": "[variables('dataConnectorVersion1')]",
        "source": {
          "kind": "Solution",
          "name": "MimecastTIRegional",
          "sourceId": "[variables('_solutionId')]"
        },
        "author": {
          "name": "Mimecast",
          "email": "[variables('_email')]"
        },
        "support": {
          "name": "Mimecast",
          "email": "support@mimecast.com",
          "tier": "Partner",
          "link": "https://community.mimecast.com/s/contactsupport"
        }
      }
    },
    {
      "name": "[concat(parameters('workspace'),'/Microsoft.SecurityInsights/',variables('_dataConnectorContentId1'))]",
      "apiVersion": "2021-03-01-preview",
      "type": "Microsoft.OperationalInsights/workspaces/providers/dataConnectors",
      "location": "[parameters('workspace-location')]",
      "kind": "GenericUI",
      "properties": {
        "connectorUiConfig": {
          "title": "Mimecast Intelligence for Microsoft - Microsoft Sentinel (using Azure Functions)",
          "publisher": "Mimecast",
          "descriptionMarkdown": "The data connector for Mimecast Intelligence for Microsoft provides regional threat intelligence curated from Mimecast’s email inspection technologies with pre-created dashboards to allow analysts to view insight into email based threats, aid in incident correlation and reduce investigation response times.  \nMimecast products and features required: \n- Mimecast Secure Email Gateway \n- Mimecast Threat Intelligence\n",
          "graphQueries": [
            {
              "metricName": "Total Threat Intelligence (Regional) data received",
              "legend": "ThreatIntelligenceIndicator",
              "baseQuery": "ThreatIntelligenceIndicator"
            }
          ],
          "dataTypes": [
            {
              "name": "Event(ThreatIntelligenceIndicator)"
            }
          ],
          "connectivityCriterias": [
            {
              "type": "IsConnectedQuery",
              "value": [
                "ThreatIntelligenceIndicator\n            | summarize LastLogReceived = max(TimeGenerated)\n            | project IsConnected = LastLogReceived > ago(30d)"
              ]
            }
          ],
          "sampleQueries": [
            {
              "description": "ThreatIntelligenceIndicator",
              "query": "ThreatIntelligenceIndicator\n| sort by TimeGenerated desc"
            }
          ],
          "availability": {
            "status": 0,
            "isPreview": false
          },
          "permissions": {
            "resourceProvider": [
              {
                "provider": "Microsoft.OperationalInsights/workspaces",
                "permissionsDisplayText": "read and write permissions on the workspace are required.",
                "providerDisplayName": "Workspace",
                "scope": "Workspace",
                "requiredPermissions": {
                  "write": true,
                  "read": true,
                  "delete": true
                }
              },
              {
                "provider": "Microsoft.OperationalInsights/workspaces/sharedKeys",
                "permissionsDisplayText": "read permissions to shared keys for the workspace are required. [See the documentation to learn more about workspace keys](https://docs.microsoft.com/azure/azure-monitor/platform/agent-windows#obtain-workspace-id-and-key).",
                "providerDisplayName": "Keys",
                "scope": "Workspace",
                "requiredPermissions": {
                  "action": true
                }
              }
            ],
            "customs": [
              {
                "name": "Microsoft.Web/sites permissions",
                "description": "Read and write permissions to Azure Functions to create a Function App is required. [See the documentation to learn more about Azure Functions](https://docs.microsoft.com/azure/azure-functions/)."
              },
              {
                "name": "Mimecast API credentials",
                "description": "You need to have the following pieces of information to configure the integration:\n- mimecastEmail: Email address of a dedicated Mimecast admin user\n- mimecastPassword: Password for the dedicated Mimecast admin user\n- mimecastAppId: API Application Id of the Mimecast Microsoft Sentinel app registered with Mimecast\n- mimecastAppKey: API Application Key of the Mimecast Microsoft Sentinel app registered with Mimecast\n- mimecastAccessKey: Access Key for the dedicated Mimecast admin user\n- mimecastSecretKey: Secret Key for the dedicated Mimecast admin user\n- mimecastBaseURL: Mimecast Regional API Base URL\n\n> The Mimecast Application Id, Application Key, along with the Access Key and Secret keys for the dedicated Mimecast admin user are obtainable via the Mimecast Administration Console: Administration | Services | API and Platform Integrations.\n\n> The Mimecast API Base URL for each region is documented here: https://integrations.mimecast.com/documentation/api-overview/global-base-urls/"
              },
              {
                "name": "Resource group",
                "description": "You need to have a resource group created with a subscription you are going to use."
              },
              {
                "name": "Functions app",
                "description": "You need to have an Azure App registered for this connector to use\n1. Application Id\n2. Tenant Id\n3. Client Id\n4. Client Secret"
              }
            ]
          },
          "instructionSteps": [
            {
              "description": ">**NOTE:** This connector uses Azure Functions to connect to a Mimecast API to pull its logs into Microsoft Sentinel. This might result in additional data ingestion costs. Check the [Azure Functions pricing page](https://azure.microsoft.com/pricing/details/functions/) for details."
            },
            {
              "description": ">**(Optional Step)** Securely store workspace and API authorization key(s) or token(s) in Azure Key Vault. Azure Key Vault provides a secure mechanism to store and retrieve key values. [Follow these instructions](https://docs.microsoft.com/azure/app-service/app-service-key-vault-references) to use Azure Key Vault with an Azure Function App."
            },
            {
              "description": "**STEP 1 - Configuration steps for the Mimecast API**\n\nGo to ***Azure portal ---> App registrations ---> [your_app] ---> Certificates & secrets ---> New client secret*** and create a new secret (save the Value somewhere safe right away because you will not be able to preview it later)",
              "title": "Configuration:"
            },
            {
              "description": "**STEP 2 - Deploy Mimecast API Connector**\n\n>**IMPORTANT:** Before deploying the Mimecast API connector, have the Workspace ID  and Workspace Primary Key (can be copied from the following), as well as the Mimecast API authorization key(s) or Token, readily available.",
              "instructions": [
                {
                  "parameters": {
                    "fillWith": [
                      "WorkspaceId"
                    ],
                    "label": "Workspace ID"
                  },
                  "type": "CopyableLabel"
                },
                {
                  "parameters": {
                    "fillWith": [
                      "PrimaryKey"
                    ],
                    "label": "Primary Key"
                  },
                  "type": "CopyableLabel"
                }
              ]
            },
            {
              "description": "\n1. Click the **Deploy to Azure** button below. \n\n\t[![Deploy To Azure](https://aka.ms/deploytoazurebutton)](https://aka.ms/sentinel-MimecastTIRegional-azuredeploy)\n2. Select the preferred **Subscription**, **Resource Group** and **Location**. \n3. Enter the following fields:\n - appName: Unique string that will be used as id for the app in Azure platform\n - objectId: Azure portal ---> Azure Active Directory ---> more info ---> Profile -----> Object ID\n - appInsightsLocation(default): westeurope\n - mimecastEmail: Email address of dedicated user for this integraion\n - mimecastPassword: Password for dedicated user\n - mimecastAppId: Application Id from the Microsoft Sentinel app registered with Mimecast\n - mimecastAppKey: Application Key from the Microsoft Sentinel app registered with Mimecast\n - mimecastAccessKey: Access Key for the dedicated Mimecast user\n - mimecastSecretKey: Secret Key for dedicated Mimecast user\n - mimecastBaseURL: Regional Mimecast API Base URL\n - activeDirectoryAppId: Azure portal ---> App registrations ---> [your_app] ---> Application ID\n - activeDirectoryAppSecret: Azure portal ---> App registrations ---> [your_app] ---> Certificates & secrets ---> [your_app_secret]\n\n >Note: If using Azure Key Vault secrets for any of the values above, use the`@Microsoft.KeyVault(SecretUri={Security Identifier})`schema in place of the string values. Refer to [Key Vault references documentation](https://docs.microsoft.com/azure/app-service/app-service-key-vault-references) for further details.\n\n4. Mark the checkbox labeled **I agree to the terms and conditions stated above**. \n5. Click **Purchase** to deploy.\n\n6. Go to ***Azure portal ---> Resource groups ---> [your_resource_group] --->  [appName](type: Storage account) ---> Storage Explorer ---> BLOB CONTAINERS ---> TIR checkpoints ---> Upload*** and create empty file on your machine named checkpoint.txt and select it for upload (this is done so that date_range for TIR logs is stored in consistent state)\n",
              "title": "Enable Mimecast Intelligence for Microsoft - Microsoft Sentinel Connector:"
            },
            {
              "description": ">Connect to a **Threat Intelligence Platforms** Data Connector. Follow instructions on the connector page and then click connect button.",
              "title": "Additional configuration:"
            }
          ],
          "id": "[variables('_uiConfigId1')]"
        }
      }
    },
    {
      "type": "Microsoft.OperationalInsights/workspaces/providers/contentPackages",
      "apiVersion": "2023-04-01-preview",
      "location": "[parameters('workspace-location')]",
      "properties": {
        "version": "3.0.0",
        "kind": "Solution",
        "contentSchemaVersion": "3.0.0",
        "displayName": "MimecastTIRegional",
        "publisherDisplayName": "Mimecast",
        "descriptionHtml": "<p><strong>Note:</strong> <em>There may be <a href=\"https://aka.ms/sentinelsolutionsknownissues\">known issues</a> pertaining to this Solution, please refer to them before installing.</em></p>\n<p>The data connector for Mimecast Intelligence for Microsoft provides regional threat intelligence curated from Mimecast’s email inspection technologies with pre-created dashboards to allow analysts to view insight into email based threats, aid in incident correlation and reduce investigation response times.<br />\nMimecast products and features required:</p>\n<ul>\n<li>Mimecast Secure Email Gateway</li>\n<li>Mimecast Threat Intelligence</li>\n</ul>\n<p>Microsoft Sentinel Solutions provide a consolidated way to acquire Microsoft Sentinel content like data connectors, workbooks, analytics, and automations in your workspace with a single deployment step.</p>\n<p><strong>Data Connectors:</strong> 1, <strong>Workbooks:</strong> 1</p>\n<p><a href=\"https://aka.ms/azuresentinel\">Learn more about Microsoft Sentinel</a> | <a href=\"https://aka.ms/azuresentinelsolutionsdoc\">Learn more about Solutions</a></p>\n",
        "contentKind": "Solution",
        "contentProductId": "[variables('_solutioncontentProductId')]",
        "id": "[variables('_solutioncontentProductId')]",
        "icon": "<img src=\"https://raw.githubusercontent.com/Azure/Azure-Sentinel/master/Logos/Mimecast.svg\" width=\"75px\" height=\"75px\">",
        "contentId": "[variables('_solutionId')]",
        "parentId": "[variables('_solutionId')]",
        "source": {
          "kind": "Solution",
          "name": "MimecastTIRegional",
          "sourceId": "[variables('_solutionId')]"
        },
        "author": {
          "name": "Mimecast",
          "email": "[variables('_email')]"
        },
        "support": {
          "name": "Mimecast",
          "email": "support@mimecast.com",
          "tier": "Partner",
          "link": "https://community.mimecast.com/s/contactsupport"
        },
        "dependencies": {
          "operator": "AND",
          "criteria": [
            {
              "kind": "Workbook",
              "contentId": "[variables('_workbookContentId1')]",
              "version": "[variables('workbookVersion1')]"
            },
            {
              "kind": "DataConnector",
              "contentId": "[variables('_dataConnectorContentId1')]",
              "version": "[variables('dataConnectorVersion1')]"
            }
          ]
        },
        "firstPublishDate": "2023-08-23",
        "lastPublishDate": "2023-09-11",
        "providers": [
          "Mimecast"
        ],
        "categories": {
          "domains": [
            "Security - Network"
          ]
        }
      },
      "name": "[concat(parameters('workspace'),'/Microsoft.SecurityInsights/', variables('_solutionId'))]"
    }
  ],
  "outputs": {}
}
