id,VulnType,links,links_self,attributes,attr_mati_genids_dict,attr_mati_genids_dict_report_id,attr_mati_genids_dict_mve_id,attr_mati_genids_dict_cve_id,attr_collection_type,attr_status,attr_exploitation_state,attr_exploitation_vectors,attr_subscribers_count,attr_risk_factors,attr_targeted_industries,attr_exploitation,attr_exploitation_exploit_release_date,attr_exploitation_first_exploitation,attr_exploitation_tech_details_release_date,attr_epss,attr_epss_percentile,attr_epss_score,attr_first_seen_details,attr_name,attr_exploit_availability,attr_targeted_industries_tree,attr_last_modification_date,attr_tags,attr_collection_links,attr_alt_names_details,attr_alt_names,attr_days_to_report,attr_motivations,attr_autogenerated_tags,attr_detection_names,attr_top_icon_md5,attr_description,attr_private,attr_available_mitigation,attr_references_count,attr_workarounds,attr_field_sources,attr_domains_count,attr_cpes,attr_capabilities,attr_creation_date,attr_mve_id,attr_origin,attr_targeted_regions_hierarchy,attr_version_history,attr_tags_details,attr_last_seen_details,attr_cwe,attr_cwe_title,attr_cwe_id,attr_vendor_fix_references,attr_predicted_risk_rating,attr_executive_summary,attr_analysis,attr_targeted_regions,attr_operating_systems,attr_recent_activity_summary,attr_cve_id,attr_source_regions_hierarchy,attr_counters,attr_counters_files,attr_counters_domains,attr_counters_ip_addresses,attr_counters_urls,attr_counters_iocs,attr_counters_subscribers,attr_counters_attack_techniques,attr_ip_addresses_count,attr_exploitation_consequence,attr_urls_count,attr_files_count,attr_date_of_disclosure,attr_malware_roles,attr_cvss,attr_cvss_cvssv2_0,attr_cvss_cvssv2_0_base_score,attr_cvss_cvssv2_0_temporal_score,attr_cvss_cvssv2_0_vector,attr_cvss_cvssv3_x,attr_cvss_cvssv3_x_temporal_score,attr_cvss_cvssv3_x_vector,attr_cvss_cvssv3_x_base_score,attr_cvss_cvssv3_x_translated,attr_cvss_cvssv3_x_translated_temporal_score,attr_cvss_cvssv3_x_translated_vector,attr_cvss_cvssv3_x_translated_base_score,attr_cvss_cvssv4_x,attr_cvss_cvssv4_x_vector,attr_cvss_cvssv4_x_score,attr_cvss_cvssv4_x_threat,attr_cvss_cvssv4_x_threat_exploit_maturity,attr_cvss_cvssv4_x_supplemental,attr_cvss_cvssv4_x_supplemental_value_density,attr_cvss_cvssv4_x_supplemental_safety,attr_cvss_cvssv4_x_supplemental_recovery,attr_cvss_cvssv4_x_supplemental_response_effort,attr_cvss_cvssv4_x_supplemental_automatable,attr_cvss_cvssv4_x_supplemental_provider_urgency,attr_priority,attr_risk_rating,attr_merged_actors,attr_aggregations,attr_aggregations_files,attr_aggregations_files_tags,attr_aggregations_files_tlshhash,attr_aggregations_files_embedded_domains,attr_aggregations_files_embedded_urls,attr_aggregations_files_compressed_parents,attr_aggregations_files_itw_urls,attr_aggregations_files_embedded_ips,attr_aggregations_files_popular_threat_name,attr_aggregations_files_suggested_threat_label,attr_aggregations_files_contacted_urls,attr_aggregations_files_contacted_domains,attr_aggregations_files_contacted_ips,attr_aggregations_files_execution_parents,attr_aggregations_files_dropped_files_sha256,attr_aggregations_files_behash,attr_aggregations_files_crowdsourced_ids_results,attr_aggregations_files_crowdsourced_yara_results,attr_aggregations_files_file_types,attr_aggregations_files_dropped_files_path,attr_aggregations_files_filecondis_dhash,attr_aggregations_files_sandbox_verdicts,attr_aggregations_files_popular_threat_category,attr_aggregations_files_attack_techniques,attr_aggregations_files_memory_pattern_urls,attr_aggregations_files_attack_tactics,attr_aggregations_files_parent_contacted_domains,attr_aggregations_files_vhash,attr_aggregations_files_mutexes_created,attr_aggregations_files_registry_keys_opened,attr_aggregations_files_registry_keys_set,attr_sources,attr_days_to_patch,attr_summary_stats,attr_summary_stats_first_submission_date,attr_summary_stats_first_submission_date_min,attr_summary_stats_first_submission_date_max,attr_summary_stats_first_submission_date_avg,attr_summary_stats_last_submission_date,attr_summary_stats_last_submission_date_min,attr_summary_stats_last_submission_date_max,attr_summary_stats_last_submission_date_avg,attr_summary_stats_files_detections,attr_summary_stats_files_detections_min,attr_summary_stats_files_detections_max,attr_summary_stats_files_detections_avg,attr_cisa_known_exploited,attr_cisa_known_exploited_ransomware_use,attr_cisa_known_exploited_added_date,attr_cisa_known_exploited_due_date,attr_recent_activity_relative_change,context_attributes,context_attr_shared_with_me,context_attr_role,TimeGenerated,TenantId,Type,_ResourceId
vulnerability--cve-2026-15918,collection,,https://www.virustotal.com/api/v3/collections/vulnerability--cve-2026-15918,,,,vulnerability--e7a7cb37-02c0-5497-8133-10d084b24724,vulnerability--09bb1b2e-429b-5aaf-ac4a-76bf576d5e85,vulnerability,COMPUTED,No Known,[],0,[],[],,,,,,,,[],CVE-2026-15918,No Known,[],1785915032,[],[],[],[],,[],[],[],[],"Mitre Corporation has provided the following description:   
*VikAppointments Service Booking Calendar wordpress plugin is vulnerable to unauthenticated SQL injection due to one of the parameters that controls how the public reviews list is sorted is taken from the incoming request and used to build a database query without proper validation or sanitization. Because this value is placed directly into the query, an attacker who is not logged in can inject arbitrary SQL through a normal booking page and read data from the site's database — including sensitive information such as WordPress user credentials. No authentication or special privileges are required*",False,[],0,[],"[{""source"":{""sources"":[],""field_type"":""Ranked"",""source_name"":""Mitre Corporation"",""source_url"":""""},""field"":""cvss.cvssv3_x""},{""source"":{""sources"":[],""field_type"":""Ranked"",""source_name"":""Mitre Corporation"",""source_url"":""""},""field"":""cwe""},{""source"":{""sources"":[],""field_type"":""Ranked"",""source_name"":""Mitre Corporation"",""source_url"":""""},""field"":""description""},{""source"":{""sources"":[],""field_type"":""Computed"",""source_name"":""Mitre Corporation"",""source_url"":""""},""field"":""date_of_disclosure""},{""source"":{""sources"":[],""field_type"":""Severity"",""source_name"":""Mitre Corporation"",""source_url"":""""},""field"":""exploitation_state""}]",0,,[],1785912320,MVE-2026-49858,Google Threat Intelligence,[],"[{""date"":1785915032,""version_notes"":[""exploit_availability: Added"",""predicted_risk_rating: Added"",""priority: P4 -> P3""]},{""date"":1785912318,""version_notes"":[""sources: Added https://github.com/CVEProject/cvelistV5/blob/main/cves/2026/15xxx/CVE-2026-15918.json""]}]",[],[],,Improper Neutralization of Special Elements used in an SQL Command ('SQL Injection'),CWE-89,[],MEDIUM,"* An Improper Neutralization of Special Elements used in an SQL Command ('SQL Injection') vulnerability exists that, when exploited, allows an attacker to achieve unknown impacts.
* We are currently unaware of exploitation activity in the wild. Exploit code is not publicly available.
* Google Threat Intelligence Group (GTIG) considers this a Medium-risk vulnerability due to unknown impacts.
* There are currently no mitigation options available for this issue.",,[],[],"[0,0,0,0,0,0,0,0,0,0,0,0,0,0]",CVE-2026-15918,[],,0,0,0,0,0,0,0,0,,0,0,1785888000,[],,,,,,,6.9,CVSS:3.1/AV:N/AC:L/PR:N/UI:N/S:U/C:H/I:N/A:N/E:U/RL:U/RC:C,7.5,,,,,,,,,,,,,,,,,P3,,[],,,,,,,,,,,,,,,,,,,,,,,,,,,,,,,,,"[{""cvss"":{""cvssv3_x_translated"":null,""cvssv2_0"":null,""cvssv4_x"":null,""cvssv3_x"":{""base_score"":7.5,""temporal_score"":null,""vector"":""CVSS:3.1/AV:N/AC:L/PR:N/UI:N/S:U/C:H/I:N/A:N""}},""source_description"":null,""md5"":""e8bbe55992deacd329b7bbd63dc5b8f9"",""unique_id"":null,""published_date"":1785903925,""url"":""https://github.com/CVEProject/cvelistV5/blob/main/cves/2026/15xxx/CVE-2026-15918.json"",""title"":null,""name"":""Mitre Corporation""}]",,,,,,,,,,,,,,,,,,,,,False,viewer,2026-08-05 07:31:42.762855+00:00,7c4ab0ce-2172-4870-aec9-a9f9ab56470d,GTI_Vulnerabilities_CL,
vulnerability--cve-2026-16143,collection,,https://www.virustotal.com/api/v3/collections/vulnerability--cve-2026-16143,,,,vulnerability--4d1ae8ad-6a8f-5dda-9ce7-5a9cbcaa4393,vulnerability--df45b3cc-2f24-5399-bb6f-8afb4188703f,vulnerability,COMPUTED,No Known,"[""Browser""]",0,[],[],,,,,,,,[],CVE-2026-16143,No Known,[],1785915034,[],[],[],[],,[],[],[],[],"Mitre Corporation has provided the following description:   
*The VikRentItems – Flexible Rental Management System plugin for WordPress is vulnerable to Stored Cross-Site Scripting via the customer email field of the booking checkout form in versions up to, and including, 1.2.1. This is due to insufficient input sanitization and output escaping in the saveorder() function, which stores the raw email value via VikRequest::getString() (applying only sanitize\_text\_field(), which does not neutralize HTML attribute-breaking characters such as double quotes), and in the editorder template which echoes the stored custmail value into an HTML input element's value attribute without esc\_attr(). This makes it possible for unauthenticated attackers to inject arbitrary web scripts in pages that will execute whenever a user accesses an injected page.*",False,[],0,[],"[{""source"":{""sources"":[],""field_type"":""Ranked"",""source_name"":""Mitre Corporation"",""source_url"":""""},""field"":""cvss.cvssv3_x""},{""source"":{""sources"":[],""field_type"":""Ranked"",""source_name"":""Mitre Corporation"",""source_url"":""""},""field"":""cwe""},{""source"":{""sources"":[],""field_type"":""Ranked"",""source_name"":""Mitre Corporation"",""source_url"":""""},""field"":""description""},{""source"":{""sources"":[],""field_type"":""Computed"",""source_name"":""Mitre Corporation"",""source_url"":""""},""field"":""date_of_disclosure""},{""source"":{""sources"":[{""source_names"":[""Google Threat Intelligence Group (GTIG)""],""source_urls"":[]}],""field_type"":""Merged"",""source_name"":null,""source_url"":null},""field"":""exploitation_vectors""},{""source"":{""sources"":[],""field_type"":""Severity"",""source_name"":""Mitre Corporation"",""source_url"":""""},""field"":""exploitation_state""}]",0,,[],1785912320,MVE-2026-49860,Google Threat Intelligence,[],"[{""date"":1785915034,""version_notes"":[""exploit_availability: Added"",""exploitation_vectors: Added"",""predicted_risk_rating: Added""]},{""date"":1785912318,""version_notes"":[""sources: Added https://github.com/CVEProject/cvelistV5/blob/main/cves/2026/16xxx/CVE-2026-16143.json""]}]",[],[],,Improper Neutralization of Input During Web Page Generation ('Cross-site Scripting'),CWE-79,[],LOW,"* An Improper Neutralization of Input During Web Page Generation ('Cross-site Scripting') vulnerability exists that, when exploited, allows a remote attacker to achieve unknown impacts.
* We are currently unaware of exploitation activity in the wild. Exploit code is not publicly available.
* Google Threat Intelligence Group (GTIG) considers this a Low-risk vulnerability due to unknown impacts.
* There are currently no mitigation options available for this issue.",,[],[],"[0,0,0,0,0,0,0,0,0,0,0,0,0,0]",CVE-2026-16143,[],,0,0,0,0,0,0,0,0,,0,0,1785888000,[],,,,,,,6.6,CVSS:3.1/AV:N/AC:L/PR:N/UI:N/S:C/C:L/I:L/A:N/E:U/RL:U/RC:C,7.2,,,,,,,,,,,,,,,,,P4,,[],,,,,,,,,,,,,,,,,,,,,,,,,,,,,,,,,"[{""cvss"":{""cvssv3_x_translated"":null,""cvssv2_0"":null,""cvssv4_x"":null,""cvssv3_x"":{""base_score"":7.2,""temporal_score"":null,""vector"":""CVSS:3.1/AV:N/AC:L/PR:N/UI:N/S:C/C:L/I:L/A:N""}},""source_description"":null,""md5"":""76745b45f71982efb3f0071f93fe3a4c"",""unique_id"":null,""published_date"":1785903924,""url"":""https://github.com/CVEProject/cvelistV5/blob/main/cves/2026/16xxx/CVE-2026-16143.json"",""title"":null,""name"":""Mitre Corporation""}]",,,,,,,,,,,,,,,,,,,,,False,viewer,2026-08-05 07:31:42.762855+00:00,7c4ab0ce-2172-4870-aec9-a9f9ab56470d,GTI_Vulnerabilities_CL,
vulnerability--cve-2026-11421,collection,,https://www.virustotal.com/api/v3/collections/vulnerability--cve-2026-11421,,,,vulnerability--4d9a768a-9fd5-5445-a4cb-537db9f61070,vulnerability--6de5f8a4-caea-54b2-9ebc-44983280c76a,vulnerability,COMPUTED,No Known,[],0,[],[],,,,,,,,[],CVE-2026-11421,No Known,[],1785915051,[],[],[],[],,[],[],[],[],"Mitre Corporation has provided the following description:   
*The ERP: Complete HR, Accounting &amp; CRM Suite with WooCommerce CRM Support plugin for WordPress is vulnerable to SQL Injection via the 'erpadvancefilter' parameter in all versions up to, and including, 1.17.4 due to insufficient escaping on the user supplied parameter and lack of sufficient preparation on the existing SQL query. The handler runs the value through sanitize\_text\_field, which preserves single quotes, and the downstream erp\_crm\_contact\_advance\_filter() function interpolates it directly into a single-quoted SQL WHERE clause before execution via $wpdb-&gt;get\_results(). This makes it possible for authenticated attackers, with the plugin-supplied CRM Agent role (or higher CRM Manager / WordPress admin) and the erp\_crm\_list\_contact capability, to append additional SQL queries into already existing queries that can be used to extract sensitive information from the database.*",False,[],0,[],"[{""source"":{""sources"":[],""field_type"":""Ranked"",""source_name"":""Mitre Corporation"",""source_url"":""""},""field"":""cvss.cvssv3_x""},{""source"":{""sources"":[],""field_type"":""Ranked"",""source_name"":""Mitre Corporation"",""source_url"":""""},""field"":""cwe""},{""source"":{""sources"":[],""field_type"":""Ranked"",""source_name"":""Mitre Corporation"",""source_url"":""""},""field"":""description""},{""source"":{""sources"":[],""field_type"":""Computed"",""source_name"":""Mitre Corporation"",""source_url"":""""},""field"":""date_of_disclosure""},{""source"":{""sources"":[],""field_type"":""Severity"",""source_name"":""Mitre Corporation"",""source_url"":""""},""field"":""exploitation_state""}]",0,,[],1785912320,MVE-2026-49857,Google Threat Intelligence,[],"[{""date"":1785915051,""version_notes"":[""exploit_availability: Added"",""predicted_risk_rating: Added"",""priority: P4 -> P3""]},{""date"":1785912318,""version_notes"":[""sources: Added https://github.com/CVEProject/cvelistV5/blob/main/cves/2026/11xxx/CVE-2026-11421.json""]}]",[],[],,Improper Neutralization of Special Elements used in an SQL Command ('SQL Injection'),CWE-89,[],MEDIUM,"* An Improper Neutralization of Special Elements used in an SQL Command ('SQL Injection') vulnerability exists that, when exploited, allows a privileged attacker to achieve unknown impacts.
* We are currently unaware of exploitation activity in the wild. Exploit code is not publicly available.
* Google Threat Intelligence Group (GTIG) considers this a Medium-risk vulnerability due to unknown impacts.
* There are currently no mitigation options available for this issue.",,[],[],"[0,0,0,0,0,0,0,0,0,0,0,0,0,0]",CVE-2026-11421,[],,0,0,0,0,0,0,0,0,,0,0,1785888000,[],,,,,,,6,CVSS:3.1/AV:N/AC:L/PR:L/UI:N/S:U/C:H/I:N/A:N/E:U/RL:U/RC:C,6.5,,,,,,,,,,,,,,,,,P3,,[],,,,,,,,,,,,,,,,,,,,,,,,,,,,,,,,,"[{""cvss"":{""cvssv3_x_translated"":null,""cvssv2_0"":null,""cvssv4_x"":null,""cvssv3_x"":{""base_score"":6.5,""temporal_score"":null,""vector"":""CVSS:3.1/AV:N/AC:L/PR:L/UI:N/S:U/C:H/I:N/A:N""}},""source_description"":null,""md5"":""c797ebf5dbc096057dae70004c318ca0"",""unique_id"":null,""published_date"":1785903926,""url"":""https://github.com/CVEProject/cvelistV5/blob/main/cves/2026/11xxx/CVE-2026-11421.json"",""title"":null,""name"":""Mitre Corporation""}]",,,,,,,,,,,,,,,,,,,,,False,viewer,2026-08-05 07:31:42.762855+00:00,7c4ab0ce-2172-4870-aec9-a9f9ab56470d,GTI_Vulnerabilities_CL,
vulnerability--cve-2026-15941,collection,,https://www.virustotal.com/api/v3/collections/vulnerability--cve-2026-15941,,,,vulnerability--f62d7f82-9a5a-51ef-87e1-50f9c56f241e,vulnerability--de0b26fe-8b78-5239-be73-d7a40d7b1e34,vulnerability,COMPUTED,No Known,[],0,[],[],,,,,,,,[],CVE-2026-15941,No Known,[],1785915053,[],[],[],[],,[],[],[],[],"Mitre Corporation has provided the following description:   
*The plugin provides an Admin Search page that allows users with the `edit\_posts` capability to run Relevanssi searches from the WordPress dashboard. The AJAX handler accepts a URL-encoded `args` parameter, parses it into a `WP\_Query`, and then passes user-controlled taxonomy query data into Relevanssi's taxonomy restriction builder. The taxonomy value is sanitized as text but is not parameterized for SQL before being interpolated into a term taxonomy lookup query. This allows an authenticated contributor-level attacker to inject SQL through the Admin Search AJAX request and execute time-based blind SQL injection against the WordPress database.*",False,[],0,[],"[{""source"":{""sources"":[],""field_type"":""Ranked"",""source_name"":""Mitre Corporation"",""source_url"":""""},""field"":""cvss.cvssv3_x""},{""source"":{""sources"":[],""field_type"":""Ranked"",""source_name"":""Mitre Corporation"",""source_url"":""""},""field"":""cwe""},{""source"":{""sources"":[],""field_type"":""Ranked"",""source_name"":""Mitre Corporation"",""source_url"":""""},""field"":""description""},{""source"":{""sources"":[],""field_type"":""Computed"",""source_name"":""Mitre Corporation"",""source_url"":""""},""field"":""date_of_disclosure""},{""source"":{""sources"":[],""field_type"":""Severity"",""source_name"":""Mitre Corporation"",""source_url"":""""},""field"":""exploitation_state""}]",0,,[],1785912320,MVE-2026-49859,Google Threat Intelligence,[],"[{""date"":1785915053,""version_notes"":[""exploit_availability: Added"",""predicted_risk_rating: Added"",""priority: P4 -> P3""]},{""date"":1785912318,""version_notes"":[""sources: Added https://github.com/CVEProject/cvelistV5/blob/main/cves/2026/15xxx/CVE-2026-15941.json""]}]",[],[],,Improper Neutralization of Special Elements used in an SQL Command ('SQL Injection'),CWE-89,[],MEDIUM,"* An Improper Neutralization of Special Elements used in an SQL Command ('SQL Injection') vulnerability exists that, when exploited, allows a privileged attacker to achieve unknown impacts.
* We are currently unaware of exploitation activity in the wild. Exploit code is not publicly available.
* Google Threat Intelligence Group (GTIG) considers this a Medium-risk vulnerability due to unknown impacts.
* There are currently no mitigation options available for this issue.",,[],[],"[0,0,0,0,0,0,0,0,0,0,0,0,0,0]",CVE-2026-15941,[],,0,0,0,0,0,0,0,0,,0,0,1785888000,[],,,,,,,6,CVSS:3.1/AV:N/AC:L/PR:L/UI:N/S:U/C:H/I:N/A:N/E:U/RL:U/RC:C,6.5,,,,,,,,,,,,,,,,,P3,,[],,,,,,,,,,,,,,,,,,,,,,,,,,,,,,,,,"[{""cvss"":{""cvssv3_x_translated"":null,""cvssv2_0"":null,""cvssv4_x"":null,""cvssv3_x"":{""base_score"":6.5,""temporal_score"":null,""vector"":""CVSS:3.1/AV:N/AC:L/PR:L/UI:N/S:U/C:H/I:N/A:N""}},""source_description"":null,""md5"":""aa62a0d25950e0ac2fb8bc4eb839d6b7"",""unique_id"":null,""published_date"":1785907657,""url"":""https://github.com/CVEProject/cvelistV5/blob/main/cves/2026/15xxx/CVE-2026-15941.json"",""title"":null,""name"":""Mitre Corporation""}]",,,,,,,,,,,,,,,,,,,,,False,viewer,2026-08-05 07:31:42.762855+00:00,7c4ab0ce-2172-4870-aec9-a9f9ab56470d,GTI_Vulnerabilities_CL,
vulnerability--cve-2026-71201,collection,,https://www.virustotal.com/api/v3/collections/vulnerability--cve-2026-71201,,,,vulnerability--f98e6962-b6b1-5916-b1f7-af443bee2f1b,vulnerability--76713ef2-b15c-508e-8238-e0b7e8009169,vulnerability,COMPUTED,No Known,[],0,[],[],,,,,,,,[],CVE-2026-71201,No Known,[],1785915097,[],[],[],[],,[],[],[],[],"Mitre Corporation has provided the following description:   
*In OpenStack Ironic through 38.0.0, a project reader that makes a crafted request to Ironic can return Portgroups assigned to Nodes owned or leased by another project.*",False,[],0,[],"[{""source"":{""sources"":[],""field_type"":""Ranked"",""source_name"":""Mitre Corporation"",""source_url"":""""},""field"":""cvss.cvssv3_x""},{""source"":{""sources"":[],""field_type"":""Ranked"",""source_name"":""Mitre Corporation"",""source_url"":""""},""field"":""cwe""},{""source"":{""sources"":[],""field_type"":""Ranked"",""source_name"":""Mitre Corporation"",""source_url"":""""},""field"":""description""},{""source"":{""sources"":[],""field_type"":""Computed"",""source_name"":""Mitre Corporation"",""source_url"":""""},""field"":""date_of_disclosure""},{""source"":{""sources"":[],""field_type"":""Severity"",""source_name"":""Mitre Corporation"",""source_url"":""""},""field"":""exploitation_state""}]",0,"[{""start_rel"":"">="",""end_rel"":""<="",""end_cpe"":{""vendor"":""OpenStack"",""uri"":""cpe:2.3:a:openstack:ironic:38.0.0:*:*:*:*:*:*:*"",""product"":""Ironic"",""version"":""38.0.0""},""start_cpe"":{""vendor"":""OpenStack"",""uri"":""cpe:2.3:a:openstack:ironic:36.0.0:*:*:*:*:*:*:*"",""product"":""Ironic"",""version"":""36.0.0""}},{""start_rel"":"">="",""end_rel"":""<="",""end_cpe"":{""vendor"":""OpenStack"",""uri"":""cpe:2.3:a:openstack:ironic:29.0.6:*:*:*:*:*:*:*"",""product"":""Ironic"",""version"":""29.0.6""},""start_cpe"":{""vendor"":""OpenStack"",""uri"":""cpe:2.3:a:openstack:ironic:1.0.0:*:*:*:*:*:*:*"",""product"":""Ironic"",""version"":""1.0.0""}},{""start_rel"":"">="",""end_rel"":""<="",""end_cpe"":{""vendor"":""OpenStack"",""uri"":""cpe:2.3:a:openstack:ironic:32.0.1:*:*:*:*:*:*:*"",""product"":""Ironic"",""version"":""32.0.1""},""start_cpe"":{""vendor"":""OpenStack"",""uri"":""cpe:2.3:a:openstack:ironic:30.0.0:*:*:*:*:*:*:*"",""product"":""Ironic"",""version"":""30.0.0""}},{""start_rel"":"">="",""end_rel"":""<="",""end_cpe"":{""vendor"":""OpenStack"",""uri"":""cpe:2.3:a:openstack:ironic:35.0.1:*:*:*:*:*:*:*"",""product"":""Ironic"",""version"":""35.0.1""},""start_cpe"":{""vendor"":""OpenStack"",""uri"":""cpe:2.3:a:openstack:ironic:33.0.0:*:*:*:*:*:*:*"",""product"":""Ironic"",""version"":""33.0.0""}}]",[],1785912320,MVE-2026-49856,Google Threat Intelligence,[],"[{""date"":1785915097,""version_notes"":[""exploit_availability: Added"",""predicted_risk_rating: Added""]},{""date"":1785912325,""version_notes"":[""cpes: Added"",""sources: Added https://github.com/CVEProject/cvelistV5/blob/main/cves/2026/71xxx/CVE-2026-71201.json""]}]",[],[],,Incorrect Authorization,CWE-863,[],LOW,"* An Incorrect Authorization vulnerability exists that, when exploited, allows a privileged attacker to achieve unknown impacts.
* We are currently unaware of exploitation activity in the wild. Exploit code is not publicly available.
* Google Threat Intelligence Group (GTIG) considers this a Low-risk vulnerability due to unknown impacts.
* There are currently no mitigation options available for this issue.",,[],[],"[0,0,0,0,0,0,0,0,0,0,0,0,0,0]",CVE-2026-71201,[],,0,0,0,0,0,0,0,0,,0,0,1785888000,[],,,,,,,4.6,CVSS:3.1/AV:N/AC:L/PR:L/UI:N/S:C/C:L/I:N/A:N/E:U/RL:U/RC:C,5,,,,,,,,,,,,,,,,,P4,,[],,,,,,,,,,,,,,,,,,,,,,,,,,,,,,,,,"[{""cvss"":{""cvssv3_x_translated"":null,""cvssv2_0"":null,""cvssv4_x"":null,""cvssv3_x"":{""base_score"":5,""temporal_score"":null,""vector"":""CVSS:3.1/AV:N/AC:L/PR:L/UI:N/S:C/C:L/I:N/A:N""}},""source_description"":null,""md5"":""5f65e8db427572340cb249dfa9697e03"",""unique_id"":null,""published_date"":1785910773,""url"":""https://github.com/CVEProject/cvelistV5/blob/main/cves/2026/71xxx/CVE-2026-71201.json"",""title"":null,""name"":""Mitre Corporation""}]",,,,,,,,,,,,,,,,,,,,,False,viewer,2026-08-05 07:31:42.762855+00:00,7c4ab0ce-2172-4870-aec9-a9f9ab56470d,GTI_Vulnerabilities_CL,
vulnerability--cve-2026-18903,collection,,https://www.virustotal.com/api/v3/collections/vulnerability--cve-2026-18903,,,,vulnerability--7c40431e-6998-5ef3-a32b-5740ed7c3129,vulnerability--ae46a385-a6fd-5c17-9060-593491e9506b,vulnerability,COMPUTED,No Known,[],0,[],[],,,,,,,,[],CVE-2026-18903,No Known,[],1785915100,[],[],[],[],,[],[],[],[],"Mitre Corporation has provided the following description:   
*A vulnerability was determined in yeqifu warehouse up to aaf29962ba407d22d991781de28796ee7b4670e4. This issue affects some unknown processing of the file src/main/java/com/yeqifu/sys/controller/FileController.java. This manipulation of the argument path causes path traversal. It is possible to initiate the attack remotely. The exploit has been publicly disclosed and may be utilized. This product is using a rolling release to provide continious delivery. Therefore, no version details for affected nor updated releases are available. The vendor was contacted early about this disclosure but did not respond in any way.*",False,[],0,[],"[{""source"":{""sources"":[],""field_type"":""Ranked"",""source_name"":""Mitre Corporation"",""source_url"":""""},""field"":""cvss.cvssv4_x.vector""},{""source"":{""sources"":[],""field_type"":""Ranked"",""source_name"":""Mitre Corporation"",""source_url"":""""},""field"":""cvss.cvssv3_x""},{""source"":{""sources"":[],""field_type"":""Ranked"",""source_name"":""Mitre Corporation"",""source_url"":""""},""field"":""cvss.cvssv2_0""},{""source"":{""sources"":[],""field_type"":""Ranked"",""source_name"":""Mitre Corporation"",""source_url"":""""},""field"":""cwe""},{""source"":{""sources"":[],""field_type"":""Ranked"",""source_name"":""Mitre Corporation"",""source_url"":""""},""field"":""description""},{""source"":{""sources"":[],""field_type"":""Computed"",""source_name"":""Mitre Corporation"",""source_url"":""""},""field"":""date_of_disclosure""},{""source"":{""sources"":[],""field_type"":""Severity"",""source_name"":""Mitre Corporation"",""source_url"":""""},""field"":""exploitation_state""}]",0,,[],1785912330,MVE-2026-49863,Google Threat Intelligence,[],"[{""date"":1785915100,""version_notes"":[""exploit_availability: Added"",""predicted_risk_rating: Added""]},{""date"":1785912328,""version_notes"":[""sources: Added https://github.com/CVEProject/cvelistV5/blob/main/cves/2026/18xxx/CVE-2026-18903.json""]}]",[],[],,Improper Limitation of a Pathname to a Restricted Directory ('Path Traversal'),CWE-22,[],LOW,"* An Improper Limitation of a Pathname to a Restricted Directory ('Path Traversal') vulnerability exists that, when exploited, allows a privileged attacker to achieve unknown impacts.
* We are currently unaware of exploitation activity in the wild. Exploit code is not publicly available.
* Google Threat Intelligence Group (GTIG) considers this a Low-risk vulnerability due to unknown impacts.
* There are currently no mitigation options available for this issue.",,[],[],"[0,0,0,0,0,0,0,0,0,0,0,0,0,0]",CVE-2026-18903,[],,0,0,0,0,0,0,0,0,,0,0,1785888000,[],,,4,3.4,AV:N/AC:L/Au:S/C:P/I:N/A:N/E:POC/RL:ND/RC:UR,,3.9,CVSS:3.0/AV:N/AC:L/PR:L/UI:N/S:U/C:L/I:N/A:N/E:P/RL:X/RC:R,4.3,,,,,,CVSS:4.0/AV:N/AC:L/AT:N/PR:L/UI:N/VC:L/SC:N/VI:N/SI:N/VA:N/SA:N/E:U,1.3,,Unreported,,,,,,,,P4,,[],,,,,,,,,,,,,,,,,,,,,,,,,,,,,,,,,"[{""cvss"":{""cvssv3_x_translated"":null,""cvssv2_0"":{""base_score"":4,""temporal_score"":null,""vector"":""AV:N/AC:L/Au:S/C:P/I:N/A:N/E:POC/RL:ND/RC:UR""},""cvssv4_x"":{""threat"":null,""score"":2.1,""supplemental"":null,""vector"":""CVSS:4.0/AV:N/AC:L/AT:N/PR:L/UI:N/VC:L/SC:N/VI:N/SI:N/VA:N/SA:N/E:P""},""cvssv3_x"":{""base_score"":4.3,""temporal_score"":null,""vector"":""CVSS:3.0/AV:N/AC:L/PR:L/UI:N/S:U/C:L/I:N/A:N/E:P/RL:X/RC:R""}},""source_description"":null,""md5"":""b2d3e27d6c315d0653a49a4d044a4e24"",""unique_id"":null,""published_date"":1785905108,""url"":""https://github.com/CVEProject/cvelistV5/blob/main/cves/2026/18xxx/CVE-2026-18903.json"",""title"":null,""name"":""Mitre Corporation""}]",,,,,,,,,,,,,,,,,,,,,False,viewer,2026-08-05 07:31:42.762855+00:00,7c4ab0ce-2172-4870-aec9-a9f9ab56470d,GTI_Vulnerabilities_CL,
vulnerability--cve-2026-66322,collection,,https://www.virustotal.com/api/v3/collections/vulnerability--cve-2026-66322,,,,vulnerability--f1aa5d2a-0a33-5a59-9c27-27c52ae46225,vulnerability--d629fbe3-c5ee-53a5-a8c5-ab2c4908ead9,vulnerability,COMPUTED,No Known,"[""Browser""]",0,"[""User Interaction Required""]",[],,,,,,0.1809,0.00264,[],CVE-2026-66322,No Known,[],1785912123,[],[],[],[],4,[],[],[],[],"Mitre Corporation has provided the following description:   
*Origin validation error in Microsoft Edge (Chromium-based) allows an unauthorized attacker to perform spoofing over a network.*",False,"[""Patch""]",0,[],"[{""field"":""cvss.cvssv3_x"",""source"":{""sources"":[],""source_url"":"""",""field_type"":""Ranked"",""source_name"":""Mitre Corporation""}},{""field"":""cwe"",""source"":{""sources"":[],""source_url"":"""",""field_type"":""Ranked"",""source_name"":""Mitre Corporation""}},{""field"":""description"",""source"":{""sources"":[],""source_url"":"""",""field_type"":""Ranked"",""source_name"":""Mitre Corporation""}},{""field"":""exploitation_consequence"",""source"":{""sources"":[],""source_url"":"""",""field_type"":""Ranked"",""source_name"":""Mitre Corporation""}},{""field"":""date_of_disclosure"",""source"":{""sources"":[],""source_url"":"""",""field_type"":""Computed"",""source_name"":""Microsoft Security Update Guide""}},{""field"":""available_mitigation"",""source"":{""sources"":[{""source_urls"":[],""source_names"":[""Mitre Corporation"",""Microsoft Security Update Guide""]}],""source_url"":null,""field_type"":""Merged"",""source_name"":null}},{""field"":""exploitation_vectors"",""source"":{""sources"":[{""source_urls"":[],""source_names"":[""Mitre Corporation"",""Microsoft Security Update Guide""]}],""source_url"":null,""field_type"":""Merged"",""source_name"":null}},{""field"":""exploitation_state"",""source"":{""sources"":[],""source_url"":"""",""field_type"":""Severity"",""source_name"":""Mitre Corporation""}}]",0,"[{""end_cpe"":{""vendor"":""Microsoft"",""uri"":""cpe:2.3:a:microsoft:edge:151.0.4129.59:*:*:*:*:*:*:*"",""version"":""151.0.4129.59"",""product"":""Edge""},""start_cpe"":null,""end_rel"":""<"",""start_rel"":null}]",[],1785805607,MVE-2026-49492,Google Threat Intelligence,[],"[{""version_notes"":[""epss.score: Added""],""date"":1785912123},{""version_notes"":[""sources: Added https://euvd.enisa.europa.eu/vulnerability/EUVD-2026-52533""],""date"":1785848441},{""version_notes"":[""title: Updated""],""date"":1785844469},{""version_notes"":[""available_mitigation: Added"",""cpes: Added"",""date_of_disclosure: 2026-08-03 -> 2026-07-31"",""exploitation_consequence: Added"",""exploitation_vectors: Added""],""date"":1785843494},{""version_notes"":[""sources: Multiple sources added""],""date"":1785817793},{""version_notes"":[""exploit_availability: Added"",""predicted_risk_rating: Added"",""risk_factors: Added""],""date"":1785807257},{""version_notes"":[""title: Added""],""date"":1785806218},{""version_notes"":[""sources: Added https://github.com/CVEProject/cvelistV5/blob/main/cves/2026/66xxx/CVE-2026-66322.json""],""date"":1785805606}]",[],[],,Origin Validation Error,CWE-346,"[{""url"":""https://msrc.microsoft.com/update-guide/vulnerability/CVE-2026-66322"",""cvss"":null,""name"":""Microsoft Security Update Guide"",""unique_id"":null,""md5"":null,""source_description"":null,""published_date"":1785456000,""title"":""CVE-2026-66322 - Security Update Guide - Microsoft - Microsoft Edge (Chromium-based) Spoofing Vulnerability""}]",LOW,"* An Origin Validation Error vulnerability exists that, when exploited, allows a remote attacker to spoof unspecified content.
* We are currently unaware of exploitation activity in the wild. Exploit code is not publicly available.
* Google Threat Intelligence Group (GTIG) considers this a Low-risk vulnerability due to the potential for spoofing unspecified content, offset by user interaction requirements.
* Mitigation options include a patch.",,[],[],"[0,0,0,0,0,0,0,0,0,0,0,0,0,0]",CVE-2026-66322,[],,0,0,0,0,0,0,0,0,Spoofing,0,0,1785456000,[],,,,,,,6.2,CVSS:3.1/AV:N/AC:L/PR:N/UI:R/S:U/C:H/I:L/A:N/E:U/RL:O/RC:C,7.1,,,,,,,,,,,,,,,,,P4,,[],,,,,,,,,,,,,,,,,,,,,,,,,,,,,,,,,"[{""url"":""https://github.com/CVEProject/cvelistV5/blob/main/cves/2026/66xxx/CVE-2026-66322.json"",""cvss"":{""cvssv4_x"":null,""cvssv3_x_translated"":null,""cvssv3_x"":{""vector"":""CVSS:3.1/AV:N/AC:L/PR:N/UI:R/S:U/C:H/I:L/A:N/E:U/RL:O/RC:C"",""base_score"":7.1,""temporal_score"":null},""cvssv2_0"":null},""name"":""Mitre Corporation"",""unique_id"":null,""md5"":""2fcac772f9f76c6b6bb22db138e824d0"",""source_description"":null,""published_date"":1785797874,""title"":""Microsoft Edge (Chromium-based) Spoofing Vulnerability""},{""url"":""https://nvd.nist.gov/vuln/detail/CVE-2026-66322"",""cvss"":{""cvssv4_x"":null,""cvssv3_x_translated"":null,""cvssv3_x"":{""vector"":""CVSS:3.1/AV:N/AC:L/PR:N/UI:R/S:U/C:H/I:L/A:N"",""base_score"":7.1,""temporal_score"":null},""cvssv2_0"":null},""name"":""National Vulnerability Database"",""unique_id"":null,""md5"":null,""source_description"":null,""published_date"":1785802659,""title"":null},{""url"":""https://euvd.enisa.europa.eu/vulnerability/EUVD-2026-52533"",""cvss"":{""cvssv4_x"":null,""cvssv3_x_translated"":null,""cvssv3_x"":{""vector"":""CVSS:3.1/AV:N/AC:L/PR:N/UI:R/S:U/C:H/I:L/A:N/E:U/RL:O/RC:C"",""base_score"":7.1,""temporal_score"":null},""cvssv2_0"":null},""name"":""European Vulnerability Database"",""unique_id"":""EUVD-2026-52533"",""md5"":null,""source_description"":null,""published_date"":1785715200,""title"":null}]",,,,,,,,,,,,,,,,,,,,,False,viewer,2026-08-05 07:08:42.661708+00:00,7c4ab0ce-2172-4870-aec9-a9f9ab56470d,GTI_Vulnerabilities_CL,
vulnerability--cve-2026-67243,collection,,https://www.virustotal.com/api/v3/collections/vulnerability--cve-2026-67243,,,,vulnerability--05493186-a82d-5f19-9c44-ee9a27dca8ab,vulnerability--2088c170-531a-5162-8334-37285ec2f013,vulnerability,COMPUTED,No Known,"[""Malicious File"",""Unspecified Remote Vector"",""Administrative Interface""]",0,[],[],,,,,,0.22433,0.00301,[],CVE-2026-67243,No Known,[],1785912125,[],[],[],[],,[],[],[],[],"Mitre Corporation has provided the following description:   
*freo2 provided by refirio contains an unrestricted upload of file with dangerous type vulnerability. A user with the highest-level administrative privileges for the product may upload an executable file and execute arbitrary OS commands.*",False,"[""Patch""]",0,[],"[{""field"":""cvss.cvssv4_x.vector"",""source"":{""sources"":[],""source_url"":"""",""field_type"":""Ranked"",""source_name"":""Mitre Corporation""}},{""field"":""cvss.cvssv3_x_translated"",""source"":{""sources"":[],""source_url"":"""",""field_type"":""Ranked"",""source_name"":""Google Threat Intelligence Group (GTIG)""}},{""field"":""cvss.cvssv3_x"",""source"":{""sources"":[],""source_url"":"""",""field_type"":""Ranked"",""source_name"":""Mitre Corporation""}},{""field"":""cwe"",""source"":{""sources"":[],""source_url"":"""",""field_type"":""Ranked"",""source_name"":""Mitre Corporation""}},{""field"":""description"",""source"":{""sources"":[],""source_url"":"""",""field_type"":""Ranked"",""source_name"":""Mitre Corporation""}},{""field"":""exploitation_consequence"",""source"":{""sources"":[],""source_url"":"""",""field_type"":""Ranked"",""source_name"":""Mitre Corporation""}},{""field"":""date_of_disclosure"",""source"":{""sources"":[],""source_url"":"""",""field_type"":""Computed"",""source_name"":""JVN""}},{""field"":""available_mitigation"",""source"":{""sources"":[{""source_urls"":[],""source_names"":[""JVN""]}],""source_url"":null,""field_type"":""Merged"",""source_name"":null}},{""field"":""exploitation_vectors"",""source"":{""sources"":[{""source_urls"":[],""source_names"":[""Mitre Corporation""]},{""source_urls"":[],""source_names"":[""Mitre Corporation""]},{""source_urls"":[],""source_names"":[""JVN""]}],""source_url"":null,""field_type"":""Merged"",""source_name"":null}},{""field"":""exploitation_state"",""source"":{""sources"":[],""source_url"":"""",""field_type"":""Severity"",""source_name"":""Mitre Corporation""}}]",0,,[],1785837036,MVE-2026-49570,Google Threat Intelligence,[],"[{""version_notes"":[""epss.score: Added""],""date"":1785912125},{""version_notes"":[""sources: Added https://euvd.enisa.europa.eu/vulnerability/EUVD-2026-52636""],""date"":1785848439},{""version_notes"":[""exploitation_vectors: Added ['Unspecified Remote Vector'].""],""date"":1785841097},{""version_notes"":[""title: Added""],""date"":1785840000},{""version_notes"":[""available_mitigation: Added"",""exploit_availability: Added"",""exploitation_consequence: Added"",""exploitation_vectors: Updated"",""predicted_risk_rating: Added"",""priority: P4 -> P3"",""sources: Multiple sources added""],""date"":1785839941},{""version_notes"":[""sources: Added https://github.com/CVEProject/cvelistV5/blob/main/cves/2026/67xxx/CVE-2026-67243.json""],""date"":1785837036}]",[],[],,Unrestricted Upload of File with Dangerous Type,CWE-434,[],MEDIUM,"* An Unrestricted Upload of File with Dangerous Type vulnerability exists that, when exploited, allows a remote, privileged attacker to execute arbitrary commands.
* We are currently unaware of exploitation activity in the wild. Exploit code is not publicly available.
* Google Threat Intelligence Group (GTIG) considers this a Medium-risk vulnerability due to the potential for arbitrary command execution.
* Mitigation options include a patch.",,[],[],"[0,0,0,0,0,0,0,0,0,0,0,0,0,0]",CVE-2026-67243,[],,0,0,0,0,0,0,0,0,Command Execution,0,0,1785801600,[],,,,,,,6.3,CVSS:3.0/AV:N/AC:L/PR:H/UI:N/S:U/C:H/I:H/A:H/E:U/RL:O/RC:C,7.2,,7.2,CVSS:3.1/AV:N/AC:L/PR:H/UI:N/S:U/C:H/I:H/A:H,7.2,,CVSS:4.0/AV:N/AC:L/AT:N/PR:H/UI:N/VC:H/SC:N/VI:H/SI:N/VA:H/SA:N/E:U,6.1,,Unreported,,,,,,,,P3,,[],,,,,,,,,,,,,,,,,,,,,,,,,,,,,,,,,"[{""url"":""https://github.com/CVEProject/cvelistV5/blob/main/cves/2026/67xxx/CVE-2026-67243.json"",""cvss"":{""cvssv4_x"":{""vector"":""CVSS:4.0/AV:N/AC:L/AT:N/PR:H/UI:N/VC:H/SC:N/VI:H/SI:N/VA:H/SA:N"",""score"":8.6,""supplemental"":null,""threat"":null},""cvssv3_x_translated"":null,""cvssv3_x"":{""vector"":""CVSS:3.0/AV:N/AC:L/PR:H/UI:N/S:U/C:H/I:H/A:H"",""base_score"":7.2,""temporal_score"":null},""cvssv2_0"":null},""name"":""Mitre Corporation"",""unique_id"":null,""md5"":""cea6b38d217c2cd9e904d64d6f81c86c"",""source_description"":null,""published_date"":1785825505,""title"":null},{""url"":""https://nvd.nist.gov/vuln/detail/CVE-2026-67243"",""cvss"":{""cvssv4_x"":null,""cvssv3_x_translated"":null,""cvssv3_x"":{""vector"":""CVSS:3.0/AV:N/AC:L/PR:H/UI:N/S:U/C:H/I:H/A:H"",""base_score"":7.2,""temporal_score"":null},""cvssv2_0"":null},""name"":""National Vulnerability Database"",""unique_id"":null,""md5"":null,""source_description"":null,""published_date"":1785831395,""title"":null},{""url"":""https://jvn.jp/en/jp/JVN52865575"",""cvss"":{""cvssv4_x"":{""vector"":""CVSS:4.0/AV:N/AC:L/AT:N/PR:H/UI:N/VC:H/VI:H/VA:H/SC:N/SI:N/SA:N"",""score"":8.6,""supplemental"":null,""threat"":null},""cvssv3_x_translated"":null,""cvssv3_x"":{""vector"":""CVSS:3.0/AV:N/AC:L/PR:H/UI:N/S:U/C:H/I:H/A:H"",""base_score"":7.2,""temporal_score"":null},""cvssv2_0"":null},""name"":""JVN"",""unique_id"":""JVN#52865575"",""md5"":null,""source_description"":null,""published_date"":1785801600,""title"":""JVN#52865575: freo2 vulnerable to unrestricted upload of file with dangerous type""},{""url"":""https://euvd.enisa.europa.eu/vulnerability/EUVD-2026-52636"",""cvss"":{""cvssv4_x"":{""vector"":""CVSS:4.0/AV:N/AC:L/AT:N/PR:H/UI:N/VC:H/VI:H/VA:H/SC:N/SI:N/SA:N"",""score"":8.6,""supplemental"":null,""threat"":null},""cvssv3_x_translated"":null,""cvssv3_x"":null,""cvssv2_0"":null},""name"":""European Vulnerability Database"",""unique_id"":""EUVD-2026-52636"",""md5"":null,""source_description"":null,""published_date"":1785801600,""title"":null},{""url"":""https://github.com/refirio/freo2/commits/main"",""cvss"":{""cvssv4_x"":null,""cvssv3_x_translated"":null,""cvssv3_x"":null,""cvssv2_0"":null},""name"":null,""unique_id"":null,""md5"":null,""source_description"":null,""published_date"":null,""title"":null}]",,,,,,,,,,,,,,,,,,,,,False,viewer,2026-08-05 07:08:42.661708+00:00,7c4ab0ce-2172-4870-aec9-a9f9ab56470d,GTI_Vulnerabilities_CL,
vulnerability--cve-2026-67608,collection,,https://www.virustotal.com/api/v3/collections/vulnerability--cve-2026-67608,,,,vulnerability--90a5e2f3-4071-54d6-a17b-d84ef84fe49f,vulnerability--0f6ab226-9f4f-5410-9197-ae99138f0b65,vulnerability,COMPUTED,No Known,"[""Unspecified Remote Vector"",""Exposed Web Application""]",0,[],[],,,,,,0.72114,0.01522,[],CVE-2026-67608,No Known,[],1785912125,[],[],[],[],,[],[],[],[],"Cybersecurity and Infrastructure Security Agency (CISA) has provided the following description:   
*Telenia Software TVox 26.5.3 and prior 26.x versions, and 24.9.21 and prior 24.x versions, contain an OS command injection vulnerability in action\_audio.php that allows authenticated attackers to execute arbitrary operating system commands by passing an unsanitized pid parameter into an exec() call when the action parameter is set to checkProcess. Attackers can inject malicious OS commands through the pid request parameter to execute arbitrary commands with the privileges of the apache user.*",False,[],0,[],"[{""field"":""cvss.cvssv4_x.vector"",""source"":{""sources"":[],""source_url"":"""",""field_type"":""Ranked"",""source_name"":""Cybersecurity and Infrastructure Security Agency (CISA)""}},{""field"":""cvss.cvssv3_x_translated"",""source"":{""sources"":[],""source_url"":"""",""field_type"":""Ranked"",""source_name"":""Google Threat Intelligence Group (GTIG)""}},{""field"":""cvss.cvssv3_x"",""source"":{""sources"":[],""source_url"":"""",""field_type"":""Ranked"",""source_name"":""Cybersecurity and Infrastructure Security Agency (CISA)""}},{""field"":""cwe"",""source"":{""sources"":[],""source_url"":"""",""field_type"":""Ranked"",""source_name"":""Cybersecurity and Infrastructure Security Agency (CISA)""}},{""field"":""description"",""source"":{""sources"":[],""source_url"":"""",""field_type"":""Ranked"",""source_name"":""Cybersecurity and Infrastructure Security Agency (CISA)""}},{""field"":""exploitation_consequence"",""source"":{""sources"":[],""source_url"":"""",""field_type"":""Ranked"",""source_name"":""Mitre Corporation""}},{""field"":""date_of_disclosure"",""source"":{""sources"":[],""source_url"":"""",""field_type"":""Computed"",""source_name"":""Karma(In)Security""}},{""field"":""exploitation_vectors"",""source"":{""sources"":[{""source_urls"":[],""source_names"":[""Mitre Corporation"",""VulnCheck""]},{""source_urls"":[],""source_names"":[""Karma(In)Security""]}],""source_url"":null,""field_type"":""Merged"",""source_name"":null}},{""field"":""exploitation_state"",""source"":{""sources"":[],""source_url"":"""",""field_type"":""Severity"",""source_name"":""Mitre Corporation""}}]",0,,[],1785771916,MVE-2026-49330,Google Threat Intelligence,[],"[{""version_notes"":[""epss.score: Added""],""date"":1785912125},{""version_notes"":[""sources: Added https://euvd.enisa.europa.eu/vulnerability/EUVD-2026-52293""],""date"":1785848460},{""version_notes"":[""sources: Added https://github.com/cisagov/vulnrichment/blob/develop/2026/67xxx/CVE-2026-67608.json""],""date"":1785847234},{""version_notes"":[""exploitation_vectors: Added ['Exposed Web Application'].""],""date"":1785807406},{""version_notes"":[""sources: Multiple sources added""],""date"":1785775504},{""version_notes"":[""exploit_availability: Added"",""exploitation_consequence: Added"",""exploitation_vectors: Added"",""predicted_risk_rating: Added"",""priority: P4 -> P3""],""date"":1785774681},{""version_notes"":[""title: Added""],""date"":1785772612},{""version_notes"":[""sources: Added https://github.com/CVEProject/cvelistV5/blob/main/cves/2026/67xxx/CVE-2026-67608.json""],""date"":1785771914}]",[],[],,Improper Neutralization of Special Elements used in an OS Command ('OS Command Injection'),CWE-78,[],MEDIUM,"* An Improper Neutralization of Special Elements used in an OS Command ('OS Command Injection') vulnerability exists that, when exploited, allows a remote, privileged attacker to execute arbitrary commands.
* We are currently unaware of exploitation activity in the wild. Exploit code is not publicly available.
* Google Threat Intelligence Group (GTIG) considers this a Medium-risk vulnerability due to the potential for arbitrary command execution.
* There are currently no mitigation options available for this issue.",,[],[],"[0,0,0,0,0,0,0,0,0,0,0,0,0,0]",CVE-2026-67608,[],,0,0,0,0,0,0,0,0,Command Execution,0,0,1785715200,[],,,,,,,6.6,CVSS:3.1/AV:N/AC:L/PR:H/UI:N/S:U/C:H/I:H/A:H/E:U/RL:U/RC:C,7.2,,7.2,CVSS:3.1/AV:N/AC:L/PR:H/UI:N/S:U/C:H/I:H/A:H,7.2,,CVSS:4.0/AV:N/AC:L/AT:N/PR:H/UI:N/VC:H/SC:N/VI:H/SI:N/VA:H/SA:N/E:U,6.1,,Unreported,,,,,,,,P3,,[],,,,,,,,,,,,,,,,,,,,,,,,,,,,,,,,,"[{""url"":""https://github.com/cisagov/vulnrichment/blob/develop/2026/67xxx/CVE-2026-67608.json"",""cvss"":{""cvssv4_x"":{""vector"":""CVSS:4.0/AV:N/AC:L/AT:N/PR:H/UI:N/VC:H/SC:N/VI:H/SI:N/VA:H/SA:N"",""score"":8.6,""supplemental"":null,""threat"":null},""cvssv3_x_translated"":null,""cvssv3_x"":{""vector"":""CVSS:3.1/AV:N/AC:L/PR:H/UI:N/S:U/C:H/I:H/A:H"",""base_score"":7.2,""temporal_score"":null},""cvssv2_0"":null},""name"":""Cybersecurity and Infrastructure Security Agency (CISA)"",""unique_id"":null,""md5"":""d2809950193d1e47f7425940872de617"",""source_description"":null,""published_date"":1785763835,""title"":null},{""url"":""https://github.com/CVEProject/cvelistV5/blob/main/cves/2026/67xxx/CVE-2026-67608.json"",""cvss"":{""cvssv4_x"":{""vector"":""CVSS:4.0/AV:N/AC:L/AT:N/PR:H/UI:N/VC:H/SC:N/VI:H/SI:N/VA:H/SA:N"",""score"":8.6,""supplemental"":null,""threat"":null},""cvssv3_x_translated"":null,""cvssv3_x"":{""vector"":""CVSS:3.1/AV:N/AC:L/PR:H/UI:N/S:U/C:H/I:H/A:H"",""base_score"":7.2,""temporal_score"":null},""cvssv2_0"":null},""name"":""Mitre Corporation"",""unique_id"":null,""md5"":""cccd8ef44f7e2bdf2416c22906f21cd9"",""source_description"":null,""published_date"":1785763835,""title"":""Telenia TVox 26.5.3 OS Command Injection via action_audio.php""},{""url"":""https://nvd.nist.gov/vuln/detail/CVE-2026-67608"",""cvss"":{""cvssv4_x"":null,""cvssv3_x_translated"":null,""cvssv3_x"":{""vector"":""CVSS:3.1/AV:N/AC:L/PR:H/UI:N/S:U/C:H/I:H/A:H"",""base_score"":7.2,""temporal_score"":null},""cvssv2_0"":null},""name"":""National Vulnerability Database"",""unique_id"":null,""md5"":null,""source_description"":null,""published_date"":1785766587,""title"":null},{""url"":""https://karmainsecurity.com/KIS-2026-15"",""cvss"":{""cvssv4_x"":null,""cvssv3_x_translated"":null,""cvssv3_x"":null,""cvssv2_0"":null},""name"":""Karma(In)Security"",""unique_id"":null,""md5"":null,""source_description"":null,""published_date"":1785715200,""title"":""Telenia Software TVox <= 26.5.3 (action_audio.php) OS Command Injection Vulnerability | Karma(In)Security""},{""url"":""https://www.vulncheck.com/advisories/telenia-tvox-os-command-injection-via-action-audio-php"",""cvss"":{""cvssv4_x"":{""vector"":""CVSS:4.0/AV:N/AC:L/AT:N/PR:H/UI:N/VC:H/VI:H/VA:H/SC:N/SI:N/SA:N"",""score"":8.6,""supplemental"":null,""threat"":null},""cvssv3_x_translated"":null,""cvssv3_x"":null,""cvssv2_0"":null},""name"":""VulnCheck"",""unique_id"":null,""md5"":null,""source_description"":null,""published_date"":1785715200,""title"":""Telenia TVox 26.5.3 OS Command Injection via action_audio.php  | Advisories | VulnCheck""},{""url"":""https://euvd.enisa.europa.eu/vulnerability/EUVD-2026-52293"",""cvss"":{""cvssv4_x"":{""vector"":""CVSS:4.0/AV:N/AC:L/AT:N/PR:H/UI:N/VC:H/VI:H/VA:H/SC:N/SI:N/SA:N"",""score"":8.6,""supplemental"":null,""threat"":null},""cvssv3_x_translated"":null,""cvssv3_x"":null,""cvssv2_0"":null},""name"":""European Vulnerability Database"",""unique_id"":""EUVD-2026-52293"",""md5"":null,""source_description"":null,""published_date"":1785715200,""title"":null},{""url"":""https://www.teleniasoftware.com"",""cvss"":{""cvssv4_x"":null,""cvssv3_x_translated"":null,""cvssv3_x"":null,""cvssv2_0"":null},""name"":null,""unique_id"":null,""md5"":null,""source_description"":null,""published_date"":null,""title"":null}]",,,,,,,,,,,,,,,,,,,,,False,viewer,2026-08-05 07:08:42.661708+00:00,7c4ab0ce-2172-4870-aec9-a9f9ab56470d,GTI_Vulnerabilities_CL,
vulnerability--cve-2026-67616,collection,,https://www.virustotal.com/api/v3/collections/vulnerability--cve-2026-67616,,,,vulnerability--4c201c0e-d98e-5486-adc2-e614fb4f83cd,vulnerability--6a52baea-0a84-5196-b851-888f9455df40,vulnerability,COMPUTED,No Known,"[""Administrative Interface""]",0,[],[],,,,,,0.16809,0.00253,[],CVE-2026-67616,No Known,[],1785912125,[],[],[],[],1,[],[],[],[],"Mitre Corporation has provided the following description:   
*Camaleon CMS through 2.9.2, fixed in commit 88ab703, contains a missing authorization vulnerability on the drafts endpoint that allows any authenticated low-privileged user to create draft posts by bypassing role and permission checks. Attackers can send requests to the drafts endpoint using only session authentication to create unauthorized drafts that appear in the administrative drafts queue.*",False,"[""Patch""]",0,[],"[{""field"":""cvss.cvssv4_x.vector"",""source"":{""sources"":[],""source_url"":"""",""field_type"":""Ranked"",""source_name"":""Mitre Corporation""}},{""field"":""cvss.cvssv3_x_translated"",""source"":{""sources"":[],""source_url"":"""",""field_type"":""Ranked"",""source_name"":""Google Threat Intelligence Group (GTIG)""}},{""field"":""cvss.cvssv3_x"",""source"":{""sources"":[],""source_url"":"""",""field_type"":""Ranked"",""source_name"":""Mitre Corporation""}},{""field"":""cwe"",""source"":{""sources"":[],""source_url"":"""",""field_type"":""Ranked"",""source_name"":""Mitre Corporation""}},{""field"":""description"",""source"":{""sources"":[],""source_url"":"""",""field_type"":""Ranked"",""source_name"":""Mitre Corporation""}},{""field"":""exploitation_consequence"",""source"":{""sources"":[],""source_url"":"""",""field_type"":""Ranked"",""source_name"":""Mitre Corporation""}},{""field"":""date_of_disclosure"",""source"":{""sources"":[],""source_url"":"""",""field_type"":""Computed"",""source_name"":""European Vulnerability Database""}},{""field"":""available_mitigation"",""source"":{""sources"":[{""source_urls"":[],""source_names"":[""Mitre Corporation""]}],""source_url"":null,""field_type"":""Merged"",""source_name"":null}},{""field"":""exploitation_vectors"",""source"":{""sources"":[{""source_urls"":[],""source_names"":[""Mitre Corporation""]}],""source_url"":null,""field_type"":""Merged"",""source_name"":null}},{""field"":""exploitation_state"",""source"":{""sources"":[],""source_url"":"""",""field_type"":""Severity"",""source_name"":""Mitre Corporation""}}]",0,"[{""end_cpe"":{""vendor"":""Owen2345"",""uri"":""cpe:2.3:a:owen2345:camaleon-cms:2.9.2:*:*:*:*:*:*:*"",""version"":""2.9.2"",""product"":""Camaleon Content Management System""},""start_cpe"":null,""end_rel"":""<="",""start_rel"":null}]",[],1785805607,MVE-2026-49509,Google Threat Intelligence,[],"[{""version_notes"":[""epss.score: Added""],""date"":1785912125},{""version_notes"":[""sources: Added https://nvd.nist.gov/vuln/detail/CVE-2026-67616""],""date"":1785861972},{""version_notes"":[""sources: Multiple sources added""],""date"":1785848444},{""version_notes"":[""available_mitigation: Added"",""exploitation_consequence: Added"",""exploitation_vectors: Added""],""date"":1785844165},{""version_notes"":[""exploit_availability: Added"",""predicted_risk_rating: Added""],""date"":1785807278},{""version_notes"":[""title: Added""],""date"":1785806313},{""version_notes"":[""cpes: Added"",""sources: Added https://github.com/CVEProject/cvelistV5/blob/main/cves/2026/67xxx/CVE-2026-67616.json""],""date"":1785805625}]",[],[],,Missing Authorization,CWE-862,[],LOW,"* A Missing Authorization vulnerability exists that, when exploited, allows a remote, privileged attacker to manipulate data.
* We are currently unaware of exploitation activity in the wild. Exploit code is not publicly available.
* Google Threat Intelligence Group (GTIG) considers this a Low-risk vulnerability due to the potential for data manipulation.
* Mitigation options include a patch.",,[],[],"[0,0,0,0,0,0,0,0,0,0,0,0,0,0]",CVE-2026-67616,[],,0,0,0,0,0,0,0,0,Data Manipulation,0,0,1785715200,[],,,,,,,3.8,CVSS:3.1/AV:N/AC:L/PR:L/UI:N/S:U/C:N/I:L/A:N/E:U/RL:O/RC:C,4.3,,4.3,CVSS:3.1/AV:N/AC:L/PR:L/UI:N/S:U/C:N/I:L/A:N,4.3,,CVSS:4.0/AV:N/AC:L/AT:N/PR:L/UI:N/VC:N/SC:N/VI:L/SI:N/VA:N/SA:N/E:U,1.3,,Unreported,,,,,,,,P4,,[],,,,,,,,,,,,,,,,,,,,,,,,,,,,,,,,,"[{""url"":""https://github.com/CVEProject/cvelistV5/blob/main/cves/2026/67xxx/CVE-2026-67616.json"",""cvss"":{""cvssv4_x"":{""vector"":""CVSS:4.0/AV:N/AC:L/AT:N/PR:L/UI:N/VC:N/SC:N/VI:L/SI:N/VA:N/SA:N"",""score"":5.3,""supplemental"":null,""threat"":null},""cvssv3_x_translated"":null,""cvssv3_x"":{""vector"":""CVSS:3.1/AV:N/AC:L/PR:L/UI:N/S:U/C:N/I:L/A:N"",""base_score"":4.3,""temporal_score"":null},""cvssv2_0"":null},""name"":""Mitre Corporation"",""unique_id"":null,""md5"":""e5a5f59a4b66f072cf2cc1d95536d3b4"",""source_description"":null,""published_date"":1785793249,""title"":""Camaleon CMS 2.9.2 Missing Authorization via /admin/post_type drafts endpoint""},{""url"":""https://nvd.nist.gov/vuln/detail/CVE-2026-67616"",""cvss"":{""cvssv4_x"":null,""cvssv3_x_translated"":null,""cvssv3_x"":{""vector"":""CVSS:3.1/AV:N/AC:L/PR:L/UI:N/S:U/C:N/I:L/A:N"",""base_score"":4.3,""temporal_score"":null},""cvssv2_0"":null},""name"":""National Vulnerability Database"",""unique_id"":null,""md5"":null,""source_description"":null,""published_date"":1785795410,""title"":null},{""url"":""https://euvd.enisa.europa.eu/vulnerability/EUVD-2026-52486"",""cvss"":{""cvssv4_x"":{""vector"":""CVSS:4.0/AV:N/AC:L/AT:N/PR:L/UI:N/VC:N/VI:L/VA:N/SC:N/SI:N/SA:N"",""score"":5.3,""supplemental"":null,""threat"":null},""cvssv3_x_translated"":null,""cvssv3_x"":null,""cvssv2_0"":null},""name"":""European Vulnerability Database"",""unique_id"":""EUVD-2026-52486"",""md5"":null,""source_description"":null,""published_date"":1785715200,""title"":null},{""url"":""https://github.com/owen2345/camaleon-cms/commit/88ab703b5ac041afb93a9993470aa366093c5311"",""cvss"":{""cvssv4_x"":null,""cvssv3_x_translated"":null,""cvssv3_x"":null,""cvssv2_0"":null},""name"":null,""unique_id"":null,""md5"":null,""source_description"":null,""published_date"":null,""title"":null},{""url"":""https://github.com/owen2345/camaleon-cms/pull/1196"",""cvss"":{""cvssv4_x"":null,""cvssv3_x_translated"":null,""cvssv3_x"":null,""cvssv2_0"":null},""name"":null,""unique_id"":null,""md5"":null,""source_description"":null,""published_date"":null,""title"":null},{""url"":""https://www.vulncheck.com/advisories/camaleon-cms-missing-authorization-via-admin-post-type-drafts-endpoint"",""cvss"":{""cvssv4_x"":null,""cvssv3_x_translated"":null,""cvssv3_x"":null,""cvssv2_0"":null},""name"":null,""unique_id"":null,""md5"":null,""source_description"":null,""published_date"":null,""title"":null}]",,,,,,,,,,,,,,,,,,,,,False,viewer,2026-08-05 07:08:42.661708+00:00,7c4ab0ce-2172-4870-aec9-a9f9ab56470d,GTI_Vulnerabilities_CL,
