id,UrlType,links_self,attributes_sigma_analysis_results,attributes_html_meta,attributes_html_meta_viewport,attributes_tld,attributes_sandbox_verdicts,attributes_private,attributes_expiration,attributes_last_http_response_content_sha256,attributes_tags,attributes_title,attributes_url,attributes_detected_brands,attributes_crowdsourced_ids_results,attributes_last_final_url,attributes_sigma_analysis_summary,attributes_outgoing_links,attributes_last_http_response_content_length,attributes_trackers,attributes_last_http_response_headers,attributes_last_http_response_headers_age,attributes_last_http_response_headers_date,attributes_last_http_response_headers_cf_ray,attributes_last_http_response_headers_content_encoding,attributes_last_http_response_headers_last_modified,attributes_last_http_response_headers_content_type,attributes_last_http_response_headers_server,attributes_last_http_response_headers_cf_cache_status,attributes_last_http_response_headers_allow,attributes_last_http_response_code,attributes_redirection_chain,attributes_gti_assessment,attributes_gti_assessment_severity,attributes_gti_assessment_severity_value,attributes_gti_assessment_threat_score,attributes_gti_assessment_threat_score_value,attributes_gti_assessment_verdict,attributes_gti_assessment_verdict_value,attributes_gti_assessment_contributing_factors,attributes_gti_cf_safebrowsing_verdict,attributes_gti_cf_pervasive_indicator,attributes_gti_cf_mandiant_confidence_score,attributes_gti_cf_gti_confidence_score,attributes_gti_assessment_description,context_attributes_shared_with_me,context_attributes_role,TimeGenerated,TenantId,Type,_ResourceId
885c42155570440bf7591036532be40c8989b5b29f10a99e8e415fd211b99fd2,private_url,https://www.virustotal.com/api/v3/private/urls/885c42155570440bf7591036532be40c8989b5b29f10a99e8e415fd211b99fd2,[],{},,com,{},True,1785847257,,[],,https://dfuh.aewt455.com/,{},[],https://dfuh.aewt455.com/,{},[],,{},,,,,,,,,,,,[],"{""threat_score"":{""value"":1},""severity"":{""value"":""SEVERITY_NONE""},""verdict"":{""value"":""VERDICT_UNDETECTED""},""contributing_factors"":{""gti_confidence_score"":42,""safebrowsing_verdict"":""harmless""},""description"":""This indicator did not match our detection criteria and there is currently no evidence of malicious activity."",""gti_description_cards"":{""MITIGATING_FACTORS"":[{""influence"":""benign"",""title"":""Benign infrastructure heuristic"",""sub_title"":""ML Predicted Safe URL"",""related_links"":[],""collection_type"":null}]}}","{""value"":""SEVERITY_NONE""}",SEVERITY_NONE,"{""value"":1}",1,"{""value"":""VERDICT_UNDETECTED""}",VERDICT_UNDETECTED,"{""gti_confidence_score"":42,""safebrowsing_verdict"":""harmless""}",harmless,,,42,This indicator did not match our detection criteria and there is currently no evidence of malicious activity.,False,owner,2026-08-03 12:41:33.127373+00:00,7c4ab0ce-2172-4870-aec9-a9f9ab56470d,GTI_URLScan_CL,
885c42155570440bf7591036532be40c8989b5b29f10a99e8e415fd211b99fd2,private_url,https://www.virustotal.com/api/v3/private/urls/885c42155570440bf7591036532be40c8989b5b29f10a99e8e415fd211b99fd2,[],{},,com,{},True,1785847257,,[],,https://dfuh.aewt455.com/,{},[],https://dfuh.aewt455.com/,{},[],,{},,,,,,,,,,,,[],"{""threat_score"":{""value"":1},""severity"":{""value"":""SEVERITY_NONE""},""verdict"":{""value"":""VERDICT_UNDETECTED""},""contributing_factors"":{""gti_confidence_score"":42,""safebrowsing_verdict"":""harmless""},""description"":""This indicator did not match our detection criteria and there is currently no evidence of malicious activity."",""gti_description_cards"":{""MITIGATING_FACTORS"":[{""influence"":""benign"",""title"":""Benign infrastructure heuristic"",""sub_title"":""ML Predicted Safe URL"",""related_links"":[],""collection_type"":null}]}}","{""value"":""SEVERITY_NONE""}",SEVERITY_NONE,"{""value"":1}",1,"{""value"":""VERDICT_UNDETECTED""}",VERDICT_UNDETECTED,"{""gti_confidence_score"":42,""safebrowsing_verdict"":""harmless""}",harmless,,,42,This indicator did not match our detection criteria and there is currently no evidence of malicious activity.,False,owner,2026-08-03 12:41:43.473909+00:00,7c4ab0ce-2172-4870-aec9-a9f9ab56470d,GTI_URLScan_CL,
5cb44ac5f1c6d6a1bdc1b9b0bea198cf955cb5681c48abd25cfdc501bbd05202,private_url,https://www.virustotal.com/api/v3/private/urls/5cb44ac5f1c6d6a1bdc1b9b0bea198cf955cb5681c48abd25cfdc501bbd05202,[],"{""author"":[""Kenneth Rexroth""],""viewport"":[""width=device-width, initial-scale=1.0""]}","[""width=device-width, initial-scale=1.0""]",org,{},True,1785912034,24fc6a25f30083b0376dea25e2a8d33d4c64cba09e73fd7fb69790dac11eaaf1,[],Classics Revisited (1),http://bopsecrets.org/rexroth/cr/1.htm,"{""GTI"":[""Bureau of Public Secrets""]}",[],https://bopsecrets.org/rexroth/cr/1.htm,{},"[""https://www.ndbooks.com/book/classics-revisited/"",""http://www.bopsecrets.org/index.shtml"",""http://www.bopsecrets.org/sitesearch.htm"",""http://www.bopsecrets.org""]",26155,{},"{""Server"":""Apache"",""Content-Length"":""26155"",""Content-Type"":""text/html"",""Keep-Alive"":""timeout=5, max=100"",""Accept-Ranges"":""bytes"",""Connection"":""Keep-Alive"",""Date"":""Tue, 04 Aug 2026 06:40:40 GMT"",""Last-Modified"":""Sun, 01 Oct 2023 19:19:51 GMT""}",,,,,,,,,,200,"[""http://bopsecrets.org/rexroth/cr/1.htm""]","{""threat_score"":{""value"":1},""severity"":{""value"":""SEVERITY_NONE""},""verdict"":{""value"":""VERDICT_UNDETECTED""},""contributing_factors"":{""gti_confidence_score"":45,""safebrowsing_verdict"":""harmless""},""description"":""This indicator did not match our detection criteria and there is currently no evidence of malicious activity.""}","{""value"":""SEVERITY_NONE""}",SEVERITY_NONE,"{""value"":1}",1,"{""value"":""VERDICT_UNDETECTED""}",VERDICT_UNDETECTED,"{""gti_confidence_score"":45,""safebrowsing_verdict"":""harmless""}",harmless,,,45,This indicator did not match our detection criteria and there is currently no evidence of malicious activity.,False,owner,2026-08-04 06:41:11.451766+00:00,7c4ab0ce-2172-4870-aec9-a9f9ab56470d,GTI_URLScan_CL,
861557fb11d58c41ab07acbf0d6586a9b06c6bcc39f904db44fb016a82e5e0d8,private_url,https://www.virustotal.com/api/v3/private/urls/861557fb11d58c41ab07acbf0d6586a9b06c6bcc39f904db44fb016a82e5e0d8,[],"{""viewport"":[""width=device-width, minimum-scale=1.0""],""og:type"":[""website""],""description"":[""750 million+ members | Manage your professional identity. Build and engage with your professional network. Access knowledge, insights and opportunities.""],""clientSideIngraphs"":[""1""],""twitter:image"":[""https://static.licdn.com/aero-v1/scds/common/u/images/logos/favicons/v1/favicon.ico""],""pageKey"":[""auth_wall_desktop""],""og:image"":[""https://static.licdn.com/aero-v1/scds/common/u/images/logos/favicons/v1/favicon.ico""],""litmsProfileName"":[""seo-directory-frontend""],""twitter:site"":[""@Linkedin""],""og:url"":[""/authwall""],""platform-worker"":[""https://static.licdn.com/aero-v1/sc/h/bxullzz73p3hhf78t6sj3w6pb""],""og:title"":[""Sign Up | LinkedIn""],""locale"":[""en_US"",""en_US""],""twitter:title"":[""Sign Up | LinkedIn""],""twitter:card"":[""summary""],""robots"":[""noindex, noarchive""]}","[""width=device-width, minimum-scale=1.0""]",com,{},True,1785912241,,"[""password-input"",""iframes"",""trackers"",""third-party-cookies"",""external-resources""]",Sign Up | LinkedIn,http://uk.linkedin.com/pub/steve-rubenstein/8/718/755,{},[],https://uk.linkedin.com/pub/steve-rubenstein/8/718/755,{},"[""https://www.linkedin.com/legal/user-agreement?trk=seo-authwall-base_join-form-user-agreement"",""https://www.linkedin.com/legal/privacy-policy?trk=seo-authwall-base_join-form-privacy-policy"",""https://www.linkedin.com/legal/cookie-policy?trk=seo-authwall-base_join-form-cookie-policy"",""https://www.linkedin.com/uas/request-password-reset?trk=seo-authwall-base_forgot_password"",""https://about.linkedin.com?trk=seo-authwall-base_footer-about"",""https://www.linkedin.com/accessibility?trk=seo-authwall-base_footer-accessibility"",""https://www.linkedin.com/legal/user-agreement?trk=seo-authwall-base_footer-user-agreement"",""https://www.linkedin.com/legal/privacy-policy?trk=seo-authwall-base_footer-privacy-policy"",""https://www.linkedin.com/legal/california-privacy-disclosure?trk=seo-authwall-base_footer-california-privacy-rights-act"",""https://www.linkedin.com/legal/cookie-policy?trk=seo-authwall-base_footer-cookie-policy"",""https://www.linkedin.com/legal/copyright-policy?trk=seo-authwall-base_footer-copyright-policy"",""https://brand.linkedin.com/policies?trk=seo-authwall-base_footer-brand-policy"",""https://www.linkedin.com/psettings/guest-controls?trk=seo-authwall-base_footer-guest-controls"",""https://www.linkedin.com/legal/professional-community-policies?trk=seo-authwall-base_footer-community-guide"",""https://static.licdn.com/aero-v1/sc/h/80ndnja80f2uvg4l8sj2su82m"",""https://platform.linkedin.com/litms/utag/seo-directory-frontend/utag.js?cb=1785825600000"",""https://merchantpool1.linkedin.com/mdt.js?session_id=794ec61c-ae34-443d-85b8-18e5a1ceb231&instanceId=fb6bbd47-fa7c-4264-b4e9-b25948407586"",""https://accounts.google.com/gsi/iframe/select?client_id=990339570472-k6nqn1tpmitg8pui82bfaun3jrpmiuhs.apps.googleusercontent.com&auto_select=true&ux_mode=popup&ui_mode=card&context=signin&as=BDwWbKtJaHVmS7h67Ow06w&channel_id=b70a84987ad90857e0dc1b7206a133ff5804f63f15dbdcfa9e85fa1c2e74e781&origin=https%3A%2F%2Fwww.linkedin.com&is_itp=true&hl=en_US"",""https://static.licdn.com/aero-v1/sc/h/29rdkxlvag0d3cpj96fiilbju"",""https://accounts.google.com/gsi/button?locale=null&logo_alignment=center&shape=pill&size=large&text=continue_with&theme=undefined&type=undefined&width=325px&client_id=990339570472-k6nqn1tpmitg8pui82bfaun3jrpmiuhs.apps.googleusercontent.com&iframe_id=gsi_846949_247799&as=BDwWbKtJaHVmS7h67Ow06w"",""https://static.licdn.com/aero-v1/sc/h/7odnbqr43oxa04pdcbc8q1lhv"",""https://accounts.google.com/gsi/button?logo_alignment=center&shape=pill&size=large&text=continue_with&theme=outline&type=undefined&width=325px&client_id=990339570472-k6nqn1tpmitg8pui82bfaun3jrpmiuhs.apps.googleusercontent.com&iframe_id=gsi_846963_71830&as=BDwWbKtJaHVmS7h67Ow06w&hl=en_US"",""https://static.licdn.com/aero-v1/sc/h/4w1iremrnsuxf3bjq4udk3vti"",""https://static.licdn.com/aero-v1/sc/h/4sy6xgzo0t4xd6r0uco9cdjd2"",""https://li.protechts.net/index.html?ts=1785825845999&r_id=AAZYMvsT61pRV4H%2FyND02A%3D%3D&app_id=PXdOjV695v&uc=scraping&d_id=47e138d79185b56a02b6a12b4b7283ebdfc2bab75873a09e8f25c28f72ac3cee"",""https://merchantpool1.linkedin.com/?session_id=794ec61c-ae34-443d-85b8-18e5a1ceb231&CustomerId=fb6bbd47-fa7c-4264-b4e9-b25948407586&PageId=&w=8DEF1F3C7A33743&mdt=1785825846219&rticks=1785825846189"",""https://www.linkedin.com/uas/login-submit""]",,"{""LinkedIn Insight Tag"":[{""timestamp"":1785825841,""url"":""https://static.licdn.com/aero-v1/sc/h/29rdkxlvag0d3cpj96fiilbju"",""id"":""""}]}","{""x-frame-options"":""sameorigin"",""alt-svc"":""h3=\"":443\""; ma=86400"",""x-li-proto"":""http/2"",""content-security-policy"":""default-src 'none'; connect-src 'self' *.licdn.com *.linkedin.com cdn.linkedin.oribi.io dpm.demdex.net/id lnkd.demdex.net blob: accounts.google.com/gsi/ linkedin.sc.omtrdc.net/b/ss/ *.microsoft.com *.adnxs.com login.microsoftonline.com; script-src 'report-sample' 'sha256-SSoodjUD3LGm2FfFCVHGqEb8D4UM3OOigidT2UKDcYg=' 'sha256-cKTgdnmO6+hXd85a9wKg1effVfVzenUAtUCyOKY9bQE=' 'sha256-DwtT8+ZZKpxH9pqZNAmJ3GdbLAh5SsYaXR3omTXPCns=' 'sha256-sV9jZa797T0QWBzcU/CNd4tpBhTnh+TFdLnfjlitl28=' 'sha256-aa/Q8CRBDSqTQbCIyioPhZaz+G+dbPyu7BzsjInEmiU=' 'sha256-THuVhwbXPeTR0HszASqMOnIyxqEgvGyBwSPBKBF/iMc=' 'sha256-zTIusdVJJeXz9+iox2a+pdDglzbpRpFVRzEwvW4AONk=' 'sha256-iC8MPqNLw0FDnsBf4DlSkFLNTwhkI85aouiAEB819ic=' 'sha256-2EqrEvcPzl8c6/TSGVvaVMEe7lg700MAz/te4/3kTYY=' 'sha256-y5uW69VItKj51mcc7UD9qfptDVUqicZL+bItEpvVNDw=' 'sha256-DatsFGoJ8gFkzzxo47Ou76WZ+3QBPOQHtBu9p9b3DhA=' 'sha256-k95cyM8gFgPziZe5VQ2IvJvBUVyd5zFt2CokIUwqdHE=' 'sha256-PyCXNcEkzRWqbiNr087fizmiBBrq9O6GGD8eV3P09Ik=' 'sha256-RFqsjmAF1N5LnfpaHFvPqFlVkeIS/DtTAFor+JjJJVc=' 'sha"",""content-type"":""text/html"",""server"":""cloudflare"",""x-li-pop"":""cf-prod-lva1-x"",""strict-transport-security"":""max-age=31536000"",""x-li-uuid"":""AAZYMvsNfv90aRPnx5F/eg=="",""x-content-type-options"":""nosniff"",""date"":""Tue, 04 Aug 2026 06:44:03 GMT"",""cf-ray"":""a25b9763d8b88ce1-ORD"",""x-li-fabric"":""prod-lva1"",""cf-cache-status"":""DYNAMIC"",""content-length"":""1530""}",,"Tue, 04 Aug 2026 06:44:03 GMT",a25b9763d8b88ce1-ORD,,,text/html,cloudflare,DYNAMIC,,999,"[""http://uk.linkedin.com/pub/steve-rubenstein/8/718/755""]","{""threat_score"":{""value"":1},""severity"":{""value"":""SEVERITY_NONE""},""verdict"":{""value"":""VERDICT_UNDETECTED""},""contributing_factors"":{""gti_confidence_score"":38,""safebrowsing_verdict"":""harmless""},""description"":""This indicator did not match our detection criteria and there is currently no evidence of malicious activity.""}","{""value"":""SEVERITY_NONE""}",SEVERITY_NONE,"{""value"":1}",1,"{""value"":""VERDICT_UNDETECTED""}",VERDICT_UNDETECTED,"{""gti_confidence_score"":38,""safebrowsing_verdict"":""harmless""}",harmless,,,38,This indicator did not match our detection criteria and there is currently no evidence of malicious activity.,False,owner,2026-08-04 06:44:37.937629+00:00,7c4ab0ce-2172-4870-aec9-a9f9ab56470d,GTI_URLScan_CL,
d4052e714e0b1e68beeb80b3514f3cbae84e451e2b986df634ee47f00344bf8a,private_url,https://www.virustotal.com/api/v3/private/urls/d4052e714e0b1e68beeb80b3514f3cbae84e451e2b986df634ee47f00344bf8a,[],"{""viewport"":[""width=device-width, initial-scale=1.0""]}","[""width=device-width, initial-scale=1.0""]",com,{},True,1785912260,4f53d0049a621e35ce9a6e14c3ee81979d5171a6a9d95fcb648a1f86a8ee68c1,"[""iframes"",""multiple-redirects"",""external-resources""]",nytimes.com,http://nytimes.com/1998/03/29/style/cuttings-oh-that-brazen-raucous-glorious-hibiscus.html,{},[],https://www.nytimes.com/1998/03/29/style/cuttings-oh-that-brazen-raucous-glorious-hibiscus.html,{},"[""https://ct.captcha-delivery.com/i.js"",""https://geo.captcha-delivery.com/interstitial/?initialCid=AHrlqAAAAAMARBueSe5oVMkAIoQ5ew%3D%3D&hash=499AE34129FA4E4FABC31582C3075D&cid=ZKwxW1kX8jpq8JutbyFDpXQLxxQUCnkkeXUsIXRZ9ho~8D4qDIe9q1Gbjs8nSo5kqPdAp0l_HkgzLaSDgcv84zwmy7SCQqkd6QKzxfA5ozgamfCj5IoV2EUcktE77l3r&referer=https%3A%2F%2Fwww.nytimes.com%2F1998%2F03%2F29%2Fstyle%2Fcuttings-oh-that-brazen-raucous-glorious-hibiscus.html&s=17439&e=3d619e901b08913c97889c60f06bd47c26848377a7d90ed4a3e8972b0a764bf480a5a2587cfff223c56108ee83e98372&b=2461432&dm=cd""]",774,{},"{""x-frame-options"":""DENY"",""content-security-policy"":""upgrade-insecure-requests; default-src data: 'unsafe-inline' 'unsafe-eval' https: nytresource:; script-src data: 'unsafe-inline' 'unsafe-eval' https: blob: nytresource:; style-src data: 'unsafe-inline' https: nytresource:; img-src data: https: blob: android-webview-video-poster: nytresource:; font-src data: https: nytresource:; connect-src data: https: wss: blob: nytresource:; media-src data: https: blob: nytresource:; object-src https:; child-src https: data: blob: nytresource:; form-action https: nytimes: nytcooking: nytxwd:; report-uri https://csp.nytimes.com/report;"",""content-type"":""text/html;charset=utf-8"",""server"":""DataDome"",""strict-transport-security"":""max-age=63072000; includeSubDomains; preload"",""date"":""Tue, 04 Aug 2026 06:44:22 GMT"",""content-length"":""774"",""x-nyt-mktg-group"":""group1"",""charset"":""utf-8"",""permissions-policy"":""browsing-topics=()"",""access-control-expose-headers"":""X-Nyt-Mktg-Group"",""x-datadome"":""protected"",""accept-ch"":""Sec-CH-UA,Sec-CH-UA-Mobile,Sec-CH-UA-Platform,Sec-CH-UA-Arch,Sec-CH-UA-Full-Version-List,Sec-CH-UA-Model,Sec-CH-Device-Memory"",""x-datadome-riskscore"":""0.9866259657987687"",""accept-ranges"":""bytes"",""x-served-by"":""cache-chi-klot8100032-CHI, cache-chi-klot8100032-CHI, cache-chi-klot8100071-CHI"",""x-gdpr"":""0"",""vary"":""Fastly-SSL"",""x-cache-hits"":""0, 0"",""x-nyt-app-map"":""webview=false,preloaded=false,service-worker-enabled=false"",""x-datadome-timer"":""S1785825863.512705,VS0,VE50"",""x-dd-b"":""259"",""cache-control"":""max-age=0, private, no-cache, no-store, must-revalidate"",""pragma"":""no-cache"",""x-nyt-edge-cache"":""MISS"",""x-cache"":""MISS, MISS"",""x-timer"":""S1785825863.534190,VS0,VE13"",""x-api-version"":""F-X"",""x-nyt-route"":""vi-story"",""x-datadome-cid"":""AHrlqAAAAAMARBueSe5oVMkAIoQ5ew=="",""x-origin-time"":""2026-08-04T06:44:22.0000000Z"",""x-nyt-app-webview"":""0"",""access-control-allow-headers"":""traceparent, tracestate, X-B3-Sampled, X-B3-SpanId, X-B3-TraceId, x-datadog-origin, x-datadog-parent-id, x-datadog-sampling-priority, x-datadog-trace-id, x-nyt-entitlements, x-nyt-internal-meter-override""}",,"Tue, 04 Aug 2026 06:44:22 GMT",,,,text/html;charset=utf-8,DataDome,,,403,"[""http://nytimes.com/1998/03/29/style/cuttings-oh-that-brazen-raucous-glorious-hibiscus.html"",""https://nytimes.com/1998/03/29/style/cuttings-oh-that-brazen-raucous-glorious-hibiscus.html""]","{""threat_score"":{""value"":1},""severity"":{""value"":""SEVERITY_NONE""},""verdict"":{""value"":""VERDICT_UNDETECTED""},""contributing_factors"":{""gti_confidence_score"":6,""safebrowsing_verdict"":""harmless""},""description"":""This indicator did not match our detection criteria and there is currently no evidence of malicious activity.""}","{""value"":""SEVERITY_NONE""}",SEVERITY_NONE,"{""value"":1}",1,"{""value"":""VERDICT_UNDETECTED""}",VERDICT_UNDETECTED,"{""gti_confidence_score"":6,""safebrowsing_verdict"":""harmless""}",harmless,,,6,This indicator did not match our detection criteria and there is currently no evidence of malicious activity.,False,owner,2026-08-04 06:44:56.195594+00:00,7c4ab0ce-2172-4870-aec9-a9f9ab56470d,GTI_URLScan_CL,
f39b4deebbf042fe6580401e879c421128ce744559bc239ae56bba6d5ea174dc,private_url,https://www.virustotal.com/api/v3/private/urls/f39b4deebbf042fe6580401e879c421128ce744559bc239ae56bba6d5ea174dc,[],{},,co.za,{},True,1785912275,,[],,http://signin.eby.de.zukruygxctzmmqi.civpro.co.za/,{},[],http://signin.eby.de.zukruygxctzmmqi.civpro.co.za/,{},[],,{},,,,,,,,,,,,[],"{""threat_score"":{""value"":1},""severity"":{""value"":""SEVERITY_NONE""},""verdict"":{""value"":""VERDICT_UNDETECTED""},""contributing_factors"":{""gti_confidence_score"":42,""safebrowsing_verdict"":""harmless""},""description"":""This indicator did not match our detection criteria and there is currently no evidence of malicious activity."",""gti_description_cards"":{""MITIGATING_FACTORS"":[{""influence"":""benign"",""title"":""Benign infrastructure heuristic"",""sub_title"":""ML Predicted Safe URL"",""related_links"":[],""collection_type"":null}]}}","{""value"":""SEVERITY_NONE""}",SEVERITY_NONE,"{""value"":1}",1,"{""value"":""VERDICT_UNDETECTED""}",VERDICT_UNDETECTED,"{""gti_confidence_score"":42,""safebrowsing_verdict"":""harmless""}",harmless,,,42,This indicator did not match our detection criteria and there is currently no evidence of malicious activity.,False,owner,2026-08-04 06:45:11.967055+00:00,7c4ab0ce-2172-4870-aec9-a9f9ab56470d,GTI_URLScan_CL,
5cb44ac5f1c6d6a1bdc1b9b0bea198cf955cb5681c48abd25cfdc501bbd05202,private_url,https://www.virustotal.com/api/v3/private/urls/5cb44ac5f1c6d6a1bdc1b9b0bea198cf955cb5681c48abd25cfdc501bbd05202,[],"{""author"":[""Kenneth Rexroth""],""viewport"":[""width=device-width, initial-scale=1.0""]}","[""width=device-width, initial-scale=1.0""]",org,{},True,1785912034,24fc6a25f30083b0376dea25e2a8d33d4c64cba09e73fd7fb69790dac11eaaf1,[],Classics Revisited (1),http://bopsecrets.org/rexroth/cr/1.htm,"{""GTI"":[""Bureau of Public Secrets""]}",[],https://bopsecrets.org/rexroth/cr/1.htm,{},"[""https://www.ndbooks.com/book/classics-revisited/"",""http://www.bopsecrets.org/index.shtml"",""http://www.bopsecrets.org/sitesearch.htm"",""http://www.bopsecrets.org""]",26155,{},"{""Server"":""Apache"",""Content-Length"":""26155"",""Content-Type"":""text/html"",""Keep-Alive"":""timeout=5, max=100"",""Accept-Ranges"":""bytes"",""Connection"":""Keep-Alive"",""Date"":""Tue, 04 Aug 2026 06:40:40 GMT"",""Last-Modified"":""Sun, 01 Oct 2023 19:19:51 GMT""}",,,,,,,,,,200,"[""http://bopsecrets.org/rexroth/cr/1.htm""]","{""threat_score"":{""value"":1},""severity"":{""value"":""SEVERITY_NONE""},""verdict"":{""value"":""VERDICT_UNDETECTED""},""contributing_factors"":{""gti_confidence_score"":45,""safebrowsing_verdict"":""harmless""},""description"":""This indicator did not match our detection criteria and there is currently no evidence of malicious activity.""}","{""value"":""SEVERITY_NONE""}",SEVERITY_NONE,"{""value"":1}",1,"{""value"":""VERDICT_UNDETECTED""}",VERDICT_UNDETECTED,"{""gti_confidence_score"":45,""safebrowsing_verdict"":""harmless""}",harmless,,,45,This indicator did not match our detection criteria and there is currently no evidence of malicious activity.,False,owner,2026-08-04 06:41:03.239253+00:00,7c4ab0ce-2172-4870-aec9-a9f9ab56470d,GTI_URLScan_CL,
64adba593cf1e87215feab769370ac8b47808d30f2ea8c489d5a2d959849e15a,private_url,https://www.virustotal.com/api/v3/private/urls/64adba593cf1e87215feab769370ac8b47808d30f2ea8c489d5a2d959849e15a,[],"{""viewport"":[""width=device-width, initial-scale=1, maximum-scale=1""]}","[""width=device-width, initial-scale=1, maximum-scale=1""]",be,{},True,1785912074,2abb982025e7a9cfcac43e09a7ccb7b171e18867671e5cdb137facf6e3371253,"[""iframes"",""external-resources""]",,http://www.garage-pirenne.be/index.php?option=com_content&view=article&id=70&vsig70_0=15,{},[],https://www.garage-pirenne.be/index.php?option=com_content&view=article&id=70&vsig70_0=15,{},"[""https://d.delivery.consentmanager.net/delivery/cmp.php?&cdid=e942abc661a9f&h=http%3A%2F%2Fww17.garage-pirenne.be%2Findex.php%3Foption%3Dcom_content%26view%3Darticle%26id%3D70%26vsig70_0%3D15&&l=en&o=1785825681663"",""https://cdn.consentmanager.net/delivery/js/cmp_en.min.js"",""https://l.cdn-fileserver.com/bping.php?ssld=%7B%22QQNN%22%3A%22Pb%22%2C%22QQN75%22%3A%22NmxzN8jnGjxkkQ%22%2C%22QQ8E%22%3A%22%22%2C%22QQQN%22%3A%22VK%22%2C%22QQl8E%22%3A%22%22%7D&mspa=1&r=1785825681573&vgd_cage=24&vgd_oreqf=one&prid=8PR11258V&requrl=https%3A%2F%2Fgarage-pirenne.be%2Findex.php%3Foption%3Dcom_content%26view%3Darticle%26vsig70_0%3D15&gdpr=0&wshp=0&vgd_oresf=one&cid=8CUT2G65D&ugd=4&wsip=170762690&vgd_cdv=O3435&vgd_setup=c21&vgd_wlstp=0&vi=1785825681898766582&hvsid=00001785825681571005751331843282&lf=6&cc=US&vgd_asn=396982&vgd_rpth=%2Fola&vgd_tsce=L1311&vgd_l2type=dmola&crid=381443105&sc=IA&lper=100&vgd_len=637&vgd_end=1"",""https://findsearchresultsnow.com/sr/754870121/SAFEFRAME.html?%28jrQ1=D"",""https://findsearchresultsnow.com/sr/754870121/SAFEFRAME.html?.Jszym=u"",""https://l.cdn-fileserver.com"",""https://garage-pirenne.be"",""https://garage-pirenne.be/index.php?option=com_content""]",1261,{},"{""content-type"":""text/html; charset=UTF-8"",""server"":""Apache"",""date"":""Tue, 04 Aug 2026 06:41:17 GMT"",""content-length"":""614"",""vary"":""Accept-Encoding"",""content-encoding"":""gzip"",""connection"":""close""}",,"Tue, 04 Aug 2026 06:41:17 GMT",,gzip,,text/html; charset=UTF-8,Apache,,,200,"[""http://www.garage-pirenne.be/index.php?option=com_content&view=article&id=70&vsig70_0=15""]","{""threat_score"":{""value"":1},""severity"":{""value"":""SEVERITY_NONE""},""verdict"":{""value"":""VERDICT_UNDETECTED""},""contributing_factors"":{""gti_confidence_score"":38,""safebrowsing_verdict"":""harmless""},""description"":""This indicator did not match our detection criteria and there is currently no evidence of malicious activity."",""gti_description_cards"":{""MITIGATING_FACTORS"":[{""influence"":""benign"",""title"":""Benign infrastructure heuristic"",""sub_title"":""ML Predicted Safe URL"",""related_links"":[],""collection_type"":null}]}}","{""value"":""SEVERITY_NONE""}",SEVERITY_NONE,"{""value"":1}",1,"{""value"":""VERDICT_UNDETECTED""}",VERDICT_UNDETECTED,"{""gti_confidence_score"":38,""safebrowsing_verdict"":""harmless""}",harmless,,,38,This indicator did not match our detection criteria and there is currently no evidence of malicious activity.,False,owner,2026-08-04 06:41:50.462041+00:00,7c4ab0ce-2172-4870-aec9-a9f9ab56470d,GTI_URLScan_CL,
3eed18f19f8d37325be6f9f2f64618110c371fa02e15eb22534ff5a228a927f2,private_url,https://www.virustotal.com/api/v3/private/urls/3eed18f19f8d37325be6f9f2f64618110c371fa02e15eb22534ff5a228a927f2,[],{},,net,{},True,1785912095,,[],,http://adventure-nicaragua.net/index.php?option=com_mailto&tmpl=component,{},[],http://adventure-nicaragua.net/index.php?option=com_mailto&tmpl=component,{},[],,{},,,,,,,,,,,,[],"{""threat_score"":{""value"":1},""severity"":{""value"":""SEVERITY_NONE""},""verdict"":{""value"":""VERDICT_UNDETECTED""},""contributing_factors"":{""gti_confidence_score"":50,""safebrowsing_verdict"":""harmless""},""description"":""This indicator did not match our detection criteria and there is currently no evidence of malicious activity.""}","{""value"":""SEVERITY_NONE""}",SEVERITY_NONE,"{""value"":1}",1,"{""value"":""VERDICT_UNDETECTED""}",VERDICT_UNDETECTED,"{""gti_confidence_score"":50,""safebrowsing_verdict"":""harmless""}",harmless,,,50,This indicator did not match our detection criteria and there is currently no evidence of malicious activity.,False,owner,2026-08-04 06:42:11.467045+00:00,7c4ab0ce-2172-4870-aec9-a9f9ab56470d,GTI_URLScan_CL,
338303a6d0a0ef655d5a61061b4e5920b5b16d210b5b53203aedcd07ecbd2068,private_url,https://www.virustotal.com/api/v3/private/urls/338303a6d0a0ef655d5a61061b4e5920b5b16d210b5b53203aedcd07ecbd2068,[],{},,com.br,{},True,1785912013,c04f08817310b0fb1f4d7e0aa01fd0f15648771b4e79ad4d2b8a44e4fb74baf2,[],,http://br-icloud.com.br/,{},[],https://br-icloud.com.br/,{},[],1068,{},"{""content-type"":""text/html; charset=UTF-8"",""server"":""Apache"",""date"":""Tue, 04 Aug 2026 06:40:18 GMT"",""content-length"":""569"",""vary"":""Accept-Encoding"",""content-encoding"":""gzip"",""connection"":""close""}",,"Tue, 04 Aug 2026 06:40:18 GMT",,gzip,,text/html; charset=UTF-8,Apache,,,200,"[""http://br-icloud.com.br/""]","{""threat_score"":{""value"":1},""severity"":{""value"":""SEVERITY_NONE""},""verdict"":{""value"":""VERDICT_UNDETECTED""},""contributing_factors"":{""gti_confidence_score"":38,""safebrowsing_verdict"":""harmless""},""description"":""This indicator did not match our detection criteria and there is currently no evidence of malicious activity."",""gti_description_cards"":{""MITIGATING_FACTORS"":[{""influence"":""benign"",""title"":""Benign infrastructure heuristic"",""sub_title"":""ML Predicted Safe URL"",""related_links"":[],""collection_type"":null}]}}","{""value"":""SEVERITY_NONE""}",SEVERITY_NONE,"{""value"":1}",1,"{""value"":""VERDICT_UNDETECTED""}",VERDICT_UNDETECTED,"{""gti_confidence_score"":38,""safebrowsing_verdict"":""harmless""}",harmless,,,38,This indicator did not match our detection criteria and there is currently no evidence of malicious activity.,False,owner,2026-08-04 06:40:51.024385+00:00,7c4ab0ce-2172-4870-aec9-a9f9ab56470d,GTI_URLScan_CL,
