TimeGenerated,VulnerabilityId,VulnType,LinksSelf,Links,CveId,MveId,MatiGenidsDict,MatiReportId,MatiMveId,MatiCveId,VulnName,Description,ExecSummary,Analysis,Status,CollectionType,Origin,IsPrivate,TopIconMd5,RiskRating,PredictedRiskRating,Priority,ExploitationState,ExploitAvailability,ExploitationConsequence,CvssData,Cvssv20,Cvssv20BaseScore,Cvssv20TemporalScore,Cvssv20Vector,Cvssv3x,Cvssv3xBaseScore,Cvssv3xTemporalScore,Cvssv3xVector,Cvssv3xTranslated,Cvssv3xTranslatedBaseScore,Cvssv3xTranslatedTemporalScore,Cvssv3xTranslatedVector,Cvssv4x,Cvssv4xScore,Cvssv4xVector,Cvssv4xThreat,Cvssv4xThreatExploitMaturity,Cvssv4xSupplemental,Cvssv4xSupplementalValueDensity,Cvssv4xSupplementalSafety,Cvssv4xSupplementalRecovery,Cvssv4xSupplementalResponseEffort,Cvssv4xSupplementalAutomatable,Cvssv4xSupplementalProviderUrgency,EpssData,EpssScore,EpssPercentile,CweData,CweId,CweTitle,ExploitationData,ExploitReleaseDate,FirstExploitation,TechDetailsReleaseDate,ExploitationVectors,CreationDate,LastModificationDate,DateOfDisclosure,DaysToReport,DaysToPatch,TargetedIndustries,TargetedIndustriesTree,TargetedRegions,TargetedRegionsHierarchy,SourceRegionsHierarchy,Tags,TagsDetails,AutogeneratedTags,RiskFactors,Motivations,MalwareRoles,Capabilities,OperatingSystems,CountersData,CountersFiles,CountersDomains,CountersIpAddresses,CountersUrls,CountersIocs,CountersSubscribers,CountersAttackTechniques,FilesCount,DomainsCount,IpAddressesCount,UrlsCount,ReferencesCount,SubscribersCount,VendorFixReferences,CollectionLinks,Cpes,AltNames,AltNamesDetails,DetectionNames,AvailableMitigation,Workarounds,Sources,FieldSources,Aggregations,AggregationsFiles,AggregationsFilesTags,AggregationsFilesTlshHash,AggregationsFilesEmbeddedDomains,AggregationsFilesEmbeddedUrls,AggregationsFilesCompressedParents,AggregationsFilesItwUrls,AggregationsFilesEmbeddedIps,AggregationsFilesPopularThreatName,AggregationsFilesSuggestedThreatLabel,AggregationsFilesContactedUrls,AggregationsFilesContactedDomains,AggregationsFilesContactedIps,AggregationsFilesExecutionParents,AggregationsFilesDroppedFilesSha256,AggregationsFilesBeHash,AggregationsFilesCrowdsourcedIdsResults,AggregationsFilesCrowdsourcedYaraResults,AggregationsFilesFileTypes,AggregationsFilesDroppedFilesPath,AggregationsFilesFilecondidsDhash,AggregationsFilesSandboxVerdicts,AggregationsFilesPopularThreatCategory,AggregationsFilesAttackTechniques,AggregationsFilesMemoryPatternUrls,AggregationsFilesAttackTactics,AggregationsFilesParentContactedDomains,AggregationsFilesVhash,AggregationsFilesMutexesCreated,AggregationsFilesRegistryKeysOpened,AggregationsFilesRegistryKeysSet,SummaryStats,SummaryStatsFirstSubmissionDate,SummaryStatsFirstSubmissionDateMin,SummaryStatsFirstSubmissionDateMax,SummaryStatsFirstSubmissionDateAvg,SummaryStatsLastSubmissionDate,SummaryStatsLastSubmissionDateMin,SummaryStatsLastSubmissionDateMax,SummaryStatsLastSubmissionDateAvg,SummaryStatsFilesDetections,SummaryStatsFilesDetectionsMin,SummaryStatsFilesDetectionsMax,SummaryStatsFilesDetectionsAvg,CisaKnownExploited,CisaKnownExploitedRansomwareUse,CisaKnownExploitedAddedDate,CisaKnownExploitedDueDate,RecentActivitySummary,RecentActivityRelativeChange,ContextAttributes,SharedWithMe,ContextRole,MergedActors,VersionHistory,FirstSeenDetails,LastSeenDetails,Type
2026-08-05 07:31:42.762855+00:00,vulnerability--cve-2026-15918,collection,https://www.virustotal.com/api/v3/collections/vulnerability--cve-2026-15918,,CVE-2026-15918,MVE-2026-49858,,,vulnerability--e7a7cb37-02c0-5497-8133-10d084b24724,vulnerability--09bb1b2e-429b-5aaf-ac4a-76bf576d5e85,CVE-2026-15918,"Mitre Corporation has provided the following description:   
*VikAppointments Service Booking Calendar wordpress plugin is vulnerable to unauthenticated SQL injection due to one of the parameters that controls how the public reviews list is sorted is taken from the incoming request and used to build a database query without proper validation or sanitization. Because this value is placed directly into the query, an attacker who is not logged in can inject arbitrary SQL through a normal booking page and read data from the site's database — including sensitive information such as WordPress user credentials. No authentication or special privileges are required*","* An Improper Neutralization of Special Elements used in an SQL Command ('SQL Injection') vulnerability exists that, when exploited, allows an attacker to achieve unknown impacts.
* We are currently unaware of exploitation activity in the wild. Exploit code is not publicly available.
* Google Threat Intelligence Group (GTIG) considers this a Medium-risk vulnerability due to unknown impacts.
* There are currently no mitigation options available for this issue.",,COMPUTED,vulnerability,Google Threat Intelligence,False,[],,MEDIUM,P3,No Known,No Known,,,,,,,,7.5,6.9,CVSS:3.1/AV:N/AC:L/PR:N/UI:N/S:U/C:H/I:N/A:N/E:U/RL:U/RC:C,,,,,,,,,,,,,,,,,,,,,CWE-89,Improper Neutralization of Special Elements used in an SQL Command ('SQL Injection'),,,,,[],1785912320,1785915032,1785888000,,,[],[],[],[],[],[],[],[],[],[],[],[],[],,0,0,0,0,0,0,0,0,0,0,0,0,0,[],[],,[],[],[],[],[],"[{""cvss"":{""cvssv3_x_translated"":null,""cvssv2_0"":null,""cvssv4_x"":null,""cvssv3_x"":{""base_score"":7.5,""temporal_score"":null,""vector"":""CVSS:3.1/AV:N/AC:L/PR:N/UI:N/S:U/C:H/I:N/A:N""}},""source_description"":null,""md5"":""e8bbe55992deacd329b7bbd63dc5b8f9"",""unique_id"":null,""published_date"":1785903925,""url"":""https://github.com/CVEProject/cvelistV5/blob/main/cves/2026/15xxx/CVE-2026-15918.json"",""title"":null,""name"":""Mitre Corporation""}]","[{""source"":{""sources"":[],""field_type"":""Ranked"",""source_name"":""Mitre Corporation"",""source_url"":""""},""field"":""cvss.cvssv3_x""},{""source"":{""sources"":[],""field_type"":""Ranked"",""source_name"":""Mitre Corporation"",""source_url"":""""},""field"":""cwe""},{""source"":{""sources"":[],""field_type"":""Ranked"",""source_name"":""Mitre Corporation"",""source_url"":""""},""field"":""description""},{""source"":{""sources"":[],""field_type"":""Computed"",""source_name"":""Mitre Corporation"",""source_url"":""""},""field"":""date_of_disclosure""},{""source"":{""sources"":[],""field_type"":""Severity"",""source_name"":""Mitre Corporation"",""source_url"":""""},""field"":""exploitation_state""}]",,,,,,,,,,,,,,,,,,,,,,,,,,,,,,,,,,,,,,,,,,,,,,,,,,"[0,0,0,0,0,0,0,0,0,0,0,0,0,0]",,,False,viewer,[],"[{""date"":1785915032,""version_notes"":[""exploit_availability: Added"",""predicted_risk_rating: Added"",""priority: P4 -> P3""]},{""date"":1785912318,""version_notes"":[""sources: Added https://github.com/CVEProject/cvelistV5/blob/main/cves/2026/15xxx/CVE-2026-15918.json""]}]",[],[],GTI_Vulnerabilities_CL
2026-08-05 07:31:42.762855+00:00,vulnerability--cve-2026-16143,collection,https://www.virustotal.com/api/v3/collections/vulnerability--cve-2026-16143,,CVE-2026-16143,MVE-2026-49860,,,vulnerability--4d1ae8ad-6a8f-5dda-9ce7-5a9cbcaa4393,vulnerability--df45b3cc-2f24-5399-bb6f-8afb4188703f,CVE-2026-16143,"Mitre Corporation has provided the following description:   
*The VikRentItems – Flexible Rental Management System plugin for WordPress is vulnerable to Stored Cross-Site Scripting via the customer email field of the booking checkout form in versions up to, and including, 1.2.1. This is due to insufficient input sanitization and output escaping in the saveorder() function, which stores the raw email value via VikRequest::getString() (applying only sanitize\_text\_field(), which does not neutralize HTML attribute-breaking characters such as double quotes), and in the editorder template which echoes the stored custmail value into an HTML input element's value attribute without esc\_attr(). This makes it possible for unauthenticated attackers to inject arbitrary web scripts in pages that will execute whenever a user accesses an injected page.*","* An Improper Neutralization of Input During Web Page Generation ('Cross-site Scripting') vulnerability exists that, when exploited, allows a remote attacker to achieve unknown impacts.
* We are currently unaware of exploitation activity in the wild. Exploit code is not publicly available.
* Google Threat Intelligence Group (GTIG) considers this a Low-risk vulnerability due to unknown impacts.
* There are currently no mitigation options available for this issue.",,COMPUTED,vulnerability,Google Threat Intelligence,False,[],,LOW,P4,No Known,No Known,,,,,,,,7.2,6.6,CVSS:3.1/AV:N/AC:L/PR:N/UI:N/S:C/C:L/I:L/A:N/E:U/RL:U/RC:C,,,,,,,,,,,,,,,,,,,,,CWE-79,Improper Neutralization of Input During Web Page Generation ('Cross-site Scripting'),,,,,"[""Browser""]",1785912320,1785915034,1785888000,,,[],[],[],[],[],[],[],[],[],[],[],[],[],,0,0,0,0,0,0,0,0,0,0,0,0,0,[],[],,[],[],[],[],[],"[{""cvss"":{""cvssv3_x_translated"":null,""cvssv2_0"":null,""cvssv4_x"":null,""cvssv3_x"":{""base_score"":7.2,""temporal_score"":null,""vector"":""CVSS:3.1/AV:N/AC:L/PR:N/UI:N/S:C/C:L/I:L/A:N""}},""source_description"":null,""md5"":""76745b45f71982efb3f0071f93fe3a4c"",""unique_id"":null,""published_date"":1785903924,""url"":""https://github.com/CVEProject/cvelistV5/blob/main/cves/2026/16xxx/CVE-2026-16143.json"",""title"":null,""name"":""Mitre Corporation""}]","[{""source"":{""sources"":[],""field_type"":""Ranked"",""source_name"":""Mitre Corporation"",""source_url"":""""},""field"":""cvss.cvssv3_x""},{""source"":{""sources"":[],""field_type"":""Ranked"",""source_name"":""Mitre Corporation"",""source_url"":""""},""field"":""cwe""},{""source"":{""sources"":[],""field_type"":""Ranked"",""source_name"":""Mitre Corporation"",""source_url"":""""},""field"":""description""},{""source"":{""sources"":[],""field_type"":""Computed"",""source_name"":""Mitre Corporation"",""source_url"":""""},""field"":""date_of_disclosure""},{""source"":{""sources"":[{""source_names"":[""Google Threat Intelligence Group (GTIG)""],""source_urls"":[]}],""field_type"":""Merged"",""source_name"":null,""source_url"":null},""field"":""exploitation_vectors""},{""source"":{""sources"":[],""field_type"":""Severity"",""source_name"":""Mitre Corporation"",""source_url"":""""},""field"":""exploitation_state""}]",,,,,,,,,,,,,,,,,,,,,,,,,,,,,,,,,,,,,,,,,,,,,,,,,,"[0,0,0,0,0,0,0,0,0,0,0,0,0,0]",,,False,viewer,[],"[{""date"":1785915034,""version_notes"":[""exploit_availability: Added"",""exploitation_vectors: Added"",""predicted_risk_rating: Added""]},{""date"":1785912318,""version_notes"":[""sources: Added https://github.com/CVEProject/cvelistV5/blob/main/cves/2026/16xxx/CVE-2026-16143.json""]}]",[],[],GTI_Vulnerabilities_CL
2026-08-05 07:31:42.762855+00:00,vulnerability--cve-2026-11421,collection,https://www.virustotal.com/api/v3/collections/vulnerability--cve-2026-11421,,CVE-2026-11421,MVE-2026-49857,,,vulnerability--4d9a768a-9fd5-5445-a4cb-537db9f61070,vulnerability--6de5f8a4-caea-54b2-9ebc-44983280c76a,CVE-2026-11421,"Mitre Corporation has provided the following description:   
*The ERP: Complete HR, Accounting &amp; CRM Suite with WooCommerce CRM Support plugin for WordPress is vulnerable to SQL Injection via the 'erpadvancefilter' parameter in all versions up to, and including, 1.17.4 due to insufficient escaping on the user supplied parameter and lack of sufficient preparation on the existing SQL query. The handler runs the value through sanitize\_text\_field, which preserves single quotes, and the downstream erp\_crm\_contact\_advance\_filter() function interpolates it directly into a single-quoted SQL WHERE clause before execution via $wpdb-&gt;get\_results(). This makes it possible for authenticated attackers, with the plugin-supplied CRM Agent role (or higher CRM Manager / WordPress admin) and the erp\_crm\_list\_contact capability, to append additional SQL queries into already existing queries that can be used to extract sensitive information from the database.*","* An Improper Neutralization of Special Elements used in an SQL Command ('SQL Injection') vulnerability exists that, when exploited, allows a privileged attacker to achieve unknown impacts.
* We are currently unaware of exploitation activity in the wild. Exploit code is not publicly available.
* Google Threat Intelligence Group (GTIG) considers this a Medium-risk vulnerability due to unknown impacts.
* There are currently no mitigation options available for this issue.",,COMPUTED,vulnerability,Google Threat Intelligence,False,[],,MEDIUM,P3,No Known,No Known,,,,,,,,6.5,6,CVSS:3.1/AV:N/AC:L/PR:L/UI:N/S:U/C:H/I:N/A:N/E:U/RL:U/RC:C,,,,,,,,,,,,,,,,,,,,,CWE-89,Improper Neutralization of Special Elements used in an SQL Command ('SQL Injection'),,,,,[],1785912320,1785915051,1785888000,,,[],[],[],[],[],[],[],[],[],[],[],[],[],,0,0,0,0,0,0,0,0,0,0,0,0,0,[],[],,[],[],[],[],[],"[{""cvss"":{""cvssv3_x_translated"":null,""cvssv2_0"":null,""cvssv4_x"":null,""cvssv3_x"":{""base_score"":6.5,""temporal_score"":null,""vector"":""CVSS:3.1/AV:N/AC:L/PR:L/UI:N/S:U/C:H/I:N/A:N""}},""source_description"":null,""md5"":""c797ebf5dbc096057dae70004c318ca0"",""unique_id"":null,""published_date"":1785903926,""url"":""https://github.com/CVEProject/cvelistV5/blob/main/cves/2026/11xxx/CVE-2026-11421.json"",""title"":null,""name"":""Mitre Corporation""}]","[{""source"":{""sources"":[],""field_type"":""Ranked"",""source_name"":""Mitre Corporation"",""source_url"":""""},""field"":""cvss.cvssv3_x""},{""source"":{""sources"":[],""field_type"":""Ranked"",""source_name"":""Mitre Corporation"",""source_url"":""""},""field"":""cwe""},{""source"":{""sources"":[],""field_type"":""Ranked"",""source_name"":""Mitre Corporation"",""source_url"":""""},""field"":""description""},{""source"":{""sources"":[],""field_type"":""Computed"",""source_name"":""Mitre Corporation"",""source_url"":""""},""field"":""date_of_disclosure""},{""source"":{""sources"":[],""field_type"":""Severity"",""source_name"":""Mitre Corporation"",""source_url"":""""},""field"":""exploitation_state""}]",,,,,,,,,,,,,,,,,,,,,,,,,,,,,,,,,,,,,,,,,,,,,,,,,,"[0,0,0,0,0,0,0,0,0,0,0,0,0,0]",,,False,viewer,[],"[{""date"":1785915051,""version_notes"":[""exploit_availability: Added"",""predicted_risk_rating: Added"",""priority: P4 -> P3""]},{""date"":1785912318,""version_notes"":[""sources: Added https://github.com/CVEProject/cvelistV5/blob/main/cves/2026/11xxx/CVE-2026-11421.json""]}]",[],[],GTI_Vulnerabilities_CL
2026-08-05 07:31:42.762855+00:00,vulnerability--cve-2026-15941,collection,https://www.virustotal.com/api/v3/collections/vulnerability--cve-2026-15941,,CVE-2026-15941,MVE-2026-49859,,,vulnerability--f62d7f82-9a5a-51ef-87e1-50f9c56f241e,vulnerability--de0b26fe-8b78-5239-be73-d7a40d7b1e34,CVE-2026-15941,"Mitre Corporation has provided the following description:   
*The plugin provides an Admin Search page that allows users with the `edit\_posts` capability to run Relevanssi searches from the WordPress dashboard. The AJAX handler accepts a URL-encoded `args` parameter, parses it into a `WP\_Query`, and then passes user-controlled taxonomy query data into Relevanssi's taxonomy restriction builder. The taxonomy value is sanitized as text but is not parameterized for SQL before being interpolated into a term taxonomy lookup query. This allows an authenticated contributor-level attacker to inject SQL through the Admin Search AJAX request and execute time-based blind SQL injection against the WordPress database.*","* An Improper Neutralization of Special Elements used in an SQL Command ('SQL Injection') vulnerability exists that, when exploited, allows a privileged attacker to achieve unknown impacts.
* We are currently unaware of exploitation activity in the wild. Exploit code is not publicly available.
* Google Threat Intelligence Group (GTIG) considers this a Medium-risk vulnerability due to unknown impacts.
* There are currently no mitigation options available for this issue.",,COMPUTED,vulnerability,Google Threat Intelligence,False,[],,MEDIUM,P3,No Known,No Known,,,,,,,,6.5,6,CVSS:3.1/AV:N/AC:L/PR:L/UI:N/S:U/C:H/I:N/A:N/E:U/RL:U/RC:C,,,,,,,,,,,,,,,,,,,,,CWE-89,Improper Neutralization of Special Elements used in an SQL Command ('SQL Injection'),,,,,[],1785912320,1785915053,1785888000,,,[],[],[],[],[],[],[],[],[],[],[],[],[],,0,0,0,0,0,0,0,0,0,0,0,0,0,[],[],,[],[],[],[],[],"[{""cvss"":{""cvssv3_x_translated"":null,""cvssv2_0"":null,""cvssv4_x"":null,""cvssv3_x"":{""base_score"":6.5,""temporal_score"":null,""vector"":""CVSS:3.1/AV:N/AC:L/PR:L/UI:N/S:U/C:H/I:N/A:N""}},""source_description"":null,""md5"":""aa62a0d25950e0ac2fb8bc4eb839d6b7"",""unique_id"":null,""published_date"":1785907657,""url"":""https://github.com/CVEProject/cvelistV5/blob/main/cves/2026/15xxx/CVE-2026-15941.json"",""title"":null,""name"":""Mitre Corporation""}]","[{""source"":{""sources"":[],""field_type"":""Ranked"",""source_name"":""Mitre Corporation"",""source_url"":""""},""field"":""cvss.cvssv3_x""},{""source"":{""sources"":[],""field_type"":""Ranked"",""source_name"":""Mitre Corporation"",""source_url"":""""},""field"":""cwe""},{""source"":{""sources"":[],""field_type"":""Ranked"",""source_name"":""Mitre Corporation"",""source_url"":""""},""field"":""description""},{""source"":{""sources"":[],""field_type"":""Computed"",""source_name"":""Mitre Corporation"",""source_url"":""""},""field"":""date_of_disclosure""},{""source"":{""sources"":[],""field_type"":""Severity"",""source_name"":""Mitre Corporation"",""source_url"":""""},""field"":""exploitation_state""}]",,,,,,,,,,,,,,,,,,,,,,,,,,,,,,,,,,,,,,,,,,,,,,,,,,"[0,0,0,0,0,0,0,0,0,0,0,0,0,0]",,,False,viewer,[],"[{""date"":1785915053,""version_notes"":[""exploit_availability: Added"",""predicted_risk_rating: Added"",""priority: P4 -> P3""]},{""date"":1785912318,""version_notes"":[""sources: Added https://github.com/CVEProject/cvelistV5/blob/main/cves/2026/15xxx/CVE-2026-15941.json""]}]",[],[],GTI_Vulnerabilities_CL
2026-08-05 07:31:42.762855+00:00,vulnerability--cve-2026-71201,collection,https://www.virustotal.com/api/v3/collections/vulnerability--cve-2026-71201,,CVE-2026-71201,MVE-2026-49856,,,vulnerability--f98e6962-b6b1-5916-b1f7-af443bee2f1b,vulnerability--76713ef2-b15c-508e-8238-e0b7e8009169,CVE-2026-71201,"Mitre Corporation has provided the following description:   
*In OpenStack Ironic through 38.0.0, a project reader that makes a crafted request to Ironic can return Portgroups assigned to Nodes owned or leased by another project.*","* An Incorrect Authorization vulnerability exists that, when exploited, allows a privileged attacker to achieve unknown impacts.
* We are currently unaware of exploitation activity in the wild. Exploit code is not publicly available.
* Google Threat Intelligence Group (GTIG) considers this a Low-risk vulnerability due to unknown impacts.
* There are currently no mitigation options available for this issue.",,COMPUTED,vulnerability,Google Threat Intelligence,False,[],,LOW,P4,No Known,No Known,,,,,,,,5,4.6,CVSS:3.1/AV:N/AC:L/PR:L/UI:N/S:C/C:L/I:N/A:N/E:U/RL:U/RC:C,,,,,,,,,,,,,,,,,,,,,CWE-863,Incorrect Authorization,,,,,[],1785912320,1785915097,1785888000,,,[],[],[],[],[],[],[],[],[],[],[],[],[],,0,0,0,0,0,0,0,0,0,0,0,0,0,[],[],"[{""start_rel"":"">="",""end_rel"":""<="",""end_cpe"":{""vendor"":""OpenStack"",""uri"":""cpe:2.3:a:openstack:ironic:38.0.0:*:*:*:*:*:*:*"",""product"":""Ironic"",""version"":""38.0.0""},""start_cpe"":{""vendor"":""OpenStack"",""uri"":""cpe:2.3:a:openstack:ironic:36.0.0:*:*:*:*:*:*:*"",""product"":""Ironic"",""version"":""36.0.0""}},{""start_rel"":"">="",""end_rel"":""<="",""end_cpe"":{""vendor"":""OpenStack"",""uri"":""cpe:2.3:a:openstack:ironic:29.0.6:*:*:*:*:*:*:*"",""product"":""Ironic"",""version"":""29.0.6""},""start_cpe"":{""vendor"":""OpenStack"",""uri"":""cpe:2.3:a:openstack:ironic:1.0.0:*:*:*:*:*:*:*"",""product"":""Ironic"",""version"":""1.0.0""}},{""start_rel"":"">="",""end_rel"":""<="",""end_cpe"":{""vendor"":""OpenStack"",""uri"":""cpe:2.3:a:openstack:ironic:32.0.1:*:*:*:*:*:*:*"",""product"":""Ironic"",""version"":""32.0.1""},""start_cpe"":{""vendor"":""OpenStack"",""uri"":""cpe:2.3:a:openstack:ironic:30.0.0:*:*:*:*:*:*:*"",""product"":""Ironic"",""version"":""30.0.0""}},{""start_rel"":"">="",""end_rel"":""<="",""end_cpe"":{""vendor"":""OpenStack"",""uri"":""cpe:2.3:a:openstack:ironic:35.0.1:*:*:*:*:*:*:*"",""product"":""Ironic"",""version"":""35.0.1""},""start_cpe"":{""vendor"":""OpenStack"",""uri"":""cpe:2.3:a:openstack:ironic:33.0.0:*:*:*:*:*:*:*"",""product"":""Ironic"",""version"":""33.0.0""}}]",[],[],[],[],[],"[{""cvss"":{""cvssv3_x_translated"":null,""cvssv2_0"":null,""cvssv4_x"":null,""cvssv3_x"":{""base_score"":5,""temporal_score"":null,""vector"":""CVSS:3.1/AV:N/AC:L/PR:L/UI:N/S:C/C:L/I:N/A:N""}},""source_description"":null,""md5"":""5f65e8db427572340cb249dfa9697e03"",""unique_id"":null,""published_date"":1785910773,""url"":""https://github.com/CVEProject/cvelistV5/blob/main/cves/2026/71xxx/CVE-2026-71201.json"",""title"":null,""name"":""Mitre Corporation""}]","[{""source"":{""sources"":[],""field_type"":""Ranked"",""source_name"":""Mitre Corporation"",""source_url"":""""},""field"":""cvss.cvssv3_x""},{""source"":{""sources"":[],""field_type"":""Ranked"",""source_name"":""Mitre Corporation"",""source_url"":""""},""field"":""cwe""},{""source"":{""sources"":[],""field_type"":""Ranked"",""source_name"":""Mitre Corporation"",""source_url"":""""},""field"":""description""},{""source"":{""sources"":[],""field_type"":""Computed"",""source_name"":""Mitre Corporation"",""source_url"":""""},""field"":""date_of_disclosure""},{""source"":{""sources"":[],""field_type"":""Severity"",""source_name"":""Mitre Corporation"",""source_url"":""""},""field"":""exploitation_state""}]",,,,,,,,,,,,,,,,,,,,,,,,,,,,,,,,,,,,,,,,,,,,,,,,,,"[0,0,0,0,0,0,0,0,0,0,0,0,0,0]",,,False,viewer,[],"[{""date"":1785915097,""version_notes"":[""exploit_availability: Added"",""predicted_risk_rating: Added""]},{""date"":1785912325,""version_notes"":[""cpes: Added"",""sources: Added https://github.com/CVEProject/cvelistV5/blob/main/cves/2026/71xxx/CVE-2026-71201.json""]}]",[],[],GTI_Vulnerabilities_CL
2026-08-05 07:31:42.762855+00:00,vulnerability--cve-2026-18903,collection,https://www.virustotal.com/api/v3/collections/vulnerability--cve-2026-18903,,CVE-2026-18903,MVE-2026-49863,,,vulnerability--7c40431e-6998-5ef3-a32b-5740ed7c3129,vulnerability--ae46a385-a6fd-5c17-9060-593491e9506b,CVE-2026-18903,"Mitre Corporation has provided the following description:   
*A vulnerability was determined in yeqifu warehouse up to aaf29962ba407d22d991781de28796ee7b4670e4. This issue affects some unknown processing of the file src/main/java/com/yeqifu/sys/controller/FileController.java. This manipulation of the argument path causes path traversal. It is possible to initiate the attack remotely. The exploit has been publicly disclosed and may be utilized. This product is using a rolling release to provide continious delivery. Therefore, no version details for affected nor updated releases are available. The vendor was contacted early about this disclosure but did not respond in any way.*","* An Improper Limitation of a Pathname to a Restricted Directory ('Path Traversal') vulnerability exists that, when exploited, allows a privileged attacker to achieve unknown impacts.
* We are currently unaware of exploitation activity in the wild. Exploit code is not publicly available.
* Google Threat Intelligence Group (GTIG) considers this a Low-risk vulnerability due to unknown impacts.
* There are currently no mitigation options available for this issue.",,COMPUTED,vulnerability,Google Threat Intelligence,False,[],,LOW,P4,No Known,No Known,,,,4,3.4,AV:N/AC:L/Au:S/C:P/I:N/A:N/E:POC/RL:ND/RC:UR,,4.3,3.9,CVSS:3.0/AV:N/AC:L/PR:L/UI:N/S:U/C:L/I:N/A:N/E:P/RL:X/RC:R,,,,,,1.3,CVSS:4.0/AV:N/AC:L/AT:N/PR:L/UI:N/VC:L/SC:N/VI:N/SI:N/VA:N/SA:N/E:U,,Unreported,,,,,,,,,,,,CWE-22,Improper Limitation of a Pathname to a Restricted Directory ('Path Traversal'),,,,,[],1785912330,1785915100,1785888000,,,[],[],[],[],[],[],[],[],[],[],[],[],[],,0,0,0,0,0,0,0,0,0,0,0,0,0,[],[],,[],[],[],[],[],"[{""cvss"":{""cvssv3_x_translated"":null,""cvssv2_0"":{""base_score"":4,""temporal_score"":null,""vector"":""AV:N/AC:L/Au:S/C:P/I:N/A:N/E:POC/RL:ND/RC:UR""},""cvssv4_x"":{""threat"":null,""score"":2.1,""supplemental"":null,""vector"":""CVSS:4.0/AV:N/AC:L/AT:N/PR:L/UI:N/VC:L/SC:N/VI:N/SI:N/VA:N/SA:N/E:P""},""cvssv3_x"":{""base_score"":4.3,""temporal_score"":null,""vector"":""CVSS:3.0/AV:N/AC:L/PR:L/UI:N/S:U/C:L/I:N/A:N/E:P/RL:X/RC:R""}},""source_description"":null,""md5"":""b2d3e27d6c315d0653a49a4d044a4e24"",""unique_id"":null,""published_date"":1785905108,""url"":""https://github.com/CVEProject/cvelistV5/blob/main/cves/2026/18xxx/CVE-2026-18903.json"",""title"":null,""name"":""Mitre Corporation""}]","[{""source"":{""sources"":[],""field_type"":""Ranked"",""source_name"":""Mitre Corporation"",""source_url"":""""},""field"":""cvss.cvssv4_x.vector""},{""source"":{""sources"":[],""field_type"":""Ranked"",""source_name"":""Mitre Corporation"",""source_url"":""""},""field"":""cvss.cvssv3_x""},{""source"":{""sources"":[],""field_type"":""Ranked"",""source_name"":""Mitre Corporation"",""source_url"":""""},""field"":""cvss.cvssv2_0""},{""source"":{""sources"":[],""field_type"":""Ranked"",""source_name"":""Mitre Corporation"",""source_url"":""""},""field"":""cwe""},{""source"":{""sources"":[],""field_type"":""Ranked"",""source_name"":""Mitre Corporation"",""source_url"":""""},""field"":""description""},{""source"":{""sources"":[],""field_type"":""Computed"",""source_name"":""Mitre Corporation"",""source_url"":""""},""field"":""date_of_disclosure""},{""source"":{""sources"":[],""field_type"":""Severity"",""source_name"":""Mitre Corporation"",""source_url"":""""},""field"":""exploitation_state""}]",,,,,,,,,,,,,,,,,,,,,,,,,,,,,,,,,,,,,,,,,,,,,,,,,,"[0,0,0,0,0,0,0,0,0,0,0,0,0,0]",,,False,viewer,[],"[{""date"":1785915100,""version_notes"":[""exploit_availability: Added"",""predicted_risk_rating: Added""]},{""date"":1785912328,""version_notes"":[""sources: Added https://github.com/CVEProject/cvelistV5/blob/main/cves/2026/18xxx/CVE-2026-18903.json""]}]",[],[],GTI_Vulnerabilities_CL
2026-08-05 07:21:42.294613+00:00,vulnerability--cve-2026-64827,collection,https://www.virustotal.com/api/v3/collections/vulnerability--cve-2026-64827,,CVE-2026-64827,MVE-2026-49329,,,vulnerability--794a2574-fbd0-5641-b692-71e8b207d4b0,vulnerability--127979b2-718f-52e2-9d5f-21f8a6adc366,CVE-2026-64827,"Cybersecurity and Infrastructure Security Agency (CISA) has provided the following description:   
*Telenia Software TVox 26.5.3 and prior 26.x versions, and 24.9.21 and prior 24.x versions, contain an authentication bypass vulnerability in set\_env.php where the redirectToLoginAdminIRequestHaveAccessToken() function derives the current page name from PHP\_SELF and skips authentication when the value matches 'login\_admin.php'. Attackers can append '/login\_admin.php' to the path of any target PHP script to cause the authentication check to pass and gain unauthenticated access to all PHP scripts under the manager HTML directory.*","* A Reliance on Untrusted Inputs in a Security Decision vulnerability exists that, when exploited, allows a remote attacker to bypass certain security mechanisms.
* We are currently unaware of exploitation activity in the wild.
* Google Threat Intelligence Group (GTIG) considers this a High-risk vulnerability due to the potential for bypassing certain security mechanisms, the trivial nature of exploitation and the default configuration being vulnerable.
* Mitigation options include a patch.","An authentication bypass vulnerability (CWE-807) exists in Telenia Software TVox Communication Center versions 26.5.3 and prior 26.x, and 24.9.21 and prior 24.x. The flaw in set\_env.php occurs because the redirectToLoginAdminIRequestHaveAccessToken function inspects untrusted PHP\_SELF path inputs and bypasses authentication checks whenever the path string ends with login\_admin.php. Unauthenticated remote attackers can exploit this vulnerability by appending /login\_admin.php to the URL path of any administrative PHP script, gaining full unauthorized access to all scripts under the manager portal directory. In enterprise telecommunications and call center environments, successful exploitation permits administrative takeover of PBX communications, call monitoring, and configuration tampering. Mitigation involves updating TVox to fixed releases.",COMPUTED,vulnerability,Google Threat Intelligence,False,[],HIGH,HIGH,P1,No Known,Publicly Available,Security Bypass,,,,,,,9.8,9.1,CVSS:3.1/AV:N/AC:L/PR:N/UI:N/S:U/C:H/I:H/A:H/E:F/RL:O/RC:C,,9.8,9.8,CVSS:3.1/AV:N/AC:L/PR:N/UI:N/S:U/C:H/I:H/A:H,,8.9,CVSS:4.0/AV:N/AC:L/AT:N/PR:N/UI:N/VC:H/SC:N/VI:H/SI:N/VA:H/SA:N/E:P,,POC,,,,,,,,,0.00426,0.35051,,CWE-807,Reliance on Untrusted Inputs in a Security Decision,,,,,"[""Exposed Web Application"",""Administrative Interface""]",1785771916,1785913834,1785715200,,,[],[],[],[],[],[],[],[],"[""Trivial to Exploit"",""Default Configuration is Vulnerable""]",[],[],[],[],,0,0,0,0,0,0,0,0,0,0,0,0,0,[],[],,[],[],[],"[""Patch""]",[],"[{""source_description"":null,""md5"":""7595659451acd6f114e31f94abfa82df"",""cvss"":{""cvssv4_x"":{""supplemental"":null,""vector"":""CVSS:4.0/AV:N/AC:L/AT:N/PR:N/UI:N/VC:H/SC:N/VI:H/SI:N/VA:H/SA:N"",""threat"":null,""score"":9.3},""cvssv2_0"":null,""cvssv3_x_translated"":null,""cvssv3_x"":{""temporal_score"":null,""vector"":""CVSS:3.1/AV:N/AC:L/PR:N/UI:N/S:U/C:H/I:H/A:H"",""base_score"":9.8}},""title"":null,""name"":""Cybersecurity and Infrastructure Security Agency (CISA)"",""published_date"":1785763570,""unique_id"":null,""url"":""https://github.com/cisagov/vulnrichment/blob/develop/2026/64xxx/CVE-2026-64827.json""},{""source_description"":null,""md5"":""e1c633d09b5f604069d8a3deda000a1f"",""cvss"":{""cvssv4_x"":{""supplemental"":null,""vector"":""CVSS:4.0/AV:N/AC:L/AT:N/PR:N/UI:N/VC:H/SC:N/VI:H/SI:N/VA:H/SA:N"",""threat"":null,""score"":9.3},""cvssv2_0"":null,""cvssv3_x_translated"":null,""cvssv3_x"":{""temporal_score"":null,""vector"":""CVSS:3.1/AV:N/AC:L/PR:N/UI:N/S:U/C:H/I:H/A:H"",""base_score"":9.8}},""title"":""Telenia TVox 26.5.3 Authentication Bypass via set_env.php"",""name"":""Mitre Corporation"",""published_date"":1785763570,""unique_id"":null,""url"":""https://github.com/CVEProject/cvelistV5/blob/main/cves/2026/64xxx/CVE-2026-64827.json""},{""source_description"":null,""md5"":null,""cvss"":{""cvssv4_x"":null,""cvssv2_0"":null,""cvssv3_x_translated"":null,""cvssv3_x"":{""temporal_score"":null,""vector"":""CVSS:3.1/AV:N/AC:L/PR:N/UI:N/S:U/C:H/I:H/A:H"",""base_score"":9.8}},""title"":null,""name"":""National Vulnerability Database"",""published_date"":1785766587,""unique_id"":null,""url"":""https://nvd.nist.gov/vuln/detail/CVE-2026-64827""},{""source_description"":null,""md5"":null,""cvss"":{""cvssv4_x"":null,""cvssv2_0"":null,""cvssv3_x_translated"":null,""cvssv3_x"":null},""title"":""Telenia Software TVox <= 26.5.3 (set_env.php) Authentication Bypass Vulnerability | Karma(In)Security"",""name"":""Karma(In)Security"",""published_date"":1785715200,""unique_id"":null,""url"":""https://karmainsecurity.com/KIS-2026-14""},{""source_description"":null,""md5"":null,""cvss"":{""cvssv4_x"":{""supplemental"":null,""vector"":""CVSS:4.0/AV:N/AC:L/AT:N/PR:N/UI:N/VC:H/VI:H/VA:H/SC:N/SI:N/SA:N"",""threat"":null,""score"":9.3},""cvssv2_0"":null,""cvssv3_x_translated"":null,""cvssv3_x"":null},""title"":""Telenia TVox 26.5.3 Authentication Bypass via set_env.php  | Advisories | VulnCheck"",""name"":""VulnCheck"",""published_date"":1785715200,""unique_id"":null,""url"":""https://www.vulncheck.com/advisories/telenia-tvox-authentication-bypass-via-set-env-php""},{""source_description"":null,""md5"":null,""cvss"":{""cvssv4_x"":{""supplemental"":null,""vector"":""CVSS:4.0/AV:N/AC:L/AT:N/PR:N/UI:N/VC:H/VI:H/VA:H/SC:N/SI:N/SA:N"",""threat"":null,""score"":9.3},""cvssv2_0"":null,""cvssv3_x_translated"":null,""cvssv3_x"":null},""title"":null,""name"":""European Vulnerability Database"",""published_date"":1785715200,""unique_id"":""EUVD-2026-52292"",""url"":""https://euvd.enisa.europa.eu/vulnerability/EUVD-2026-52292""},{""source_description"":null,""md5"":null,""cvss"":{""cvssv4_x"":null,""cvssv2_0"":null,""cvssv3_x_translated"":null,""cvssv3_x"":null},""title"":null,""name"":null,""published_date"":null,""unique_id"":null,""url"":""https://www.teleniasoftware.com""}]","[{""source"":{""source_name"":""Google Threat Intelligence Group (GTIG)"",""field_type"":""Ranked"",""sources"":[],""source_url"":""""},""field"":""cvss.cvssv4_x.vector""},{""source"":{""source_name"":""Google Threat Intelligence Group (GTIG)"",""field_type"":""Ranked"",""sources"":[],""source_url"":""""},""field"":""cvss.cvssv3_x_translated""},{""source"":{""source_name"":""Google Threat Intelligence Group (GTIG)"",""field_type"":""Ranked"",""sources"":[],""source_url"":""""},""field"":""cvss.cvssv3_x""},{""source"":{""source_name"":""Cybersecurity and Infrastructure Security Agency (CISA)"",""field_type"":""Ranked"",""sources"":[],""source_url"":""""},""field"":""cwe""},{""source"":{""source_name"":""Cybersecurity and Infrastructure Security Agency (CISA)"",""field_type"":""Ranked"",""sources"":[],""source_url"":""""},""field"":""description""},{""source"":{""source_name"":""Google Threat Intelligence Group (GTIG)"",""field_type"":""Ranked"",""sources"":[],""source_url"":""""},""field"":""exploitation_consequence""},{""source"":{""source_name"":""Karma(In)Security"",""field_type"":""Computed"",""sources"":[],""source_url"":""""},""field"":""date_of_disclosure""},{""source"":{""source_name"":null,""field_type"":""Merged"",""sources"":[{""source_names"":[""Google Threat Intelligence Group (GTIG)""],""source_urls"":[]}],""source_url"":null},""field"":""available_mitigation""},{""source"":{""source_name"":null,""field_type"":""Merged"",""sources"":[{""source_names"":[""Google Threat Intelligence Group (GTIG)"",""VulnCheck""],""source_urls"":[]},{""source_names"":[""Mitre Corporation"",""Karma(In)Security""],""source_urls"":[]}],""source_url"":null},""field"":""exploitation_vectors""},{""source"":{""source_name"":""Google Threat Intelligence Group (GTIG)"",""field_type"":""Severity"",""sources"":[],""source_url"":""""},""field"":""exploitation_state""}]",,,,,,,,,,,,,,,,,,,,,,,,,,,,,,,,,,,,,,,,,,,,,,,,,,"[0,0,0,0,0,0,0,0,0,0,0,0,0,0]",,,False,viewer,[],"[{""version_notes"":[""epss.score: Added""],""date"":1785913834},{""version_notes"":[""sources: Added https://euvd.enisa.europa.eu/vulnerability/EUVD-2026-52292""],""date"":1785848463},{""version_notes"":[""sources: Added https://github.com/cisagov/vulnrichment/blob/develop/2026/64xxx/CVE-2026-64827.json""],""date"":1785847234},{""version_notes"":[""analysis: Added"",""available_mitigation: Added"",""cvss.cvssv4_x.score: 8.1 -> 8.9"",""cvss.cvssv4_x.threat.exploit_maturity: Unreported -> POC"",""cvss.cvssv4_x.vector: Updated"",""exploit_availability: No Known -> Publicly Available"",""exploitation_vectors: Added ['Exposed Web Application']."",""priority: P2 -> P1"",""risk_factors: Added"",""risk_rating: Added"",""title: Updated""],""date"":1785800810},{""version_notes"":[""sources: Multiple sources added""],""date"":1785775504},{""version_notes"":[""exploit_availability: Added"",""exploitation_consequence: Added"",""exploitation_vectors: Added"",""predicted_risk_rating: Added"",""priority: P4 -> P2""],""date"":1785774718},{""version_notes"":[""title: Added""],""date"":1785772606},{""version_notes"":[""sources: Added https://github.com/CVEProject/cvelistV5/blob/main/cves/2026/64xxx/CVE-2026-64827.json""],""date"":1785771914}]",[],[],GTI_Vulnerabilities_CL
2026-08-05 07:21:42.294613+00:00,vulnerability--cve-2026-65802,collection,https://www.virustotal.com/api/v3/collections/vulnerability--cve-2026-65802,,CVE-2026-65802,MVE-2026-49480,,,vulnerability--ecad96a3-3829-57bd-b58d-b976ffc10cc5,vulnerability--e83c43a4-4252-5c08-b2f0-4fbafd6a173f,CVE-2026-65802,"Mitre Corporation has provided the following description:   
*External control of file name or path in Microsoft Edge for Android allows an unauthorized attacker to disclose information over a network.*","* An External Control of File Name or Path vulnerability exists that, when exploited, allows a remote attacker to obtain potentially sensitive information.
* We are currently unaware of exploitation activity in the wild. Exploit code is not publicly available.
* Google Threat Intelligence Group (GTIG) considers this a Low-risk vulnerability due to the potential for information disclosure, offset by user interaction requirements.
* Mitigation options include a patch.",,COMPUTED,vulnerability,Google Threat Intelligence,False,[],,LOW,P4,No Known,No Known,Information Disclosure,,,,,,,7.4,6.4,CVSS:3.1/AV:N/AC:L/PR:N/UI:R/S:C/C:H/I:N/A:N/E:U/RL:O/RC:C,,,,,,,,,,,,,,,,,,0.00942,0.5757,,CWE-73,External Control of File Name or Path,,,,,"[""Unspecified Remote Vector""]",1785805607,1785913835,1785715200,1,,[],[],[],[],[],[],[],[],"[""User Interaction Required""]",[],[],[],[],,0,0,0,0,0,0,0,0,0,0,0,0,0,[],[],,[],[],[],"[""Patch""]",[],"[{""source_description"":null,""md5"":""b9a6efd9ded4a4bdcdbe47ecd3822591"",""cvss"":{""cvssv4_x"":null,""cvssv2_0"":null,""cvssv3_x_translated"":null,""cvssv3_x"":{""temporal_score"":null,""vector"":""CVSS:3.1/AV:N/AC:L/PR:N/UI:R/S:C/C:H/I:N/A:N/E:U/RL:O/RC:C"",""base_score"":7.4}},""title"":""Microsoft Edge for Android Information Disclosure Vulnerability"",""name"":""Mitre Corporation"",""published_date"":1785797872,""unique_id"":null,""url"":""https://github.com/CVEProject/cvelistV5/blob/main/cves/2026/65xxx/CVE-2026-65802.json""},{""source_description"":null,""md5"":null,""cvss"":{""cvssv4_x"":null,""cvssv2_0"":null,""cvssv3_x_translated"":null,""cvssv3_x"":{""temporal_score"":null,""vector"":""CVSS:3.1/AV:N/AC:L/PR:N/UI:R/S:C/C:H/I:N/A:N"",""base_score"":7.4}},""title"":null,""name"":""National Vulnerability Database"",""published_date"":1785802657,""unique_id"":null,""url"":""https://nvd.nist.gov/vuln/detail/CVE-2026-65802""},{""source_description"":null,""md5"":null,""cvss"":{""cvssv4_x"":null,""cvssv2_0"":null,""cvssv3_x_translated"":null,""cvssv3_x"":{""temporal_score"":null,""vector"":""CVSS:3.1/AV:N/AC:L/PR:N/UI:R/S:C/C:H/I:N/A:N/E:U/RL:O/RC:C"",""base_score"":7.4}},""title"":null,""name"":""European Vulnerability Database"",""published_date"":1785715200,""unique_id"":""EUVD-2026-52529"",""url"":""https://euvd.enisa.europa.eu/vulnerability/EUVD-2026-52529""},{""source_description"":null,""md5"":null,""cvss"":{""cvssv4_x"":null,""cvssv2_0"":null,""cvssv3_x_translated"":null,""cvssv3_x"":null},""title"":null,""name"":null,""published_date"":null,""unique_id"":null,""url"":""https://msrc.microsoft.com/update-guide/vulnerability/CVE-2026-65802""}]","[{""source"":{""source_name"":""Mitre Corporation"",""field_type"":""Ranked"",""sources"":[],""source_url"":""""},""field"":""cvss.cvssv3_x""},{""source"":{""source_name"":""Mitre Corporation"",""field_type"":""Ranked"",""sources"":[],""source_url"":""""},""field"":""cwe""},{""source"":{""source_name"":""Mitre Corporation"",""field_type"":""Ranked"",""sources"":[],""source_url"":""""},""field"":""description""},{""source"":{""source_name"":""Mitre Corporation"",""field_type"":""Ranked"",""sources"":[],""source_url"":""""},""field"":""exploitation_consequence""},{""source"":{""source_name"":""European Vulnerability Database"",""field_type"":""Computed"",""sources"":[],""source_url"":""""},""field"":""date_of_disclosure""},{""source"":{""source_name"":null,""field_type"":""Merged"",""sources"":[{""source_names"":[""Mitre Corporation""],""source_urls"":[]}],""source_url"":null},""field"":""available_mitigation""},{""source"":{""source_name"":null,""field_type"":""Merged"",""sources"":[{""source_names"":[""Mitre Corporation""],""source_urls"":[]}],""source_url"":null},""field"":""exploitation_vectors""},{""source"":{""source_name"":""Mitre Corporation"",""field_type"":""Severity"",""sources"":[],""source_url"":""""},""field"":""exploitation_state""}]",,,,,,,,,,,,,,,,,,,,,,,,,,,,,,,,,,,,,,,,,,,,,,,,,,"[0,0,0,0,0,0,0,0,0,0,0,0,0,0]",,,False,viewer,[],"[{""version_notes"":[""epss.score: Added""],""date"":1785913835},{""version_notes"":[""sources: Added https://nvd.nist.gov/vuln/detail/CVE-2026-65802""],""date"":1785861904},{""version_notes"":[""sources: Multiple sources added""],""date"":1785848442},{""version_notes"":[""available_mitigation: Added"",""exploitation_consequence: Added"",""exploitation_vectors: Added""],""date"":1785844262},{""version_notes"":[""exploit_availability: Added"",""predicted_risk_rating: Added"",""risk_factors: Added""],""date"":1785807272},{""version_notes"":[""title: Added""],""date"":1785806282},{""version_notes"":[""sources: Added https://github.com/CVEProject/cvelistV5/blob/main/cves/2026/65xxx/CVE-2026-65802.json""],""date"":1785805606}]",[],[],GTI_Vulnerabilities_CL
2026-08-05 07:21:42.294613+00:00,vulnerability--cve-2026-65804,collection,https://www.virustotal.com/api/v3/collections/vulnerability--cve-2026-65804,,CVE-2026-65804,MVE-2026-49481,,,vulnerability--74de0638-791f-54bb-959e-08d5740cfae4,vulnerability--dca04ebd-8498-59ec-93a0-b4d8b671af56,CVE-2026-65804,"Mitre Corporation has provided the following description:   
*Improper control of generation of code ('code injection') in Microsoft Edge (Chromium-based) allows an unauthorized attacker to perform spoofing over a network.*","* An Improper Control of Generation of Code ('Code Injection') vulnerability exists that, when exploited, allows a remote attacker to spoof unspecified content.
* We are currently unaware of exploitation activity in the wild. Exploit code is not publicly available.
* Google Threat Intelligence Group (GTIG) considers this a Low-risk vulnerability due to the potential for spoofing unspecified content, offset by user interaction requirements.
* Mitigation options include a patch.",,COMPUTED,vulnerability,Google Threat Intelligence,False,[],,LOW,P4,No Known,No Known,Spoofing,,,,,,,6.1,5.3,CVSS:3.1/AV:N/AC:L/PR:N/UI:R/S:C/C:L/I:L/A:N/E:U/RL:O/RC:C,,,,,,,,,,,,,,,,,,0.00423,0.34844,,CWE-94,Improper Control of Generation of Code ('Code Injection'),,,,,"[""Unspecified Remote Vector""]",1785805607,1785913835,1785715200,1,,[],[],[],[],[],[],[],[],"[""User Interaction Required""]",[],[],[],[],,0,0,0,0,0,0,0,0,0,0,0,0,0,[],[],,[],[],[],"[""Patch""]",[],"[{""source_description"":null,""md5"":""2607c1df0857917e375f24ee9d03ccc4"",""cvss"":{""cvssv4_x"":null,""cvssv2_0"":null,""cvssv3_x_translated"":null,""cvssv3_x"":{""temporal_score"":null,""vector"":""CVSS:3.1/AV:N/AC:L/PR:N/UI:R/S:C/C:L/I:L/A:N/E:U/RL:O/RC:C"",""base_score"":6.1}},""title"":""Microsoft Edge (Chromium-based) Spoofing Vulnerability"",""name"":""Mitre Corporation"",""published_date"":1785797872,""unique_id"":null,""url"":""https://github.com/CVEProject/cvelistV5/blob/main/cves/2026/65xxx/CVE-2026-65804.json""},{""source_description"":null,""md5"":null,""cvss"":{""cvssv4_x"":null,""cvssv2_0"":null,""cvssv3_x_translated"":null,""cvssv3_x"":{""temporal_score"":null,""vector"":""CVSS:3.1/AV:N/AC:L/PR:N/UI:R/S:C/C:L/I:L/A:N"",""base_score"":6.1}},""title"":null,""name"":""National Vulnerability Database"",""published_date"":1785802658,""unique_id"":null,""url"":""https://nvd.nist.gov/vuln/detail/CVE-2026-65804""},{""source_description"":null,""md5"":null,""cvss"":{""cvssv4_x"":null,""cvssv2_0"":null,""cvssv3_x_translated"":null,""cvssv3_x"":{""temporal_score"":null,""vector"":""CVSS:3.1/AV:N/AC:L/PR:N/UI:R/S:C/C:L/I:L/A:N/E:U/RL:O/RC:C"",""base_score"":6.1}},""title"":null,""name"":""European Vulnerability Database"",""published_date"":1785715200,""unique_id"":""EUVD-2026-52530"",""url"":""https://euvd.enisa.europa.eu/vulnerability/EUVD-2026-52530""},{""source_description"":null,""md5"":null,""cvss"":{""cvssv4_x"":null,""cvssv2_0"":null,""cvssv3_x_translated"":null,""cvssv3_x"":null},""title"":null,""name"":null,""published_date"":null,""unique_id"":null,""url"":""https://msrc.microsoft.com/update-guide/vulnerability/CVE-2026-65804""}]","[{""source"":{""source_name"":""Mitre Corporation"",""field_type"":""Ranked"",""sources"":[],""source_url"":""""},""field"":""cvss.cvssv3_x""},{""source"":{""source_name"":""Mitre Corporation"",""field_type"":""Ranked"",""sources"":[],""source_url"":""""},""field"":""cwe""},{""source"":{""source_name"":""Mitre Corporation"",""field_type"":""Ranked"",""sources"":[],""source_url"":""""},""field"":""description""},{""source"":{""source_name"":""Mitre Corporation"",""field_type"":""Ranked"",""sources"":[],""source_url"":""""},""field"":""exploitation_consequence""},{""source"":{""source_name"":""European Vulnerability Database"",""field_type"":""Computed"",""sources"":[],""source_url"":""""},""field"":""date_of_disclosure""},{""source"":{""source_name"":null,""field_type"":""Merged"",""sources"":[{""source_names"":[""Mitre Corporation""],""source_urls"":[]}],""source_url"":null},""field"":""available_mitigation""},{""source"":{""source_name"":null,""field_type"":""Merged"",""sources"":[{""source_names"":[""Mitre Corporation""],""source_urls"":[]}],""source_url"":null},""field"":""exploitation_vectors""},{""source"":{""source_name"":""Mitre Corporation"",""field_type"":""Severity"",""sources"":[],""source_url"":""""},""field"":""exploitation_state""}]",,,,,,,,,,,,,,,,,,,,,,,,,,,,,,,,,,,,,,,,,,,,,,,,,,"[0,0,0,0,0,0,0,0,0,0,0,0,0,0]",,,False,viewer,[],"[{""version_notes"":[""epss.score: Added""],""date"":1785913835},{""version_notes"":[""sources: Added https://nvd.nist.gov/vuln/detail/CVE-2026-65804""],""date"":1785861972},{""version_notes"":[""sources: Multiple sources added""],""date"":1785848442},{""version_notes"":[""available_mitigation: Added"",""exploitation_consequence: Added"",""exploitation_vectors: Added""],""date"":1785844207},{""version_notes"":[""exploit_availability: Added"",""predicted_risk_rating: Added"",""risk_factors: Added""],""date"":1785807255},{""version_notes"":[""title: Added""],""date"":1785806209},{""version_notes"":[""sources: Added https://github.com/CVEProject/cvelistV5/blob/main/cves/2026/65xxx/CVE-2026-65804.json""],""date"":1785805606}]",[],[],GTI_Vulnerabilities_CL
2026-08-05 07:21:42.294613+00:00,vulnerability--cve-2026-68585,collection,https://www.virustotal.com/api/v3/collections/vulnerability--cve-2026-68585,,CVE-2026-68585,MVE-2026-49337,,,vulnerability--83f61e59-6eae-5fbf-8986-b05c7dd83d9c,vulnerability--9250d74c-9c40-50f3-a400-34389da306e4,CVE-2026-68585,"Cybersecurity and Infrastructure Security Agency (CISA) has provided the following description:   
*SiYuan versions before v3.7.3 contain a metadata disclosure vulnerability in the /api/block/getBlockInfo endpoint that returns document root metadata including title for publish-forbidden documents without publish-access checks. Anonymous readers or publish RoleReader tokens can supply a block ID to retrieve the title, notebook, path, root ID, and icon of documents administrators marked as excluded from publishing.*","* A Missing Authorization vulnerability exists that, when exploited, allows a remote attacker to obtain potentially sensitive information.
* We are currently unaware of exploitation activity in the wild. Exploit code is not publicly available.
* Google Threat Intelligence Group (GTIG) considers this a Low-risk vulnerability due to the potential for information disclosure.
* Mitigation options include a patch.",,COMPUTED,vulnerability,Google Threat Intelligence,False,[],,LOW,P4,No Known,No Known,Information Disclosure,,,,,,,5.8,5.1,CVSS:3.1/AV:N/AC:L/PR:N/UI:N/S:C/C:L/I:N/A:N/E:U/RL:O/RC:C,,5.8,5.8,CVSS:3.1/AV:N/AC:L/PR:N/UI:N/S:C/C:L/I:N/A:N,,2.7,CVSS:4.0/AV:N/AC:L/AT:N/PR:N/UI:N/VC:L/SC:L/VI:N/SI:N/VA:N/SA:N/E:U,,Unreported,,,,,,,,,0.00194,0.0937,,CWE-862,Missing Authorization,,,,,"[""Unspecified Remote Vector"",""Exposed Web Application""]",1785771934,1785913836,1784592000,13,,[],[],[],[],[],[],[],[],[],[],[],[],[],,0,0,0,0,0,0,0,0,0,0,0,0,0,"[{""source_description"":null,""md5"":null,""cvss"":null,""title"":""Cross-boundary metadata disclosure via getBlockInfo (publish mode): reader-reachable document title/root info for publish-forbidden docs; sibling getDocInfo is filtered · Advisory · siyuan-note/siyuan · GitHub"",""name"":null,""published_date"":1784592000,""unique_id"":""GHSA-pm3w-vxp9-ccwc"",""url"":""https://github.com/siyuan-note/siyuan/security/advisories/GHSA-pm3w-vxp9-ccwc""}]",[],"[{""end_cpe"":{""product"":""SiYuan"",""vendor"":""Siyuan-Note"",""uri"":""cpe:2.3:a:siyuan-note:siyuan:3.7.3:*:*:*:*:*:*:*"",""version"":""3.7.3""},""start_rel"":null,""start_cpe"":null,""end_rel"":""<""}]",[],[],[],"[""Patch""]",[],"[{""source_description"":null,""md5"":""7617aab0676036b9988597eef41793bb"",""cvss"":{""cvssv4_x"":{""supplemental"":null,""vector"":""CVSS:4.0/AV:N/AC:L/AT:N/PR:N/UI:N/VC:L/SC:L/VI:N/SI:N/VA:N/SA:N"",""threat"":null,""score"":6.9},""cvssv2_0"":null,""cvssv3_x_translated"":null,""cvssv3_x"":{""temporal_score"":null,""vector"":""CVSS:3.1/AV:N/AC:L/PR:N/UI:N/S:C/C:L/I:N/A:N"",""base_score"":5.8}},""title"":null,""name"":""Cybersecurity and Infrastructure Security Agency (CISA)"",""published_date"":1785763237,""unique_id"":null,""url"":""https://github.com/cisagov/vulnrichment/blob/develop/2026/68xxx/CVE-2026-68585.json""},{""source_description"":null,""md5"":""a3d0a7bf18b1a21aaedc3a3e2788faac"",""cvss"":{""cvssv4_x"":{""supplemental"":null,""vector"":""CVSS:4.0/AV:N/AC:L/AT:N/PR:N/UI:N/VC:L/SC:L/VI:N/SI:N/VA:N/SA:N"",""threat"":null,""score"":6.9},""cvssv2_0"":null,""cvssv3_x_translated"":null,""cvssv3_x"":{""temporal_score"":null,""vector"":""CVSS:3.1/AV:N/AC:L/PR:N/UI:N/S:C/C:L/I:N/A:N"",""base_score"":5.8}},""title"":null,""name"":""Mitre Corporation"",""published_date"":1785763237,""unique_id"":null,""url"":""https://github.com/CVEProject/cvelistV5/blob/main/cves/2026/68xxx/CVE-2026-68585.json""},{""source_description"":null,""md5"":null,""cvss"":{""cvssv4_x"":null,""cvssv2_0"":null,""cvssv3_x_translated"":null,""cvssv3_x"":{""temporal_score"":null,""vector"":""CVSS:3.1/AV:N/AC:L/PR:N/UI:N/S:C/C:L/I:N/A:N"",""base_score"":5.8}},""title"":null,""name"":""National Vulnerability Database"",""published_date"":1785766588,""unique_id"":null,""url"":""https://nvd.nist.gov/vuln/detail/CVE-2026-68585""},{""source_description"":null,""md5"":null,""cvss"":{""cvssv4_x"":{""supplemental"":null,""vector"":""CVSS:4.0/AV:N/AC:L/AT:N/PR:N/UI:N/VC:L/VI:N/VA:N/SC:L/SI:N/SA:N"",""threat"":null,""score"":6.9},""cvssv2_0"":null,""cvssv3_x_translated"":null,""cvssv3_x"":null},""title"":""SiYuan before v3.7.3 Metadata Disclosure via getBlockInfo | Advisories | VulnCheck"",""name"":""VulnCheck"",""published_date"":1785715200,""unique_id"":null,""url"":""https://www.vulncheck.com/advisories/siyuan-before-metadata-disclosure-via-getblockinfo""},{""source_description"":null,""md5"":null,""cvss"":{""cvssv4_x"":{""supplemental"":null,""vector"":""CVSS:4.0/AV:N/AC:L/AT:N/PR:N/UI:N/VC:L/VI:N/VA:N/SC:L/SI:N/SA:N"",""threat"":null,""score"":6.9},""cvssv2_0"":null,""cvssv3_x_translated"":null,""cvssv3_x"":null},""title"":null,""name"":""European Vulnerability Database"",""published_date"":1785715200,""unique_id"":""EUVD-2026-52273"",""url"":""https://euvd.enisa.europa.eu/vulnerability/EUVD-2026-52273""}]","[{""source"":{""source_name"":""Cybersecurity and Infrastructure Security Agency (CISA)"",""field_type"":""Ranked"",""sources"":[],""source_url"":""""},""field"":""cvss.cvssv4_x.vector""},{""source"":{""source_name"":""Google Threat Intelligence Group (GTIG)"",""field_type"":""Ranked"",""sources"":[],""source_url"":""""},""field"":""cvss.cvssv3_x_translated""},{""source"":{""source_name"":""Cybersecurity and Infrastructure Security Agency (CISA)"",""field_type"":""Ranked"",""sources"":[],""source_url"":""""},""field"":""cvss.cvssv3_x""},{""source"":{""source_name"":""Cybersecurity and Infrastructure Security Agency (CISA)"",""field_type"":""Ranked"",""sources"":[],""source_url"":""""},""field"":""cwe""},{""source"":{""source_name"":""Cybersecurity and Infrastructure Security Agency (CISA)"",""field_type"":""Ranked"",""sources"":[],""source_url"":""""},""field"":""description""},{""source"":{""source_name"":""Mitre Corporation"",""field_type"":""Ranked"",""sources"":[],""source_url"":""""},""field"":""exploitation_consequence""},{""source"":{""source_name"":null,""field_type"":""Computed"",""sources"":[],""source_url"":""""},""field"":""date_of_disclosure""},{""source"":{""source_name"":null,""field_type"":""Merged"",""sources"":[{""source_names"":[""Mitre Corporation""],""source_urls"":[]}],""source_url"":null},""field"":""available_mitigation""},{""source"":{""source_name"":null,""field_type"":""Merged"",""sources"":[{""source_names"":[""Mitre Corporation""],""source_urls"":[]},{""source_names"":[""VulnCheck""],""source_urls"":[]}],""source_url"":null},""field"":""exploitation_vectors""},{""source"":{""source_name"":""Mitre Corporation"",""field_type"":""Severity"",""sources"":[],""source_url"":""""},""field"":""exploitation_state""}]",,,,,,,,,,,,,,,,,,,,,,,,,,,,,,,,,,,,,,,,,,,,,,,,,,"[0,0,0,0,0,0,0,0,0,0,0,0,0,0]",,,False,viewer,[],"[{""version_notes"":[""epss.score: Added""],""date"":1785913836},{""version_notes"":[""sources: Added https://euvd.enisa.europa.eu/vulnerability/EUVD-2026-52273""],""date"":1785848463},{""version_notes"":[""sources: Added https://github.com/cisagov/vulnrichment/blob/develop/2026/68xxx/CVE-2026-68585.json""],""date"":1785847234},{""version_notes"":[""date_of_disclosure: 2026-08-03 -> 2026-07-21"",""exploitation_vectors: Added ['Exposed Web Application'].""],""date"":1785807317},{""version_notes"":[""sources: Multiple sources added""],""date"":1785775505},{""version_notes"":[""exploit_availability: Added"",""predicted_risk_rating: Added""],""date"":1785774651},{""version_notes"":[""available_mitigation: Added"",""exploitation_consequence: Added"",""exploitation_vectors: Added""],""date"":1785774580},{""version_notes"":[""title: Added""],""date"":1785772675},{""version_notes"":[""cpes: Added"",""sources: Added https://github.com/CVEProject/cvelistV5/blob/main/cves/2026/68xxx/CVE-2026-68585.json""],""date"":1785771952}]",[],[],GTI_Vulnerabilities_CL
