{
  "version": "3.0.0",
  "kind": "Solution",
  "contentSchemaVersion": "3.0.0",
  "contentId": "TacitRedCompromisedCredentials",
  "contentKind": "Solution",
  "displayName": "TacitRed Compromised Credentials",
  "publisherDisplayName": "TacitRed",
  "descriptionHtml": "<p><strong>TacitRed Compromised Credentials</strong> provides real-time detection and monitoring of compromised user credentials, domain takeovers, and identity-based threats.</p><p>This solution includes:</p><ul><li><strong>Data Connector:</strong> CCF (Codeless Connector Framework) connector for TacitRed API integration</li><li><strong>Analytics Rule:</strong> Repeat Compromise Detection to identify persistent threats</li><li><strong>Workbook:</strong> Comprehensive visualization of credential compromise patterns</li></ul><p><strong>Key Features:</strong></p><ul><li>Real-time credential compromise detection</li><li>Domain-level threat analysis</li><li>High-risk user identification</li><li>Confidence scoring and trending</li><li>Integration with Microsoft Sentinel incidents</li></ul>",
  "contentProductId": "tacitred-compromised-credentials-solution",
  "id": "tacitred-compromised-credentials-solution",
  "icon": "<svg xmlns=\"http://www.w3.org/2000/svg\" width=\"64\" height=\"64\" viewBox=\"0 0 64 64\"><rect width=\"64\" height=\"64\" fill=\"#0078D4\"/><path d=\"M32 16 L48 32 L32 48 L16 32 Z\" fill=\"#FFFFFF\"/><circle cx=\"32\" cy=\"32\" r=\"8\" fill=\"#0078D4\"/></svg>",
  "threatAnalysisTactics": [
    "CredentialAccess",
    "InitialAccess"
  ],
  "threatAnalysisTechniques": [
    "T1110",
    "T1078",
    "T1589"
  ],
  "categories": {
    "domains": [
      "Identity",
      "Security - Threat Protection"
    ]
  },
  "support": {
    "tier": "Partner",
    "name": "TacitRed",
    "email": "support@tacitred.com",
    "link": "https://www.tacitred.com/support"
  },
  "author": {
    "name": "TacitRed"
  },
  "providers": [
    "TacitRed"
  ],
  "firstPublishDate": "2025-01-01",
  "lastPublishDate": "2025-11-16",
  "customVersion": "1.0.0",
  "dependencies": {
    "operator": "AND",
    "criteria": [
      {
        "kind": "DataConnector",
        "contentId": "TacitRedThreatIntel",
        "version": "1.0.0"
      },
      {
        "kind": "AnalyticsRule",
        "contentId": "TacitRedRepeatCompromise",
        "version": "1.0.0"
      },
      {
        "kind": "Workbook",
        "contentId": "TacitRedCompromisedCredentials",
        "version": "1.0.0"
      }
    ]
  }
}
