{
  "$schema": "https://schema.management.azure.com/schemas/2019-04-01/deploymentTemplate.json#",
  "contentVersion": "1.0.0.0",
  "metadata": {
    "author": "AnviLogic",
    "comments": "Solution template for AnviLogic"
  },
  "parameters": {
    "location": {
      "type": "string",
      "minLength": 1,
      "defaultValue": "[resourceGroup().location]",
      "metadata": {
        "description": "Not used, but needed to pass arm-ttk test `Location-Should-Not-Be-Hardcoded`.  We instead use the `workspace-location` which is derived from the LA workspace"
      }
    },
    "workspace-location": {
      "type": "string",
      "defaultValue": "",
      "metadata": {
        "description": "[concat('Region to deploy solution resources -- separate from location selection',parameters('location'))]"
      }
    },
    "workspace": {
      "defaultValue": "",
      "type": "string",
      "metadata": {
        "description": "Workspace name for Log Analytics where Microsoft Sentinel is setup"
      }
    },
    "resourceGroupName": {
      "type": "string",
      "defaultValue": "[resourceGroup().name]",
      "metadata": {
        "description": "resource group name where Microsoft Sentinel is setup"
      }
    },
    "subscription": {
      "type": "string",
      "defaultValue": "[last(split(subscription().id, '/'))]",
      "metadata": {
        "description": "subscription id where Microsoft Sentinel is setup"
      }
    }
  },
  "variables": {
    "_solutionName": "AnviLogic",
    "_solutionVersion": "3.0.0",
    "solutionId": "Anvilogic.azuresentinel.azure-sentinel-solution-anvilogic",
    "_solutionId": "[variables('solutionId')]",
    "workspaceResourceId": "[resourceId('microsoft.OperationalInsights/Workspaces', parameters('workspace'))]",
    "dataConnectorCCPVersion": "1.0.0",
    "_dataConnectorContentIdConnectorDefinition1": "AnvilogicCCFDefinition",
    "dataConnectorTemplateNameConnectorDefinition1": "[concat(parameters('workspace'),'-dc-',uniquestring(variables('_dataConnectorContentIdConnectorDefinition1')))]",
    "_dataConnectorContentIdConnections1": "AnvilogicCCFDefinitionConnections",
    "dataConnectorTemplateNameConnections1": "[concat(parameters('workspace'),'-dc-',uniquestring(variables('_dataConnectorContentIdConnections1')))]",
    "dataCollectionEndpointId1": "[concat('/subscriptions/',parameters('subscription'),'/resourceGroups/',parameters('resourceGroupName'),'/providers/Microsoft.Insights/dataCollectionEndpoints/',parameters('workspace'))]",
    "blanks": "[replace('b', 'b', '')]",
    "TemplateEmptyObject": "[json('{}')]",
    "analyticRuleObject1": {
      "analyticRuleVersion1": "1.0.0",
      "_analyticRulecontentId1": "6ccc187a-42ee-4635-8bcc-3b299f8570df",
      "analyticRuleId1": "[resourceId('Microsoft.SecurityInsights/AlertRuleTemplates', '6ccc187a-42ee-4635-8bcc-3b299f8570df')]",
      "analyticRuleTemplateSpecName1": "[concat(parameters('workspace'),'/Microsoft.SecurityInsights/',concat(parameters('workspace'),'-ar-',uniquestring('6ccc187a-42ee-4635-8bcc-3b299f8570df')))]",
      "_analyticRulecontentProductId1": "[concat(take(variables('_solutionId'),50),'-','ar','-', uniqueString(concat(variables('_solutionId'),'-','AnalyticsRule','-','6ccc187a-42ee-4635-8bcc-3b299f8570df','-', '1.0.0')))]"
    },
    "_solutioncontentProductId": "[concat(take(variables('_solutionId'),50),'-','sl','-', uniqueString(concat(variables('_solutionId'),'-','Solution','-',variables('_solutionId'),'-', variables('_solutionVersion'))))]"
  },
  "resources": [
    {
      "type": "Microsoft.OperationalInsights/workspaces/providers/contentTemplates",
      "apiVersion": "2023-04-01-preview",
      "name": "[concat(parameters('workspace'),'/Microsoft.SecurityInsights/', variables('dataConnectorTemplateNameConnectorDefinition1'), variables('dataConnectorCCPVersion'))]",
      "location": "[parameters('workspace-location')]",
      "dependsOn": [
        "[extensionResourceId(resourceId('Microsoft.OperationalInsights/workspaces', parameters('workspace')), 'Microsoft.SecurityInsights/contentPackages', variables('_solutionId'))]"
      ],
      "properties": {
        "contentId": "[variables('_dataConnectorContentIdConnectorDefinition1')]",
        "displayName": "Anvilogic",
        "contentKind": "DataConnector",
        "mainTemplate": {
          "$schema": "https://schema.management.azure.com/schemas/2019-04-01/deploymentTemplate.json#",
          "contentVersion": "[variables('dataConnectorCCPVersion')]",
          "parameters": {},
          "variables": {},
          "resources": [
            {
              "name": "[concat(parameters('workspace'),'/Microsoft.SecurityInsights/',variables('_dataConnectorContentIdConnectorDefinition1'))]",
              "apiVersion": "2022-09-01-preview",
              "type": "Microsoft.OperationalInsights/workspaces/providers/dataConnectorDefinitions",
              "location": "[parameters('workspace-location')]",
              "kind": "Customizable",
              "properties": {
                "connectorUiConfig": {
                  "id": "AnvilogicCCFDefinition",
                  "title": "Anvilogic",
                  "publisher": "Anvilogic",
                  "descriptionMarkdown": "The Anvilogic data connector allows you to pull events of interest generated in the Anvilogic ADX cluster into your Microsoft Sentinel",
                  "graphQueriesTableName": "Anvilogic_Alerts_CL",
                  "graphQueries": [
                    {
                      "metricName": "Total data received",
                      "legend": "Anvilogic events of interest",
                      "baseQuery": "{{graphQueriesTableName}}"
                    }
                  ],
                  "sampleQueries": [
                    {
                      "description": "Get a sample of Anvilogic events of interest",
                      "query": "{{graphQueriesTableName}} | take 10"
                    }
                  ],
                  "dataTypes": [
                    {
                      "name": "{{graphQueriesTableName}}",
                      "lastDataReceivedQuery": "{{graphQueriesTableName}} | summarize Time=max(TimeGenerated) | where isnotempty(Time)"
                    }
                  ],
                  "availability": {
                    "isPreview": false
                  },
                  "connectivityCriteria": [
                    {
                      "type": "HasDataConnectors"
                    }
                  ],
                  "permissions": {
                    "resourceProvider": [
                      {
                        "provider": "Microsoft.OperationalInsights/workspaces",
                        "permissionsDisplayText": "Read and Write permissions are required.",
                        "providerDisplayName": "Workspace",
                        "scope": "Workspace",
                        "requiredPermissions": {
                          "write": true,
                          "read": true,
                          "delete": true
                        }
                      }
                    ],
                    "customs": [
                      {
                        "name": "Anvilogic Application Registration Client ID and Client Secret",
                        "description": "To access the Anvilogic ADX we require the client id and client secret from the Anvilogic app registration"
                      }
                    ]
                  },
                  "instructionSteps": [
                    {
                      "description": "Complete the form to ingest Anvilogic Alerts into your Microsoft Sentinel",
                      "instructions": [
                        {
                          "type": "Textbox",
                          "parameters": {
                            "label": "Token Endpoint",
                            "placeholder": "https://login.microsoftonline.com/<tenant_id>/oauth2/v2.0/token",
                            "type": "text",
                            "name": "tokenEndpoint"
                          }
                        },
                        {
                          "type": "Textbox",
                          "parameters": {
                            "label": "Anvilogic ADX Scope",
                            "placeholder": "<avl_adx_uri>/.default",
                            "type": "text",
                            "name": "authorizationEndpoint"
                          }
                        },
                        {
                          "type": "Textbox",
                          "parameters": {
                            "label": "Anvilogic ADX Request URI",
                            "placeholder": "<avl_adx_uri>/v2/rest/query",
                            "type": "text",
                            "name": "apiEndpoint"
                          }
                        },
                        {
                          "type": "OAuthForm",
                          "parameters": {
                            "clientIdLabel": "Client ID",
                            "clientSecretLabel": "Client Secret",
                            "connectButtonLabel": "Connect",
                            "disconnectButtonLabel": "Disconnect"
                          }
                        }
                      ],
                      "title": "Connect to Anvilogic to start collecting events of interest in Microsoft Sentinel"
                    }
                  ]
                }
              }
            },
            {
              "name": "[concat(parameters('workspace'),'/Microsoft.SecurityInsights/',concat('DataConnector-', variables('_dataConnectorContentIdConnectorDefinition1')))]",
              "apiVersion": "2022-01-01-preview",
              "type": "Microsoft.OperationalInsights/workspaces/providers/metadata",
              "properties": {
                "parentId": "[extensionResourceId(resourceId('Microsoft.OperationalInsights/workspaces', parameters('workspace')), 'Microsoft.SecurityInsights/dataConnectorDefinitions', variables('_dataConnectorContentIdConnectorDefinition1'))]",
                "contentId": "[variables('_dataConnectorContentIdConnectorDefinition1')]",
                "kind": "DataConnector",
                "version": "[variables('dataConnectorCCPVersion')]",
                "source": {
                  "sourceId": "[variables('_solutionId')]",
                  "name": "[variables('_solutionName')]",
                  "kind": "Solution"
                },
                "author": {
                  "name": "AnviLogic"
                },
                "support": {
                  "name": "Anvilogic",
                  "tier": "Partner",
                  "link": "https://www.anvilogic.com/"
                },
                "dependencies": {
                  "criteria": [
                    {
                      "version": "[variables('dataConnectorCCPVersion')]",
                      "contentId": "[variables('_dataConnectorContentIdConnections1')]",
                      "kind": "ResourcesDataConnector"
                    }
                  ]
                }
              }
            },
            {
              "name": "anvilogic_dcr",
              "apiVersion": "2022-06-01",
              "type": "Microsoft.Insights/dataCollectionRules",
              "location": "[parameters('workspace-location')]",
              "kind": "[variables('blanks')]",
              "properties": {
                "streamDeclarations": {
                  "Custom-Anvilogic_Alerts_CL": {
                    "columns": [
                      {
                        "name": "avl_org_id",
                        "type": "int"
                      },
                      {
                        "name": "avl_rule_domain",
                        "type": "string"
                      },
                      {
                        "name": "avl_time",
                        "type": "datetime"
                      },
                      {
                        "name": "avl_event_time",
                        "type": "datetime"
                      },
                      {
                        "name": "avl_event_id",
                        "type": "string"
                      },
                      {
                        "name": "coi_account",
                        "type": "dynamic"
                      },
                      {
                        "name": "coi_app",
                        "type": "dynamic"
                      },
                      {
                        "name": "coi_domain",
                        "type": "dynamic"
                      },
                      {
                        "name": "coi_host",
                        "type": "string"
                      },
                      {
                        "name": "coi_ip",
                        "type": "dynamic"
                      },
                      {
                        "name": "coi_resource",
                        "type": "dynamic"
                      },
                      {
                        "name": "coi_user",
                        "type": "string"
                      },
                      {
                        "name": "avl_builder_version",
                        "type": "string"
                      },
                      {
                        "name": "avl_custom_labels",
                        "type": "dynamic"
                      },
                      {
                        "name": "avl_data_category",
                        "type": "dynamic"
                      },
                      {
                        "name": "avl_definition",
                        "type": "string"
                      },
                      {
                        "name": "avl_duplicate_hash",
                        "type": "string"
                      },
                      {
                        "name": "avl_exploits",
                        "type": "dynamic"
                      },
                      {
                        "name": "avl_kill_chain_phase",
                        "type": "dynamic"
                      },
                      {
                        "name": "avl_last_deployed_hash",
                        "type": "string"
                      },
                      {
                        "name": "avl_mitre_ext_ids",
                        "type": "dynamic"
                      },
                      {
                        "name": "avl_mitre_tactic",
                        "type": "dynamic"
                      },
                      {
                        "name": "avl_mitre_technique",
                        "type": "dynamic"
                      },
                      {
                        "name": "avl_process_base64",
                        "type": "dynamic"
                      },
                      {
                        "name": "avl_rest_id",
                        "type": "string"
                      },
                      {
                        "name": "avl_rest_name",
                        "type": "string"
                      },
                      {
                        "name": "avl_rule_id",
                        "type": "string"
                      },
                      {
                        "name": "avl_rule_link",
                        "type": "string"
                      },
                      {
                        "name": "avl_rule_mode",
                        "type": "string"
                      },
                      {
                        "name": "avl_rule_name",
                        "type": "string"
                      },
                      {
                        "name": "avl_rule_risk_score",
                        "type": "dynamic"
                      },
                      {
                        "name": "avl_rule_risk_score_sum",
                        "type": "dynamic"
                      },
                      {
                        "name": "avl_rule_severity",
                        "type": "string"
                      },
                      {
                        "name": "avl_rule_sub_domain",
                        "type": "string"
                      },
                      {
                        "name": "avl_scenario_duration",
                        "type": "dynamic"
                      },
                      {
                        "name": "avl_security_controls",
                        "type": "dynamic"
                      },
                      {
                        "name": "avl_source",
                        "type": "string"
                      },
                      {
                        "name": "avl_sourcetype",
                        "type": "string"
                      },
                      {
                        "name": "avl_stage_duration",
                        "type": "dynamic"
                      },
                      {
                        "name": "avl_stages",
                        "type": "dynamic"
                      },
                      {
                        "name": "avl_suppressed",
                        "type": "boolean"
                      },
                      {
                        "name": "avl_suppression_key",
                        "type": "string"
                      },
                      {
                        "name": "avl_techniques_fqn",
                        "type": "dynamic"
                      },
                      {
                        "name": "avl_threat_groups",
                        "type": "dynamic"
                      },
                      {
                        "name": "avl_use_case_category",
                        "type": "dynamic"
                      },
                      {
                        "name": "avl_use_case_id",
                        "type": "string"
                      },
                      {
                        "name": "avl_use_case_name",
                        "type": "string"
                      },
                      {
                        "name": "avl_use_case_sub_category",
                        "type": "string"
                      },
                      {
                        "name": "avl_use_case_sub_type",
                        "type": "string"
                      },
                      {
                        "name": "avl_use_case_title",
                        "type": "string"
                      },
                      {
                        "name": "avl_use_case_type",
                        "type": "string"
                      },
                      {
                        "name": "avl_vendor_product",
                        "type": "string"
                      },
                      {
                        "name": "avl_vendor_risk_score",
                        "type": "dynamic"
                      },
                      {
                        "name": "avl_vendor_severity",
                        "type": "string"
                      },
                      {
                        "name": "avl_victim_platform",
                        "type": "dynamic"
                      },
                      {
                        "name": "avl_victim_product",
                        "type": "dynamic"
                      },
                      {
                        "name": "avl_vulnerabilities",
                        "type": "dynamic"
                      },
                      {
                        "name": "access_key",
                        "type": "dynamic"
                      },
                      {
                        "name": "account",
                        "type": "dynamic"
                      },
                      {
                        "name": "action",
                        "type": "dynamic"
                      },
                      {
                        "name": "additional_answer_count",
                        "type": "dynamic"
                      },
                      {
                        "name": "answer",
                        "type": "dynamic"
                      },
                      {
                        "name": "answer_count",
                        "type": "dynamic"
                      },
                      {
                        "name": "app",
                        "type": "dynamic"
                      },
                      {
                        "name": "authority_answer_count",
                        "type": "dynamic"
                      },
                      {
                        "name": "bucket_name",
                        "type": "dynamic"
                      },
                      {
                        "name": "BYTES",
                        "type": "dynamic"
                      },
                      {
                        "name": "bytes_in",
                        "type": "dynamic"
                      },
                      {
                        "name": "bytes_out",
                        "type": "dynamic"
                      },
                      {
                        "name": "category",
                        "type": "dynamic"
                      },
                      {
                        "name": "cert",
                        "type": "dynamic"
                      },
                      {
                        "name": "channel",
                        "type": "dynamic"
                      },
                      {
                        "name": "cloud_service",
                        "type": "dynamic"
                      },
                      {
                        "name": "cluster_name",
                        "type": "dynamic"
                      },
                      {
                        "name": "commits",
                        "type": "dynamic"
                      },
                      {
                        "name": "count",
                        "type": "dynamic"
                      },
                      {
                        "name": "cve",
                        "type": "dynamic"
                      },
                      {
                        "name": "cve_created_time",
                        "type": "dynamic"
                      },
                      {
                        "name": "cve_modified_time",
                        "type": "dynamic"
                      },
                      {
                        "name": "cve_product_feature_name",
                        "type": "dynamic"
                      },
                      {
                        "name": "cve_product_feature_uid",
                        "type": "dynamic"
                      },
                      {
                        "name": "cve_product_feature_version",
                        "type": "dynamic"
                      },
                      {
                        "name": "cve_product_lang",
                        "type": "dynamic"
                      },
                      {
                        "name": "cve_product_name",
                        "type": "dynamic"
                      },
                      {
                        "name": "cve_product_path",
                        "type": "dynamic"
                      },
                      {
                        "name": "cve_product_uid",
                        "type": "dynamic"
                      },
                      {
                        "name": "cve_product_vendor_name",
                        "type": "dynamic"
                      },
                      {
                        "name": "cve_product_version",
                        "type": "dynamic"
                      },
                      {
                        "name": "cve_type",
                        "type": "dynamic"
                      },
                      {
                        "name": "cve_uid",
                        "type": "dynamic"
                      },
                      {
                        "name": "cvss",
                        "type": "dynamic"
                      },
                      {
                        "name": "cvss_base_score",
                        "type": "dynamic"
                      },
                      {
                        "name": "cvss_depth",
                        "type": "dynamic"
                      },
                      {
                        "name": "cvss_metrics",
                        "type": "dynamic"
                      },
                      {
                        "name": "cvss_overall_score",
                        "type": "dynamic"
                      },
                      {
                        "name": "cvss_severity",
                        "type": "dynamic"
                      },
                      {
                        "name": "cvss_vector_string",
                        "type": "dynamic"
                      },
                      {
                        "name": "cvss_version",
                        "type": "dynamic"
                      },
                      {
                        "name": "cwe_uid",
                        "type": "dynamic"
                      },
                      {
                        "name": "cwe_url",
                        "type": "dynamic"
                      },
                      {
                        "name": "delay",
                        "type": "dynamic"
                      },
                      {
                        "name": "deployment_container_name",
                        "type": "dynamic"
                      },
                      {
                        "name": "deployment_id",
                        "type": "dynamic"
                      },
                      {
                        "name": "deployment_ip",
                        "type": "dynamic"
                      },
                      {
                        "name": "deployment_main_container",
                        "type": "dynamic"
                      },
                      {
                        "name": "deployment_name",
                        "type": "dynamic"
                      },
                      {
                        "name": "deployment_namespace",
                        "type": "dynamic"
                      },
                      {
                        "name": "deployment_role",
                        "type": "dynamic"
                      },
                      {
                        "name": "deployment_tenant_id",
                        "type": "dynamic"
                      },
                      {
                        "name": "description",
                        "type": "dynamic"
                      },
                      {
                        "name": "dest_host",
                        "type": "dynamic"
                      },
                      {
                        "name": "dest_identity",
                        "type": "dynamic"
                      },
                      {
                        "name": "dest_ip",
                        "type": "dynamic"
                      },
                      {
                        "name": "dest_mac",
                        "type": "dynamic"
                      },
                      {
                        "name": "dest_nt_domain",
                        "type": "dynamic"
                      },
                      {
                        "name": "dest_port",
                        "type": "dynamic"
                      },
                      {
                        "name": "dest_role",
                        "type": "dynamic"
                      },
                      {
                        "name": "dest_translated_ip",
                        "type": "dynamic"
                      },
                      {
                        "name": "dest_translated_port",
                        "type": "dynamic"
                      },
                      {
                        "name": "dest_user",
                        "type": "dynamic"
                      },
                      {
                        "name": "dest_zone",
                        "type": "dynamic"
                      },
                      {
                        "name": "direction",
                        "type": "dynamic"
                      },
                      {
                        "name": "duration",
                        "type": "dynamic"
                      },
                      {
                        "name": "dvc",
                        "type": "dynamic"
                      },
                      {
                        "name": "dvc_ip",
                        "type": "dynamic"
                      },
                      {
                        "name": "dvc_mac",
                        "type": "dynamic"
                      },
                      {
                        "name": "dvc_zone",
                        "type": "dynamic"
                      },
                      {
                        "name": "event_category",
                        "type": "dynamic"
                      },
                      {
                        "name": "event_id",
                        "type": "dynamic"
                      },
                      {
                        "name": "event_name",
                        "type": "dynamic"
                      },
                      {
                        "name": "file_hash",
                        "type": "dynamic"
                      },
                      {
                        "name": "file_name",
                        "type": "dynamic"
                      },
                      {
                        "name": "file_path",
                        "type": "dynamic"
                      },
                      {
                        "name": "file_size",
                        "type": "dynamic"
                      },
                      {
                        "name": "filter_action",
                        "type": "dynamic"
                      },
                      {
                        "name": "filter_score",
                        "type": "dynamic"
                      },
                      {
                        "name": "flow_id",
                        "type": "dynamic"
                      },
                      {
                        "name": "grand_parent_file_name",
                        "type": "dynamic"
                      },
                      {
                        "name": "grand_parent_process_path",
                        "type": "dynamic"
                      },
                      {
                        "name": "host",
                        "type": "string"
                      },
                      {
                        "name": "http_content_type",
                        "type": "dynamic"
                      },
                      {
                        "name": "http_method",
                        "type": "dynamic"
                      },
                      {
                        "name": "http_referrer",
                        "type": "dynamic"
                      },
                      {
                        "name": "http_user_agent",
                        "type": "dynamic"
                      },
                      {
                        "name": "icmp_code",
                        "type": "dynamic"
                      },
                      {
                        "name": "icmp_type",
                        "type": "dynamic"
                      },
                      {
                        "name": "id",
                        "type": "dynamic"
                      },
                      {
                        "name": "IDENTITY",
                        "type": "dynamic"
                      },
                      {
                        "name": "identity_type",
                        "type": "dynamic"
                      },
                      {
                        "name": "ids_type",
                        "type": "dynamic"
                      },
                      {
                        "name": "image_full_name",
                        "type": "dynamic"
                      },
                      {
                        "name": "image_id",
                        "type": "dynamic"
                      },
                      {
                        "name": "image_name",
                        "type": "dynamic"
                      },
                      {
                        "name": "indexes_hit",
                        "type": "dynamic"
                      },
                      {
                        "name": "instance_id",
                        "type": "dynamic"
                      },
                      {
                        "name": "instance_name",
                        "type": "dynamic"
                      },
                      {
                        "name": "instance_type",
                        "type": "dynamic"
                      },
                      {
                        "name": "internal_message_id",
                        "type": "dynamic"
                      },
                      {
                        "name": "kb_articles",
                        "type": "dynamic"
                      },
                      {
                        "name": "machine",
                        "type": "dynamic"
                      },
                      {
                        "name": "message_id",
                        "type": "dynamic"
                      },
                      {
                        "name": "message_info",
                        "type": "dynamic"
                      },
                      {
                        "name": "message_type",
                        "type": "dynamic"
                      },
                      {
                        "name": "mfa_enabled",
                        "type": "dynamic"
                      },
                      {
                        "name": "msft",
                        "type": "dynamic"
                      },
                      {
                        "name": "mskb",
                        "type": "dynamic"
                      },
                      {
                        "name": "name",
                        "type": "dynamic"
                      },
                      {
                        "name": "note",
                        "type": "string"
                      },
                      {
                        "name": "object",
                        "type": "dynamic"
                      },
                      {
                        "name": "object_id",
                        "type": "dynamic"
                      },
                      {
                        "name": "orig_avl_event_id",
                        "type": "dynamic"
                      },
                      {
                        "name": "orig_dest",
                        "type": "dynamic"
                      },
                      {
                        "name": "orig_index",
                        "type": "string"
                      },
                      {
                        "name": "orig_recipient",
                        "type": "dynamic"
                      },
                      {
                        "name": "orig_source",
                        "type": "dynamic"
                      },
                      {
                        "name": "orig_sourcetype",
                        "type": "dynamic"
                      },
                      {
                        "name": "orig_src",
                        "type": "dynamic"
                      },
                      {
                        "name": "os_type",
                        "type": "dynamic"
                      },
                      {
                        "name": "package_architecture",
                        "type": "dynamic"
                      },
                      {
                        "name": "package_name",
                        "type": "dynamic"
                      },
                      {
                        "name": "package_version",
                        "type": "dynamic"
                      },
                      {
                        "name": "packets",
                        "type": "dynamic"
                      },
                      {
                        "name": "packets_in",
                        "type": "dynamic"
                      },
                      {
                        "name": "packets_out",
                        "type": "dynamic"
                      },
                      {
                        "name": "parent_process",
                        "type": "string"
                      },
                      {
                        "name": "parent_process_exec",
                        "type": "dynamic"
                      },
                      {
                        "name": "parent_process_id",
                        "type": "dynamic"
                      },
                      {
                        "name": "parent_process_name",
                        "type": "string"
                      },
                      {
                        "name": "parent_process_path",
                        "type": "dynamic"
                      },
                      {
                        "name": "permissions",
                        "type": "dynamic"
                      },
                      {
                        "name": "process",
                        "type": "string"
                      },
                      {
                        "name": "process_current_directory",
                        "type": "dynamic"
                      },
                      {
                        "name": "process_exec",
                        "type": "dynamic"
                      },
                      {
                        "name": "process_hash",
                        "type": "dynamic"
                      },
                      {
                        "name": "process_id",
                        "type": "dynamic"
                      },
                      {
                        "name": "process_name",
                        "type": "string"
                      },
                      {
                        "name": "process_path",
                        "type": "string"
                      },
                      {
                        "name": "product_version",
                        "type": "dynamic"
                      },
                      {
                        "name": "protocol",
                        "type": "dynamic"
                      },
                      {
                        "name": "query",
                        "type": "dynamic"
                      },
                      {
                        "name": "query_count",
                        "type": "dynamic"
                      },
                      {
                        "name": "query_id",
                        "type": "dynamic"
                      },
                      {
                        "name": "query_plan_hit",
                        "type": "dynamic"
                      },
                      {
                        "name": "query_time",
                        "type": "dynamic"
                      },
                      {
                        "name": "query_type",
                        "type": "dynamic"
                      },
                      {
                        "name": "recipient",
                        "type": "dynamic"
                      },
                      {
                        "name": "recipient_count",
                        "type": "dynamic"
                      },
                      {
                        "name": "recipient_status",
                        "type": "dynamic"
                      },
                      {
                        "name": "record_type",
                        "type": "dynamic"
                      },
                      {
                        "name": "records_affected",
                        "type": "dynamic"
                      },
                      {
                        "name": "references",
                        "type": "dynamic"
                      },
                      {
                        "name": "region",
                        "type": "dynamic"
                      },
                      {
                        "name": "registry_hive",
                        "type": "dynamic"
                      },
                      {
                        "name": "registry_key_name",
                        "type": "dynamic"
                      },
                      {
                        "name": "registry_path",
                        "type": "dynamic"
                      },
                      {
                        "name": "registry_value_data",
                        "type": "dynamic"
                      },
                      {
                        "name": "registry_value_name",
                        "type": "dynamic"
                      },
                      {
                        "name": "registry_value_type",
                        "type": "dynamic"
                      },
                      {
                        "name": "related_vulnerabilities",
                        "type": "dynamic"
                      },
                      {
                        "name": "reply_code",
                        "type": "dynamic"
                      },
                      {
                        "name": "request_parameters",
                        "type": "dynamic"
                      },
                      {
                        "name": "requester_account",
                        "type": "dynamic"
                      },
                      {
                        "name": "resource_id",
                        "type": "dynamic"
                      },
                      {
                        "name": "response",
                        "type": "dynamic"
                      },
                      {
                        "name": "response_time",
                        "type": "dynamic"
                      },
                      {
                        "name": "retries",
                        "type": "dynamic"
                      },
                      {
                        "name": "return_addr",
                        "type": "dynamic"
                      },
                      {
                        "name": "role",
                        "type": "dynamic"
                      },
                      {
                        "name": "rule",
                        "type": "dynamic"
                      },
                      {
                        "name": "service",
                        "type": "dynamic"
                      },
                      {
                        "name": "service_hash",
                        "type": "dynamic"
                      },
                      {
                        "name": "service_id",
                        "type": "dynamic"
                      },
                      {
                        "name": "service_name",
                        "type": "dynamic"
                      },
                      {
                        "name": "service_path",
                        "type": "dynamic"
                      },
                      {
                        "name": "session_id",
                        "type": "dynamic"
                      },
                      {
                        "name": "severity",
                        "type": "dynamic"
                      },
                      {
                        "name": "severity_id",
                        "type": "dynamic"
                      },
                      {
                        "name": "signature",
                        "type": "dynamic"
                      },
                      {
                        "name": "signature_category",
                        "type": "dynamic"
                      },
                      {
                        "name": "signature_extra",
                        "type": "dynamic"
                      },
                      {
                        "name": "signature_id",
                        "type": "dynamic"
                      },
                      {
                        "name": "signature_version",
                        "type": "dynamic"
                      },
                      {
                        "name": "signatures_vendor_product",
                        "type": "dynamic"
                      },
                      {
                        "name": "site",
                        "type": "dynamic"
                      },
                      {
                        "name": "size",
                        "type": "dynamic"
                      },
                      {
                        "name": "src_host",
                        "type": "dynamic"
                      },
                      {
                        "name": "src_interface",
                        "type": "dynamic"
                      },
                      {
                        "name": "src_ip",
                        "type": "dynamic"
                      },
                      {
                        "name": "src_mac",
                        "type": "dynamic"
                      },
                      {
                        "name": "src_nt_domain",
                        "type": "dynamic"
                      },
                      {
                        "name": "src_port",
                        "type": "dynamic"
                      },
                      {
                        "name": "src_translated_ip",
                        "type": "dynamic"
                      },
                      {
                        "name": "src_translated_port",
                        "type": "dynamic"
                      },
                      {
                        "name": "src_user",
                        "type": "dynamic"
                      },
                      {
                        "name": "src_zone",
                        "type": "dynamic"
                      },
                      {
                        "name": "ssid",
                        "type": "dynamic"
                      },
                      {
                        "name": "ssl_hash",
                        "type": "dynamic"
                      },
                      {
                        "name": "status",
                        "type": "dynamic"
                      },
                      {
                        "name": "status_code",
                        "type": "dynamic"
                      },
                      {
                        "name": "subject",
                        "type": "dynamic"
                      },
                      {
                        "name": "tables_hit",
                        "type": "dynamic"
                      },
                      {
                        "name": "tablespace_name",
                        "type": "dynamic"
                      },
                      {
                        "name": "tag",
                        "type": "dynamic"
                      },
                      {
                        "name": "tcp_flag",
                        "type": "dynamic"
                      },
                      {
                        "name": "TITLE",
                        "type": "dynamic"
                      },
                      {
                        "name": "transaction_id",
                        "type": "dynamic"
                      },
                      {
                        "name": "transport",
                        "type": "dynamic"
                      },
                      {
                        "name": "ttl",
                        "type": "dynamic"
                      },
                      {
                        "name": "uri_path",
                        "type": "dynamic"
                      },
                      {
                        "name": "uri_query",
                        "type": "dynamic"
                      },
                      {
                        "name": "url",
                        "type": "dynamic"
                      },
                      {
                        "name": "user",
                        "type": "dynamic"
                      },
                      {
                        "name": "user_id",
                        "type": "dynamic"
                      },
                      {
                        "name": "vendor",
                        "type": "dynamic"
                      },
                      {
                        "name": "vendor_name",
                        "type": "dynamic"
                      },
                      {
                        "name": "vendor_product",
                        "type": "dynamic"
                      },
                      {
                        "name": "vlan",
                        "type": "dynamic"
                      },
                      {
                        "name": "wifi",
                        "type": "dynamic"
                      },
                      {
                        "name": "xdelay",
                        "type": "dynamic"
                      },
                      {
                        "name": "xref",
                        "type": "dynamic"
                      },
                      {
                        "name": "raw",
                        "type": "dynamic"
                      },
                      {
                        "name": "dest_asn",
                        "type": "dynamic"
                      },
                      {
                        "name": "dest_asn_cidr",
                        "type": "dynamic"
                      },
                      {
                        "name": "dest_asn_org",
                        "type": "dynamic"
                      },
                      {
                        "name": "domain",
                        "type": "dynamic"
                      },
                      {
                        "name": "src_asn",
                        "type": "dynamic"
                      },
                      {
                        "name": "src_asn_cidr",
                        "type": "dynamic"
                      },
                      {
                        "name": "src_asn_org",
                        "type": "dynamic"
                      },
                      {
                        "name": "TimeGenerated",
                        "type": "datetime"
                      }
                    ]
                  }
                },
                "dataSources": "[variables('TemplateEmptyObject')]",
                "destinations": {
                  "logAnalytics": [
                    {
                      "workspaceResourceId": "[variables('workspaceResourceId')]",
                      "name": "{{workspaceId}}"
                    }
                  ]
                },
                "dataFlows": [
                  {
                    "streams": [
                      "Custom-Anvilogic_Alerts_CL"
                    ],
                    "destinations": [
                      "{{workspaceId}}"
                    ],
                    "transformKql": "source",
                    "outputStream": "Custom-Anvilogic_Alerts_CL"
                  }
                ],
                "dataCollectionEndpointId": "[variables('dataCollectionEndpointId1')]"
              }
            }
          ]
        },
        "packageKind": "Solution",
        "packageVersion": "[variables('_solutionVersion')]",
        "packageName": "[variables('_solutionName')]",
        "contentProductId": "[concat(take(variables('_solutionId'), 50),'-','dc','-', uniqueString(concat(variables('_solutionId'),'-','DataConnector','-',variables('_dataConnectorContentIdConnectorDefinition1'),'-', variables('dataConnectorCCPVersion'))))]",
        "packageId": "[variables('_solutionId')]",
        "contentSchemaVersion": "3.0.0",
        "version": "[variables('dataConnectorCCPVersion')]"
      }
    },
    {
      "name": "[concat(parameters('workspace'),'/Microsoft.SecurityInsights/',variables('_dataConnectorContentIdConnectorDefinition1'))]",
      "apiVersion": "2022-09-01-preview",
      "type": "Microsoft.OperationalInsights/workspaces/providers/dataConnectorDefinitions",
      "location": "[parameters('workspace-location')]",
      "kind": "Customizable",
      "properties": {
        "connectorUiConfig": {
          "id": "AnvilogicCCFDefinition",
          "title": "Anvilogic",
          "publisher": "Anvilogic",
          "descriptionMarkdown": "The Anvilogic data connector allows you to pull events of interest generated in the Anvilogic ADX cluster into your Microsoft Sentinel",
          "graphQueriesTableName": "Anvilogic_Alerts_CL",
          "graphQueries": [
            {
              "metricName": "Total data received",
              "legend": "Anvilogic events of interest",
              "baseQuery": "{{graphQueriesTableName}}"
            }
          ],
          "sampleQueries": [
            {
              "description": "Get a sample of Anvilogic events of interest",
              "query": "{{graphQueriesTableName}} | take 10"
            }
          ],
          "dataTypes": [
            {
              "name": "{{graphQueriesTableName}}",
              "lastDataReceivedQuery": "{{graphQueriesTableName}} | summarize Time=max(TimeGenerated) | where isnotempty(Time)"
            }
          ],
          "availability": {
            "isPreview": false
          },
          "connectivityCriteria": [
            {
              "type": "HasDataConnectors"
            }
          ],
          "permissions": {
            "resourceProvider": [
              {
                "provider": "Microsoft.OperationalInsights/workspaces",
                "permissionsDisplayText": "Read and Write permissions are required.",
                "providerDisplayName": "Workspace",
                "scope": "Workspace",
                "requiredPermissions": {
                  "write": true,
                  "read": true,
                  "delete": true
                }
              }
            ],
            "customs": [
              {
                "name": "Anvilogic Application Registration Client ID and Client Secret",
                "description": "To access the Anvilogic ADX we require the client id and client secret from the Anvilogic app registration"
              }
            ]
          },
          "instructionSteps": [
            {
              "description": "Complete the form to ingest Anvilogic Alerts into your Microsoft Sentinel",
              "instructions": [
                {
                  "type": "Textbox",
                  "parameters": {
                    "label": "Token Endpoint",
                    "placeholder": "https://login.microsoftonline.com/<tenant_id>/oauth2/v2.0/token",
                    "type": "text",
                    "name": "tokenEndpoint"
                  }
                },
                {
                  "type": "Textbox",
                  "parameters": {
                    "label": "Anvilogic ADX Scope",
                    "placeholder": "<avl_adx_uri>/.default",
                    "type": "text",
                    "name": "authorizationEndpoint"
                  }
                },
                {
                  "type": "Textbox",
                  "parameters": {
                    "label": "Anvilogic ADX Request URI",
                    "placeholder": "<avl_adx_uri>/v2/rest/query",
                    "type": "text",
                    "name": "apiEndpoint"
                  }
                },
                {
                  "type": "OAuthForm",
                  "parameters": {
                    "clientIdLabel": "Client ID",
                    "clientSecretLabel": "Client Secret",
                    "connectButtonLabel": "Connect",
                    "disconnectButtonLabel": "Disconnect"
                  }
                }
              ],
              "title": "Connect to Anvilogic to start collecting events of interest in Microsoft Sentinel"
            }
          ]
        }
      }
    },
    {
      "name": "[concat(parameters('workspace'),'/Microsoft.SecurityInsights/',concat('DataConnector-', variables('_dataConnectorContentIdConnectorDefinition1')))]",
      "apiVersion": "2022-01-01-preview",
      "type": "Microsoft.OperationalInsights/workspaces/providers/metadata",
      "properties": {
        "parentId": "[extensionResourceId(resourceId('Microsoft.OperationalInsights/workspaces', parameters('workspace')), 'Microsoft.SecurityInsights/dataConnectorDefinitions', variables('_dataConnectorContentIdConnectorDefinition1'))]",
        "contentId": "[variables('_dataConnectorContentIdConnectorDefinition1')]",
        "kind": "DataConnector",
        "version": "[variables('dataConnectorCCPVersion')]",
        "source": {
          "sourceId": "[variables('_solutionId')]",
          "name": "[variables('_solutionName')]",
          "kind": "Solution"
        },
        "author": {
          "name": "AnviLogic"
        },
        "support": {
          "name": "Anvilogic",
          "tier": "Partner",
          "link": "https://www.anvilogic.com/"
        },
        "dependencies": {
          "criteria": [
            {
              "version": "[variables('dataConnectorCCPVersion')]",
              "contentId": "[variables('_dataConnectorContentIdConnections1')]",
              "kind": "ResourcesDataConnector"
            }
          ]
        }
      }
    },
    {
      "type": "Microsoft.OperationalInsights/workspaces/providers/contentTemplates",
      "apiVersion": "2023-04-01-preview",
      "name": "[concat(parameters('workspace'),'/Microsoft.SecurityInsights/', variables('dataConnectorTemplateNameConnections1'), variables('dataConnectorCCPVersion'))]",
      "location": "[parameters('workspace-location')]",
      "dependsOn": [
        "[extensionResourceId(resourceId('Microsoft.OperationalInsights/workspaces', parameters('workspace')), 'Microsoft.SecurityInsights/contentPackages', variables('_solutionId'))]"
      ],
      "properties": {
        "contentId": "[variables('_dataConnectorContentIdConnections1')]",
        "displayName": "Anvilogic",
        "contentKind": "ResourcesDataConnector",
        "mainTemplate": {
          "$schema": "https://schema.management.azure.com/schemas/2019-04-01/deploymentTemplate.json#",
          "contentVersion": "[variables('dataConnectorCCPVersion')]",
          "parameters": {
            "guidValue": {
              "defaultValue": "[[newGuid()]",
              "type": "securestring"
            },
            "innerWorkspace": {
              "defaultValue": "[parameters('workspace')]",
              "type": "securestring"
            },
            "connectorDefinitionName": {
              "defaultValue": "Anvilogic",
              "type": "securestring",
              "minLength": 1
            },
            "workspace": {
              "defaultValue": "[parameters('workspace')]",
              "type": "securestring"
            },
            "dcrConfig": {
              "defaultValue": {
                "dataCollectionEndpoint": "data collection Endpoint",
                "dataCollectionRuleImmutableId": "data collection rule immutableId"
              },
              "type": "object"
            },
            "tokenEndpoint": {
              "defaultValue": "tokenEndpoint",
              "type": "securestring",
              "minLength": 1
            },
            "authorizationEndpoint": {
              "defaultValue": "authorizationEndpoint",
              "type": "securestring",
              "minLength": 1
            },
            "apiEndpoint": {
              "defaultValue": "apiEndpoint",
              "type": "securestring",
              "minLength": 1
            },
            "ClientId": {
              "defaultValue": "-NA-",
              "type": "securestring",
              "minLength": 1
            },
            "ClientSecret": {
              "defaultValue": "-NA-",
              "type": "securestring",
              "minLength": 1
            },
            "AuthorizationCode": {
              "defaultValue": "-NA-",
              "type": "securestring",
              "minLength": 1
            }
          },
          "variables": {
            "_dataConnectorContentIdConnections1": "[variables('_dataConnectorContentIdConnections1')]"
          },
          "resources": [
            {
              "name": "[concat(parameters('workspace'),'/Microsoft.SecurityInsights/',concat('DataConnector-', variables('_dataConnectorContentIdConnections1')))]",
              "apiVersion": "2022-01-01-preview",
              "type": "Microsoft.OperationalInsights/workspaces/providers/metadata",
              "properties": {
                "parentId": "[extensionResourceId(resourceId('Microsoft.OperationalInsights/workspaces', parameters('workspace')), 'Microsoft.SecurityInsights/dataConnectors', variables('_dataConnectorContentIdConnections1'))]",
                "contentId": "[variables('_dataConnectorContentIdConnections1')]",
                "kind": "ResourcesDataConnector",
                "version": "[variables('dataConnectorCCPVersion')]",
                "source": {
                  "sourceId": "[variables('_solutionId')]",
                  "name": "[variables('_solutionName')]",
                  "kind": "Solution"
                },
                "author": {
                  "name": "AnviLogic"
                },
                "support": {
                  "name": "Anvilogic",
                  "tier": "Partner",
                  "link": "https://www.anvilogic.com/"
                }
              }
            },
            {
              "name": "[[concat(parameters('innerWorkspace'),'/Microsoft.SecurityInsights/', 'AnvilogicCCFPolling', parameters('guidValue'))]",
              "apiVersion": "2023-02-01-preview",
              "type": "Microsoft.OperationalInsights/workspaces/providers/dataConnectors",
              "location": "[parameters('workspace-location')]",
              "kind": "RestApiPoller",
              "properties": {
                "connectorDefinitionName": "AnvilogicCCFDefinition",
                "dcrConfig": {
                  "dataCollectionEndpoint": "[[parameters('dcrConfig').dataCollectionEndpoint]",
                  "dataCollectionRuleImmutableId": "[[parameters('dcrConfig').dataCollectionRuleImmutableId]",
                  "streamName": "Custom-Anvilogic_Alerts_CL"
                },
                "dataType": "Anvilogic EOI",
                "response": {
                  "EventsJsonPaths": [
                    "$[?(@.TableKind == 'PrimaryResult')].Rows[0][0]"
                  ],
                  "ConvertChildPropertiesToArray": true
                },
                "auth": {
                  "type": "OAuth2",
                  "ClientSecret": "[[parameters('clientSecret')]",
                  "ClientId": "[[parameters('clientId')]",
                  "GrantType": "client_credentials",
                  "TokenEndpoint": "[[parameters('tokenEndpoint')]",
                  "tokenEndpointHeaders": {
                    "Content-Type": "application/x-www-form-urlencoded"
                  },
                  "scope": "[[parameters('authorizationEndpoint')]"
                },
                "request": {
                  "apiEndpoint": "[[parameters('apiEndpoint')]",
                  "httpMethod": "POST",
                  "queryTimeFormat": "yyyy-MM-ddTHH:mm:ssZ",
                  "headers": {
                    "Content-Type": "application/json",
                    "Accept": "application/json"
                  },
                  "QueryParameters": {
                    "db": "anvilogic",
                    "csl": "eoi | extend TimeGenerated = ingestion_time() | where TimeGenerated between (datetime({_QueryWindowStartTime}) .. datetime({_QueryWindowEndTime})) and avl_rule_mode != 'Warn' | project data = pack_all() | summarize list_data = make_list(data)"
                  }
                },
                "isActive": true
              }
            }
          ]
        },
        "packageKind": "Solution",
        "packageVersion": "[variables('_solutionVersion')]",
        "packageName": "[variables('_solutionName')]",
        "contentProductId": "[concat(take(variables('_solutionId'), 50),'-','rdc','-', uniqueString(concat(variables('_solutionId'),'-','ResourcesDataConnector','-',variables('_dataConnectorContentIdConnections1'),'-', variables('dataConnectorCCPVersion'))))]",
        "packageId": "[variables('_solutionId')]",
        "contentSchemaVersion": "3.0.0",
        "version": "[variables('dataConnectorCCPVersion')]"
      }
    },
    {
      "type": "Microsoft.OperationalInsights/workspaces/providers/contentTemplates",
      "apiVersion": "2023-04-01-preview",
      "name": "[variables('analyticRuleObject1').analyticRuleTemplateSpecName1]",
      "location": "[parameters('workspace-location')]",
      "dependsOn": [
        "[extensionResourceId(resourceId('Microsoft.OperationalInsights/workspaces', parameters('workspace')), 'Microsoft.SecurityInsights/contentPackages', variables('_solutionId'))]"
      ],
      "properties": {
        "description": "Anvilogic_Alerts_AnalyticalRules Analytics Rule with template version 3.0.0",
        "mainTemplate": {
          "$schema": "https://schema.management.azure.com/schemas/2019-04-01/deploymentTemplate.json#",
          "contentVersion": "[variables('analyticRuleObject1').analyticRuleVersion1]",
          "parameters": {},
          "variables": {},
          "resources": [
            {
              "type": "Microsoft.SecurityInsights/AlertRuleTemplates",
              "name": "[variables('analyticRuleObject1')._analyticRulecontentId1]",
              "apiVersion": "2023-02-01-preview",
              "kind": "Scheduled",
              "location": "[parameters('workspace-location')]",
              "properties": {
                "description": "Alert generated by Anvilogic.",
                "displayName": "Anvilogic Alert",
                "enabled": false,
                "query": "Anvilogic_Alerts_CL | where avl_rule_mode!='Warn'\n",
                "queryFrequency": "PT5M",
                "queryPeriod": "PT5M",
                "severity": "Medium",
                "suppressionDuration": "PT1H",
                "suppressionEnabled": false,
                "triggerOperator": "GreaterThan",
                "triggerThreshold": 0,
                "status": "Available",
                "requiredDataConnectors": [
                  {
                    "connectorId": "Anvilogic",
                    "dataTypes": [
                      "Anvilogic_Alerts_CL"
                    ]
                  }
                ],
                "entityMappings": [
                  {
                    "fieldMappings": [
                      {
                        "identifier": "Name",
                        "columnName": "coi_account"
                      },
                      {
                        "identifier": "NTDomain",
                        "columnName": "src_nt_domain"
                      },
                      {
                        "identifier": "Sid",
                        "columnName": "ssid"
                      }
                    ],
                    "entityType": "Account"
                  },
                  {
                    "fieldMappings": [
                      {
                        "identifier": "HostName",
                        "columnName": "coi_host"
                      }
                    ],
                    "entityType": "Host"
                  },
                  {
                    "fieldMappings": [
                      {
                        "identifier": "Address",
                        "columnName": "coi_ip"
                      }
                    ],
                    "entityType": "IP"
                  },
                  {
                    "fieldMappings": [
                      {
                        "identifier": "Url",
                        "columnName": "url"
                      }
                    ],
                    "entityType": "URL"
                  },
                  {
                    "fieldMappings": [
                      {
                        "identifier": "Name",
                        "columnName": "coi_app"
                      }
                    ],
                    "entityType": "CloudApplication"
                  },
                  {
                    "fieldMappings": [
                      {
                        "identifier": "Name",
                        "columnName": "file_name"
                      },
                      {
                        "identifier": "Directory",
                        "columnName": "file_path"
                      }
                    ],
                    "entityType": "File"
                  },
                  {
                    "fieldMappings": [
                      {
                        "identifier": "ProcessId",
                        "columnName": "process_id"
                      },
                      {
                        "identifier": "CommandLine",
                        "columnName": "process_exec"
                      }
                    ],
                    "entityType": "Process"
                  },
                  {
                    "fieldMappings": [
                      {
                        "identifier": "Hive",
                        "columnName": "registry_hive"
                      },
                      {
                        "identifier": "Key",
                        "columnName": "registry_key_name"
                      }
                    ],
                    "entityType": "RegistryKey"
                  },
                  {
                    "fieldMappings": [
                      {
                        "identifier": "Name",
                        "columnName": "registry_value_name"
                      },
                      {
                        "identifier": "Value",
                        "columnName": "registry_value_data"
                      },
                      {
                        "identifier": "ValueType",
                        "columnName": "registry_value_type"
                      }
                    ],
                    "entityType": "RegistryValue"
                  }
                ],
                "eventGroupingSettings": {
                  "aggregationKind": "AlertPerResult"
                },
                "customDetails": {
                  "techniques": "avl_mitre_technique",
                  "raw": "raw",
                  "tactics": "avl_mitre_tactic"
                },
                "alertDetailsOverride": {
                  "alertDynamicProperties": [
                    {
                      "alertProperty": "Techniques",
                      "value": "avl_mitre_technique"
                    }
                  ],
                  "alertTacticsColumnName": "avl_mitre_tactic",
                  "alertDisplayNameFormat": "{{avl_rule_id}} - {{avl_use_case_title}} - {{avl_use_case_type}} ",
                  "alertDescriptionFormat": "avl_rule_id: {{avl_rule_id}} \n{{avl_definition}}"
                },
                "incidentConfiguration": {
                  "createIncident": true,
                  "groupingConfiguration": {
                    "enabled": true,
                    "reopenClosedIncident": false,
                    "lookbackDuration": "5h",
                    "matchingMethod": "AllEntities"
                  }
                }
              }
            },
            {
              "type": "Microsoft.OperationalInsights/workspaces/providers/metadata",
              "apiVersion": "2022-01-01-preview",
              "name": "[concat(parameters('workspace'),'/Microsoft.SecurityInsights/',concat('AnalyticsRule-', last(split(variables('analyticRuleObject1').analyticRuleId1,'/'))))]",
              "properties": {
                "description": "AnviLogic Analytics Rule 1",
                "parentId": "[variables('analyticRuleObject1').analyticRuleId1]",
                "contentId": "[variables('analyticRuleObject1')._analyticRulecontentId1]",
                "kind": "AnalyticsRule",
                "version": "[variables('analyticRuleObject1').analyticRuleVersion1]",
                "source": {
                  "kind": "Solution",
                  "name": "AnviLogic",
                  "sourceId": "[variables('_solutionId')]"
                },
                "author": {
                  "name": "AnviLogic"
                },
                "support": {
                  "name": "Anvilogic",
                  "tier": "Partner",
                  "link": "https://www.anvilogic.com/"
                }
              }
            }
          ]
        },
        "packageKind": "Solution",
        "packageVersion": "[variables('_solutionVersion')]",
        "packageName": "[variables('_solutionName')]",
        "packageId": "[variables('_solutionId')]",
        "contentSchemaVersion": "3.0.0",
        "contentId": "[variables('analyticRuleObject1')._analyticRulecontentId1]",
        "contentKind": "AnalyticsRule",
        "displayName": "Anvilogic Alert",
        "contentProductId": "[variables('analyticRuleObject1')._analyticRulecontentProductId1]",
        "id": "[variables('analyticRuleObject1')._analyticRulecontentProductId1]",
        "version": "[variables('analyticRuleObject1').analyticRuleVersion1]"
      }
    },
    {
      "type": "Microsoft.OperationalInsights/workspaces/providers/contentPackages",
      "apiVersion": "2023-04-01-preview",
      "location": "[parameters('workspace-location')]",
      "properties": {
        "version": "3.0.0",
        "kind": "Solution",
        "contentSchemaVersion": "3.0.0",
        "displayName": "AnviLogic",
        "publisherDisplayName": "Anvilogic",
        "descriptionHtml": "<p><strong>Note:</strong> Please refer to the following before installing the solution:</p>\n<p>• Review the solution <a href=\"https://github.com/Azure/Azure-Sentinel/tree/master/Solutions/AnviLogic/ReleaseNotes.md\">Release Notes</a></p>\n<p>• There may be <a href=\"https://aka.ms/sentinelsolutionsknownissues\">known issues</a> pertaining to this Solution, please refer to them before installing.</p>\n<p>The <a href=\"https://www.anvilogic.com/\">Anvilogic</a> solution for Microsoft Sentinel enables you to ingest Anvilogic Alerts into Microsoft Sentinel.</p>\n<p><strong>Data Connectors:</strong> 1, <strong>Analytic Rules:</strong> 1</p>\n<p><a href=\"https://aka.ms/azuresentinel\">Learn more about Microsoft Sentinel</a> | <a href=\"https://aka.ms/azuresentinelsolutionsdoc\">Learn more about Solutions</a></p>\n",
        "contentKind": "Solution",
        "contentProductId": "[variables('_solutioncontentProductId')]",
        "id": "[variables('_solutioncontentProductId')]",
        "icon": "<img src=\"https://raw.githubusercontent.com/Azure/Azure-Sentinel/master/Logos/Anvilogic.svg\" width=\"75px\" height=\"75px\">",
        "contentId": "[variables('_solutionId')]",
        "parentId": "[variables('_solutionId')]",
        "source": {
          "kind": "Solution",
          "name": "AnviLogic",
          "sourceId": "[variables('_solutionId')]"
        },
        "author": {
          "name": "AnviLogic"
        },
        "support": {
          "name": "Anvilogic",
          "tier": "Partner",
          "link": "https://www.anvilogic.com/"
        },
        "dependencies": {
          "operator": "AND",
          "criteria": [
            {
              "kind": "DataConnector",
              "contentId": "[variables('_dataConnectorContentIdConnections1')]",
              "version": "[variables('dataConnectorCCPVersion')]"
            },
            {
              "kind": "AnalyticsRule",
              "contentId": "[variables('analyticRuleObject1')._analyticRulecontentId1]",
              "version": "[variables('analyticRuleObject1').analyticRuleVersion1]"
            }
          ]
        },
        "firstPublishDate": "2025-06-20",
        "providers": [
          "Anvilogic"
        ],
        "categories": {
          "domains": [
            "Security - Automation (SOAR)"
          ]
        }
      },
      "name": "[concat(parameters('workspace'),'/Microsoft.SecurityInsights/', variables('_solutionId'))]"
    }
  ],
  "outputs": {}
}
