{
  "$schema": "https://schema.management.azure.com/schemas/2019-04-01/deploymentTemplate.json#",
  "contentVersion": "1.0.0.0",
  "metadata": {
    "author": "Microsoft - support@microsoft.com",
    "comments": "Solution template for AWS_AccessLogs"
  },
  "parameters": {
    "location": {
      "type": "string",
      "minLength": 1,
      "defaultValue": "[resourceGroup().location]",
      "metadata": {
        "description": "Not used, but needed to pass arm-ttk test `Location-Should-Not-Be-Hardcoded`.  We instead use the `workspace-location` which is derived from the LA workspace"
      }
    },
    "workspace-location": {
      "type": "string",
      "defaultValue": "",
      "metadata": {
        "description": "[concat('Region to deploy solution resources -- separate from location selection',parameters('location'))]"
      }
    },
    "workspace": {
      "defaultValue": "",
      "type": "string",
      "metadata": {
        "description": "Workspace name for Log Analytics where Microsoft Sentinel is setup"
      }
    },
    "resourceGroupName": {
      "type": "string",
      "defaultValue": "[resourceGroup().name]",
      "metadata": {
        "description": "resource group name where Microsoft Sentinel is setup"
      }
    },
    "subscription": {
      "type": "string",
      "defaultValue": "[last(split(subscription().id, '/'))]",
      "metadata": {
        "description": "subscription id where Microsoft Sentinel is setup"
      }
    }
  },
  "variables": {
    "email": "support@microsoft.com",
    "_email": "[variables('email')]",
    "_solutionName": "AWS_AccessLogs",
    "_solutionVersion": "3.0.1",
    "solutionId": "azuresentinel.azure-sentinel-solution-awsaccesslogs",
    "_solutionId": "[variables('solutionId')]",
    "workspaceResourceId": "[resourceId('microsoft.OperationalInsights/Workspaces', parameters('workspace'))]",
    "dataConnectorCCPVersion": "1.0.0",
    "_dataConnectorContentIdConnectorDefinition1": "AwsS3ServerAccessLogsDefinition",
    "dataConnectorTemplateNameConnectorDefinition1": "[concat(parameters('workspace'),'-dc-',uniquestring(variables('_dataConnectorContentIdConnectorDefinition1')))]",
    "_dataConnectorContentIdConnections1": "AwsS3ServerAccessLogsDefinitionConnections",
    "dataConnectorTemplateNameConnections1": "[concat(parameters('workspace'),'-dc-',uniquestring(variables('_dataConnectorContentIdConnections1')))]",
    "TemplateEmptySpaceString": " ",
    "dataCollectionEndpointId1": "[concat('/subscriptions/',parameters('subscription'),'/resourceGroups/',parameters('resourceGroupName'),'/providers/Microsoft.Insights/dataCollectionEndpoints/',parameters('workspace'))]",
    "blanks": "[replace('b', 'b', '')]",
    "_solutioncontentProductId": "[concat(take(variables('_solutionId'),50),'-','sl','-', uniqueString(concat(variables('_solutionId'),'-','Solution','-',variables('_solutionId'),'-', variables('_solutionVersion'))))]"
  },
  "resources": [
    {
      "type": "Microsoft.OperationalInsights/workspaces/providers/contentTemplates",
      "apiVersion": "2023-04-01-preview",
      "name": "[concat(parameters('workspace'),'/Microsoft.SecurityInsights/', variables('dataConnectorTemplateNameConnectorDefinition1'), variables('dataConnectorCCPVersion'))]",
      "location": "[parameters('workspace-location')]",
      "dependsOn": [
        "[extensionResourceId(resourceId('Microsoft.OperationalInsights/workspaces', parameters('workspace')), 'Microsoft.SecurityInsights/contentPackages', variables('_solutionId'))]"
      ],
      "properties": {
        "contentId": "[variables('_dataConnectorContentIdConnectorDefinition1')]",
        "displayName": "AWS S3 Server Access Logs (via Codeless Connector Framework)",
        "contentKind": "DataConnector",
        "mainTemplate": {
          "$schema": "https://schema.management.azure.com/schemas/2019-04-01/deploymentTemplate.json#",
          "contentVersion": "[variables('dataConnectorCCPVersion')]",
          "parameters": {},
          "variables": {},
          "resources": [
            {
              "name": "[concat(parameters('workspace'),'/Microsoft.SecurityInsights/',variables('_dataConnectorContentIdConnectorDefinition1'))]",
              "apiVersion": "2022-09-01-preview",
              "type": "Microsoft.OperationalInsights/workspaces/providers/dataConnectorDefinitions",
              "location": "[parameters('workspace-location')]",
              "kind": "Customizable",
              "properties": {
                "connectorUiConfig": {
                  "id": "AwsS3ServerAccessLogsDefinition",
                  "title": "AWS S3 Server Access Logs (via Codeless Connector Framework)",
                  "logo": "amazon_web_services_Logo.svg",
                  "publisher": "Microsoft",
                  "providerDisplayName": "Amazon Web Services",
                  "descriptionMarkdown": "This connector allows you to ingest AWS S3 Server Access Logs into Microsoft Sentinel. These logs contain detailed records for requests made to S3 buckets, including the type of request, resource accessed, requester information, and response details. These logs are useful for analyzing access patterns, debugging issues, and ensuring security compliance.",
                  "graphQueriesTableName": "AWSS3ServerAccess",
                  "graphQueries": [
                    {
                      "metricName": "Total events received",
                      "legend": "AWS S3 Server Access Logs",
                      "baseQuery": "{{graphQueriesTableName}}"
                    }
                  ],
                  "sampleQueries": [
                    {
                      "description": "Get Sample of logs",
                      "query": "{{graphQueriesTableName}}\n | take 10"
                    }
                  ],
                  "dataTypes": [
                    {
                      "name": "{{graphQueriesTableName}}",
                      "lastDataReceivedQuery": "{{graphQueriesTableName}}\n | where TimeGenerated > ago(12h) | summarize LastReceived = max(TimeGenerated)"
                    }
                  ],
                  "connectivityCriteria": [
                    {
                      "type": "HasDataConnectors",
                      "value": null
                    }
                  ],
                  "availability": {
                    "status": 1,
                    "isPreview": false
                  },
                  "permissions": {
                    "resourceProvider": [
                      {
                        "provider": "Microsoft.OperationalInsights/workspaces",
                        "providerDisplayName": "Workspace",
                        "permissionsDisplayText": "Read and Write permissions are required.",
                        "scope": "Workspace",
                        "requiredPermissions": {
                          "read": true,
                          "write": true,
                          "delete": true,
                          "action": false
                        }
                      },
                      {
                        "provider": "Microsoft.OperationalInsights/workspaces/sharedKeys",
                        "permissionsDisplayText": "Read permissions to shared keys for the workspace are required. [See the documentation to learn more about workspace keys](https://docs.microsoft.com/azure/azure-monitor/platform/agent-windows#obtain-workspace-id-and-key)",
                        "providerDisplayName": "Keys",
                        "scope": "Workspace",
                        "requiredPermissions": {
                          "read": false,
                          "write": false,
                          "delete": false,
                          "action": true
                        }
                      }
                    ],
                    "customs": [
                      {
                        "name": "Environment",
                        "description": "You must have the following AWS resources defined and configured: S3 Bucket, Simple Queue Service (SQS), IAM roles and permissions policies."
                      }
                    ]
                  },
                  "instructionSteps": [
                    {
                      "instructions": [
                        {
                          "type": "Markdown",
                          "parameters": {
                            "content": "### 1. AWS CloudFormation Deployment \n To configure access on AWS, two templates has been generated to set up the AWS environment to send logs from an AWS S3 Server Access logs to your Log Analytics Workspace.\n"
                          }
                        },
                        {
                          "type": "Markdown",
                          "parameters": {
                            "content": "#### Deploy CloudFormation Templates in AWS: \n1. Navigate to the [AWS CloudFormation Stacks](https://aka.ms/awsCloudFormationLink#/stacks/create).\n2. Click **Create stack** and select **With new resources**.\n3. Choose **Upload a template file**, then click **Choose file** to upload the appropriate CloudFormation template provided.\n4. Follow the prompts and click **Next** to complete the stack creation.\n5. After the stacks are created, note down the **Role ARN** and **SQS Queue URL**.\n"
                          }
                        },
                        {
                          "type": "CopyableLabel",
                          "parameters": {
                            "label": "Template 1: OpenID Connect authentication provider deployment",
                            "isMultiLine": true,
                            "fillWith": [
                              "Oidc"
                            ]
                          }
                        },
                        {
                          "type": "CopyableLabel",
                          "parameters": {
                            "label": "Template 2: AWS Server Access resources deployment",
                            "isMultiLine": true,
                            "fillWith": [
                              "AWSS3ServerAccess"
                            ]
                          }
                        },
                        {
                          "type": "Markdown",
                          "parameters": {
                            "content": "### 2. Connect new collectors \n To enable AWS S3 Server Access Logs Connector for Microsoft Sentinel, click the Add new collector button, fill the required information in the context pane and click on Connect."
                          }
                        },
                        {
                          "type": "DataConnectorsGrid",
                          "parameters": {
                            "mapping": [
                              {
                                "columnValue": "properties.roleArn",
                                "columnName": "Role ARN"
                              },
                              {
                                "columnValue": "properties.sqsUrls[0]",
                                "columnName": "Queue URL"
                              }
                            ],
                            "menuItems": [
                              "DeleteConnector"
                            ]
                          }
                        },
                        {
                          "type": "ContextPane",
                          "parameters": {
                            "contextPaneType": "DataConnectorsContextPane",
                            "title": "Add new collector",
                            "subtitle": "AWS Server Access Logs connector",
                            "label": "Add new collector",
                            "instructionSteps": [
                              {
                                "title": "Account details",
                                "instructions": [
                                  {
                                    "type": "Textbox",
                                    "parameters": {
                                      "label": "Role ARN",
                                      "type": "text",
                                      "name": "roleArn",
                                      "validations": {
                                        "required": true
                                      }
                                    }
                                  },
                                  {
                                    "type": "Textbox",
                                    "parameters": {
                                      "label": "Queue URL",
                                      "type": "text",
                                      "name": "queueUrl",
                                      "validations": {
                                        "required": true
                                      }
                                    }
                                  }
                                ]
                              }
                            ]
                          }
                        }
                      ]
                    }
                  ],
                  "isConnectivityCriteriasMatchSome": false
                }
              }
            },
            {
              "name": "[concat(parameters('workspace'),'/Microsoft.SecurityInsights/',concat('DataConnector-', variables('_dataConnectorContentIdConnectorDefinition1')))]",
              "apiVersion": "2022-01-01-preview",
              "type": "Microsoft.OperationalInsights/workspaces/providers/metadata",
              "properties": {
                "parentId": "[extensionResourceId(resourceId('Microsoft.OperationalInsights/workspaces', parameters('workspace')), 'Microsoft.SecurityInsights/dataConnectorDefinitions', variables('_dataConnectorContentIdConnectorDefinition1'))]",
                "contentId": "[variables('_dataConnectorContentIdConnectorDefinition1')]",
                "kind": "DataConnector",
                "version": "[variables('dataConnectorCCPVersion')]",
                "source": {
                  "sourceId": "[variables('_solutionId')]",
                  "name": "[variables('_solutionName')]",
                  "kind": "Solution"
                },
                "author": {
                  "name": "Microsoft",
                  "email": "[variables('_email')]"
                },
                "support": {
                  "name": "Microsoft Corporation",
                  "email": "support@microsoft.com",
                  "tier": "Microsoft",
                  "link": "https://support.microsoft.com"
                },
                "dependencies": {
                  "criteria": [
                    {
                      "version": "[variables('dataConnectorCCPVersion')]",
                      "contentId": "[variables('_dataConnectorContentIdConnections1')]",
                      "kind": "ResourcesDataConnector"
                    }
                  ]
                }
              }
            },
            {
              "name": "AWSS3AccessLogs",
              "apiVersion": "2022-06-01",
              "type": "Microsoft.Insights/dataCollectionRules",
              "location": "[parameters('workspace-location')]",
              "kind": "[variables('blanks')]",
              "properties": {
                "destinations": {
                  "logAnalytics": [
                    {
                      "workspaceResourceId": "[variables('workspaceResourceId')]",
                      "name": "clv2ws1"
                    }
                  ]
                },
                "dataFlows": [
                  {
                    "streams": [
                      "Microsoft-AWSS3ServerAccess"
                    ],
                    "destinations": [
                      "clv2ws1"
                    ]
                  }
                ],
                "dataCollectionEndpointId": "[variables('dataCollectionEndpointId1')]"
              }
            }
          ]
        },
        "packageKind": "Solution",
        "packageVersion": "[variables('_solutionVersion')]",
        "packageName": "[variables('_solutionName')]",
        "contentProductId": "[concat(take(variables('_solutionId'), 50),'-','dc','-', uniqueString(concat(variables('_solutionId'),'-','DataConnector','-',variables('_dataConnectorContentIdConnectorDefinition1'),'-', variables('dataConnectorCCPVersion'))))]",
        "packageId": "[variables('_solutionId')]",
        "contentSchemaVersion": "3.0.0",
        "version": "[variables('dataConnectorCCPVersion')]"
      }
    },
    {
      "name": "[concat(parameters('workspace'),'/Microsoft.SecurityInsights/',variables('_dataConnectorContentIdConnectorDefinition1'))]",
      "apiVersion": "2022-09-01-preview",
      "type": "Microsoft.OperationalInsights/workspaces/providers/dataConnectorDefinitions",
      "location": "[parameters('workspace-location')]",
      "kind": "Customizable",
      "properties": {
        "connectorUiConfig": {
          "id": "AwsS3ServerAccessLogsDefinition",
          "title": "AWS S3 Server Access Logs (via Codeless Connector Framework)",
          "logo": "amazon_web_services_Logo.svg",
          "publisher": "Microsoft",
          "providerDisplayName": "Amazon Web Services",
          "descriptionMarkdown": "This connector allows you to ingest AWS S3 Server Access Logs into Microsoft Sentinel. These logs contain detailed records for requests made to S3 buckets, including the type of request, resource accessed, requester information, and response details. These logs are useful for analyzing access patterns, debugging issues, and ensuring security compliance.",
          "graphQueriesTableName": "AWSS3ServerAccess",
          "graphQueries": [
            {
              "metricName": "Total events received",
              "legend": "AWS S3 Server Access Logs",
              "baseQuery": "{{graphQueriesTableName}}"
            }
          ],
          "sampleQueries": [
            {
              "description": "Get Sample of logs",
              "query": "{{graphQueriesTableName}}\n | take 10"
            }
          ],
          "dataTypes": [
            {
              "name": "{{graphQueriesTableName}}",
              "lastDataReceivedQuery": "{{graphQueriesTableName}}\n | where TimeGenerated > ago(12h) | summarize LastReceived = max(TimeGenerated)"
            }
          ],
          "connectivityCriteria": [
            {
              "type": "HasDataConnectors",
              "value": null
            }
          ],
          "availability": {
            "status": 1,
            "isPreview": false
          },
          "permissions": {
            "resourceProvider": [
              {
                "provider": "Microsoft.OperationalInsights/workspaces",
                "providerDisplayName": "Workspace",
                "permissionsDisplayText": "Read and Write permissions are required.",
                "scope": "Workspace",
                "requiredPermissions": {
                  "read": true,
                  "write": true,
                  "delete": true,
                  "action": false
                }
              },
              {
                "provider": "Microsoft.OperationalInsights/workspaces/sharedKeys",
                "permissionsDisplayText": "Read permissions to shared keys for the workspace are required. [See the documentation to learn more about workspace keys](https://docs.microsoft.com/azure/azure-monitor/platform/agent-windows#obtain-workspace-id-and-key)",
                "providerDisplayName": "Keys",
                "scope": "Workspace",
                "requiredPermissions": {
                  "read": false,
                  "write": false,
                  "delete": false,
                  "action": true
                }
              }
            ],
            "customs": [
              {
                "name": "Environment",
                "description": "You must have the following AWS resources defined and configured: S3 Bucket, Simple Queue Service (SQS), IAM roles and permissions policies."
              }
            ]
          },
          "instructionSteps": [
            {
              "instructions": [
                {
                  "type": "Markdown",
                  "parameters": {
                    "content": "### 1. AWS CloudFormation Deployment \n To configure access on AWS, two templates has been generated to set up the AWS environment to send logs from an AWS S3 Server Access logs to your Log Analytics Workspace.\n"
                  }
                },
                {
                  "type": "Markdown",
                  "parameters": {
                    "content": "#### Deploy CloudFormation Templates in AWS: \n1. Navigate to the [AWS CloudFormation Stacks](https://aka.ms/awsCloudFormationLink#/stacks/create).\n2. Click **Create stack** and select **With new resources**.\n3. Choose **Upload a template file**, then click **Choose file** to upload the appropriate CloudFormation template provided.\n4. Follow the prompts and click **Next** to complete the stack creation.\n5. After the stacks are created, note down the **Role ARN** and **SQS Queue URL**.\n"
                  }
                },
                {
                  "type": "CopyableLabel",
                  "parameters": {
                    "label": "Template 1: OpenID Connect authentication provider deployment",
                    "isMultiLine": true,
                    "fillWith": [
                      "Oidc"
                    ]
                  }
                },
                {
                  "type": "CopyableLabel",
                  "parameters": {
                    "label": "Template 2: AWS Server Access resources deployment",
                    "isMultiLine": true,
                    "fillWith": [
                      "AWSS3ServerAccess"
                    ]
                  }
                },
                {
                  "type": "Markdown",
                  "parameters": {
                    "content": "### 2. Connect new collectors \n To enable AWS S3 Server Access Logs Connector for Microsoft Sentinel, click the Add new collector button, fill the required information in the context pane and click on Connect."
                  }
                },
                {
                  "type": "DataConnectorsGrid",
                  "parameters": {
                    "mapping": [
                      {
                        "columnValue": "properties.roleArn",
                        "columnName": "Role ARN"
                      },
                      {
                        "columnValue": "properties.sqsUrls[0]",
                        "columnName": "Queue URL"
                      }
                    ],
                    "menuItems": [
                      "DeleteConnector"
                    ]
                  }
                },
                {
                  "type": "ContextPane",
                  "parameters": {
                    "contextPaneType": "DataConnectorsContextPane",
                    "title": "Add new collector",
                    "subtitle": "AWS Server Access Logs connector",
                    "label": "Add new collector",
                    "instructionSteps": [
                      {
                        "title": "Account details",
                        "instructions": [
                          {
                            "type": "Textbox",
                            "parameters": {
                              "label": "Role ARN",
                              "type": "text",
                              "name": "roleArn",
                              "validations": {
                                "required": true
                              }
                            }
                          },
                          {
                            "type": "Textbox",
                            "parameters": {
                              "label": "Queue URL",
                              "type": "text",
                              "name": "queueUrl",
                              "validations": {
                                "required": true
                              }
                            }
                          }
                        ]
                      }
                    ]
                  }
                }
              ]
            }
          ],
          "isConnectivityCriteriasMatchSome": false
        }
      }
    },
    {
      "name": "[concat(parameters('workspace'),'/Microsoft.SecurityInsights/',concat('DataConnector-', variables('_dataConnectorContentIdConnectorDefinition1')))]",
      "apiVersion": "2022-01-01-preview",
      "type": "Microsoft.OperationalInsights/workspaces/providers/metadata",
      "properties": {
        "parentId": "[extensionResourceId(resourceId('Microsoft.OperationalInsights/workspaces', parameters('workspace')), 'Microsoft.SecurityInsights/dataConnectorDefinitions', variables('_dataConnectorContentIdConnectorDefinition1'))]",
        "contentId": "[variables('_dataConnectorContentIdConnectorDefinition1')]",
        "kind": "DataConnector",
        "version": "[variables('dataConnectorCCPVersion')]",
        "source": {
          "sourceId": "[variables('_solutionId')]",
          "name": "[variables('_solutionName')]",
          "kind": "Solution"
        },
        "author": {
          "name": "Microsoft",
          "email": "[variables('_email')]"
        },
        "support": {
          "name": "Microsoft Corporation",
          "email": "support@microsoft.com",
          "tier": "Microsoft",
          "link": "https://support.microsoft.com"
        },
        "dependencies": {
          "criteria": [
            {
              "version": "[variables('dataConnectorCCPVersion')]",
              "contentId": "[variables('_dataConnectorContentIdConnections1')]",
              "kind": "ResourcesDataConnector"
            }
          ]
        }
      }
    },
    {
      "type": "Microsoft.OperationalInsights/workspaces/providers/contentTemplates",
      "apiVersion": "2023-04-01-preview",
      "name": "[concat(parameters('workspace'),'/Microsoft.SecurityInsights/', variables('dataConnectorTemplateNameConnections1'), variables('dataConnectorCCPVersion'))]",
      "location": "[parameters('workspace-location')]",
      "dependsOn": [
        "[extensionResourceId(resourceId('Microsoft.OperationalInsights/workspaces', parameters('workspace')), 'Microsoft.SecurityInsights/contentPackages', variables('_solutionId'))]"
      ],
      "properties": {
        "contentId": "[variables('_dataConnectorContentIdConnections1')]",
        "displayName": "AWS S3 Server Access Logs (via Codeless Connector Framework)",
        "contentKind": "ResourcesDataConnector",
        "mainTemplate": {
          "$schema": "https://schema.management.azure.com/schemas/2019-04-01/deploymentTemplate.json#",
          "contentVersion": "[variables('dataConnectorCCPVersion')]",
          "parameters": {
            "guidValue": {
              "defaultValue": "[[newGuid()]",
              "type": "securestring"
            },
            "innerWorkspace": {
              "defaultValue": "[parameters('workspace')]",
              "type": "securestring"
            },
            "connectorDefinitionName": {
              "defaultValue": "AWS S3 Server Access Logs (via Codeless Connector Framework)",
              "type": "securestring",
              "minLength": 1
            },
            "workspace": {
              "defaultValue": "[parameters('workspace')]",
              "type": "securestring"
            },
            "dcrConfig": {
              "defaultValue": {
                "dataCollectionEndpoint": "data collection Endpoint",
                "dataCollectionRuleImmutableId": "data collection rule immutableId"
              },
              "type": "object"
            },
            "roleArn": {
              "defaultValue": "roleArn",
              "type": "securestring",
              "minLength": 1
            },
            "queueUrl": {
              "defaultValue": "queueUrl",
              "type": "securestring",
              "minLength": 1
            }
          },
          "variables": {
            "_dataConnectorContentIdConnections1": "[variables('_dataConnectorContentIdConnections1')]"
          },
          "resources": [
            {
              "name": "[concat(parameters('workspace'),'/Microsoft.SecurityInsights/',concat('DataConnector-', variables('_dataConnectorContentIdConnections1')))]",
              "apiVersion": "2022-01-01-preview",
              "type": "Microsoft.OperationalInsights/workspaces/providers/metadata",
              "properties": {
                "parentId": "[extensionResourceId(resourceId('Microsoft.OperationalInsights/workspaces', parameters('workspace')), 'Microsoft.SecurityInsights/dataConnectors', variables('_dataConnectorContentIdConnections1'))]",
                "contentId": "[variables('_dataConnectorContentIdConnections1')]",
                "kind": "ResourcesDataConnector",
                "version": "[variables('dataConnectorCCPVersion')]",
                "source": {
                  "sourceId": "[variables('_solutionId')]",
                  "name": "[variables('_solutionName')]",
                  "kind": "Solution"
                },
                "author": {
                  "name": "Microsoft",
                  "email": "[variables('_email')]"
                },
                "support": {
                  "name": "Microsoft Corporation",
                  "email": "support@microsoft.com",
                  "tier": "Microsoft",
                  "link": "https://support.microsoft.com"
                }
              }
            },
            {
              "name": "[[concat(parameters('innerWorkspace'),'/Microsoft.SecurityInsights/', 'AwsS3 Access Logs Polling Config', parameters('guidValue'))]",
              "apiVersion": "2023-02-01-preview",
              "type": "Microsoft.OperationalInsights/workspaces/providers/dataConnectors",
              "location": "[parameters('workspace-location')]",
              "kind": "AmazonWebServicesS3",
              "properties": {
                "connectorDefinitionName": "AwsS3ServerAccessLogsDefinition",
                "dataTypes": {
                  "logs": {
                    "state": "enabled"
                  }
                },
                "dcrConfig": {
                  "streamName": "SENTINEL_AWSS3SERVERACCESS",
                  "dataCollectionEndpoint": "[[parameters('dcrConfig').dataCollectionEndpoint]",
                  "dataCollectionRuleImmutableId": "[[parameters('dcrConfig').dataCollectionRuleImmutableId]"
                },
                "destinationTable": "AWSS3ServerAccess",
                "dataFormat": {
                  "Format": "csv",
                  "CsvDelimiter": "[variables('TemplateEmptySpaceString')]",
                  "IsCompressed": false,
                  "compressType": "None",
                  "HasCsvHeader": false
                },
                "roleArn": "[[parameters('roleArn')]",
                "sqsUrls": [
                  "[[parameters('queueUrl')]"
                ]
              }
            }
          ]
        },
        "packageKind": "Solution",
        "packageVersion": "[variables('_solutionVersion')]",
        "packageName": "[variables('_solutionName')]",
        "contentProductId": "[concat(take(variables('_solutionId'), 50),'-','rdc','-', uniqueString(concat(variables('_solutionId'),'-','ResourcesDataConnector','-',variables('_dataConnectorContentIdConnections1'),'-', variables('dataConnectorCCPVersion'))))]",
        "packageId": "[variables('_solutionId')]",
        "contentSchemaVersion": "3.0.0",
        "version": "[variables('dataConnectorCCPVersion')]"
      }
    },
    {
      "type": "Microsoft.OperationalInsights/workspaces/providers/contentPackages",
      "apiVersion": "2023-04-01-preview",
      "location": "[parameters('workspace-location')]",
      "properties": {
        "version": "3.0.1",
        "kind": "Solution",
        "contentSchemaVersion": "3.0.0",
        "displayName": "AWS_AccessLogs",
        "publisherDisplayName": "Microsoft Sentinel, Microsoft Corporation",
        "descriptionHtml": "<p><strong>Note:</strong> Please refer to the following before installing the solution:</p>\n<p>• Review the solution <a href=\"https://github.com/Azure/Azure-Sentinel/tree/master/Solutions/AWS_AccessLogs/ReleaseNotes.md\">Release Notes</a></p>\n<p>• There may be <a href=\"https://aka.ms/sentinelsolutionsknownissues\">known issues</a> pertaining to this Solution, please refer to them before installing.</p>\n<p>The AWS S3 Server Access Logs connector for Microsoft Sentinel allows you to track and analyze access requests to your S3 buckets. It helps you monitor who is accessing your data, what actions they are performing, and any issues that arise.</p>\n<p><strong>Data Connectors:</strong> 1</p>\n<p><a href=\"https://aka.ms/azuresentinel\">Learn more about Microsoft Sentinel</a> | <a href=\"https://aka.ms/azuresentinelsolutionsdoc\">Learn more about Solutions</a></p>\n",
        "contentKind": "Solution",
        "contentProductId": "[variables('_solutioncontentProductId')]",
        "id": "[variables('_solutioncontentProductId')]",
        "icon": "<img src=\"https://raw.githubusercontent.com/Azure/Azure-Sentinel/master/Logos/Aws.svg\" width=\"75px\" height=\"75px\">",
        "contentId": "[variables('_solutionId')]",
        "parentId": "[variables('_solutionId')]",
        "source": {
          "kind": "Solution",
          "name": "AWS_AccessLogs",
          "sourceId": "[variables('_solutionId')]"
        },
        "author": {
          "name": "Microsoft",
          "email": "[variables('_email')]"
        },
        "support": {
          "name": "Microsoft Corporation",
          "email": "support@microsoft.com",
          "tier": "Microsoft",
          "link": "https://support.microsoft.com"
        },
        "dependencies": {
          "operator": "AND",
          "criteria": [
            {
              "kind": "DataConnector",
              "contentId": "[variables('_dataConnectorContentIdConnections1')]",
              "version": "[variables('dataConnectorCCPVersion')]"
            }
          ]
        },
        "firstPublishDate": "2025-02-06",
        "providers": [
          "Amazon Web Services"
        ],
        "categories": {
          "domains": [
            "Security - Cloud Security"
          ]
        }
      },
      "name": "[concat(parameters('workspace'),'/Microsoft.SecurityInsights/', variables('_solutionId'))]"
    }
  ],
  "outputs": {}
}
