{
  "$schema": "https://schema.management.azure.com/schemas/2019-04-01/deploymentTemplate.json#",
  "contentVersion": "1.0.0.0",
  "metadata": {
    "author": "Mimecast - dlapi@mimecast.com",
    "comments": "Solution template for MimecastTIRegional"
  },
  "parameters": {
    "location": {
      "type": "string",
      "minLength": 1,
      "defaultValue": "[resourceGroup().location]",
      "metadata": {
        "description": "Not used, but needed to pass arm-ttk test `Location-Should-Not-Be-Hardcoded`.  We instead use the `workspace-location` which is derived from the LA workspace"
      }
    },
    "workspace-location": {
      "type": "string",
      "defaultValue": "",
      "metadata": {
        "description": "[concat('Region to deploy solution resources -- separate from location selection',parameters('location'))]"
      }
    },
    "workspace": {
      "defaultValue": "",
      "type": "string",
      "metadata": {
        "description": "Workspace name for Log Analytics where Sentinel is setup"
      }
    },
    "formattedTimeNow": {
      "type": "string",
      "defaultValue": "[utcNow('g')]",
      "metadata": {
        "description": "Appended to workbook displayNames to make them unique"
      }
    },
    "workbook1-id": {
      "type": "string",
      "defaultValue": "[newGuid()]",
      "minLength": 1,
      "metadata": {
        "description": "Unique id for the workbook"
      }
    },
    "workbook1-name": {
      "type": "string",
      "defaultValue": "MimecastTIRegional",
      "minLength": 1,
      "metadata": {
        "description": "Name for the workbook"
      }
    },
    "connector1-name": {
      "type": "string",
      "defaultValue": "d2708d20-f63a-4ac5-a24c-fa93b867fd19"
    }
  },
  "variables": {
    "MimecastTIRegional_workbook": "MimecastTIRegional_workbook",
    "_MimecastTIRegional_workbook": "[variables('MimecastTIRegional_workbook')]",
    "workbook-source": "[concat(resourceGroup().id, '/providers/Microsoft.OperationalInsights/workspaces/',parameters('workspace'))]",
    "_workbook-source": "[variables('workbook-source')]",
    "connector1-source": "[concat('/subscriptions/',subscription().subscriptionId,'/resourceGroups/',resourceGroup().name,'/providers/Microsoft.OperationalInsights/workspaces/',parameters('workspace'),'/providers/Microsoft.SecurityInsights/dataConnectors/',parameters('connector1-name'))]",
    "_connector1-source": "[variables('connector1-source')]",
    "MimecastTIRegionalConnectorAzureFunctionsConnector": "MimecastTIRegionalConnectorAzureFunctionsConnector",
    "_MimecastTIRegionalConnectorAzureFunctionsConnector": "[variables('MimecastTIRegionalConnectorAzureFunctionsConnector')]",
    "sourceId": "azuresentinel.azure-sentinel-solution-mimecasttiregional",
    "_sourceId": "[variables('sourceId')]"
  },
  "resources": [
    {
      "type": "Microsoft.Insights/workbooks",
      "name": "[parameters('workbook1-id')]",
      "location": "[parameters('workspace-location')]",
      "kind": "shared",
      "apiVersion": "2021-08-01",
      "properties": {
        "displayName": "[concat(parameters('workbook1-name'), ' - ', parameters('formattedTimeNow'))]",
        "serializedData": "{\"version\":\"Notebook/1.0\",\"items\":[{\"type\":9,\"content\":{\"version\":\"KqlParameterItem/1.0\",\"parameters\":[{\"id\":\"82fedb33-961a-4199-a5ab-16340948ed10\",\"version\":\"KqlParameterItem/1.0\",\"name\":\"time_range\",\"label\":\"time range\",\"type\":4,\"isRequired\":true,\"value\":{\"durationMs\":43200000},\"typeSettings\":{\"selectableValues\":[{\"durationMs\":300000},{\"durationMs\":900000},{\"durationMs\":1800000},{\"durationMs\":3600000},{\"durationMs\":14400000},{\"durationMs\":43200000},{\"durationMs\":86400000},{\"durationMs\":172800000},{\"durationMs\":259200000},{\"durationMs\":604800000},{\"durationMs\":1209600000},{\"durationMs\":2419200000},{\"durationMs\":2592000000},{\"durationMs\":5184000000},{\"durationMs\":7776000000}],\"allowCustom\":true}}],\"style\":\"pills\",\"queryType\":0,\"resourceType\":\"microsoft.operationalinsights/workspaces\"},\"name\":\"parameters - 2\"},{\"type\":1,\"content\":{\"json\":\"# Regional Threat Intelligence Feeds\"},\"name\":\"text - 25\"},{\"type\":3,\"content\":{\"version\":\"KqlItem/1.0\",\"query\":\"ThreatIntelligenceIndicator\\n| where Description==\\\"Mimecast Regional Threat Intel\\\"\",\"size\":0,\"timeContext\":{\"durationMs\":0},\"timeContextFromParameter\":\"time_range\",\"queryType\":0,\"resourceType\":\"microsoft.operationalinsights/workspaces\",\"visualization\":\"areachart\"},\"name\":\"query - 26\"}],\"$schema\":\"https://github.com/Microsoft/Application-Insights-Workbooks/blob/master/schema/workbook.json\"}\n",
        "version": "1.0",
        "sourceId": "[variables('_workbook-source')]",
        "category": "sentinel"
      }
    },
    {
      "id": "[variables('_connector1-source')]",
      "name": "[concat(parameters('workspace'),'/Microsoft.SecurityInsights/',parameters('connector1-name'))]",
      "apiVersion": "2021-03-01-preview",
      "type": "Microsoft.OperationalInsights/workspaces/providers/dataConnectors",
      "location": "[parameters('workspace-location')]",
      "kind": "GenericUI",
      "properties": {
        "connectorUiConfig": {
          "title": "Mimecast Intelligence for Microsoft - Azure Sentinel",
          "publisher": "Mimecast",
          "descriptionMarkdown": "The data connector for Mimecast Intelligence for Microsoft provides regional threat intelligence curated from Mimecast’s email inspection technologies with pre-created dashboards to allow analysts to view insight into email based threats, aid in incident correlation and reduce investigation response times.  \nMimecast products and features required: \n- Mimecast Secure Email Gateway \n- Mimecast Threat Intelligence\n",
          "graphQueries": [
            {
              "metricName": "Total Threat Intelligence (Regional) data received",
              "legend": "ThreatIntelligenceIndicator",
              "baseQuery": "ThreatIntelligenceIndicator"
            }
          ],
          "sampleQueries": [
            {
              "description": "ThreatIntelligenceIndicator",
              "query": "ThreatIntelligenceIndicator\n| sort by TimeGenerated desc"
            }
          ],
          "dataTypes": [
            {
              "name": "Event(ThreatIntelligenceIndicator)"
            }
          ],
          "connectivityCriterias": [
            {
              "type": "IsConnectedQuery",
              "value": [
                "ThreatIntelligenceIndicator\n            | summarize LastLogReceived = max(TimeGenerated)\n            | project IsConnected = LastLogReceived > ago(30d)"
              ]
            }
          ],
          "availability": {
            "status": 0,
            "isPreview": true
          },
          "permissions": {
            "resourceProvider": [
              {
                "provider": "Microsoft.OperationalInsights/workspaces",
                "permissionsDisplayText": "read and write permissions on the workspace are required.",
                "providerDisplayName": "Workspace",
                "scope": "Workspace",
                "requiredPermissions": {
                  "write": true,
                  "read": true,
                  "delete": true
                }
              },
              {
                "provider": "Microsoft.OperationalInsights/workspaces/sharedKeys",
                "permissionsDisplayText": "read permissions to shared keys for the workspace are required. [See the documentation to learn more about workspace keys](https://docs.microsoft.com/azure/azure-monitor/platform/agent-windows#obtain-workspace-id-and-key).",
                "providerDisplayName": "Keys",
                "scope": "Workspace",
                "requiredPermissions": {
                  "action": true
                }
              }
            ],
            "customs": [
              {
                "name": "Microsoft.Web/sites permissions",
                "description": "Read and write permissions to Azure Functions to create a Function App is required. [See the documentation to learn more about Azure Functions](https://docs.microsoft.com/azure/azure-functions/)."
              },
              {
                "name": "Mimecast API credentials",
                "description": "You need to have the following pieces of information to configure the integration:\n- mimecastEmail: Email address of a dedicated Mimecast admin user\n- mimecastPassword: Password for the dedicated Mimecast admin user\n- mimecastAppId: API Application Id of the Mimecast Azure Sentinel app registered with Mimecast\n- mimecastAppKey: API Application Key of the Mimecast Azure Sentinel app registered with Mimecast\n- mimecastAccessKey: Access Key for the dedicated Mimecast admin user\n- mimecastSecretKey: Secret Key for the dedicated Mimecast admin user\n- mimecastBaseURL: Mimecast Regional API Base URL\n\n> The Mimecast Application Id, Application Key, along with the Access Key and Secret keys for the dedicated Mimecast admin user are obtainable via the Mimecast Administration Console: Administration | Services | API and Platform Integrations.\n\n> The Mimecast API Base URL for each region is documented here: https://integrations.mimecast.com/documentation/api-overview/global-base-urls/"
              },
              {
                "name": "Resource group",
                "description": "You need to have a resource group created with a subscription you are going to use."
              },
              {
                "name": "Functions app",
                "description": "You need to have an Azure App registered for this connector to use\n1. Application Id\n2. Tenant Id\n3. Client Id\n4. Client Secret"
              }
            ]
          },
          "instructionSteps": [
            {
              "description": ">**NOTE:** This connector uses Azure Functions to connect to a Mimecast API to pull its logs into Azure Sentinel. This might result in additional data ingestion costs. Check the [Azure Functions pricing page](https://azure.microsoft.com/pricing/details/functions/) for details."
            },
            {
              "description": ">**(Optional Step)** Securely store workspace and API authorization key(s) or token(s) in Azure Key Vault. Azure Key Vault provides a secure mechanism to store and retrieve key values. [Follow these instructions](https://docs.microsoft.com/azure/app-service/app-service-key-vault-references) to use Azure Key Vault with an Azure Function App."
            },
            {
              "description": "**STEP 1 - Configuration steps for the Mimecast API**\n\nGo to ***Azure portal ---> App registrations ---> [your_app] ---> Certificates & secrets ---> New client secret*** and create a new secret (save the Value somewhere safe right away because you will not be able to preview it later)",
              "title": "Configuration:"
            },
            {
              "description": "**STEP 2 - Deploy Mimecast API Connector**\n\n>**IMPORTANT:** Before deploying the Mimecast API connector, have the Workspace ID  and Workspace Primary Key (can be copied from the following), as well as the Mimecast API authorization key(s) or Token, readily available.",
              "instructions": [
                {
                  "parameters": {
                    "fillWith": [
                      "WorkspaceId"
                    ],
                    "label": "Workspace ID"
                  },
                  "type": "CopyableLabel"
                },
                {
                  "parameters": {
                    "fillWith": [
                      "PrimaryKey"
                    ],
                    "label": "Primary Key"
                  },
                  "type": "CopyableLabel"
                }
              ]
            },
            {
              "description": "\n1. Click the **Deploy to Azure** button below. \n\n\t[![Deploy To Azure](https://aka.ms/deploytoazurebutton)](https://aka.ms/sentinel-MimecastTIRegionalConnectorAzureFunctions-azuredeploy)\n2. Select the preferred **Subscription**, **Resource Group** and **Location**. \n3. Enter the following fields:\n - appName: Unique string that will be used as id for the app in Azure platform\n - objectId: Azure portal ---> Azure Active Directory ---> more info ---> Profile -----> Object ID\n - appInsightsLocation(default): westeurope\n - mimecastEmail: Email address of dedicated user for this integraion\n - mimecastPassword: Password for dedicated user\n - mimecastAppId: Application Id from the Azure Sentinel app registered with Mimecast\n - mimecastAppKey: Application Key from the Azure Sentinel app registered with Mimecast\n - mimecastAccessKey: Access Key for the dedicated Mimecast user\n - mimecastSecretKey: Secret Key for dedicated Mimecast user\n - mimecastBaseURL: Regional Mimecast API Base URL\n - activeDirectoryAppId: Azure portal ---> App registrations ---> [your_app] ---> Application ID\n - activeDirectoryAppSecret: Azure portal ---> App registrations ---> [your_app] ---> Certificates & secrets ---> [your_app_secret]\n\n >Note: If using Azure Key Vault secrets for any of the values above, use the`@Microsoft.KeyVault(SecretUri={Security Identifier})`schema in place of the string values. Refer to [Key Vault references documentation](https://docs.microsoft.com/azure/app-service/app-service-key-vault-references) for further details.\n\n4. Mark the checkbox labeled **I agree to the terms and conditions stated above**. \n5. Click **Purchase** to deploy.\n\n6. Go to ***Azure portal ---> Resource groups ---> [your_resource_group] --->  [appName](type: Storage account) ---> Storage Explorer ---> BLOB CONTAINERS ---> TIR checkpoints ---> Upload*** and create empty file on your machine named checkpoint.txt and select it for upload (this is done so that date_range for TIR logs is stored in consistent state)\n",
              "title": "Enable Mimecast Intelligence for Microsoft - Azure Sentinel Connector:"
            },
            {
              "description": ">Connect to a **Threat Intelligence Platforms** Data Connector. Follow instructions on the connector page and then click connect button.",
              "title": "Additional configuration:"
            }
          ]
        }
      }
    },
    {
      "type": "Microsoft.OperationalInsights/workspaces/providers/metadata",
      "apiVersion": "2021-03-01-preview",
      "properties": {
        "version": "1.0.0",
        "kind": "Solution",
        "contentId": "[variables('_sourceId')]",
        "parentId": "[variables('_sourceId')]",
        "source": {
          "kind": "Solution",
          "name": "MimecastTIRegional",
          "sourceId": "[variables('_sourceId')]"
        },
        "author": {
          "name": "Mimecast",
          "email": "dlapi@mimecast.com"
        },
        "support": {
          "name": "Mimecast",
          "email": "support@mimecast.com",
          "tier": "Developer",
          "link": "https://community.mimecast.com/s/contactsupport"
        },
        "dependencies": {
          "operator": "AND",
          "criteria": [
            {
              "kind": "Workbook",
              "contentId": "[variables('_MimecastTIRegional_workbook')]",
              "version": "1.0.0"
            },
            {
              "kind": "DataConnector",
              "contentId": "[variables('_MimecastTIRegionalConnectorAzureFunctionsConnector')]",
              "version": "1.0.0"
            }
          ]
        },
        "firstPublishDate": "2022-02-24",
        "lastPublishDate": "2022-02-24",
        "providers": [
          "Mimecast"
        ],
        "categories": {
          "domains": [
            "Security - Network"
          ]
        }
      },
      "name": "[concat(parameters('workspace'),'/Microsoft.SecurityInsights/', variables('_sourceId'))]"
    }
  ],
  "outputs": {}
}
