{
    "SolutionMetadata":
	{
		"JSonVersion":"1.0",
		"JsonUpdateDate":"27/09/2022",
		"Description":"All Audit Functions around VIP Audit",
		"VersionInformation":{
			"1.0":{
				"Tracking":["First version of the file"],
				"MigrationMessageFromLastVersion":"N/A"
			}
		}
	},
	"AuditFunctionProtectedArea":
	{
		"ContentCheckSum":"042F7C5A2AD5631B3403B3222E274A1C3D76928A3B997F2BD4CCA11AB7EFD09B"
	},
    "AuditFunctions":[
        {
			"Section":"MAL",
			"Cmdlet":"$Userlist = get-mailbox | ? { $_.AuditEnabled -eq $true} ; foreach ($user in $Userlist){Search-MailboxAuditLog -Identity $user -LogonTypes delegate,owner,admin -ShowDetails -StartDate \"#LastDateTracking#\" }",
			"PropertySelection":["LastAccessed","MailboxOwnerUPN","MailboxResolvedOwnerName","LogonUserDisplayName ","LogonType","Operation","FolderPathName","ClientInfoString","ClientIPAddress","InternalLogonType","ItemID","ItemSubject","ItemAttachments","SourceItemIdsList","SourceItemSubjectsList","SourceItemAttachmentsList","SourceItemFolderPathNamesList","SourceFolderPathNamesList","OperationResult"],
			"CustomExpressionForSelection":[
				{"Name":"LastAccessedString","Expression":"$_.LastAccessed.ToString()"},
				{"Name":"SourceItems","Expression":"[string]::join(\";\", ($_.SourceItems))"},
				{"Name":"SourceFolders","Expression":"[string]::join(\";\", ($_.SourceFolders))"}
				
			],
			"ProcessPerServer":"false",
			"OutputStream":"VIPMailboxAuditLog",
			"ProcessingCategory":"On-Premises"
		}
    ]
}
