{
  "$schema": "https://schema.management.azure.com/schemas/2019-04-01/deploymentTemplate.json#",
  "contentVersion": "1.0.0.0",
  "metadata": {
    "author": "Arista Networks - support-security@arista.com",
    "comments": "Solution template for AristaAwakeSecurity"
  },
  "parameters": {
    "location": {
      "type": "string",
      "minLength": 1,
      "defaultValue": "[resourceGroup().location]",
      "metadata": {
        "description": "Not used, but needed to pass arm-ttk test `Location-Should-Not-Be-Hardcoded`.  We instead use the `workspace-location` which is derived from the LA workspace"
      }
    },
    "workspace-location": {
      "type": "string",
      "defaultValue": "",
      "metadata": {
        "description": "[concat('Region to deploy solution resources -- separate from location selection',parameters('location'))]"
      }
    },
    "workspace": {
      "defaultValue": "",
      "type": "string",
      "metadata": {
        "description": "Workspace name for Log Analytics where Microsoft Sentinel is setup"
      }
    },
    "workbook1-name": {
      "type": "string",
      "defaultValue": "Arista Awake",
      "minLength": 1,
      "metadata": {
        "description": "Name for the workbook"
      }
    }
  },
  "variables": {
    "email": "support-security@arista.com",
    "_email": "[variables('email')]",
    "_solutionName": "AristaAwakeSecurity",
    "_solutionVersion": "3.0.1",
    "solutionId": "arista-networks.awake-security",
    "_solutionId": "[variables('solutionId')]",
    "analyticRuleObject1": {
      "analyticRuleVersion1": "1.0.2",
      "_analyticRulecontentId1": "90b7ac11-dd6c-4ba1-a99b-737061873859",
      "analyticRuleId1": "[resourceId('Microsoft.SecurityInsights/AlertRuleTemplates', '90b7ac11-dd6c-4ba1-a99b-737061873859')]",
      "analyticRuleTemplateSpecName1": "[concat(parameters('workspace'),'/Microsoft.SecurityInsights/',concat(parameters('workspace'),'-ar-',uniquestring('90b7ac11-dd6c-4ba1-a99b-737061873859')))]",
      "_analyticRulecontentProductId1": "[concat(take(variables('_solutionId'),50),'-','ar','-', uniqueString(concat(variables('_solutionId'),'-','AnalyticsRule','-','90b7ac11-dd6c-4ba1-a99b-737061873859','-', '1.0.2')))]"
    },
    "analyticRuleObject2": {
      "analyticRuleVersion2": "1.0.2",
      "_analyticRulecontentId2": "d5e012c2-29ba-4a02-a813-37b928aafe2d",
      "analyticRuleId2": "[resourceId('Microsoft.SecurityInsights/AlertRuleTemplates', 'd5e012c2-29ba-4a02-a813-37b928aafe2d')]",
      "analyticRuleTemplateSpecName2": "[concat(parameters('workspace'),'/Microsoft.SecurityInsights/',concat(parameters('workspace'),'-ar-',uniquestring('d5e012c2-29ba-4a02-a813-37b928aafe2d')))]",
      "_analyticRulecontentProductId2": "[concat(take(variables('_solutionId'),50),'-','ar','-', uniqueString(concat(variables('_solutionId'),'-','AnalyticsRule','-','d5e012c2-29ba-4a02-a813-37b928aafe2d','-', '1.0.2')))]"
    },
    "analyticRuleObject3": {
      "analyticRuleVersion3": "1.0.2",
      "_analyticRulecontentId3": "dfa3ec92-bdae-410f-b675-fe1814e4d43e",
      "analyticRuleId3": "[resourceId('Microsoft.SecurityInsights/AlertRuleTemplates', 'dfa3ec92-bdae-410f-b675-fe1814e4d43e')]",
      "analyticRuleTemplateSpecName3": "[concat(parameters('workspace'),'/Microsoft.SecurityInsights/',concat(parameters('workspace'),'-ar-',uniquestring('dfa3ec92-bdae-410f-b675-fe1814e4d43e')))]",
      "_analyticRulecontentProductId3": "[concat(take(variables('_solutionId'),50),'-','ar','-', uniqueString(concat(variables('_solutionId'),'-','AnalyticsRule','-','dfa3ec92-bdae-410f-b675-fe1814e4d43e','-', '1.0.2')))]"
    },
    "workbookVersion1": "1.0.0",
    "workbookContentId1": "arista-networks",
    "workbookId1": "[resourceId('Microsoft.Insights/workbooks', variables('workbookContentId1'))]",
    "workbookTemplateSpecName1": "[concat(parameters('workspace'),'/Microsoft.SecurityInsights/',concat(parameters('workspace'),'-wb-',uniquestring(variables('_workbookContentId1'))))]",
    "_workbookContentId1": "[variables('workbookContentId1')]",
    "workspaceResourceId": "[resourceId('microsoft.OperationalInsights/Workspaces', parameters('workspace'))]",
    "_workbookcontentProductId1": "[concat(take(variables('_solutionId'),50),'-','wb','-', uniqueString(concat(variables('_solutionId'),'-','Workbook','-',variables('_workbookContentId1'),'-', variables('workbookVersion1'))))]",
    "_solutioncontentProductId": "[concat(take(variables('_solutionId'),50),'-','sl','-', uniqueString(concat(variables('_solutionId'),'-','Solution','-',variables('_solutionId'),'-', variables('_solutionVersion'))))]"
  },
  "resources": [
    {
      "type": "Microsoft.OperationalInsights/workspaces/providers/contentTemplates",
      "apiVersion": "2023-04-01-preview",
      "name": "[variables('analyticRuleObject1').analyticRuleTemplateSpecName1]",
      "location": "[parameters('workspace-location')]",
      "dependsOn": [
        "[extensionResourceId(resourceId('Microsoft.OperationalInsights/workspaces', parameters('workspace')), 'Microsoft.SecurityInsights/contentPackages', variables('_solutionId'))]"
      ],
      "properties": {
        "description": "HighMatchCountsByDevice_AnalyticalRules Analytics Rule with template version 3.0.1",
        "mainTemplate": {
          "$schema": "https://schema.management.azure.com/schemas/2019-04-01/deploymentTemplate.json#",
          "contentVersion": "[variables('analyticRuleObject1').analyticRuleVersion1]",
          "parameters": {},
          "variables": {},
          "resources": [
            {
              "type": "Microsoft.SecurityInsights/AlertRuleTemplates",
              "name": "[variables('analyticRuleObject1')._analyticRulecontentId1]",
              "apiVersion": "2023-02-01-preview",
              "kind": "Scheduled",
              "location": "[parameters('workspace-location')]",
              "properties": {
                "description": "This query searches for devices with unexpectedly large number of activity match.",
                "displayName": "Awake Security - High Match Counts By Device",
                "enabled": false,
                "query": "CommonSecurityLog\n| where DeviceVendor == \"Arista Networks\" and DeviceProduct == \"Awake Security\"\n| summarize StartTime=min(TimeGenerated), EndTime=max(TimeGenerated), Models=make_set(Activity), ASPMatchURLs=make_set(DeviceCustomString2), SourceIPs=make_set(SourceIP),\n  DestinationIPs=make_set(DestinationIP), ModelMatchCount=sum(EventCount), MaxSeverity=max(toint(LogSeverity)) by SourceHostName\n| where ModelMatchCount > 1000 and MaxSeverity > 2\n| extend SeverityName=iff(MaxSeverity == 0, \"Informational\", iff(MaxSeverity < 5, \"Low\", iff(MaxSeverity < 8, \"Medium\", \"High\")))\n",
                "queryFrequency": "PT1H",
                "queryPeriod": "PT1H",
                "severity": "Medium",
                "suppressionDuration": "PT1H",
                "suppressionEnabled": false,
                "triggerOperator": "GreaterThan",
                "triggerThreshold": 0,
                "status": "Available",
                "requiredDataConnectors": [
                  {
                    "connectorId": "CefAma",
                    "dataTypes": [
                      "CommonSecurityLog"
                    ]
                  }
                ],
                "entityMappings": [
                  {
                    "fieldMappings": [
                      {
                        "columnName": "SourceHostName",
                        "identifier": "HostName"
                      }
                    ],
                    "entityType": "Host"
                  },
                  {
                    "fieldMappings": [
                      {
                        "columnName": "SourceIPs",
                        "identifier": "Address"
                      }
                    ],
                    "entityType": "IP"
                  }
                ],
                "eventGroupingSettings": {
                  "aggregationKind": "AlertPerResult"
                },
                "customDetails": {
                  "Matches_ASP_URLs": "ASPMatchURLs",
                  "Matches_Dest_IPs": "DestinationIPs",
                  "Matches_Count": "ModelMatchCount",
                  "Device": "SourceHostName",
                  "Matches_Max_Severity": "MaxSeverity",
                  "Matched_Models": "Models"
                },
                "alertDetailsOverride": {
                  "alertDescriptionFormat": "The following Awake model(s):\n\n{{Models}}\n\nmatched {{ModelMatchCount}} activities, an unexpectedly large number. The destination IPs associated with these matches were:\n\n{{DestinationIPs}}",
                  "alertDisplayNameFormat": "Awake Security - High Model Match Counts On Device {{SourceHostName}}",
                  "alertSeverityColumnName": "SeverityName"
                },
                "incidentConfiguration": {
                  "groupingConfiguration": {
                    "enabled": true,
                    "lookbackDuration": "3d",
                    "groupByEntities": [
                      "Host"
                    ],
                    "matchingMethod": "Selected",
                    "groupByCustomDetails": [
                      "Device"
                    ],
                    "reopenClosedIncident": true
                  },
                  "createIncident": true
                }
              }
            },
            {
              "type": "Microsoft.OperationalInsights/workspaces/providers/metadata",
              "apiVersion": "2022-01-01-preview",
              "name": "[concat(parameters('workspace'),'/Microsoft.SecurityInsights/',concat('AnalyticsRule-', last(split(variables('analyticRuleObject1').analyticRuleId1,'/'))))]",
              "properties": {
                "description": "AristaAwakeSecurity Analytics Rule 1",
                "parentId": "[variables('analyticRuleObject1').analyticRuleId1]",
                "contentId": "[variables('analyticRuleObject1')._analyticRulecontentId1]",
                "kind": "AnalyticsRule",
                "version": "[variables('analyticRuleObject1').analyticRuleVersion1]",
                "source": {
                  "kind": "Solution",
                  "name": "AristaAwakeSecurity",
                  "sourceId": "[variables('_solutionId')]"
                },
                "author": {
                  "name": "Arista Networks",
                  "email": "[variables('_email')]"
                },
                "support": {
                  "name": "Arista - Awake Security",
                  "email": "support-security@arista.com",
                  "tier": "Partner",
                  "link": "https://awakesecurity.com/"
                }
              }
            }
          ]
        },
        "packageKind": "Solution",
        "packageVersion": "[variables('_solutionVersion')]",
        "packageName": "[variables('_solutionName')]",
        "packageId": "[variables('_solutionId')]",
        "contentSchemaVersion": "3.0.0",
        "contentId": "[variables('analyticRuleObject1')._analyticRulecontentId1]",
        "contentKind": "AnalyticsRule",
        "displayName": "Awake Security - High Match Counts By Device",
        "contentProductId": "[variables('analyticRuleObject1')._analyticRulecontentProductId1]",
        "id": "[variables('analyticRuleObject1')._analyticRulecontentProductId1]",
        "version": "[variables('analyticRuleObject1').analyticRuleVersion1]"
      }
    },
    {
      "type": "Microsoft.OperationalInsights/workspaces/providers/contentTemplates",
      "apiVersion": "2023-04-01-preview",
      "name": "[variables('analyticRuleObject2').analyticRuleTemplateSpecName2]",
      "location": "[parameters('workspace-location')]",
      "dependsOn": [
        "[extensionResourceId(resourceId('Microsoft.OperationalInsights/workspaces', parameters('workspace')), 'Microsoft.SecurityInsights/contentPackages', variables('_solutionId'))]"
      ],
      "properties": {
        "description": "HighSeverityMatchesByDevice_AnalyticalRules Analytics Rule with template version 3.0.1",
        "mainTemplate": {
          "$schema": "https://schema.management.azure.com/schemas/2019-04-01/deploymentTemplate.json#",
          "contentVersion": "[variables('analyticRuleObject2').analyticRuleVersion2]",
          "parameters": {},
          "variables": {},
          "resources": [
            {
              "type": "Microsoft.SecurityInsights/AlertRuleTemplates",
              "name": "[variables('analyticRuleObject2')._analyticRulecontentId2]",
              "apiVersion": "2023-02-01-preview",
              "kind": "Scheduled",
              "location": "[parameters('workspace-location')]",
              "properties": {
                "description": "This query searches for devices with high severity event(s).",
                "displayName": "Awake Security - High Severity Matches By Device",
                "enabled": false,
                "query": "CommonSecurityLog\n| where DeviceVendor == \"Arista Networks\" and DeviceProduct == \"Awake Security\" and toint(LogSeverity) > 6\n| summarize StartTime=min(TimeGenerated), EndTime=max(TimeGenerated), Models=make_set(Activity), ASPMatchURLs=make_set(DeviceCustomString2), SourceIPs=make_set(SourceIP),\n  DestinationIPs=make_set(DestinationIP), ModelMatchCount=sum(EventCount), MaxSeverity=max(todecimal  (LogSeverity)) by SourceHostName\n",
                "queryFrequency": "PT1H",
                "queryPeriod": "PT1H",
                "severity": "Medium",
                "suppressionDuration": "PT1H",
                "suppressionEnabled": false,
                "triggerOperator": "GreaterThan",
                "triggerThreshold": 0,
                "status": "Available",
                "requiredDataConnectors": [
                  {
                    "connectorId": "CefAma",
                    "dataTypes": [
                      "CommonSecurityLog"
                    ]
                  }
                ],
                "entityMappings": [
                  {
                    "fieldMappings": [
                      {
                        "columnName": "SourceHostName",
                        "identifier": "HostName"
                      }
                    ],
                    "entityType": "Host"
                  },
                  {
                    "fieldMappings": [
                      {
                        "columnName": "SourceIPs",
                        "identifier": "Address"
                      }
                    ],
                    "entityType": "IP"
                  }
                ],
                "eventGroupingSettings": {
                  "aggregationKind": "AlertPerResult"
                },
                "customDetails": {
                  "Matches_ASP_URLs": "ASPMatchURLs",
                  "Matches_Dest_IPs": "DestinationIPs",
                  "Matches_Count": "ModelMatchCount",
                  "Device": "SourceHostName",
                  "Matches_Max_Severity": "MaxSeverity",
                  "Matched_Models": "Models"
                },
                "alertDetailsOverride": {
                  "alertDescriptionFormat": "Device {{SourceHostName}} matched the following high-severity Awake model(s):\n\n{{Models}}\n\nThe destination IPs associated with these matches were:\n\n{{DestinationIPs}}\n",
                  "alertDisplayNameFormat": "Awake Security - High Severity Matches On Device {{SourceHostName}}",
                  "alertSeverityColumnName": "MaxSeverity"
                },
                "incidentConfiguration": {
                  "groupingConfiguration": {
                    "enabled": true,
                    "lookbackDuration": "3d",
                    "groupByEntities": [
                      "Host"
                    ],
                    "matchingMethod": "Selected",
                    "groupByCustomDetails": [
                      "Device"
                    ],
                    "reopenClosedIncident": true
                  },
                  "createIncident": true
                }
              }
            },
            {
              "type": "Microsoft.OperationalInsights/workspaces/providers/metadata",
              "apiVersion": "2022-01-01-preview",
              "name": "[concat(parameters('workspace'),'/Microsoft.SecurityInsights/',concat('AnalyticsRule-', last(split(variables('analyticRuleObject2').analyticRuleId2,'/'))))]",
              "properties": {
                "description": "AristaAwakeSecurity Analytics Rule 2",
                "parentId": "[variables('analyticRuleObject2').analyticRuleId2]",
                "contentId": "[variables('analyticRuleObject2')._analyticRulecontentId2]",
                "kind": "AnalyticsRule",
                "version": "[variables('analyticRuleObject2').analyticRuleVersion2]",
                "source": {
                  "kind": "Solution",
                  "name": "AristaAwakeSecurity",
                  "sourceId": "[variables('_solutionId')]"
                },
                "author": {
                  "name": "Arista Networks",
                  "email": "[variables('_email')]"
                },
                "support": {
                  "name": "Arista - Awake Security",
                  "email": "support-security@arista.com",
                  "tier": "Partner",
                  "link": "https://awakesecurity.com/"
                }
              }
            }
          ]
        },
        "packageKind": "Solution",
        "packageVersion": "[variables('_solutionVersion')]",
        "packageName": "[variables('_solutionName')]",
        "packageId": "[variables('_solutionId')]",
        "contentSchemaVersion": "3.0.0",
        "contentId": "[variables('analyticRuleObject2')._analyticRulecontentId2]",
        "contentKind": "AnalyticsRule",
        "displayName": "Awake Security - High Severity Matches By Device",
        "contentProductId": "[variables('analyticRuleObject2')._analyticRulecontentProductId2]",
        "id": "[variables('analyticRuleObject2')._analyticRulecontentProductId2]",
        "version": "[variables('analyticRuleObject2').analyticRuleVersion2]"
      }
    },
    {
      "type": "Microsoft.OperationalInsights/workspaces/providers/contentTemplates",
      "apiVersion": "2023-04-01-preview",
      "name": "[variables('analyticRuleObject3').analyticRuleTemplateSpecName3]",
      "location": "[parameters('workspace-location')]",
      "dependsOn": [
        "[extensionResourceId(resourceId('Microsoft.OperationalInsights/workspaces', parameters('workspace')), 'Microsoft.SecurityInsights/contentPackages', variables('_solutionId'))]"
      ],
      "properties": {
        "description": "ModelMatchesWithMultipleDestinationsByDevice_AnalyticalRules Analytics Rule with template version 3.0.1",
        "mainTemplate": {
          "$schema": "https://schema.management.azure.com/schemas/2019-04-01/deploymentTemplate.json#",
          "contentVersion": "[variables('analyticRuleObject3').analyticRuleVersion3]",
          "parameters": {},
          "variables": {},
          "resources": [
            {
              "type": "Microsoft.SecurityInsights/AlertRuleTemplates",
              "name": "[variables('analyticRuleObject3')._analyticRulecontentId3]",
              "apiVersion": "2023-02-01-preview",
              "kind": "Scheduled",
              "location": "[parameters('workspace-location')]",
              "properties": {
                "description": "This query searches for devices with multiple possibly malicious destinations.",
                "displayName": "Awake Security - Model With Multiple Destinations",
                "enabled": false,
                "query": "CommonSecurityLog | where DeviceVendor == \"Arista Networks\" and DeviceProduct == \"Awake Security\"\n| summarize StartTime=min(TimeGenerated), EndTime=max(TimeGenerated), Models=make_set(Activity), ASPMatchURLs=make_set(DeviceCustomString2), SourceIPs=make_set(SourceIP),\n  DestinationIPs=make_set(DestinationIP), ModelMatchCount=sum(EventCount), MaxSeverity=max(toint(LogSeverity)) by SourceHostName\n| where array_length(DestinationIPs) > 1\n",
                "queryFrequency": "PT1H",
                "queryPeriod": "PT1H",
                "severity": "Medium",
                "suppressionDuration": "PT1H",
                "suppressionEnabled": false,
                "triggerOperator": "GreaterThan",
                "triggerThreshold": 0,
                "status": "Available",
                "requiredDataConnectors": [
                  {
                    "connectorId": "CefAma",
                    "dataTypes": [
                      "CommonSecurityLog"
                    ]
                  }
                ],
                "entityMappings": [
                  {
                    "fieldMappings": [
                      {
                        "columnName": "SourceHostName",
                        "identifier": "HostName"
                      }
                    ],
                    "entityType": "Host"
                  },
                  {
                    "fieldMappings": [
                      {
                        "columnName": "SourceIPs",
                        "identifier": "Address"
                      }
                    ],
                    "entityType": "IP"
                  }
                ],
                "eventGroupingSettings": {
                  "aggregationKind": "AlertPerResult"
                },
                "customDetails": {
                  "Matches_ASP_URLs": "ASPMatchURLs",
                  "Matches_Dest_IPs": "DestinationIPs",
                  "Matches_Count": "ModelMatchCount",
                  "Device": "SourceHostName",
                  "Matches_Max_Severity": "MaxSeverity",
                  "Matched_Models": "Models"
                },
                "alertDetailsOverride": {
                  "alertDescriptionFormat": "Device {{SourceHostName}} communicated with multiple possibly malicious destinations.  The destination IPs were:\n\n{{DestinationIPs}}\n\nThe associated with Awake model(s) were:\n\n{{Models}}\n",
                  "alertDisplayNameFormat": "Awake Security - Model Matches With Multiple Destinations On Device {{SourceHostName}}"
                },
                "incidentConfiguration": {
                  "groupingConfiguration": {
                    "enabled": true,
                    "lookbackDuration": "3d",
                    "groupByEntities": [
                      "Host"
                    ],
                    "matchingMethod": "Selected",
                    "groupByCustomDetails": [
                      "Device"
                    ],
                    "reopenClosedIncident": true
                  },
                  "createIncident": true
                }
              }
            },
            {
              "type": "Microsoft.OperationalInsights/workspaces/providers/metadata",
              "apiVersion": "2022-01-01-preview",
              "name": "[concat(parameters('workspace'),'/Microsoft.SecurityInsights/',concat('AnalyticsRule-', last(split(variables('analyticRuleObject3').analyticRuleId3,'/'))))]",
              "properties": {
                "description": "AristaAwakeSecurity Analytics Rule 3",
                "parentId": "[variables('analyticRuleObject3').analyticRuleId3]",
                "contentId": "[variables('analyticRuleObject3')._analyticRulecontentId3]",
                "kind": "AnalyticsRule",
                "version": "[variables('analyticRuleObject3').analyticRuleVersion3]",
                "source": {
                  "kind": "Solution",
                  "name": "AristaAwakeSecurity",
                  "sourceId": "[variables('_solutionId')]"
                },
                "author": {
                  "name": "Arista Networks",
                  "email": "[variables('_email')]"
                },
                "support": {
                  "name": "Arista - Awake Security",
                  "email": "support-security@arista.com",
                  "tier": "Partner",
                  "link": "https://awakesecurity.com/"
                }
              }
            }
          ]
        },
        "packageKind": "Solution",
        "packageVersion": "[variables('_solutionVersion')]",
        "packageName": "[variables('_solutionName')]",
        "packageId": "[variables('_solutionId')]",
        "contentSchemaVersion": "3.0.0",
        "contentId": "[variables('analyticRuleObject3')._analyticRulecontentId3]",
        "contentKind": "AnalyticsRule",
        "displayName": "Awake Security - Model With Multiple Destinations",
        "contentProductId": "[variables('analyticRuleObject3')._analyticRulecontentProductId3]",
        "id": "[variables('analyticRuleObject3')._analyticRulecontentProductId3]",
        "version": "[variables('analyticRuleObject3').analyticRuleVersion3]"
      }
    },
    {
      "type": "Microsoft.OperationalInsights/workspaces/providers/contentTemplates",
      "apiVersion": "2023-04-01-preview",
      "name": "[variables('workbookTemplateSpecName1')]",
      "location": "[parameters('workspace-location')]",
      "dependsOn": [
        "[extensionResourceId(resourceId('Microsoft.OperationalInsights/workspaces', parameters('workspace')), 'Microsoft.SecurityInsights/contentPackages', variables('_solutionId'))]"
      ],
      "properties": {
        "description": "AristaAwakeSecurityWorkbook Workbook with template version 3.0.1",
        "mainTemplate": {
          "$schema": "https://schema.management.azure.com/schemas/2019-04-01/deploymentTemplate.json#",
          "contentVersion": "[variables('workbookVersion1')]",
          "parameters": {},
          "variables": {},
          "resources": [
            {
              "type": "Microsoft.Insights/workbooks",
              "name": "[variables('workbookContentId1')]",
              "location": "[parameters('workspace-location')]",
              "kind": "shared",
              "apiVersion": "2021-08-01",
              "metadata": {
                "description": "Sets the time name for analysis"
              },
              "properties": {
                "displayName": "[parameters('workbook1-name')]",
                "serializedData": "{\"version\":\"Notebook/1.0\",\"items\":[{\"type\":9,\"content\":{\"version\":\"KqlParameterItem/1.0\",\"parameters\":[{\"id\":\"96834e0b-c240-4603-b8ce-ab5c8e051a8c\",\"version\":\"KqlParameterItem/1.0\",\"name\":\"TimeRange\",\"label\":\"Time Range\",\"type\":4,\"isRequired\":true,\"value\":{\"durationMs\":3600000},\"typeSettings\":{\"selectableValues\":[{\"durationMs\":3600000},{\"durationMs\":43200000},{\"durationMs\":86400000},{\"durationMs\":172800000},{\"durationMs\":604800000},{\"durationMs\":2592000000},{\"durationMs\":5184000000}],\"allowCustom\":true},\"timeContext\":{\"durationMs\":86400000}},{\"id\":\"66925847-0d36-4795-bdfe-1ad0e6fa92a8\",\"version\":\"KqlParameterItem/1.0\",\"name\":\"SortBy\",\"label\":\"Sort By\",\"type\":2,\"isRequired\":true,\"typeSettings\":{\"showDefault\":false},\"jsonData\":\"[\\n\\n    { \\\"value\\\":\\\"Count\\\", \\\"label\\\":\\\"Count\\\"},\\n    { \\\"value\\\":\\\"Severity\\\", \\\"label\\\":\\\"Severity\\\", \\\"selected\\\":true}\\n]\",\"value\":\"Count\"}],\"style\":\"pills\",\"queryType\":0,\"resourceType\":\"microsoft.operationalinsights/workspaces\"},\"name\":\"parameters - 8\"},{\"type\":11,\"content\":{\"version\":\"LinkItem/1.0\",\"style\":\"tabs\",\"links\":[{\"id\":\"bc6350d6-4f87-4575-9057-6e80072afdc1\",\"cellValue\":\"Tab\",\"linkTarget\":\"parameter\",\"linkLabel\":\"Overview\",\"subTarget\":\"Overview\",\"style\":\"link\"},{\"id\":\"b90a2ef4-07db-4f55-b8f1-fcafa493ab16\",\"cellValue\":\"Tab\",\"linkTarget\":\"parameter\",\"linkLabel\":\"Models\",\"subTarget\":\"Models\",\"style\":\"link\"},{\"id\":\"e097203d-20ea-48de-af3d-d367e704dd61\",\"cellValue\":\"Tab\",\"linkTarget\":\"parameter\",\"linkLabel\":\"Devices\",\"subTarget\":\"Devices\",\"style\":\"link\"}]},\"name\":\"links - 11\"},{\"type\":12,\"content\":{\"version\":\"NotebookGroup/1.0\",\"groupType\":\"editable\",\"items\":[{\"type\":1,\"content\":{\"json\":\"---\\n### Adversarial Model Matches by Severity Level for {TimeRange}\"},\"customWidth\":\"30\",\"name\":\"Overview_Pie_Label\"},{\"type\":1,\"content\":{\"json\":\"\\n\\n\\n---\\n### Adversarial Models Matches for {TimeRange}\"},\"customWidth\":\"70\",\"name\":\"Overview_Chart_Label\"},{\"type\":3,\"content\":{\"version\":\"KqlItem/1.0\",\"query\":\"union CommonSecurityLog\\n| where DeviceVendor == \\\"Arista Networks\\\" and DeviceProduct == \\\"Awake Security\\\"\\n| summarize by bin(TimeGenerated,floor(({TimeRange:end}-{TimeRange:start})/30,1m)),Activity,LogSeverity\\n| summarize Count=count() by Severity=iif(toint(LogSeverity) between (0 .. 5),\\\"1\\\",iif(toint(LogSeverity) between (6 .. 8),\\\"2\\\",iif(toint(LogSeverity) between (9 .. 10),\\\"3\\\",\\\"4\\\")))\\n| where toint(Severity)<4\\n| order by toint(Severity) desc\",\"size\":3,\"timeContextFromParameter\":\"TimeRange\",\"queryType\":0,\"resourceType\":\"microsoft.operationalinsights/workspaces\",\"visualization\":\"piechart\",\"tileSettings\":{\"titleContent\":{\"columnMatch\":\"Severity\",\"formatter\":18,\"formatOptions\":{\"thresholdsOptions\":\"colors\",\"thresholdsGrid\":[{\"operator\":\"==\",\"thresholdValue\":\"4\",\"representation\":\"redBright\",\"text\":\"Critical\"},{\"operator\":\"==\",\"thresholdValue\":\"3\",\"representation\":\"orange\",\"text\":\"High\"},{\"operator\":\"==\",\"thresholdValue\":\"2\",\"representation\":\"yellow\",\"text\":\"Medium\"},{\"operator\":\"==\",\"thresholdValue\":\"1\",\"representation\":\"green\",\"text\":\"Low\"},{\"operator\":\"Default\",\"text\":\"{0}{1}\"}],\"compositeBarSettings\":{\"labelText\":\"\",\"columnSettings\":[{\"columnName\":\"status\",\"color\":\"green\"},{\"columnName\":\"status_count\",\"color\":\"lightBlue\"}]}}},\"leftContent\":{\"columnMatch\":\"Count\",\"formatter\":12,\"formatOptions\":{\"palette\":\"none\"}},\"showBorder\":true,\"sortOrderField\":1,\"size\":\"auto\"},\"graphSettings\":{\"type\":0},\"chartSettings\":{\"yAxis\":[\"Count\"],\"seriesLabelSettings\":[{\"seriesName\":\"1\",\"label\":\"Low\",\"color\":\"green\"},{\"seriesName\":\"2\",\"label\":\"Medium\",\"color\":\"yellow\"},{\"seriesName\":\"3\",\"label\":\"High\",\"color\":\"redBright\"}]}},\"customWidth\":\"30\",\"name\":\"Adversarial Model Matches by Severity\"},{\"type\":3,\"content\":{\"version\":\"KqlItem/1.0\",\"query\":\"union CommonSecurityLog\\n| where DeviceVendor == \\\"Arista Networks\\\" and DeviceProduct == \\\"Awake Security\\\"\\n| summarize by bin(TimeGenerated,floor(({TimeRange:end}-{TimeRange:start})/30,1m)),Activity,LogSeverity\\n| summarize High=countif(toint(LogSeverity) between (9 .. 10)),Medium=countif(toint(LogSeverity) between (6 .. 8)),Low=countif(toint(LogSeverity) between (0 .. 5)) by TimeGenerated,LogSeverity\\n\\n\",\"size\":2,\"timeContextFromParameter\":\"TimeRange\",\"queryType\":0,\"resourceType\":\"microsoft.operationalinsights/workspaces\",\"visualization\":\"categoricalbar\",\"graphSettings\":{\"type\":0},\"chartSettings\":{\"xAxis\":\"TimeGenerated\",\"seriesLabelSettings\":[{\"seriesName\":\"High\",\"color\":\"redBright\"},{\"seriesName\":\"Medium\",\"color\":\"yellow\"},{\"seriesName\":\"Low\",\"color\":\"green\"}]}},\"customWidth\":\"70\",\"name\":\"Overview_Chart\"},{\"type\":1,\"content\":{\"json\":\"\\n\\n\\n---\\n###### Links\"},\"name\":\"Overview_Links_Label\"},{\"type\":11,\"content\":{\"version\":\"LinkItem/1.0\",\"style\":\"bullets\",\"links\":[{\"id\":\"49514376-7f9d-40d5-9e71-be047648b095\",\"cellValue\":\"https://awakesecurity.com/\",\"linkTarget\":\"Url\",\"linkLabel\":\"Awake-Security\",\"preText\":\"\",\"postText\":\"\",\"style\":\"link\"}]},\"name\":\"Overview_Links\"}]},\"conditionalVisibility\":{\"parameterName\":\"Tab\",\"comparison\":\"isEqualTo\",\"value\":\"Overview\"},\"name\":\"Overview_Group\"},{\"type\":12,\"content\":{\"version\":\"NotebookGroup/1.0\",\"groupType\":\"editable\",\"items\":[{\"type\":1,\"content\":{\"json\":\"---\\n### Top 5 Adversarial Models Activities for {TimeRange}\"},\"customWidth\":\"40\",\"name\":\"Models_Chart_Label\"},{\"type\":1,\"content\":{\"json\":\"---\\n\\n### Detailed: Top 50 Adversarial Model Matches for {TimeRange}\"},\"customWidth\":\"60\",\"name\":\"Models_Grid_Label\"},{\"type\":3,\"content\":{\"version\":\"KqlItem/1.0\",\"query\":\"union CommonSecurityLog\\n| where DeviceVendor == \\\"Arista Networks\\\" and DeviceProduct == \\\"Awake Security\\\"\\n| summarize d=arg_max(DeviceEventClassID,LogSeverity),TriggeredCount=sum(EventCount) by  Activity,DeviceCustomString5\\n| sort by case(\\\"{SortBy}\\\"==\\\"Count\\\",TriggeredCount,toint(LogSeverity)), Activity \\n| limit 5\\n| project Activity=strcat(substring(Activity,0,20),\\\"...\\\"),TriggeredCount\",\"size\":3,\"timeContextFromParameter\":\"TimeRange\",\"queryType\":0,\"resourceType\":\"microsoft.operationalinsights/workspaces\",\"visualization\":\"barchart\",\"graphSettings\":{\"type\":0,\"topContent\":{\"columnMatch\":\"Activity\",\"formatter\":1},\"centerContent\":{\"columnMatch\":\"TriggeredCount\",\"formatter\":1,\"numberFormat\":{\"unit\":17,\"options\":{\"maximumSignificantDigits\":3,\"maximumFractionDigits\":2}}}},\"chartSettings\":{\"xAxis\":\"Activity\"},\"mapSettings\":{\"locInfo\":\"LatLong\",\"sizeSettings\":\"TriggeredCount\",\"sizeAggregation\":\"Sum\",\"legendMetric\":\"TriggeredCount\",\"legendAggregation\":\"Sum\",\"itemColorSettings\":{\"type\":\"heatmap\",\"colorAggregation\":\"Sum\",\"nodeColorField\":\"TriggeredCount\",\"heatmapPalette\":\"greenRed\"}}},\"customWidth\":\"40\",\"name\":\"Models_Chart\"},{\"type\":3,\"content\":{\"version\":\"KqlItem/1.0\",\"query\":\"union CommonSecurityLog\\n| where DeviceVendor == \\\"Arista Networks\\\" and DeviceProduct == \\\"Awake Security\\\"\\n| summarize arg_max(TimeGenerated,Severity=toint(LogSeverity),DeviceCustomDate2,DeviceEventClassID),arg_min(TimeGenerated, DeviceCustomDate1),\\nUniqueDevices= dcount(coalesce(SourceHostName,'Unknown')),TotalActivities=sum(EventCount) by Activity,DeviceCustomString5\\n| extend  ModelPath= strcat(\\\"https://\\\",DeviceCustomString5,\\\"/app/workbench/?startTime=\\\",DeviceCustomDate1,\\\"&endTime=\\\",DeviceCustomDate2,\\\"&query=(dataset.threat_behavior%20\\\",DeviceEventClassID,\\\")%20%26%26%20(device.threat_behavior%20\\\",DeviceEventClassID,\\\")&view=device\\\")\\n| project Activity,ModelPath,Severity,UniqueDevices,TotalActivities\\n| sort by case(\\\"{SortBy}\\\"==\\\"Count\\\",TotalActivities,Severity), Activity\\n| limit 50\",\"size\":2,\"timeContextFromParameter\":\"TimeRange\",\"queryType\":0,\"resourceType\":\"microsoft.operationalinsights/workspaces\",\"visualization\":\"table\",\"gridSettings\":{\"formatters\":[{\"columnMatch\":\"Activity\",\"formatter\":13,\"formatOptions\":{\"linkColumn\":\"ModelPath\",\"linkTarget\":\"Url\",\"showIcon\":false,\"customColumnWidthSetting\":\"70%\"}},{\"columnMatch\":\"ModelPath\",\"formatter\":5},{\"columnMatch\":\"Severity\",\"formatter\":18,\"formatOptions\":{\"thresholdsOptions\":\"colors\",\"thresholdsGrid\":[{\"operator\":\"<=\",\"thresholdValue\":\"5\",\"representation\":\"green\",\"text\":\"Low\"},{\"operator\":\"<=\",\"thresholdValue\":\"6\",\"representation\":\"yellow\",\"text\":\"Medium\"},{\"operator\":\"Default\",\"representation\":\"redBright\",\"text\":\"High\"}],\"compositeBarSettings\":{\"labelText\":\"\",\"columnSettings\":[{\"columnName\":\"SeverityInt\",\"color\":\"redBright\"}]},\"customColumnWidthSetting\":\"10%\"}},{\"columnMatch\":\"UniqueDevices\",\"formatter\":0,\"formatOptions\":{\"customColumnWidthSetting\":\"10%\"}},{\"columnMatch\":\"TotalActivities\",\"formatter\":0,\"formatOptions\":{\"customColumnWidthSetting\":\"10%\"}}],\"labelSettings\":[{\"columnId\":\"Activity\",\"label\":\"adversarialModelName\"},{\"columnId\":\"ModelPath\",\"label\":\"Model Path\"},{\"columnId\":\"Severity\",\"label\":\"riskLevel\"},{\"columnId\":\"UniqueDevices\",\"label\":\"uniqueDevices\"},{\"columnId\":\"TotalActivities\",\"label\":\"totalActivities\"}]}},\"customWidth\":\"60\",\"name\":\"Models_Grid\"}]},\"conditionalVisibility\":{\"parameterName\":\"Tab\",\"comparison\":\"isEqualTo\",\"value\":\"Models\"},\"name\":\"Models_Group\"},{\"type\":12,\"content\":{\"version\":\"NotebookGroup/1.0\",\"groupType\":\"editable\",\"items\":[{\"type\":1,\"content\":{\"json\":\"---\\n### Top 5 Devices by Model Matches for {TimeRange}\"},\"customWidth\":\"40\",\"name\":\"Devices_Chart_Label\"},{\"type\":1,\"content\":{\"json\":\"---\\n### Detailed: Top 50 Devices by Model Matches for {TimeRange}\"},\"customWidth\":\"60\",\"name\":\"Devices_Grid_Label\"},{\"type\":3,\"content\":{\"version\":\"KqlItem/1.0\",\"query\":\"union CommonSecurityLog\\n| where DeviceVendor == \\\"Arista Networks\\\" and DeviceProduct == \\\"Awake Security\\\"\\n| extend DeviceCustomNumber1 = coalesce(column_ifexists(\\\"FieldDeviceCustomNumber1\\\", long(null)),DeviceCustomNumber1)\\n| summarize \\n    MaxDeviceRiskScore=max(DeviceCustomNumber1),UniqueDeviceTypeCount=dcount(DeviceCustomString4),\\n    TimesAlerted=count() by SourceHostName=coalesce(SourceHostName,\\\"Unknown\\\"),DeviceCustomString5\\n| sort by case(\\\"{SortBy}\\\"==\\\"Count\\\",TimesAlerted,MaxDeviceRiskScore),SourceHostName\\n| project SourceHostName=strcat(substring(SourceHostName,0,22),\\\"...\\\"),TimesAlerted\\n| limit 5\",\"size\":3,\"timeContextFromParameter\":\"TimeRange\",\"queryType\":0,\"resourceType\":\"microsoft.operationalinsights/workspaces\",\"visualization\":\"barchart\",\"chartSettings\":{\"xAxis\":\"SourceHostName\",\"yAxis\":[\"TimesAlerted\"]}},\"customWidth\":\"40\",\"name\":\"Devices_Chart\"},{\"type\":3,\"content\":{\"version\":\"KqlItem/1.0\",\"query\":\"union CommonSecurityLog\\n| where DeviceVendor == \\\"Arista Networks\\\" and DeviceProduct == \\\"Awake Security\\\"\\n| extend DeviceCustomNumber1 = coalesce(column_ifexists(\\\"FieldDeviceCustomNumber1\\\", long(null)),DeviceCustomNumber1)\\n| summarize arg_max(TimeGenerated,DeviceCustomDate2, DeviceCustomString2,DeviceCustomString4,DeviceCustomString3),arg_min(TimeGenerated, DeviceCustomDate1),\\n//    DeviceType=strcat_array(make_set_if(DeviceCustomString4, strlen(DeviceCustomString4) > 0),\\\", \\\"),\\n//    OperatingSystem=strcat_array(make_set_if(DeviceCustomString3, strlen(DeviceCustomString3) > 0),\\\", \\\"),\\n    UniqueDeviceTypeCount=dcount(DeviceCustomString4), IPsFound= dcount(SourceIP), MaxDeviceRiskScore=max(DeviceCustomNumber1), TimesAlerted=count() \\nby SourceHostName=coalesce(SourceHostName,\\\"Unknown\\\"),DeviceCustomString5\\n| extend  DevicePath= strcat(\\\"https://\\\",DeviceCustomString5,\\\"/app/workbench/device/\\\",substring(DeviceCustomString2,-39,36),\\\"?startTime=\\\",DeviceCustomDate1,\\\"&endTime=\\\",DeviceCustomDate2)\\n| project SourceHostName,DevicePath,DeviceCustomString3,DeviceCustomString4,IPsFound,MaxDeviceRiskScore,TimesAlerted\\n| sort by case(\\\"{SortBy}\\\"==\\\"Count\\\",TimesAlerted,MaxDeviceRiskScore),SourceHostName\\n| limit 50\",\"size\":2,\"timeContextFromParameter\":\"TimeRange\",\"queryType\":0,\"resourceType\":\"microsoft.operationalinsights/workspaces\",\"visualization\":\"table\",\"gridSettings\":{\"formatters\":[{\"columnMatch\":\"SourceHostName\",\"formatter\":13,\"formatOptions\":{\"linkColumn\":\"DevicePath\",\"linkTarget\":\"Url\",\"showIcon\":true,\"customColumnWidthSetting\":\"30%\"}},{\"columnMatch\":\"DevicePath\",\"formatter\":5,\"formatOptions\":{\"linkTarget\":\"Url\",\"linkLabel\":\"Awake-Platform: Device Detail\",\"customColumnWidthSetting\":\"20%\"}},{\"columnMatch\":\"IPsFound\",\"formatter\":0,\"formatOptions\":{\"customColumnWidthSetting\":\"10%\"}},{\"columnMatch\":\"MaxDeviceRiskScore\",\"formatter\":18,\"formatOptions\":{\"thresholdsOptions\":\"colors\",\"thresholdsGrid\":[{\"operator\":\"<\",\"thresholdValue\":\"33\",\"representation\":\"green\",\"text\":\"Low\"},{\"operator\":\"<\",\"thresholdValue\":\"75\",\"representation\":\"yellow\",\"text\":\"Medium\"},{\"operator\":\"Default\",\"representation\":\"redBright\",\"text\":\"High\"}],\"compositeBarSettings\":{\"labelText\":\"\",\"columnSettings\":[{\"columnName\":\"IPsFound\",\"color\":\"blue\"},{\"columnName\":\"MaxDeviceRiskScore\",\"color\":\"brown\"}]},\"customColumnWidthSetting\":\"10%\"}},{\"columnMatch\":\"TimesAlerted\",\"formatter\":0,\"formatOptions\":{\"customColumnWidthSetting\":\"10%\"}},{\"columnMatch\":\"OperatingSystem\",\"formatter\":0,\"formatOptions\":{\"customColumnWidthSetting\":\"20%\"}},{\"columnMatch\":\"DeviceType\",\"formatter\":0,\"formatOptions\":{\"customColumnWidthSetting\":\"20%\"}},{\"columnMatch\":\"UniqueDeviceTypeCount\",\"formatter\":5}],\"labelSettings\":[{\"columnId\":\"SourceHostName\",\"label\":\"deviceName\"},{\"columnId\":\"DevicePath\",\"label\":\"devicePath\"},{\"columnId\":\"DeviceCustomString3\",\"label\":\"operatingSystem\"},{\"columnId\":\"DeviceCustomString4\",\"label\":\"deviceType\"},{\"columnId\":\"IPsFound\",\"label\":\"uniqueIP\"},{\"columnId\":\"MaxDeviceRiskScore\",\"label\":\"riskLevel\"},{\"columnId\":\"TimesAlerted\",\"label\":\"count\"}]}},\"customWidth\":\"60\",\"name\":\"Devices_Grid\"}]},\"conditionalVisibility\":{\"parameterName\":\"Tab\",\"comparison\":\"isEqualTo\",\"value\":\"Devices\"},\"name\":\"Devices_Group\"}],\"fromTemplateId\":\"sentinel-AristaAwakeSecurityWorkbook\",\"$schema\":\"https://github.com/Microsoft/Application-Insights-Workbooks/blob/master/schema/workbook.json\"}\r\n",
                "version": "1.0",
                "sourceId": "[variables('workspaceResourceId')]",
                "category": "sentinel"
              }
            },
            {
              "type": "Microsoft.OperationalInsights/workspaces/providers/metadata",
              "apiVersion": "2022-01-01-preview",
              "name": "[concat(parameters('workspace'),'/Microsoft.SecurityInsights/',concat('Workbook-', last(split(variables('workbookId1'),'/'))))]",
              "properties": {
                "description": "@{workbookKey=arista-networks; logoFileName=AristaAwakeSecurity.svg; description=Sets the time name for analysis; dataTypesDependencies=System.Object[]; dataConnectorsDependencies=System.Object[]; previewImagesFileNames=System.Object[]; version=1.0.0; title=Arista Awake; templateRelativePath=AristaAwakeSecurityWorkbook.json; subtitle=; provider=Arista Networks}.description",
                "parentId": "[variables('workbookId1')]",
                "contentId": "[variables('_workbookContentId1')]",
                "kind": "Workbook",
                "version": "[variables('workbookVersion1')]",
                "source": {
                  "kind": "Solution",
                  "name": "AristaAwakeSecurity",
                  "sourceId": "[variables('_solutionId')]"
                },
                "author": {
                  "name": "Arista Networks",
                  "email": "[variables('_email')]"
                },
                "support": {
                  "name": "Arista - Awake Security",
                  "email": "support-security@arista.com",
                  "tier": "Partner",
                  "link": "https://awakesecurity.com/"
                },
                "dependencies": {
                  "operator": "AND",
                  "criteria": [
                    {
                      "contentId": "CommonSecurityLog",
                      "kind": "DataType"
                    },
                    {
                      "contentId": "AristaAwakeSecurity",
                      "kind": "DataConnector"
                    },
                    {
                      "contentId": "CefAma",
                      "kind": "DataConnector"
                    }
                  ]
                }
              }
            }
          ]
        },
        "packageKind": "Solution",
        "packageVersion": "[variables('_solutionVersion')]",
        "packageName": "[variables('_solutionName')]",
        "packageId": "[variables('_solutionId')]",
        "contentSchemaVersion": "3.0.0",
        "contentId": "[variables('_workbookContentId1')]",
        "contentKind": "Workbook",
        "displayName": "[parameters('workbook1-name')]",
        "contentProductId": "[variables('_workbookcontentProductId1')]",
        "id": "[variables('_workbookcontentProductId1')]",
        "version": "[variables('workbookVersion1')]"
      }
    },
    {
      "type": "Microsoft.OperationalInsights/workspaces/providers/contentPackages",
      "apiVersion": "2023-04-01-preview",
      "location": "[parameters('workspace-location')]",
      "properties": {
        "version": "3.0.1",
        "kind": "Solution",
        "contentSchemaVersion": "3.0.0",
        "displayName": "AristaAwakeSecurity",
        "publisherDisplayName": "Arista - Awake Security",
        "descriptionHtml": "<p><strong>Note:</strong> Please refer to the following before installing the solution:</p>\n<p>• Review the solution <a href=\"https://github.com/Azure/Azure-Sentinel/tree/master/Solutions/AristaAwakeSecurity/ReleaseNotes.md\">Release Notes</a></p>\n<p>• There may be <a href=\"https://aka.ms/sentinelsolutionsknownissues\">known issues</a> pertaining to this Solution, please refer to them before installing.</p>\n<p>The <a href=\"https://awakesecurity.com/\">Awake Security Arista Networks solution</a> for Microsoft Sentinel enable users to send detection model matches from the Awake Security Platform to Microsoft Sentinel.</p>\n<p>This solution is dependent on the Common Event Format solution containing the CEF via AMA connector to collect the logs. The CEF solution will be installed as part of this solution installation.</p>\n<p><strong>NOTE:</strong> Microsoft recommends installation of CEF via AMA Connector. Legacy connector uses the Log Analytics agent which were deprecated on <strong>Aug 31, 2024</strong>. Using MMA and AMA on same machine can cause log duplication and extra ingestion cost <a href=\"https://learn.microsoft.com/en-us/azure/sentinel/ama-migrate\">more details</a>.</p>\n<p><strong>Workbooks:</strong> 1, <strong>Analytic Rules:</strong> 3</p>\n<p><a href=\"https://aka.ms/azuresentinel\">Learn more about Microsoft Sentinel</a> | <a href=\"https://aka.ms/azuresentinelsolutionsdoc\">Learn more about Solutions</a></p>\n",
        "contentKind": "Solution",
        "contentProductId": "[variables('_solutioncontentProductId')]",
        "id": "[variables('_solutioncontentProductId')]",
        "icon": "<img src=\"https://raw.githubusercontent.com/Azure/Azure-Sentinel/master/Logos/AristaAwakeSecurity.svg\"width=\"75px\"height=\"75px\">",
        "contentId": "[variables('_solutionId')]",
        "parentId": "[variables('_solutionId')]",
        "source": {
          "kind": "Solution",
          "name": "AristaAwakeSecurity",
          "sourceId": "[variables('_solutionId')]"
        },
        "author": {
          "name": "Arista Networks",
          "email": "[variables('_email')]"
        },
        "support": {
          "name": "Arista - Awake Security",
          "email": "support-security@arista.com",
          "tier": "Partner",
          "link": "https://awakesecurity.com/"
        },
        "dependencies": {
          "criteria": [
            {
              "kind": "AnalyticsRule",
              "contentId": "[variables('analyticRuleObject1')._analyticRulecontentId1]",
              "version": "[variables('analyticRuleObject1').analyticRuleVersion1]"
            },
            {
              "kind": "AnalyticsRule",
              "contentId": "[variables('analyticRuleObject2')._analyticRulecontentId2]",
              "version": "[variables('analyticRuleObject2').analyticRuleVersion2]"
            },
            {
              "kind": "AnalyticsRule",
              "contentId": "[variables('analyticRuleObject3')._analyticRulecontentId3]",
              "version": "[variables('analyticRuleObject3').analyticRuleVersion3]"
            },
            {
              "kind": "Workbook",
              "contentId": "[variables('_workbookContentId1')]",
              "version": "[variables('workbookVersion1')]"
            },
            {
              "kind": "Solution",
              "contentId": "azuresentinel.azure-sentinel-solution-commoneventformat"
            }
          ]
        },
        "firstPublishDate": "2021-10-18",
        "providers": [
          "Arista Networks"
        ],
        "categories": {
          "domains": [
            "Security - Network"
          ]
        }
      },
      "name": "[concat(parameters('workspace'),'/Microsoft.SecurityInsights/', variables('_solutionId'))]"
    }
  ],
  "outputs": {}
}
