{
  "scriptFile": "__init__.py",
  "bindings": [
    {
      "name": "timer",
      "type": "timerTrigger",
      "direction": "in",
      "schedule": "0 */2 * * * *"
    },
    {
      "name": "inputblob",
      "type": "blob",
      "dataType": "string",
      "path": "data/last_event_id.txt",
      "connection": "AzureWebJobsStorage",
      "direction": "in"
    },
    {
      "name": "outputblob",
      "type": "blob",
      "dataType": "string",
      "path": "data/last_event_id.txt",
      "connection": "AzureWebJobsStorage",
      "direction": "out"
    }
  ]
}
