{
  "$schema": "https://schema.management.azure.com/schemas/0.1.2-preview/CreateUIDefinition.MultiVm.json#",
  "handler": "Microsoft.Azure.CreateUIDef",
  "version": "0.1.2-preview",
  "parameters": {
    "config": {
      "isWizard": false,
      "basics": {
        "description": "<img src=\"https://raw.githubusercontent.com/Azure/Azure-Sentinel/master/Workbooks/Images/Logos/office365_logo.svg\"width=\"75px\" height=\"75px\">\n\n**Note:** Please refer to the following before installing the solution: \r \n • Review the solution [Release Notes](https://github.com/Azure/Azure-Sentinel/blob/master/Solutions/Microsoft%20Defender%20for%20Office%20365/ReleaseNotes.md)\r \n • There may be [known issues](https://aka.ms/sentinelsolutionsknownissues) pertaining to this Solution.\n\nThe [Microsoft Defender for Office 365](https://www.microsoft.com/security/business/threat-protection/office-365-defender) solution for Microsoft Sentinel enables you to ingest security alerts from the Defender for Office 365 platform, providing visibility into threats within email messages, links (URLs) and collaboration tools.\n\n**Underlying Microsoft Technologies used:**\n\nThis solution  is dependent on the following technologies, and some of these dependencies either may be in [Preview](https://azure.microsoft.com/support/legal/preview-supplemental-terms/) state or might result in additional ingestion or operational costs:\n\na. [Codeless Connector Platform/Native Sentinel Polling](https://docs.microsoft.com/azure/sentinel/create-codeless-connector?tabs=deploy-via-arm-template%2Cconnect-via-the-azure-portal)\n\n**Data Connectors:** 1, **Workbooks:** 1, **Function Apps:** 1, **Playbooks:** 4\n\n[Learn more about Microsoft Sentinel](https://aka.ms/azuresentinel) | [Learn more about Solutions](https://aka.ms/azuresentinelsolutionsdoc)",
        "subscription": {
          "resourceProviders": [
            "Microsoft.OperationsManagement/solutions",
            "Microsoft.OperationalInsights/workspaces/providers/alertRules",
            "Microsoft.Insights/workbooks",
            "Microsoft.Logic/workflows"
          ]
        },
        "location": {
          "metadata": {
            "hidden": "Hiding location, we get it from the log analytics workspace"
          },
          "visible": false
        },
        "resourceGroup": {
          "allowExisting": true
        }
      }
    },
    "basics": [
      {
        "name": "getLAWorkspace",
        "type": "Microsoft.Solutions.ArmApiControl",
        "toolTip": "This filters by workspaces that exist in the Resource Group selected",
        "condition": "[greater(length(resourceGroup().name),0)]",
        "request": {
          "method": "GET",
          "path": "[concat(subscription().id,'/providers/Microsoft.OperationalInsights/workspaces?api-version=2020-08-01')]"
        }
      },
      {
        "name": "workspace",
        "type": "Microsoft.Common.DropDown",
        "label": "Workspace",
        "placeholder": "Select a workspace",
        "toolTip": "This dropdown will list only workspace that exists in the Resource Group selected",
        "constraints": {
          "allowedValues": "[map(filter(basics('getLAWorkspace').value, (filter) => contains(toLower(filter.id), toLower(resourceGroup().name))), (item) => parse(concat('{\"label\":\"', item.name, '\",\"value\":\"', item.name, '\"}')))]",
          "required": true
        },
        "visible": true
      }
    ],
    "steps": [
      {
        "name": "dataconnectors",
        "label": "Data Connectors",
        "bladeTitle": "Data Connectors",
        "elements": [
          {
            "name": "dataconnectors1-text",
            "type": "Microsoft.Common.TextBlock",
            "options": {
              "text": "This solution installs the data connector for ingesting Microsoft Defender for Office 365 logs into Microsoft Sentinel, using Codeless Connector Platform and Native Sentinel Polling. After installing the solution, configure and enable this data connector by following guidance in Manage solution view."
            }
          },
          {
            "name": "dataconnectors-link2",
            "type": "Microsoft.Common.TextBlock",
            "options": {
              "link": {
                "label": "Learn more about connecting data sources",
                "uri": "https://docs.microsoft.com/azure/sentinel/connect-data-sources"
              }
            }
          }
        ]
      },
      {
        "name": "workbooks",
        "label": "Workbooks",
        "subLabel": {
          "preValidation": "Configure the workbooks",
          "postValidation": "Done"
        },
        "bladeTitle": "Workbooks",
        "elements": [
          {
            "name": "workbooks-text",
            "type": "Microsoft.Common.TextBlock",
            "options": {
              "text": "This solution installs workbook(s) to help you gain insights into the telemetry collected in Microsoft Sentinel. After installing the solution, start using the workbook in Manage solution view."
            }
          },
          {
            "name": "workbooks-link",
            "type": "Microsoft.Common.TextBlock",
            "options": {
              "link": {
                "label": "Learn more",
                "uri": "https://docs.microsoft.com/azure/sentinel/tutorial-monitor-your-data"
              }
            }
          },
          {
            "name": "workbook1",
            "type": "Microsoft.Common.Section",
            "label": "Microsoft Defender For Office 365",
            "elements": [
              {
                "name": "workbook1-text",
                "type": "Microsoft.Common.TextBlock",
                "options": {
                  "text": "Gain insights into your Microsoft Defender for Office 365 raw data logs.  This workbook lets you look at trends in email senders, attachments and embedded URL data to find anomalies. You can also search by, sender, recipient, subject, attachment or embedded URL to find where the related messages have been sent."
                }
              }
            ]
          }
        ]
      },
      {
        "name": "playbooks",
        "label": "Playbooks",
        "subLabel": {
          "preValidation": "Configure the playbooks",
          "postValidation": "Done"
        },
        "bladeTitle": "Playbooks",
        "elements": [
          {
            "name": "playbooks-text",
            "type": "Microsoft.Common.TextBlock",
            "options": {
              "text": "This solution installs the Playbook templates to help implement your Security Orchestration, Automation and Response (SOAR) operations. After installing the solution, these will be deployed under Playbook Templates in the Automation blade in Microsoft Sentinel. They can be configured and managed from the Manage solution view in Content Hub."
            }
          },
          {
            "name": "playbooks-link",
            "type": "Microsoft.Common.TextBlock",
            "options": {
              "link": {
                "label": "Learn more",
                "uri": "https://docs.microsoft.com/azure/sentinel/tutorial-respond-threats-playbook?WT.mc_id=Portal-Microsoft_Azure_CreateUIDef"
              }
            }
          }
        ]
      }
    ],
    "outputs": {
      "workspace-location": "[first(map(filter(basics('getLAWorkspace').value, (filter) => and(contains(toLower(filter.id), toLower(resourceGroup().name)),equals(filter.name,basics('workspace')))), (item) => item.location))]",
      "location": "[location()]",
      "workspace": "[basics('workspace')]"
    }
  }
}
