{
  "$schema": "https://schema.management.azure.com/schemas/2019-04-01/deploymentTemplate.json#",
  "contentVersion": "1.0.0.0",
  "metadata": {
    "author": "vArmour",
    "comments": "Solution template for vArmour Application Controller"
  },
  "parameters": {
    "location": {
      "type": "string",
      "minLength": 1,
      "defaultValue": "[resourceGroup().location]",
      "metadata": {
        "description": "Not used, but needed to pass arm-ttk test `Location-Should-Not-Be-Hardcoded`.  We instead use the `workspace-location` which is derived from the LA workspace"
      }
    },
    "workspace-location": {
      "type": "string",
      "defaultValue": "",
      "metadata": {
        "description": "[concat('Region to deploy solution resources -- separate from location selection',parameters('location'))]"
      }
    },
    "workspace": {
      "defaultValue": "",
      "type": "string",
      "metadata": {
        "description": "Workspace name for Log Analytics where Microsoft Sentinel is setup"
      }
    }
  },
  "variables": {
    "solutionId": "azuresentinel.azure-sentinel-solution-isvtesting15",
    "_solutionId": "[variables('solutionId')]",
    "workspaceResourceId": "[resourceId('microsoft.OperationalInsights/Workspaces', parameters('workspace'))]",
    "uiConfigId1": "vArmourAC",
    "_uiConfigId1": "[variables('uiConfigId1')]",
    "dataConnectorContentId1": "vArmourAC",
    "_dataConnectorContentId1": "[variables('dataConnectorContentId1')]",
    "dataConnectorId1": "[extensionResourceId(resourceId('Microsoft.OperationalInsights/workspaces', parameters('workspace')), 'Microsoft.SecurityInsights/dataConnectors', variables('_dataConnectorContentId1'))]",
    "_dataConnectorId1": "[variables('dataConnectorId1')]",
    "dataConnectorTemplateSpecName1": "[concat(parameters('workspace'),'-dc-',uniquestring(variables('_dataConnectorContentId1')))]",
    "dataConnectorVersion1": "1.0.0",
    "analyticRuleVersion1": "1.0.0",
    "analyticRulecontentId1": "a36de6c3-3198-4d37-92ae-e19e36712c2e",
    "_analyticRulecontentId1": "[variables('analyticRulecontentId1')]",
    "analyticRuleId1": "[resourceId('Microsoft.SecurityInsights/AlertRuleTemplates', variables('analyticRulecontentId1'))]",
    "analyticRuleTemplateSpecName1": "[concat(parameters('workspace'),'-ar-',uniquestring(variables('_analyticRulecontentId1')))]"
  },
  "resources": [
    {
      "type": "Microsoft.Resources/templateSpecs",
      "apiVersion": "2021-05-01",
      "name": "[variables('dataConnectorTemplateSpecName1')]",
      "location": "[parameters('workspace-location')]",
      "tags": {
        "hidden-sentinelWorkspaceId": "[variables('workspaceResourceId')]",
        "hidden-sentinelContentType": "DataConnector"
      },
      "properties": {
        "description": "vArmour Application Controller data connector with template",
        "displayName": "vArmour Application Controller template"
      }
    },
    {
      "type": "Microsoft.Resources/templateSpecs/versions",
      "apiVersion": "2021-05-01",
      "name": "[concat(variables('dataConnectorTemplateSpecName1'),'/',variables('dataConnectorVersion1'))]",
      "location": "[parameters('workspace-location')]",
      "tags": {
        "hidden-sentinelWorkspaceId": "[variables('workspaceResourceId')]",
        "hidden-sentinelContentType": "DataConnector"
      },
      "dependsOn": [
        "[resourceId('Microsoft.Resources/templateSpecs', variables('dataConnectorTemplateSpecName1'))]"
      ],
      "properties": {
        "description": "vArmour Application Controller data connector with template version 2.0.0",
        "mainTemplate": {
          "$schema": "https://schema.management.azure.com/schemas/2019-04-01/deploymentTemplate.json#",
          "contentVersion": "[variables('dataConnectorVersion1')]",
          "parameters": {},
          "variables": {},
          "resources": [
            {
              "name": "[concat(parameters('workspace'),'/Microsoft.SecurityInsights/',variables('_dataConnectorContentId1'))]",
              "apiVersion": "2021-03-01-preview",
              "type": "Microsoft.OperationalInsights/workspaces/providers/dataConnectors",
              "location": "[parameters('workspace-location')]",
              "kind": "GenericUI",
              "properties": {
                "connectorUiConfig": {
                  "id": "[variables('_uiConfigId1')]",
                  "title": " vArmour Application Controller",
                  "publisher": "vArmour",
                  "descriptionMarkdown": "vArmour reduces operational risk and increases cyber resiliency by visualizing and controlling application relationships across the enterprise. This vArmour connector enables streaming of Application Controller Violation Alerts into Azure Sentinel, so you can take advantage of search & correlation, alerting, & threat intelligence enrichment for each log.",
                  "graphQueries": [
                    {
                      "metricName": "Total data received",
                      "legend": "vArmour",
                      "baseQuery": "CommonSecurityLog\n| where DeviceVendor == \"vArmour\"\n| where DeviceProduct == \"AC\""
                    }
                  ],
                  "sampleQueries": [
                    {
                      "description": "Top 10 App to App violations",
                      "query": "CommonSecurityLog\n| where DeviceVendor == \"vArmour\"\n| where DeviceProduct == \"AC\"\n| where Activity == \"POLICY_VIOLATION\"\n| extend AppNameSrcDstPair = extract_all(\"AppName=;(\\\\w+)\", AdditionalExtensions)\n| summarize count() by tostring(AppNameSrcDstPair)\n| top 10 by count_\n"
                    },
                    {
                      "description": "Top 10 Policy names matching violations",
                      "query": "CommonSecurityLog\n| where DeviceVendor == \"vArmour\"\n| where DeviceProduct == \"AC\"\n| where Activity == \"POLICY_VIOLATION\"\n| summarize count() by DeviceCustomString1\n| top 10 by count_ desc\n"
                    },
                    {
                      "description": "Top 10 Source IPs generating violations",
                      "query": "CommonSecurityLog\n| where DeviceVendor == \"vArmour\"\n| where DeviceProduct == \"AC\"\n| where Activity == \"POLICY_VIOLATION\"\n| summarize count() by SourceIP\n| top 10 by count_\n"
                    },
                    {
                      "description": "Top 10 Destination IPs generating violations",
                      "query": "CommonSecurityLog\n| where DeviceVendor == \"vArmour\"\n| where DeviceProduct == \"AC\"\n| where Activity == \"POLICY_VIOLATION\"\n| summarize count() by DestinationIP\n| top 10 by count_\n"
                    },
                    {
                      "description": "Top 10 Application Protocols matching violations",
                      "query": "CommonSecurityLog\n| where DeviceVendor == \"vArmour\"\n| where DeviceProduct == \"AC\"\n| where Activity == \"POLICY_VIOLATION\"\n| summarize count() by ApplicationProtocol\n| top 10 by count_\n"
                    }
                  ],
                  "dataTypes": [
                    {
                      "name": "CommonSecurityLog (vArmour)",
                      "lastDataReceivedQuery": "CommonSecurityLog\n| where DeviceVendor == \"vArmour\"\n| where DeviceProduct == \"AC\"\n| summarize Time = max(TimeGenerated)\n| where isnotempty(Time)"
                    }
                  ],
                  "connectivityCriterias": [
                    {
                      "type": "IsConnectedQuery",
                      "value": [
                        "CommonSecurityLog\n| where DeviceVendor == \"vArmour\"\n| where DeviceProduct == \"AC\"\n| summarize LastLogReceived = max(TimeGenerated)\n| project IsConnected = LastLogReceived > ago(30d)"
                      ]
                    }
                  ],
                  "availability": {
                    "status": 1,
                    "isPreview": false
                  },
                  "permissions": {
                    "resourceProvider": [
                      {
                        "provider": "Microsoft.OperationalInsights/workspaces",
                        "permissionsDisplayText": "read and write permissions are required.",
                        "providerDisplayName": "Workspace",
                        "scope": "Workspace",
                        "requiredPermissions": {
                          "read": true,
                          "write": true,
                          "delete": true
                        }
                      },
                      {
                        "provider": "Microsoft.OperationalInsights/workspaces/sharedKeys",
                        "permissionsDisplayText": "read permissions to shared keys for the workspace are required. [See the documentation to learn more about workspace keys](https://docs.microsoft.com/azure/azure-monitor/platform/agent-windows#obtain-workspace-id-and-key).",
                        "providerDisplayName": "Keys",
                        "scope": "Workspace",
                        "requiredPermissions": {
                          "action": true
                        }
                      }
                    ]
                  },
                  "instructionSteps": [
                    {
                      "description": "Install and configure the Linux agent to collect your Common Event Format (CEF) Syslog messages and forward them to Azure Sentinel.\n\n> Notice that the data from all regions will be stored in the selected workspace",
                      "innerSteps": [
                        {
                          "title": "1.1 Select or create a Linux machine",
                          "description": "Select or create a Linux machine that Azure Sentinel will use as the proxy between your security solution and Azure Sentinel this machine can be on your on-prem environment, Azure or other clouds."
                        },
                        {
                          "title": "1.2 Install the CEF collector on the Linux machine",
                          "description": "Install the Microsoft Monitoring Agent on your Linux machine and configure the machine to listen on the necessary port and forward messages to your Azure Sentinel workspace. The CEF collector collects CEF messages on port 514 TCP.\n\n> 1. Make sure that you have Python on your machine using the following command: python -version.\n\n> 2. You must have elevated permissions (sudo) on your machine.",
                          "instructions": [
                            {
                              "parameters": {
                                "fillWith": [
                                  "WorkspaceId",
                                  "PrimaryKey"
                                ],
                                "label": "Run the following command to install and apply the CEF collector:",
                                "value": "sudo wget -O cef_installer.py https://raw.githubusercontent.com/Azure/Azure-Sentinel/master/DataConnectors/CEF/cef_installer.py&&sudo python cef_installer.py {0} {1}"
                              },
                              "type": "CopyableLabel"
                            }
                          ]
                        }
                      ],
                      "title": "1. Linux Syslog agent configuration"
                    },
                    {
                      "description": "Send Syslog messages in CEF format to the proxy machine. Make sure you to send the logs to port 514 TCP on the machine's IP address.",
                      "innerSteps": [
                        {
                          "title": "2.1 Download the vArmour Application Controller user guide",
                          "description": "Download the user guide from https://support.varmour.com/hc/en-us/articles/360057444831-vArmour-Application-Controller-6-0-User-Guide."
                        },
                        {
                          "title": "2.2 Configure the Application Controller to Send Policy Violations",
                          "description": "In the user guide - refer to \"Configuring Syslog for Monitoring and Violations\" and follow steps 1 to 3."
                        }
                      ],
                      "title": "2. Configure the vArmour Application Controller to forward Common Event Format (CEF) logs to the Syslog agent"
                    },
                    {
                      "description": "Follow the instructions to validate your connectivity:\n\nOpen Log Analytics to check if the logs are received using the CommonSecurityLog schema.\n\n>It may take about 20 minutes until the connection streams data to your workspace.\n\nIf the logs are not received, run the following connectivity validation script:\n\n> 1. Make sure that you have Python on your machine using the following command: python -version\n\n>2. You must have elevated permissions (sudo) on your machine",
                      "instructions": [
                        {
                          "parameters": {
                            "fillWith": [
                              "WorkspaceId"
                            ],
                            "label": "Run the following command to validate your connectivity:",
                            "value": "sudo wget  -O cef_troubleshoot.py https://raw.githubusercontent.com/Azure/Azure-Sentinel/master/DataConnectors/CEF/cef_troubleshoot.py&&sudo python cef_troubleshoot.py  {0}"
                          },
                          "type": "CopyableLabel"
                        }
                      ],
                      "title": "3. Validate connection"
                    },
                    {
                      "description": "Make sure to configure the machine's security according to your organization's security policy\n\n\n[Learn more >](https://aka.ms/SecureCEF)",
                      "title": "4. Secure your machine "
                    }
                  ]
                }
              }
            },
            {
              "type": "Microsoft.OperationalInsights/workspaces/providers/metadata",
              "apiVersion": "2022-01-01-preview",
              "name": "[concat(parameters('workspace'),'/Microsoft.SecurityInsights/',concat('DataConnector-', last(split(variables('_dataConnectorId1'),'/'))))]",
              "properties": {
                "parentId": "[extensionResourceId(resourceId('Microsoft.OperationalInsights/workspaces', parameters('workspace')), 'Microsoft.SecurityInsights/dataConnectors', variables('_dataConnectorContentId1'))]",
                "contentId": "[variables('_dataConnectorContentId1')]",
                "kind": "DataConnector",
                "version": "[variables('dataConnectorVersion1')]",
                "source": {
                  "kind": "Solution",
                  "name": "vArmour Application Controller",
                  "sourceId": "[variables('_solutionId')]"
                },
                "author": {
                  "name": "vArmour"
                },
                "support": {
                  "name": "vArmour Networks",
                  "tier": "Partner",
                  "link": "https://www.varmour.com/contact-us/"
                }
              }
            }
          ]
        }
      }
    },
    {
      "type": "Microsoft.OperationalInsights/workspaces/providers/metadata",
      "apiVersion": "2022-01-01-preview",
      "name": "[concat(parameters('workspace'),'/Microsoft.SecurityInsights/',concat('DataConnector-', last(split(variables('_dataConnectorId1'),'/'))))]",
      "dependsOn": [
        "[variables('_dataConnectorId1')]"
      ],
      "location": "[parameters('workspace-location')]",
      "properties": {
        "parentId": "[extensionResourceId(resourceId('Microsoft.OperationalInsights/workspaces', parameters('workspace')), 'Microsoft.SecurityInsights/dataConnectors', variables('_dataConnectorContentId1'))]",
        "contentId": "[variables('_dataConnectorContentId1')]",
        "kind": "DataConnector",
        "version": "[variables('dataConnectorVersion1')]",
        "source": {
          "kind": "Solution",
          "name": "vArmour Application Controller",
          "sourceId": "[variables('_solutionId')]"
        },
        "author": {
          "name": "vArmour"
        },
        "support": {
          "name": "vArmour Networks",
          "tier": "Partner",
          "link": "https://www.varmour.com/contact-us/"
        }
      }
    },
    {
      "name": "[concat(parameters('workspace'),'/Microsoft.SecurityInsights/',variables('_dataConnectorContentId1'))]",
      "apiVersion": "2021-03-01-preview",
      "type": "Microsoft.OperationalInsights/workspaces/providers/dataConnectors",
      "location": "[parameters('workspace-location')]",
      "kind": "GenericUI",
      "properties": {
        "connectorUiConfig": {
          "title": " vArmour Application Controller",
          "publisher": "vArmour",
          "descriptionMarkdown": "vArmour reduces operational risk and increases cyber resiliency by visualizing and controlling application relationships across the enterprise. This vArmour connector enables streaming of Application Controller Violation Alerts into Azure Sentinel, so you can take advantage of search & correlation, alerting, & threat intelligence enrichment for each log.",
          "graphQueries": [
            {
              "metricName": "Total data received",
              "legend": "vArmour",
              "baseQuery": "CommonSecurityLog\n| where DeviceVendor == \"vArmour\"\n| where DeviceProduct == \"AC\""
            }
          ],
          "dataTypes": [
            {
              "name": "CommonSecurityLog (vArmour)",
              "lastDataReceivedQuery": "CommonSecurityLog\n| where DeviceVendor == \"vArmour\"\n| where DeviceProduct == \"AC\"\n| summarize Time = max(TimeGenerated)\n| where isnotempty(Time)"
            }
          ],
          "connectivityCriterias": [
            {
              "type": "IsConnectedQuery",
              "value": [
                "CommonSecurityLog\n| where DeviceVendor == \"vArmour\"\n| where DeviceProduct == \"AC\"\n| summarize LastLogReceived = max(TimeGenerated)\n| project IsConnected = LastLogReceived > ago(30d)"
              ]
            }
          ],
          "sampleQueries": [
            {
              "description": "Top 10 App to App violations",
              "query": "CommonSecurityLog\n| where DeviceVendor == \"vArmour\"\n| where DeviceProduct == \"AC\"\n| where Activity == \"POLICY_VIOLATION\"\n| extend AppNameSrcDstPair = extract_all(\"AppName=;(\\\\w+)\", AdditionalExtensions)\n| summarize count() by tostring(AppNameSrcDstPair)\n| top 10 by count_\n"
            },
            {
              "description": "Top 10 Policy names matching violations",
              "query": "CommonSecurityLog\n| where DeviceVendor == \"vArmour\"\n| where DeviceProduct == \"AC\"\n| where Activity == \"POLICY_VIOLATION\"\n| summarize count() by DeviceCustomString1\n| top 10 by count_ desc\n"
            },
            {
              "description": "Top 10 Source IPs generating violations",
              "query": "CommonSecurityLog\n| where DeviceVendor == \"vArmour\"\n| where DeviceProduct == \"AC\"\n| where Activity == \"POLICY_VIOLATION\"\n| summarize count() by SourceIP\n| top 10 by count_\n"
            },
            {
              "description": "Top 10 Destination IPs generating violations",
              "query": "CommonSecurityLog\n| where DeviceVendor == \"vArmour\"\n| where DeviceProduct == \"AC\"\n| where Activity == \"POLICY_VIOLATION\"\n| summarize count() by DestinationIP\n| top 10 by count_\n"
            },
            {
              "description": "Top 10 Application Protocols matching violations",
              "query": "CommonSecurityLog\n| where DeviceVendor == \"vArmour\"\n| where DeviceProduct == \"AC\"\n| where Activity == \"POLICY_VIOLATION\"\n| summarize count() by ApplicationProtocol\n| top 10 by count_\n"
            }
          ],
          "availability": {
            "status": 1,
            "isPreview": false
          },
          "permissions": {
            "resourceProvider": [
              {
                "provider": "Microsoft.OperationalInsights/workspaces",
                "permissionsDisplayText": "read and write permissions are required.",
                "providerDisplayName": "Workspace",
                "scope": "Workspace",
                "requiredPermissions": {
                  "read": true,
                  "write": true,
                  "delete": true
                }
              },
              {
                "provider": "Microsoft.OperationalInsights/workspaces/sharedKeys",
                "permissionsDisplayText": "read permissions to shared keys for the workspace are required. [See the documentation to learn more about workspace keys](https://docs.microsoft.com/azure/azure-monitor/platform/agent-windows#obtain-workspace-id-and-key).",
                "providerDisplayName": "Keys",
                "scope": "Workspace",
                "requiredPermissions": {
                  "action": true
                }
              }
            ]
          },
          "instructionSteps": [
            {
              "description": "Install and configure the Linux agent to collect your Common Event Format (CEF) Syslog messages and forward them to Azure Sentinel.\n\n> Notice that the data from all regions will be stored in the selected workspace",
              "innerSteps": [
                {
                  "title": "1.1 Select or create a Linux machine",
                  "description": "Select or create a Linux machine that Azure Sentinel will use as the proxy between your security solution and Azure Sentinel this machine can be on your on-prem environment, Azure or other clouds."
                },
                {
                  "title": "1.2 Install the CEF collector on the Linux machine",
                  "description": "Install the Microsoft Monitoring Agent on your Linux machine and configure the machine to listen on the necessary port and forward messages to your Azure Sentinel workspace. The CEF collector collects CEF messages on port 514 TCP.\n\n> 1. Make sure that you have Python on your machine using the following command: python -version.\n\n> 2. You must have elevated permissions (sudo) on your machine.",
                  "instructions": [
                    {
                      "parameters": {
                        "fillWith": [
                          "WorkspaceId",
                          "PrimaryKey"
                        ],
                        "label": "Run the following command to install and apply the CEF collector:",
                        "value": "sudo wget -O cef_installer.py https://raw.githubusercontent.com/Azure/Azure-Sentinel/master/DataConnectors/CEF/cef_installer.py&&sudo python cef_installer.py {0} {1}"
                      },
                      "type": "CopyableLabel"
                    }
                  ]
                }
              ],
              "title": "1. Linux Syslog agent configuration"
            },
            {
              "description": "Send Syslog messages in CEF format to the proxy machine. Make sure you to send the logs to port 514 TCP on the machine's IP address.",
              "innerSteps": [
                {
                  "title": "2.1 Download the vArmour Application Controller user guide",
                  "description": "Download the user guide from https://support.varmour.com/hc/en-us/articles/360057444831-vArmour-Application-Controller-6-0-User-Guide."
                },
                {
                  "title": "2.2 Configure the Application Controller to Send Policy Violations",
                  "description": "In the user guide - refer to \"Configuring Syslog for Monitoring and Violations\" and follow steps 1 to 3."
                }
              ],
              "title": "2. Configure the vArmour Application Controller to forward Common Event Format (CEF) logs to the Syslog agent"
            },
            {
              "description": "Follow the instructions to validate your connectivity:\n\nOpen Log Analytics to check if the logs are received using the CommonSecurityLog schema.\n\n>It may take about 20 minutes until the connection streams data to your workspace.\n\nIf the logs are not received, run the following connectivity validation script:\n\n> 1. Make sure that you have Python on your machine using the following command: python -version\n\n>2. You must have elevated permissions (sudo) on your machine",
              "instructions": [
                {
                  "parameters": {
                    "fillWith": [
                      "WorkspaceId"
                    ],
                    "label": "Run the following command to validate your connectivity:",
                    "value": "sudo wget  -O cef_troubleshoot.py https://raw.githubusercontent.com/Azure/Azure-Sentinel/master/DataConnectors/CEF/cef_troubleshoot.py&&sudo python cef_troubleshoot.py  {0}"
                  },
                  "type": "CopyableLabel"
                }
              ],
              "title": "3. Validate connection"
            },
            {
              "description": "Make sure to configure the machine's security according to your organization's security policy\n\n\n[Learn more >](https://aka.ms/SecureCEF)",
              "title": "4. Secure your machine "
            }
          ],
          "id": "[variables('_uiConfigId1')]"
        }
      }
    },
    {
      "type": "Microsoft.Resources/templateSpecs",
      "apiVersion": "2021-05-01",
      "name": "[variables('analyticRuleTemplateSpecName1')]",
      "location": "[parameters('workspace-location')]",
      "tags": {
        "hidden-sentinelWorkspaceId": "[variables('workspaceResourceId')]",
        "hidden-sentinelContentType": "AnalyticsRule"
      },
      "properties": {
        "description": "vArmour Application Controller Analytics Rule 1 with template",
        "displayName": "vArmour Application Controller Analytics Rule template"
      }
    },
    {
      "type": "Microsoft.Resources/templateSpecs/versions",
      "apiVersion": "2021-05-01",
      "name": "[concat(variables('analyticRuleTemplateSpecName1'),'/',variables('analyticRuleVersion1'))]",
      "location": "[parameters('workspace-location')]",
      "tags": {
        "hidden-sentinelWorkspaceId": "[variables('workspaceResourceId')]",
        "hidden-sentinelContentType": "AnalyticsRule"
      },
      "dependsOn": [
        "[resourceId('Microsoft.Resources/templateSpecs', variables('analyticRuleTemplateSpecName1'))]"
      ],
      "properties": {
        "description": "vArmourApplicationControllerSMBRealmTraversal_AnalyticalRules Analytics Rule with template version 2.0.0",
        "mainTemplate": {
          "$schema": "https://schema.management.azure.com/schemas/2019-04-01/deploymentTemplate.json#",
          "contentVersion": "[variables('analyticRuleVersion1')]",
          "parameters": {},
          "variables": {},
          "resources": [
            {
              "type": "Microsoft.SecurityInsights/AlertRuleTemplates",
              "name": "[variables('AnalyticRulecontentId1')]",
              "apiVersion": "2022-04-01-preview",
              "kind": "Scheduled",
              "location": "[parameters('workspace-location')]",
              "properties": {
                "description": "Detects when SMB traffic crosses Production and Non-Production Realms. Possible network share discovery or lateral tool transfer across realms",
                "displayName": "vArmour AppController - SMB Realm Traversal",
                "enabled": false,
                "query": "CommonSecurityLog\n| where DeviceVendor == \"vArmour\"\n| where DeviceProduct == \"AC\"\n| where Activity == \"POLICY_VIOLATION\"\n| extend PolicyName = extract(\"(SMB_REALM_TRAVERSAL\\\\w+{.*})\", 1, DeviceCustomString1)\n",
                "queryFrequency": "PT1H",
                "queryPeriod": "PT1H",
                "severity": "Medium",
                "suppressionDuration": "PT1H",
                "suppressionEnabled": false,
                "triggerOperator": "GreaterThan",
                "triggerThreshold": 0,
                "status": "Available",
                "requiredDataConnectors": [
                  {
                    "dataTypes": [
                      "CommonSecurityLog"
                    ],
                    "connectorId": "vArmourAC"
                  }
                ],
                "tactics": [
                  "Discovery",
                  "LateralMovement"
                ],
                "entityMappings": [
                  {
                    "entityType": "Host",
                    "fieldMappings": [
                      {
                        "identifier": "HostName",
                        "columnName": "DestinationHostName"
                      }
                    ]
                  },
                  {
                    "entityType": "IP",
                    "fieldMappings": [
                      {
                        "identifier": "Address",
                        "columnName": "SourceIP"
                      }
                    ]
                  }
                ]
              }
            },
            {
              "type": "Microsoft.OperationalInsights/workspaces/providers/metadata",
              "apiVersion": "2022-01-01-preview",
              "name": "[concat(parameters('workspace'),'/Microsoft.SecurityInsights/',concat('AnalyticsRule-', last(split(variables('analyticRuleId1'),'/'))))]",
              "properties": {
                "description": "vArmour Application Controller Analytics Rule 1",
                "parentId": "[variables('analyticRuleId1')]",
                "contentId": "[variables('_analyticRulecontentId1')]",
                "kind": "AnalyticsRule",
                "version": "[variables('analyticRuleVersion1')]",
                "source": {
                  "kind": "Solution",
                  "name": "vArmour Application Controller",
                  "sourceId": "[variables('_solutionId')]"
                },
                "author": {
                  "name": "vArmour"
                },
                "support": {
                  "name": "vArmour Networks",
                  "tier": "Partner",
                  "link": "https://www.varmour.com/contact-us/"
                }
              }
            }
          ]
        }
      }
    },
    {
      "type": "Microsoft.OperationalInsights/workspaces/providers/metadata",
      "apiVersion": "2022-01-01-preview",
      "location": "[parameters('workspace-location')]",
      "properties": {
        "version": "2.0.0",
        "kind": "Solution",
        "contentSchemaVersion": "2.0.0",
        "contentId": "[variables('_solutionId')]",
        "parentId": "[variables('_solutionId')]",
        "source": {
          "kind": "Solution",
          "name": "vArmour Application Controller",
          "sourceId": "[variables('_solutionId')]"
        },
        "author": {
          "name": "vArmour"
        },
        "support": {
          "name": "vArmour Networks",
          "tier": "Partner",
          "link": "https://www.varmour.com/contact-us/"
        },
        "dependencies": {
          "operator": "AND",
          "criteria": [
            {
              "kind": "DataConnector",
              "contentId": "[variables('_dataConnectorContentId1')]",
              "version": "[variables('dataConnectorVersion1')]"
            },
            {
              "kind": "AnalyticsRule",
              "contentId": "[variables('analyticRulecontentId1')]",
              "version": "[variables('analyticRuleVersion1')]"
            }
          ]
        },
        "firstPublishDate": "2022-06-01",
        "providers": [
          "vArmour"
        ],
        "categories": {
          "domains": [
            "IT Operations"
          ]
        }
      },
      "name": "[concat(parameters('workspace'),'/Microsoft.SecurityInsights/', variables('_solutionId'))]"
    }
  ],
  "outputs": {}
}
