{
  "$schema": "https://schema.management.azure.com/schemas/2019-04-01/deploymentTemplate.json#",
  "contentVersion": "1.0.0.0",
  "metadata": {
    "author": "DEFEND Ltd.",
    "comments": "Solution template for Cortex XDR"
  },
  "parameters": {
    "location": {
      "type": "string",
      "minLength": 1,
      "defaultValue": "[resourceGroup().location]",
      "metadata": {
        "description": "Not used, but needed to pass arm-ttk test `Location-Should-Not-Be-Hardcoded`.  We instead use the `workspace-location` which is derived from the LA workspace"
      }
    },
    "workspace-location": {
      "type": "string",
      "defaultValue": "",
      "metadata": {
        "description": "[concat('Region to deploy solution resources -- separate from location selection',parameters('location'))]"
      }
    },
    "workspace": {
      "defaultValue": "",
      "type": "string",
      "metadata": {
        "description": "Workspace name for Log Analytics where Microsoft Sentinel is setup"
      }
    }
  },
  "variables": {
    "_solutionName": "Cortex XDR",
    "_solutionVersion": "3.0.0",
    "solutionId": "defendlimited1682894612656.cortex_xdr_connector",
    "_solutionId": "[variables('solutionId')]",
    "analyticRuleVersion1": "1.0.0",
    "analyticRulecontentId1": "f96728eb-9802-4522-b715-47fb66c2ecf5",
    "_analyticRulecontentId1": "[variables('analyticRulecontentId1')]",
    "analyticRuleId1": "[resourceId('Microsoft.SecurityInsights/AlertRuleTemplates', variables('analyticRulecontentId1'))]",
    "analyticRuleTemplateSpecName1": "[concat(parameters('workspace'),'/Microsoft.SecurityInsights/',concat(parameters('workspace'),'-ar-',uniquestring(variables('_analyticRulecontentId1'))))]",
    "_analyticRulecontentProductId1": "[concat(take(variables('_solutionId'),50),'-','ar','-', uniqueString(concat(variables('_solutionId'),'-','AnalyticsRule','-',variables('_analyticRulecontentId1'),'-', variables('analyticRuleVersion1'))))]",
    "analyticRuleVersion2": "1.0.0",
    "analyticRulecontentId2": "2b05823b-ee15-4b92-a642-b13170e37c35",
    "_analyticRulecontentId2": "[variables('analyticRulecontentId2')]",
    "analyticRuleId2": "[resourceId('Microsoft.SecurityInsights/AlertRuleTemplates', variables('analyticRulecontentId2'))]",
    "analyticRuleTemplateSpecName2": "[concat(parameters('workspace'),'/Microsoft.SecurityInsights/',concat(parameters('workspace'),'-ar-',uniquestring(variables('_analyticRulecontentId2'))))]",
    "_analyticRulecontentProductId2": "[concat(take(variables('_solutionId'),50),'-','ar','-', uniqueString(concat(variables('_solutionId'),'-','AnalyticsRule','-',variables('_analyticRulecontentId2'),'-', variables('analyticRuleVersion2'))))]",
    "analyticRuleVersion3": "1.0.0",
    "analyticRulecontentId3": "1426bbcf-a9ae-4aa5-9da6-abbf48f04115",
    "_analyticRulecontentId3": "[variables('analyticRulecontentId3')]",
    "analyticRuleId3": "[resourceId('Microsoft.SecurityInsights/AlertRuleTemplates', variables('analyticRulecontentId3'))]",
    "analyticRuleTemplateSpecName3": "[concat(parameters('workspace'),'/Microsoft.SecurityInsights/',concat(parameters('workspace'),'-ar-',uniquestring(variables('_analyticRulecontentId3'))))]",
    "_analyticRulecontentProductId3": "[concat(take(variables('_solutionId'),50),'-','ar','-', uniqueString(concat(variables('_solutionId'),'-','AnalyticsRule','-',variables('_analyticRulecontentId3'),'-', variables('analyticRuleVersion3'))))]",
    "xdrAuthId": "{{apiKeyId}}",
    "_xdrAuthId": "[variables('xdrAuthId')]",
    "uiConfigId1": "CortexXDR",
    "_uiConfigId1": "[variables('uiConfigId1')]",
    "dataConnectorContentId1": "CortexXDR",
    "_dataConnectorContentId1": "[variables('dataConnectorContentId1')]",
    "dataConnectorId1": "[extensionResourceId(resourceId('Microsoft.OperationalInsights/workspaces', parameters('workspace')), 'Microsoft.SecurityInsights/dataConnectors', variables('_dataConnectorContentId1'))]",
    "_dataConnectorId1": "[variables('dataConnectorId1')]",
    "dataConnectorTemplateSpecName1": "[concat(parameters('workspace'),'/Microsoft.SecurityInsights/',concat(parameters('workspace'),'-dc-',uniquestring(variables('_dataConnectorContentId1'))))]",
    "dataConnectorVersion1": "1.0.0",
    "_dataConnectorcontentProductId1": "[concat(take(variables('_solutionId'),50),'-','dc','-', uniqueString(concat(variables('_solutionId'),'-','DataConnector','-',variables('_dataConnectorContentId1'),'-', variables('dataConnectorVersion1'))))]",
    "_solutioncontentProductId": "[concat(take(variables('_solutionId'),50),'-','sl','-', uniqueString(concat(variables('_solutionId'),'-','Solution','-',variables('_solutionId'),'-', variables('_solutionVersion'))))]"
  },
  "resources": [
    {
      "type": "Microsoft.OperationalInsights/workspaces/providers/contentTemplates",
      "apiVersion": "2023-04-01-preview",
      "name": "[variables('analyticRuleTemplateSpecName1')]",
      "location": "[parameters('workspace-location')]",
      "dependsOn": [
        "[extensionResourceId(resourceId('Microsoft.OperationalInsights/workspaces', parameters('workspace')), 'Microsoft.SecurityInsights/contentPackages', variables('_solutionId'))]"
      ],
      "properties": {
        "description": "CortexXDR_High_AnalyticalRules Analytics Rule with template version 3.0.0",
        "mainTemplate": {
          "$schema": "https://schema.management.azure.com/schemas/2019-04-01/deploymentTemplate.json#",
          "contentVersion": "[variables('analyticRuleVersion1')]",
          "parameters": {},
          "variables": {},
          "resources": [
            {
              "type": "Microsoft.SecurityInsights/AlertRuleTemplates",
              "name": "[variables('analyticRulecontentId1')]",
              "apiVersion": "2022-04-01-preview",
              "kind": "Scheduled",
              "location": "[parameters('workspace-location')]",
              "properties": {
                "description": "A new incident was created in the Cortex XDR portal with a severity \"High\". Click on the events for incident details. ",
                "displayName": "Cortex XDR Incident - High",
                "enabled": false,
                "query": "CortexXDR_Incidents_CL\n| where severity_s contains \"high\"\n| where status_s !contains \"resolved_auto\"\n// the below line filters for incidents that has at least one user or one host in it. Comment the below line if you want to generated incidents that have 0 user or 0 host as well\n| where host_count_d > 0 or user_count_d > 0\n| project TimeGenerated, incident_id_s, status_s, severity_s, incident_sources_s, description_s, xdr_url_s, hosts_s, users_s, alert_categories_s, host_count_d, user_count_d, alert_count_d, creation_time_d, modification_time_d\n",
                "queryFrequency": "PT5M",
                "queryPeriod": "PT5M",
                "severity": "High",
                "suppressionDuration": "PT1H",
                "suppressionEnabled": false,
                "triggerOperator": "GreaterThan",
                "triggerThreshold": 0,
                "status": "Available",
                "requiredDataConnectors": [
                  {
                    "dataTypes": [
                      "CortexXDR_Incidents_CL"
                    ],
                    "connectorId": "CortexXDR"
                  }
                ],
                "entityMappings": [
                  {
                    "entityType": "Account",
                    "fieldMappings": [
                      {
                        "identifier": "Name",
                        "columnName": "users_s"
                      }
                    ]
                  },
                  {
                    "entityType": "URL",
                    "fieldMappings": [
                      {
                        "identifier": "Url",
                        "columnName": "xdr_url_s"
                      }
                    ]
                  },
                  {
                    "entityType": "Host",
                    "fieldMappings": [
                      {
                        "identifier": "HostName",
                        "columnName": "hosts_s"
                      }
                    ]
                  }
                ],
                "eventGroupingSettings": {
                  "aggregationKind": "SingleAlert"
                },
                "incidentConfiguration": {
                  "groupingConfiguration": {
                    "lookbackDuration": "5h",
                    "enabled": true,
                    "reopenClosedIncident": false,
                    "matchingMethod": "AllEntities"
                  },
                  "createIncident": true
                }
              }
            },
            {
              "type": "Microsoft.OperationalInsights/workspaces/providers/metadata",
              "apiVersion": "2022-01-01-preview",
              "name": "[concat(parameters('workspace'),'/Microsoft.SecurityInsights/',concat('AnalyticsRule-', last(split(variables('analyticRuleId1'),'/'))))]",
              "properties": {
                "description": "Cortex XDR Analytics Rule 1",
                "parentId": "[variables('analyticRuleId1')]",
                "contentId": "[variables('_analyticRulecontentId1')]",
                "kind": "AnalyticsRule",
                "version": "[variables('analyticRuleVersion1')]",
                "source": {
                  "kind": "Solution",
                  "name": "Cortex XDR",
                  "sourceId": "[variables('_solutionId')]"
                },
                "author": {
                  "name": "DEFEND Ltd."
                },
                "support": {
                  "name": "DEFEND Ltd.",
                  "tier": "Partner",
                  "link": "https://www.defend.co.nz/"
                }
              }
            }
          ]
        },
        "packageKind": "Solution",
        "packageVersion": "[variables('_solutionVersion')]",
        "packageName": "[variables('_solutionName')]",
        "packageId": "[variables('_solutionId')]",
        "contentSchemaVersion": "3.0.0",
        "contentId": "[variables('_analyticRulecontentId1')]",
        "contentKind": "AnalyticsRule",
        "displayName": "Cortex XDR Incident - High",
        "contentProductId": "[variables('_analyticRulecontentProductId1')]",
        "id": "[variables('_analyticRulecontentProductId1')]",
        "version": "[variables('analyticRuleVersion1')]"
      }
    },
    {
      "type": "Microsoft.OperationalInsights/workspaces/providers/contentTemplates",
      "apiVersion": "2023-04-01-preview",
      "name": "[variables('analyticRuleTemplateSpecName2')]",
      "location": "[parameters('workspace-location')]",
      "dependsOn": [
        "[extensionResourceId(resourceId('Microsoft.OperationalInsights/workspaces', parameters('workspace')), 'Microsoft.SecurityInsights/contentPackages', variables('_solutionId'))]"
      ],
      "properties": {
        "description": "CortexXDR_Medium_AnalyticalRules Analytics Rule with template version 3.0.0",
        "mainTemplate": {
          "$schema": "https://schema.management.azure.com/schemas/2019-04-01/deploymentTemplate.json#",
          "contentVersion": "[variables('analyticRuleVersion2')]",
          "parameters": {},
          "variables": {},
          "resources": [
            {
              "type": "Microsoft.SecurityInsights/AlertRuleTemplates",
              "name": "[variables('analyticRulecontentId2')]",
              "apiVersion": "2022-04-01-preview",
              "kind": "Scheduled",
              "location": "[parameters('workspace-location')]",
              "properties": {
                "description": "A new incident was created in the Cortex XDR portal with a severity \"Medium\". Click on the events for incident details. ",
                "displayName": "Cortex XDR Incident - Medium",
                "enabled": false,
                "query": "CortexXDR_Incidents_CL\n| where severity_s contains \"medium\"\n| where status_s !contains \"resolved_auto\"\n// the below line filters for incidents that has at least one user or one host in it. Comment the below line if you want to generated incidents that have 0 user or 0 host as well\n| where host_count_d > 0 or user_count_d > 0\n| project TimeGenerated, incident_id_s, status_s, severity_s, incident_sources_s, description_s, xdr_url_s, hosts_s, users_s, alert_categories_s, host_count_d, user_count_d, alert_count_d, creation_time_d, modification_time_d\n",
                "queryFrequency": "PT5M",
                "queryPeriod": "PT5M",
                "severity": "Medium",
                "suppressionDuration": "PT1H",
                "suppressionEnabled": false,
                "triggerOperator": "GreaterThan",
                "triggerThreshold": 0,
                "status": "Available",
                "requiredDataConnectors": [
                  {
                    "dataTypes": [
                      "CortexXDR_Incidents_CL"
                    ],
                    "connectorId": "CortexXDR"
                  }
                ],
                "entityMappings": [
                  {
                    "entityType": "Account",
                    "fieldMappings": [
                      {
                        "identifier": "Name",
                        "columnName": "users_s"
                      }
                    ]
                  },
                  {
                    "entityType": "URL",
                    "fieldMappings": [
                      {
                        "identifier": "Url",
                        "columnName": "xdr_url_s"
                      }
                    ]
                  },
                  {
                    "entityType": "Host",
                    "fieldMappings": [
                      {
                        "identifier": "HostName",
                        "columnName": "hosts_s"
                      }
                    ]
                  }
                ],
                "eventGroupingSettings": {
                  "aggregationKind": "SingleAlert"
                },
                "incidentConfiguration": {
                  "groupingConfiguration": {
                    "lookbackDuration": "5h",
                    "enabled": true,
                    "reopenClosedIncident": false,
                    "matchingMethod": "AllEntities"
                  },
                  "createIncident": true
                }
              }
            },
            {
              "type": "Microsoft.OperationalInsights/workspaces/providers/metadata",
              "apiVersion": "2022-01-01-preview",
              "name": "[concat(parameters('workspace'),'/Microsoft.SecurityInsights/',concat('AnalyticsRule-', last(split(variables('analyticRuleId2'),'/'))))]",
              "properties": {
                "description": "Cortex XDR Analytics Rule 2",
                "parentId": "[variables('analyticRuleId2')]",
                "contentId": "[variables('_analyticRulecontentId2')]",
                "kind": "AnalyticsRule",
                "version": "[variables('analyticRuleVersion2')]",
                "source": {
                  "kind": "Solution",
                  "name": "Cortex XDR",
                  "sourceId": "[variables('_solutionId')]"
                },
                "author": {
                  "name": "DEFEND Ltd."
                },
                "support": {
                  "name": "DEFEND Ltd.",
                  "tier": "Partner",
                  "link": "https://www.defend.co.nz/"
                }
              }
            }
          ]
        },
        "packageKind": "Solution",
        "packageVersion": "[variables('_solutionVersion')]",
        "packageName": "[variables('_solutionName')]",
        "packageId": "[variables('_solutionId')]",
        "contentSchemaVersion": "3.0.0",
        "contentId": "[variables('_analyticRulecontentId2')]",
        "contentKind": "AnalyticsRule",
        "displayName": "Cortex XDR Incident - Medium",
        "contentProductId": "[variables('_analyticRulecontentProductId2')]",
        "id": "[variables('_analyticRulecontentProductId2')]",
        "version": "[variables('analyticRuleVersion2')]"
      }
    },
    {
      "type": "Microsoft.OperationalInsights/workspaces/providers/contentTemplates",
      "apiVersion": "2023-04-01-preview",
      "name": "[variables('analyticRuleTemplateSpecName3')]",
      "location": "[parameters('workspace-location')]",
      "dependsOn": [
        "[extensionResourceId(resourceId('Microsoft.OperationalInsights/workspaces', parameters('workspace')), 'Microsoft.SecurityInsights/contentPackages', variables('_solutionId'))]"
      ],
      "properties": {
        "description": "CortexXDR_Low_AnalyticalRules Analytics Rule with template version 3.0.0",
        "mainTemplate": {
          "$schema": "https://schema.management.azure.com/schemas/2019-04-01/deploymentTemplate.json#",
          "contentVersion": "[variables('analyticRuleVersion3')]",
          "parameters": {},
          "variables": {},
          "resources": [
            {
              "type": "Microsoft.SecurityInsights/AlertRuleTemplates",
              "name": "[variables('analyticRulecontentId3')]",
              "apiVersion": "2022-04-01-preview",
              "kind": "Scheduled",
              "location": "[parameters('workspace-location')]",
              "properties": {
                "description": "A new incident was created in the Cortex XDR portal with a severity \"Low\". Click on the events for incident details. ",
                "displayName": "Cortex XDR Incident - Low",
                "enabled": false,
                "query": "CortexXDR_Incidents_CL\n| where severity_s contains \"low\"\n| where status_s !contains \"resolved_auto\"\n// the below line filters for incidents that has at least one user or one host in it. Comment the below line if you want to generated incidents that have 0 user or 0 host as well\n| where host_count_d > 0 or user_count_d > 0\n| project TimeGenerated, incident_id_s, status_s, severity_s, incident_sources_s, description_s, xdr_url_s, hosts_s, users_s, alert_categories_s, host_count_d, user_count_d, alert_count_d, creation_time_d, modification_time_d\n",
                "queryFrequency": "PT5M",
                "queryPeriod": "PT5M",
                "severity": "Low",
                "suppressionDuration": "PT1H",
                "suppressionEnabled": false,
                "triggerOperator": "GreaterThan",
                "triggerThreshold": 0,
                "status": "Available",
                "requiredDataConnectors": [
                  {
                    "dataTypes": [
                      "CortexXDR_Incidents_CL"
                    ],
                    "connectorId": "CortexXDR"
                  }
                ],
                "entityMappings": [
                  {
                    "entityType": "Account",
                    "fieldMappings": [
                      {
                        "identifier": "Name",
                        "columnName": "users_s"
                      }
                    ]
                  },
                  {
                    "entityType": "URL",
                    "fieldMappings": [
                      {
                        "identifier": "Url",
                        "columnName": "xdr_url_s"
                      }
                    ]
                  },
                  {
                    "entityType": "Host",
                    "fieldMappings": [
                      {
                        "identifier": "HostName",
                        "columnName": "hosts_s"
                      }
                    ]
                  }
                ],
                "eventGroupingSettings": {
                  "aggregationKind": "SingleAlert"
                },
                "incidentConfiguration": {
                  "groupingConfiguration": {
                    "lookbackDuration": "5h",
                    "enabled": true,
                    "reopenClosedIncident": false,
                    "matchingMethod": "AllEntities"
                  },
                  "createIncident": true
                }
              }
            },
            {
              "type": "Microsoft.OperationalInsights/workspaces/providers/metadata",
              "apiVersion": "2022-01-01-preview",
              "name": "[concat(parameters('workspace'),'/Microsoft.SecurityInsights/',concat('AnalyticsRule-', last(split(variables('analyticRuleId3'),'/'))))]",
              "properties": {
                "description": "Cortex XDR Analytics Rule 3",
                "parentId": "[variables('analyticRuleId3')]",
                "contentId": "[variables('_analyticRulecontentId3')]",
                "kind": "AnalyticsRule",
                "version": "[variables('analyticRuleVersion3')]",
                "source": {
                  "kind": "Solution",
                  "name": "Cortex XDR",
                  "sourceId": "[variables('_solutionId')]"
                },
                "author": {
                  "name": "DEFEND Ltd."
                },
                "support": {
                  "name": "DEFEND Ltd.",
                  "tier": "Partner",
                  "link": "https://www.defend.co.nz/"
                }
              }
            }
          ]
        },
        "packageKind": "Solution",
        "packageVersion": "[variables('_solutionVersion')]",
        "packageName": "[variables('_solutionName')]",
        "packageId": "[variables('_solutionId')]",
        "contentSchemaVersion": "3.0.0",
        "contentId": "[variables('_analyticRulecontentId3')]",
        "contentKind": "AnalyticsRule",
        "displayName": "Cortex XDR Incident - Low",
        "contentProductId": "[variables('_analyticRulecontentProductId3')]",
        "id": "[variables('_analyticRulecontentProductId3')]",
        "version": "[variables('analyticRuleVersion3')]"
      }
    },
    {
      "type": "Microsoft.OperationalInsights/workspaces/providers/contentTemplates",
      "apiVersion": "2023-04-01-preview",
      "name": "[variables('dataConnectorTemplateSpecName1')]",
      "location": "[parameters('workspace-location')]",
      "dependsOn": [
        "[extensionResourceId(resourceId('Microsoft.OperationalInsights/workspaces', parameters('workspace')), 'Microsoft.SecurityInsights/contentPackages', variables('_solutionId'))]"
      ],
      "properties": {
        "description": "Cortex XDR data connector with template version 3.0.0",
        "mainTemplate": {
          "$schema": "https://schema.management.azure.com/schemas/2019-04-01/deploymentTemplate.json#",
          "contentVersion": "[variables('dataConnectorVersion1')]",
          "parameters": {},
          "variables": {},
          "resources": [
            {
              "name": "[concat(parameters('workspace'),'/Microsoft.SecurityInsights/',variables('_dataConnectorContentId1'))]",
              "apiVersion": "2021-03-01-preview",
              "type": "Microsoft.OperationalInsights/workspaces/providers/dataConnectors",
              "location": "[parameters('workspace-location')]",
              "kind": "APIPolling",
              "properties": {
                "connectorUiConfig": {
                  "id": "[variables('_uiConfigId1')]",
                  "publisher": "DEFEND Ltd.",
                  "title": "Cortex XDR - Incidents",
                  "descriptionMarkdown": "Custom Data connector from DEFEND to utilise the Cortex API to ingest incidents from Cortex XDR platform into Microsoft Sentinel.",
                  "graphQueriesTableName": "CortexXDR_Incidents_CL",
                  "sampleQueries": [
                    {
                      "description": "All Cortex XDR Incidents",
                      "query": "{{graphQueriesTableName}}\n| sort by TimeGenerated desc"
                    }
                  ],
                  "availability": {
                    "isPreview": false,
                    "status": 1
                  },
                  "connectivityCriteria": [
                    {
                      "type": "SentinelKindsV2",
                      "value": [
                        "APIPolling"
                      ]
                    }
                  ],
                  "dataTypes": [
                    {
                      "lastDataReceivedQuery": "{{graphQueriesTableName}}\n            | summarize Time = max(TimeGenerated)\n            | where isnotempty(Time)",
                      "name": "{{graphQueriesTableName}}"
                    }
                  ],
                  "graphQueries": [
                    {
                      "baseQuery": "{{graphQueriesTableName}}",
                      "legend": "Cortex XDR Incidents",
                      "metricName": "Total data received"
                    }
                  ],
                  "instructionSteps": [
                    {
                      "description": "Connect Cortex XDR to Microsoft Sentinel via Cortex API to process Cortex Incidents.",
                      "instructions": [
                        {
                          "parameters": {
                            "enable": "true",
                            "userRequestPlaceHoldersInput": [
                              {
                                "displayText": "API Endpoint, excluding the 'api-' portion (example.xdr.au.paloaltonetworks.com)",
                                "placeHolderName": "{{fqdn}}",
                                "requestObjectKey": "apiEndpoint"
                              },
                              {
                                "displayText": "API Key Id",
                                "placeHolderName": "{{apiKeyId}}",
                                "pollingKeyPaths": [
                                  "$.request.headers.x-xdr-auth-id"
                                ]
                              }
                            ]
                          },
                          "type": "APIKey"
                        }
                      ],
                      "title": "Enable Cortex XDR API"
                    }
                  ],
                  "permissions": {
                    "customs": [
                      {
                        "description": "**Cortex API Token** is required for REST API. [See the documentation to learn more about API](https://docs.paloaltonetworks.com/cortex/cortex-xdr/cortex-xdr-api.html). Check all requirements and follow the instructions for obtaining credentials.",
                        "name": "Cortex API credentials"
                      }
                    ],
                    "resourceProvider": [
                      {
                        "permissionsDisplayText": "read and write permissions are required.",
                        "provider": "Microsoft.OperationalInsights/workspaces",
                        "providerDisplayName": "Workspace",
                        "requiredPermissions": {
                          "delete": true,
                          "read": true,
                          "write": true
                        },
                        "scope": "Workspace"
                      },
                      {
                        "permissionsDisplayText": "read permissions to shared keys for the workspace are required. [See the documentation to learn more about workspace keys](https://docs.microsoft.com/azure/azure-monitor/platform/agent-windows#obtain-workspace-id-and-key)",
                        "provider": "Microsoft.OperationalInsights/workspaces/sharedKeys",
                        "providerDisplayName": "Keys",
                        "requiredPermissions": {
                          "action": true
                        },
                        "scope": "Workspace"
                      }
                    ]
                  }
                },
                "pollingConfig": {
                  "auth": {
                    "apiKeyName": "Authorization",
                    "authType": "APIKey"
                  },
                  "isActive": true,
                  "paging": {
                    "pagingType": "None"
                  },
                  "request": {
                    "apiEndpoint": "https://api-{{fqdn}}/public_api/v1/incidents/get_incidents/",
                    "headers": {
                      "x-xdr-auth-id": "[variables('_xdrAuthId')]"
                    },
                    "httpMethod": "Post",
                    "queryParametersTemplate": "{ 'request_data': { 'filters': [ { 'field': 'modification_time', 'operator': 'gte', 'value': {_QueryWindowStartTime} } ], 'sort': { 'field': 'modification_time', 'keyword': 'desc' } } }",
                    "queryTimeFormat": "UnixTimestampInMills",
                    "queryWindowInMin": 5
                  },
                  "response": {
                    "eventsJsonPaths": [
                      "$..incidents"
                    ]
                  }
                }
              }
            },
            {
              "type": "Microsoft.OperationalInsights/workspaces/providers/metadata",
              "apiVersion": "2023-04-01-preview",
              "name": "[concat(parameters('workspace'),'/Microsoft.SecurityInsights/',concat('DataConnector-', last(split(variables('_dataConnectorId1'),'/'))))]",
              "properties": {
                "parentId": "[extensionResourceId(resourceId('Microsoft.OperationalInsights/workspaces', parameters('workspace')), 'Microsoft.SecurityInsights/dataConnectors', variables('_dataConnectorContentId1'))]",
                "contentId": "[variables('_dataConnectorContentId1')]",
                "kind": "DataConnector",
                "version": "[variables('dataConnectorVersion1')]",
                "source": {
                  "kind": "Solution",
                  "name": "Cortex XDR",
                  "sourceId": "[variables('_solutionId')]"
                },
                "author": {
                  "name": "DEFEND Ltd."
                },
                "support": {
                  "name": "DEFEND Ltd.",
                  "tier": "Partner",
                  "link": "https://www.defend.co.nz/"
                }
              }
            }
          ]
        },
        "packageKind": "Solution",
        "packageVersion": "[variables('_solutionVersion')]",
        "packageName": "[variables('_solutionName')]",
        "packageId": "[variables('_solutionId')]",
        "contentSchemaVersion": "3.0.0",
        "contentId": "[variables('_dataConnectorContentId1')]",
        "contentKind": "DataConnector",
        "displayName": "Cortex XDR - Incidents",
        "contentProductId": "[variables('_dataConnectorcontentProductId1')]",
        "id": "[variables('_dataConnectorcontentProductId1')]",
        "version": "[variables('dataConnectorVersion1')]"
      }
    },
    {
      "type": "Microsoft.OperationalInsights/workspaces/providers/metadata",
      "apiVersion": "2023-04-01-preview",
      "name": "[concat(parameters('workspace'),'/Microsoft.SecurityInsights/',concat('DataConnector-', last(split(variables('_dataConnectorId1'),'/'))))]",
      "dependsOn": [
        "[variables('_dataConnectorId1')]"
      ],
      "location": "[parameters('workspace-location')]",
      "properties": {
        "parentId": "[extensionResourceId(resourceId('Microsoft.OperationalInsights/workspaces', parameters('workspace')), 'Microsoft.SecurityInsights/dataConnectors', variables('_dataConnectorContentId1'))]",
        "contentId": "[variables('_dataConnectorContentId1')]",
        "kind": "DataConnector",
        "version": "[variables('dataConnectorVersion1')]",
        "source": {
          "kind": "Solution",
          "name": "Cortex XDR",
          "sourceId": "[variables('_solutionId')]"
        },
        "author": {
          "name": "DEFEND Ltd."
        },
        "support": {
          "name": "DEFEND Ltd.",
          "tier": "Partner",
          "link": "https://www.defend.co.nz/"
        }
      }
    },
    {
      "name": "[concat(parameters('workspace'),'/Microsoft.SecurityInsights/',variables('_dataConnectorContentId1'))]",
      "apiVersion": "2021-03-01-preview",
      "type": "Microsoft.OperationalInsights/workspaces/providers/dataConnectors",
      "location": "[parameters('workspace-location')]",
      "kind": "APIPolling",
      "properties": {
        "connectorUiConfig": {
          "id": "[variables('_uiConfigId1')]",
          "publisher": "DEFEND Ltd.",
          "title": "Cortex XDR - Incidents",
          "descriptionMarkdown": "Custom Data connector from DEFEND to utilise the Cortex API to ingest incidents from Cortex XDR platform into Microsoft Sentinel.",
          "graphQueriesTableName": "CortexXDR_Incidents_CL",
          "sampleQueries": [
            {
              "description": "All Cortex XDR Incidents",
              "query": "{{graphQueriesTableName}}\n| sort by TimeGenerated desc"
            }
          ],
          "availability": {
            "isPreview": false,
            "status": 1
          },
          "connectivityCriteria": [
            {
              "type": "SentinelKindsV2",
              "value": [
                "APIPolling"
              ]
            }
          ],
          "dataTypes": [
            {
              "lastDataReceivedQuery": "{{graphQueriesTableName}}\n            | summarize Time = max(TimeGenerated)\n            | where isnotempty(Time)",
              "name": "{{graphQueriesTableName}}"
            }
          ],
          "graphQueries": [
            {
              "baseQuery": "{{graphQueriesTableName}}",
              "legend": "Cortex XDR Incidents",
              "metricName": "Total data received"
            }
          ],
          "instructionSteps": [
            {
              "description": "Connect Cortex XDR to Microsoft Sentinel via Cortex API to process Cortex Incidents.",
              "instructions": [
                {
                  "parameters": {
                    "enable": "true",
                    "userRequestPlaceHoldersInput": [
                      {
                        "displayText": "API Endpoint, excluding the 'api-' portion (example.xdr.au.paloaltonetworks.com)",
                        "placeHolderName": "{{fqdn}}",
                        "requestObjectKey": "apiEndpoint"
                      },
                      {
                        "displayText": "API Key Id",
                        "placeHolderName": "{{apiKeyId}}",
                        "pollingKeyPaths": [
                          "$.request.headers.x-xdr-auth-id"
                        ]
                      }
                    ]
                  },
                  "type": "APIKey"
                }
              ],
              "title": "Enable Cortex XDR API"
            }
          ],
          "permissions": {
            "customs": [
              {
                "description": "**Cortex API Token** is required for REST API. [See the documentation to learn more about API](https://docs.paloaltonetworks.com/cortex/cortex-xdr/cortex-xdr-api.html). Check all requirements and follow the instructions for obtaining credentials.",
                "name": "Cortex API credentials"
              }
            ],
            "resourceProvider": [
              {
                "permissionsDisplayText": "read and write permissions are required.",
                "provider": "Microsoft.OperationalInsights/workspaces",
                "providerDisplayName": "Workspace",
                "requiredPermissions": {
                  "delete": true,
                  "read": true,
                  "write": true
                },
                "scope": "Workspace"
              },
              {
                "permissionsDisplayText": "read permissions to shared keys for the workspace are required. [See the documentation to learn more about workspace keys](https://docs.microsoft.com/azure/azure-monitor/platform/agent-windows#obtain-workspace-id-and-key)",
                "provider": "Microsoft.OperationalInsights/workspaces/sharedKeys",
                "providerDisplayName": "Keys",
                "requiredPermissions": {
                  "action": true
                },
                "scope": "Workspace"
              }
            ]
          }
        },
        "pollingConfig": {
          "auth": {
            "apiKeyName": "Authorization",
            "authType": "APIKey"
          },
          "isActive": true,
          "paging": {
            "pagingType": "None"
          },
          "request": {
            "apiEndpoint": "https://api-{{fqdn}}/public_api/v1/incidents/get_incidents/",
            "headers": {
              "x-xdr-auth-id": "[variables('_xdrAuthId')]"
            },
            "httpMethod": "Post",
            "queryParametersTemplate": "{ 'request_data': { 'filters': [ { 'field': 'modification_time', 'operator': 'gte', 'value': {_QueryWindowStartTime} } ], 'sort': { 'field': 'modification_time', 'keyword': 'desc' } } }",
            "queryTimeFormat": "UnixTimestampInMills",
            "queryWindowInMin": 5
          },
          "response": {
            "eventsJsonPaths": [
              "$..incidents"
            ]
          }
        }
      }
    },
    {
      "type": "Microsoft.OperationalInsights/workspaces/providers/contentPackages",
      "apiVersion": "2023-04-01-preview",
      "location": "[parameters('workspace-location')]",
      "properties": {
        "version": "3.0.0",
        "kind": "Solution",
        "contentSchemaVersion": "3.0.0",
        "displayName": "Cortex XDR",
        "publisherDisplayName": "DEFEND Ltd.",
        "descriptionHtml": "<p><strong>Note:</strong> <em>There may be <a href=\"https://aka.ms/sentinelsolutionsknownissues\">known issues</a> pertaining to this Solution, please refer to them before installing.</em></p>\n<p>The <a href=\"https://www.paloaltonetworks.com/\">Palo Alto Networks</a> Cortex XDR Sentinel Solution pulls log directly from the Cortex XDR platform via API. The solution is configured to pull the Incidents from the Cortex XDR platform every 5 minutes and ingest them into Sentinel. The solution is dependent on the Cortex XDR API Key and API Key ID. The API Key ID is used as the polling key path and the API Key is used as the header for the API request. The solution also includes 3 analytics rules to detect the creation of incidents based on the severities (High, Medium, Low).</p>\n<p><strong>Data Connectors:</strong> 1, <strong>Analytic Rules:</strong> 3</p>\n<p><a href=\"https://aka.ms/azuresentinel\">Learn more about Microsoft Sentinel</a> | <a href=\"https://aka.ms/azuresentinelsolutionsdoc\">Learn more about Solutions</a></p>\n",
        "contentKind": "Solution",
        "contentProductId": "[variables('_solutioncontentProductId')]",
        "id": "[variables('_solutioncontentProductId')]",
        "icon": "<img src=\"https://raw.githubusercontent.com/Azure/Azure-Sentinel/master/Logos/CortexXDR_Logo.svg\" width=\"75px\" height=\"75px\">",
        "contentId": "[variables('_solutionId')]",
        "parentId": "[variables('_solutionId')]",
        "source": {
          "kind": "Solution",
          "name": "Cortex XDR",
          "sourceId": "[variables('_solutionId')]"
        },
        "author": {
          "name": "DEFEND Ltd."
        },
        "support": {
          "name": "DEFEND Ltd.",
          "tier": "Partner",
          "link": "https://www.defend.co.nz/"
        },
        "dependencies": {
          "operator": "AND",
          "criteria": [
            {
              "kind": "AnalyticsRule",
              "contentId": "[variables('analyticRulecontentId1')]",
              "version": "[variables('analyticRuleVersion1')]"
            },
            {
              "kind": "AnalyticsRule",
              "contentId": "[variables('analyticRulecontentId2')]",
              "version": "[variables('analyticRuleVersion2')]"
            },
            {
              "kind": "AnalyticsRule",
              "contentId": "[variables('analyticRulecontentId3')]",
              "version": "[variables('analyticRuleVersion3')]"
            },
            {
              "kind": "DataConnector",
              "contentId": "[variables('_dataConnectorContentId1')]",
              "version": "[variables('dataConnectorVersion1')]"
            }
          ]
        },
        "firstPublishDate": "2023-07-12",
        "providers": [
          "DEFEND Ltd."
        ],
        "categories": {
          "domains": [
            "Security - Threat Protection"
          ]
        }
      },
      "name": "[concat(parameters('workspace'),'/Microsoft.SecurityInsights/', variables('_solutionId'))]"
    }
  ],
  "outputs": {}
}