{
  "$schema": "https://schema.management.azure.com/schemas/2019-04-01/deploymentTemplate.json#",
  "contentVersion": "1.0.0.0",
  "metadata": {
    "author": "Microsoft Corporation - support@microsoft.com",
    "comments": "Solution template for SecurityThreatEssentialSolution"
  },
  "parameters": {
    "location": {
      "type": "string",
      "minLength": 1,
      "defaultValue": "[resourceGroup().location]",
      "metadata": {
        "description": "Not used, but needed to pass arm-ttk test `Location-Should-Not-Be-Hardcoded`.  We instead use the `workspace-location` which is derived from the LA workspace"
      }
    },
    "workspace-location": {
      "type": "string",
      "defaultValue": "",
      "metadata": {
        "description": "[concat('Region to deploy solution resources -- separate from location selection',parameters('location'))]"
      }
    },
    "workspace": {
      "defaultValue": "",
      "type": "string",
      "metadata": {
        "description": "Workspace name for Log Analytics where Microsoft Sentinel is setup"
      }
    }
  },
  "variables": {
    "solutionId": "azuresentinel.azure-sentinel-solution-securitythreatessentialsol",
    "_solutionId": "[variables('solutionId')]",
    "email": "support@microsoft.com",
    "_email": "[variables('email')]",
    "_solutionName": "SecurityThreatEssentialSolution",
    "_solutionVersion": "3.0.2",
    "analyticRuleObject1": {
      "analyticRuleVersion1": "1.0.2",
      "_analyticRulecontentId1": "d7c575b2-84f5-48cb-92c5-70d7e8246284",
      "analyticRuleId1": "[resourceId('Microsoft.SecurityInsights/AlertRuleTemplates', 'd7c575b2-84f5-48cb-92c5-70d7e8246284')]",
      "analyticRuleTemplateSpecName1": "[concat(parameters('workspace'),'/Microsoft.SecurityInsights/',concat(parameters('workspace'),'-ar-',uniquestring('d7c575b2-84f5-48cb-92c5-70d7e8246284')))]",
      "_analyticRulecontentProductId1": "[concat(take(variables('_solutionId'),50),'-','ar','-', uniqueString(concat(variables('_solutionId'),'-','AnalyticsRule','-','d7c575b2-84f5-48cb-92c5-70d7e8246284','-', '1.0.2')))]"
    },
    "analyticRuleObject2": {
      "analyticRuleVersion2": "1.0.1",
      "_analyticRulecontentId2": "199978c5-cd6d-4194-b505-8ef5800739df",
      "analyticRuleId2": "[resourceId('Microsoft.SecurityInsights/AlertRuleTemplates', '199978c5-cd6d-4194-b505-8ef5800739df')]",
      "analyticRuleTemplateSpecName2": "[concat(parameters('workspace'),'/Microsoft.SecurityInsights/',concat(parameters('workspace'),'-ar-',uniquestring('199978c5-cd6d-4194-b505-8ef5800739df')))]",
      "_analyticRulecontentProductId2": "[concat(take(variables('_solutionId'),50),'-','ar','-', uniqueString(concat(variables('_solutionId'),'-','AnalyticsRule','-','199978c5-cd6d-4194-b505-8ef5800739df','-', '1.0.1')))]"
    },
    "analyticRuleObject3": {
      "analyticRuleVersion3": "1.0.3",
      "_analyticRulecontentId3": "0a627f29-f0dd-4924-be92-c3d6dac84367",
      "analyticRuleId3": "[resourceId('Microsoft.SecurityInsights/AlertRuleTemplates', '0a627f29-f0dd-4924-be92-c3d6dac84367')]",
      "analyticRuleTemplateSpecName3": "[concat(parameters('workspace'),'/Microsoft.SecurityInsights/',concat(parameters('workspace'),'-ar-',uniquestring('0a627f29-f0dd-4924-be92-c3d6dac84367')))]",
      "_analyticRulecontentProductId3": "[concat(take(variables('_solutionId'),50),'-','ar','-', uniqueString(concat(variables('_solutionId'),'-','AnalyticsRule','-','0a627f29-f0dd-4924-be92-c3d6dac84367','-', '1.0.3')))]"
    },
    "analyticRuleObject4": {
      "analyticRuleVersion4": "1.0.1",
      "_analyticRulecontentId4": "fa2658fe-3714-4c55-bb12-2b7275c628e8",
      "analyticRuleId4": "[resourceId('Microsoft.SecurityInsights/AlertRuleTemplates', 'fa2658fe-3714-4c55-bb12-2b7275c628e8')]",
      "analyticRuleTemplateSpecName4": "[concat(parameters('workspace'),'/Microsoft.SecurityInsights/',concat(parameters('workspace'),'-ar-',uniquestring('fa2658fe-3714-4c55-bb12-2b7275c628e8')))]",
      "_analyticRulecontentProductId4": "[concat(take(variables('_solutionId'),50),'-','ar','-', uniqueString(concat(variables('_solutionId'),'-','AnalyticsRule','-','fa2658fe-3714-4c55-bb12-2b7275c628e8','-', '1.0.1')))]"
    },
    "analyticRuleObject5": {
      "analyticRuleVersion5": "1.0.3",
      "_analyticRulecontentId5": "b49a1093-cbf6-4973-89ac-2eef98f533c6",
      "analyticRuleId5": "[resourceId('Microsoft.SecurityInsights/AlertRuleTemplates', 'b49a1093-cbf6-4973-89ac-2eef98f533c6')]",
      "analyticRuleTemplateSpecName5": "[concat(parameters('workspace'),'/Microsoft.SecurityInsights/',concat(parameters('workspace'),'-ar-',uniquestring('b49a1093-cbf6-4973-89ac-2eef98f533c6')))]",
      "_analyticRulecontentProductId5": "[concat(take(variables('_solutionId'),50),'-','ar','-', uniqueString(concat(variables('_solutionId'),'-','AnalyticsRule','-','b49a1093-cbf6-4973-89ac-2eef98f533c6','-', '1.0.3')))]"
    },
    "analyticRuleObject6": {
      "analyticRuleVersion6": "1.0.3",
      "_analyticRulecontentId6": "b09795c9-8dce-47ab-8f75-5a4afb78ef0c",
      "analyticRuleId6": "[resourceId('Microsoft.SecurityInsights/AlertRuleTemplates', 'b09795c9-8dce-47ab-8f75-5a4afb78ef0c')]",
      "analyticRuleTemplateSpecName6": "[concat(parameters('workspace'),'/Microsoft.SecurityInsights/',concat(parameters('workspace'),'-ar-',uniquestring('b09795c9-8dce-47ab-8f75-5a4afb78ef0c')))]",
      "_analyticRulecontentProductId6": "[concat(take(variables('_solutionId'),50),'-','ar','-', uniqueString(concat(variables('_solutionId'),'-','AnalyticsRule','-','b09795c9-8dce-47ab-8f75-5a4afb78ef0c','-', '1.0.3')))]"
    },
    "analyticRuleObject7": {
      "analyticRuleVersion7": "1.0.4",
      "_analyticRulecontentId7": "16daa67c-b137-48dc-8eb7-76598a44791a",
      "analyticRuleId7": "[resourceId('Microsoft.SecurityInsights/AlertRuleTemplates', '16daa67c-b137-48dc-8eb7-76598a44791a')]",
      "analyticRuleTemplateSpecName7": "[concat(parameters('workspace'),'/Microsoft.SecurityInsights/',concat(parameters('workspace'),'-ar-',uniquestring('16daa67c-b137-48dc-8eb7-76598a44791a')))]",
      "_analyticRulecontentProductId7": "[concat(take(variables('_solutionId'),50),'-','ar','-', uniqueString(concat(variables('_solutionId'),'-','AnalyticsRule','-','16daa67c-b137-48dc-8eb7-76598a44791a','-', '1.0.4')))]"
    },
    "huntingQueryObject1": {
      "huntingQueryVersion1": "2.0.1",
      "_huntingQuerycontentId1": "1eaad895-7796-466b-8bf3-cec0fa78d0e4",
      "huntingQueryTemplateSpecName1": "[concat(parameters('workspace'),'/Microsoft.SecurityInsights/',concat(parameters('workspace'),'-hq-',uniquestring('1eaad895-7796-466b-8bf3-cec0fa78d0e4')))]"
    },
    "huntingQueryObject2": {
      "huntingQueryVersion2": "2.0.1",
      "_huntingQuerycontentId2": "f347ff55-6443-46b6-9abb-4f8f9b3209f8",
      "huntingQueryTemplateSpecName2": "[concat(parameters('workspace'),'/Microsoft.SecurityInsights/',concat(parameters('workspace'),'-hq-',uniquestring('f347ff55-6443-46b6-9abb-4f8f9b3209f8')))]"
    },
    "_solutioncontentProductId": "[concat(take(variables('_solutionId'),50),'-','sl','-', uniqueString(concat(variables('_solutionId'),'-','Solution','-',variables('_solutionId'),'-', variables('_solutionVersion'))))]"
  },
  "resources": [
    {
      "type": "Microsoft.OperationalInsights/workspaces/providers/contentTemplates",
      "apiVersion": "2023-04-01-preview",
      "name": "[variables('analyticRuleObject1').analyticRuleTemplateSpecName1]",
      "location": "[parameters('workspace-location')]",
      "dependsOn": [
        "[extensionResourceId(resourceId('Microsoft.OperationalInsights/workspaces', parameters('workspace')), 'Microsoft.SecurityInsights/contentPackages', variables('_solutionId'))]"
      ],
      "properties": {
        "description": "Threat_Essentials_Mail_redirect_via_ExO_transport_rule_AnalyticalRules Analytics Rule with template version 3.0.2",
        "mainTemplate": {
          "$schema": "https://schema.management.azure.com/schemas/2019-04-01/deploymentTemplate.json#",
          "contentVersion": "[variables('analyticRuleObject1').analyticRuleVersion1]",
          "parameters": {},
          "variables": {},
          "resources": [
            {
              "type": "Microsoft.SecurityInsights/AlertRuleTemplates",
              "name": "[variables('analyticRuleObject1')._analyticRulecontentId1]",
              "apiVersion": "2023-02-01-preview",
              "kind": "Scheduled",
              "location": "[parameters('workspace-location')]",
              "properties": {
                "description": "Identifies when Exchange Online transport rule configured to forward emails.\nThis could be an adversary mailbox configured to collect mail from multiple user accounts.",
                "displayName": "Threat Essentials - Mail redirect via ExO transport rule",
                "enabled": false,
                "query": "OfficeActivity\n| where OfficeWorkload == \"Exchange\"\n| where Operation in~ (\"New-TransportRule\", \"Set-TransportRule\")\n| extend p = parse_json(Parameters)\n| extend RuleName = case(\n  Operation =~ \"Set-TransportRule\", tostring(OfficeObjectId),\n  Operation =~ \"New-TransportRule\", tostring(p[1].Value),\n  \"Unknown\"\n  )\n| mvexpand p\n| where (p.Name =~ \"BlindCopyTo\" or p.Name =~ \"RedirectMessageTo\") and isnotempty(p.Value)\n| extend RedirectTo = p.Value\n| extend ClientIPOnly = case(\n  ClientIP has \".\" and ClientIP has \":\", tostring(split(ClientIP,\":\")[0]),\n  ClientIP has \".\" and ClientIP has \"-\", tostring(split(ClientIP,\"-\")[0]),\n  ClientIP has \"[\", tostring(trim_start(@'[[]',tostring(split(ClientIP,\"]\")[0]))),\n  ClientIP\n  )\n| extend Port = case(\n  ClientIP has \".\" and ClientIP has \":\", (split(ClientIP,\":\")[1]),\n  ClientIP has \".\" and ClientIP has \"-\", (split(ClientIP,\"-\")[1]),\n  ClientIP has \"[\" and ClientIP has \":\", tostring(split(ClientIP,\"]:\")[1]),\n  ClientIP has \"[\" and ClientIP has \"-\", tostring(split(ClientIP,\"]-\")[1]),\n  ClientIP\n  )\n| extend ClientIP = ClientIPOnly\n| project TimeGenerated, RedirectTo, ClientIP, Port, UserId, Operation, RuleName\n| extend Name=split(UserId, \"@\")[0], UPNSuffix=split(UserId, \"@\")[1]\n",
                "queryFrequency": "P1D",
                "queryPeriod": "P1D",
                "severity": "Medium",
                "suppressionDuration": "PT1H",
                "suppressionEnabled": false,
                "triggerOperator": "GreaterThan",
                "triggerThreshold": 0,
                "status": "Available",
                "requiredDataConnectors": [
                  {
                    "dataTypes": [
                      "OfficeActivity"
                    ],
                    "connectorId": "Office365"
                  }
                ],
                "tactics": [
                  "Collection",
                  "Exfiltration"
                ],
                "techniques": [
                  "T1114",
                  "T1020"
                ],
                "entityMappings": [
                  {
                    "entityType": "Account",
                    "fieldMappings": [
                      {
                        "identifier": "Name",
                        "columnName": "Name"
                      },
                      {
                        "identifier": "UPNSuffix",
                        "columnName": "UPNSuffix"
                      }
                    ]
                  },
                  {
                    "entityType": "IP",
                    "fieldMappings": [
                      {
                        "identifier": "Address",
                        "columnName": "ClientIP"
                      }
                    ]
                  }
                ]
              }
            },
            {
              "type": "Microsoft.OperationalInsights/workspaces/providers/metadata",
              "apiVersion": "2022-01-01-preview",
              "name": "[concat(parameters('workspace'),'/Microsoft.SecurityInsights/',concat('AnalyticsRule-', last(split(variables('analyticRuleObject1').analyticRuleId1,'/'))))]",
              "properties": {
                "description": "SecurityThreatEssentialSolution Analytics Rule 1",
                "parentId": "[variables('analyticRuleObject1').analyticRuleId1]",
                "contentId": "[variables('analyticRuleObject1')._analyticRulecontentId1]",
                "kind": "AnalyticsRule",
                "version": "[variables('analyticRuleObject1').analyticRuleVersion1]",
                "source": {
                  "kind": "Solution",
                  "name": "SecurityThreatEssentialSolution",
                  "sourceId": "[variables('_solutionId')]"
                },
                "author": {
                  "name": "Microsoft Corporation",
                  "email": "[variables('_email')]"
                },
                "support": {
                  "name": "Microsoft Corporation",
                  "email": "support@microsoft.com",
                  "tier": "Microsoft",
                  "link": "https://support.microsoft.com"
                }
              }
            }
          ]
        },
        "packageKind": "Solution",
        "packageVersion": "[variables('_solutionVersion')]",
        "packageName": "[variables('_solutionName')]",
        "packageId": "[variables('_solutionId')]",
        "contentSchemaVersion": "3.0.0",
        "contentId": "[variables('analyticRuleObject1')._analyticRulecontentId1]",
        "contentKind": "AnalyticsRule",
        "displayName": "Threat Essentials - Mail redirect via ExO transport rule",
        "contentProductId": "[variables('analyticRuleObject1')._analyticRulecontentProductId1]",
        "id": "[variables('analyticRuleObject1')._analyticRulecontentProductId1]",
        "version": "[variables('analyticRuleObject1').analyticRuleVersion1]"
      }
    },
    {
      "type": "Microsoft.OperationalInsights/workspaces/providers/contentTemplates",
      "apiVersion": "2023-04-01-preview",
      "name": "[variables('analyticRuleObject2').analyticRuleTemplateSpecName2]",
      "location": "[parameters('workspace-location')]",
      "dependsOn": [
        "[extensionResourceId(resourceId('Microsoft.OperationalInsights/workspaces', parameters('workspace')), 'Microsoft.SecurityInsights/contentPackages', variables('_solutionId'))]"
      ],
      "properties": {
        "description": "Threat_Essentials_MultipleAdmin_membership_removals_from_NewAdmin_AnalyticalRules Analytics Rule with template version 3.0.2",
        "mainTemplate": {
          "$schema": "https://schema.management.azure.com/schemas/2019-04-01/deploymentTemplate.json#",
          "contentVersion": "[variables('analyticRuleObject2').analyticRuleVersion2]",
          "parameters": {},
          "variables": {},
          "resources": [
            {
              "type": "Microsoft.SecurityInsights/AlertRuleTemplates",
              "name": "[variables('analyticRuleObject2')._analyticRulecontentId2]",
              "apiVersion": "2023-02-01-preview",
              "kind": "Scheduled",
              "location": "[parameters('workspace-location')]",
              "properties": {
                "description": "This query detects when newly created Global admin removes multiple existing global admins which can be an attempt by adversaries to lock down organization and retain sole access. \n Investigate reasoning and intention of multiple membership removal by new Global admins and take necessary actions accordingly.",
                "displayName": "Threat Essentials - Multiple admin membership removals from newly created admin.",
                "enabled": false,
                "query": "let lookback = 7d; \nlet timeframe = 1h; \nlet GlobalAdminsRemoved = AuditLogs \n| where TimeGenerated > ago(timeframe) \n| where Category =~ \"RoleManagement\" \n| where AADOperationType in~ (\"Unassign\", \"RemoveEligibleRole\") \n| where ActivityDisplayName has_any (\"Remove member from role\", \"Remove eligible member from role\") \n| mv-expand TargetResources \n| mv-expand TargetResources.modifiedProperties \n| extend displayName_ = tostring(TargetResources_modifiedProperties.displayName) \n| where displayName_ =~ \"Role.DisplayName\" \n| extend RoleName = tostring(parse_json(tostring(TargetResources_modifiedProperties.oldValue))) \n| where RoleName =~ \"Global Administrator\" // Add other Privileged role if applicable \n| extend InitiatingApp = tostring(parse_json(tostring(InitiatedBy.app)).displayName) \n| extend Initiator = iif(isnotempty(InitiatingApp), InitiatingApp, tostring(parse_json(tostring(InitiatedBy.user)).userPrincipalName)) \n| where Initiator != \"MS-PIM\"  // Filtering PIM events \n| extend Target = tostring(TargetResources.userPrincipalName) \n| summarize RemovedGlobalAdminTime = max(TimeGenerated), TargetAdmins = make_set(Target) by OperationName,  RoleName, Initiator, Result; \nlet GlobalAdminsAdded = AuditLogs \n| where TimeGenerated > ago(lookback) \n| where Category =~ \"RoleManagement\" \n| where AADOperationType in~ (\"Assign\", \"AssignEligibleRole\") \n| where ActivityDisplayName has_any (\"Add eligible member to role\", \"Add member to role\") and Result =~ \"success\" \n| mv-expand TargetResources \n| mv-expand TargetResources.modifiedProperties \n| extend displayName_ = tostring(TargetResources_modifiedProperties.displayName) \n| where displayName_ =~ \"Role.DisplayName\" \n| extend RoleName = tostring(parse_json(tostring(TargetResources_modifiedProperties.newValue))) \n| where RoleName =~ \"Global Administrator\" // Add other Privileged role if applicable \n| extend InitiatingApp = tostring(parse_json(tostring(InitiatedBy.app)).displayName) \n| extend Initiator = iif(isnotempty(InitiatingApp), InitiatingApp, tostring(parse_json(tostring(InitiatedBy.user)).userPrincipalName)) \n| where Initiator != \"MS-PIM\"  // Filtering PIM events \n| extend Target = tostring(TargetResources.userPrincipalName) \n| summarize AddedGlobalAdminTime = max(TimeGenerated) by OperationName,  RoleName, Target, Initiator, Result; \nGlobalAdminsAdded \n| join kind= inner GlobalAdminsRemoved on $left.Target == $right.Initiator \n| where AddedGlobalAdminTime < RemovedGlobalAdminTime \n| extend NoofAdminsRemoved = array_length(TargetAdmins) \n| where NoofAdminsRemoved > 1\n| project AddedGlobalAdminTime, Initiator, Target, RemovedGlobalAdminTime, TargetAdmins, NoofAdminsRemoved\n| extend Name=split(Target, \"@\")[0], UPNSuffix=split(Target, \"@\")[1]\n",
                "queryFrequency": "PT1H",
                "queryPeriod": "P7D",
                "severity": "Medium",
                "suppressionDuration": "PT1H",
                "suppressionEnabled": false,
                "triggerOperator": "GreaterThan",
                "triggerThreshold": 0,
                "status": "Available",
                "requiredDataConnectors": [
                  {
                    "dataTypes": [
                      "AuditLogs"
                    ],
                    "connectorId": "AzureActiveDirectory"
                  }
                ],
                "tactics": [
                  "Impact"
                ],
                "techniques": [
                  "T1531"
                ],
                "entityMappings": [
                  {
                    "entityType": "Account",
                    "fieldMappings": [
                      {
                        "identifier": "Name",
                        "columnName": "Name"
                      },
                      {
                        "identifier": "UPNSuffix",
                        "columnName": "UPNSuffix"
                      }
                    ]
                  }
                ]
              }
            },
            {
              "type": "Microsoft.OperationalInsights/workspaces/providers/metadata",
              "apiVersion": "2022-01-01-preview",
              "name": "[concat(parameters('workspace'),'/Microsoft.SecurityInsights/',concat('AnalyticsRule-', last(split(variables('analyticRuleObject2').analyticRuleId2,'/'))))]",
              "properties": {
                "description": "SecurityThreatEssentialSolution Analytics Rule 2",
                "parentId": "[variables('analyticRuleObject2').analyticRuleId2]",
                "contentId": "[variables('analyticRuleObject2')._analyticRulecontentId2]",
                "kind": "AnalyticsRule",
                "version": "[variables('analyticRuleObject2').analyticRuleVersion2]",
                "source": {
                  "kind": "Solution",
                  "name": "SecurityThreatEssentialSolution",
                  "sourceId": "[variables('_solutionId')]"
                },
                "author": {
                  "name": "Microsoft Corporation",
                  "email": "[variables('_email')]"
                },
                "support": {
                  "name": "Microsoft Corporation",
                  "email": "support@microsoft.com",
                  "tier": "Microsoft",
                  "link": "https://support.microsoft.com"
                }
              }
            }
          ]
        },
        "packageKind": "Solution",
        "packageVersion": "[variables('_solutionVersion')]",
        "packageName": "[variables('_solutionName')]",
        "packageId": "[variables('_solutionId')]",
        "contentSchemaVersion": "3.0.0",
        "contentId": "[variables('analyticRuleObject2')._analyticRulecontentId2]",
        "contentKind": "AnalyticsRule",
        "displayName": "Threat Essentials - Multiple admin membership removals from newly created admin.",
        "contentProductId": "[variables('analyticRuleObject2')._analyticRulecontentProductId2]",
        "id": "[variables('analyticRuleObject2')._analyticRulecontentProductId2]",
        "version": "[variables('analyticRuleObject2').analyticRuleVersion2]"
      }
    },
    {
      "type": "Microsoft.OperationalInsights/workspaces/providers/contentTemplates",
      "apiVersion": "2023-04-01-preview",
      "name": "[variables('analyticRuleObject3').analyticRuleTemplateSpecName3]",
      "location": "[parameters('workspace-location')]",
      "dependsOn": [
        "[extensionResourceId(resourceId('Microsoft.OperationalInsights/workspaces', parameters('workspace')), 'Microsoft.SecurityInsights/contentPackages', variables('_solutionId'))]"
      ],
      "properties": {
        "description": "Threat_Essentials_NRT_UseraddedtoPrivilgedGroups_AnalyticalRules Analytics Rule with template version 3.0.2",
        "mainTemplate": {
          "$schema": "https://schema.management.azure.com/schemas/2019-04-01/deploymentTemplate.json#",
          "contentVersion": "[variables('analyticRuleObject3').analyticRuleVersion3]",
          "parameters": {},
          "variables": {},
          "resources": [
            {
              "type": "Microsoft.SecurityInsights/AlertRuleTemplates",
              "name": "[variables('analyticRuleObject3')._analyticRulecontentId3]",
              "apiVersion": "2023-02-01-preview",
              "kind": "NRT",
              "location": "[parameters('workspace-location')]",
              "properties": {
                "description": "This will alert when a user is added to any of the Privileged Groups.\nFor further information on AuditLogs please see https://docs.microsoft.com/azure/active-directory/reports-monitoring/reference-audit-activities.\nFor Administrator role permissions in Microsoft Entra ID please see https://docs.microsoft.com/azure/active-directory/users-groups-roles/directory-assign-admin-roles",
                "displayName": "Threat Essentials - NRT User added to Microsoft Entra ID Privileged Groups",
                "enabled": false,
                "query": "let OperationList = dynamic([\"Add member to role\",\"Add member to role in PIM requested (permanent)\"]);\nlet PrivilegedGroups = dynamic([\"UserAccountAdmins\",\"PrivilegedRoleAdmins\",\"TenantAdmins\"]);\nAuditLogs\n//| where LoggedByService =~ \"Core Directory\"\n| where Category =~ \"RoleManagement\"\n| where OperationName in~ (OperationList)\n| mv-expand TargetResources\n| extend modProps = parse_json(TargetResources).modifiedProperties\n| mv-expand bagexpansion=array modProps\n| evaluate bag_unpack(modProps)\n| extend displayName = column_ifexists(\"displayName\", \"NotAvailable\"), newValue = column_ifexists(\"newValue\", \"NotAvailable\")\n| where displayName =~ \"Role.WellKnownObjectName\"\n| extend DisplayName = displayName, GroupName = replace('\"','',newValue)\n| extend initByApp = parse_json(InitiatedBy).app, initByUser = parse_json(InitiatedBy).user\n| extend AppId = initByApp.appId,\nInitiatedByDisplayName = case(isnotempty(initByApp.displayName), initByApp.displayName, isnotempty(initByUser.displayName), initByUser.displayName, \"not available\"),\nServicePrincipalId = tostring(initByApp.servicePrincipalId),\nServicePrincipalName = tostring(initByApp.servicePrincipalName),\nUserId = initByUser.id,\nUserIPAddress = initByUser.ipAddress,\nUserRoles = initByUser.roles,\nUserPrincipalName = tostring(initByUser.userPrincipalName),\nTargetUserPrincipalName = tostring(TargetResources.userPrincipalName)\n| where GroupName in~ (PrivilegedGroups)\n// If you don't want to alert for operations from PIM, remove below filtering for MS-PIM.\n//| where InitiatedByDisplayName != \"MS-PIM\"\n| project TimeGenerated, AADOperationType, Category, OperationName, AADTenantId, AppId, InitiatedByDisplayName, ServicePrincipalId, ServicePrincipalName, DisplayName, GroupName, UserId, UserIPAddress, UserRoles, UserPrincipalName, TargetUserPrincipalName\n| extend InitiatorAccount = case(isnotempty(ServicePrincipalName), ServicePrincipalName, isnotempty(ServicePrincipalId), ServicePrincipalId, isnotempty(UserPrincipalName), UserPrincipalName, \"not available\")\n| extend InitiatorName = iif(InitiatorAccount has '@',tostring(split(InitiatorAccount,'@',0)[0]),\"\")\n| extend InitiatorUPNSuffix = iif(InitiatorAccount has '@',tostring(split(InitiatorAccount,'@',1)[0]),\"\")\n| extend InitiatorAadUserId = iif(InitiatorAccount !has '@',InitiatorAccount,\"\")\n| extend TargetName = iif(TargetUserPrincipalName has '@',tostring(split(TargetUserPrincipalName,'@',0)[0]),\"\")\n| extend TargetUPNSuffix = iif(TargetUserPrincipalName has '@',tostring(split(TargetUserPrincipalName,'@',1)[0]),\"\")\n",
                "severity": "Medium",
                "suppressionDuration": "PT1H",
                "suppressionEnabled": false,
                "status": "Available",
                "requiredDataConnectors": [
                  {
                    "dataTypes": [
                      "AuditLogs"
                    ],
                    "connectorId": "AzureActiveDirectory"
                  }
                ],
                "tactics": [
                  "Persistence",
                  "PrivilegeEscalation"
                ],
                "techniques": [
                  "T1098",
                  "T1078"
                ],
                "entityMappings": [
                  {
                    "entityType": "Account",
                    "fieldMappings": [
                      {
                        "identifier": "Name",
                        "columnName": "InitiatorName"
                      },
                      {
                        "identifier": "UPNSuffix",
                        "columnName": "InitiatorUPNSuffix"
                      },
                      {
                        "identifier": "AadUserId",
                        "columnName": "InitiatorAadUserId"
                      }
                    ]
                  },
                  {
                    "entityType": "Account",
                    "fieldMappings": [
                      {
                        "identifier": "Name",
                        "columnName": "TargetName"
                      },
                      {
                        "identifier": "UPNSuffix",
                        "columnName": "TargetUPNSuffix"
                      }
                    ]
                  }
                ]
              }
            },
            {
              "type": "Microsoft.OperationalInsights/workspaces/providers/metadata",
              "apiVersion": "2022-01-01-preview",
              "name": "[concat(parameters('workspace'),'/Microsoft.SecurityInsights/',concat('AnalyticsRule-', last(split(variables('analyticRuleObject3').analyticRuleId3,'/'))))]",
              "properties": {
                "description": "SecurityThreatEssentialSolution Analytics Rule 3",
                "parentId": "[variables('analyticRuleObject3').analyticRuleId3]",
                "contentId": "[variables('analyticRuleObject3')._analyticRulecontentId3]",
                "kind": "AnalyticsRule",
                "version": "[variables('analyticRuleObject3').analyticRuleVersion3]",
                "source": {
                  "kind": "Solution",
                  "name": "SecurityThreatEssentialSolution",
                  "sourceId": "[variables('_solutionId')]"
                },
                "author": {
                  "name": "Microsoft Corporation",
                  "email": "[variables('_email')]"
                },
                "support": {
                  "name": "Microsoft Corporation",
                  "email": "support@microsoft.com",
                  "tier": "Microsoft",
                  "link": "https://support.microsoft.com"
                }
              }
            }
          ]
        },
        "packageKind": "Solution",
        "packageVersion": "[variables('_solutionVersion')]",
        "packageName": "[variables('_solutionName')]",
        "packageId": "[variables('_solutionId')]",
        "contentSchemaVersion": "3.0.0",
        "contentId": "[variables('analyticRuleObject3')._analyticRulecontentId3]",
        "contentKind": "AnalyticsRule",
        "displayName": "Threat Essentials - NRT User added to Microsoft Entra ID Privileged Groups",
        "contentProductId": "[variables('analyticRuleObject3')._analyticRulecontentProductId3]",
        "id": "[variables('analyticRuleObject3')._analyticRulecontentProductId3]",
        "version": "[variables('analyticRuleObject3').analyticRuleVersion3]"
      }
    },
    {
      "type": "Microsoft.OperationalInsights/workspaces/providers/contentTemplates",
      "apiVersion": "2023-04-01-preview",
      "name": "[variables('analyticRuleObject4').analyticRuleTemplateSpecName4]",
      "location": "[parameters('workspace-location')]",
      "dependsOn": [
        "[extensionResourceId(resourceId('Microsoft.OperationalInsights/workspaces', parameters('workspace')), 'Microsoft.SecurityInsights/contentPackages', variables('_solutionId'))]"
      ],
      "properties": {
        "description": "Threat_Essentials_TimeSeriesAnomaly_Mass_Cloud_Resource_Deletions_AnalyticalRules Analytics Rule with template version 3.0.2",
        "mainTemplate": {
          "$schema": "https://schema.management.azure.com/schemas/2019-04-01/deploymentTemplate.json#",
          "contentVersion": "[variables('analyticRuleObject4').analyticRuleVersion4]",
          "parameters": {},
          "variables": {},
          "resources": [
            {
              "type": "Microsoft.SecurityInsights/AlertRuleTemplates",
              "name": "[variables('analyticRuleObject4')._analyticRulecontentId4]",
              "apiVersion": "2023-02-01-preview",
              "kind": "Scheduled",
              "location": "[parameters('workspace-location')]",
              "properties": {
                "description": "This query generates baseline pattern of cloud resource deletions by an user and generated anomaly \nwhen any unusual spike is detected.\nThese anomalies from unusual or privileged users could be an indication of cloud infrastructure \ntake-down by an adversary ",
                "displayName": "Threat Essentials - Mass Cloud resource deletions Time Series Anomaly",
                "enabled": false,
                "query": "let starttime = 14d;\nlet endtime = 1d;\nlet timeframe = 1h;\nlet TotalEventsThreshold = 25; \nlet TimeSeriesData = \nAzureActivity \n| where TimeGenerated between (startofday(ago(starttime))..startofday(ago(endtime)))\n| where OperationNameValue endswith \"delete\" \n| project TimeGenerated, Caller \n| make-series Total = count() on TimeGenerated from startofday(ago(starttime)) to startofday(ago(endtime)) step timeframe by Caller; \nlet TimeSeriesAlerts = materialize(TimeSeriesData \n| extend (anomalies, score, baseline) = series_decompose_anomalies(Total, 3, -1, 'linefit') \n| mv-expand Total to typeof(double), TimeGenerated to typeof(datetime), anomalies to typeof(double), score to typeof(double), baseline to typeof(long) \n| where anomalies > 0 \n| project Caller, TimeGenerated, Total, baseline, anomalies, score \n| where Total > TotalEventsThreshold and baseline > 0 ); \nTimeSeriesAlerts \n| where TimeGenerated > (ago(endtime)) \n| project TimeGenerated, Caller \n| join kind = inner (AzureActivity \n| where TimeGenerated > (ago(endtime)) \n| where OperationNameValue endswith \"delete\" \n| summarize count(), make_set(OperationNameValue), make_set(Resource) by bin(TimeGenerated, 1h), Caller) on TimeGenerated, Caller \n| extend Name = iif(Caller has '@',tostring(split(Caller,'@',0)[0]),\"\")\n| extend UPNSuffix = iif(Caller has '@',tostring(split(Caller,'@',1)[0]),\"\")\n| extend AadUserId = iif(Caller !has '@',Caller,\"\")\n",
                "queryFrequency": "P1D",
                "queryPeriod": "P14D",
                "severity": "Medium",
                "suppressionDuration": "PT1H",
                "suppressionEnabled": false,
                "triggerOperator": "GreaterThan",
                "triggerThreshold": 0,
                "status": "Available",
                "requiredDataConnectors": [
                  {
                    "dataTypes": [
                      "AzureActivity"
                    ],
                    "connectorId": "AzureActivity"
                  }
                ],
                "tactics": [
                  "Impact"
                ],
                "techniques": [
                  "T1485"
                ],
                "entityMappings": [
                  {
                    "entityType": "Account",
                    "fieldMappings": [
                      {
                        "identifier": "Name",
                        "columnName": "Name"
                      },
                      {
                        "identifier": "UPNSuffix",
                        "columnName": "UPNSuffix"
                      },
                      {
                        "identifier": "AadUserId",
                        "columnName": "AadUserId"
                      }
                    ]
                  }
                ]
              }
            },
            {
              "type": "Microsoft.OperationalInsights/workspaces/providers/metadata",
              "apiVersion": "2022-01-01-preview",
              "name": "[concat(parameters('workspace'),'/Microsoft.SecurityInsights/',concat('AnalyticsRule-', last(split(variables('analyticRuleObject4').analyticRuleId4,'/'))))]",
              "properties": {
                "description": "SecurityThreatEssentialSolution Analytics Rule 4",
                "parentId": "[variables('analyticRuleObject4').analyticRuleId4]",
                "contentId": "[variables('analyticRuleObject4')._analyticRulecontentId4]",
                "kind": "AnalyticsRule",
                "version": "[variables('analyticRuleObject4').analyticRuleVersion4]",
                "source": {
                  "kind": "Solution",
                  "name": "SecurityThreatEssentialSolution",
                  "sourceId": "[variables('_solutionId')]"
                },
                "author": {
                  "name": "Microsoft Corporation",
                  "email": "[variables('_email')]"
                },
                "support": {
                  "name": "Microsoft Corporation",
                  "email": "support@microsoft.com",
                  "tier": "Microsoft",
                  "link": "https://support.microsoft.com"
                }
              }
            }
          ]
        },
        "packageKind": "Solution",
        "packageVersion": "[variables('_solutionVersion')]",
        "packageName": "[variables('_solutionName')]",
        "packageId": "[variables('_solutionId')]",
        "contentSchemaVersion": "3.0.0",
        "contentId": "[variables('analyticRuleObject4')._analyticRulecontentId4]",
        "contentKind": "AnalyticsRule",
        "displayName": "Threat Essentials - Mass Cloud resource deletions Time Series Anomaly",
        "contentProductId": "[variables('analyticRuleObject4')._analyticRulecontentProductId4]",
        "id": "[variables('analyticRuleObject4')._analyticRulecontentProductId4]",
        "version": "[variables('analyticRuleObject4').analyticRuleVersion4]"
      }
    },
    {
      "type": "Microsoft.OperationalInsights/workspaces/providers/contentTemplates",
      "apiVersion": "2023-04-01-preview",
      "name": "[variables('analyticRuleObject5').analyticRuleTemplateSpecName5]",
      "location": "[parameters('workspace-location')]",
      "dependsOn": [
        "[extensionResourceId(resourceId('Microsoft.OperationalInsights/workspaces', parameters('workspace')), 'Microsoft.SecurityInsights/contentPackages', variables('_solutionId'))]"
      ],
      "properties": {
        "description": "Threat_Essentials_TimeSeriesAnomaly-MultiVendor_DataExfiltration_AnalyticalRules Analytics Rule with template version 3.0.2",
        "mainTemplate": {
          "$schema": "https://schema.management.azure.com/schemas/2019-04-01/deploymentTemplate.json#",
          "contentVersion": "[variables('analyticRuleObject5').analyticRuleVersion5]",
          "parameters": {},
          "variables": {},
          "resources": [
            {
              "type": "Microsoft.SecurityInsights/AlertRuleTemplates",
              "name": "[variables('analyticRuleObject5')._analyticRulecontentId5]",
              "apiVersion": "2023-02-01-preview",
              "kind": "Scheduled",
              "location": "[parameters('workspace-location')]",
              "properties": {
                "description": "Identifies anomalous data transfer to public networks. The query leverages built-in KQL anomaly detection algorithms that detects large deviations from a baseline pattern.\nA sudden increase in data transferred to unknown public networks is an indication of data exfiltration attempts and should be investigated.\nThe higher the score, the further it is from the baseline value.\nThe output is aggregated to provide summary view of unique source IP to destination IP address and port bytes sent traffic observed in the flagged anomaly hour.\nThe source IP addresses which were sending less than bytessentperhourthreshold have been exluded whose value can be adjusted as needed .\nYou may have to run queries for individual source IP addresses from SourceIPlist to determine if anything looks suspicious",
                "displayName": "Threat Essentials - Time series anomaly for data size transferred to public internet",
                "enabled": false,
                "query": "let starttime = 14d;\nlet endtime = 1d;\nlet timeframe = 1h;\nlet scorethreshold = 5;\nlet bytessentperhourthreshold = 10;\nlet PrivateIPregex = @'^127\\.|^10\\.|^172\\.1[6-9]\\.|^172\\.2[0-9]\\.|^172\\.3[0-1]\\.|^192\\.168\\.';\nlet TimeSeriesData = (union isfuzzy=true\n(\nVMConnection\n| where TimeGenerated between (startofday(ago(starttime))..startofday(ago(endtime)))\n| where isnotempty(DestinationIp) and isnotempty(SourceIp)\n| extend DestinationIpType = iff(DestinationIp matches regex PrivateIPregex,\"private\" ,\"public\" )\n| where DestinationIpType == \"public\" | extend DeviceVendor = \"VMConnection\"\n| project TimeGenerated, BytesSent, DeviceVendor\n| make-series TotalBytesSent=sum(BytesSent) on TimeGenerated from startofday(ago(starttime)) to startofday(ago(endtime)) step timeframe by DeviceVendor\n),\n(\nCommonSecurityLog\n| where TimeGenerated between (startofday(ago(starttime))..startofday(ago(endtime)))\n| where isnotempty(DestinationIP) and isnotempty(SourceIP)\n| extend DestinationIpType = iff(DestinationIP matches regex PrivateIPregex,\"private\" ,\"public\" )\n| where DestinationIpType == \"public\"\n| project TimeGenerated, SentBytes, DeviceVendor\n| make-series TotalBytesSent=sum(SentBytes) on TimeGenerated from startofday(ago(starttime)) to startofday(ago(endtime)) step timeframe by DeviceVendor\n)\n);\n//Filter anomolies against TimeSeriesData\nlet TimeSeriesAlerts = materialize(TimeSeriesData\n| extend (anomalies, score, baseline) = series_decompose_anomalies(TotalBytesSent, scorethreshold, -1, 'linefit')\n| mv-expand TotalBytesSent to typeof(double), TimeGenerated to typeof(datetime), anomalies to typeof(double),score to typeof(double), baseline to typeof(long)\n| where anomalies > 0 | extend AnomalyHour = TimeGenerated\n| extend TotalBytesSentinMBperHour = round(((TotalBytesSent / 1024)/1024),2), baselinebytessentperHour = round(((baseline / 1024)/1024),2), score = round(score,2)\n| project DeviceVendor, AnomalyHour, TimeGenerated, TotalBytesSentinMBperHour, baselinebytessentperHour, anomalies, score);\nlet AnomalyHours = materialize(TimeSeriesAlerts  | where TimeGenerated > ago(2d) | project TimeGenerated);\n//Union of all BaseLogs aggregated per hour\nlet BaseLogs = (union isfuzzy=true\n(\nCommonSecurityLog\n| where isnotempty(DestinationIP) and isnotempty(SourceIP)\n| where TimeGenerated > ago(2d)\n| extend DateHour = bin(TimeGenerated, 1h) // create a new column and round to hour\n| where DateHour in ((AnomalyHours)) //filter the dataset to only selected anomaly hours\n| extend DestinationIpType = iff(DestinationIP matches regex PrivateIPregex,\"private\" ,\"public\" )\n| where DestinationIpType == \"public\"\n| extend SentBytesinMB = ((SentBytes / 1024)/1024), ReceivedBytesinMB = ((ReceivedBytes / 1024)/1024)\n| summarize HourlyCount = count(), TimeGeneratedMax=arg_max(TimeGenerated, *), DestinationIPList=make_set(DestinationIP, 100), DestinationPortList = make_set(DestinationPort,100), TotalSentBytesinMB = sum(SentBytesinMB), TotalReceivedBytesinMB = sum(ReceivedBytesinMB) by SourceIP, DeviceVendor, TimeGeneratedHour=bin(TimeGenerated,1h)\n| where TotalSentBytesinMB > bytessentperhourthreshold\n| sort by TimeGeneratedHour asc, TotalSentBytesinMB desc\n| extend Rank=row_number(1, prev(TimeGeneratedHour) != TimeGeneratedHour) // Ranking the dataset per Hourly Partition\n| where Rank < 10  // Selecting Top 10 records with Highest BytesSent in each Hour\n| project DeviceVendor, TimeGeneratedHour, TimeGeneratedMax, SourceIP, DestinationIPList, DestinationPortList, TotalSentBytesinMB, TotalReceivedBytesinMB, Rank\n),\n(\nVMConnection\n| where isnotempty(DestinationIp) and isnotempty(SourceIp)\n| where TimeGenerated > ago(2d)\n| extend DateHour = bin(TimeGenerated, 1h) // create a new column and round to hour\n| where DateHour in ((AnomalyHours)) //filter the dataset to only selected anomaly hours\n| extend SourceIP = SourceIp, DestinationIP = DestinationIp\n| extend DestinationIpType = iff(DestinationIp matches regex PrivateIPregex,\"private\" ,\"public\" )\n| where DestinationIpType == \"public\" | extend DeviceVendor = \"VMConnection\"\n| extend SentBytesinMB = ((BytesSent / 1024)/1024), ReceivedBytesinMB = ((BytesReceived / 1024)/1024)\n| summarize HourlyCount = count(),TimeGeneratedMax=arg_max(TimeGenerated, *), DestinationIPList=make_set(DestinationIP, 100), DestinationPortList = make_set(DestinationPort, 100), TotalSentBytesinMB = sum(SentBytesinMB),TotalReceivedBytesinMB = sum(ReceivedBytesinMB) by SourceIP, DeviceVendor, TimeGeneratedHour=bin(TimeGenerated,1h)\n| where TotalSentBytesinMB > bytessentperhourthreshold\n| sort by TimeGeneratedHour asc, TotalSentBytesinMB desc\n| extend Rank=row_number(1, prev(TimeGeneratedHour) != TimeGeneratedHour) // Ranking the dataset per Hourly Partition\n| where Rank < 10  // Selecting Top 10 records with Highest BytesSent in each Hour\n| project DeviceVendor, TimeGeneratedHour, TimeGeneratedMax, SourceIP, DestinationIPList, DestinationPortList, TotalSentBytesinMB, TotalReceivedBytesinMB, Rank\n)\n);\n// Join against base logs to retrive records associated with the hour of anomoly\nTimeSeriesAlerts\n| where TimeGenerated > ago(2d)\n| join (\n    BaseLogs | extend AnomalyHour = TimeGeneratedHour\n) on DeviceVendor, AnomalyHour | sort by score desc\n| project DeviceVendor, AnomalyHour,TimeGeneratedMax, SourceIP, DestinationIPList, DestinationPortList, TotalSentBytesinMB, TotalReceivedBytesinMB, TotalBytesSentinMBperHour, baselinebytessentperHour, score, anomalies\n| summarize EventCount = count(), StartTimeUtc= min(TimeGeneratedMax), EndTimeUtc= max(TimeGeneratedMax), SourceIPMax= arg_max(SourceIP,*), TotalBytesSentinMB = sum(TotalSentBytesinMB), TotalBytesReceivedinMB = sum(TotalReceivedBytesinMB), SourceIPList = make_set(SourceIP, 100), DestinationIPList = make_set(DestinationIPList, 100) by AnomalyHour,TotalBytesSentinMBperHour, baselinebytessentperHour, score, anomalies\n| project DeviceVendor, AnomalyHour, StartTimeUtc, EndTimeUtc, SourceIPMax, SourceIPList, DestinationIPList, DestinationPortList, TotalBytesSentinMB, TotalBytesReceivedinMB, TotalBytesSentinMBperHour, baselinebytessentperHour, score, anomalies, EventCount\n",
                "queryFrequency": "P1D",
                "queryPeriod": "P14D",
                "severity": "Medium",
                "suppressionDuration": "PT1H",
                "suppressionEnabled": false,
                "triggerOperator": "GreaterThan",
                "triggerThreshold": 1,
                "status": "Available",
                "requiredDataConnectors": [
                  {
                    "dataTypes": [
                      "CommonSecurityLog"
                    ],
                    "connectorId": "CiscoASA"
                  },
                  {
                    "dataTypes": [
                      "CommonSecurityLog"
                    ],
                    "connectorId": "PaloAltoNetworks"
                  },
                  {
                    "dataTypes": [
                      "VMConnection"
                    ],
                    "connectorId": "AzureMonitor(VMInsights)"
                  }
                ],
                "tactics": [
                  "Exfiltration"
                ],
                "techniques": [
                  "T1030"
                ],
                "entityMappings": [
                  {
                    "entityType": "IP",
                    "fieldMappings": [
                      {
                        "identifier": "Address",
                        "columnName": "SourceIPMax"
                      }
                    ]
                  }
                ]
              }
            },
            {
              "type": "Microsoft.OperationalInsights/workspaces/providers/metadata",
              "apiVersion": "2022-01-01-preview",
              "name": "[concat(parameters('workspace'),'/Microsoft.SecurityInsights/',concat('AnalyticsRule-', last(split(variables('analyticRuleObject5').analyticRuleId5,'/'))))]",
              "properties": {
                "description": "SecurityThreatEssentialSolution Analytics Rule 5",
                "parentId": "[variables('analyticRuleObject5').analyticRuleId5]",
                "contentId": "[variables('analyticRuleObject5')._analyticRulecontentId5]",
                "kind": "AnalyticsRule",
                "version": "[variables('analyticRuleObject5').analyticRuleVersion5]",
                "source": {
                  "kind": "Solution",
                  "name": "SecurityThreatEssentialSolution",
                  "sourceId": "[variables('_solutionId')]"
                },
                "author": {
                  "name": "Microsoft Corporation",
                  "email": "[variables('_email')]"
                },
                "support": {
                  "name": "Microsoft Corporation",
                  "email": "support@microsoft.com",
                  "tier": "Microsoft",
                  "link": "https://support.microsoft.com"
                }
              }
            }
          ]
        },
        "packageKind": "Solution",
        "packageVersion": "[variables('_solutionVersion')]",
        "packageName": "[variables('_solutionName')]",
        "packageId": "[variables('_solutionId')]",
        "contentSchemaVersion": "3.0.0",
        "contentId": "[variables('analyticRuleObject5')._analyticRulecontentId5]",
        "contentKind": "AnalyticsRule",
        "displayName": "Threat Essentials - Time series anomaly for data size transferred to public internet",
        "contentProductId": "[variables('analyticRuleObject5')._analyticRulecontentProductId5]",
        "id": "[variables('analyticRuleObject5')._analyticRulecontentProductId5]",
        "version": "[variables('analyticRuleObject5').analyticRuleVersion5]"
      }
    },
    {
      "type": "Microsoft.OperationalInsights/workspaces/providers/contentTemplates",
      "apiVersion": "2023-04-01-preview",
      "name": "[variables('analyticRuleObject6').analyticRuleTemplateSpecName6]",
      "location": "[parameters('workspace-location')]",
      "dependsOn": [
        "[extensionResourceId(resourceId('Microsoft.OperationalInsights/workspaces', parameters('workspace')), 'Microsoft.SecurityInsights/contentPackages', variables('_solutionId'))]"
      ],
      "properties": {
        "description": "Threat_Essentials_UserAssignedPrivilegedRole_AnalyticalRules Analytics Rule with template version 3.0.2",
        "mainTemplate": {
          "$schema": "https://schema.management.azure.com/schemas/2019-04-01/deploymentTemplate.json#",
          "contentVersion": "[variables('analyticRuleObject6').analyticRuleVersion6]",
          "parameters": {},
          "variables": {},
          "resources": [
            {
              "type": "Microsoft.SecurityInsights/AlertRuleTemplates",
              "name": "[variables('analyticRuleObject6')._analyticRulecontentId6]",
              "apiVersion": "2023-02-01-preview",
              "kind": "Scheduled",
              "location": "[parameters('workspace-location')]",
              "properties": {
                "description": "Identifies when a new privileged role is assigned to a user.  Any account eligible for a role is now being given privileged access. If the assignment is unexpected or into a role that isn't the responsibility of the account holder, investigate.\nRef : https://docs.microsoft.com/azure/active-directory/fundamentals/security-operations-privileged-accounts#things-to-monitor-1",
                "displayName": "Threat Essentials - User Assigned Privileged Role",
                "enabled": false,
                "query": "AuditLogs\n| where Category =~ \"RoleManagement\"\n| where AADOperationType in~ (\"Assign\", \"AssignEligibleRole\")\n| where ActivityDisplayName has_any (\"Add eligible member to role\", \"Add member to role\")\n| mv-expand TargetResources\n| mv-expand TargetResources.modifiedProperties\n| extend displayName_ = tostring(TargetResources_modifiedProperties.displayName)\n| where displayName_ =~ \"Role.DisplayName\"\n| extend RoleName = tostring(parse_json(tostring(TargetResources_modifiedProperties.newValue)))\n| where RoleName contains \"Admin\"\n| extend InitiatingApp = tostring(parse_json(tostring(InitiatedBy.app)).displayName)\n| extend Initiator = iif(isnotempty(InitiatingApp), InitiatingApp, tostring(parse_json(tostring(InitiatedBy.user)).userPrincipalName))\n| extend Target = tostring(TargetResources.userPrincipalName)\n| summarize by bin(TimeGenerated, 1h), OperationName,  RoleName, Target, Initiator, Result\n| extend InitiatorName=split(Initiator, \"@\")[0], InitiatorUPNSuffix=split(Initiator, \"@\")[1]\n| extend TargetName=split(Target, \"@\")[0], TargetUPNSuffix=split(Target, \"@\")[1]\n",
                "queryFrequency": "PT2H",
                "queryPeriod": "PT2H",
                "severity": "High",
                "suppressionDuration": "PT1H",
                "suppressionEnabled": false,
                "triggerOperator": "GreaterThan",
                "triggerThreshold": 0,
                "status": "Available",
                "requiredDataConnectors": [
                  {
                    "dataTypes": [
                      "AuditLogs"
                    ],
                    "connectorId": "AzureActiveDirectory"
                  }
                ],
                "tactics": [
                  "Persistence"
                ],
                "subTechniques": [
                  "T1078.004"
                ],
                "techniques": [
                  "T1078"
                ],
                "entityMappings": [
                  {
                    "entityType": "Account",
                    "fieldMappings": [
                      {
                        "identifier": "Name",
                        "columnName": "InitiatorName"
                      },
                      {
                        "identifier": "UPNSuffix",
                        "columnName": "InitiatorUPNSuffix"
                      }
                    ]
                  },
                  {
                    "entityType": "Account",
                    "fieldMappings": [
                      {
                        "identifier": "Name",
                        "columnName": "TargetName"
                      },
                      {
                        "identifier": "UPNSuffix",
                        "columnName": "TargetUPNSuffix"
                      }
                    ]
                  }
                ]
              }
            },
            {
              "type": "Microsoft.OperationalInsights/workspaces/providers/metadata",
              "apiVersion": "2022-01-01-preview",
              "name": "[concat(parameters('workspace'),'/Microsoft.SecurityInsights/',concat('AnalyticsRule-', last(split(variables('analyticRuleObject6').analyticRuleId6,'/'))))]",
              "properties": {
                "description": "SecurityThreatEssentialSolution Analytics Rule 6",
                "parentId": "[variables('analyticRuleObject6').analyticRuleId6]",
                "contentId": "[variables('analyticRuleObject6')._analyticRulecontentId6]",
                "kind": "AnalyticsRule",
                "version": "[variables('analyticRuleObject6').analyticRuleVersion6]",
                "source": {
                  "kind": "Solution",
                  "name": "SecurityThreatEssentialSolution",
                  "sourceId": "[variables('_solutionId')]"
                },
                "author": {
                  "name": "Microsoft Corporation",
                  "email": "[variables('_email')]"
                },
                "support": {
                  "name": "Microsoft Corporation",
                  "email": "support@microsoft.com",
                  "tier": "Microsoft",
                  "link": "https://support.microsoft.com"
                }
              }
            }
          ]
        },
        "packageKind": "Solution",
        "packageVersion": "[variables('_solutionVersion')]",
        "packageName": "[variables('_solutionName')]",
        "packageId": "[variables('_solutionId')]",
        "contentSchemaVersion": "3.0.0",
        "contentId": "[variables('analyticRuleObject6')._analyticRulecontentId6]",
        "contentKind": "AnalyticsRule",
        "displayName": "Threat Essentials - User Assigned Privileged Role",
        "contentProductId": "[variables('analyticRuleObject6')._analyticRulecontentProductId6]",
        "id": "[variables('analyticRuleObject6')._analyticRulecontentProductId6]",
        "version": "[variables('analyticRuleObject6').analyticRuleVersion6]"
      }
    },
    {
      "type": "Microsoft.OperationalInsights/workspaces/providers/contentTemplates",
      "apiVersion": "2023-04-01-preview",
      "name": "[variables('analyticRuleObject7').analyticRuleTemplateSpecName7]",
      "location": "[parameters('workspace-location')]",
      "dependsOn": [
        "[extensionResourceId(resourceId('Microsoft.OperationalInsights/workspaces', parameters('workspace')), 'Microsoft.SecurityInsights/contentPackages', variables('_solutionId'))]"
      ],
      "properties": {
        "description": "PossibleAiTMPhishingAttemptAgainstAAD_AnalyticalRules Analytics Rule with template version 3.0.2",
        "mainTemplate": {
          "$schema": "https://schema.management.azure.com/schemas/2019-04-01/deploymentTemplate.json#",
          "contentVersion": "[variables('analyticRuleObject7').analyticRuleVersion7]",
          "parameters": {},
          "variables": {},
          "resources": [
            {
              "type": "Microsoft.SecurityInsights/AlertRuleTemplates",
              "name": "[variables('analyticRuleObject7')._analyticRulecontentId7]",
              "apiVersion": "2023-02-01-preview",
              "kind": "Scheduled",
              "location": "[parameters('workspace-location')]",
              "properties": {
                "description": "Threat actors may attempt to phish users in order to hijack a users sign-in session, and skip the authentication process even if the user had enabled multifactor authentication (MFA) by stealing and replaying stolen credentials and session cookies.\nThis detection looks for successful Microsoft Entra ID sign ins that had a high risk profile, indicating it had suspicious characteristics such as an unusual location, ISP, user agent, or use of anonymizer services.\nIt then looks for a network connection to the IP address that made the sign in immediately before the sign in, that may indicate a user connecting to a phishing site at that IP address and having their authentication session hijacked.\nRef: https://www.microsoft.com/security/blog/2022/07/12/from-cookie-theft-to-bec-attackers-use-aitm-phishing-sites-as-entry-point-to-further-financial-fraud/",
                "displayName": "Possible AiTM Phishing Attempt Against Microsoft Entra ID",
                "enabled": false,
                "query": "let time_threshold = 10m;\nlet RiskySignins = materialize (SigninLogs\n| where TimeGenerated > ago(1d)\n| where ResultType == 0\n| where RiskLevelDuringSignIn =~ \"high\" or RiskLevelAggregated =~ \"high\"\n| extend SignInTime = TimeGenerated, Name=split(UserPrincipalName, \"@\")[0], UPNSuffix=split(UserPrincipalName, \"@\")[1]);\nlet ips = todynamic(toscalar(RiskySignins | summarize make_list(IPAddress)));\nRiskySignins\n| join kind=inner (_Im_WebSession(starttime=ago(1d), ipaddr_has_any_prefix=ips, eventresult=\"Success\", pack=True))\non $left.IPAddress == $right.DstIpAddr\n| where EventStartTime < TimeGenerated\n| extend TimeDelta = TimeGenerated - EventStartTime\n| where TimeDelta <= time_threshold\n| extend NetworkEventStartTime = EventStartTime, NetworkEventEndTime = EventEndTime\n| extend SrcUsername = column_ifexists(\"SrcUsername\", \"Unknown\")\n| project-reorder SignInTime, UserPrincipalName, IPAddress, AppDisplayName, ClientAppUsed, DeviceDetail, LocationDetails, NetworkLocationDetails, RiskEventTypes, UserAgent, NetworkEventStartTime, NetworkEventEndTime, SrcIpAddr, DstIpAddr, DstPortNumber, Dvc, DvcHostname, SrcBytes, NetworkProtocol, SrcUsername\n",
                "queryFrequency": "PT1H",
                "queryPeriod": "P1D",
                "severity": "Medium",
                "suppressionDuration": "PT1H",
                "suppressionEnabled": false,
                "triggerOperator": "GreaterThan",
                "triggerThreshold": 0,
                "status": "Available",
                "requiredDataConnectors": [
                  {
                    "dataTypes": [
                      "SigninLogs"
                    ],
                    "connectorId": "AzureActiveDirectory"
                  },
                  {
                    "dataTypes": [
                      "CommonSecurityLog (Zscaler)"
                    ],
                    "connectorId": "Zscaler"
                  }
                ],
                "tactics": [
                  "InitialAccess",
                  "DefenseEvasion",
                  "CredentialAccess"
                ],
                "subTechniques": [
                  "T1078.004"
                ],
                "techniques": [
                  "T1078",
                  "T1557",
                  "T1111"
                ],
                "entityMappings": [
                  {
                    "entityType": "Account",
                    "fieldMappings": [
                      {
                        "identifier": "Name",
                        "columnName": "Name"
                      },
                      {
                        "identifier": "UPNSuffix",
                        "columnName": "UPNSuffix"
                      }
                    ]
                  },
                  {
                    "entityType": "IP",
                    "fieldMappings": [
                      {
                        "identifier": "Address",
                        "columnName": "IPAddress"
                      }
                    ]
                  }
                ],
                "alertDetailsOverride": {
                  "alertDescriptionFormat": "Threat actors may attempt to phish users in order to hijack a users sign-in session, and skip the authentication process even if the user had enabled multifactor authentication (MFA) by stealing and replaying stolen credentials and session cookies.\nThis detection looks for successful Microsoft Entra ID sign ins (in this case from {{UserPrincipalName}}) that had a high risk profile, indicating it had suspicious characteristics such as an unusual location, ISP, user agent, or use of anonymizer services.\nIt then looks for a network connection to the IP address (in this case {{IPAddress}}) that made the sign in immediately before the sign in, that may indicate a user connecting to a phishing site at that IP address and having their authentication session hijacked.\nRef: https://www.microsoft.com/security/blog/2022/07/12/from-cookie-theft-to-bec-attackers-use-aitm-phishing-sites-as-entry-point-to-further-financial-fraud/\n",
                  "alertDisplayNameFormat": "Possible AiTM Phishing Attempt Against {{UserPrincipalName}} From {{IPAddress}}"
                }
              }
            },
            {
              "type": "Microsoft.OperationalInsights/workspaces/providers/metadata",
              "apiVersion": "2022-01-01-preview",
              "name": "[concat(parameters('workspace'),'/Microsoft.SecurityInsights/',concat('AnalyticsRule-', last(split(variables('analyticRuleObject7').analyticRuleId7,'/'))))]",
              "properties": {
                "description": "SecurityThreatEssentialSolution Analytics Rule 7",
                "parentId": "[variables('analyticRuleObject7').analyticRuleId7]",
                "contentId": "[variables('analyticRuleObject7')._analyticRulecontentId7]",
                "kind": "AnalyticsRule",
                "version": "[variables('analyticRuleObject7').analyticRuleVersion7]",
                "source": {
                  "kind": "Solution",
                  "name": "SecurityThreatEssentialSolution",
                  "sourceId": "[variables('_solutionId')]"
                },
                "author": {
                  "name": "Microsoft Corporation",
                  "email": "[variables('_email')]"
                },
                "support": {
                  "name": "Microsoft Corporation",
                  "email": "support@microsoft.com",
                  "tier": "Microsoft",
                  "link": "https://support.microsoft.com"
                }
              }
            }
          ]
        },
        "packageKind": "Solution",
        "packageVersion": "[variables('_solutionVersion')]",
        "packageName": "[variables('_solutionName')]",
        "packageId": "[variables('_solutionId')]",
        "contentSchemaVersion": "3.0.0",
        "contentId": "[variables('analyticRuleObject7')._analyticRulecontentId7]",
        "contentKind": "AnalyticsRule",
        "displayName": "Possible AiTM Phishing Attempt Against Microsoft Entra ID",
        "contentProductId": "[variables('analyticRuleObject7')._analyticRulecontentProductId7]",
        "id": "[variables('analyticRuleObject7')._analyticRulecontentProductId7]",
        "version": "[variables('analyticRuleObject7').analyticRuleVersion7]"
      }
    },
    {
      "type": "Microsoft.OperationalInsights/workspaces/providers/contentTemplates",
      "apiVersion": "2023-04-01-preview",
      "name": "[variables('huntingQueryObject1').huntingQueryTemplateSpecName1]",
      "location": "[parameters('workspace-location')]",
      "dependsOn": [
        "[extensionResourceId(resourceId('Microsoft.OperationalInsights/workspaces', parameters('workspace')), 'Microsoft.SecurityInsights/contentPackages', variables('_solutionId'))]"
      ],
      "properties": {
        "description": "Signins-from-NordVPN-Providers_HuntingQueries Hunting Query with template version 3.0.2",
        "mainTemplate": {
          "$schema": "https://schema.management.azure.com/schemas/2019-04-01/deploymentTemplate.json#",
          "contentVersion": "[variables('huntingQueryObject1').huntingQueryVersion1]",
          "parameters": {},
          "variables": {},
          "resources": [
            {
              "type": "Microsoft.OperationalInsights/savedSearches",
              "apiVersion": "2022-10-01",
              "name": "SecurityThreatEssentialSolution_Hunting_Query_1",
              "location": "[parameters('workspace-location')]",
              "properties": {
                "eTag": "*",
                "displayName": "Threat Essentials - Signins from Nord VPN Providers",
                "category": "Hunting Queries",
                "query": "let nord_vpn_feed = (externaldata(id:int,ip_address: string,search_keywords: dynamic,categories:dynamic,name: string,domain:string,price:int,flag:string,country:string,location:dynamic ,load: int ,features:dynamic)\n  [@\"https://raw.githubusercontent.com/microsoft/mstic/master/nordvpn-servers.csv\"] with (format=\"csv\", ignoreFirstRecord=True));\nSigninLogs\n  | where ResultType == 0 \n  | summarize TotalEvents = count(), AppList = make_set(AppDisplayName,100),  StartTime = min(TimeGenerated), EndTime = max(TimeGenerated) by IPAddress, UserPrincipalName, ClientAppUsed, ConditionalAccessStatus, AuthenticationRequirement, RiskDetail \n  | join kind= inner nord_vpn_feed on $left.IPAddress == $right.ip_address\n  | project StartTime , EndTime, IPAddress, UserPrincipalName, AppList, ClientAppUsed, ConditionalAccessStatus, AuthenticationRequirement, RiskDetail, categories, domain, country\n  | extend Name = tostring(split(UserPrincipalName,'@',0)[0]), UPNSuffix = tostring(split(UserPrincipalName,'@',1)[0])\n  | extend Account_0_Name = Name\n  | extend Account_0_UPNSuffix = UPNSuffix\n  | extend IP_0_Address = IPAddress\n",
                "version": 2,
                "tags": [
                  {
                    "name": "description",
                    "value": "This query looks for sign-in activity from NordVPN providers using the public feed leveraging the NordVPN API. Investigation of any unknown sign-in attempts from VPN providers such as Nord VPN unless it is commonly seen from users in the organization"
                  },
                  {
                    "name": "tactics",
                    "value": "InitialAccess"
                  },
                  {
                    "name": "techniques",
                    "value": "T1078"
                  }
                ]
              }
            },
            {
              "type": "Microsoft.OperationalInsights/workspaces/providers/metadata",
              "apiVersion": "2022-01-01-preview",
              "name": "[concat(parameters('workspace'),'/Microsoft.SecurityInsights/',concat('HuntingQuery-', last(split(resourceId('Microsoft.OperationalInsights/savedSearches', variables('huntingQueryObject1')._huntingQuerycontentId1),'/'))))]",
              "properties": {
                "description": "SecurityThreatEssentialSolution Hunting Query 1",
                "parentId": "[resourceId('Microsoft.OperationalInsights/savedSearches', variables('huntingQueryObject1')._huntingQuerycontentId1)]",
                "contentId": "[variables('huntingQueryObject1')._huntingQuerycontentId1]",
                "kind": "HuntingQuery",
                "version": "[variables('huntingQueryObject1').huntingQueryVersion1]",
                "source": {
                  "kind": "Solution",
                  "name": "SecurityThreatEssentialSolution",
                  "sourceId": "[variables('_solutionId')]"
                },
                "author": {
                  "name": "Microsoft Corporation",
                  "email": "[variables('_email')]"
                },
                "support": {
                  "name": "Microsoft Corporation",
                  "email": "support@microsoft.com",
                  "tier": "Microsoft",
                  "link": "https://support.microsoft.com"
                }
              }
            }
          ]
        },
        "packageKind": "Solution",
        "packageVersion": "[variables('_solutionVersion')]",
        "packageName": "[variables('_solutionName')]",
        "packageId": "[variables('_solutionId')]",
        "contentSchemaVersion": "3.0.0",
        "contentId": "[variables('huntingQueryObject1')._huntingQuerycontentId1]",
        "contentKind": "HuntingQuery",
        "displayName": "Threat Essentials - Signins from Nord VPN Providers",
        "contentProductId": "[concat(take(variables('_solutionId'),50),'-','hq','-', uniqueString(concat(variables('_solutionId'),'-','HuntingQuery','-',variables('huntingQueryObject1')._huntingQuerycontentId1,'-', '2.0.1')))]",
        "id": "[concat(take(variables('_solutionId'),50),'-','hq','-', uniqueString(concat(variables('_solutionId'),'-','HuntingQuery','-',variables('huntingQueryObject1')._huntingQuerycontentId1,'-', '2.0.1')))]",
        "version": "2.0.1"
      }
    },
    {
      "type": "Microsoft.OperationalInsights/workspaces/providers/contentTemplates",
      "apiVersion": "2023-04-01-preview",
      "name": "[variables('huntingQueryObject2').huntingQueryTemplateSpecName2]",
      "location": "[parameters('workspace-location')]",
      "dependsOn": [
        "[extensionResourceId(resourceId('Microsoft.OperationalInsights/workspaces', parameters('workspace')), 'Microsoft.SecurityInsights/contentPackages', variables('_solutionId'))]"
      ],
      "properties": {
        "description": "Signins-From-VPS-Providers_HuntingQueries Hunting Query with template version 3.0.2",
        "mainTemplate": {
          "$schema": "https://schema.management.azure.com/schemas/2019-04-01/deploymentTemplate.json#",
          "contentVersion": "[variables('huntingQueryObject2').huntingQueryVersion2]",
          "parameters": {},
          "variables": {},
          "resources": [
            {
              "type": "Microsoft.OperationalInsights/savedSearches",
              "apiVersion": "2022-10-01",
              "name": "SecurityThreatEssentialSolution_Hunting_Query_2",
              "location": "[parameters('workspace-location')]",
              "properties": {
                "eTag": "*",
                "displayName": "Threat Essentials - Signins From VPS Providers",
                "category": "Hunting Queries",
                "query": "let IP_Data = (externaldata(network:string)\n[@\"https://raw.githubusercontent.com/Azure/Azure-Sentinel/master/Sample%20Data/Feeds/VPS_Networks.csv\"] with (format=\"csv\"));\nSigninLogs\n| where ResultType == 0\n| extend additionalDetails = tostring(Status.additionalDetails)\n| evaluate ipv4_lookup(IP_Data, IPAddress, network, return_unmatched = false)\n| summarize make_set(additionalDetails,100), StartTime = min(TimeGenerated), EndTime = max(TimeGenerated) by IPAddress, UserPrincipalName\n// Uncomment the remaining lines to only see logons from VPS providers with token only logons.\n//| where array_length(set_additionalDetails) == 2\n//| where (set_additionalDetails[1] =~ \"MFA requirement satisfied by claim in the token\" and set_additionalDetails[0] =~ \"MFA requirement satisfied by claim provided by external provider\") or (set_additionalDetails[0] =~ \"MFA requirement satisfied by claim in the token\" and set_additionalDetails[1] =~ \"MFA requirement satisfied by claim provided by external provider\")\n| extend Name = tostring(split(UserPrincipalName,'@',0)[0]), UPNSuffix = tostring(split(UserPrincipalName,'@',1)[0])\n| extend Account_0_Name = Name\n| extend Account_0_UPNSuffix = UPNSuffix\n| extend IP_0_Address = IPAddress\n",
                "version": 2,
                "tags": [
                  {
                    "name": "description",
                    "value": "Look for successful logons from known VPS provider network ranges with suspicious token-based logon patterns. This is not an exhaustive list of VPS provider ranges, but it covers some of the most prevalent providers observed."
                  },
                  {
                    "name": "tactics",
                    "value": "InitialAccess"
                  },
                  {
                    "name": "techniques",
                    "value": "T1078"
                  }
                ]
              }
            },
            {
              "type": "Microsoft.OperationalInsights/workspaces/providers/metadata",
              "apiVersion": "2022-01-01-preview",
              "name": "[concat(parameters('workspace'),'/Microsoft.SecurityInsights/',concat('HuntingQuery-', last(split(resourceId('Microsoft.OperationalInsights/savedSearches', variables('huntingQueryObject2')._huntingQuerycontentId2),'/'))))]",
              "properties": {
                "description": "SecurityThreatEssentialSolution Hunting Query 2",
                "parentId": "[resourceId('Microsoft.OperationalInsights/savedSearches', variables('huntingQueryObject2')._huntingQuerycontentId2)]",
                "contentId": "[variables('huntingQueryObject2')._huntingQuerycontentId2]",
                "kind": "HuntingQuery",
                "version": "[variables('huntingQueryObject2').huntingQueryVersion2]",
                "source": {
                  "kind": "Solution",
                  "name": "SecurityThreatEssentialSolution",
                  "sourceId": "[variables('_solutionId')]"
                },
                "author": {
                  "name": "Microsoft Corporation",
                  "email": "[variables('_email')]"
                },
                "support": {
                  "name": "Microsoft Corporation",
                  "email": "support@microsoft.com",
                  "tier": "Microsoft",
                  "link": "https://support.microsoft.com"
                }
              }
            }
          ]
        },
        "packageKind": "Solution",
        "packageVersion": "[variables('_solutionVersion')]",
        "packageName": "[variables('_solutionName')]",
        "packageId": "[variables('_solutionId')]",
        "contentSchemaVersion": "3.0.0",
        "contentId": "[variables('huntingQueryObject2')._huntingQuerycontentId2]",
        "contentKind": "HuntingQuery",
        "displayName": "Threat Essentials - Signins From VPS Providers",
        "contentProductId": "[concat(take(variables('_solutionId'),50),'-','hq','-', uniqueString(concat(variables('_solutionId'),'-','HuntingQuery','-',variables('huntingQueryObject2')._huntingQuerycontentId2,'-', '2.0.1')))]",
        "id": "[concat(take(variables('_solutionId'),50),'-','hq','-', uniqueString(concat(variables('_solutionId'),'-','HuntingQuery','-',variables('huntingQueryObject2')._huntingQuerycontentId2,'-', '2.0.1')))]",
        "version": "2.0.1"
      }
    },
    {
      "type": "Microsoft.OperationalInsights/workspaces/providers/contentPackages",
      "apiVersion": "2023-04-01-preview",
      "location": "[parameters('workspace-location')]",
      "properties": {
        "version": "3.0.2",
        "kind": "Solution",
        "contentSchemaVersion": "3.0.0",
        "displayName": "SecurityThreatEssentialSolution",
        "publisherDisplayName": "Microsoft Sentinel, Microsoft Corporation",
        "descriptionHtml": "<p><strong>Note:</strong> Please refer to the following before installing the solution:</p>\n<p>• Review the solution <a href=\"https://github.com/Azure/Azure-Sentinel/tree/master/Solutions/SecurityThreatEssentialSolution/ReleaseNotes.md\">Release Notes</a></p>\n<p>• There may be <a href=\"https://aka.ms/sentinelsolutionsknownissues\">known issues</a> pertaining to this Solution, please refer to them before installing.</p>\n<p>This solution published by Microsoft is based on the continuous evaluation of threat campaigns and provides out-of-the-box security content that helps you to enhance your security posture.\nThis solution leverages the following tables:</p>\n<p>• AuditLogs</p>\n<p>• AzureActivity</p>\n<p>• CommonSecurityLog</p>\n<p>• OfficeActivity</p>\n<p>• SigninLogs</p>\n<p>• VMConnection</p>\n<p><strong>Analytic Rules:</strong> 7, <strong>Hunting Queries:</strong> 2</p>\n<p><a href=\"https://aka.ms/azuresentinel\">Learn more about Microsoft Sentinel</a> | <a href=\"https://aka.ms/azuresentinelsolutionsdoc\">Learn more about Solutions</a></p>\n",
        "contentKind": "Solution",
        "contentProductId": "[variables('_solutioncontentProductId')]",
        "id": "[variables('_solutioncontentProductId')]",
        "icon": "<img src=\"https://raw.githubusercontent.com/Azure/Azure-Sentinel/master/Logos/Azure_Sentinel.svg\" width=\"75px\" height=\"75px\">",
        "contentId": "[variables('_solutionId')]",
        "parentId": "[variables('_solutionId')]",
        "source": {
          "kind": "Solution",
          "name": "SecurityThreatEssentialSolution",
          "sourceId": "[variables('_solutionId')]"
        },
        "author": {
          "name": "Microsoft Corporation",
          "email": "[variables('_email')]"
        },
        "support": {
          "name": "Microsoft Corporation",
          "email": "support@microsoft.com",
          "tier": "Microsoft",
          "link": "https://support.microsoft.com"
        },
        "dependencies": {
          
          "criteria": [
            {
              "kind": "AnalyticsRule",
              "contentId": "[variables('analyticRuleObject1')._analyticRulecontentId1]",
              "version": "[variables('analyticRuleObject1').analyticRuleVersion1]"
            },
            {
              "kind": "AnalyticsRule",
              "contentId": "[variables('analyticRuleObject2')._analyticRulecontentId2]",
              "version": "[variables('analyticRuleObject2').analyticRuleVersion2]"
            },
            {
              "kind": "AnalyticsRule",
              "contentId": "[variables('analyticRuleObject3')._analyticRulecontentId3]",
              "version": "[variables('analyticRuleObject3').analyticRuleVersion3]"
            },
            {
              "kind": "AnalyticsRule",
              "contentId": "[variables('analyticRuleObject4')._analyticRulecontentId4]",
              "version": "[variables('analyticRuleObject4').analyticRuleVersion4]"
            },
            {
              "kind": "AnalyticsRule",
              "contentId": "[variables('analyticRuleObject5')._analyticRulecontentId5]",
              "version": "[variables('analyticRuleObject5').analyticRuleVersion5]"
            },
            {
              "kind": "AnalyticsRule",
              "contentId": "[variables('analyticRuleObject6')._analyticRulecontentId6]",
              "version": "[variables('analyticRuleObject6').analyticRuleVersion6]"
            },
            {
              "kind": "AnalyticsRule",
              "contentId": "[variables('analyticRuleObject7')._analyticRulecontentId7]",
              "version": "[variables('analyticRuleObject7').analyticRuleVersion7]"
            },
            {
              "kind": "HuntingQuery",
              "contentId": "[variables('huntingQueryObject1')._huntingQuerycontentId1]",
              "version": "[variables('huntingQueryObject1').huntingQueryVersion1]"
            },
            {
              "kind": "HuntingQuery",
              "contentId": "[variables('huntingQueryObject2')._huntingQuerycontentId2]",
              "version": "[variables('huntingQueryObject2').huntingQueryVersion2]"
            },
            {
              "kind": "Solution",
              "contentId": "azuresentinel.azure-sentinel-solution-azureactivedirectory"
            },
            {
              "kind": "Solution",
              "contentId": "azuresentinel.azure-sentinel-solution-office365"
            },
            {
              "kind": "Solution",
              "contentId": "azuresentinel.azure-sentinel-solution-azureactivity"
            },
            {
              "kind": "Solution",
              "contentId": "azuresentinel.azure-sentinel-solution-ciscoasa"
            },
            {
              "kind": "Solution",
              "contentId": "azuresentinel.azure-sentinel-solution-paloaltopanos"
            },
            {
              "kind": "Solution",
              "contentId": "zscaler1579058425289.zscaler_internet_access_mss"
            }
          ]
        },
        "firstPublishDate": "2022-03-30",
        "providers": [
          "Microsoft"
        ],
        "categories": {
          "domains": [
            "Security - Others"
          ]
        }
      },
      "name": "[concat(parameters('workspace'),'/Microsoft.SecurityInsights/', variables('_solutionId'))]"
    }
  ],
  "outputs": {}
}
