{
  "$schema": "https://schema.management.azure.com/schemas/0.1.2-preview/CreateUIDefinition.MultiVm.json#",
  "handler": "Microsoft.Azure.CreateUIDef",
  "version": "0.1.2-preview",
  "parameters": {
    "config": {
      "isWizard": false,
      "basics": {
        "description": "<img src=\"https://raw.githubusercontent.com/Azure/Azure-Sentinel/master/Logos/Azure_Sentinel.svg\" width=\"75px\" height=\"75px\">\n\n**Note:** Please refer to the following before installing the solution: \r \n • Review the solution [Release Notes](https://github.com/Azure/Azure-Sentinel/tree/master/Solutions/Cloud%20Identity%20Threat%20Protection%20Essentials/ReleaseNotes.md)\r \n • There may be [known issues](https://aka.ms/sentinelsolutionsknownissues) pertaining to this Solution, please refer to them before installing.\n\nAs more and more companies move to the cloud - attacks to the cloud identity system are becoming more commonplace. The **Cloud Identity Threat Protection Essentials** solution looks for most common cloud focused identity attacks such as Suspicious Sign-ins, privilege grants, MFA disable etc. Rapid detection of these attacks can enable organizations to respond faster and stop them from progressing further.\r\n \r\n**Pre-requisites:**\r\n \r\nThis is a [domain solution](https://learn.microsoft.com/en-us/azure/sentinel/sentinel-solutions-catalog#domain-solutions) and does not include any data connectors. The content in this solution supports the connectors listed below. Install one or more of the listed solutions, to unlock the value provided by this solution.\r\n \r\n 1. Microsoft Entra ID\r\n \r\n 2. Amazon Web Services\r\n \r\n 3. Microsoft Entra ID Identity Protection\r\n \r\n**Keywords:** MFA, Nord VPN, VPS, Disabled Account, Suspicious Sign-in, Service principal\n\n**Analytic Rules:** 2, **Hunting Queries:** 8\n\n[Learn more about Microsoft Sentinel](https://aka.ms/azuresentinel) | [Learn more about Solutions](https://aka.ms/azuresentinelsolutionsdoc)",
        "subscription": {
          "resourceProviders": [
            "Microsoft.OperationsManagement/solutions",
            "Microsoft.OperationalInsights/workspaces/providers/alertRules",
            "Microsoft.Insights/workbooks",
            "Microsoft.Logic/workflows"
          ]
        },
        "location": {
          "metadata": {
            "hidden": "Hiding location, we get it from the log analytics workspace"
          },
          "visible": false
        },
        "resourceGroup": {
          "allowExisting": true
        }
      }
    },
    "basics": [
      {
        "name": "getLAWorkspace",
        "type": "Microsoft.Solutions.ArmApiControl",
        "toolTip": "This filters by workspaces that exist in the Resource Group selected",
        "condition": "[greater(length(resourceGroup().name),0)]",
        "request": {
          "method": "GET",
          "path": "[concat(subscription().id,'/providers/Microsoft.OperationalInsights/workspaces?api-version=2020-08-01')]"
        }
      },
      {
        "name": "workspace",
        "type": "Microsoft.Common.DropDown",
        "label": "Workspace",
        "placeholder": "Select a workspace",
        "toolTip": "This dropdown will list only workspace that exists in the Resource Group selected",
        "constraints": {
          "allowedValues": "[map(filter(basics('getLAWorkspace').value, (filter) => contains(toLower(filter.id), toLower(resourceGroup().name))), (item) => parse(concat('{\"label\":\"', item.name, '\",\"value\":\"', item.name, '\"}')))]",
          "required": true
        },
        "visible": true
      }
    ],
    "steps": [
      {
        "name": "analytics",
        "label": "Analytics",
        "subLabel": {
          "preValidation": "Configure the analytics",
          "postValidation": "Done"
        },
        "bladeTitle": "Analytics",
        "elements": [
          {
            "name": "analytics-text",
            "type": "Microsoft.Common.TextBlock",
            "options": {
              "text": "This solution installs the following analytic rule templates. After installing the solution, create and enable analytic rules in Manage solution view."
            }
          },
          {
            "name": "analytics-link",
            "type": "Microsoft.Common.TextBlock",
            "options": {
              "link": {
                "label": "Learn more",
                "uri": "https://docs.microsoft.com/azure/sentinel/tutorial-detect-threats-custom?WT.mc_id=Portal-Microsoft_Azure_CreateUIDef"
              }
            }
          },
          {
            "name": "analytic1",
            "type": "Microsoft.Common.Section",
            "label": "Multi-Factor Authentication Disabled for a User",
            "elements": [
              {
                "name": "analytic1-text",
                "type": "Microsoft.Common.TextBlock",
                "options": {
                  "text": "Multi-Factor Authentication (MFA) helps prevent credential compromise. This alert identifies when an attempt has been made to deactivate MFA for a user."
                }
              }
            ]
          },
          {
            "name": "analytic2",
            "type": "Microsoft.Common.Section",
            "label": "New External User Granted Admin Role",
            "elements": [
              {
                "name": "analytic2-text",
                "type": "Microsoft.Common.TextBlock",
                "options": {
                  "text": "This query will detect instances where a newly invited external user is granted an administrative role. By default this query\nwill alert on any granted administrative role, however this can be modified using the roles variable if false positives occur\nin your environment. The maximum delta between invite and escalation to admin is 60 minues, this can be configured using the \ndeltaBetweenInviteEscalation variable."
                }
              }
            ]
          }
        ]
      },
      {
        "name": "huntingqueries",
        "label": "Hunting Queries",
        "bladeTitle": "Hunting Queries",
        "elements": [
          {
            "name": "huntingqueries-text",
            "type": "Microsoft.Common.TextBlock",
            "options": {
              "text": "This solution installs the following hunting queries. After installing the solution, run these hunting queries to hunt for threats in Manage solution view. "
            }
          },
          {
            "name": "huntingqueries-link",
            "type": "Microsoft.Common.TextBlock",
            "options": {
              "link": {
                "label": "Learn more",
                "uri": "https://docs.microsoft.com/azure/sentinel/hunting"
              }
            }
          },
          {
            "name": "huntingquery1",
            "type": "Microsoft.Common.Section",
            "label": "Suspicious Sign-ins to Privileged Account",
            "elements": [
              {
                "name": "huntingquery1-text",
                "type": "Microsoft.Common.TextBlock",
                "options": {
                  "text": "This query identifies sign-ins from non-compliant or MFA-less devices to privileged accounts using a pre-built watchlist. Microsoft Sentinel offers customizable watchlist templates for your environment. This hunting query depends on AzureActiveDirectory BehaviorAnalytics BehaviorAnalytics data connector (SigninLogs BehaviorAnalytics IdentityInfo Parser or Table)"
                }
              }
            ]
          },
          {
            "name": "huntingquery2",
            "type": "Microsoft.Common.Section",
            "label": "Detect Disabled Account Sign-in Attempts by IP Address",
            "elements": [
              {
                "name": "huntingquery2-text",
                "type": "Microsoft.Common.TextBlock",
                "options": {
                  "text": "This query searches for failed sign-in attempts to disabled accounts summarized by the IP originating IP address. This hunting query depends on AzureActiveDirectory data connector (SigninLogs Parser or Table)"
                }
              }
            ]
          },
          {
            "name": "huntingquery3",
            "type": "Microsoft.Common.Section",
            "label": "Detect Disabled Account Sign-in Attempts by Account Name",
            "elements": [
              {
                "name": "huntingquery3-text",
                "type": "Microsoft.Common.TextBlock",
                "options": {
                  "text": "This query searches for failed attempts to sign-in to disabled accounts summarized by account name.\n This query has also been updated to include UEBA logs IdentityInfo and BehaviorAnalytics for contextual information around the results. This hunting query depends on AzureActiveDirectory BehaviorAnalytics data connector (SigninLogs IdentityInfo Parser or Table)"
                }
              }
            ]
          },
          {
            "name": "huntingquery4",
            "type": "Microsoft.Common.Section",
            "label": "Sign-ins from Nord VPN Providers",
            "elements": [
              {
                "name": "huntingquery4-text",
                "type": "Microsoft.Common.TextBlock",
                "options": {
                  "text": "This query tracks sign-ins via Nord VPN using a daily-updated API. Investigate unfamiliar sign-ins from VPNs unless common in your organization. It now includes UEBA logs IdentityInfo and BehaviorAnalytics for context. This hunting query depends on AzureActiveDirectory BehaviorAnalytics BehaviorAnalytics data connector (SigninLogs BehaviorAnalytics IdentityInfo Parser or Table)"
                }
              }
            ]
          },
          {
            "name": "huntingquery5",
            "type": "Microsoft.Common.Section",
            "label": "Sign-ins From VPS Providers",
            "elements": [
              {
                "name": "huntingquery5-text",
                "type": "Microsoft.Common.TextBlock",
                "options": {
                  "text": "This query finds successful logons from known VPS providers with suspicious token patterns. It's not exhaustive but covers prevalent providers. Now includes UEBA logs IdentityInfo and BehaviorAnalytics for context. This hunting query depends on AzureActiveDirectory BehaviorAnalytics BehaviorAnalytics data connector (SigninLogs BehaviorAnalytics IdentityInfo Parser or Table)"
                }
              }
            ]
          },
          {
            "name": "huntingquery6",
            "type": "Microsoft.Common.Section",
            "label": "User Granted Access and Grants Access to Other Users",
            "elements": [
              {
                "name": "huntingquery6-text",
                "type": "Microsoft.Common.TextBlock",
                "options": {
                  "text": "This query identifies when a new user is granted access and starts granting access to other users.  This can help you identify rogue or malicious user behavior. This hunting query depends on AzureActiveDirectory data connector (AuditLogs Parser or Table)"
                }
              }
            ]
          },
          {
            "name": "huntingquery7",
            "type": "Microsoft.Common.Section",
            "label": "Interactive STS refresh token modifications",
            "elements": [
              {
                "name": "huntingquery7-text",
                "type": "Microsoft.Common.TextBlock",
                "options": {
                  "text": "This query monitors STS refresh token changes by Service Principals/Applications excluding DirectorySync. It could be due to admins adjusting tokens or for improved login experience. Includes an allowlist. Analyze for unusual operations. This hunting query depends on AzureActiveDirectory data connector (AuditLogs Parser or Table)"
                }
              }
            ]
          },
          {
            "name": "huntingquery8",
            "type": "Microsoft.Common.Section",
            "label": "Application Granted EWS Permissions",
            "elements": [
              {
                "name": "huntingquery8-text",
                "type": "Microsoft.Common.TextBlock",
                "options": {
                  "text": "This query finds AD applications with EWS permissions to read user mailboxes. Threat actors could misuse these for persistent mailbox access. Ensure these permissions are legitimately granted and necessary. This hunting query depends on AzureActiveDirectory AzureActiveDirectoryIdentityProtection data connector (AuditLogs SecurityAlert (IPC) Parser or Table)"
                }
              }
            ]
          }
        ]
      }
    ],
    "outputs": {
      "workspace-location": "[first(map(filter(basics('getLAWorkspace').value, (filter) => and(contains(toLower(filter.id), toLower(resourceGroup().name)),equals(filter.name,basics('workspace')))), (item) => item.location))]",
      "location": "[location()]",
      "workspace": "[basics('workspace')]"
    }
  }
}
