{
  "$schema": "https://schema.management.azure.com/schemas/2019-04-01/deploymentTemplate.json#",
  "contentVersion": "1.0.0.0",
  "metadata": {
    "author": "Barracuda",
    "comments": "Solution template for Barracuda CloudGen Firewall"
  },
  "parameters": {
    "location": {
      "type": "string",
      "minLength": 1,
      "defaultValue": "[resourceGroup().location]",
      "metadata": {
        "description": "Not used, but needed to pass arm-ttk test `Location-Should-Not-Be-Hardcoded`.  We instead use the `workspace-location` which is derived from the LA workspace"
      }
    },
    "workspace-location": {
      "type": "string",
      "defaultValue": "",
      "metadata": {
        "description": "[concat('Region to deploy solution resources -- separate from location selection',parameters('location'))]"
      }
    },
    "workspace": {
      "defaultValue": "",
      "type": "string",
      "metadata": {
        "description": "Workspace name for Log Analytics where Microsoft Sentinel is setup"
      }
    },
    "workbook1-name": {
      "type": "string",
      "defaultValue": "Barracuda CloudGen FW",
      "minLength": 1,
      "metadata": {
        "description": "Name for the workbook"
      }
    }
  },
  "variables": {
    "solutionId": "microsoftsentinelcommunity.azure-sentinel-solution-barracudacloudgenfirewall",
    "_solutionId": "[variables('solutionId')]",
    "_solutionName": "Barracuda CloudGen Firewall",
    "_solutionVersion": "3.0.0",
    "parserName1": "CGFWFirewallActivity",
    "_parserName1": "[concat(parameters('workspace'),'/',variables('parserName1'))]",
    "parserId1": "[resourceId('Microsoft.OperationalInsights/workspaces/savedSearches', parameters('workspace'), variables('parserName1'))]",
    "_parserId1": "[variables('parserId1')]",
    "parserTemplateSpecName1": "[concat(parameters('workspace'),'/Microsoft.SecurityInsights/',concat(parameters('workspace'),'-pr-',uniquestring(variables('_parserContentId1'))))]",
    "parserVersion1": "1.0.0",
    "parserContentId1": "CGFWFirewallActivity-Parser",
    "_parserContentId1": "[variables('parserContentId1')]",
    "_parsercontentProductId1": "[concat(take(variables('_solutionId'),50),'-','pr','-', uniqueString(concat(variables('_solutionId'),'-','Parser','-',variables('_parserContentId1'),'-', variables('parserVersion1'))))]",
    "workbookVersion1": "1.0.0",
    "workbookContentId1": "BarracudaCloudFirewallWorkbook",
    "workbookId1": "[resourceId('Microsoft.Insights/workbooks', variables('workbookContentId1'))]",
    "workbookTemplateSpecName1": "[concat(parameters('workspace'),'/Microsoft.SecurityInsights/',concat(parameters('workspace'),'-wb-',uniquestring(variables('_workbookContentId1'))))]",
    "_workbookContentId1": "[variables('workbookContentId1')]",
    "workspaceResourceId": "[resourceId('microsoft.OperationalInsights/Workspaces', parameters('workspace'))]",
    "_workbookcontentProductId1": "[concat(take(variables('_solutionId'),50),'-','wb','-', uniqueString(concat(variables('_solutionId'),'-','Workbook','-',variables('_workbookContentId1'),'-', variables('workbookVersion1'))))]",
    "_solutioncontentProductId": "[concat(take(variables('_solutionId'),50),'-','sl','-', uniqueString(concat(variables('_solutionId'),'-','Solution','-',variables('_solutionId'),'-', variables('_solutionVersion'))))]"
  },
  "resources": [
    {
      "type": "Microsoft.OperationalInsights/workspaces/providers/contentTemplates",
      "apiVersion": "2023-04-01-preview",
      "name": "[variables('parserTemplateSpecName1')]",
      "location": "[parameters('workspace-location')]",
      "dependsOn": [
        "[extensionResourceId(resourceId('Microsoft.OperationalInsights/workspaces', parameters('workspace')), 'Microsoft.SecurityInsights/contentPackages', variables('_solutionId'))]"
      ],
      "properties": {
        "description": "CGFWFirewallActivity Data Parser with template version 3.0.0",
        "mainTemplate": {
          "$schema": "https://schema.management.azure.com/schemas/2019-04-01/deploymentTemplate.json#",
          "contentVersion": "[variables('parserVersion1')]",
          "parameters": {},
          "variables": {},
          "resources": [
            {
              "name": "[variables('_parserName1')]",
              "apiVersion": "2022-10-01",
              "type": "Microsoft.OperationalInsights/workspaces/savedSearches",
              "location": "[parameters('workspace-location')]",
              "properties": {
                "eTag": "*",
                "displayName": "Parser for CGFWFirewallActivity",
                "category": "Microsoft Sentinel Parser",
                "functionAlias": "CGFWFirewallActivity",
                "query": "Syslog\n| where ProcessName == \"box_Firewall_Activity\"\n| extend Type = extract(\"type=([\\\\w\\\\s]+)\",1,SyslogMessage)\n, L4Protocol = extract(\"proto=([\\\\w\\\\s]+)\",1,SyslogMessage)\n, SourceInterface = extract(\"srcIF=([\\\\w\\\\s]+)\",1,SyslogMessage)\n, SourceIP = extract(\"srcIP=([\\\\d\\\\.]+)\",1,SyslogMessage)\n, SourcePort = extract(\"srcPort=([\\\\d\\\\s]+)\",1,SyslogMessage)\n, SourceMAC = extract(\"srcMAC=([\\\\w\\\\d:]+)\",1,SyslogMessage)\n, DestinationIP = extract(\"dstIP=([\\\\d\\\\.]+)\",1,SyslogMessage)\n, DestinationPort = extract(\"dstPort=([\\\\w\\\\s]+)\",1,SyslogMessage)\n, DestinationService = extract(\"dstService=([\\\\w\\\\s]+)\",1,SyslogMessage)\n, DestinationInterface = extract(\"dstIF=([\\\\w\\\\s]+)\",1,SyslogMessage)\n, FirewallRule = extract(\"rule=([\\\\w\\\\s\\\\-]+)\",1,SyslogMessage)\n, Info = extract(\"info=([\\\\w\\\\s]+)\",1,SyslogMessage)\n, SourceNAT = extract(\"srcNAT=([\\\\d\\\\.]+)\",1,SyslogMessage)\n, DestinationNAT = extract(\"dstNAT=([\\\\d\\\\.]+)\",1,SyslogMessage)\n, Duration = extract(\"duration=([\\\\d]+)\",1,SyslogMessage)\n, Count = extract(\"count=([\\\\d]+)\",1,SyslogMessage)\n, ReceivedBytes = extract(\"receivedBytes=([\\\\d]+)\",1,SyslogMessage)\n, SentBytes = extract(\"sentBytes=([\\\\d]+)\",1,SyslogMessage)\n, ReceivedPackets = extract(\"receivedPackets=([\\\\d]+)\",1,SyslogMessage)\n, SentPackets = extract(\"sentPackets=([\\\\d]+)\",1,SyslogMessage)\n, User = extract(\"user=([\\\\w\\\\s]+)\",1,SyslogMessage)\n, L7Protocol = extract(\"protocol=([\\\\w\\\\s]+)\",1,SyslogMessage)\n, Application = extract(\"application=([\\\\w\\\\s]+)\",1,SyslogMessage)\n, Target = extract(\"target=([\\\\w\\\\s]+)\",1,SyslogMessage)\n, Content = extract(\"content=([\\\\w\\\\s]+)\",1,SyslogMessage)\n, URLCategory = extract(\"urlcat=([\\\\w\\\\s]+)\",1,SyslogMessage)\n",
                "functionParameters": "",
                "version": 2,
                "tags": [
                  {
                    "name": "description",
                    "value": ""
                  }
                ]
              }
            },
            {
              "type": "Microsoft.OperationalInsights/workspaces/providers/metadata",
              "apiVersion": "2022-01-01-preview",
              "name": "[concat(parameters('workspace'),'/Microsoft.SecurityInsights/',concat('Parser-', last(split(variables('_parserId1'),'/'))))]",
              "dependsOn": [
                "[variables('_parserId1')]"
              ],
              "properties": {
                "parentId": "[resourceId('Microsoft.OperationalInsights/workspaces/savedSearches', parameters('workspace'), variables('parserName1'))]",
                "contentId": "[variables('_parserContentId1')]",
                "kind": "Parser",
                "version": "[variables('parserVersion1')]",
                "source": {
                  "name": "Barracuda CloudGen Firewall",
                  "kind": "Solution",
                  "sourceId": "[variables('_solutionId')]"
                },
                "author": {
                  "name": "Barracuda"
                },
                "support": {
                  "name": "Community",
                  "tier": "Community",
                  "link": "https://github.com/Azure/Azure-Sentinel/issues"
                }
              }
            }
          ]
        },
        "packageKind": "Solution",
        "packageVersion": "[variables('_solutionVersion')]",
        "packageName": "[variables('_solutionName')]",
        "packageId": "[variables('_solutionId')]",
        "contentSchemaVersion": "3.0.0",
        "contentId": "[variables('_parserContentId1')]",
        "contentKind": "Parser",
        "displayName": "Parser for CGFWFirewallActivity",
        "contentProductId": "[variables('_parsercontentProductId1')]",
        "id": "[variables('_parsercontentProductId1')]",
        "version": "[variables('parserVersion1')]"
      }
    },
    {
      "type": "Microsoft.OperationalInsights/workspaces/savedSearches",
      "apiVersion": "2022-10-01",
      "name": "[variables('_parserName1')]",
      "location": "[parameters('workspace-location')]",
      "properties": {
        "eTag": "*",
        "displayName": "Parser for CGFWFirewallActivity",
        "category": "Microsoft Sentinel Parser",
        "functionAlias": "CGFWFirewallActivity",
        "query": "Syslog\n| where ProcessName == \"box_Firewall_Activity\"\n| extend Type = extract(\"type=([\\\\w\\\\s]+)\",1,SyslogMessage)\n, L4Protocol = extract(\"proto=([\\\\w\\\\s]+)\",1,SyslogMessage)\n, SourceInterface = extract(\"srcIF=([\\\\w\\\\s]+)\",1,SyslogMessage)\n, SourceIP = extract(\"srcIP=([\\\\d\\\\.]+)\",1,SyslogMessage)\n, SourcePort = extract(\"srcPort=([\\\\d\\\\s]+)\",1,SyslogMessage)\n, SourceMAC = extract(\"srcMAC=([\\\\w\\\\d:]+)\",1,SyslogMessage)\n, DestinationIP = extract(\"dstIP=([\\\\d\\\\.]+)\",1,SyslogMessage)\n, DestinationPort = extract(\"dstPort=([\\\\w\\\\s]+)\",1,SyslogMessage)\n, DestinationService = extract(\"dstService=([\\\\w\\\\s]+)\",1,SyslogMessage)\n, DestinationInterface = extract(\"dstIF=([\\\\w\\\\s]+)\",1,SyslogMessage)\n, FirewallRule = extract(\"rule=([\\\\w\\\\s\\\\-]+)\",1,SyslogMessage)\n, Info = extract(\"info=([\\\\w\\\\s]+)\",1,SyslogMessage)\n, SourceNAT = extract(\"srcNAT=([\\\\d\\\\.]+)\",1,SyslogMessage)\n, DestinationNAT = extract(\"dstNAT=([\\\\d\\\\.]+)\",1,SyslogMessage)\n, Duration = extract(\"duration=([\\\\d]+)\",1,SyslogMessage)\n, Count = extract(\"count=([\\\\d]+)\",1,SyslogMessage)\n, ReceivedBytes = extract(\"receivedBytes=([\\\\d]+)\",1,SyslogMessage)\n, SentBytes = extract(\"sentBytes=([\\\\d]+)\",1,SyslogMessage)\n, ReceivedPackets = extract(\"receivedPackets=([\\\\d]+)\",1,SyslogMessage)\n, SentPackets = extract(\"sentPackets=([\\\\d]+)\",1,SyslogMessage)\n, User = extract(\"user=([\\\\w\\\\s]+)\",1,SyslogMessage)\n, L7Protocol = extract(\"protocol=([\\\\w\\\\s]+)\",1,SyslogMessage)\n, Application = extract(\"application=([\\\\w\\\\s]+)\",1,SyslogMessage)\n, Target = extract(\"target=([\\\\w\\\\s]+)\",1,SyslogMessage)\n, Content = extract(\"content=([\\\\w\\\\s]+)\",1,SyslogMessage)\n, URLCategory = extract(\"urlcat=([\\\\w\\\\s]+)\",1,SyslogMessage)\n",
        "functionParameters": "",
        "version": 2,
        "tags": [
          {
            "name": "description",
            "value": ""
          }
        ]
      }
    },
    {
      "type": "Microsoft.OperationalInsights/workspaces/providers/metadata",
      "apiVersion": "2022-01-01-preview",
      "location": "[parameters('workspace-location')]",
      "name": "[concat(parameters('workspace'),'/Microsoft.SecurityInsights/',concat('Parser-', last(split(variables('_parserId1'),'/'))))]",
      "dependsOn": [
        "[variables('_parserId1')]"
      ],
      "properties": {
        "parentId": "[resourceId('Microsoft.OperationalInsights/workspaces/savedSearches', parameters('workspace'), variables('parserName1'))]",
        "contentId": "[variables('_parserContentId1')]",
        "kind": "Parser",
        "version": "[variables('parserVersion1')]",
        "source": {
          "kind": "Solution",
          "name": "Barracuda CloudGen Firewall",
          "sourceId": "[variables('_solutionId')]"
        },
        "author": {
          "name": "Barracuda"
        },
        "support": {
          "name": "Community",
          "tier": "Community",
          "link": "https://github.com/Azure/Azure-Sentinel/issues"
        }
      }
    },
    {
      "type": "Microsoft.OperationalInsights/workspaces/providers/contentTemplates",
      "apiVersion": "2023-04-01-preview",
      "name": "[variables('workbookTemplateSpecName1')]",
      "location": "[parameters('workspace-location')]",
      "dependsOn": [
        "[extensionResourceId(resourceId('Microsoft.OperationalInsights/workspaces', parameters('workspace')), 'Microsoft.SecurityInsights/contentPackages', variables('_solutionId'))]"
      ],
      "properties": {
        "description": "BarracudaWorkbook Workbook with template version 3.0.0",
        "mainTemplate": {
          "$schema": "https://schema.management.azure.com/schemas/2019-04-01/deploymentTemplate.json#",
          "contentVersion": "[variables('workbookVersion1')]",
          "parameters": {},
          "variables": {},
          "resources": [
            {
              "type": "Microsoft.Insights/workbooks",
              "name": "[variables('workbookContentId1')]",
              "location": "[parameters('workspace-location')]",
              "kind": "shared",
              "apiVersion": "2021-08-01",
              "metadata": {
                "description": "Gain insights into your Barracuda CloudGen Firewall by analyzing firewall operations and events.\nThis workbook provides insights into rule enforcement, network activities, including number of connections, top users, and helps you identify applications that are popular on your network."
              },
              "properties": {
                "displayName": "[parameters('workbook1-name')]",
                "serializedData": "{\"version\":\"Notebook/1.0\",\"items\":[{\"type\":3,\"content\":{\"version\":\"KqlItem/1.0\",\"query\":\"CommonSecurityLog\\n| where DeviceVendor == \\\"Barracuda\\\"\\n| sort by TimeGenerated | summarize count() by DeviceAction \",\"size\":3,\"exportToExcelOptions\":\"visible\",\"title\":\"Action Summary\",\"queryType\":0,\"resourceType\":\"microsoft.operationalinsights/workspaces\",\"visualization\":\"piechart\"},\"customWidth\":\"33\",\"name\":\"DeviceAction\",\"styleSettings\":{\"margin\":\"10\",\"showBorder\":true}},{\"type\":3,\"content\":{\"version\":\"KqlItem/1.0\",\"query\":\"CGFWFirewallActivity \\n| extend Rule = coalesce(FirewallRule, \\\"None\\\")\\n| summarize count() by Rule\\n| take 10\",\"size\":3,\"exportToExcelOptions\":\"visible\",\"title\":\"Rule Summary\",\"queryType\":0,\"resourceType\":\"microsoft.operationalinsights/workspaces\",\"visualization\":\"piechart\",\"chartSettings\":{\"seriesLabelSettings\":[{\"seriesName\":\"None\",\"color\":\"green\"}]}},\"customWidth\":\"33\",\"name\":\"RuleSummary\",\"styleSettings\":{\"margin\":\"10\",\"showBorder\":true}},{\"type\":3,\"content\":{\"version\":\"KqlItem/1.0\",\"query\":\"CGFWFirewallActivity \\n| extend rule = coalesce(Info, \\\"None\\\")\\n| summarize count() by rule\\n| take 10\\n\",\"size\":3,\"exportToExcelOptions\":\"visible\",\"title\":\"Drop Summary\",\"queryType\":0,\"resourceType\":\"microsoft.operationalinsights/workspaces\",\"visualization\":\"piechart\"},\"customWidth\":\"33\",\"name\":\"DropSummary\",\"styleSettings\":{\"margin\":\"10\",\"showBorder\":true}},{\"type\":1,\"content\":{\"json\":\"---\"},\"name\":\"---\"},{\"type\":3,\"content\":{\"version\":\"KqlItem/1.0\",\"query\":\"union Perf | where InstanceName == \\\"BNGF\\\" | where ObjectName == \\\"Connections_New\\\"\",\"size\":0,\"exportToExcelOptions\":\"visible\",\"title\":\"New Connections\",\"timeContext\":{\"durationMs\":1800000},\"queryType\":0,\"resourceType\":\"microsoft.operationalinsights/workspaces\",\"visualization\":\"timechart\",\"chartSettings\":{\"seriesLabelSettings\":[{\"seriesName\":\"CounterValue\",\"label\":\"Connections\"}]}},\"customWidth\":\"45\",\"name\":\"NewConnections\",\"styleSettings\":{\"margin\":\"10\",\"showBorder\":true}},{\"type\":3,\"content\":{\"version\":\"KqlItem/1.0\",\"query\":\"CGFWFirewallActivity \\n| where isnotempty(Application)\\n| summarize count() by Application\\n| take 10\",\"size\":0,\"exportToExcelOptions\":\"visible\",\"title\":\"Top 10 Applications\",\"queryType\":0,\"resourceType\":\"microsoft.operationalinsights/workspaces\",\"visualization\":\"barchart\",\"tileSettings\":{\"showBorder\":false,\"titleContent\":{\"columnMatch\":\"Application\",\"formatter\":1},\"leftContent\":{\"columnMatch\":\"count_\",\"formatter\":12,\"formatOptions\":{\"palette\":\"auto\"},\"numberFormat\":{\"unit\":17,\"options\":{\"maximumSignificantDigits\":3,\"maximumFractionDigits\":2}}}}},\"customWidth\":\"50\",\"name\":\"TopApplications\",\"styleSettings\":{\"margin\":\"10\",\"showBorder\":true}},{\"type\":3,\"content\":{\"version\":\"KqlItem/1.0\",\"query\":\"CGFWFirewallActivity\\n| extend User = coalesce(User, \\\"Unauthenticated\\\") \\n| summarize count() by User\\n| take 10\",\"size\":3,\"exportToExcelOptions\":\"visible\",\"title\":\"Top 10 Users\",\"queryType\":0,\"resourceType\":\"microsoft.operationalinsights/workspaces\",\"visualization\":\"piechart\"},\"customWidth\":\"33\",\"name\":\"TopUsers\",\"styleSettings\":{\"margin\":\"10\",\"showBorder\":true}},{\"type\":3,\"content\":{\"version\":\"KqlItem/1.0\",\"query\":\"CGFWFirewallActivity\\n| extend Protocol = coalesce(L4Protocol, \\\"Other\\\") \\n| summarize count() by L4Protocol\",\"size\":3,\"exportToExcelOptions\":\"visible\",\"title\":\"Layer 4 Protocol Summary\",\"queryType\":0,\"resourceType\":\"microsoft.operationalinsights/workspaces\",\"visualization\":\"piechart\"},\"customWidth\":\"33\",\"name\":\"L4Summary\",\"styleSettings\":{\"margin\":\"10\",\"showBorder\":true}}],\"fromTemplateId\":\"sentinel-Barracuda\",\"$schema\":\"https://github.com/Microsoft/Application-Insights-Workbooks/blob/master/schema/workbook.json\"}\n",
                "version": "1.0",
                "sourceId": "[variables('workspaceResourceId')]",
                "category": "sentinel"
              }
            },
            {
              "type": "Microsoft.OperationalInsights/workspaces/providers/metadata",
              "apiVersion": "2022-01-01-preview",
              "name": "[concat(parameters('workspace'),'/Microsoft.SecurityInsights/',concat('Workbook-', last(split(variables('workbookId1'),'/'))))]",
              "properties": {
                "description": "@{workbookKey=BarracudaCloudFirewallWorkbook; logoFileName=barracuda_logo.svg; description=Gain insights into your Barracuda CloudGen Firewall by analyzing firewall operations and events.\nThis workbook provides insights into rule enforcement, network activities, including number of connections, top users, and helps you identify applications that are popular on your network.; dataTypesDependencies=System.Object[]; dataConnectorsDependencies=System.Object[]; previewImagesFileNames=System.Object[]; version=1.0.0; title=Barracuda CloudGen FW; templateRelativePath=Barracuda.json; subtitle=; provider=Barracuda}.description",
                "parentId": "[variables('workbookId1')]",
                "contentId": "[variables('_workbookContentId1')]",
                "kind": "Workbook",
                "version": "[variables('workbookVersion1')]",
                "source": {
                  "kind": "Solution",
                  "name": "Barracuda CloudGen Firewall",
                  "sourceId": "[variables('_solutionId')]"
                },
                "author": {
                  "name": "Barracuda"
                },
                "support": {
                  "name": "Community",
                  "tier": "Community",
                  "link": "https://github.com/Azure/Azure-Sentinel/issues"
                },
                "dependencies": {
                  "operator": "AND",
                  "criteria": [
                    {
                      "contentId": "CommonSecurityLog",
                      "kind": "DataType"
                    },
                    {
                      "contentId": "Syslog",
                      "kind": "DataType"
                    },
                    {
                      "contentId": "BarracudaCloudFirewall",
                      "kind": "DataConnector"
                    }
                  ]
                }
              }
            }
          ]
        },
        "packageKind": "Solution",
        "packageVersion": "[variables('_solutionVersion')]",
        "packageName": "[variables('_solutionName')]",
        "packageId": "[variables('_solutionId')]",
        "contentSchemaVersion": "3.0.0",
        "contentId": "[variables('_workbookContentId1')]",
        "contentKind": "Workbook",
        "displayName": "[parameters('workbook1-name')]",
        "contentProductId": "[variables('_workbookcontentProductId1')]",
        "id": "[variables('_workbookcontentProductId1')]",
        "version": "[variables('workbookVersion1')]"
      }
    },
    {
      "type": "Microsoft.OperationalInsights/workspaces/providers/contentPackages",
      "apiVersion": "2023-04-01-preview",
      "location": "[parameters('workspace-location')]",
      "properties": {
        "version": "3.0.0",
        "kind": "Solution",
        "contentSchemaVersion": "3.0.0",
        "displayName": "Barracuda CloudGen Firewall",
        "publisherDisplayName": "Community",
        "descriptionHtml": "<p><strong>Note:</strong> <em>There may be <a href=\"https://aka.ms/sentinelsolutionsknownissues\">known issues</a> pertaining to this Solution, please refer to them before installing.</em></p>\n<p>The <a href=\"https://www.barracuda.com/products/cloudgenfirewall\">Barracuda CloudGen Firewall </a> (CGFW) Solution for Microsoft Sentinel allows you to easily connect your Barracuda CGFW syslogs with Microsoft Sentinel, to view dashboards, create custom alerts, and improve investigation. This gives you more insight into your organization's network and improves your security operation capabilities.</p>\n<p><strong>Underlying Microsoft Technologies used:</strong></p>\n<p>This solution takes a dependency on the following technologies, and some of these dependencies either may be in <a href=\"https://azure.microsoft.com/support/legal/preview-supplemental-terms/\">Preview</a> state or might result in additional ingestion or operational costs:</p>\n<ol type=\"a\">\n<li><a href=\"https://docs.microsoft.com/azure/sentinel/connect-syslog\">Data collection using Syslog in Microsoft Sentinel</a></li>\n</ol>\n<p><strong>Parsers:</strong> 1, <strong>Workbooks:</strong> 1</p>\n<p><a href=\"https://aka.ms/azuresentinel\">Learn more about Microsoft Sentinel</a> | <a href=\"https://aka.ms/azuresentinelsolutionsdoc\">Learn more about Solutions</a></p>\n",
        "contentKind": "Solution",
        "contentProductId": "[variables('_solutioncontentProductId')]",
        "id": "[variables('_solutioncontentProductId')]",
        "icon": "<img src=\"https://raw.githubusercontent.com/Azure/Azure-Sentinel/master/Logos/Azure_Sentinel.svg\"width=\"75px\" height=\"75px\">",
        "contentId": "[variables('_solutionId')]",
        "parentId": "[variables('_solutionId')]",
        "source": {
          "kind": "Solution",
          "name": "Barracuda CloudGen Firewall",
          "sourceId": "[variables('_solutionId')]"
        },
        "author": {
          "name": "Barracuda"
        },
        "support": {
          "name": "Community",
          "tier": "Community",
          "link": "https://github.com/Azure/Azure-Sentinel/issues"
        },
        "dependencies": {
          "operator": "AND",
          "criteria": [
            {
              "kind": "Parser",
              "contentId": "[variables('_parserContentId1')]",
              "version": "[variables('parserVersion1')]"
            },
            {
              "kind": "Workbook",
              "contentId": "[variables('_workbookContentId1')]",
              "version": "[variables('workbookVersion1')]"
            }
          ]
        },
        "firstPublishDate": "2021-05-02",
        "providers": [
          "Barracuda"
        ],
        "categories": {
          "domains": [
            "Security - Network"
          ]
        }
      },
      "name": "[concat(parameters('workspace'),'/Microsoft.SecurityInsights/', variables('_solutionId'))]"
    }
  ],
  "outputs": {}
}
