{
  "$schema": "https://schema.management.azure.com/schemas/2019-04-01/deploymentTemplate.json#",
  "contentVersion": "1.0.0.0",
  "metadata": {
    "author": "Barracuda",
    "comments": "Solution template for Barracuda CloudGen Firewall"
  },
  "parameters": {
    "location": {
      "type": "string",
      "minLength": 1,
      "defaultValue": "[resourceGroup().location]",
      "metadata": {
        "description": "Not used, but needed to pass arm-ttk test `Location-Should-Not-Be-Hardcoded`.  We instead use the `workspace-location` which is derived from the LA workspace"
      }
    },
    "workspace-location": {
      "type": "string",
      "defaultValue": "",
      "metadata": {
        "description": "[concat('Region to deploy solution resources -- separate from location selection',parameters('location'))]"
      }
    },
    "workspace": {
      "defaultValue": "",
      "type": "string",
      "metadata": {
        "description": "Workspace name for Log Analytics where Microsoft Sentinel is setup"
      }
    }
  },
  "variables": {
    "_solutionName": "Barracuda CloudGen Firewall",
    "_solutionVersion": "3.0.0",
    "solutionId": "microsoftsentinelcommunity.azure-sentinel-solution-barracudacloudgenfirewall",
    "_solutionId": "[variables('solutionId')]",
    "uiConfigId1": "BarracudaCloudFirewall",
    "_uiConfigId1": "[variables('uiConfigId1')]",
    "dataConnectorContentId1": "BarracudaCloudFirewall",
    "_dataConnectorContentId1": "[variables('dataConnectorContentId1')]",
    "dataConnectorId1": "[extensionResourceId(resourceId('Microsoft.OperationalInsights/workspaces', parameters('workspace')), 'Microsoft.SecurityInsights/dataConnectors', variables('_dataConnectorContentId1'))]",
    "_dataConnectorId1": "[variables('dataConnectorId1')]",
    "dataConnectorTemplateSpecName1": "[concat(parameters('workspace'),'/Microsoft.SecurityInsights/',concat(parameters('workspace'),'-dc-',uniquestring(variables('_dataConnectorContentId1'))))]",
    "dataConnectorVersion1": "1.0.0",
    "_dataConnectorcontentProductId1": "[concat(take(variables('_solutionId'),50),'-','dc','-', uniqueString(concat(variables('_solutionId'),'-','DataConnector','-',variables('_dataConnectorContentId1'),'-', variables('dataConnectorVersion1'))))]",
    "parserName1": "CGFWFirewallActivity",
    "_parserName1": "[concat(parameters('workspace'),'/',variables('parserName1'))]",
    "parserId1": "[resourceId('Microsoft.OperationalInsights/workspaces/savedSearches', parameters('workspace'), variables('parserName1'))]",
    "_parserId1": "[variables('parserId1')]",
    "parserTemplateSpecName1": "[concat(parameters('workspace'),'/Microsoft.SecurityInsights/',concat(parameters('workspace'),'-pr-',uniquestring(variables('_parserContentId1'))))]",
    "parserVersion1": "1.0.0",
    "parserContentId1": "CGFWFirewallActivity-Parser",
    "_parserContentId1": "[variables('parserContentId1')]",
    "_parsercontentProductId1": "[concat(take(variables('_solutionId'),50),'-','pr','-', uniqueString(concat(variables('_solutionId'),'-','Parser','-',variables('_parserContentId1'),'-', variables('parserVersion1'))))]",
    "_solutioncontentProductId": "[concat(take(variables('_solutionId'),50),'-','sl','-', uniqueString(concat(variables('_solutionId'),'-','Solution','-',variables('_solutionId'),'-', variables('_solutionVersion'))))]"
  },
  "resources": [
    {
      "type": "Microsoft.OperationalInsights/workspaces/providers/contentTemplates",
      "apiVersion": "2023-04-01-preview",
      "name": "[variables('dataConnectorTemplateSpecName1')]",
      "location": "[parameters('workspace-location')]",
      "dependsOn": [
        "[extensionResourceId(resourceId('Microsoft.OperationalInsights/workspaces', parameters('workspace')), 'Microsoft.SecurityInsights/contentPackages', variables('_solutionId'))]"
      ],
      "properties": {
        "description": "Barracuda CloudGen Firewall data connector with template version 3.0.0",
        "mainTemplate": {
          "$schema": "https://schema.management.azure.com/schemas/2019-04-01/deploymentTemplate.json#",
          "contentVersion": "[variables('dataConnectorVersion1')]",
          "parameters": {},
          "variables": {},
          "resources": [
            {
              "name": "[concat(parameters('workspace'),'/Microsoft.SecurityInsights/',variables('_dataConnectorContentId1'))]",
              "apiVersion": "2021-03-01-preview",
              "type": "Microsoft.OperationalInsights/workspaces/providers/dataConnectors",
              "location": "[parameters('workspace-location')]",
              "kind": "GenericUI",
              "properties": {
                "connectorUiConfig": {
                  "id": "[variables('_uiConfigId1')]",
                  "title": "Barracuda CloudGen Firewall",
                  "publisher": "Barracuda",
                  "descriptionMarkdown": "The Barracuda CloudGen Firewall (CGFW) connector allows you to easily connect your Barracuda CGFW logs with Microsoft Sentinel, to view dashboards, create custom alerts, and improve investigation. This gives you more insight into your organization's network and improves your security operation capabilities.",
                  "additionalRequirementBanner": "These queries are dependent on a parser based on a Kusto Function deployed as part of the solution.",
                  "graphQueries": [
                    {
                      "metricName": "Total data received",
                      "legend": "Syslog (Barracuda)",
                      "baseQuery": "CGFWFirewallActivity"
                    }
                  ],
                  "sampleQueries": [
                    {
                      "description": "All logs",
                      "query": "CGFWFirewallActivity\n            | sort by TimeGenerated"
                    },
                    {
                      "description": "Top 10 Active Users (Last 24 Hours)",
                      "query": "CGFWFirewallActivity\n            | extend User = coalesce(User, \"Unauthenticated\") \n                    | summarize count() by User\n                    | take 10"
                    },
                    {
                      "description": "Top 10 Applications (Last 24 Hours)",
                      "query": "CGFWFirewallActivity\n            | where isnotempty(Application)\n                    | summarize count() by Application\n                    | take 10"
                    }
                  ],
                  "connectivityCriterias": [
                    {
                      "type": "IsConnectedQuery",
                      "value": [
                        "CGFWFirewallActivity\n   |where TimeGenerated > ago(3d)\n    |take 1\n   | project IsConnected = true"
                      ]
                    }
                  ],
                  "dataTypes": [
                    {
                      "name": "Syslog (Barracuda)",
                      "lastDataReceivedQuery": "CGFWFirewallActivity\n            | summarize Time = max(TimeGenerated)\n            | where isnotempty(Time)"
                    }
                  ],
                  "availability": {
                    "status": 1,
                    "isPreview": false
                  },
                  "permissions": {
                    "resourceProvider": [
                      {
                        "provider": "Microsoft.OperationalInsights/workspaces",
                        "permissionsDisplayText": "write permission is required.",
                        "providerDisplayName": "Workspace",
                        "scope": "Workspace",
                        "requiredPermissions": {
                          "write": true,
                          "delete": true
                        }
                      }
                    ],
                    "customs": [
                      {
                        "name": "Barracuda CloudGen Firewall",
                        "description": "must be configured to export logs via Syslog"
                      }
                    ]
                  },
                  "instructionSteps": [
                    {
                      "description": "**NOTE:** This data connector depends on a parser based on a Kusto Function to work as expected which is deployed as part of the solution. To view the function code in Log Analytics, open Log Analytics/Microsoft Sentinel Logs blade, click Functions and search for the alias CGFWFirewallActivity and load the function code or click [here](https://aka.ms/sentinel-barracudacloudfirewall-parser). The function usually takes 10-15 minutes to activate after solution installation/update."
                    },
                    {
                      "description": "Typically, you should install the agent on a different computer from the one on which the logs are generated.\n\n>  Syslog logs are collected only from **Linux** agents.",
                      "instructions": [
                        {
                          "parameters": {
                            "title": "Choose where to install the agent:",
                            "instructionSteps": [
                              {
                                "title": "Install agent on Azure Linux Virtual Machine",
                                "description": "Select the machine to install the agent on and then click **Connect**.",
                                "instructions": [
                                  {
                                    "parameters": {
                                      "linkType": "InstallAgentOnLinuxVirtualMachine"
                                    },
                                    "type": "InstallAgent"
                                  }
                                ]
                              },
                              {
                                "title": "Install agent on a non-Azure Linux Machine",
                                "description": "Download the agent on the relevant machine and follow the instructions.",
                                "instructions": [
                                  {
                                    "parameters": {
                                      "linkType": "InstallAgentOnLinuxNonAzure"
                                    },
                                    "type": "InstallAgent"
                                  }
                                ]
                              }
                            ]
                          },
                          "type": "InstructionStepsGroup"
                        }
                      ],
                      "title": "1. Install and onboard the agent for Linux"
                    },
                    {
                      "description": "Configure the facilities you want to collect and their severities.\n\n1.  Under workspace advanced settings **Configuration**, select **Data** and then **Syslog**.\n2.  Select **Apply below configuration to my machines** and select the facilities and severities.\n3.  Click **Save**.",
                      "title": "2. Configure the logs to be collected"
                    },
                    {
                      "description": "[Follow instructions](https://aka.ms/sentinel-barracudacloudfirewall-connector) to configure syslog streaming. Use the IP address or hostname for the Linux machine with the Microsoft Sentinel agent installed for the Destination IP address.",
                      "instructions": [
                        {
                          "parameters": {
                            "linkType": "OpenSyslogSettings"
                          },
                          "type": "InstallAgent"
                        }
                      ],
                      "title": "Configure and connect the Barracuda CloudGen Firewall"
                    }
                  ],
                  "metadata": {
                    "id": "afbf6c4a-7190-442a-a649-5c18a907ceb3",
                    "version": "1.0.0",
                    "kind": "dataConnector",
                    "source": {
                      "kind": "community"
                    },
                    "author": {
                      "name": "Barracuda Networks"
                    },
                    "support": {
                      "name": "Barracuda Networks",
                      "link": "https://www.barracuda.com/support",
                      "tier": "developer"
                    }
                  }
                }
              }
            },
            {
              "type": "Microsoft.OperationalInsights/workspaces/providers/metadata",
              "apiVersion": "2023-04-01-preview",
              "name": "[concat(parameters('workspace'),'/Microsoft.SecurityInsights/',concat('DataConnector-', last(split(variables('_dataConnectorId1'),'/'))))]",
              "properties": {
                "parentId": "[extensionResourceId(resourceId('Microsoft.OperationalInsights/workspaces', parameters('workspace')), 'Microsoft.SecurityInsights/dataConnectors', variables('_dataConnectorContentId1'))]",
                "contentId": "[variables('_dataConnectorContentId1')]",
                "kind": "DataConnector",
                "version": "[variables('dataConnectorVersion1')]",
                "source": {
                  "kind": "Solution",
                  "name": "Barracuda CloudGen Firewall",
                  "sourceId": "[variables('_solutionId')]"
                },
                "author": {
                  "name": "Barracuda"
                },
                "support": {
                  "name": "Community",
                  "tier": "Community",
                  "link": "https://github.com/Azure/Azure-Sentinel/issues"
                }
              }
            }
          ]
        },
        "packageKind": "Solution",
        "packageVersion": "[variables('_solutionVersion')]",
        "packageName": "[variables('_solutionName')]",
        "packageId": "[variables('_solutionId')]",
        "contentSchemaVersion": "3.0.0",
        "contentId": "[variables('_dataConnectorContentId1')]",
        "contentKind": "DataConnector",
        "displayName": "Barracuda CloudGen Firewall",
        "contentProductId": "[variables('_dataConnectorcontentProductId1')]",
        "id": "[variables('_dataConnectorcontentProductId1')]",
        "version": "[variables('dataConnectorVersion1')]"
      }
    },
    {
      "type": "Microsoft.OperationalInsights/workspaces/providers/metadata",
      "apiVersion": "2023-04-01-preview",
      "name": "[concat(parameters('workspace'),'/Microsoft.SecurityInsights/',concat('DataConnector-', last(split(variables('_dataConnectorId1'),'/'))))]",
      "dependsOn": [
        "[variables('_dataConnectorId1')]"
      ],
      "location": "[parameters('workspace-location')]",
      "properties": {
        "parentId": "[extensionResourceId(resourceId('Microsoft.OperationalInsights/workspaces', parameters('workspace')), 'Microsoft.SecurityInsights/dataConnectors', variables('_dataConnectorContentId1'))]",
        "contentId": "[variables('_dataConnectorContentId1')]",
        "kind": "DataConnector",
        "version": "[variables('dataConnectorVersion1')]",
        "source": {
          "kind": "Solution",
          "name": "Barracuda CloudGen Firewall",
          "sourceId": "[variables('_solutionId')]"
        },
        "author": {
          "name": "Barracuda"
        },
        "support": {
          "name": "Community",
          "tier": "Community",
          "link": "https://github.com/Azure/Azure-Sentinel/issues"
        }
      }
    },
    {
      "name": "[concat(parameters('workspace'),'/Microsoft.SecurityInsights/',variables('_dataConnectorContentId1'))]",
      "apiVersion": "2021-03-01-preview",
      "type": "Microsoft.OperationalInsights/workspaces/providers/dataConnectors",
      "location": "[parameters('workspace-location')]",
      "kind": "GenericUI",
      "properties": {
        "connectorUiConfig": {
          "title": "Barracuda CloudGen Firewall",
          "publisher": "Barracuda",
          "descriptionMarkdown": "The Barracuda CloudGen Firewall (CGFW) connector allows you to easily connect your Barracuda CGFW logs with Microsoft Sentinel, to view dashboards, create custom alerts, and improve investigation. This gives you more insight into your organization's network and improves your security operation capabilities.",
          "graphQueries": [
            {
              "metricName": "Total data received",
              "legend": "Syslog (Barracuda)",
              "baseQuery": "CGFWFirewallActivity"
            }
          ],
          "dataTypes": [
            {
              "name": "Syslog (Barracuda)",
              "lastDataReceivedQuery": "CGFWFirewallActivity\n            | summarize Time = max(TimeGenerated)\n            | where isnotempty(Time)"
            }
          ],
          "connectivityCriterias": [
            {
              "type": "IsConnectedQuery",
              "value": [
                "CGFWFirewallActivity\n   |where TimeGenerated > ago(3d)\n    |take 1\n   | project IsConnected = true"
              ]
            }
          ],
          "sampleQueries": [
            {
              "description": "All logs",
              "query": "CGFWFirewallActivity\n            | sort by TimeGenerated"
            },
            {
              "description": "Top 10 Active Users (Last 24 Hours)",
              "query": "CGFWFirewallActivity\n            | extend User = coalesce(User, \"Unauthenticated\") \n                    | summarize count() by User\n                    | take 10"
            },
            {
              "description": "Top 10 Applications (Last 24 Hours)",
              "query": "CGFWFirewallActivity\n            | where isnotempty(Application)\n                    | summarize count() by Application\n                    | take 10"
            }
          ],
          "availability": {
            "status": 1,
            "isPreview": false
          },
          "permissions": {
            "resourceProvider": [
              {
                "provider": "Microsoft.OperationalInsights/workspaces",
                "permissionsDisplayText": "write permission is required.",
                "providerDisplayName": "Workspace",
                "scope": "Workspace",
                "requiredPermissions": {
                  "write": true,
                  "delete": true
                }
              }
            ],
            "customs": [
              {
                "name": "Barracuda CloudGen Firewall",
                "description": "must be configured to export logs via Syslog"
              }
            ]
          },
          "instructionSteps": [
            {
              "description": "**NOTE:** This data connector depends on a parser based on a Kusto Function to work as expected which is deployed as part of the solution. To view the function code in Log Analytics, open Log Analytics/Microsoft Sentinel Logs blade, click Functions and search for the alias CGFWFirewallActivity and load the function code or click [here](https://aka.ms/sentinel-barracudacloudfirewall-parser). The function usually takes 10-15 minutes to activate after solution installation/update."
            },
            {
              "description": "Typically, you should install the agent on a different computer from the one on which the logs are generated.\n\n>  Syslog logs are collected only from **Linux** agents.",
              "instructions": [
                {
                  "parameters": {
                    "title": "Choose where to install the agent:",
                    "instructionSteps": [
                      {
                        "title": "Install agent on Azure Linux Virtual Machine",
                        "description": "Select the machine to install the agent on and then click **Connect**.",
                        "instructions": [
                          {
                            "parameters": {
                              "linkType": "InstallAgentOnLinuxVirtualMachine"
                            },
                            "type": "InstallAgent"
                          }
                        ]
                      },
                      {
                        "title": "Install agent on a non-Azure Linux Machine",
                        "description": "Download the agent on the relevant machine and follow the instructions.",
                        "instructions": [
                          {
                            "parameters": {
                              "linkType": "InstallAgentOnLinuxNonAzure"
                            },
                            "type": "InstallAgent"
                          }
                        ]
                      }
                    ]
                  },
                  "type": "InstructionStepsGroup"
                }
              ],
              "title": "1. Install and onboard the agent for Linux"
            },
            {
              "description": "Configure the facilities you want to collect and their severities.\n\n1.  Under workspace advanced settings **Configuration**, select **Data** and then **Syslog**.\n2.  Select **Apply below configuration to my machines** and select the facilities and severities.\n3.  Click **Save**.",
              "title": "2. Configure the logs to be collected"
            },
            {
              "description": "[Follow instructions](https://aka.ms/sentinel-barracudacloudfirewall-connector) to configure syslog streaming. Use the IP address or hostname for the Linux machine with the Microsoft Sentinel agent installed for the Destination IP address.",
              "instructions": [
                {
                  "parameters": {
                    "linkType": "OpenSyslogSettings"
                  },
                  "type": "InstallAgent"
                }
              ],
              "title": "Configure and connect the Barracuda CloudGen Firewall"
            }
          ],
          "id": "[variables('_uiConfigId1')]",
          "additionalRequirementBanner": "These queries are dependent on a parser based on a Kusto Function deployed as part of the solution."
        }
      }
    },
    {
      "type": "Microsoft.OperationalInsights/workspaces/providers/contentTemplates",
      "apiVersion": "2023-04-01-preview",
      "name": "[variables('parserTemplateSpecName1')]",
      "location": "[parameters('workspace-location')]",
      "dependsOn": [
        "[extensionResourceId(resourceId('Microsoft.OperationalInsights/workspaces', parameters('workspace')), 'Microsoft.SecurityInsights/contentPackages', variables('_solutionId'))]"
      ],
      "properties": {
        "description": "CGFWFirewallActivity Data Parser with template version 3.0.0",
        "mainTemplate": {
          "$schema": "https://schema.management.azure.com/schemas/2019-04-01/deploymentTemplate.json#",
          "contentVersion": "[variables('parserVersion1')]",
          "parameters": {},
          "variables": {},
          "resources": [
            {
              "name": "[variables('_parserName1')]",
              "apiVersion": "2022-10-01",
              "type": "Microsoft.OperationalInsights/workspaces/savedSearches",
              "location": "[parameters('workspace-location')]",
              "properties": {
                "eTag": "*",
                "displayName": "Parser for CGFWFirewallActivity",
                "category": "Microsoft Sentinel Parser",
                "functionAlias": "CGFWFirewallActivity",
                "query": "Syslog\n| where ProcessName == \"box_Firewall_Activity\"\n| extend Type = extract(\"type=([\\\\w\\\\s]+)\",1,SyslogMessage)\n, L4Protocol = extract(\"proto=([\\\\w\\\\s]+)\",1,SyslogMessage)\n, SourceInterface = extract(\"srcIF=([\\\\w\\\\s]+)\",1,SyslogMessage)\n, SourceIP = extract(\"srcIP=([\\\\d\\\\.]+)\",1,SyslogMessage)\n, SourcePort = extract(\"srcPort=([\\\\d\\\\s]+)\",1,SyslogMessage)\n, SourceMAC = extract(\"srcMAC=([\\\\w\\\\d:]+)\",1,SyslogMessage)\n, DestinationIP = extract(\"dstIP=([\\\\d\\\\.]+)\",1,SyslogMessage)\n, DestinationPort = extract(\"dstPort=([\\\\w\\\\s]+)\",1,SyslogMessage)\n, DestinationService = extract(\"dstService=([\\\\w\\\\s]+)\",1,SyslogMessage)\n, DestinationInterface = extract(\"dstIF=([\\\\w\\\\s]+)\",1,SyslogMessage)\n, FirewallRule = extract(\"rule=([\\\\w\\\\s\\\\-]+)\",1,SyslogMessage)\n, Info = extract(\"info=([\\\\w\\\\s]+)\",1,SyslogMessage)\n, SourceNAT = extract(\"srcNAT=([\\\\d\\\\.]+)\",1,SyslogMessage)\n, DestinationNAT = extract(\"dstNAT=([\\\\d\\\\.]+)\",1,SyslogMessage)\n, Duration = extract(\"duration=([\\\\d]+)\",1,SyslogMessage)\n, Count = extract(\"count=([\\\\d]+)\",1,SyslogMessage)\n, ReceivedBytes = extract(\"receivedBytes=([\\\\d]+)\",1,SyslogMessage)\n, SentBytes = extract(\"sentBytes=([\\\\d]+)\",1,SyslogMessage)\n, ReceivedPackets = extract(\"receivedPackets=([\\\\d]+)\",1,SyslogMessage)\n, SentPackets = extract(\"sentPackets=([\\\\d]+)\",1,SyslogMessage)\n, User = extract(\"user=([\\\\w\\\\s]+)\",1,SyslogMessage)\n, L7Protocol = extract(\"protocol=([\\\\w\\\\s]+)\",1,SyslogMessage)\n, Application = extract(\"application=([\\\\w\\\\s]+)\",1,SyslogMessage)\n, Target = extract(\"target=([\\\\w\\\\s]+)\",1,SyslogMessage)\n, Content = extract(\"content=([\\\\w\\\\s]+)\",1,SyslogMessage)\n, URLCategory = extract(\"urlcat=([\\\\w\\\\s]+)\",1,SyslogMessage)\n",
                "functionParameters": "",
                "version": 2,
                "tags": [
                  {
                    "name": "description",
                    "value": ""
                  }
                ]
              }
            },
            {
              "type": "Microsoft.OperationalInsights/workspaces/providers/metadata",
              "apiVersion": "2022-01-01-preview",
              "name": "[concat(parameters('workspace'),'/Microsoft.SecurityInsights/',concat('Parser-', last(split(variables('_parserId1'),'/'))))]",
              "dependsOn": [
                "[variables('_parserId1')]"
              ],
              "properties": {
                "parentId": "[resourceId('Microsoft.OperationalInsights/workspaces/savedSearches', parameters('workspace'), variables('parserName1'))]",
                "contentId": "[variables('_parserContentId1')]",
                "kind": "Parser",
                "version": "[variables('parserVersion1')]",
                "source": {
                  "name": "Barracuda CloudGen Firewall",
                  "kind": "Solution",
                  "sourceId": "[variables('_solutionId')]"
                },
                "author": {
                  "name": "Barracuda"
                },
                "support": {
                  "name": "Community",
                  "tier": "Community",
                  "link": "https://github.com/Azure/Azure-Sentinel/issues"
                }
              }
            }
          ]
        },
        "packageKind": "Solution",
        "packageVersion": "[variables('_solutionVersion')]",
        "packageName": "[variables('_solutionName')]",
        "packageId": "[variables('_solutionId')]",
        "contentSchemaVersion": "3.0.0",
        "contentId": "[variables('_parserContentId1')]",
        "contentKind": "Parser",
        "displayName": "Parser for CGFWFirewallActivity",
        "contentProductId": "[variables('_parsercontentProductId1')]",
        "id": "[variables('_parsercontentProductId1')]",
        "version": "[variables('parserVersion1')]"
      }
    },
    {
      "type": "Microsoft.OperationalInsights/workspaces/savedSearches",
      "apiVersion": "2022-10-01",
      "name": "[variables('_parserName1')]",
      "location": "[parameters('workspace-location')]",
      "properties": {
        "eTag": "*",
        "displayName": "Parser for CGFWFirewallActivity",
        "category": "Microsoft Sentinel Parser",
        "functionAlias": "CGFWFirewallActivity",
        "query": "Syslog\n| where ProcessName == \"box_Firewall_Activity\"\n| extend Type = extract(\"type=([\\\\w\\\\s]+)\",1,SyslogMessage)\n, L4Protocol = extract(\"proto=([\\\\w\\\\s]+)\",1,SyslogMessage)\n, SourceInterface = extract(\"srcIF=([\\\\w\\\\s]+)\",1,SyslogMessage)\n, SourceIP = extract(\"srcIP=([\\\\d\\\\.]+)\",1,SyslogMessage)\n, SourcePort = extract(\"srcPort=([\\\\d\\\\s]+)\",1,SyslogMessage)\n, SourceMAC = extract(\"srcMAC=([\\\\w\\\\d:]+)\",1,SyslogMessage)\n, DestinationIP = extract(\"dstIP=([\\\\d\\\\.]+)\",1,SyslogMessage)\n, DestinationPort = extract(\"dstPort=([\\\\w\\\\s]+)\",1,SyslogMessage)\n, DestinationService = extract(\"dstService=([\\\\w\\\\s]+)\",1,SyslogMessage)\n, DestinationInterface = extract(\"dstIF=([\\\\w\\\\s]+)\",1,SyslogMessage)\n, FirewallRule = extract(\"rule=([\\\\w\\\\s\\\\-]+)\",1,SyslogMessage)\n, Info = extract(\"info=([\\\\w\\\\s]+)\",1,SyslogMessage)\n, SourceNAT = extract(\"srcNAT=([\\\\d\\\\.]+)\",1,SyslogMessage)\n, DestinationNAT = extract(\"dstNAT=([\\\\d\\\\.]+)\",1,SyslogMessage)\n, Duration = extract(\"duration=([\\\\d]+)\",1,SyslogMessage)\n, Count = extract(\"count=([\\\\d]+)\",1,SyslogMessage)\n, ReceivedBytes = extract(\"receivedBytes=([\\\\d]+)\",1,SyslogMessage)\n, SentBytes = extract(\"sentBytes=([\\\\d]+)\",1,SyslogMessage)\n, ReceivedPackets = extract(\"receivedPackets=([\\\\d]+)\",1,SyslogMessage)\n, SentPackets = extract(\"sentPackets=([\\\\d]+)\",1,SyslogMessage)\n, User = extract(\"user=([\\\\w\\\\s]+)\",1,SyslogMessage)\n, L7Protocol = extract(\"protocol=([\\\\w\\\\s]+)\",1,SyslogMessage)\n, Application = extract(\"application=([\\\\w\\\\s]+)\",1,SyslogMessage)\n, Target = extract(\"target=([\\\\w\\\\s]+)\",1,SyslogMessage)\n, Content = extract(\"content=([\\\\w\\\\s]+)\",1,SyslogMessage)\n, URLCategory = extract(\"urlcat=([\\\\w\\\\s]+)\",1,SyslogMessage)\n",
        "functionParameters": "",
        "version": 2,
        "tags": [
          {
            "name": "description",
            "value": ""
          }
        ]
      }
    },
    {
      "type": "Microsoft.OperationalInsights/workspaces/providers/metadata",
      "apiVersion": "2022-01-01-preview",
      "location": "[parameters('workspace-location')]",
      "name": "[concat(parameters('workspace'),'/Microsoft.SecurityInsights/',concat('Parser-', last(split(variables('_parserId1'),'/'))))]",
      "dependsOn": [
        "[variables('_parserId1')]"
      ],
      "properties": {
        "parentId": "[resourceId('Microsoft.OperationalInsights/workspaces/savedSearches', parameters('workspace'), variables('parserName1'))]",
        "contentId": "[variables('_parserContentId1')]",
        "kind": "Parser",
        "version": "[variables('parserVersion1')]",
        "source": {
          "kind": "Solution",
          "name": "Barracuda CloudGen Firewall",
          "sourceId": "[variables('_solutionId')]"
        },
        "author": {
          "name": "Barracuda"
        },
        "support": {
          "name": "Community",
          "tier": "Community",
          "link": "https://github.com/Azure/Azure-Sentinel/issues"
        }
      }
    },
    {
      "type": "Microsoft.OperationalInsights/workspaces/providers/contentPackages",
      "apiVersion": "2023-04-01-preview",
      "location": "[parameters('workspace-location')]",
      "properties": {
        "version": "3.0.0",
        "kind": "Solution",
        "contentSchemaVersion": "3.0.0",
        "displayName": "Barracuda CloudGen Firewall",
        "publisherDisplayName": "Community",
        "descriptionHtml": "<p><strong>Note:</strong> <em>There may be <a href=\"https://aka.ms/sentinelsolutionsknownissues\">known issues</a> pertaining to this Solution, please refer to them before installing.</em></p>\n<p>The <a href=\"https://www.barracuda.com/products/cloudgenfirewall\">Barracuda CloudGen Firewall </a> (CGFW) Solution for Microsoft Sentinel allows you to easily connect your Barracuda CGFW syslogs with Microsoft Sentinel, to view dashboards, create custom alerts, and improve investigation. This gives you more insight into your organization's network and improves your security operation capabilities.</p>\n<p><strong>Underlying Microsoft Technologies used:</strong></p>\n<p>This solution takes a dependency on the following technologies, and some of these dependencies either may be in <a href=\"https://azure.microsoft.com/support/legal/preview-supplemental-terms/\">Preview</a> state or might result in additional ingestion or operational costs:</p>\n<ol type=\"a\">\n<li><a href=\"https://docs.microsoft.com/azure/sentinel/connect-syslog\">Data collection using Syslog in Microsoft Sentinel</a></li>\n</ol>\n<p><strong>Data Connectors:</strong> 1, <strong>Parsers:</strong> 1</p>\n<p><a href=\"https://aka.ms/azuresentinel\">Learn more about Microsoft Sentinel</a> | <a href=\"https://aka.ms/azuresentinelsolutionsdoc\">Learn more about Solutions</a></p>\n",
        "contentKind": "Solution",
        "contentProductId": "[variables('_solutioncontentProductId')]",
        "id": "[variables('_solutioncontentProductId')]",
        "icon": "<img src=\"https://raw.githubusercontent.com/Azure/Azure-Sentinel/master/Logos/Azure_Sentinel.svg\"width=\"75px\" height=\"75px\">",
        "contentId": "[variables('_solutionId')]",
        "parentId": "[variables('_solutionId')]",
        "source": {
          "kind": "Solution",
          "name": "Barracuda CloudGen Firewall",
          "sourceId": "[variables('_solutionId')]"
        },
        "author": {
          "name": "Barracuda"
        },
        "support": {
          "name": "Community",
          "tier": "Community",
          "link": "https://github.com/Azure/Azure-Sentinel/issues"
        },
        "dependencies": {
          "operator": "AND",
          "criteria": [
            {
              "kind": "DataConnector",
              "contentId": "[variables('_dataConnectorContentId1')]",
              "version": "[variables('dataConnectorVersion1')]"
            },
            {
              "kind": "Parser",
              "contentId": "[variables('_parserContentId1')]",
              "version": "[variables('parserVersion1')]"
            }
          ]
        },
        "firstPublishDate": "2021-05-02",
        "providers": [
          "Barracuda"
        ],
        "categories": {
          "domains": [
            "Security - Network"
          ]
        }
      },
      "name": "[concat(parameters('workspace'),'/Microsoft.SecurityInsights/', variables('_solutionId'))]"
    }
  ],
  "outputs": {}
}
