{
  "$schema": "https://schema.management.azure.com/schemas/2019-04-01/deploymentTemplate.json#",
  "contentVersion": "1.0.0.0",
  "metadata": {
    "author": "Manish Kumar - maniskumar@microsoft.com",
    "comments": "Solution template for SecurityThreatEssentialSolution"
  },
  "parameters": {
    "location": {
      "type": "string",
      "minLength": 1,
      "defaultValue": "[resourceGroup().location]",
      "metadata": {
        "description": "Not used, but needed to pass arm-ttk test `Location-Should-Not-Be-Hardcoded`.  We instead use the `workspace-location` which is derived from the LA workspace"
      }
    },
    "workspace-location": {
      "type": "string",
      "defaultValue": "",
      "metadata": {
        "description": "[concat('Region to deploy solution resources -- separate from location selection',parameters('location'))]"
      }
    },
    "workspace": {
      "defaultValue": "",
      "type": "string",
      "metadata": {
        "description": "Workspace name for Log Analytics where Sentinel is setup"
      }
    },
    "analytic1-id": {
      "type": "string",
      "defaultValue": "[newGuid()]",
      "minLength": 1,
      "metadata": {
        "description": "Unique id for the scheduled alert rule"
      }
    },
    "analytic2-id": {
      "type": "string",
      "defaultValue": "[newGuid()]",
      "minLength": 1,
      "metadata": {
        "description": "Unique id for the scheduled alert rule"
      }
    },
    "analytic3-id": {
      "type": "string",
      "defaultValue": "[newGuid()]",
      "minLength": 1,
      "metadata": {
        "description": "Unique id for the scheduled alert rule"
      }
    },
    "analytic4-id": {
      "type": "string",
      "defaultValue": "[newGuid()]",
      "minLength": 1,
      "metadata": {
        "description": "Unique id for the scheduled alert rule"
      }
    },
    "analytic5-id": {
      "type": "string",
      "defaultValue": "[newGuid()]",
      "minLength": 1,
      "metadata": {
        "description": "Unique id for the scheduled alert rule"
      }
    },
    "analytic6-id": {
      "type": "string",
      "defaultValue": "[newGuid()]",
      "minLength": 1,
      "metadata": {
        "description": "Unique id for the scheduled alert rule"
      }
    }
  },
  "variables": {
    "Signins-from-NordVPN-Providers_HuntingQueries": "Signins-from-NordVPN-Providers_HuntingQueries",
    "_Signins-from-NordVPN-Providers_HuntingQueries": "[variables('Signins-from-NordVPN-Providers_HuntingQueries')]",
    "workspace-dependency": "[concat('Microsoft.OperationalInsights/workspaces/', parameters('workspace'))]",
    "Signins-From-VPS-Providers_HuntingQueries": "Signins-From-VPS-Providers_HuntingQueries",
    "_Signins-From-VPS-Providers_HuntingQueries": "[variables('Signins-From-VPS-Providers_HuntingQueries')]",
    "Threat_Essentials_Mail_redirect_via_ExO_transport_rule_AnalyticalRules": "Threat_Essentials_Mail_redirect_via_ExO_transport_rule_AnalyticalRules",
    "_Threat_Essentials_Mail_redirect_via_ExO_transport_rule_AnalyticalRules": "[variables('Threat_Essentials_Mail_redirect_via_ExO_transport_rule_AnalyticalRules')]",
    "Threat_Essentials_MultipleAdmin_membership_removals_from_NewAdmin_AnalyticalRules": "Threat_Essentials_MultipleAdmin_membership_removals_from_NewAdmin_AnalyticalRules",
    "_Threat_Essentials_MultipleAdmin_membership_removals_from_NewAdmin_AnalyticalRules": "[variables('Threat_Essentials_MultipleAdmin_membership_removals_from_NewAdmin_AnalyticalRules')]",
    "Threat_Essentials_NRT_UseraddedtoPrivilgedGroups_AnalyticalRules": "Threat_Essentials_NRT_UseraddedtoPrivilgedGroups_AnalyticalRules",
    "_Threat_Essentials_NRT_UseraddedtoPrivilgedGroups_AnalyticalRules": "[variables('Threat_Essentials_NRT_UseraddedtoPrivilgedGroups_AnalyticalRules')]",
    "Threat_Essentials_TimeSeriesAnomaly_Mass_Cloud_Resource_Deletions_AnalyticalRules": "Threat_Essentials_TimeSeriesAnomaly_Mass_Cloud_Resource_Deletions_AnalyticalRules",
    "_Threat_Essentials_TimeSeriesAnomaly_Mass_Cloud_Resource_Deletions_AnalyticalRules": "[variables('Threat_Essentials_TimeSeriesAnomaly_Mass_Cloud_Resource_Deletions_AnalyticalRules')]",
    "Threat_Essentials_TimeSeriesAnomaly-MultiVendor_DataExfiltration_AnalyticalRules": "Threat_Essentials_TimeSeriesAnomaly-MultiVendor_DataExfiltration_AnalyticalRules",
    "_Threat_Essentials_TimeSeriesAnomaly-MultiVendor_DataExfiltration_AnalyticalRules": "[variables('Threat_Essentials_TimeSeriesAnomaly-MultiVendor_DataExfiltration_AnalyticalRules')]",
    "Threat_Essentials_UserAssignedPrivilegedRole_AnalyticalRules": "Threat_Essentials_UserAssignedPrivilegedRole_AnalyticalRules",
    "_Threat_Essentials_UserAssignedPrivilegedRole_AnalyticalRules": "[variables('Threat_Essentials_UserAssignedPrivilegedRole_AnalyticalRules')]",
    "sourceId": "azuresentinel.azure-sentinel-solution-securitythreatessentialsolution",
    "_sourceId": "[variables('sourceId')]"
  },
  "resources": [
    {
      "type": "Microsoft.OperationalInsights/workspaces",
      "apiVersion": "2020-08-01",
      "name": "[parameters('workspace')]",
      "location": "[parameters('workspace-location')]",
      "resources": [
        {
          "type": "savedSearches",
          "apiVersion": "2020-08-01",
          "name": "SecurityThreatEssentialSolution Hunting Query 1",
          "dependsOn": [
            "[variables('workspace-dependency')]"
          ],
          "properties": {
            "eTag": "*",
            "displayName": "Threat Essentials - Signins from Nord VPN Providers",
            "category": "Hunting Queries",
            "query": "let nord_vpn_feed = (externaldata(id:int,ip_address: string,search_keywords: dynamic,categories:dynamic,name: string,domain:string,price:int,flag:string,country:string,location:dynamic ,load: int ,features:dynamic)\n  [@\"https://raw.githubusercontent.com/microsoft/mstic/master/nordvpn-servers.csv\"] with (format=\"csv\", ignoreFirstRecord=True));\nSigninLogs \n  | where TimeGenerated > ago(4h) \n  | where ResultType == 0 \n  | summarize TotalEvents = count(), AppList = make_set(AppDisplayName),  StartTime = min(TimeGenerated), EndTime = max(TimeGenerated) by IPAddress, UserPrincipalName, ClientAppUsed, ConditionalAccessStatus, AuthenticationRequirement, RiskDetail \n  | join kind= inner nord_vpn_feed on $left.IPAddress == $right.ip_address\n  | project StartTime , EndTime, IPAddress, UserPrincipalName, AppList, ClientAppUsed, ConditionalAccessStatus, AuthenticationRequirement, RiskDetail, categories, domain, country\n  | extend timestamp = StartTime, AccountCustomEntity = UserPrincipalName, IPCustomEntity = IPAddress\n",
            "version": 1,
            "tags": [
              {
                "name": "description",
                "value": "This query looks for signin activity from NordVPN providers using the Public feed leveraging NordVPN API .Investigation any unknown signin attempts from VPN providers such as Nord VPN unless it is commonly seen from users in the organization"
              },
              {
                "name": "tactics",
                "value": "InitialAccess"
              }
            ]
          }
        },
        {
          "type": "savedSearches",
          "apiVersion": "2020-08-01",
          "name": "SecurityThreatEssentialSolution Hunting Query 2",
          "dependsOn": [
            "[variables('workspace-dependency')]"
          ],
          "properties": {
            "eTag": "*",
            "displayName": "Threat Essentials - Signins From VPS Providers",
            "category": "Hunting Queries",
            "query": "\nlet IP_Data = (externaldata(network:string)\n[@\"https://raw.githubusercontent.com/Azure/Azure-Sentinel/master/Sample%20Data/Feeds/VPS_Networks.csv\"] with (format=\"csv\"));\nSigninLogs\n| where ResultType == 0\n| extend additionalDetails = tostring(Status.additionalDetails)\n| evaluate ipv4_lookup(IP_Data, IPAddress, network, return_unmatched = false)\n| summarize make_set(additionalDetails), StartTime = min(TimeGenerated), EndTime = max(TimeGenerated) by IPAddress, UserPrincipalName\n// Uncomment the remaining lines to only see logons from VPS providers with token only logons.\n//| where array_length(set_additionalDetails) == 2\n//| where (set_additionalDetails[1] == \"MFA requirement satisfied by claim in the token\" and set_additionalDetails[0] == \"MFA requirement satisfied by claim provided by external provider\") or (set_additionalDetails[0] == \"MFA requirement satisfied by claim in the token\" and set_additionalDetails[1] == \"MFA requirement satisfied by claim provided by external provider\")\n| extend timestamp = StartTime, AccountCustomEntity = UserPrincipalName, IPCustomEntity = IPAddress\n",
            "version": 1,
            "tags": [
              {
                "name": "description",
                "value": "Looks for successful logons from known VPS provider network ranges with suspicious token based logon patterns.This is not an exhaustive list of VPS provider ranges but covers some of the most prevelent providers observed."
              },
              {
                "name": "tactics",
                "value": "InitialAccess"
              }
            ]
          }
        }
      ]
    },
    {
      "type": "Microsoft.OperationalInsights/workspaces/providers/alertRules",
      "name": "[concat(parameters('workspace'),'/Microsoft.SecurityInsights/',parameters('analytic1-id'))]",
      "apiVersion": "2021-03-01-preview",
      "kind": "Scheduled",
      "location": "[parameters('workspace-location')]",
      "properties": {
        "description": "Identifies when Exchange Online transport rule configured to forward emails.\nThis could be an adversary mailbox configured to collect mail from multiple user accounts.",
        "displayName": "Threat Essentials - Mail redirect via ExO transport rule",
        "enabled": false,
        "query": "\nOfficeActivity\n| where OfficeWorkload == \"Exchange\"\n| where Operation in~ (\"New-TransportRule\", \"Set-TransportRule\")\n| extend p = parse_json(Parameters)\n| extend RuleName = case(\n  Operation =~ \"Set-TransportRule\", tostring(OfficeObjectId),\n  Operation =~ \"New-TransportRule\", tostring(p[1].Value),\n  \"Unknown\"\n  ) \n| mvexpand p\n| where (p.Name =~ \"BlindCopyTo\" or p.Name =~ \"RedirectMessageTo\") and isnotempty(p.Value)\n| extend RedirectTo = p.Value\n| extend ClientIPOnly = case( \n  ClientIP has \".\" and ClientIP has \":\", tostring(split(ClientIP,\":\")[0]), \n  ClientIP has \".\" and ClientIP has \"-\", tostring(split(ClientIP,\"-\")[0]), \n  ClientIP has \"[\", tostring(trim_start(@'[[]',tostring(split(ClientIP,\"]\")[0]))),\n  ClientIP\n  )  \n| extend Port = case(\n  ClientIP has \".\" and ClientIP has \":\", (split(ClientIP,\":\")[1]),\n  ClientIP has \".\" and ClientIP has \"-\", (split(ClientIP,\"-\")[1]),\n  ClientIP has \"[\" and ClientIP has \":\", tostring(split(ClientIP,\"]:\")[1]),\n  ClientIP has \"[\" and ClientIP has \"-\", tostring(split(ClientIP,\"]-\")[1]),\n  ClientIP\n  )\n| extend ClientIP = ClientIPOnly\n| project TimeGenerated, RedirectTo, ClientIP, Port, UserId, Operation, RuleName\n| extend timestamp = TimeGenerated, AccountCustomEntity = UserId, IPCustomEntity = ClientIP \n",
        "queryFrequency": "P1D",
        "queryPeriod": "P1D",
        "severity": "Medium",
        "suppressionDuration": "PT1H",
        "suppressionEnabled": false,
        "triggerOperator": "GreaterThan",
        "triggerThreshold": 0,
        "tactics": [
          "Collection",
          "Exfiltration"
        ],
        "entityMappings": [
          {
            "entityType": "Account",
            "fieldMappings": [
              {
                "columnName": "AccountCustomEntity",
                "identifier": "FullName"
              }
            ]
          },
          {
            "entityType": "IP",
            "fieldMappings": [
              {
                "columnName": "IPCustomEntity",
                "identifier": "Address"
              }
            ]
          }
        ]
      }
    },
    {
      "type": "Microsoft.OperationalInsights/workspaces/providers/alertRules",
      "name": "[concat(parameters('workspace'),'/Microsoft.SecurityInsights/',parameters('analytic2-id'))]",
      "apiVersion": "2021-03-01-preview",
      "kind": "Scheduled",
      "location": "[parameters('workspace-location')]",
      "properties": {
        "description": "This query detects when newly created Global admin removes multiple existing global admins which can be an attempt by adversaries to lock down organization and retain sole access. \n Investigate reasoning and intention of multiple membership removal by new Global admins and take necessary actions accordingly.",
        "displayName": "Threat Essentials - Multiple admin membership removals from newly created admin.",
        "enabled": false,
        "query": "let lookback = 7d; \nlet timeframe = 1h; \nlet GlobalAdminsRemoved = AuditLogs \n| where TimeGenerated > ago(timeframe) \n| where Category =~ \"RoleManagement\" \n| where AADOperationType in (\"Unassign\", \"RemoveEligibleRole\") \n| where ActivityDisplayName has_any (\"Remove member from role\", \"Remove eligible member from role\") \n| mv-expand TargetResources \n| mv-expand TargetResources.modifiedProperties \n| extend displayName_ = tostring(TargetResources_modifiedProperties.displayName) \n| where displayName_ =~ \"Role.DisplayName\" \n| extend RoleName = tostring(parse_json(tostring(TargetResources_modifiedProperties.oldValue))) \n| where RoleName == \"Global Administrator\" // Add other Privileged role if applicable \n| extend InitiatingApp = tostring(parse_json(tostring(InitiatedBy.app)).displayName) \n| extend Initiator = iif(isnotempty(InitiatingApp), InitiatingApp, tostring(parse_json(tostring(InitiatedBy.user)).userPrincipalName)) \n| where Initiator != \"MS-PIM\"  // Filtering PIM events \n| extend Target = tostring(TargetResources.userPrincipalName) \n| summarize RemovedGlobalAdminTime = max(TimeGenerated), TargetAdmins = make_set(Target) by OperationName,  RoleName, Initiator, Result; \nlet GlobalAdminsAdded = AuditLogs \n| where TimeGenerated > ago(lookback) \n| where Category =~ \"RoleManagement\" \n| where AADOperationType in (\"Assign\", \"AssignEligibleRole\") \n| where ActivityDisplayName has_any (\"Add eligible member to role\", \"Add member to role\") and Result == \"success\" \n| mv-expand TargetResources \n| mv-expand TargetResources.modifiedProperties \n| extend displayName_ = tostring(TargetResources_modifiedProperties.displayName) \n| where displayName_ =~ \"Role.DisplayName\" \n| extend RoleName = tostring(parse_json(tostring(TargetResources_modifiedProperties.newValue))) \n| where RoleName == \"Global Administrator\" // Add other Privileged role if applicable \n| extend InitiatingApp = tostring(parse_json(tostring(InitiatedBy.app)).displayName) \n| extend Initiator = iif(isnotempty(InitiatingApp), InitiatingApp, tostring(parse_json(tostring(InitiatedBy.user)).userPrincipalName)) \n| where Initiator != \"MS-PIM\"  // Filtering PIM events \n| extend Target = tostring(TargetResources.userPrincipalName) \n| summarize AddedGlobalAdminTime = max(TimeGenerated) by OperationName,  RoleName, Target, Initiator, Result \n| extend AccountCustomEntity = Target; \nGlobalAdminsAdded \n| join kind= inner GlobalAdminsRemoved on $left.Target == $right.Initiator \n| where AddedGlobalAdminTime < RemovedGlobalAdminTime \n| extend NoofAdminsRemoved = array_length(TargetAdmins) \n| where NoofAdminsRemoved > 1\n| project AddedGlobalAdminTime, Initiator, Target, AccountCustomEntity, RemovedGlobalAdminTime, TargetAdmins, NoofAdminsRemoved\n",
        "queryFrequency": "PT1H",
        "queryPeriod": "P7D",
        "severity": "Medium",
        "suppressionDuration": "PT1H",
        "suppressionEnabled": false,
        "triggerOperator": "GreaterThan",
        "triggerThreshold": 0,
        "tactics": [
          "Impact"
        ],
        "entityMappings": [
          {
            "entityType": "Account",
            "fieldMappings": [
              {
                "columnName": "AccountCustomEntity",
                "identifier": "FullName"
              }
            ]
          }
        ]
      }
    },
    {
      "type": "Microsoft.OperationalInsights/workspaces/providers/alertRules",
      "name": "[concat(parameters('workspace'),'/Microsoft.SecurityInsights/',parameters('analytic3-id'))]",
      "apiVersion": "2021-03-01-preview",
      "kind": "Scheduled",
      "location": "[parameters('workspace-location')]",
      "properties": {
        "description": "This will alert when a user is added to any of the Privileged Groups.\nFor further information on AuditLogs please see https://docs.microsoft.com/azure/active-directory/reports-monitoring/reference-audit-activities.\nFor Administrator role permissions in Azure Active Directory please see https://docs.microsoft.com/azure/active-directory/users-groups-roles/directory-assign-admin-roles",
        "displayName": "Threat Essentials - NRT User added to Azure Active Directory Privileged Groups",
        "enabled": false,
        "query": "let OperationList = dynamic([\"Add member to role\",\"Add member to role in PIM requested (permanent)\"]);\nlet PrivilegedGroups = dynamic([\"UserAccountAdmins\",\"PrivilegedRoleAdmins\",\"TenantAdmins\"]);\nAuditLogs\n//| where LoggedByService =~ \"Core Directory\"\n| where Category =~ \"RoleManagement\"\n| where OperationName in~ (OperationList)\n| mv-expand TargetResources\n| extend modProps = parse_json(TargetResources).modifiedProperties\n| mv-expand bagexpansion=array modProps\n| evaluate bag_unpack(modProps)\n| extend displayName = column_ifexists(\"displayName\", \"NotAvailable\"), newValue = column_ifexists(\"newValue\", \"NotAvailable\")\n| where displayName =~ \"Role.WellKnownObjectName\"\n| extend DisplayName = displayName, GroupName = replace('\"','',newValue)\n| extend initByApp = parse_json(InitiatedBy).app, initByUser = parse_json(InitiatedBy).user\n| extend AppId = initByApp.appId,\nInitiatedByDisplayName = case(isnotempty(initByApp.displayName), initByApp.displayName, isnotempty(initByUser.displayName), initByUser.displayName, \"not available\"),\nServicePrincipalId = tostring(initByApp.servicePrincipalId),\nServicePrincipalName = tostring(initByApp.servicePrincipalName),\nUserId = initByUser.id,\nUserIPAddress = initByUser.ipAddress,\nUserRoles = initByUser.roles,\nUserPrincipalName = tostring(initByUser.userPrincipalName),\nTargetUserPrincipalName = tostring(TargetResources.userPrincipalName)\n| where GroupName in~ (PrivilegedGroups)\n// If you don't want to alert for operations from PIM, remove below filtering for MS-PIM.\n//| where InitiatedByDisplayName != \"MS-PIM\"\n| project TimeGenerated, AADOperationType, Category, OperationName, AADTenantId, AppId, InitiatedByDisplayName, ServicePrincipalId, ServicePrincipalName, DisplayName, GroupName, UserId, UserIPAddress, UserRoles, UserPrincipalName, TargetUserPrincipalName\n| extend AccountCustomEntity = case(isnotempty(ServicePrincipalName), ServicePrincipalName, isnotempty(ServicePrincipalId), ServicePrincipalId, isnotempty(UserPrincipalName), UserPrincipalName, \"not available\")\n",
        "queryFrequency": "P1D",
        "queryPeriod": "P14D",
        "severity": "Medium",
        "suppressionDuration": "PT1H",
        "suppressionEnabled": false,
        "triggerOperator": "GreaterThan",
        "triggerThreshold": 0,
        "tactics": [
          "Persistence",
          "PrivilegeEscalation"
        ],
        "entityMappings": [
          {
            "entityType": "Account",
            "fieldMappings": [
              {
                "columnName": "AccountCustomEntity",
                "identifier": "FullName"
              }
            ]
          },
          {
            "entityType": "Account",
            "fieldMappings": [
              {
                "columnName": "TargetUserPrincipalName",
                "identifier": "FullName"
              }
            ]
          }
        ]
      }
    },
    {
      "type": "Microsoft.OperationalInsights/workspaces/providers/alertRules",
      "name": "[concat(parameters('workspace'),'/Microsoft.SecurityInsights/',parameters('analytic4-id'))]",
      "apiVersion": "2021-03-01-preview",
      "kind": "Scheduled",
      "location": "[parameters('workspace-location')]",
      "properties": {
        "description": "This query generates baseline pattern of cloud resource deletions by an user and generated anomaly \nwhen any unusual spike is detected.\nThese anomalies from unusual or privileged users could be an indication of cloud infrastructure \ntake-down by an adversary ",
        "displayName": "Threat Essentials - Mass Cloud resource deletions Time Series Anomaly",
        "enabled": false,
        "query": "let starttime = 14d;\nlet endtime = 1d;\nlet timeframe = 1h;\nlet TotalEventsThreshold = 25; \nlet TimeSeriesData = \nAzureActivity \n| where TimeGenerated between (startofday(ago(starttime))..startofday(ago(endtime)))\n| where OperationNameValue endswith \"delete\" \n| project TimeGenerated, Caller \n| make-series Total = count() on TimeGenerated from startofday(ago(starttime)) to startofday(ago(endtime)) step timeframe by Caller; \nlet TimeSeriesAlerts = materialize(TimeSeriesData \n| extend (anomalies, score, baseline) = series_decompose_anomalies(Total, 3, -1, 'linefit') \n| mv-expand Total to typeof(double), TimeGenerated to typeof(datetime), anomalies to typeof(double), score to typeof(double), baseline to typeof(long) \n| where anomalies > 0 \n| project Caller, TimeGenerated, Total, baseline, anomalies, score \n| where Total > TotalEventsThreshold and baseline > 0 ); \nTimeSeriesAlerts \n| where TimeGenerated > (ago(endtime)) \n| project TimeGenerated, Caller \n| join (AzureActivity \n| where TimeGenerated > (ago(endtime)) \n| where OperationNameValue endswith \"delete\" \n| summarize count(), make_set(OperationNameValue), make_set(Resource) by bin(TimeGenerated, 1h), Caller) on TimeGenerated, Caller \n| extend timestamp = TimeGenerated, AccountCustomEntity = Caller\n",
        "queryFrequency": "P1D",
        "queryPeriod": "P14D",
        "severity": "Medium",
        "suppressionDuration": "PT1H",
        "suppressionEnabled": false,
        "triggerOperator": "GreaterThan",
        "triggerThreshold": 0,
        "tactics": [
          "Impact"
        ],
        "entityMappings": [
          {
            "entityType": "Account",
            "fieldMappings": [
              {
                "columnName": "AccountCustomEntity",
                "identifier": "FullName"
              }
            ]
          }
        ]
      }
    },
    {
      "type": "Microsoft.OperationalInsights/workspaces/providers/alertRules",
      "name": "[concat(parameters('workspace'),'/Microsoft.SecurityInsights/',parameters('analytic5-id'))]",
      "apiVersion": "2021-03-01-preview",
      "kind": "Scheduled",
      "location": "[parameters('workspace-location')]",
      "properties": {
        "description": "Identifies anomalous data transfer to public networks. The query leverages built-in KQL anomaly detection algorithms that detects large deviations from a baseline pattern.\nA sudden increase in data transferred to unknown public networks is an indication of data exfiltration attempts and should be investigated.\nThe higher the score, the further it is from the baseline value.\nThe output is aggregated to provide summary view of unique source IP to destination IP address and port bytes sent traffic observed in the flagged anomaly hour.\nThe source IP addresses which were sending less than bytessentperhourthreshold have been exluded whose value can be adjusted as needed .\nYou may have to run queries for individual source IP addresses from SourceIPlist to determine if anything looks suspicious",
        "displayName": "Threat Essentials - Time series anomaly for data size transferred to public internet",
        "enabled": false,
        "query": "\nlet starttime = 14d;\nlet endtime = 1d;\nlet timeframe = 1h;\nlet scorethreshold = 5;\nlet bytessentperhourthreshold = 10;\nlet PrivateIPregex = @'^127\\.|^10\\.|^172\\.1[6-9]\\.|^172\\.2[0-9]\\.|^172\\.3[0-1]\\.|^192\\.168\\.';\nlet TimeSeriesData = (union isfuzzy=true\n(\nVMConnection\n| where TimeGenerated between (startofday(ago(starttime))..startofday(ago(endtime)))\n| where isnotempty(DestinationIp) and isnotempty(SourceIp)\n| extend DestinationIpType = iff(DestinationIp matches regex PrivateIPregex,\"private\" ,\"public\" )\n| where DestinationIpType == \"public\" | extend DeviceVendor = \"VMConnection\"\n| project TimeGenerated, BytesSent, DeviceVendor\n| make-series TotalBytesSent=sum(BytesSent) on TimeGenerated from startofday(ago(starttime)) to startofday(ago(endtime)) step timeframe by DeviceVendor\n),\n(\nCommonSecurityLog\n| where TimeGenerated between (startofday(ago(starttime))..startofday(ago(endtime)))\n| where isnotempty(DestinationIP) and isnotempty(SourceIP)\n| extend DestinationIpType = iff(DestinationIP matches regex PrivateIPregex,\"private\" ,\"public\" )\n| where DestinationIpType == \"public\"\n| project TimeGenerated, SentBytes, DeviceVendor\n| make-series TotalBytesSent=sum(SentBytes) on TimeGenerated from startofday(ago(starttime)) to startofday(ago(endtime)) step timeframe by DeviceVendor\n)\n);\n//Filter anomolies against TimeSeriesData\nlet TimeSeriesAlerts = materialize(TimeSeriesData\n| extend (anomalies, score, baseline) = series_decompose_anomalies(TotalBytesSent, scorethreshold, -1, 'linefit')\n| mv-expand TotalBytesSent to typeof(double), TimeGenerated to typeof(datetime), anomalies to typeof(double),score to typeof(double), baseline to typeof(long)\n| where anomalies > 0 | extend AnomalyHour = TimeGenerated\n| extend TotalBytesSentinMBperHour = round(((TotalBytesSent / 1024)/1024),2), baselinebytessentperHour = round(((baseline / 1024)/1024),2), score = round(score,2)\n| project DeviceVendor, AnomalyHour, TimeGenerated, TotalBytesSentinMBperHour, baselinebytessentperHour, anomalies, score);\nlet AnomalyHours = materialize(TimeSeriesAlerts  | where TimeGenerated > ago(2d) | project TimeGenerated);\n//Union of all BaseLogs aggregated per hour\nlet BaseLogs = (union isfuzzy=true\n(\nCommonSecurityLog\n| where isnotempty(DestinationIP) and isnotempty(SourceIP)\n| where TimeGenerated > ago(2d)\n| extend DateHour = bin(TimeGenerated, 1h) // create a new column and round to hour\n| where DateHour in ((AnomalyHours)) //filter the dataset to only selected anomaly hours\n| extend DestinationIpType = iff(DestinationIP matches regex PrivateIPregex,\"private\" ,\"public\" )\n| where DestinationIpType == \"public\"\n| extend SentBytesinMB = ((SentBytes / 1024)/1024), ReceivedBytesinMB = ((ReceivedBytes / 1024)/1024)\n| summarize HourlyCount = count(), TimeGeneratedMax=arg_max(TimeGenerated, *), DestinationIPList=make_set(DestinationIP, 100), DestinationPortList = make_set(DestinationPort,100), TotalSentBytesinMB = sum(SentBytesinMB), TotalReceivedBytesinMB = sum(ReceivedBytesinMB) by SourceIP, DeviceVendor, TimeGeneratedHour=bin(TimeGenerated,1h)\n| where TotalSentBytesinMB > bytessentperhourthreshold\n| sort by TimeGeneratedHour asc, TotalSentBytesinMB desc\n| extend Rank=row_number(1, prev(TimeGeneratedHour) != TimeGeneratedHour) // Ranking the dataset per Hourly Partition\n| where Rank < 10  // Selecting Top 10 records with Highest BytesSent in each Hour\n| project DeviceVendor, TimeGeneratedHour, TimeGeneratedMax, SourceIP, DestinationIPList, DestinationPortList, TotalSentBytesinMB, TotalReceivedBytesinMB, Rank\n),\n(\nVMConnection\n| where isnotempty(DestinationIp) and isnotempty(SourceIp)\n| where TimeGenerated > ago(2d)\n| extend DateHour = bin(TimeGenerated, 1h) // create a new column and round to hour\n| where DateHour in ((AnomalyHours)) //filter the dataset to only selected anomaly hours\n| extend SourceIP = SourceIp, DestinationIP = DestinationIp\n| extend DestinationIpType = iff(DestinationIp matches regex PrivateIPregex,\"private\" ,\"public\" )\n| where DestinationIpType == \"public\" | extend DeviceVendor = \"VMConnection\"\n| extend SentBytesinMB = ((BytesSent / 1024)/1024), ReceivedBytesinMB = ((BytesReceived / 1024)/1024)\n| summarize HourlyCount = count(),TimeGeneratedMax=arg_max(TimeGenerated, *), DestinationIPList=make_set(DestinationIP, 100), DestinationPortList = make_set(DestinationPort, 100), TotalSentBytesinMB = sum(SentBytesinMB),TotalReceivedBytesinMB = sum(ReceivedBytesinMB) by SourceIP, DeviceVendor, TimeGeneratedHour=bin(TimeGenerated,1h)\n| where TotalSentBytesinMB > bytessentperhourthreshold\n| sort by TimeGeneratedHour asc, TotalSentBytesinMB desc\n| extend Rank=row_number(1, prev(TimeGeneratedHour) != TimeGeneratedHour) // Ranking the dataset per Hourly Partition\n| where Rank < 10  // Selecting Top 10 records with Highest BytesSent in each Hour\n| project DeviceVendor, TimeGeneratedHour, TimeGeneratedMax, SourceIP, DestinationIPList, DestinationPortList, TotalSentBytesinMB, TotalReceivedBytesinMB, Rank\n)\n);\n// Join against base logs to retrive records associated with the hour of anomoly\nTimeSeriesAlerts\n| where TimeGenerated > ago(2d)\n| join (\n    BaseLogs | extend AnomalyHour = TimeGeneratedHour\n) on DeviceVendor, AnomalyHour | sort by score desc\n| project DeviceVendor, AnomalyHour,TimeGeneratedMax, SourceIP, DestinationIPList, DestinationPortList, TotalSentBytesinMB, TotalReceivedBytesinMB, TotalBytesSentinMBperHour, baselinebytessentperHour, score, anomalies\n| summarize EventCount = count(), StartTimeUtc= min(TimeGeneratedMax), EndTimeUtc= max(TimeGeneratedMax), SourceIPMax= arg_max(SourceIP,*), TotalBytesSentinMB = sum(TotalSentBytesinMB), TotalBytesReceivedinMB = sum(TotalReceivedBytesinMB), SourceIPList = make_set(SourceIP, 100), DestinationIPList = make_set(DestinationIPList, 100) by AnomalyHour,TotalBytesSentinMBperHour, baselinebytessentperHour, score, anomalies\n| project DeviceVendor, AnomalyHour, StartTimeUtc, EndTimeUtc, SourceIPMax, SourceIPList, DestinationIPList, DestinationPortList, TotalBytesSentinMB, TotalBytesReceivedinMB, TotalBytesSentinMBperHour, baselinebytessentperHour, score, anomalies, EventCount\n| extend timestamp =EndTimeUtc, IPCustomEntity = SourceIPMax\n",
        "queryFrequency": "P1D",
        "queryPeriod": "P14D",
        "severity": "Medium",
        "suppressionDuration": "PT1H",
        "suppressionEnabled": false,
        "triggerOperator": "GreaterThan",
        "triggerThreshold": 1,
        "tactics": [
          "Exfiltration"
        ],
        "entityMappings": [
          {
            "entityType": "IP",
            "fieldMappings": [
              {
                "columnName": "IPCustomEntity",
                "identifier": "Address"
              }
            ]
          }
        ]
      }
    },
    {
      "type": "Microsoft.OperationalInsights/workspaces/providers/alertRules",
      "name": "[concat(parameters('workspace'),'/Microsoft.SecurityInsights/',parameters('analytic6-id'))]",
      "apiVersion": "2021-03-01-preview",
      "kind": "Scheduled",
      "location": "[parameters('workspace-location')]",
      "properties": {
        "description": "Identifies when a new privileged role is assigned to a user.  Any account eligible for a role is now being given privileged access. If the assignment is unexpected or into a role that isn't the responsibility of the account holder, investigate.\nRef : https://docs.microsoft.com/azure/active-directory/fundamentals/security-operations-privileged-accounts#things-to-monitor-1",
        "displayName": "Threat Essentials - User Assigned Privileged Role",
        "enabled": false,
        "query": "AuditLogs\n| where Category =~ \"RoleManagement\"\n| where AADOperationType in (\"Assign\", \"AssignEligibleRole\")\n| where ActivityDisplayName has_any (\"Add eligible member to role\", \"Add member to role\")\n| mv-expand TargetResources\n| mv-expand TargetResources.modifiedProperties\n| extend displayName_ = tostring(TargetResources_modifiedProperties.displayName)\n| where displayName_ =~ \"Role.DisplayName\"\n| extend RoleName = tostring(parse_json(tostring(TargetResources_modifiedProperties.newValue)))\n| where RoleName contains \"Admin\"\n| extend InitiatingApp = tostring(parse_json(tostring(InitiatedBy.app)).displayName)\n| extend Initiator = iif(isnotempty(InitiatingApp), InitiatingApp, tostring(parse_json(tostring(InitiatedBy.user)).userPrincipalName))\n| extend Target = tostring(TargetResources.userPrincipalName)\n| summarize by bin(TimeGenerated, 1h), OperationName,  RoleName, Target, Initiator, Result\n| extend AccountCustomEntity = Target\n",
        "queryFrequency": "PT2H",
        "queryPeriod": "PT2H",
        "severity": "High",
        "suppressionDuration": "PT1H",
        "suppressionEnabled": false,
        "triggerOperator": "GreaterThan",
        "triggerThreshold": 0,
        "tactics": [
          "Persistence"
        ],
        "entityMappings": [
          {
            "entityType": "Account",
            "fieldMappings": [
              {
                "columnName": "Initiator",
                "identifier": "FullName"
              }
            ]
          },
          {
            "entityType": "Account",
            "fieldMappings": [
              {
                "columnName": "AccountCustomEntity",
                "identifier": "FullName"
              }
            ]
          }
        ]
      }
    },
    {
      "type": "Microsoft.OperationalInsights/workspaces/providers/metadata",
      "apiVersion": "2021-03-01-preview",
      "properties": {
        "version": "1.0.0",
        "kind": "Solution",
        "contentId": "[variables('_sourceId')]",
        "parentId": "[variables('_sourceId')]",
        "source": {
          "kind": "Solution",
          "name": "SecurityThreatEssentialSolution",
          "sourceId": "[variables('_sourceId')]"
        },
        "author": {
          "name": "Manish Kumar",
          "email": "maniskumar@microsoft.com"
        },
        "support": {
          "name": "Microsoft Corporation",
          "email": "support@microsoft.com",
          "tier": "Microsoft",
          "link": "https://support.microsoft.com"
        },
        "dependencies": {
          "operator": "AND",
          "criteria": [
            {
              "kind": "HuntingQuery",
              "contentId": "[variables('_Signins-from-NordVPN-Providers_HuntingQueries')]",
              "version": "1.0.0"
            },
            {
              "kind": "HuntingQuery",
              "contentId": "[variables('_Signins-From-VPS-Providers_HuntingQueries')]",
              "version": "1.0.0"
            },
            {
              "kind": "AnalyticsRule",
              "contentId": "[variables('_Threat_Essentials_Mail_redirect_via_ExO_transport_rule_AnalyticalRules')]",
              "version": "1.0.0"
            },
            {
              "kind": "AnalyticsRule",
              "contentId": "[variables('_Threat_Essentials_MultipleAdmin_membership_removals_from_NewAdmin_AnalyticalRules')]",
              "version": "1.0.0"
            },
            {
              "kind": "AnalyticsRule",
              "contentId": "[variables('_Threat_Essentials_NRT_UseraddedtoPrivilgedGroups_AnalyticalRules')]",
              "version": "1.0.0"
            },
            {
              "kind": "AnalyticsRule",
              "contentId": "[variables('_Threat_Essentials_TimeSeriesAnomaly_Mass_Cloud_Resource_Deletions_AnalyticalRules')]",
              "version": "1.0.0"
            },
            {
              "kind": "AnalyticsRule",
              "contentId": "[variables('_Threat_Essentials_TimeSeriesAnomaly-MultiVendor_DataExfiltration_AnalyticalRules')]",
              "version": "1.0.0"
            },
            {
              "kind": "AnalyticsRule",
              "contentId": "[variables('_Threat_Essentials_UserAssignedPrivilegedRole_AnalyticalRules')]",
              "version": "1.0.0"
            }
          ]
        },
        "firstPublishDate": "2022-03-30",
        "providers": [
          "Microsoft"
        ],
        "categories": {
          "domains": [
            "Security – Others"
          ]
        }
      },
      "name": "[concat(parameters('workspace'),'/Microsoft.SecurityInsights/', variables('_sourceId'))]"
    }
  ],
  "outputs": {}
}
