{
  "$schema": "https://schema.management.azure.com/schemas/0.1.2-preview/CreateUIDefinition.MultiVm.json#",
  "handler": "Microsoft.Azure.CreateUIDef",
  "version": "0.1.2-preview",
  "parameters": {
    "config": {
      "isWizard": false,
      "basics": {
        "description": "<img src ='https://raw.githubusercontent.com/Azure/Azure-Sentinel/master/Logos/google_logo.svg' width='75px' height='75px'>\n\n**Note:** Please refer to the following before installing the solution: \n\n• Review the solution [Release Notes](https://github.com/Azure/Azure-Sentinel/tree/master/Solutions/Google%20Cloud%20Platform%20Security%20Command%20Center/ReleaseNotes.md)\n\n • There may be [known issues](https://aka.ms/sentinelsolutionsknownissues) pertaining to this Solution, please refer to them before installing.\n\nThe Google Cloud Platform (GCP) Security Command Center is a comprehensive security and risk management platform for Google Cloud, ingested from Sentinel's connector. It offers features such as asset inventory and discovery, vulnerability and threat detection, and risk mitigation and remediation to help you gain insight into your organization's security and data attack surface. This integration enables you to perform tasks related to findings and assets more effectively.\n\n**Data Connectors:** 1, **Analytic Rules:** 5, **Hunting Queries:** 5\n\n[Learn more about Microsoft Sentinel](https://aka.ms/azuresentinel) | [Learn more about Solutions](https://aka.ms/azuresentinelsolutionsdoc)",
        "subscription": {
          "resourceProviders": [
            "Microsoft.OperationsManagement/solutions",
            "Microsoft.OperationalInsights/workspaces/providers/alertRules",
            "Microsoft.Insights/workbooks",
            "Microsoft.Logic/workflows"
          ]
        },
        "location": {
          "metadata": {
            "hidden": "Hiding location, we get it from the log analytics workspace"
          },
          "visible": false
        },
        "resourceGroup": {
          "allowExisting": true
        }
      }
    },
    "basics": [
      {
        "name": "getLAWorkspace",
        "type": "Microsoft.Solutions.ArmApiControl",
        "toolTip": "This filters by workspaces that exist in the Resource Group selected",
        "condition": "[greater(length(resourceGroup().name),0)]",
        "request": {
          "method": "GET",
          "path": "[concat(subscription().id,'/providers/Microsoft.OperationalInsights/workspaces?api-version=2020-08-01')]"
        }
      },
      {
        "name": "workspace",
        "type": "Microsoft.Common.DropDown",
        "label": "Workspace",
        "placeholder": "Select a workspace",
        "toolTip": "This dropdown will list only workspace that exists in the Resource Group selected",
        "constraints": {
          "allowedValues": "[map(filter(basics('getLAWorkspace').value, (filter) => contains(toLower(filter.id), toLower(resourceGroup().name))), (item) => parse(concat('{\"label\":\"', item.name, '\",\"value\":\"', item.name, '\"}')))]",
          "required": true
        },
        "visible": true
      }
    ],
    "steps": [
      {
        "name": "dataconnectors",
        "label": "Data Connectors",
        "bladeTitle": "Data Connectors",
        "elements": [
          {
            "name": "dataconnectors1-text",
            "type": "Microsoft.Common.TextBlock",
            "options": {
              "text": "This Solution installs the data connector for Google Cloud Platform Security Command Center. You can get Google Cloud Platform Security Command Center custom log data in your Microsoft Sentinel workspace. After installing the solution, configure and enable this data connector by following guidance in Manage solution view."
            }
          },
          {
            "name": "dataconnectors-link1",
            "type": "Microsoft.Common.TextBlock",
            "options": {
              "link": {
                "label": "Learn more about connecting data sources",
                "uri": "https://docs.microsoft.com/azure/sentinel/connect-data-sources"
              }
            }
          }
        ]
      },
      {
        "name": "analytics",
        "label": "Analytics",
        "subLabel": {
          "preValidation": "Configure the analytics",
          "postValidation": "Done"
        },
        "bladeTitle": "Analytics",
        "elements": [
          {
            "name": "analytics-text",
            "type": "Microsoft.Common.TextBlock",
            "options": {
              "text": "This solution installs the following analytic rule templates. After installing the solution, create and enable analytic rules in Manage solution view."
            }
          },
          {
            "name": "analytics-link",
            "type": "Microsoft.Common.TextBlock",
            "options": {
              "link": {
                "label": "Learn more",
                "uri": "https://docs.microsoft.com/azure/sentinel/tutorial-detect-threats-custom?WT.mc_id=Portal-Microsoft_Azure_CreateUIDef"
              }
            }
          },
          {
            "name": "analytic1",
            "type": "Microsoft.Common.Section",
            "label": "GCP Security Command Center - Detect Open/Unrestricted API Keys",
            "elements": [
              {
                "name": "analytic1-text",
                "type": "Microsoft.Common.TextBlock",
                "options": {
                  "text": "Detects Google Cloud projects that have API keys with unrestricted API access using Security Command Center API_KEY_APIS_UNRESTRICTED findings.\nThese findings indicate API keys that are not restricted to specific APIs and may allow broader access than intended."
                }
              }
            ]
          },
          {
            "name": "analytic2",
            "type": "Microsoft.Common.Section",
            "label": "GCP Security Command Center - Detect projects with API Keys present",
            "elements": [
              {
                "name": "analytic2-text",
                "type": "Microsoft.Common.TextBlock",
                "options": {
                  "text": "Detects Google Cloud projects that have API Keys present using Security Command Center API_KEY_EXISTS findings.\nProjects with API Keys may expose credentials that enable unauthorized access if keys are leaked."
                }
              }
            ]
          },
          {
            "name": "analytic3",
            "type": "Microsoft.Common.Section",
            "label": "GCP Security Command Center - Detect DNSSEC disabled for DNS zones",
            "elements": [
              {
                "name": "analytic3-text",
                "type": "Microsoft.Common.TextBlock",
                "options": {
                  "text": "Detects Google Cloud DNS zones where DNSSEC is disabled using Security Command Center findings (DNSSEC_DISABLED).\nDisabling DNSSEC increases risk of DNS hijacking and man-in-the-middle attacks. This analytic rule alerts on findings where DNSSEC is reported as disabled for a managed zone."
                }
              }
            ]
          },
          {
            "name": "analytic4",
            "type": "Microsoft.Common.Section",
            "label": "GCP Security Command Center - Detect Firewall rules allowing unrestricted high-risk ports",
            "elements": [
              {
                "name": "analytic4-text",
                "type": "Microsoft.Common.TextBlock",
                "options": {
                  "text": "This query detects GCP Firewall rules that allow unrestricted (0.0.0.0/0) ingress to high-risk ports using Google Cloud Security Command Center OPEN_FIREWALL findings.\nPublicly exposed management, database, and service ports (e.g., RDP 3389, SSH 22, SQL 1433/3306) significantly increase the risk of brute-force attacks, exploitation, and lateral movement."
                }
              }
            ]
          },
          {
            "name": "analytic5",
            "type": "Microsoft.Common.Section",
            "label": "GCP Security Command Center - Detect Resources with Logging Disabled",
            "elements": [
              {
                "name": "analytic5-text",
                "type": "Microsoft.Common.TextBlock",
                "options": {
                  "text": "Detects Google Cloud resources where logging is disabled for services like (Cloud Storage buckets, Firewall rules, Cloud DNS networks) based on Google Cloud Security Command Center findings."
                }
              }
            ]
          }
        ]
      },
      {
        "name": "huntingqueries",
        "label": "Hunting Queries",
        "bladeTitle": "Hunting Queries",
        "elements": [
          {
            "name": "huntingqueries-text",
            "type": "Microsoft.Common.TextBlock",
            "options": {
              "text": "This solution installs the following hunting queries. After installing the solution, run these hunting queries to hunt for threats in Manage solution view. "
            }
          },
          {
            "name": "huntingqueries-link",
            "type": "Microsoft.Common.TextBlock",
            "options": {
              "link": {
                "label": "Learn more",
                "uri": "https://docs.microsoft.com/azure/sentinel/hunting"
              }
            }
          },
          {
            "name": "huntingquery1",
            "type": "Microsoft.Common.Section",
            "label": "Identify GCP Service Account with Overly Permissive Roles",
            "elements": [
              {
                "name": "huntingquery1-text",
                "type": "Microsoft.Common.TextBlock",
                "options": {
                  "text": "This query identifies Google Cloud Platform (GCP) service accounts with admin privileges using findings from the Security Command Center. This hunting query depends on GCPSecurityCommandCenter data connector (GoogleCloudSCC Parser or Table)"
                }
              }
            ]
          },
          {
            "name": "huntingquery2",
            "type": "Microsoft.Common.Section",
            "label": "Identify Compute VMs with Secure Boot Disabled",
            "elements": [
              {
                "name": "huntingquery2-text",
                "type": "Microsoft.Common.TextBlock",
                "options": {
                  "text": "Identifies Google Compute Engine VM instances reported by Security Command Center with Secure Boot disabled (COMPUTE_SECURE_BOOT_DISABLED findings). This hunting query depends on GCPSecurityCommandCenter data connector (GoogleCloudSCC Parser or Table)"
                }
              }
            ]
          },
          {
            "name": "huntingquery3",
            "type": "Microsoft.Common.Section",
            "label": "Identify GCP Instances with Full API Access",
            "elements": [
              {
                "name": "huntingquery3-text",
                "type": "Microsoft.Common.TextBlock",
                "options": {
                  "text": "Identifies Google Cloud Platform Compute Engine instances that are configured with the \"Allow full access to all Cloud APIs\" scope using Security Command Center FULL_API_ACCESS findings. This hunting query depends on GCPSecurityCommandCenter data connector (GoogleCloudSCC Parser or Table)"
                }
              }
            ]
          },
          {
            "name": "huntingquery4",
            "type": "Microsoft.Common.Section",
            "label": "Identify Public GCP Storage Buckets",
            "elements": [
              {
                "name": "huntingquery4-text",
                "type": "Microsoft.Common.TextBlock",
                "options": {
                  "text": "Identifies Google Cloud Storage buckets that are publicly accessible using Security Command Center findings (PUBLIC_BUCKET_ACL). This hunting query depends on GCPSecurityCommandCenter data connector (GoogleCloudSCC Parser or Table)"
                }
              }
            ]
          },
          {
            "name": "huntingquery5",
            "type": "Microsoft.Common.Section",
            "label": "Identify GCP User-Managed Service Account Keys",
            "elements": [
              {
                "name": "huntingquery5-text",
                "type": "Microsoft.Common.TextBlock",
                "options": {
                  "text": "Identifies user-managed service account keys reported by Security Command Center findings (USER_MANAGED_SERVICE_ACCOUNT_KEY). This hunting query depends on GCPSecurityCommandCenter data connector (GoogleCloudSCC Parser or Table)"
                }
              }
            ]
          }
        ]
      }
    ],
    "outputs": {
      "workspace-location": "[first(map(filter(basics('getLAWorkspace').value, (filter) => and(contains(toLower(filter.id), toLower(resourceGroup().name)),equals(filter.name,basics('workspace')))), (item) => item.location))]",
      "location": "[location()]",
      "workspace": "[basics('workspace')]"
    }
  }
}
