{
  "$schema": "https://schema.management.azure.com/schemas/2019-04-01/deploymentTemplate.json#",
  "contentVersion": "1.0.0.0",
  "metadata": {
    "author": "KnowBe4 - support@knowbe4.com",
    "comments": "Solution template for KnowBe4 Defend"
  },
  "parameters": {
    "location": {
      "type": "string",
      "minLength": 1,
      "defaultValue": "[resourceGroup().location]",
      "metadata": {
        "description": "Not used, but needed to pass arm-ttk test `Location-Should-Not-Be-Hardcoded`.  We instead use the `workspace-location` which is derived from the LA workspace"
      }
    },
    "workspace-location": {
      "type": "string",
      "defaultValue": "",
      "metadata": {
        "description": "[concat('Region to deploy solution resources -- separate from location selection',parameters('location'))]"
      }
    },
    "workspace": {
      "defaultValue": "",
      "type": "string",
      "metadata": {
        "description": "Workspace name for Log Analytics where Microsoft Sentinel is setup"
      }
    },
    "workbook1-name": {
      "type": "string",
      "defaultValue": "KnowBe4 Defend Insights",
      "minLength": 1,
      "metadata": {
        "description": "Name for the workbook"
      }
    }
  },
  "variables": {
    "email": "support@knowbe4.com",
    "_email": "[variables('email')]",
    "_solutionName": "KnowBe4 Defend",
    "_solutionVersion": "3.1.0",
    "solutionId": "egress1589289169584.azure-sentinel-solution-egress-defend",
    "_solutionId": "[variables('solutionId')]",
    "workbookVersion1": "1.0.0",
    "workbookContentId1": "KnowBe4DefendMetricWorkbook",
    "workbookId1": "[resourceId('Microsoft.Insights/workbooks', variables('workbookContentId1'))]",
    "workbookTemplateSpecName1": "[concat(parameters('workspace'),'/Microsoft.SecurityInsights/',concat(parameters('workspace'),'-wb-',uniquestring(variables('_workbookContentId1'))))]",
    "_workbookContentId1": "[variables('workbookContentId1')]",
    "workspaceResourceId": "[resourceId('microsoft.OperationalInsights/Workspaces', parameters('workspace'))]",
    "_workbookcontentProductId1": "[concat(take(variables('_solutionId'),50),'-','wb','-', uniqueString(concat(variables('_solutionId'),'-','Workbook','-',variables('_workbookContentId1'),'-', variables('workbookVersion1'))))]",
    "analyticRuleObject1": {
      "analyticRuleVersion1": "1.0.0",
      "_analyticRulecontentId1": "a0e55dd4-8454-4396-91e6-f28fec3d2cab",
      "analyticRuleId1": "[resourceId('Microsoft.SecurityInsights/AlertRuleTemplates', 'a0e55dd4-8454-4396-91e6-f28fec3d2cab')]",
      "analyticRuleTemplateSpecName1": "[concat(parameters('workspace'),'/Microsoft.SecurityInsights/',concat(parameters('workspace'),'-ar-',uniquestring('a0e55dd4-8454-4396-91e6-f28fec3d2cab')))]",
      "_analyticRulecontentProductId1": "[concat(take(variables('_solutionId'),50),'-','ar','-', uniqueString(concat(variables('_solutionId'),'-','AnalyticsRule','-','a0e55dd4-8454-4396-91e6-f28fec3d2cab','-', '1.0.0')))]"
    },
    "analyticRuleObject2": {
      "analyticRuleVersion2": "1.0.0",
      "_analyticRulecontentId2": "a896123e-03a5-4a4d-a7e3-fd814846dfb2",
      "analyticRuleId2": "[resourceId('Microsoft.SecurityInsights/AlertRuleTemplates', 'a896123e-03a5-4a4d-a7e3-fd814846dfb2')]",
      "analyticRuleTemplateSpecName2": "[concat(parameters('workspace'),'/Microsoft.SecurityInsights/',concat(parameters('workspace'),'-ar-',uniquestring('a896123e-03a5-4a4d-a7e3-fd814846dfb2')))]",
      "_analyticRulecontentProductId2": "[concat(take(variables('_solutionId'),50),'-','ar','-', uniqueString(concat(variables('_solutionId'),'-','AnalyticsRule','-','a896123e-03a5-4a4d-a7e3-fd814846dfb2','-', '1.0.0')))]"
    },
    "parserObject1": {
      "_parserName1": "[concat(parameters('workspace'),'/','DefendAuditData')]",
      "_parserId1": "[resourceId('Microsoft.OperationalInsights/workspaces/savedSearches', parameters('workspace'), 'DefendAuditData')]",
      "parserTemplateSpecName1": "[concat(parameters('workspace'),'/Microsoft.SecurityInsights/',concat(parameters('workspace'),'-pr-',uniquestring('DefendAuditData-Parser')))]",
      "parserVersion1": "1.0.0",
      "parserContentId1": "DefendAuditData-Parser"
    },
    "huntingQueryObject1": {
      "huntingQueryVersion1": "1.0.0",
      "_huntingQuerycontentId1": "57ada8d5-7a26-4440-97fd-32c5c3fd0421",
      "huntingQueryTemplateSpecName1": "[concat(parameters('workspace'),'/Microsoft.SecurityInsights/',concat(parameters('workspace'),'-hq-',uniquestring('57ada8d5-7a26-4440-97fd-32c5c3fd0421')))]"
    },
    "uiConfigId1": "KnowBe4DefendPolling",
    "_uiConfigId1": "[variables('uiConfigId1')]",
    "dataConnectorContentId1": "KnowBe4DefendPolling",
    "_dataConnectorContentId1": "[variables('dataConnectorContentId1')]",
    "dataConnectorId1": "[extensionResourceId(resourceId('Microsoft.OperationalInsights/workspaces', parameters('workspace')), 'Microsoft.SecurityInsights/dataConnectors', variables('_dataConnectorContentId1'))]",
    "_dataConnectorId1": "[variables('dataConnectorId1')]",
    "dataConnectorTemplateSpecName1": "[concat(parameters('workspace'),'/Microsoft.SecurityInsights/',concat(parameters('workspace'),'-dc-',uniquestring(variables('_dataConnectorContentId1'))))]",
    "dataConnectorVersion1": "1.0.0",
    "_dataConnectorcontentProductId1": "[concat(take(variables('_solutionId'),50),'-','dc','-', uniqueString(concat(variables('_solutionId'),'-','DataConnector','-',variables('_dataConnectorContentId1'),'-', variables('dataConnectorVersion1'))))]",
    "_solutioncontentProductId": "[concat(take(variables('_solutionId'),50),'-','sl','-', uniqueString(concat(variables('_solutionId'),'-','Solution','-',variables('_solutionId'),'-', variables('_solutionVersion'))))]"
  },
  "resources": [
    {
      "type": "Microsoft.OperationalInsights/workspaces/providers/contentTemplates",
      "apiVersion": "2023-04-01-preview",
      "name": "[variables('workbookTemplateSpecName1')]",
      "location": "[parameters('workspace-location')]",
      "dependsOn": [
        "[extensionResourceId(resourceId('Microsoft.OperationalInsights/workspaces', parameters('workspace')), 'Microsoft.SecurityInsights/contentPackages', variables('_solutionId'))]"
      ],
      "properties": {
        "description": "DefendMetrics Workbook with template version 3.1.0",
        "mainTemplate": {
          "$schema": "https://schema.management.azure.com/schemas/2019-04-01/deploymentTemplate.json#",
          "contentVersion": "[variables('workbookVersion1')]",
          "parameters": {},
          "variables": {},
          "resources": [
            {
              "type": "Microsoft.Insights/workbooks",
              "name": "[variables('workbookContentId1')]",
              "location": "[parameters('workspace-location')]",
              "kind": "shared",
              "apiVersion": "2021-08-01",
              "metadata": {
                "description": "A workbook providing insights into KnowBe4 Defend."
              },
              "properties": {
                "displayName": "[parameters('workbook1-name')]",
                "serializedData": "{\"version\":\"Notebook/1.0\",\"items\":[{\"type\":1,\"content\":{\"json\":\"## Phishing Insights\"},\"name\":\"text - 6\"},{\"type\":3,\"content\":{\"version\":\"KqlItem/1.0\",\"query\":\"DefendAuditData\\r\\n| where isnotempty(PhishType)\\r\\n| mv-expand todynamic(PhishType)\\r\\n| summarize EmailCount=count() by tostring(PhishType), LinksClicked\\r\\n| render columnchart\",\"size\":0,\"title\":\"Number of Detected Phish Types in 48 hours\",\"timeContext\":{\"durationMs\":172800000},\"queryType\":0,\"resourceType\":\"microsoft.operationalinsights/workspaces\",\"visualization\":\"unstackedbar\",\"chartSettings\":{\"xAxis\":\"PhishType\",\"seriesLabelSettings\":[{\"seriesName\":\"LinksClicked\",\"color\":\"redDark\"},{\"seriesName\":\"EmailCount\",\"color\":\"blue\"}]}},\"name\":\"query-2\"},{\"type\":3,\"content\":{\"version\":\"KqlItem/1.0\",\"query\":\"DefendAuditData\\r\\n| where ThreatLevel == \\\"suspicious\\\" or ThreatLevel == \\\"dangerous\\\"\\r\\n| mv-expand todynamic(Attachments)\\r\\n| where Attachments.name matches regex @\\\"(?i)^.*\\\\.(doc|docx|docm|pdf|xls|xlsx|xlsm|html|zip)$(?-i)\\\"\\r\\n| extend path_parts = parse_path(tostring(Attachments.name))\\r\\n| where isnotempty(path_parts.Extension)\\r\\n| summarize attachmentCount=count() by tostring(path_parts.Extension)\\r\\n| render piechart\",\"size\":0,\"title\":\"Number of suspicious files detected in 48 hours\",\"timeContext\":{\"durationMs\":172800000},\"queryType\":0,\"resourceType\":\"microsoft.operationalinsights/workspaces\",\"chartSettings\":{\"yAxis\":[\"attachmentCount\"]}},\"name\":\"query - 1\"}],\"fromTemplateId\":\"sentinel-KnowBe4DefendMetricWorkbook\",\"$schema\":\"https://github.com/Microsoft/Application-Insights-Workbooks/blob/master/schema/workbook.json\"}\n",
                "version": "1.0",
                "sourceId": "[variables('workspaceResourceId')]",
                "category": "sentinel"
              }
            },
            {
              "type": "Microsoft.OperationalInsights/workspaces/providers/metadata",
              "apiVersion": "2022-01-01-preview",
              "name": "[concat(parameters('workspace'),'/Microsoft.SecurityInsights/',concat('Workbook-', last(split(variables('workbookId1'),'/'))))]",
              "properties": {
                "description": "@{workbookKey=KnowBe4DefendMetricWorkbook; logoFileName=KnowBe4-logo.svg; description=A workbook providing insights into KnowBe4 Defend.; dataTypesDependencies=System.Object[]; previewImagesFileNames=System.Object[]; version=1.0.0; title=KnowBe4 Defend Insights; templateRelativePath=DefendMetrics.json; subtitle=Defend Metrics; provider=Egress Software Technologies}.description",
                "parentId": "[variables('workbookId1')]",
                "contentId": "[variables('_workbookContentId1')]",
                "kind": "Workbook",
                "version": "[variables('workbookVersion1')]",
                "source": {
                  "kind": "Solution",
                  "name": "KnowBe4 Defend",
                  "sourceId": "[variables('_solutionId')]"
                },
                "author": {
                  "name": "KnowBe4",
                  "email": "[variables('_email')]"
                },
                "support": {
                  "name": "egress1589289169584",
                  "email": "support@knowbe4.com",
                  "tier": "Partner",
                  "link": "https://support.knowbe4.com"
                },
                "dependencies": {
                  "operator": "AND",
                  "criteria": [
                    {
                      "contentId": "KnowBe4Defend_CL",
                      "kind": "DataType"
                    }
                  ]
                }
              }
            }
          ]
        },
        "packageKind": "Solution",
        "packageVersion": "[variables('_solutionVersion')]",
        "packageName": "[variables('_solutionName')]",
        "packageId": "[variables('_solutionId')]",
        "contentSchemaVersion": "3.0.0",
        "contentId": "[variables('_workbookContentId1')]",
        "contentKind": "Workbook",
        "displayName": "[parameters('workbook1-name')]",
        "contentProductId": "[variables('_workbookcontentProductId1')]",
        "id": "[variables('_workbookcontentProductId1')]",
        "version": "[variables('workbookVersion1')]"
      }
    },
    {
      "type": "Microsoft.OperationalInsights/workspaces/providers/contentTemplates",
      "apiVersion": "2023-04-01-preview",
      "name": "[variables('analyticRuleObject1').analyticRuleTemplateSpecName1]",
      "location": "[parameters('workspace-location')]",
      "dependsOn": [
        "[extensionResourceId(resourceId('Microsoft.OperationalInsights/workspaces', parameters('workspace')), 'Microsoft.SecurityInsights/contentPackages', variables('_solutionId'))]"
      ],
      "properties": {
        "description": "DangerousAttachmentReceived_AnalyticalRules Analytics Rule with template version 3.1.0",
        "mainTemplate": {
          "$schema": "https://schema.management.azure.com/schemas/2019-04-01/deploymentTemplate.json#",
          "contentVersion": "[variables('analyticRuleObject1').analyticRuleVersion1]",
          "parameters": {},
          "variables": {},
          "resources": [
            {
              "type": "Microsoft.SecurityInsights/AlertRuleTemplates",
              "name": "[variables('analyticRuleObject1')._analyticRulecontentId1]",
              "apiVersion": "2023-02-01-preview",
              "kind": "Scheduled",
              "location": "[parameters('workspace-location')]",
              "properties": {
                "description": "Defend has detected a user has a suspicious file type from a suspicious sender in their mailbox.",
                "displayName": "KnowBe4 Defend - Dangerous Attachment Detected",
                "enabled": false,
                "query": "DefendAuditData\n| where ThreatLevel == \"suspicious\" or ThreatLevel == \"dangerous\"\n| mv-expand todynamic(Attachments)\n| where Attachments.name matches regex @\"(?i)^.*\\.(doc|docx|docm|pdf|xls|xlsx|xlsm|html|zip)$(?-i)\"\n| summarize attachmentCount=count() by TimeGenerated, tostring(Attachments.name), Subject, From, Account_0_FullName = trim(@\"[^@.\\w]+\",Recipients), timesClicked = LinksClicked, SenderIP\n",
                "queryFrequency": "PT30M",
                "queryPeriod": "PT30M",
                "severity": "Medium",
                "suppressionDuration": "PT1H",
                "suppressionEnabled": false,
                "triggerOperator": "GreaterThan",
                "triggerThreshold": 0,
                "status": "Available",
                "requiredDataConnectors": [
                  {
                    "datatypes": [
                      "KnowBe4Defend_CL"
                    ],
                    "connectorId": "KnowBe4Defend"
                  }
                ],
                "tactics": [
                  "Execution",
                  "InitialAccess",
                  "Persistence",
                  "PrivilegeEscalation"
                ],
                "techniques": [
                  "T1204",
                  "T0853",
                  "T0863",
                  "T1566",
                  "T1546"
                ],
                "entityMappings": [
                  {
                    "fieldMappings": [
                      {
                        "columnName": "Account_0_FullName",
                        "identifier": "FullName"
                      }
                    ],
                    "entityType": "Account"
                  },
                  {
                    "fieldMappings": [
                      {
                        "columnName": "Attachments_name",
                        "identifier": "Name"
                      }
                    ],
                    "entityType": "File"
                  },
                  {
                    "fieldMappings": [
                      {
                        "columnName": "Account_0_FullName",
                        "identifier": "MailboxPrimaryAddress"
                      }
                    ],
                    "entityType": "Mailbox"
                  },
                  {
                    "fieldMappings": [
                      {
                        "columnName": "SenderIP",
                        "identifier": "Address"
                      }
                    ],
                    "entityType": "IP"
                  }
                ],
                "alertDetailsOverride": {
                  "alertDisplayNameFormat": "Alert - {{Account_0_FullName}} has suspicious attachment."
                }
              }
            },
            {
              "type": "Microsoft.OperationalInsights/workspaces/providers/metadata",
              "apiVersion": "2022-01-01-preview",
              "name": "[concat(parameters('workspace'),'/Microsoft.SecurityInsights/',concat('AnalyticsRule-', last(split(variables('analyticRuleObject1').analyticRuleId1,'/'))))]",
              "properties": {
                "description": "KnowBe4 Defend Analytics Rule 1",
                "parentId": "[variables('analyticRuleObject1').analyticRuleId1]",
                "contentId": "[variables('analyticRuleObject1')._analyticRulecontentId1]",
                "kind": "AnalyticsRule",
                "version": "[variables('analyticRuleObject1').analyticRuleVersion1]",
                "source": {
                  "kind": "Solution",
                  "name": "KnowBe4 Defend",
                  "sourceId": "[variables('_solutionId')]"
                },
                "author": {
                  "name": "KnowBe4",
                  "email": "[variables('_email')]"
                },
                "support": {
                  "name": "egress1589289169584",
                  "email": "support@knowbe4.com",
                  "tier": "Partner",
                  "link": "https://support.knowbe4.com"
                }
              }
            }
          ]
        },
        "packageKind": "Solution",
        "packageVersion": "[variables('_solutionVersion')]",
        "packageName": "[variables('_solutionName')]",
        "packageId": "[variables('_solutionId')]",
        "contentSchemaVersion": "3.0.0",
        "contentId": "[variables('analyticRuleObject1')._analyticRulecontentId1]",
        "contentKind": "AnalyticsRule",
        "displayName": "KnowBe4 Defend - Dangerous Attachment Detected",
        "contentProductId": "[variables('analyticRuleObject1')._analyticRulecontentProductId1]",
        "id": "[variables('analyticRuleObject1')._analyticRulecontentProductId1]",
        "version": "[variables('analyticRuleObject1').analyticRuleVersion1]"
      }
    },
    {
      "type": "Microsoft.OperationalInsights/workspaces/providers/contentTemplates",
      "apiVersion": "2023-04-01-preview",
      "name": "[variables('analyticRuleObject2').analyticRuleTemplateSpecName2]",
      "location": "[parameters('workspace-location')]",
      "dependsOn": [
        "[extensionResourceId(resourceId('Microsoft.OperationalInsights/workspaces', parameters('workspace')), 'Microsoft.SecurityInsights/contentPackages', variables('_solutionId'))]"
      ],
      "properties": {
        "description": "DangerousLinksClicked_AnalyticalRules Analytics Rule with template version 3.1.0",
        "mainTemplate": {
          "$schema": "https://schema.management.azure.com/schemas/2019-04-01/deploymentTemplate.json#",
          "contentVersion": "[variables('analyticRuleObject2').analyticRuleVersion2]",
          "parameters": {},
          "variables": {},
          "resources": [
            {
              "type": "Microsoft.SecurityInsights/AlertRuleTemplates",
              "name": "[variables('analyticRuleObject2')._analyticRulecontentId2]",
              "apiVersion": "2023-02-01-preview",
              "kind": "Scheduled",
              "location": "[parameters('workspace-location')]",
              "properties": {
                "description": "Defend has detected a user has clicked a dangerous link in their mailbox.",
                "displayName": "KnowBe4 Defend - Dangerous Link Click",
                "enabled": false,
                "query": "DefendAuditData\n| where LinksClicked > 0\n| where ThreatLevel == \"dangerous\" or ThreatLevel == \"suspicious\"\n| extend Account_0_FullName = trim(@\"[^@.\\w]+\",Recipients)\n",
                "queryFrequency": "PT30M",
                "queryPeriod": "PT30M",
                "severity": "Medium",
                "suppressionDuration": "PT1H",
                "suppressionEnabled": false,
                "triggerOperator": "GreaterThan",
                "triggerThreshold": 0,
                "status": "Available",
                "requiredDataConnectors": [
                  {
                    "datatypes": [
                      "KnowBe4Defend_CL"
                    ],
                    "connectorId": "KnowBe4Defend"
                  }
                ],
                "tactics": [
                  "Execution"
                ],
                "techniques": [
                  "T1204",
                  "T0853"
                ],
                "entityMappings": [
                  {
                    "fieldMappings": [
                      {
                        "columnName": "Account_0_FullName",
                        "identifier": "FullName"
                      }
                    ],
                    "entityType": "Account"
                  },
                  {
                    "fieldMappings": [
                      {
                        "columnName": "SenderIP",
                        "identifier": "Address"
                      }
                    ],
                    "entityType": "IP"
                  },
                  {
                    "fieldMappings": [
                      {
                        "columnName": "Url",
                        "identifier": "Url"
                      }
                    ],
                    "entityType": "URL"
                  },
                  {
                    "fieldMappings": [
                      {
                        "columnName": "Account_0_FullName",
                        "identifier": "MailboxPrimaryAddress"
                      }
                    ],
                    "entityType": "Mailbox"
                  }
                ],
                "customDetails": {
                  "timesClicked": "LinksClicked",
                  "DefendSender": "From",
                  "DefendSenderIP": "SenderIP"
                },
                "alertDetailsOverride": {
                  "alertDisplayNameFormat": "Alert - {{Account_0_FullName}} as clicked a suspicious link."
                }
              }
            },
            {
              "type": "Microsoft.OperationalInsights/workspaces/providers/metadata",
              "apiVersion": "2022-01-01-preview",
              "name": "[concat(parameters('workspace'),'/Microsoft.SecurityInsights/',concat('AnalyticsRule-', last(split(variables('analyticRuleObject2').analyticRuleId2,'/'))))]",
              "properties": {
                "description": "KnowBe4 Defend Analytics Rule 2",
                "parentId": "[variables('analyticRuleObject2').analyticRuleId2]",
                "contentId": "[variables('analyticRuleObject2')._analyticRulecontentId2]",
                "kind": "AnalyticsRule",
                "version": "[variables('analyticRuleObject2').analyticRuleVersion2]",
                "source": {
                  "kind": "Solution",
                  "name": "KnowBe4 Defend",
                  "sourceId": "[variables('_solutionId')]"
                },
                "author": {
                  "name": "KnowBe4",
                  "email": "[variables('_email')]"
                },
                "support": {
                  "name": "egress1589289169584",
                  "email": "support@knowbe4.com",
                  "tier": "Partner",
                  "link": "https://support.knowbe4.com"
                }
              }
            }
          ]
        },
        "packageKind": "Solution",
        "packageVersion": "[variables('_solutionVersion')]",
        "packageName": "[variables('_solutionName')]",
        "packageId": "[variables('_solutionId')]",
        "contentSchemaVersion": "3.0.0",
        "contentId": "[variables('analyticRuleObject2')._analyticRulecontentId2]",
        "contentKind": "AnalyticsRule",
        "displayName": "KnowBe4 Defend - Dangerous Link Click",
        "contentProductId": "[variables('analyticRuleObject2')._analyticRulecontentProductId2]",
        "id": "[variables('analyticRuleObject2')._analyticRulecontentProductId2]",
        "version": "[variables('analyticRuleObject2').analyticRuleVersion2]"
      }
    },
    {
      "type": "Microsoft.OperationalInsights/workspaces/providers/contentTemplates",
      "apiVersion": "2023-04-01-preview",
      "name": "[variables('parserObject1').parserTemplateSpecName1]",
      "location": "[parameters('workspace-location')]",
      "dependsOn": [
        "[extensionResourceId(resourceId('Microsoft.OperationalInsights/workspaces', parameters('workspace')), 'Microsoft.SecurityInsights/contentPackages', variables('_solutionId'))]"
      ],
      "properties": {
        "description": "DefendAuditData Data Parser with template version 3.1.0",
        "mainTemplate": {
          "$schema": "https://schema.management.azure.com/schemas/2019-04-01/deploymentTemplate.json#",
          "contentVersion": "[variables('parserObject1').parserVersion1]",
          "parameters": {},
          "variables": {},
          "resources": [
            {
              "name": "[variables('parserObject1')._parserName1]",
              "apiVersion": "2022-10-01",
              "type": "Microsoft.OperationalInsights/workspaces/savedSearches",
              "location": "[parameters('workspace-location')]",
              "properties": {
                "eTag": "*",
                "displayName": "DefendAuditData",
                "category": "Samples",
                "functionAlias": "DefendAuditData",
                "query": "\nKnowBe4Defend_CL\n| project \n    TimeGenerated=time_t,\n    Event=event_s,\n    Recipients=email_rcptTo_s,\n    From=email_mailFrom_s,\n    Subject=columnifexists('email_subject_s', \"\"),\n    Attachments=email_attachments_s,\n    MessageId=email_messageId_s,\n    ThreatLevel=email_threat_s,\n    TrustLevel=email_trust_s,\n    FirstTimeSender=email_firstTimeSender_b,\n    PayLoad=columnifexists('email_payload_Type_s', \"\"),\n    LinksClicked=email_linksClicked_d,\n    SenderIP=email_senderIp_s,\n    Url=linkClicked_s,\n    PhishType=email_phishType_s\n    ",
                "functionParameters": "",
                "version": 1,
                "tags": [
                  {
                    "name": "description",
                    "value": "DefendAuditData"
                  }
                ]
              }
            },
            {
              "type": "Microsoft.OperationalInsights/workspaces/providers/metadata",
              "apiVersion": "2022-01-01-preview",
              "name": "[concat(parameters('workspace'),'/Microsoft.SecurityInsights/',concat('Parser-', last(split(variables('parserObject1')._parserId1,'/'))))]",
              "dependsOn": [
                "[variables('parserObject1')._parserId1]"
              ],
              "properties": {
                "parentId": "[resourceId('Microsoft.OperationalInsights/workspaces/savedSearches', parameters('workspace'), 'DefendAuditData')]",
                "contentId": "[variables('parserObject1').parserContentId1]",
                "kind": "Parser",
                "version": "[variables('parserObject1').parserVersion1]",
                "source": {
                  "name": "KnowBe4 Defend",
                  "kind": "Solution",
                  "sourceId": "[variables('_solutionId')]"
                },
                "author": {
                  "name": "KnowBe4",
                  "email": "[variables('_email')]"
                },
                "support": {
                  "name": "egress1589289169584",
                  "email": "support@knowbe4.com",
                  "tier": "Partner",
                  "link": "https://support.knowbe4.com"
                }
              }
            }
          ]
        },
        "packageKind": "Solution",
        "packageVersion": "[variables('_solutionVersion')]",
        "packageName": "[variables('_solutionName')]",
        "packageId": "[variables('_solutionId')]",
        "contentSchemaVersion": "3.0.0",
        "contentId": "[variables('parserObject1').parserContentId1]",
        "contentKind": "Parser",
        "displayName": "DefendAuditData",
        "contentProductId": "[concat(take(variables('_solutionId'),50),'-','pr','-', uniqueString(concat(variables('_solutionId'),'-','Parser','-',variables('parserObject1').parserContentId1,'-', '1.0.0')))]",
        "id": "[concat(take(variables('_solutionId'),50),'-','pr','-', uniqueString(concat(variables('_solutionId'),'-','Parser','-',variables('parserObject1').parserContentId1,'-', '1.0.0')))]",
        "version": "[variables('parserObject1').parserVersion1]"
      }
    },
    {
      "type": "Microsoft.OperationalInsights/workspaces/savedSearches",
      "apiVersion": "2022-10-01",
      "name": "[variables('parserObject1')._parserName1]",
      "location": "[parameters('workspace-location')]",
      "properties": {
        "eTag": "*",
        "displayName": "DefendAuditData",
        "category": "Samples",
        "functionAlias": "DefendAuditData",
        "query": "\nKnowBe4Defend_CL\n| project \n    TimeGenerated=time_t,\n    Event=event_s,\n    Recipients=email_rcptTo_s,\n    From=email_mailFrom_s,\n    Subject=columnifexists('email_subject_s', \"\"),\n    Attachments=email_attachments_s,\n    MessageId=email_messageId_s,\n    ThreatLevel=email_threat_s,\n    TrustLevel=email_trust_s,\n    FirstTimeSender=email_firstTimeSender_b,\n    PayLoad=columnifexists('email_payload_Type_s', \"\"),\n    LinksClicked=email_linksClicked_d,\n    SenderIP=email_senderIp_s,\n    Url=linkClicked_s,\n    PhishType=email_phishType_s\n    ",
        "functionParameters": "",
        "version": 1,
        "tags": [
          {
            "name": "description",
            "value": "DefendAuditData"
          }
        ]
      }
    },
    {
      "type": "Microsoft.OperationalInsights/workspaces/providers/metadata",
      "apiVersion": "2022-01-01-preview",
      "location": "[parameters('workspace-location')]",
      "name": "[concat(parameters('workspace'),'/Microsoft.SecurityInsights/',concat('Parser-', last(split(variables('parserObject1')._parserId1,'/'))))]",
      "dependsOn": [
        "[variables('parserObject1')._parserId1]"
      ],
      "properties": {
        "parentId": "[resourceId('Microsoft.OperationalInsights/workspaces/savedSearches', parameters('workspace'), 'DefendAuditData')]",
        "contentId": "[variables('parserObject1').parserContentId1]",
        "kind": "Parser",
        "version": "[variables('parserObject1').parserVersion1]",
        "source": {
          "kind": "Solution",
          "name": "KnowBe4 Defend",
          "sourceId": "[variables('_solutionId')]"
        },
        "author": {
          "name": "KnowBe4",
          "email": "[variables('_email')]"
        },
        "support": {
          "name": "egress1589289169584",
          "email": "support@knowbe4.com",
          "tier": "Partner",
          "link": "https://support.knowbe4.com"
        }
      }
    },
    {
      "type": "Microsoft.OperationalInsights/workspaces/providers/contentTemplates",
      "apiVersion": "2023-04-01-preview",
      "name": "[variables('huntingQueryObject1').huntingQueryTemplateSpecName1]",
      "location": "[parameters('workspace-location')]",
      "dependsOn": [
        "[extensionResourceId(resourceId('Microsoft.OperationalInsights/workspaces', parameters('workspace')), 'Microsoft.SecurityInsights/contentPackages', variables('_solutionId'))]"
      ],
      "properties": {
        "description": "DangerousLinksClicked_HuntingQueries Hunting Query with template version 3.1.0",
        "mainTemplate": {
          "$schema": "https://schema.management.azure.com/schemas/2019-04-01/deploymentTemplate.json#",
          "contentVersion": "[variables('huntingQueryObject1').huntingQueryVersion1]",
          "parameters": {},
          "variables": {},
          "resources": [
            {
              "type": "Microsoft.OperationalInsights/savedSearches",
              "apiVersion": "2022-10-01",
              "name": "KnowBe4_Defend_Hunting_Query_1",
              "location": "[parameters('workspace-location')]",
              "properties": {
                "eTag": "*",
                "displayName": "Dangerous emails with links clicked",
                "category": "Hunting Queries",
                "query": "KnowBe4Defend_CL \n| where event_s == \"linkClick\" \n| where email_threat_s == \"dangerous\"\n",
                "version": 2,
                "tags": [
                  {
                    "name": "description",
                    "value": "This will check for emails that Defend has identified as dangerous and a user has clicked a link."
                  },
                  {
                    "name": "tactics",
                    "value": "Collection"
                  },
                  {
                    "name": "techniques",
                    "value": "T1039"
                  }
                ]
              }
            },
            {
              "type": "Microsoft.OperationalInsights/workspaces/providers/metadata",
              "apiVersion": "2022-01-01-preview",
              "name": "[concat(parameters('workspace'),'/Microsoft.SecurityInsights/',concat('HuntingQuery-', last(split(resourceId('Microsoft.OperationalInsights/savedSearches', variables('huntingQueryObject1')._huntingQuerycontentId1),'/'))))]",
              "properties": {
                "description": "KnowBe4 Defend Hunting Query 1",
                "parentId": "[resourceId('Microsoft.OperationalInsights/savedSearches', variables('huntingQueryObject1')._huntingQuerycontentId1)]",
                "contentId": "[variables('huntingQueryObject1')._huntingQuerycontentId1]",
                "kind": "HuntingQuery",
                "version": "[variables('huntingQueryObject1').huntingQueryVersion1]",
                "source": {
                  "kind": "Solution",
                  "name": "KnowBe4 Defend",
                  "sourceId": "[variables('_solutionId')]"
                },
                "author": {
                  "name": "KnowBe4",
                  "email": "[variables('_email')]"
                },
                "support": {
                  "name": "egress1589289169584",
                  "email": "support@knowbe4.com",
                  "tier": "Partner",
                  "link": "https://support.knowbe4.com"
                }
              }
            }
          ]
        },
        "packageKind": "Solution",
        "packageVersion": "[variables('_solutionVersion')]",
        "packageName": "[variables('_solutionName')]",
        "packageId": "[variables('_solutionId')]",
        "contentSchemaVersion": "3.0.0",
        "contentId": "[variables('huntingQueryObject1')._huntingQuerycontentId1]",
        "contentKind": "HuntingQuery",
        "displayName": "Dangerous emails with links clicked",
        "contentProductId": "[concat(take(variables('_solutionId'),50),'-','hq','-', uniqueString(concat(variables('_solutionId'),'-','HuntingQuery','-',variables('huntingQueryObject1')._huntingQuerycontentId1,'-', '1.0.0')))]",
        "id": "[concat(take(variables('_solutionId'),50),'-','hq','-', uniqueString(concat(variables('_solutionId'),'-','HuntingQuery','-',variables('huntingQueryObject1')._huntingQuerycontentId1,'-', '1.0.0')))]",
        "version": "1.0.0"
      }
    },
    {
      "type": "Microsoft.OperationalInsights/workspaces/providers/contentTemplates",
      "apiVersion": "2023-04-01-preview",
      "name": "[variables('dataConnectorTemplateSpecName1')]",
      "location": "[parameters('workspace-location')]",
      "dependsOn": [
        "[extensionResourceId(resourceId('Microsoft.OperationalInsights/workspaces', parameters('workspace')), 'Microsoft.SecurityInsights/contentPackages', variables('_solutionId'))]"
      ],
      "properties": {
        "description": "KnowBe4 Defend data connector with template version 3.1.0",
        "mainTemplate": {
          "$schema": "https://schema.management.azure.com/schemas/2019-04-01/deploymentTemplate.json#",
          "contentVersion": "[variables('dataConnectorVersion1')]",
          "parameters": {},
          "variables": {},
          "resources": [
            {
              "name": "[concat(parameters('workspace'),'/Microsoft.SecurityInsights/',variables('_dataConnectorContentId1'))]",
              "apiVersion": "2021-03-01-preview",
              "type": "Microsoft.OperationalInsights/workspaces/providers/dataConnectors",
              "location": "[parameters('workspace-location')]",
              "kind": "APIPolling",
              "properties": {
                "connectorUiConfig": {
                  "id": "[variables('_uiConfigId1')]",
                  "title": "KnowBe4 Defend",
                  "publisher": "Egress Software Technologies",
                  "descriptionMarkdown": "The KnowBe4 Defend audit connector provides the capability to ingest KnowBe4 Defend Data into Microsoft Sentinel.",
                  "graphQueriesTableName": "KnowBe4Defend_CL",
                  "graphQueries": [
                    {
                      "metricName": "Total data received",
                      "legend": "KnowBe4 Defend Events",
                      "baseQuery": "{{graphQueriesTableName}}"
                    }
                  ],
                  "sampleQueries": [
                    {
                      "description": "All logs",
                      "query": "DefendAuditData"
                    }
                  ],
                  "dataTypes": [
                    {
                      "name": "{{graphQueriesTableName}}",
                      "lastDataReceivedQuery": "{{graphQueriesTableName}}\n| summarize Time = max(TimeGenerated)\n| where isnotempty(Time)"
                    }
                  ],
                  "connectivityCriteria": [
                    {
                      "type": "SentinelKindsV2",
                      "value": [
                        "APIPolling"
                      ]
                    }
                  ],
                  "availability": {
                    "status": 1,
                    "isPreview": false
                  },
                  "permissions": {
                    "resourceProvider": [
                      {
                        "provider": "Microsoft.OperationalInsights/workspaces",
                        "permissionsDisplayText": "Read and Write permissions on the Log Analytics workspace are required to enable the data connector.",
                        "providerDisplayName": "Workspace",
                        "scope": "Workspace",
                        "requiredPermissions": {
                          "action": true,
                          "write": true,
                          "read": true,
                          "delete": true
                        }
                      }
                    ],
                    "customs": [
                      {
                        "name": "KnowBe4 API Token",
                        "description": "A KnowBe4 API token is required to ingest audit records to Microsoft Sentinel."
                      }
                    ]
                  },
                  "instructionSteps": [
                    {
                      "description": "Enter your KnowBe4 Defend API URl, KnowBe4 Domain and API token.",
                      "instructions": [
                        {
                          "parameters": {
                            "enable": "true",
                            "userRequestPlaceHoldersInput": [
                              {
                                "displayText": "API URL",
                                "requestObjectKey": "apiEndpoint",
                                "placeHolderName": "{{apiUrl}}"
                              },
                              {
                                "displayText": "Domain name",
                                "requestObjectKey": "apiEndpoint",
                                "placeHolderName": "{{domain}}"
                              }
                            ]
                          },
                          "type": "APIKey"
                        }
                      ],
                      "title": "Connect KnowBe4 Defend with Microsoft Sentinel"
                    }
                  ]
                },
                "pollingConfig": {
                  "auth": {
                    "authType": "APIKey",
                    "APIKeyName": "X-Api-Key",
                    "IsAPIKeyInPostPayload": false
                  },
                  "request": {
                    "apiEndpoint": "https://{{apiUrl}}/V1/events/?pagingMode=offset&domain={{domain}}",
                    "httpMethod": "Get",
                    "startTimeAttributeName": "startTime",
                    "endTimeAttributeName": "endTime",
                    "queryTimeFormat": "yyyy-MM-ddTHH:mm:ss.fffZ",
                    "retryCount": 2,
                    "queryWindowInMin": 5,
                    "timeoutInSeconds": 120,
                    "headers": {
                      "Accept": "application/json"
                    }
                  },
                  "paging": {
                    "pagingType": "Offset",
                    "offsetParaName": "offset",
                    "pageSizeParaName": "limit",
                    "pageSize": 100
                  },
                  "response": {
                    "eventsJsonPaths": [
                      "$..items"
                    ]
                  }
                }
              }
            },
            {
              "type": "Microsoft.OperationalInsights/workspaces/providers/metadata",
              "apiVersion": "2023-04-01-preview",
              "name": "[concat(parameters('workspace'),'/Microsoft.SecurityInsights/',concat('DataConnector-', last(split(variables('_dataConnectorId1'),'/'))))]",
              "properties": {
                "parentId": "[extensionResourceId(resourceId('Microsoft.OperationalInsights/workspaces', parameters('workspace')), 'Microsoft.SecurityInsights/dataConnectors', variables('_dataConnectorContentId1'))]",
                "contentId": "[variables('_dataConnectorContentId1')]",
                "kind": "DataConnector",
                "version": "[variables('dataConnectorVersion1')]",
                "source": {
                  "kind": "Solution",
                  "name": "KnowBe4 Defend",
                  "sourceId": "[variables('_solutionId')]"
                },
                "author": {
                  "name": "KnowBe4",
                  "email": "[variables('_email')]"
                },
                "support": {
                  "name": "egress1589289169584",
                  "email": "support@knowbe4.com",
                  "tier": "Partner",
                  "link": "https://support.knowbe4.com"
                }
              }
            }
          ]
        },
        "packageKind": "Solution",
        "packageVersion": "[variables('_solutionVersion')]",
        "packageName": "[variables('_solutionName')]",
        "packageId": "[variables('_solutionId')]",
        "contentSchemaVersion": "3.0.0",
        "contentId": "[variables('_dataConnectorContentId1')]",
        "contentKind": "DataConnector",
        "displayName": "KnowBe4 Defend",
        "contentProductId": "[variables('_dataConnectorcontentProductId1')]",
        "id": "[variables('_dataConnectorcontentProductId1')]",
        "version": "[variables('dataConnectorVersion1')]"
      }
    },
    {
      "type": "Microsoft.OperationalInsights/workspaces/providers/metadata",
      "apiVersion": "2023-04-01-preview",
      "name": "[concat(parameters('workspace'),'/Microsoft.SecurityInsights/',concat('DataConnector-', last(split(variables('_dataConnectorId1'),'/'))))]",
      "dependsOn": [
        "[variables('_dataConnectorId1')]"
      ],
      "location": "[parameters('workspace-location')]",
      "properties": {
        "parentId": "[extensionResourceId(resourceId('Microsoft.OperationalInsights/workspaces', parameters('workspace')), 'Microsoft.SecurityInsights/dataConnectors', variables('_dataConnectorContentId1'))]",
        "contentId": "[variables('_dataConnectorContentId1')]",
        "kind": "DataConnector",
        "version": "[variables('dataConnectorVersion1')]",
        "source": {
          "kind": "Solution",
          "name": "KnowBe4 Defend",
          "sourceId": "[variables('_solutionId')]"
        },
        "author": {
          "name": "KnowBe4",
          "email": "[variables('_email')]"
        },
        "support": {
          "name": "egress1589289169584",
          "email": "support@knowbe4.com",
          "tier": "Partner",
          "link": "https://support.knowbe4.com"
        }
      }
    },
    {
      "name": "[concat(parameters('workspace'),'/Microsoft.SecurityInsights/',variables('_dataConnectorContentId1'))]",
      "apiVersion": "2021-03-01-preview",
      "type": "Microsoft.OperationalInsights/workspaces/providers/dataConnectors",
      "location": "[parameters('workspace-location')]",
      "kind": "APIPolling",
      "properties": {
        "connectorUiConfig": {
          "id": "[variables('_uiConfigId1')]",
          "title": "KnowBe4 Defend",
          "publisher": "Egress Software Technologies",
          "descriptionMarkdown": "The KnowBe4 Defend audit connector provides the capability to ingest KnowBe4 Defend Data into Microsoft Sentinel.",
          "graphQueriesTableName": "KnowBe4Defend_CL",
          "graphQueries": [
            {
              "metricName": "Total data received",
              "legend": "KnowBe4 Defend Events",
              "baseQuery": "{{graphQueriesTableName}}"
            }
          ],
          "sampleQueries": [
            {
              "description": "All logs",
              "query": "DefendAuditData"
            }
          ],
          "dataTypes": [
            {
              "name": "{{graphQueriesTableName}}",
              "lastDataReceivedQuery": "{{graphQueriesTableName}}\n| summarize Time = max(TimeGenerated)\n| where isnotempty(Time)"
            }
          ],
          "connectivityCriteria": [
            {
              "type": "SentinelKindsV2",
              "value": [
                "APIPolling"
              ]
            }
          ],
          "availability": {
            "status": 1,
            "isPreview": false
          },
          "permissions": {
            "resourceProvider": [
              {
                "provider": "Microsoft.OperationalInsights/workspaces",
                "permissionsDisplayText": "Read and Write permissions on the Log Analytics workspace are required to enable the data connector.",
                "providerDisplayName": "Workspace",
                "scope": "Workspace",
                "requiredPermissions": {
                  "action": true,
                  "write": true,
                  "read": true,
                  "delete": true
                }
              }
            ],
            "customs": [
              {
                "name": "KnowBe4 API Token",
                "description": "A KnowBe4 API token is required to ingest audit records to Microsoft Sentinel."
              }
            ]
          },
          "instructionSteps": [
            {
              "description": "Enter your KnowBe4 Defend API URl, KnowBe4 Domain and API token.",
              "instructions": [
                {
                  "parameters": {
                    "enable": "true",
                    "userRequestPlaceHoldersInput": [
                      {
                        "displayText": "API URL",
                        "requestObjectKey": "apiEndpoint",
                        "placeHolderName": "{{apiUrl}}"
                      },
                      {
                        "displayText": "Domain name",
                        "requestObjectKey": "apiEndpoint",
                        "placeHolderName": "{{domain}}"
                      }
                    ]
                  },
                  "type": "APIKey"
                }
              ],
              "title": "Connect KnowBe4 Defend with Microsoft Sentinel"
            }
          ]
        },
        "pollingConfig": {
          "auth": {
            "authType": "APIKey",
            "APIKeyName": "X-Api-Key",
            "IsAPIKeyInPostPayload": false
          },
          "request": {
            "apiEndpoint": "https://{{apiUrl}}/V1/events/?pagingMode=offset&domain={{domain}}",
            "httpMethod": "Get",
            "startTimeAttributeName": "startTime",
            "endTimeAttributeName": "endTime",
            "queryTimeFormat": "yyyy-MM-ddTHH:mm:ss.fffZ",
            "retryCount": 2,
            "queryWindowInMin": 5,
            "timeoutInSeconds": 120,
            "headers": {
              "Accept": "application/json"
            }
          },
          "paging": {
            "pagingType": "Offset",
            "offsetParaName": "offset",
            "pageSizeParaName": "limit",
            "pageSize": 100
          },
          "response": {
            "eventsJsonPaths": [
              "$..items"
            ]
          }
        }
      }
    },
    {
      "type": "Microsoft.OperationalInsights/workspaces/providers/contentPackages",
      "apiVersion": "2023-04-01-preview",
      "location": "[parameters('workspace-location')]",
      "properties": {
        "version": "3.1.0",
        "kind": "Solution",
        "contentSchemaVersion": "3.0.0",
        "displayName": "KnowBe4 Defend",
        "publisherDisplayName": "egress1589289169584",
        "descriptionHtml": "<p><strong>Note:</strong> Please refer to the following before installing the solution:</p>\n<p>• Review the solution <a href=\"https://github.com/Azure/Azure-Sentinel/tree/master/Solutions/KnowBe4%20Defend/ReleaseNotes.md\">Release Notes</a></p>\n<p>• There may be <a href=\"https://aka.ms/sentinelsolutionsknownissues\">known issues</a> pertaining to this Solution, please refer to them before installing.</p>\n<p>KnowBe4 Defend for Microsoft Sentinel provides details of processed emails, including the type of phishing attack, payload type and information to show if the user interacted with the email in a positive (clicking on banners or submitting the phish sample) or negative (clicking on an unsafe URL) manner.</p>\n<p><strong>Data Connectors:</strong> 1, <strong>Parsers:</strong> 1, <strong>Workbooks:</strong> 1, <strong>Analytic Rules:</strong> 2, <strong>Hunting Queries:</strong> 1</p>\n<p><a href=\"https://aka.ms/azuresentinel\">Learn more about Microsoft Sentinel</a> | <a href=\"https://aka.ms/azuresentinelsolutionsdoc\">Learn more about Solutions</a></p>\n",
        "contentKind": "Solution",
        "contentProductId": "[variables('_solutioncontentProductId')]",
        "id": "[variables('_solutioncontentProductId')]",
        "icon": "<img src=\"https://raw.githubusercontent.com/Azure/Azure-Sentinel/master/Logos/KnowBe4-logo.svg\" width=\"75px\" height=\"75px\">",
        "contentId": "[variables('_solutionId')]",
        "parentId": "[variables('_solutionId')]",
        "source": {
          "kind": "Solution",
          "name": "KnowBe4 Defend",
          "sourceId": "[variables('_solutionId')]"
        },
        "author": {
          "name": "KnowBe4",
          "email": "[variables('_email')]"
        },
        "support": {
          "name": "egress1589289169584",
          "email": "support@knowbe4.com",
          "tier": "Partner",
          "link": "https://support.knowbe4.com"
        },
        "dependencies": {
          "operator": "AND",
          "criteria": [
            {
              "kind": "Workbook",
              "contentId": "[variables('_workbookContentId1')]",
              "version": "[variables('workbookVersion1')]"
            },
            {
              "kind": "AnalyticsRule",
              "contentId": "[variables('analyticRuleObject1')._analyticRulecontentId1]",
              "version": "[variables('analyticRuleObject1').analyticRuleVersion1]"
            },
            {
              "kind": "AnalyticsRule",
              "contentId": "[variables('analyticRuleObject2')._analyticRulecontentId2]",
              "version": "[variables('analyticRuleObject2').analyticRuleVersion2]"
            },
            {
              "kind": "Parser",
              "contentId": "[variables('parserObject1').parserContentId1]",
              "version": "[variables('parserObject1').parserVersion1]"
            },
            {
              "kind": "HuntingQuery",
              "contentId": "[variables('huntingQueryObject1')._huntingQuerycontentId1]",
              "version": "[variables('huntingQueryObject1').huntingQueryVersion1]"
            },
            {
              "kind": "DataConnector",
              "contentId": "[variables('_dataConnectorContentId1')]",
              "version": "[variables('dataConnectorVersion1')]"
            }
          ]
        },
        "firstPublishDate": "2023-07-27",
        "providers": [
          "KnowBe4"
        ],
        "categories": {
          "domains": [
            "Application"
          ]
        }
      },
      "name": "[concat(parameters('workspace'),'/Microsoft.SecurityInsights/', variables('_solutionId'))]"
    }
  ],
  "outputs": {}
}
