{
  "$schema": "https://schema.management.azure.com/schemas/2019-04-01/deploymentTemplate.json#",
  "contentVersion": "1.0.0.0",
  "metadata": {
    "author": "Island - support@island.io",
    "comments": "Solution template for Island"
  },
  "parameters": {
    "location": {
      "type": "string",
      "minLength": 1,
      "defaultValue": "[resourceGroup().location]",
      "metadata": {
        "description": "Not used, but needed to pass arm-ttk test `Location-Should-Not-Be-Hardcoded`.  We instead use the `workspace-location` which is derived from the LA workspace"
      }
    },
    "workspace-location": {
      "type": "string",
      "defaultValue": "",
      "metadata": {
        "description": "[concat('Region to deploy solution resources -- separate from location selection',parameters('location'))]"
      }
    },
    "workspace": {
      "defaultValue": "",
      "type": "string",
      "metadata": {
        "description": "Workspace name for Log Analytics where Microsoft Sentinel is setup"
      }
    },
    "workbook1-name": {
      "type": "string",
      "defaultValue": "Island Admin Audit Overview",
      "minLength": 1,
      "metadata": {
        "description": "Name for the workbook"
      }
    },
    "workbook2-name": {
      "type": "string",
      "defaultValue": "Island User Activity Overview",
      "minLength": 1,
      "metadata": {
        "description": "Name for the workbook"
      }
    }
  },
  "variables": {
    "email": "support@island.io",
    "_email": "[variables('email')]",
    "_solutionName": "Island",
    "_solutionVersion": "3.0.0",
    "solutionId": "islandtechnologyinc1679434413850.island-sentinel-solution",
    "_solutionId": "[variables('solutionId')]",
    "workspaceResourceId": "[resourceId('microsoft.OperationalInsights/Workspaces', parameters('workspace'))]",
    "uiConfigId1": "Island_Admin_Polling",
    "_uiConfigId1": "[variables('uiConfigId1')]",
    "dataConnectorContentId1": "Island_Admin_Polling",
    "_dataConnectorContentId1": "[variables('dataConnectorContentId1')]",
    "dataConnectorId1": "[extensionResourceId(resourceId('Microsoft.OperationalInsights/workspaces', parameters('workspace')), 'Microsoft.SecurityInsights/dataConnectors', variables('_dataConnectorContentId1'))]",
    "_dataConnectorId1": "[variables('dataConnectorId1')]",
    "dataConnectorTemplateSpecName1": "[concat(parameters('workspace'),'/Microsoft.SecurityInsights/',concat(concat(parameters('workspace'),'-dc-',uniquestring(variables('_dataConnectorContentId1'))),variables('dataConnectorVersion1')))]",
    "dataConnectorVersion1": "1.0.0",
    "_dataConnectorcontentProductId1": "[concat(take(variables('_solutionId'),50),'-','dc','-', uniqueString(concat(variables('_solutionId'),'-','DataConnector','-',variables('_dataConnectorContentId1'),'-', variables('dataConnectorVersion1'))))]",
    "uiConfigId2": "Island_User_Polling",
    "_uiConfigId2": "[variables('uiConfigId2')]",
    "dataConnectorContentId2": "Island_User_Polling",
    "_dataConnectorContentId2": "[variables('dataConnectorContentId2')]",
    "dataConnectorId2": "[extensionResourceId(resourceId('Microsoft.OperationalInsights/workspaces', parameters('workspace')), 'Microsoft.SecurityInsights/dataConnectors', variables('_dataConnectorContentId2'))]",
    "_dataConnectorId2": "[variables('dataConnectorId2')]",
    "dataConnectorTemplateSpecName2": "[concat(parameters('workspace'),'/Microsoft.SecurityInsights/',concat(concat(parameters('workspace'),'-dc-',uniquestring(variables('_dataConnectorContentId2'))),variables('dataConnectorVersion2')))]",
    "dataConnectorVersion2": "1.0.0",
    "_dataConnectorcontentProductId2": "[concat(take(variables('_solutionId'),50),'-','dc','-', uniqueString(concat(variables('_solutionId'),'-','DataConnector','-',variables('_dataConnectorContentId2'),'-', variables('dataConnectorVersion2'))))]",
    "workbookVersion1": "1.0.0",
    "workbookContentId1": "IslandAdminAuditOverview",
    "workbookId1": "[resourceId('Microsoft.Insights/workbooks', variables('workbookContentId1'))]",
    "workbookTemplateSpecName1": "[concat(parameters('workspace'),'/Microsoft.SecurityInsights/',concat(concat(parameters('workspace'),'-wb-',uniquestring(variables('_workbookContentId1'))),variables('workbookVersion1')))]",
    "_workbookContentId1": "[variables('workbookContentId1')]",
    "_workbookcontentProductId1": "[concat(take(variables('_solutionId'),50),'-','wb','-', uniqueString(concat(variables('_solutionId'),'-','Workbook','-',variables('_workbookContentId1'),'-', variables('workbookVersion1'))))]",
    "workbookVersion2": "1.0.0",
    "workbookContentId2": "IslandUserActivityOverview",
    "workbookId2": "[resourceId('Microsoft.Insights/workbooks', variables('workbookContentId2'))]",
    "workbookTemplateSpecName2": "[concat(parameters('workspace'),'/Microsoft.SecurityInsights/',concat(concat(parameters('workspace'),'-wb-',uniquestring(variables('_workbookContentId2'))),variables('workbookVersion2')))]",
    "_workbookContentId2": "[variables('workbookContentId2')]",
    "_workbookcontentProductId2": "[concat(take(variables('_solutionId'),50),'-','wb','-', uniqueString(concat(variables('_solutionId'),'-','Workbook','-',variables('_workbookContentId2'),'-', variables('workbookVersion2'))))]",
    "_solutioncontentProductId": "[concat(take(variables('_solutionId'),50),'-','sl','-', uniqueString(concat(variables('_solutionId'),'-','Solution','-',variables('_solutionId'),'-', variables('_solutionVersion'))))]"
  },
  "resources": [
    {
      "type": "Microsoft.OperationalInsights/workspaces/providers/contentTemplates",
      "apiVersion": "2023-04-01-preview",
      "name": "[variables('dataConnectorTemplateSpecName1')]",
      "location": "[parameters('workspace-location')]",
      "dependsOn": [
        "[extensionResourceId(resourceId('Microsoft.OperationalInsights/workspaces', parameters('workspace')), 'Microsoft.SecurityInsights/contentPackages', variables('_solutionId'))]"
      ],
      "properties": {
        "description": "Island data connector with template version 3.0.0",
        "mainTemplate": {
          "$schema": "https://schema.management.azure.com/schemas/2019-04-01/deploymentTemplate.json#",
          "contentVersion": "[variables('dataConnectorVersion1')]",
          "parameters": {},
          "variables": {},
          "resources": [
            {
              "name": "[concat(parameters('workspace'),'/Microsoft.SecurityInsights/',variables('_dataConnectorContentId1'))]",
              "apiVersion": "2021-03-01-preview",
              "type": "Microsoft.OperationalInsights/workspaces/providers/dataConnectors",
              "location": "[parameters('workspace-location')]",
              "kind": "APIPolling",
              "properties": {
                "connectorUiConfig": {
                  "title": "Island Enterprise Browser Admin Audit (Polling CCP)",
                  "id": "[variables('_uiConfigId1')]",
                  "publisher": "Island",
                  "descriptionMarkdown": "The [Island](https://www.island.io) Admin connector provides the capability to ingest Island Admin Audit logs into Microsoft Sentinel.",
                  "graphQueriesTableName": "Island_Admin_CL",
                  "graphQueries": [
                    {
                      "metricName": "Total events received",
                      "legend": "Island Events",
                      "baseQuery": "{{graphQueriesTableName}}"
                    }
                  ],
                  "sampleQueries": [
                    {
                      "description": "Grab 10 Island log entries",
                      "query": "{{graphQueriesTableName}}\n | sort by TimeGenerated\n | take 10"
                    }
                  ],
                  "dataTypes": [
                    {
                      "name": "{{graphQueriesTableName}}",
                      "lastDataReceivedQuery": "{{graphQueriesTableName}}\n            | summarize Time = max(TimeGenerated)\n            | where isnotempty(Time)"
                    }
                  ],
                  "connectivityCriterias": [
                    {
                      "type": "SentinelKindsV2",
                      "value": []
                    }
                  ],
                  "availability": {
                    "status": 1,
                    "isPreview": false
                  },
                  "permissions": {
                    "resourceProvider": [
                      {
                        "provider": "Microsoft.OperationalInsights/workspaces",
                        "permissionsDisplayText": "read and write permissions are required.",
                        "providerDisplayName": "Workspace",
                        "scope": "Workspace",
                        "requiredPermissions": {
                          "action": true,
                          "write": true,
                          "read": true,
                          "delete": true
                        }
                      }
                    ],
                    "customs": [
                      {
                        "name": "Island API Key",
                        "description": "An Island API key is required."
                      }
                    ]
                  },
                  "instructionSteps": [
                    {
                      "description": "Provide the Island API URL and Key.  API URL is https://management.island.io/api/external/v1/adminActions for US or https://eu.management.island.io/api/external/v1/adminActions for EU.\n  Generate the API Key in the Management Console under Settings > API.",
                      "instructions": [
                        {
                          "parameters": {
                            "enable": "true",
                            "userRequestPlaceHoldersInput": [
                              {
                                "displayText": "API URL",
                                "requestObjectKey": "apiEndpoint",
                                "placeHolderName": "{{placeHolder1}}",
                                "placeHolderValue": ""
                              }
                            ]
                          },
                          "type": "APIKey"
                        }
                      ],
                      "title": "Connect Island to Microsoft Sentinel"
                    }
                  ]
                },
                "pollingConfig": {
                  "auth": {
                    "authType": "APIKey",
                    "APIKeyName": "Api-Key",
                    "IsAPIKeyInPostPayload": "False"
                  },
                  "request": {
                    "apiEndpoint": "{{placeHolder1}}",
                    "httpMethod": "Get",
                    "queryTimeFormat": "yyyy-MM-ddTHH:mm:ssZ",
                    "startTimeAttributeName": "start",
                    "endTimeAttributeName": "end",
                    "queryWindowInMin": 5,
                    "rateLimitQPS": 1
                  },
                  "paging": {
                    "pagingType": "Offset",
                    "offsetParaName": "offset",
                    "pageSizeParaName": "limit",
                    "pageSize": 100
                  },
                  "response": {
                    "eventsJsonPaths": [
                      "$.adminActions[*]"
                    ]
                  }
                }
              }
            },
            {
              "type": "Microsoft.OperationalInsights/workspaces/providers/metadata",
              "apiVersion": "2023-04-01-preview",
              "name": "[concat(parameters('workspace'),'/Microsoft.SecurityInsights/',concat('DataConnector-', last(split(variables('_dataConnectorId1'),'/'))))]",
              "properties": {
                "parentId": "[extensionResourceId(resourceId('Microsoft.OperationalInsights/workspaces', parameters('workspace')), 'Microsoft.SecurityInsights/dataConnectors', variables('_dataConnectorContentId1'))]",
                "contentId": "[variables('_dataConnectorContentId1')]",
                "kind": "DataConnector",
                "version": "[variables('dataConnectorVersion1')]",
                "source": {
                  "kind": "Solution",
                  "name": "Island",
                  "sourceId": "[variables('_solutionId')]"
                },
                "author": {
                  "name": "Island",
                  "email": "[variables('_email')]"
                },
                "support": {
                  "name": "Island",
                  "email": "support@island.io",
                  "tier": "Partner",
                  "link": "https://www.island.io"
                }
              }
            }
          ]
        },
        "packageKind": "Solution",
        "packageVersion": "[variables('_solutionVersion')]",
        "packageName": "[variables('_solutionName')]",
        "packageId": "[variables('_solutionId')]",
        "contentSchemaVersion": "3.0.0",
        "contentId": "[variables('_dataConnectorContentId1')]",
        "contentKind": "DataConnector",
        "displayName": "Island Enterprise Browser Admin Audit (Polling CCP)",
        "contentProductId": "[variables('_dataConnectorcontentProductId1')]",
        "id": "[variables('_dataConnectorcontentProductId1')]",
        "version": "[variables('dataConnectorVersion1')]"
      }
    },
    {
      "type": "Microsoft.OperationalInsights/workspaces/providers/metadata",
      "apiVersion": "2023-04-01-preview",
      "name": "[concat(parameters('workspace'),'/Microsoft.SecurityInsights/',concat('DataConnector-', last(split(variables('_dataConnectorId1'),'/'))))]",
      "dependsOn": [
        "[variables('_dataConnectorId1')]"
      ],
      "location": "[parameters('workspace-location')]",
      "properties": {
        "parentId": "[extensionResourceId(resourceId('Microsoft.OperationalInsights/workspaces', parameters('workspace')), 'Microsoft.SecurityInsights/dataConnectors', variables('_dataConnectorContentId1'))]",
        "contentId": "[variables('_dataConnectorContentId1')]",
        "kind": "DataConnector",
        "version": "[variables('dataConnectorVersion1')]",
        "source": {
          "kind": "Solution",
          "name": "Island",
          "sourceId": "[variables('_solutionId')]"
        },
        "author": {
          "name": "Island",
          "email": "[variables('_email')]"
        },
        "support": {
          "name": "Island",
          "email": "support@island.io",
          "tier": "Partner",
          "link": "https://www.island.io"
        }
      }
    },
    {
      "name": "[concat(parameters('workspace'),'/Microsoft.SecurityInsights/',variables('_dataConnectorContentId1'))]",
      "apiVersion": "2021-03-01-preview",
      "type": "Microsoft.OperationalInsights/workspaces/providers/dataConnectors",
      "location": "[parameters('workspace-location')]",
      "kind": "APIPolling",
      "properties": {
        "connectorUiConfig": {
          "title": "Island Enterprise Browser Admin Audit (Polling CCP)",
          "id": "[variables('_uiConfigId1')]",
          "publisher": "Island",
          "descriptionMarkdown": "The [Island](https://www.island.io) Admin connector provides the capability to ingest Island Admin Audit logs into Microsoft Sentinel.",
          "graphQueriesTableName": "Island_Admin_CL",
          "graphQueries": [
            {
              "metricName": "Total events received",
              "legend": "Island Events",
              "baseQuery": "{{graphQueriesTableName}}"
            }
          ],
          "sampleQueries": [
            {
              "description": "Grab 10 Island log entries",
              "query": "{{graphQueriesTableName}}\n | sort by TimeGenerated\n | take 10"
            }
          ],
          "dataTypes": [
            {
              "name": "{{graphQueriesTableName}}",
              "lastDataReceivedQuery": "{{graphQueriesTableName}}\n            | summarize Time = max(TimeGenerated)\n            | where isnotempty(Time)"
            }
          ],
          "connectivityCriterias": [
            {
              "type": "SentinelKindsV2",
              "value": []
            }
          ],
          "availability": {
            "status": 1,
            "isPreview": false
          },
          "permissions": {
            "resourceProvider": [
              {
                "provider": "Microsoft.OperationalInsights/workspaces",
                "permissionsDisplayText": "read and write permissions are required.",
                "providerDisplayName": "Workspace",
                "scope": "Workspace",
                "requiredPermissions": {
                  "action": true,
                  "write": true,
                  "read": true,
                  "delete": true
                }
              }
            ],
            "customs": [
              {
                "name": "Island API Key",
                "description": "An Island API key is required."
              }
            ]
          },
          "instructionSteps": [
            {
              "description": "Provide the Island API URL and Key.  API URL is https://management.island.io/api/external/v1/adminActions for US or https://eu.management.island.io/api/external/v1/adminActions for EU.\n  Generate the API Key in the Management Console under Settings > API.",
              "instructions": [
                {
                  "parameters": {
                    "enable": "true",
                    "userRequestPlaceHoldersInput": [
                      {
                        "displayText": "API URL",
                        "requestObjectKey": "apiEndpoint",
                        "placeHolderName": "{{placeHolder1}}",
                        "placeHolderValue": ""
                      }
                    ]
                  },
                  "type": "APIKey"
                }
              ],
              "title": "Connect Island to Microsoft Sentinel"
            }
          ]
        },
        "pollingConfig": {
          "auth": {
            "authType": "APIKey",
            "APIKeyName": "Api-Key",
            "IsAPIKeyInPostPayload": "False"
          },
          "request": {
            "apiEndpoint": "{{placeHolder1}}",
            "httpMethod": "Get",
            "queryTimeFormat": "yyyy-MM-ddTHH:mm:ssZ",
            "startTimeAttributeName": "start",
            "endTimeAttributeName": "end",
            "queryWindowInMin": 5,
            "rateLimitQPS": 1
          },
          "paging": {
            "pagingType": "Offset",
            "offsetParaName": "offset",
            "pageSizeParaName": "limit",
            "pageSize": 100
          },
          "response": {
            "eventsJsonPaths": [
              "$.adminActions[*]"
            ]
          }
        }
      }
    },
    {
      "type": "Microsoft.OperationalInsights/workspaces/providers/contentTemplates",
      "apiVersion": "2023-04-01-preview",
      "name": "[variables('dataConnectorTemplateSpecName2')]",
      "location": "[parameters('workspace-location')]",
      "dependsOn": [
        "[extensionResourceId(resourceId('Microsoft.OperationalInsights/workspaces', parameters('workspace')), 'Microsoft.SecurityInsights/contentPackages', variables('_solutionId'))]"
      ],
      "properties": {
        "description": "Island data connector with template version 3.0.0",
        "mainTemplate": {
          "$schema": "https://schema.management.azure.com/schemas/2019-04-01/deploymentTemplate.json#",
          "contentVersion": "[variables('dataConnectorVersion2')]",
          "parameters": {},
          "variables": {},
          "resources": [
            {
              "name": "[concat(parameters('workspace'),'/Microsoft.SecurityInsights/',variables('_dataConnectorContentId2'))]",
              "apiVersion": "2021-03-01-preview",
              "type": "Microsoft.OperationalInsights/workspaces/providers/dataConnectors",
              "location": "[parameters('workspace-location')]",
              "kind": "APIPolling",
              "properties": {
                "connectorUiConfig": {
                  "title": "Island Enterprise Browser User Activity (Polling CCP)",
                  "id": "[variables('_uiConfigId2')]",
                  "publisher": "Island",
                  "descriptionMarkdown": "The [Island](https://www.island.io) connector provides the capability to ingest Island User Activity logs into Microsoft Sentinel.",
                  "graphQueriesTableName": "Island_User_CL",
                  "graphQueries": [
                    {
                      "metricName": "Total events received",
                      "legend": "Island Events",
                      "baseQuery": "{{graphQueriesTableName}}"
                    }
                  ],
                  "sampleQueries": [
                    {
                      "description": "Grab 10 Island log entries",
                      "query": "{{graphQueriesTableName}}\n | sort by TimeGenerated\n | take 10"
                    }
                  ],
                  "dataTypes": [
                    {
                      "name": "{{graphQueriesTableName}}",
                      "lastDataReceivedQuery": "{{graphQueriesTableName}}\n            | summarize Time = max(TimeGenerated)\n            | where isnotempty(Time)"
                    }
                  ],
                  "connectivityCriterias": [
                    {
                      "type": "SentinelKindsV2",
                      "value": []
                    }
                  ],
                  "availability": {
                    "status": 1,
                    "isPreview": false
                  },
                  "permissions": {
                    "resourceProvider": [
                      {
                        "provider": "Microsoft.OperationalInsights/workspaces",
                        "permissionsDisplayText": "read and write permissions are required.",
                        "providerDisplayName": "Workspace",
                        "scope": "Workspace",
                        "requiredPermissions": {
                          "action": true,
                          "write": true,
                          "read": true,
                          "delete": true
                        }
                      }
                    ],
                    "customs": [
                      {
                        "name": "Island API Key",
                        "description": "An Island API key is required."
                      }
                    ]
                  },
                  "instructionSteps": [
                    {
                      "description": "Provide the Island API URL and Key.  API URL is https://management.island.io/api/external/v1/timeline for US or https://eu.management.island.io/api/external/v1/timeline for EU.\n  Generate the API Key in the Management Console under Settings > API.",
                      "instructions": [
                        {
                          "parameters": {
                            "enable": "true",
                            "userRequestPlaceHoldersInput": [
                              {
                                "displayText": "API URL",
                                "requestObjectKey": "apiEndpoint",
                                "placeHolderName": "{{placeHolder1}}",
                                "placeHolderValue": ""
                              }
                            ]
                          },
                          "type": "APIKey"
                        }
                      ],
                      "title": "Connect Island to Microsoft Sentinel"
                    }
                  ]
                },
                "pollingConfig": {
                  "auth": {
                    "authType": "APIKey",
                    "APIKeyName": "Api-Key",
                    "IsAPIKeyInPostPayload": "False"
                  },
                  "request": {
                    "apiEndpoint": "{{placeHolder1}}",
                    "httpMethod": "Get",
                    "queryTimeFormat": "yyyy-MM-ddTHH:mm:ssZ",
                    "startTimeAttributeName": "start",
                    "endTimeAttributeName": "end",
                    "queryWindowInMin": 5,
                    "rateLimitQPS": 1
                  },
                  "paging": {
                    "pagingType": "Offset",
                    "offsetParaName": "offset",
                    "pageSizeParaName": "limit",
                    "pageSize": 100
                  },
                  "response": {
                    "eventsJsonPaths": [
                      "$.events[*]"
                    ]
                  }
                }
              }
            },
            {
              "type": "Microsoft.OperationalInsights/workspaces/providers/metadata",
              "apiVersion": "2023-04-01-preview",
              "name": "[concat(parameters('workspace'),'/Microsoft.SecurityInsights/',concat('DataConnector-', last(split(variables('_dataConnectorId2'),'/'))))]",
              "properties": {
                "parentId": "[extensionResourceId(resourceId('Microsoft.OperationalInsights/workspaces', parameters('workspace')), 'Microsoft.SecurityInsights/dataConnectors', variables('_dataConnectorContentId2'))]",
                "contentId": "[variables('_dataConnectorContentId2')]",
                "kind": "DataConnector",
                "version": "[variables('dataConnectorVersion2')]",
                "source": {
                  "kind": "Solution",
                  "name": "Island",
                  "sourceId": "[variables('_solutionId')]"
                },
                "author": {
                  "name": "Island",
                  "email": "[variables('_email')]"
                },
                "support": {
                  "name": "Island",
                  "email": "support@island.io",
                  "tier": "Partner",
                  "link": "https://www.island.io"
                }
              }
            }
          ]
        },
        "packageKind": "Solution",
        "packageVersion": "[variables('_solutionVersion')]",
        "packageName": "[variables('_solutionName')]",
        "packageId": "[variables('_solutionId')]",
        "contentSchemaVersion": "3.0.0",
        "contentId": "[variables('_dataConnectorContentId2')]",
        "contentKind": "DataConnector",
        "displayName": "Island Enterprise Browser User Activity (Polling CCP)",
        "contentProductId": "[variables('_dataConnectorcontentProductId2')]",
        "id": "[variables('_dataConnectorcontentProductId2')]",
        "version": "[variables('dataConnectorVersion2')]"
      }
    },
    {
      "type": "Microsoft.OperationalInsights/workspaces/providers/metadata",
      "apiVersion": "2023-04-01-preview",
      "name": "[concat(parameters('workspace'),'/Microsoft.SecurityInsights/',concat('DataConnector-', last(split(variables('_dataConnectorId2'),'/'))))]",
      "dependsOn": [
        "[variables('_dataConnectorId2')]"
      ],
      "location": "[parameters('workspace-location')]",
      "properties": {
        "parentId": "[extensionResourceId(resourceId('Microsoft.OperationalInsights/workspaces', parameters('workspace')), 'Microsoft.SecurityInsights/dataConnectors', variables('_dataConnectorContentId2'))]",
        "contentId": "[variables('_dataConnectorContentId2')]",
        "kind": "DataConnector",
        "version": "[variables('dataConnectorVersion2')]",
        "source": {
          "kind": "Solution",
          "name": "Island",
          "sourceId": "[variables('_solutionId')]"
        },
        "author": {
          "name": "Island",
          "email": "[variables('_email')]"
        },
        "support": {
          "name": "Island",
          "email": "support@island.io",
          "tier": "Partner",
          "link": "https://www.island.io"
        }
      }
    },
    {
      "name": "[concat(parameters('workspace'),'/Microsoft.SecurityInsights/',variables('_dataConnectorContentId2'))]",
      "apiVersion": "2021-03-01-preview",
      "type": "Microsoft.OperationalInsights/workspaces/providers/dataConnectors",
      "location": "[parameters('workspace-location')]",
      "kind": "APIPolling",
      "properties": {
        "connectorUiConfig": {
          "title": "Island Enterprise Browser User Activity (Polling CCP)",
          "id": "[variables('_uiConfigId2')]",
          "publisher": "Island",
          "descriptionMarkdown": "The [Island](https://www.island.io) connector provides the capability to ingest Island User Activity logs into Microsoft Sentinel.",
          "graphQueriesTableName": "Island_User_CL",
          "graphQueries": [
            {
              "metricName": "Total events received",
              "legend": "Island Events",
              "baseQuery": "{{graphQueriesTableName}}"
            }
          ],
          "sampleQueries": [
            {
              "description": "Grab 10 Island log entries",
              "query": "{{graphQueriesTableName}}\n | sort by TimeGenerated\n | take 10"
            }
          ],
          "dataTypes": [
            {
              "name": "{{graphQueriesTableName}}",
              "lastDataReceivedQuery": "{{graphQueriesTableName}}\n            | summarize Time = max(TimeGenerated)\n            | where isnotempty(Time)"
            }
          ],
          "connectivityCriterias": [
            {
              "type": "SentinelKindsV2",
              "value": []
            }
          ],
          "availability": {
            "status": 1,
            "isPreview": false
          },
          "permissions": {
            "resourceProvider": [
              {
                "provider": "Microsoft.OperationalInsights/workspaces",
                "permissionsDisplayText": "read and write permissions are required.",
                "providerDisplayName": "Workspace",
                "scope": "Workspace",
                "requiredPermissions": {
                  "action": true,
                  "write": true,
                  "read": true,
                  "delete": true
                }
              }
            ],
            "customs": [
              {
                "name": "Island API Key",
                "description": "An Island API key is required."
              }
            ]
          },
          "instructionSteps": [
            {
              "description": "Provide the Island API URL and Key.  API URL is https://management.island.io/api/external/v1/timeline for US or https://eu.management.island.io/api/external/v1/timeline for EU.\n  Generate the API Key in the Management Console under Settings > API.",
              "instructions": [
                {
                  "parameters": {
                    "enable": "true",
                    "userRequestPlaceHoldersInput": [
                      {
                        "displayText": "API URL",
                        "requestObjectKey": "apiEndpoint",
                        "placeHolderName": "{{placeHolder1}}",
                        "placeHolderValue": ""
                      }
                    ]
                  },
                  "type": "APIKey"
                }
              ],
              "title": "Connect Island to Microsoft Sentinel"
            }
          ]
        },
        "pollingConfig": {
          "auth": {
            "authType": "APIKey",
            "APIKeyName": "Api-Key",
            "IsAPIKeyInPostPayload": "False"
          },
          "request": {
            "apiEndpoint": "{{placeHolder1}}",
            "httpMethod": "Get",
            "queryTimeFormat": "yyyy-MM-ddTHH:mm:ssZ",
            "startTimeAttributeName": "start",
            "endTimeAttributeName": "end",
            "queryWindowInMin": 5,
            "rateLimitQPS": 1
          },
          "paging": {
            "pagingType": "Offset",
            "offsetParaName": "offset",
            "pageSizeParaName": "limit",
            "pageSize": 100
          },
          "response": {
            "eventsJsonPaths": [
              "$.events[*]"
            ]
          }
        }
      }
    },
    {
      "type": "Microsoft.OperationalInsights/workspaces/providers/contentTemplates",
      "apiVersion": "2023-04-01-preview",
      "name": "[variables('workbookTemplateSpecName1')]",
      "location": "[parameters('workspace-location')]",
      "dependsOn": [
        "[extensionResourceId(resourceId('Microsoft.OperationalInsights/workspaces', parameters('workspace')), 'Microsoft.SecurityInsights/contentPackages', variables('_solutionId'))]"
      ],
      "properties": {
        "description": "IslandAdminAuditOverviewWorkbook Workbook with template version 3.0.0",
        "mainTemplate": {
          "$schema": "https://schema.management.azure.com/schemas/2019-04-01/deploymentTemplate.json#",
          "contentVersion": "[variables('workbookVersion1')]",
          "parameters": {},
          "variables": {},
          "resources": [
            {
              "type": "Microsoft.Insights/workbooks",
              "name": "[variables('workbookContentId1')]",
              "location": "[parameters('workspace-location')]",
              "kind": "shared",
              "apiVersion": "2021-08-01",
              "metadata": {
                "description": "This workbook provides a view into the activities of administrators in the Island Management Console."
              },
              "properties": {
                "displayName": "[parameters('workbook1-name')]",
                "serializedData": "{\"version\":\"Notebook/1.0\",\"items\":[{\"type\":1,\"content\":{\"json\":\"## Island Enterprise Browser Admin Audit Overview\"},\"name\":\"text - 0\"},{\"type\":9,\"content\":{\"version\":\"KqlParameterItem/1.0\",\"parameters\":[{\"id\":\"e246fdd8-f37f-4290-a205-7ffa192ea860\",\"version\":\"KqlParameterItem/1.0\",\"name\":\"TimeRange\",\"type\":4,\"isRequired\":true,\"value\":{\"durationMs\":604800000},\"typeSettings\":{\"selectableValues\":[{\"durationMs\":300000},{\"durationMs\":900000},{\"durationMs\":1800000},{\"durationMs\":3600000},{\"durationMs\":14400000},{\"durationMs\":43200000},{\"durationMs\":86400000},{\"durationMs\":172800000},{\"durationMs\":259200000},{\"durationMs\":604800000},{\"durationMs\":1209600000},{\"durationMs\":2419200000},{\"durationMs\":2592000000},{\"durationMs\":5184000000},{\"durationMs\":7776000000}],\"allowCustom\":true}},{\"id\":\"4fae5ad4-351d-46f7-b4b4-f20cdf540a9f\",\"version\":\"KqlParameterItem/1.0\",\"name\":\"Admin\",\"type\":2,\"description\":\"Select an Admin or Admins to filter on\",\"isRequired\":true,\"multiSelect\":true,\"quote\":\"'\",\"delimiter\":\",\",\"query\":\"Island_Admin_CL\\n| distinct email_s\\n| project Value = email_s\",\"typeSettings\":{\"additionalResourceOptions\":[\"value::all\"],\"selectAllValue\":\"All\",\"showDefault\":false},\"timeContext\":{\"durationMs\":1209600000},\"timeContextFromParameter\":\"TimeRange\",\"defaultValue\":\"value::all\",\"queryType\":0,\"resourceType\":\"microsoft.operationalinsights/workspaces\",\"value\":[\"value::all\"]}],\"style\":\"pills\",\"queryType\":0,\"resourceType\":\"microsoft.operationalinsights/workspaces\"},\"name\":\"parameters - 1\"},{\"type\":3,\"content\":{\"version\":\"KqlItem/1.0\",\"query\":\"Island_Admin_CL\\r\\n| where email_s !=\\\"\\\"\\r\\n| where (email_s in ({Admin}) or '{Admin:label}' == \\\"All\\\")\\r\\n| summarize Count = count() by email_s\\r\\n| order by Count desc\",\"size\":0,\"title\":\"Top Admins by Email\",\"timeContextFromParameter\":\"TimeRange\",\"exportFieldName\":\"DestinationServiceName\",\"exportParameterName\":\"DestinationServiceNameFilter\",\"exportDefaultValue\":\"All\",\"queryType\":0,\"resourceType\":\"microsoft.operationalinsights/workspaces\",\"gridSettings\":{\"formatters\":[{\"columnMatch\":\"Count\",\"formatter\":4,\"formatOptions\":{\"min\":0,\"palette\":\"purple\",\"showIcon\":true}}],\"filter\":true}},\"customWidth\":\"50\",\"name\":\"query - 3\"},{\"type\":3,\"content\":{\"version\":\"KqlItem/1.0\",\"query\":\"Island_Admin_CL\\r\\n| where actionDomain_s  !=\\\"\\\"\\r\\n| where (email_s in ({Admin}) or '{Admin:label}' == \\\"All\\\")\\r\\n| summarize Count = count() by actionDomain_s\\r\\n| order by Count desc\",\"size\":3,\"title\":\"Top Action Domains\",\"timeContextFromParameter\":\"TimeRange\",\"queryType\":0,\"resourceType\":\"microsoft.operationalinsights/workspaces\",\"visualization\":\"piechart\"},\"customWidth\":\"50\",\"name\":\"query - 2\"},{\"type\":3,\"content\":{\"version\":\"KqlItem/1.0\",\"query\":\"Island_Admin_CL\\n| where actionType_s  !=\\\"\\\"\\n| where (email_s in ({Admin}) or '{Admin:label}' == \\\"All\\\")\\n| summarize Count = count() by actionType_s\\n| order by Count desc\",\"size\":3,\"title\":\"Top Action Types\",\"timeContextFromParameter\":\"TimeRange\",\"queryType\":0,\"resourceType\":\"microsoft.operationalinsights/workspaces\",\"visualization\":\"piechart\"},\"customWidth\":\"50\",\"name\":\"query - 12\"},{\"type\":3,\"content\":{\"version\":\"KqlItem/1.0\",\"query\":\"Island_Admin_CL\\r\\n| where entityType_s == \\\"RuleEntity\\\"\\r\\n| where entityName_s  !=\\\"\\\"\\r\\n| where (email_s in ({Admin}) or '{Admin:label}' == \\\"All\\\")\\r\\n| summarize Count = count() by entityName_s\\r\\n| order by Count desc\",\"size\":3,\"title\":\"Top Rules Administered\",\"timeContextFromParameter\":\"TimeRange\",\"exportFieldName\":\"Location\",\"exportParameterName\":\"LocationFilter\",\"exportDefaultValue\":\"All\",\"queryType\":0,\"resourceType\":\"microsoft.operationalinsights/workspaces\",\"visualization\":\"piechart\",\"gridSettings\":{\"formatters\":[{\"columnMatch\":\"Downloads\",\"formatter\":4,\"formatOptions\":{\"min\":0,\"palette\":\"blue\",\"showIcon\":true}},{\"columnMatch\":\"Uploads\",\"formatter\":4,\"formatOptions\":{\"palette\":\"green\",\"showIcon\":true}}]}},\"customWidth\":\"50\",\"name\":\"query - 6\"}],\"fallbackResourceIds\":\"[]\",\"fromTemplateId\":\"\",\"$schema\":\"https://github.com/Microsoft/Application-Insights-Workbooks/blob/master/schema/workbook.json\"}\n",
                "version": "1.0",
                "sourceId": "[variables('workspaceResourceId')]",
                "category": "sentinel"
              }
            },
            {
              "type": "Microsoft.OperationalInsights/workspaces/providers/metadata",
              "apiVersion": "2022-01-01-preview",
              "name": "[concat(parameters('workspace'),'/Microsoft.SecurityInsights/',concat('Workbook-', last(split(variables('workbookId1'),'/'))))]",
              "properties": {
                "description": "@{workbookKey=IslandAdminAuditOverview; logoFileName=island.svg; description=This workbook provides a view into the activities of administrators in the Island Management Console.; dataTypesDependencies=System.Object[]; dataConnectorsDependencies=System.Object[]; previewImagesFileNames=System.Object[]; version=1.0.0; title=Island Admin Audit Overview; templateRelativePath=IslandAdminAuditOverview.json; subtitle=; provider=Island}.description",
                "parentId": "[variables('workbookId1')]",
                "contentId": "[variables('_workbookContentId1')]",
                "kind": "Workbook",
                "version": "[variables('workbookVersion1')]",
                "source": {
                  "kind": "Solution",
                  "name": "Island",
                  "sourceId": "[variables('_solutionId')]"
                },
                "author": {
                  "name": "Island",
                  "email": "[variables('_email')]"
                },
                "support": {
                  "name": "Island",
                  "email": "support@island.io",
                  "tier": "Partner",
                  "link": "https://www.island.io"
                }
              }
            }
          ]
        },
        "packageKind": "Solution",
        "packageVersion": "[variables('_solutionVersion')]",
        "packageName": "[variables('_solutionName')]",
        "packageId": "[variables('_solutionId')]",
        "contentSchemaVersion": "3.0.0",
        "contentId": "[variables('_workbookContentId1')]",
        "contentKind": "Workbook",
        "displayName": "[parameters('workbook1-name')]",
        "contentProductId": "[variables('_workbookcontentProductId1')]",
        "id": "[variables('_workbookcontentProductId1')]",
        "version": "[variables('workbookVersion1')]"
      }
    },
    {
      "type": "Microsoft.OperationalInsights/workspaces/providers/contentTemplates",
      "apiVersion": "2023-04-01-preview",
      "name": "[variables('workbookTemplateSpecName2')]",
      "location": "[parameters('workspace-location')]",
      "dependsOn": [
        "[extensionResourceId(resourceId('Microsoft.OperationalInsights/workspaces', parameters('workspace')), 'Microsoft.SecurityInsights/contentPackages', variables('_solutionId'))]"
      ],
      "properties": {
        "description": "IslandUserActivityOverviewWorkbook Workbook with template version 3.0.0",
        "mainTemplate": {
          "$schema": "https://schema.management.azure.com/schemas/2019-04-01/deploymentTemplate.json#",
          "contentVersion": "[variables('workbookVersion2')]",
          "parameters": {},
          "variables": {},
          "resources": [
            {
              "type": "Microsoft.Insights/workbooks",
              "name": "[variables('workbookContentId2')]",
              "location": "[parameters('workspace-location')]",
              "kind": "shared",
              "apiVersion": "2021-08-01",
              "metadata": {
                "description": "This workbook provides a view into the activities of users while using the Island Enterprise Browser."
              },
              "properties": {
                "displayName": "[parameters('workbook2-name')]",
                "serializedData": "{\"version\":\"Notebook/1.0\",\"items\":[{\"type\":1,\"content\":{\"json\":\"## Island Enterprise Browser User Activity Overview\"},\"name\":\"text - 0\"},{\"type\":9,\"content\":{\"version\":\"KqlParameterItem/1.0\",\"parameters\":[{\"id\":\"e246fdd8-f37f-4290-a205-7ffa192ea860\",\"version\":\"KqlParameterItem/1.0\",\"name\":\"TimeRange\",\"type\":4,\"isRequired\":true,\"value\":{\"durationMs\":604800000},\"typeSettings\":{\"selectableValues\":[{\"durationMs\":300000},{\"durationMs\":900000},{\"durationMs\":1800000},{\"durationMs\":3600000},{\"durationMs\":14400000},{\"durationMs\":43200000},{\"durationMs\":86400000},{\"durationMs\":172800000},{\"durationMs\":259200000},{\"durationMs\":604800000},{\"durationMs\":1209600000},{\"durationMs\":2419200000},{\"durationMs\":2592000000},{\"durationMs\":5184000000},{\"durationMs\":7776000000}],\"allowCustom\":true}},{\"id\":\"fe452f11-ddc9-4b85-b441-b8f6be3b33a8\",\"version\":\"KqlParameterItem/1.0\",\"name\":\"User\",\"type\":2,\"description\":\"To Select the User or Users to Filter on\",\"isRequired\":true,\"multiSelect\":true,\"quote\":\"'\",\"delimiter\":\",\",\"query\":\"Island_User_CL\\r\\n| distinct userName_s\\r\\n| project Value = userName_s\",\"typeSettings\":{\"additionalResourceOptions\":[\"value::all\"],\"selectAllValue\":\"All\",\"showDefault\":false},\"timeContext\":{\"durationMs\":0},\"timeContextFromParameter\":\"TimeRange\",\"defaultValue\":\"value::all\",\"queryType\":0,\"resourceType\":\"microsoft.operationalinsights/workspaces\",\"value\":[\"value::all\"]}],\"style\":\"pills\",\"queryType\":0,\"resourceType\":\"microsoft.operationalinsights/workspaces\"},\"name\":\"parameters - 1\"},{\"type\":3,\"content\":{\"version\":\"KqlItem/1.0\",\"query\":\"Island_User_CL\\r\\n| where type_s == \\\"Navigation\\\"\\r\\n| extend Domain = tostring(parse_url(topLevelUrl_s).Host)\\r\\n| where Domain !=\\\"\\\"\\r\\n| where (userName_s in ({User}) or '{User:label}' == \\\"All\\\")\\r\\n| summarize Count = count() by Domain\\r\\n| order by Count desc\",\"size\":0,\"title\":\"Top URLs by FQDN\",\"timeContextFromParameter\":\"TimeRange\",\"exportFieldName\":\"DestinationServiceName\",\"exportParameterName\":\"DestinationServiceNameFilter\",\"exportDefaultValue\":\"All\",\"queryType\":0,\"resourceType\":\"microsoft.operationalinsights/workspaces\",\"gridSettings\":{\"formatters\":[{\"columnMatch\":\"Count\",\"formatter\":4,\"formatOptions\":{\"min\":0,\"palette\":\"purple\",\"showIcon\":true}}],\"filter\":true}},\"customWidth\":\"33\",\"name\":\"query - 3\"},{\"type\":3,\"content\":{\"version\":\"KqlItem/1.0\",\"query\":\"Island_User_CL\\r\\n| where type_s == \\\"Navigation\\\"\\r\\n| extend WebCategory = todynamic(urlWebCategories_s)\\r\\n| mv-expand WebCategory\\r\\n| where WebCategory  !=\\\"\\\"\\r\\n| where (userName_s in ({User}) or '{User:label}' == \\\"All\\\")\\r\\n| summarize Count = count() by tostring(WebCategory)\\r\\n| order by Count desc\",\"size\":0,\"title\":\"Top Web Categories\",\"timeContextFromParameter\":\"TimeRange\",\"queryType\":0,\"resourceType\":\"microsoft.operationalinsights/workspaces\"},\"customWidth\":\"33\",\"name\":\"query - 2\"},{\"type\":3,\"content\":{\"version\":\"KqlItem/1.0\",\"query\":\"Island_User_CL\\n| where ruleName_s  !=\\\"\\\"\\n| where (userName_s in ({User}) or '{User:label}' == \\\"All\\\")\\n| summarize Count = count() by RuleName=ruleName_s\\n| order by Count desc\",\"size\":0,\"title\":\"Top Rules\",\"timeContextFromParameter\":\"TimeRange\",\"queryType\":0,\"resourceType\":\"microsoft.operationalinsights/workspaces\",\"visualization\":\"table\"},\"customWidth\":\"33\",\"name\":\"query - 12\"},{\"type\":3,\"content\":{\"version\":\"KqlItem/1.0\",\"query\":\"Island_User_CL\\r\\n| where urlWebReputation_d >= 0\\r\\n| summarize Count = count() by urlWebReputation_d\\r\\n| project  URL_Risk = urlWebReputation_d, Count\\r\\n| order by URL_Risk desc\",\"size\":0,\"title\":\"URL Risk (100 - Low Risk, 0 - High Risk)\",\"timeContextFromParameter\":\"TimeRange\",\"queryType\":0,\"resourceType\":\"microsoft.operationalinsights/workspaces\",\"visualization\":\"categoricalbar\",\"gridSettings\":{\"formatters\":[{\"columnMatch\":\"Count\",\"formatter\":8,\"formatOptions\":{\"min\":0,\"palette\":\"greenBlue\",\"showIcon\":true}}],\"filter\":true},\"chartSettings\":{\"showMetrics\":false}},\"customWidth\":\"33\",\"name\":\"query - 4\"},{\"type\":3,\"content\":{\"version\":\"KqlItem/1.0\",\"query\":\"Island_User_CL\\r\\n| where type_s == \\\"Navigation\\\"\\r\\n| where saasApplicationCategory_s !=\\\"\\\"\\r\\n| where (userName_s in ({User}) or '{User:label}' == \\\"All\\\")\\r\\n| summarize Count = count() by saasApplicationCategory_s\\r\\n| order by Count desc\",\"size\":2,\"title\":\"Top SaaS Application Categories\",\"timeContextFromParameter\":\"TimeRange\",\"exportFieldName\":\"Location\",\"exportParameterName\":\"LocationFilter\",\"exportDefaultValue\":\"All\",\"queryType\":0,\"resourceType\":\"microsoft.operationalinsights/workspaces\",\"visualization\":\"piechart\",\"gridSettings\":{\"formatters\":[{\"columnMatch\":\"Downloads\",\"formatter\":4,\"formatOptions\":{\"min\":0,\"palette\":\"blue\",\"showIcon\":true}},{\"columnMatch\":\"Uploads\",\"formatter\":4,\"formatOptions\":{\"palette\":\"green\",\"showIcon\":true}}]}},\"customWidth\":\"33\",\"name\":\"query - 6\"},{\"type\":3,\"content\":{\"version\":\"KqlItem/1.0\",\"query\":\"Island_User_CL\\r\\n| where type_s == \\\"Navigation\\\"\\r\\n| where saasApplicationName_s !=\\\"\\\"\\r\\n| where (userName_s in ({User}) or '{User:label}' == \\\"All\\\")\\r\\n| summarize Count = count() by saasApplicationName_s\\r\\n| order by Count desc\",\"size\":2,\"title\":\"Top SaaS Applications\",\"timeContextFromParameter\":\"TimeRange\",\"queryType\":0,\"resourceType\":\"microsoft.operationalinsights/workspaces\",\"visualization\":\"piechart\"},\"customWidth\":\"33\",\"name\":\"query - 5\"},{\"type\":1,\"content\":{\"json\":\"---\\r\\n### Block actvities\"},\"name\":\"text - 10\"},{\"type\":3,\"content\":{\"version\":\"KqlItem/1.0\",\"query\":\"Island_User_CL\\r\\n| where verdict_s == \\\"Blocked\\\"\\r\\n| where (userName_s in ({User}) or '{User:label}' == \\\"All\\\")\\r\\n| summarize Count = count() by type_s\",\"size\":2,\"title\":\"Blocked Action Types\",\"timeContextFromParameter\":\"TimeRange\",\"exportFieldName\":\"DestinationHostName\",\"exportParameterName\":\"DestinationHostName\",\"exportDefaultValue\":\"All\",\"queryType\":0,\"resourceType\":\"microsoft.operationalinsights/workspaces\",\"visualization\":\"piechart\",\"gridSettings\":{\"formatters\":[{\"columnMatch\":\"Count\",\"formatter\":8,\"formatOptions\":{\"palette\":\"coldHot\",\"showIcon\":true}}]}},\"customWidth\":\"33\",\"name\":\"query - 16\"},{\"type\":3,\"content\":{\"version\":\"KqlItem/1.0\",\"query\":\"Island_User_CL\\r\\n| where verdict_s == \\\"Blocked\\\"\\r\\n| extend Domain = tostring(parse_url(topLevelUrl_s).Host)\\r\\n| where Domain !=\\\"\\\"\\r\\n| where (userName_s in ({User}) or '{User:label}' == \\\"All\\\")\\r\\n| summarize Count=count() by Domain, Action=type_s\",\"size\":2,\"title\":\"Blocked URL Domains by Actions\",\"timeContextFromParameter\":\"TimeRange\",\"exportFieldName\":\"SourceUserName\",\"exportParameterName\":\"SourceUserName\",\"exportDefaultValue\":\"All\",\"queryType\":0,\"resourceType\":\"microsoft.operationalinsights/workspaces\",\"visualization\":\"table\",\"gridSettings\":{\"formatters\":[{\"columnMatch\":\"Count\",\"formatter\":8,\"formatOptions\":{\"palette\":\"coldHot\",\"showIcon\":true}}],\"rowLimit\":1000},\"chartSettings\":{\"showMetrics\":false,\"showLegend\":true,\"ySettings\":{\"numberFormatSettings\":{\"unit\":0,\"options\":{\"style\":\"decimal\",\"useGrouping\":true}}}}},\"customWidth\":\"33\",\"name\":\"query - 12\"},{\"type\":3,\"content\":{\"version\":\"KqlItem/1.0\",\"query\":\"Island_User_CL\\r\\n| where verdict_s == \\\"Blocked\\\"\\r\\n| summarize Count = count() by Username=userName_s\\r\\n\",\"size\":2,\"title\":\"Blocked Users\",\"timeContextFromParameter\":\"TimeRange\",\"exportFieldName\":\"Activity\",\"exportParameterName\":\"Activity\",\"exportDefaultValue\":\"All\",\"queryType\":0,\"resourceType\":\"microsoft.operationalinsights/workspaces\",\"visualization\":\"piechart\",\"gridSettings\":{\"formatters\":[{\"columnMatch\":\"Count\",\"formatter\":8,\"formatOptions\":{\"palette\":\"coldHot\",\"showIcon\":true}}]}},\"customWidth\":\"33\",\"name\":\"query - 13\"}],\"fallbackResourceIds\":\"[]\",\"fromTemplateId\":\"\",\"$schema\":\"https://github.com/Microsoft/Application-Insights-Workbooks/blob/master/schema/workbook.json\"}\n",
                "version": "1.0",
                "sourceId": "[variables('workspaceResourceId')]",
                "category": "sentinel"
              }
            },
            {
              "type": "Microsoft.OperationalInsights/workspaces/providers/metadata",
              "apiVersion": "2022-01-01-preview",
              "name": "[concat(parameters('workspace'),'/Microsoft.SecurityInsights/',concat('Workbook-', last(split(variables('workbookId2'),'/'))))]",
              "properties": {
                "description": "@{workbookKey=IslandUserActivityOverview; logoFileName=island.svg; description=This workbook provides a view into the activities of users while using the Island Enterprise Browser.; dataTypesDependencies=System.Object[]; dataConnectorsDependencies=System.Object[]; previewImagesFileNames=System.Object[]; version=1.0.0; title=Island User Activity Overview; templateRelativePath=IslandUserActivityOverview.json; subtitle=; provider=Island}.description",
                "parentId": "[variables('workbookId2')]",
                "contentId": "[variables('_workbookContentId2')]",
                "kind": "Workbook",
                "version": "[variables('workbookVersion2')]",
                "source": {
                  "kind": "Solution",
                  "name": "Island",
                  "sourceId": "[variables('_solutionId')]"
                },
                "author": {
                  "name": "Island",
                  "email": "[variables('_email')]"
                },
                "support": {
                  "name": "Island",
                  "email": "support@island.io",
                  "tier": "Partner",
                  "link": "https://www.island.io"
                }
              }
            }
          ]
        },
        "packageKind": "Solution",
        "packageVersion": "[variables('_solutionVersion')]",
        "packageName": "[variables('_solutionName')]",
        "packageId": "[variables('_solutionId')]",
        "contentSchemaVersion": "3.0.0",
        "contentId": "[variables('_workbookContentId2')]",
        "contentKind": "Workbook",
        "displayName": "[parameters('workbook2-name')]",
        "contentProductId": "[variables('_workbookcontentProductId2')]",
        "id": "[variables('_workbookcontentProductId2')]",
        "version": "[variables('workbookVersion2')]"
      }
    },
    {
      "type": "Microsoft.OperationalInsights/workspaces/providers/contentPackages",
      "apiVersion": "2023-04-01-preview",
      "location": "[parameters('workspace-location')]",
      "properties": {
        "version": "3.0.0",
        "kind": "Solution",
        "contentSchemaVersion": "3.0.0",
        "displayName": "Island",
        "publisherDisplayName": "Island",
        "descriptionHtml": "<p><strong>Note:</strong> <em>There may be <a href=\"https://aka.ms/sentinelsolutionsknownissues\">known issues</a> pertaining to this Solution, please refer to them before installing.</em></p>\n<p>The <a href=\"https://www.island.io/\">Island Enterprise Browser</a> solution for Microsoft Sentinel enables you to ingest events for both User Activity and Admin Audit via API using Microsoft Sentinel CCP Data Connectors.</p>\n<p><strong>Data Connectors:</strong> 2, <strong>Workbooks:</strong> 2</p>\n<p><a href=\"https://aka.ms/azuresentinel\">Learn more about Microsoft Sentinel</a> | <a href=\"https://aka.ms/azuresentinelsolutionsdoc\">Learn more about Solutions</a></p>\n",
        "contentKind": "Solution",
        "contentProductId": "[variables('_solutioncontentProductId')]",
        "id": "[variables('_solutioncontentProductId')]",
        "icon": "<img src=\"https://raw.githubusercontent.com/Azure/Azure-Sentinel/master/Logos/island.svg\" width=\"75px\" height=\"75px\">",
        "contentId": "[variables('_solutionId')]",
        "parentId": "[variables('_solutionId')]",
        "source": {
          "kind": "Solution",
          "name": "Island",
          "sourceId": "[variables('_solutionId')]"
        },
        "author": {
          "name": "Island",
          "email": "[variables('_email')]"
        },
        "support": {
          "name": "Island",
          "email": "support@island.io",
          "tier": "Partner",
          "link": "https://www.island.io"
        },
        "dependencies": {
          "operator": "AND",
          "criteria": [
            {
              "kind": "DataConnector",
              "contentId": "[variables('_dataConnectorContentId1')]",
              "version": "[variables('dataConnectorVersion1')]"
            },
            {
              "kind": "DataConnector",
              "contentId": "[variables('_dataConnectorContentId2')]",
              "version": "[variables('dataConnectorVersion2')]"
            },
            {
              "kind": "Workbook",
              "contentId": "[variables('_workbookContentId1')]",
              "version": "[variables('workbookVersion1')]"
            },
            {
              "kind": "Workbook",
              "contentId": "[variables('_workbookContentId2')]",
              "version": "[variables('workbookVersion2')]"
            }
          ]
        },
        "firstPublishDate": "2023-05-02",
        "lastPublishDate": "2023-07-20",
        "providers": [
          "Island"
        ],
        "categories": {
          "domains": [
            "Security - Information Protection",
            "Security - Threat Protection"
          ]
        }
      },
      "name": "[concat(parameters('workspace'),'/Microsoft.SecurityInsights/', variables('_solutionId'))]"
    }
  ],
  "outputs": {}
}
