{
  "$schema": "https://schema.management.azure.com/schemas/2019-04-01/deploymentTemplate.json#",
  "contentVersion": "1.0.0.0",
  "metadata": {
    "author": "Mimecast - dlapi@mimecast.com",
    "comments": "Solution template for MimecastTTP"
  },
  "parameters": {
    "location": {
      "type": "string",
      "minLength": 1,
      "defaultValue": "[resourceGroup().location]",
      "metadata": {
        "description": "Not used, but needed to pass arm-ttk test `Location-Should-Not-Be-Hardcoded`.  We instead use the `workspace-location` which is derived from the LA workspace"
      }
    },
    "workspace-location": {
      "type": "string",
      "defaultValue": "",
      "metadata": {
        "description": "[concat('Region to deploy solution resources -- separate from location selection',parameters('location'))]"
      }
    },
    "workspace": {
      "defaultValue": "",
      "type": "string",
      "metadata": {
        "description": "Workspace name for Log Analytics where Microsoft Sentinel is setup"
      }
    },
    "workbook1-name": {
      "type": "string",
      "defaultValue": "MimecastTTP",
      "minLength": 1,
      "metadata": {
        "description": "Name for the workbook"
      }
    }
  },
  "variables": {
    "email": "dlapi@mimecast.com",
    "_email": "[variables('email')]",
    "_solutionName": "MimecastTTP",
    "_solutionVersion": "3.0.2",
    "solutionId": "mimecastnorthamerica1584469118674.azure-sentinel-solution-mimecastttp",
    "_solutionId": "[variables('solutionId')]",
    "analyticRuleObject1": {
      "analyticRuleVersion1": "1.0.0",
      "_analyticRulecontentId1": "aa75944c-a663-4901-969e-7b55bfa49a73",
      "analyticRuleId1": "[resourceId('Microsoft.SecurityInsights/AlertRuleTemplates', 'aa75944c-a663-4901-969e-7b55bfa49a73')]",
      "analyticRuleTemplateSpecName1": "[concat(parameters('workspace'),'/Microsoft.SecurityInsights/',concat(parameters('workspace'),'-ar-',uniquestring('aa75944c-a663-4901-969e-7b55bfa49a73')))]",
      "_analyticRulecontentProductId1": "[concat(take(variables('_solutionId'),50),'-','ar','-', uniqueString(concat(variables('_solutionId'),'-','AnalyticsRule','-','aa75944c-a663-4901-969e-7b55bfa49a73','-', '1.0.0')))]"
    },
    "analyticRuleObject2": {
      "analyticRuleVersion2": "1.0.0",
      "_analyticRulecontentId2": "d8e7eca6-4b59-4069-a31e-a022b2a12ea4",
      "analyticRuleId2": "[resourceId('Microsoft.SecurityInsights/AlertRuleTemplates', 'd8e7eca6-4b59-4069-a31e-a022b2a12ea4')]",
      "analyticRuleTemplateSpecName2": "[concat(parameters('workspace'),'/Microsoft.SecurityInsights/',concat(parameters('workspace'),'-ar-',uniquestring('d8e7eca6-4b59-4069-a31e-a022b2a12ea4')))]",
      "_analyticRulecontentProductId2": "[concat(take(variables('_solutionId'),50),'-','ar','-', uniqueString(concat(variables('_solutionId'),'-','AnalyticsRule','-','d8e7eca6-4b59-4069-a31e-a022b2a12ea4','-', '1.0.0')))]"
    },
    "analyticRuleObject3": {
      "analyticRuleVersion3": "1.0.0",
      "_analyticRulecontentId3": "9d5545bd-1450-4086-935c-62f15fc4a4c9",
      "analyticRuleId3": "[resourceId('Microsoft.SecurityInsights/AlertRuleTemplates', '9d5545bd-1450-4086-935c-62f15fc4a4c9')]",
      "analyticRuleTemplateSpecName3": "[concat(parameters('workspace'),'/Microsoft.SecurityInsights/',concat(parameters('workspace'),'-ar-',uniquestring('9d5545bd-1450-4086-935c-62f15fc4a4c9')))]",
      "_analyticRulecontentProductId3": "[concat(take(variables('_solutionId'),50),'-','ar','-', uniqueString(concat(variables('_solutionId'),'-','AnalyticsRule','-','9d5545bd-1450-4086-935c-62f15fc4a4c9','-', '1.0.0')))]"
    },
    "workbookVersion1": "1.0.0",
    "workbookContentId1": "MimecastTTPWorkbook",
    "workbookId1": "[resourceId('Microsoft.Insights/workbooks', variables('workbookContentId1'))]",
    "workbookTemplateSpecName1": "[concat(parameters('workspace'),'/Microsoft.SecurityInsights/',concat(parameters('workspace'),'-wb-',uniquestring(variables('_workbookContentId1'))))]",
    "_workbookContentId1": "[variables('workbookContentId1')]",
    "workspaceResourceId": "[resourceId('microsoft.OperationalInsights/Workspaces', parameters('workspace'))]",
    "_workbookcontentProductId1": "[concat(take(variables('_solutionId'),50),'-','wb','-', uniqueString(concat(variables('_solutionId'),'-','Workbook','-',variables('_workbookContentId1'),'-', variables('workbookVersion1'))))]",
    "uiConfigId1": "MimecastTTPAPI",
    "_uiConfigId1": "[variables('uiConfigId1')]",
    "dataConnectorContentId1": "MimecastTTPAPI",
    "_dataConnectorContentId1": "[variables('dataConnectorContentId1')]",
    "dataConnectorId1": "[extensionResourceId(resourceId('Microsoft.OperationalInsights/workspaces', parameters('workspace')), 'Microsoft.SecurityInsights/dataConnectors', variables('_dataConnectorContentId1'))]",
    "_dataConnectorId1": "[variables('dataConnectorId1')]",
    "dataConnectorTemplateSpecName1": "[concat(parameters('workspace'),'/Microsoft.SecurityInsights/',concat(parameters('workspace'),'-dc-',uniquestring(variables('_dataConnectorContentId1'))))]",
    "dataConnectorVersion1": "1.0.0",
    "_dataConnectorcontentProductId1": "[concat(take(variables('_solutionId'),50),'-','dc','-', uniqueString(concat(variables('_solutionId'),'-','DataConnector','-',variables('_dataConnectorContentId1'),'-', variables('dataConnectorVersion1'))))]",
    "_solutioncontentProductId": "[concat(take(variables('_solutionId'),50),'-','sl','-', uniqueString(concat(variables('_solutionId'),'-','Solution','-',variables('_solutionId'),'-', variables('_solutionVersion'))))]"
  },
  "resources": [
    {
      "type": "Microsoft.OperationalInsights/workspaces/providers/contentTemplates",
      "apiVersion": "2023-04-01-preview",
      "name": "[variables('analyticRuleObject1').analyticRuleTemplateSpecName1]",
      "location": "[parameters('workspace-location')]",
      "dependsOn": [
        "[extensionResourceId(resourceId('Microsoft.OperationalInsights/workspaces', parameters('workspace')), 'Microsoft.SecurityInsights/contentPackages', variables('_solutionId'))]"
      ],
      "properties": {
        "description": "MimecastTTPAttachment_AnalyticalRules Analytics Rule with template version 3.0.2",
        "mainTemplate": {
          "$schema": "https://schema.management.azure.com/schemas/2019-04-01/deploymentTemplate.json#",
          "contentVersion": "[variables('analyticRuleObject1').analyticRuleVersion1]",
          "parameters": {},
          "variables": {},
          "resources": [
            {
              "type": "Microsoft.SecurityInsights/AlertRuleTemplates",
              "name": "[variables('analyticRuleObject1')._analyticRulecontentId1]",
              "apiVersion": "2023-02-01-preview",
              "kind": "Scheduled",
              "location": "[parameters('workspace-location')]",
              "properties": {
                "description": "Detects a threat for an unsafe attachment in an email",
                "displayName": "Mimecast Targeted Threat Protection - Attachment Protect",
                "enabled": false,
                "query": "MimecastTTPAttachment_CL| where result_s <> \"safe\";",
                "queryFrequency": "PT5M",
                "queryPeriod": "PT15M",
                "severity": "High",
                "suppressionDuration": "PT1H",
                "suppressionEnabled": false,
                "triggerOperator": "GreaterThan",
                "triggerThreshold": 0,
                "status": "Available",
                "requiredDataConnectors": [
                  {
                    "dataTypes": [
                      "MimecastTTPAttachment_CL"
                    ],
                    "connectorId": "MimecastTTPAPI"
                  }
                ],
                "tactics": [
                  "InitialAccess",
                  "Discovery"
                ],
                "techniques": [
                  "T0865"
                ],
                "entityMappings": [
                  {
                    "fieldMappings": [
                      {
                        "identifier": "Sender",
                        "columnName": "senderAddress_s"
                      },
                      {
                        "identifier": "Recipient",
                        "columnName": "recipientAddress_s"
                      },
                      {
                        "identifier": "Subject",
                        "columnName": "subject_s"
                      }
                    ],
                    "entityType": "MailMessage"
                  }
                ],
                "eventGroupingSettings": {
                  "aggregationKind": "AlertPerResult"
                },
                "customDetails": {
                  "fileName": "fileName_s",
                  "fileType": "fileType_s",
                  "fileHash": "fileHash_s",
                  "details": "details_s"
                },
                "incidentConfiguration": {
                  "createIncident": true,
                  "groupingConfiguration": {
                    "reopenClosedIncident": false,
                    "lookbackDuration": "1d",
                    "matchingMethod": "AllEntities",
                    "enabled": true
                  }
                }
              }
            },
            {
              "type": "Microsoft.OperationalInsights/workspaces/providers/metadata",
              "apiVersion": "2022-01-01-preview",
              "name": "[concat(parameters('workspace'),'/Microsoft.SecurityInsights/',concat('AnalyticsRule-', last(split(variables('analyticRuleObject1').analyticRuleId1,'/'))))]",
              "properties": {
                "description": "MimecastTTP Analytics Rule 1",
                "parentId": "[variables('analyticRuleObject1').analyticRuleId1]",
                "contentId": "[variables('analyticRuleObject1')._analyticRulecontentId1]",
                "kind": "AnalyticsRule",
                "version": "[variables('analyticRuleObject1').analyticRuleVersion1]",
                "source": {
                  "kind": "Solution",
                  "name": "MimecastTTP",
                  "sourceId": "[variables('_solutionId')]"
                },
                "author": {
                  "name": "Mimecast",
                  "email": "[variables('_email')]"
                },
                "support": {
                  "name": "Mimecast",
                  "email": "support@mimecast.com",
                  "tier": "Partner",
                  "link": "https://community.mimecast.com/s/contactsupport"
                }
              }
            }
          ]
        },
        "packageKind": "Solution",
        "packageVersion": "[variables('_solutionVersion')]",
        "packageName": "[variables('_solutionName')]",
        "packageId": "[variables('_solutionId')]",
        "contentSchemaVersion": "3.0.0",
        "contentId": "[variables('analyticRuleObject1')._analyticRulecontentId1]",
        "contentKind": "AnalyticsRule",
        "displayName": "Mimecast Targeted Threat Protection - Attachment Protect",
        "contentProductId": "[variables('analyticRuleObject1')._analyticRulecontentProductId1]",
        "id": "[variables('analyticRuleObject1')._analyticRulecontentProductId1]",
        "version": "[variables('analyticRuleObject1').analyticRuleVersion1]"
      }
    },
    {
      "type": "Microsoft.OperationalInsights/workspaces/providers/contentTemplates",
      "apiVersion": "2023-04-01-preview",
      "name": "[variables('analyticRuleObject2').analyticRuleTemplateSpecName2]",
      "location": "[parameters('workspace-location')]",
      "dependsOn": [
        "[extensionResourceId(resourceId('Microsoft.OperationalInsights/workspaces', parameters('workspace')), 'Microsoft.SecurityInsights/contentPackages', variables('_solutionId'))]"
      ],
      "properties": {
        "description": "MimecastTTPImpersonation_AnalyticalRules Analytics Rule with template version 3.0.2",
        "mainTemplate": {
          "$schema": "https://schema.management.azure.com/schemas/2019-04-01/deploymentTemplate.json#",
          "contentVersion": "[variables('analyticRuleObject2').analyticRuleVersion2]",
          "parameters": {},
          "variables": {},
          "resources": [
            {
              "type": "Microsoft.SecurityInsights/AlertRuleTemplates",
              "name": "[variables('analyticRuleObject2')._analyticRulecontentId2]",
              "apiVersion": "2023-02-01-preview",
              "kind": "Scheduled",
              "location": "[parameters('workspace-location')]",
              "properties": {
                "description": "Detects a maliciously tagged impersonation",
                "displayName": "Mimecast Targeted Threat Protection - Impersonation Protect",
                "enabled": false,
                "query": "MimecastTTPImpersonation_CL| where taggedMalicious_b == true;",
                "queryFrequency": "PT5M",
                "queryPeriod": "PT15M",
                "severity": "High",
                "suppressionDuration": "PT1H",
                "suppressionEnabled": false,
                "triggerOperator": "GreaterThan",
                "triggerThreshold": 0,
                "status": "Available",
                "requiredDataConnectors": [
                  {
                    "dataTypes": [
                      "MimecastTTPImpersonation_CL"
                    ],
                    "connectorId": "MimecastTTPAPI"
                  }
                ],
                "tactics": [
                  "Exfiltration",
                  "Collection",
                  "Discovery"
                ],
                "techniques": [
                  "T1114"
                ],
                "entityMappings": [
                  {
                    "fieldMappings": [
                      {
                        "identifier": "Sender",
                        "columnName": "senderAddress_s"
                      },
                      {
                        "identifier": "SenderIP",
                        "columnName": "senderIpAddress_s"
                      },
                      {
                        "identifier": "Recipient",
                        "columnName": "recipientAddress_s"
                      }
                    ],
                    "entityType": "MailMessage"
                  }
                ],
                "eventGroupingSettings": {
                  "aggregationKind": "AlertPerResult"
                },
                "incidentConfiguration": {
                  "createIncident": true,
                  "groupingConfiguration": {
                    "reopenClosedIncident": false,
                    "lookbackDuration": "1d",
                    "matchingMethod": "AllEntities",
                    "enabled": true
                  }
                }
              }
            },
            {
              "type": "Microsoft.OperationalInsights/workspaces/providers/metadata",
              "apiVersion": "2022-01-01-preview",
              "name": "[concat(parameters('workspace'),'/Microsoft.SecurityInsights/',concat('AnalyticsRule-', last(split(variables('analyticRuleObject2').analyticRuleId2,'/'))))]",
              "properties": {
                "description": "MimecastTTP Analytics Rule 2",
                "parentId": "[variables('analyticRuleObject2').analyticRuleId2]",
                "contentId": "[variables('analyticRuleObject2')._analyticRulecontentId2]",
                "kind": "AnalyticsRule",
                "version": "[variables('analyticRuleObject2').analyticRuleVersion2]",
                "source": {
                  "kind": "Solution",
                  "name": "MimecastTTP",
                  "sourceId": "[variables('_solutionId')]"
                },
                "author": {
                  "name": "Mimecast",
                  "email": "[variables('_email')]"
                },
                "support": {
                  "name": "Mimecast",
                  "email": "support@mimecast.com",
                  "tier": "Partner",
                  "link": "https://community.mimecast.com/s/contactsupport"
                }
              }
            }
          ]
        },
        "packageKind": "Solution",
        "packageVersion": "[variables('_solutionVersion')]",
        "packageName": "[variables('_solutionName')]",
        "packageId": "[variables('_solutionId')]",
        "contentSchemaVersion": "3.0.0",
        "contentId": "[variables('analyticRuleObject2')._analyticRulecontentId2]",
        "contentKind": "AnalyticsRule",
        "displayName": "Mimecast Targeted Threat Protection - Impersonation Protect",
        "contentProductId": "[variables('analyticRuleObject2')._analyticRulecontentProductId2]",
        "id": "[variables('analyticRuleObject2')._analyticRulecontentProductId2]",
        "version": "[variables('analyticRuleObject2').analyticRuleVersion2]"
      }
    },
    {
      "type": "Microsoft.OperationalInsights/workspaces/providers/contentTemplates",
      "apiVersion": "2023-04-01-preview",
      "name": "[variables('analyticRuleObject3').analyticRuleTemplateSpecName3]",
      "location": "[parameters('workspace-location')]",
      "dependsOn": [
        "[extensionResourceId(resourceId('Microsoft.OperationalInsights/workspaces', parameters('workspace')), 'Microsoft.SecurityInsights/contentPackages', variables('_solutionId'))]"
      ],
      "properties": {
        "description": "MimecastTTPUrl_AnalyticalRules Analytics Rule with template version 3.0.2",
        "mainTemplate": {
          "$schema": "https://schema.management.azure.com/schemas/2019-04-01/deploymentTemplate.json#",
          "contentVersion": "[variables('analyticRuleObject3').analyticRuleVersion3]",
          "parameters": {},
          "variables": {},
          "resources": [
            {
              "type": "Microsoft.SecurityInsights/AlertRuleTemplates",
              "name": "[variables('analyticRuleObject3')._analyticRulecontentId3]",
              "apiVersion": "2023-02-01-preview",
              "kind": "Scheduled",
              "location": "[parameters('workspace-location')]",
              "properties": {
                "description": "Detects malicious scan results and actions which are not allowed",
                "displayName": "Mimecast Targeted Threat Protection - URL Protect",
                "enabled": false,
                "query": "MimecastTTPUrl_CL| where scanResult_s == \"malicious\" and action_s != \"allow\";",
                "queryFrequency": "PT5M",
                "queryPeriod": "PT15M",
                "severity": "High",
                "suppressionDuration": "PT1H",
                "suppressionEnabled": false,
                "triggerOperator": "GreaterThan",
                "triggerThreshold": 0,
                "status": "Available",
                "requiredDataConnectors": [
                  {
                    "dataTypes": [
                      "MimecastTTPUrl_CL"
                    ],
                    "connectorId": "MimecastTTPAPI"
                  }
                ],
                "tactics": [
                  "InitialAccess",
                  "Discovery"
                ],
                "techniques": [
                  "T0865"
                ],
                "entityMappings": [
                  {
                    "fieldMappings": [
                      {
                        "identifier": "Address",
                        "columnName": "sendingIp_s"
                      }
                    ],
                    "entityType": "IP"
                  },
                  {
                    "fieldMappings": [
                      {
                        "identifier": "Sender",
                        "columnName": "fromUserEmailAddress_s"
                      },
                      {
                        "identifier": "InternetMessageId",
                        "columnName": "messageId_s"
                      },
                      {
                        "identifier": "Recipient",
                        "columnName": "userEmailAddress_s"
                      }
                    ],
                    "entityType": "MailMessage"
                  },
                  {
                    "fieldMappings": [
                      {
                        "identifier": "Url",
                        "columnName": "url_s"
                      }
                    ],
                    "entityType": "URL"
                  }
                ],
                "eventGroupingSettings": {
                  "aggregationKind": "AlertPerResult"
                },
                "incidentConfiguration": {
                  "createIncident": true,
                  "groupingConfiguration": {
                    "reopenClosedIncident": false,
                    "lookbackDuration": "1d",
                    "matchingMethod": "AllEntities",
                    "enabled": true
                  }
                }
              }
            },
            {
              "type": "Microsoft.OperationalInsights/workspaces/providers/metadata",
              "apiVersion": "2022-01-01-preview",
              "name": "[concat(parameters('workspace'),'/Microsoft.SecurityInsights/',concat('AnalyticsRule-', last(split(variables('analyticRuleObject3').analyticRuleId3,'/'))))]",
              "properties": {
                "description": "MimecastTTP Analytics Rule 3",
                "parentId": "[variables('analyticRuleObject3').analyticRuleId3]",
                "contentId": "[variables('analyticRuleObject3')._analyticRulecontentId3]",
                "kind": "AnalyticsRule",
                "version": "[variables('analyticRuleObject3').analyticRuleVersion3]",
                "source": {
                  "kind": "Solution",
                  "name": "MimecastTTP",
                  "sourceId": "[variables('_solutionId')]"
                },
                "author": {
                  "name": "Mimecast",
                  "email": "[variables('_email')]"
                },
                "support": {
                  "name": "Mimecast",
                  "email": "support@mimecast.com",
                  "tier": "Partner",
                  "link": "https://community.mimecast.com/s/contactsupport"
                }
              }
            }
          ]
        },
        "packageKind": "Solution",
        "packageVersion": "[variables('_solutionVersion')]",
        "packageName": "[variables('_solutionName')]",
        "packageId": "[variables('_solutionId')]",
        "contentSchemaVersion": "3.0.0",
        "contentId": "[variables('analyticRuleObject3')._analyticRulecontentId3]",
        "contentKind": "AnalyticsRule",
        "displayName": "Mimecast Targeted Threat Protection - URL Protect",
        "contentProductId": "[variables('analyticRuleObject3')._analyticRulecontentProductId3]",
        "id": "[variables('analyticRuleObject3')._analyticRulecontentProductId3]",
        "version": "[variables('analyticRuleObject3').analyticRuleVersion3]"
      }
    },
    {
      "type": "Microsoft.OperationalInsights/workspaces/providers/contentTemplates",
      "apiVersion": "2023-04-01-preview",
      "name": "[variables('workbookTemplateSpecName1')]",
      "location": "[parameters('workspace-location')]",
      "dependsOn": [
        "[extensionResourceId(resourceId('Microsoft.OperationalInsights/workspaces', parameters('workspace')), 'Microsoft.SecurityInsights/contentPackages', variables('_solutionId'))]"
      ],
      "properties": {
        "description": "MimecastTTPWorkbook Workbook with template version 3.0.2",
        "mainTemplate": {
          "$schema": "https://schema.management.azure.com/schemas/2019-04-01/deploymentTemplate.json#",
          "contentVersion": "[variables('workbookVersion1')]",
          "parameters": {},
          "variables": {},
          "resources": [
            {
              "type": "Microsoft.Insights/workbooks",
              "name": "[variables('workbookContentId1')]",
              "location": "[parameters('workspace-location')]",
              "kind": "shared",
              "apiVersion": "2021-08-01",
              "metadata": {
                "description": "A workbook providing insights into Mimecast TTP."
              },
              "properties": {
                "displayName": "[parameters('workbook1-name')]",
                "serializedData": "{\"version\":\"Notebook/1.0\",\"items\":[{\"type\":9,\"content\":{\"version\":\"KqlParameterItem/1.0\",\"parameters\":[{\"id\":\"82fedb33-961a-4199-a5ab-16340948ed10\",\"version\":\"KqlParameterItem/1.0\",\"name\":\"time_range\",\"label\":\"time range\",\"type\":4,\"isRequired\":true,\"value\":{\"durationMs\":2592000000},\"typeSettings\":{\"selectableValues\":[{\"durationMs\":300000},{\"durationMs\":900000},{\"durationMs\":1800000},{\"durationMs\":3600000},{\"durationMs\":14400000},{\"durationMs\":43200000},{\"durationMs\":86400000},{\"durationMs\":172800000},{\"durationMs\":259200000},{\"durationMs\":604800000},{\"durationMs\":1209600000},{\"durationMs\":2419200000},{\"durationMs\":2592000000},{\"durationMs\":5184000000},{\"durationMs\":7776000000}],\"allowCustom\":true}}],\"style\":\"pills\",\"queryType\":0,\"resourceType\":\"microsoft.operationalinsights/workspaces\"},\"name\":\"parameters - 2\"},{\"type\":1,\"content\":{\"json\":\"# Advanced Threat Detections\"},\"name\":\"text - 17\"},{\"type\":1,\"content\":{\"json\":\"#### Detection counts for Attachment Protect, URL Protect and Impersonation Protect\",\"style\":\"info\"},\"name\":\"text - 6\"},{\"type\":3,\"content\":{\"version\":\"KqlItem/1.0\",\"query\":\"union MimecastTTPUrl_CL, MimecastTTPAttachment_CL, MimecastTTPImpersonation_CL\\n| summarize Count=count() by Type, bin(TimeGenerated, 1h)\",\"size\":3,\"timeContext\":{\"durationMs\":2592000000},\"timeContextFromParameter\":\"time_range\",\"queryType\":0,\"resourceType\":\"microsoft.operationalinsights/workspaces\",\"visualization\":\"barchart\",\"tileSettings\":{\"showBorder\":false,\"titleContent\":{\"columnMatch\":\"Type\",\"formatter\":1},\"leftContent\":{\"columnMatch\":\"Count\",\"formatter\":12,\"formatOptions\":{\"palette\":\"auto\"},\"numberFormat\":{\"unit\":17,\"options\":{\"maximumSignificantDigits\":3,\"maximumFractionDigits\":2}}}},\"graphSettings\":{\"type\":0,\"topContent\":{\"columnMatch\":\"Type\",\"formatter\":1},\"centerContent\":{\"columnMatch\":\"Count\",\"formatter\":1,\"numberFormat\":{\"unit\":17,\"options\":{\"maximumSignificantDigits\":3,\"maximumFractionDigits\":2}}},\"nodeIdField\":\"Type\",\"sourceIdField\":\"Count\",\"targetIdField\":\"Type\",\"graphOrientation\":3,\"showOrientationToggles\":false,\"staticNodeSize\":100,\"hivesMargin\":5},\"chartSettings\":{\"seriesLabelSettings\":[{\"seriesName\":\"MimecastTTPUrl_CL\",\"label\":\"URL Protect\"},{\"seriesName\":\"MimecastTTPAttachment_CL\",\"label\":\"Attachment Protect\"},{\"seriesName\":\"MimecastTTPImpersonation_CL\",\"label\":\"Impersonation Protect\"}]},\"mapSettings\":{\"locInfo\":\"LatLong\",\"sizeSettings\":\"Count\",\"sizeAggregation\":\"Sum\",\"legendMetric\":\"Count\",\"legendAggregation\":\"Sum\",\"itemColorSettings\":{\"type\":\"heatmap\",\"colorAggregation\":\"Sum\",\"nodeColorField\":\"Count\",\"heatmapPalette\":\"greenRed\"}}},\"name\":\"query - 8\"},{\"type\":12,\"content\":{\"version\":\"NotebookGroup/1.0\",\"groupType\":\"editable\",\"items\":[{\"type\":1,\"content\":{\"json\":\"# URL Protect\"},\"name\":\"text - 15\"},{\"type\":1,\"content\":{\"json\":\"#### Malicious URL Detections\",\"style\":\"info\"},\"name\":\"text - 2\"},{\"type\":3,\"content\":{\"version\":\"KqlItem/1.0\",\"query\":\"MimecastTTPUrl_CL\\n| where scanResult_s == \\\"malicious\\\"\\n| summarize count() by Type, bin(TimeGenerated, 1h)\\n\",\"size\":3,\"timeContext\":{\"durationMs\":2592000000},\"timeContextFromParameter\":\"time_range\",\"queryType\":0,\"resourceType\":\"microsoft.operationalinsights/workspaces\",\"visualization\":\"barchart\",\"graphSettings\":{\"type\":0},\"chartSettings\":{\"seriesLabelSettings\":[{\"seriesName\":\"MimecastTTPUrl_CL\",\"label\":\"URL Protect\"}]},\"mapSettings\":{\"locInfo\":\"LatLong\"}},\"name\":\"query - 11\"},{\"type\":12,\"content\":{\"version\":\"NotebookGroup/1.0\",\"groupType\":\"editable\",\"items\":[{\"type\":12,\"content\":{\"version\":\"NotebookGroup/1.0\",\"groupType\":\"editable\",\"items\":[{\"type\":1,\"content\":{\"json\":\"#### Top 10 Targeted Recipients\",\"style\":\"info\"},\"name\":\"text - 8\"},{\"type\":3,\"content\":{\"version\":\"KqlItem/1.0\",\"query\":\"MimecastTTPUrl_CL\\n| where scanResult_s == \\\"malicious\\\"\\n| summarize count() by userEmailAddress_s\\n\",\"size\":3,\"timeContext\":{\"durationMs\":2592000000},\"timeContextFromParameter\":\"time_range\",\"queryType\":0,\"resourceType\":\"microsoft.operationalinsights/workspaces\",\"visualization\":\"piechart\",\"chartSettings\":{\"createOtherGroup\":10}},\"name\":\"query - 4\"}]},\"customWidth\":\"33\",\"name\":\"top 10 targeted recipients \",\"styleSettings\":{\"maxWidth\":\"33%\"}},{\"type\":12,\"content\":{\"version\":\"NotebookGroup/1.0\",\"groupType\":\"editable\",\"items\":[{\"type\":1,\"content\":{\"json\":\"#### Top 10 Senders of Malicious URLs\",\"style\":\"info\"},\"name\":\"text - 7\"},{\"type\":3,\"content\":{\"version\":\"KqlItem/1.0\",\"query\":\"MimecastTTPUrl_CL\\n| where TimeGenerated > ago(100d) and scanResult_s == \\\"malicious\\\" and action_s != \\\"allow\\\"\\n| summarize count() by fromUserEmailAddress_s\\n\",\"size\":3,\"timeContext\":{\"durationMs\":2592000000},\"timeContextFromParameter\":\"time_range\",\"queryType\":0,\"resourceType\":\"microsoft.operationalinsights/workspaces\",\"visualization\":\"piechart\",\"chartSettings\":{\"createOtherGroup\":10}},\"name\":\"query - 6\"}]},\"customWidth\":\"33\",\"name\":\"top 10 senders\",\"styleSettings\":{\"maxWidth\":\"33%\"}},{\"type\":12,\"content\":{\"version\":\"NotebookGroup/1.0\",\"groupType\":\"editable\",\"items\":[{\"type\":1,\"content\":{\"json\":\"#### Top 10 Malicious URLs\",\"style\":\"info\"},\"name\":\"text - 7\"},{\"type\":3,\"content\":{\"version\":\"KqlItem/1.0\",\"query\":\"MimecastTTPUrl_CL\\n| where scanResult_s == \\\"malicious\\\"\\n| summarize count() by url_s\\n\",\"size\":3,\"timeContext\":{\"durationMs\":2592000000},\"timeContextFromParameter\":\"time_range\",\"queryType\":0,\"resourceType\":\"microsoft.operationalinsights/workspaces\",\"visualization\":\"piechart\",\"chartSettings\":{\"group\":\"url_s\",\"createOtherGroup\":10}},\"name\":\"query - 8\"}]},\"customWidth\":\"33\",\"name\":\"top 10 urls\",\"styleSettings\":{\"maxWidth\":\"33%\"}}]},\"name\":\"dounts group 1\"},{\"type\":12,\"content\":{\"version\":\"NotebookGroup/1.0\",\"groupType\":\"editable\",\"items\":[{\"type\":12,\"content\":{\"version\":\"NotebookGroup/1.0\",\"groupType\":\"editable\",\"items\":[{\"type\":1,\"content\":{\"json\":\"#### Top 10 Advanced  Phishing Results - Credential Theft Brands\",\"style\":\"info\"},\"name\":\"text - 9\"},{\"type\":3,\"content\":{\"version\":\"KqlItem/1.0\",\"query\":\"MimecastTTPUrl_CL\\n| extend advancedPhishingResult_CredentialTheftBrands = column_ifexists(\\\"advancedPhishingResult_CredentialTheftBrands_s\\\",\\\"\\\")\\n| where scanResult_s == \\\"malicious\\\" and advancedPhishingResult_CredentialTheftBrands != \\\"\\\"\\n| summarize count() by advancedPhishingResult_CredentialTheftBrands\",\"size\":3,\"timeContext\":{\"durationMs\":2592000000},\"timeContextFromParameter\":\"time_range\",\"queryType\":0,\"resourceType\":\"microsoft.operationalinsights/workspaces\",\"visualization\":\"piechart\",\"gridSettings\":{\"sortBy\":[{\"itemKey\":\"advancedPhishingResult_CredentialTheftTags_s\",\"sortOrder\":1}]},\"sortBy\":[{\"itemKey\":\"advancedPhishingResult_CredentialTheftTags_s\",\"sortOrder\":1}]},\"name\":\"query - 10\"}]},\"customWidth\":\"33\",\"name\":\"top 10 cred theft brand\",\"styleSettings\":{\"maxWidth\":\"33%\"}},{\"type\":12,\"content\":{\"version\":\"NotebookGroup/1.0\",\"groupType\":\"editable\",\"items\":[{\"type\":1,\"content\":{\"json\":\"#### Top 10 Advanced Phishing Results - Credential Theft Evidence\",\"style\":\"info\"},\"name\":\"text - 11\"},{\"type\":3,\"content\":{\"version\":\"KqlItem/1.0\",\"query\":\"MimecastTTPUrl_CL\\n| where scanResult_s == \\\"malicious\\\" and advancedPhishingResult_CredentialTheftEvidence_s !=\\\"\\\"\\n| summarize count() by advancedPhishingResult_CredentialTheftEvidence_s\",\"size\":3,\"timeContext\":{\"durationMs\":2592000000},\"timeContextFromParameter\":\"time_range\",\"queryType\":0,\"resourceType\":\"microsoft.operationalinsights/workspaces\",\"visualization\":\"piechart\",\"tileSettings\":{\"showBorder\":false},\"chartSettings\":{\"createOtherGroup\":10}},\"name\":\"query - 12\"}]},\"customWidth\":\"33\",\"name\":\"top 10 cred theft evidence\",\"styleSettings\":{\"maxWidth\":\"33%\"}},{\"type\":12,\"content\":{\"version\":\"NotebookGroup/1.0\",\"groupType\":\"editable\",\"items\":[{\"type\":1,\"content\":{\"json\":\"#### Advanced Phishing Result - Credential Theft Tags\",\"style\":\"info\"},\"name\":\"text - 13\"},{\"type\":3,\"content\":{\"version\":\"KqlItem/1.0\",\"query\":\"MimecastTTPUrl_CL\\n| where scanResult_s == \\\"malicious\\\" and advancedPhishingResult_CredentialTheftTags_s !=\\\"\\\"\\n| summarize count() by advancedPhishingResult_CredentialTheftTags_s\\n\",\"size\":3,\"timeContext\":{\"durationMs\":2592000000},\"timeContextFromParameter\":\"time_range\",\"queryType\":0,\"resourceType\":\"microsoft.operationalinsights/workspaces\",\"visualization\":\"piechart\",\"gridSettings\":{\"hierarchySettings\":{\"treeType\":1,\"groupBy\":[\"advancedPhishingResult_CredentialTheftTags_s\"]},\"labelSettings\":[{\"columnId\":\"advancedPhishingResult_CredentialTheftTags_s\",\"label\":\"Credential Theft Tags\"},{\"columnId\":\"url_s\",\"label\":\"URLs\"},{\"columnId\":\"count_\",\"label\":\"Occurences\"}]}},\"name\":\"query - 14\"}]},\"customWidth\":\"33\",\"name\":\"Credential Theft Tags\",\"styleSettings\":{\"maxWidth\":\"33%\"}}]},\"name\":\"dounts group 2\"},{\"type\":12,\"content\":{\"version\":\"NotebookGroup/1.0\",\"groupType\":\"editable\",\"items\":[{\"type\":12,\"content\":{\"version\":\"NotebookGroup/1.0\",\"groupType\":\"editable\",\"items\":[{\"type\":1,\"content\":{\"json\":\"#### Top 10 URL Protect Definitions\",\"style\":\"info\"},\"name\":\"text - 15\"},{\"type\":3,\"content\":{\"version\":\"KqlItem/1.0\",\"query\":\"MimecastTTPUrl_CL\\n| where scanResult_s == \\\"malicious\\\" and ttpDefinition_s !=\\\"\\\"\\n| summarize count() by ttpDefinition_s\",\"size\":3,\"timeContext\":{\"durationMs\":2592000000},\"timeContextFromParameter\":\"time_range\",\"queryType\":0,\"resourceType\":\"microsoft.operationalinsights/workspaces\",\"visualization\":\"piechart\",\"chartSettings\":{\"createOtherGroup\":10}},\"name\":\"query - 16\"}]},\"customWidth\":\"33\",\"name\":\"URL Protect Definitions\",\"styleSettings\":{\"maxWidth\":\"33%\"}},{\"type\":12,\"content\":{\"version\":\"NotebookGroup/1.0\",\"groupType\":\"editable\",\"items\":[{\"type\":1,\"content\":{\"json\":\"#### Top 10 URL Protect Actions\",\"style\":\"info\"},\"name\":\"text - 17\"},{\"type\":3,\"content\":{\"version\":\"KqlItem/1.0\",\"query\":\"MimecastTTPUrl_CL\\n| where scanResult_s == \\\"malicious\\\" and action_s !=\\\"\\\"\\n| summarize count() by action_s\",\"size\":3,\"timeContext\":{\"durationMs\":2592000000},\"timeContextFromParameter\":\"time_range\",\"queryType\":0,\"resourceType\":\"microsoft.operationalinsights/workspaces\",\"visualization\":\"piechart\",\"chartSettings\":{\"createOtherGroup\":10}},\"name\":\"query - 18\"}]},\"customWidth\":\"33\",\"name\":\"URL Protect Actions\",\"styleSettings\":{\"maxWidth\":\"33%\"}},{\"type\":12,\"content\":{\"version\":\"NotebookGroup/1.0\",\"groupType\":\"editable\",\"items\":[{\"type\":1,\"content\":{\"json\":\"#### Top 10 Admin Over-rides\",\"style\":\"info\"},\"name\":\"text - 20\"},{\"type\":3,\"content\":{\"version\":\"KqlItem/1.0\",\"query\":\"MimecastTTPUrl_CL\\n| where scanResult_s == \\\"malicious\\\" and adminOverride_s !=\\\"N/A\\\"\\n| summarize count() by adminOverride_s\",\"size\":3,\"timeContext\":{\"durationMs\":2592000000},\"timeContextFromParameter\":\"time_range\",\"queryType\":0,\"resourceType\":\"microsoft.operationalinsights/workspaces\",\"visualization\":\"piechart\",\"chartSettings\":{\"createOtherGroup\":10}},\"name\":\"query - 19\"}]},\"customWidth\":\"33\",\"name\":\"Admin Over-rides\",\"styleSettings\":{\"maxWidth\":\"33%\"}}]},\"name\":\"dounts group 3\"},{\"type\":12,\"content\":{\"version\":\"NotebookGroup/1.0\",\"groupType\":\"editable\",\"items\":[{\"type\":12,\"content\":{\"version\":\"NotebookGroup/1.0\",\"groupType\":\"editable\",\"items\":[{\"type\":1,\"content\":{\"json\":\"#### Top 10 User Over-rides\",\"style\":\"info\"},\"name\":\"text - 21\"},{\"type\":3,\"content\":{\"version\":\"KqlItem/1.0\",\"query\":\"MimecastTTPUrl_CL\\n| where scanResult_s == \\\"malicious\\\" and userOverride_s !=\\\"None\\\"\\n| summarize count() by userOverride_s\",\"size\":3,\"timeContext\":{\"durationMs\":2592000000},\"timeContextFromParameter\":\"time_range\",\"queryType\":0,\"resourceType\":\"microsoft.operationalinsights/workspaces\",\"visualization\":\"piechart\"},\"name\":\"query - 22\"}]},\"customWidth\":\"33\",\"name\":\"User Over-rides\",\"styleSettings\":{\"maxWidth\":\"33%\"}},{\"type\":12,\"content\":{\"version\":\"NotebookGroup/1.0\",\"groupType\":\"editable\",\"items\":[{\"type\":1,\"content\":{\"json\":\"#### Top 10 Categories\",\"style\":\"info\"},\"name\":\"text - 23\"},{\"type\":3,\"content\":{\"version\":\"KqlItem/1.0\",\"query\":\"MimecastTTPUrl_CL\\n| where scanResult_s == \\\"malicious\\\"\\n| summarize count() by Category\",\"size\":3,\"timeContext\":{\"durationMs\":2592000000},\"timeContextFromParameter\":\"time_range\",\"queryType\":0,\"resourceType\":\"microsoft.operationalinsights/workspaces\",\"visualization\":\"piechart\",\"chartSettings\":{\"createOtherGroup\":10}},\"name\":\"query - 24\"}]},\"customWidth\":\"33\",\"name\":\"Categories\",\"styleSettings\":{\"maxWidth\":\"33%\"}},{\"type\":12,\"content\":{\"version\":\"NotebookGroup/1.0\",\"groupType\":\"editable\",\"items\":[{\"type\":1,\"content\":{\"json\":\"#### Top 10 Sending IP Addresses\",\"style\":\"info\"},\"name\":\"text - 25\"},{\"type\":3,\"content\":{\"version\":\"KqlItem/1.0\",\"query\":\"MimecastTTPUrl_CL\\n| where scanResult_s == \\\"malicious\\\"\\n| summarize count() by sendingIp_s\",\"size\":3,\"timeContext\":{\"durationMs\":2592000000},\"timeContextFromParameter\":\"time_range\",\"queryType\":0,\"resourceType\":\"microsoft.operationalinsights/workspaces\",\"visualization\":\"piechart\",\"chartSettings\":{\"group\":\"sendingIp_s\",\"createOtherGroup\":10}},\"name\":\"query - 26\"}]},\"customWidth\":\"33\",\"name\":\"Sending IP Addresses\",\"styleSettings\":{\"maxWidth\":\"33%\"}}]},\"name\":\"dounts group 4\"},{\"type\":12,\"content\":{\"version\":\"NotebookGroup/1.0\",\"groupType\":\"editable\",\"items\":[{\"type\":12,\"content\":{\"version\":\"NotebookGroup/1.0\",\"groupType\":\"editable\",\"items\":[{\"type\":1,\"content\":{\"json\":\"#### Top 10 User Awareness Action\",\"style\":\"info\"},\"name\":\"text - 28\"},{\"type\":3,\"content\":{\"version\":\"KqlItem/1.0\",\"query\":\"MimecastTTPUrl_CL\\n| where scanResult_s == \\\"malicious\\\"\\n| summarize count() by userAwarenessAction_s\",\"size\":3,\"timeContext\":{\"durationMs\":2592000000},\"timeContextFromParameter\":\"time_range\",\"queryType\":0,\"resourceType\":\"microsoft.operationalinsights/workspaces\",\"visualization\":\"piechart\",\"chartSettings\":{\"createOtherGroup\":10}},\"name\":\"query - 27\"}]},\"customWidth\":\"33\",\"name\":\"User Awareness Action\",\"styleSettings\":{\"maxWidth\":\"33%\"}},{\"type\":12,\"content\":{\"version\":\"NotebookGroup/1.0\",\"groupType\":\"editable\",\"items\":[{\"type\":1,\"content\":{\"json\":\"#### Top 10 Internal Email Protect Mitigations by Actions\",\"style\":\"info\"},\"name\":\"text - 29\"},{\"type\":3,\"content\":{\"version\":\"KqlItem/1.0\",\"query\":\"MimecastTTPUrl_CL\\n| where scanResult_s == \\\"malicious\\\"\\n| summarize count() by actions_s\",\"size\":3,\"timeContext\":{\"durationMs\":2592000000},\"timeContextFromParameter\":\"time_range\",\"queryType\":0,\"resourceType\":\"microsoft.operationalinsights/workspaces\",\"visualization\":\"piechart\",\"chartSettings\":{\"createOtherGroup\":10}},\"name\":\"query - 30\"}]},\"customWidth\":\"33\",\"name\":\"Internal Email Protect\",\"styleSettings\":{\"maxWidth\":\"33%\"}},{\"type\":12,\"content\":{\"version\":\"NotebookGroup/1.0\",\"groupType\":\"editable\",\"items\":[{\"type\":1,\"content\":{\"json\":\"#### Top 10 Email Subjects Containing Malicious URLs\",\"style\":\"info\"},\"name\":\"text - 32\"},{\"type\":3,\"content\":{\"version\":\"KqlItem/1.0\",\"query\":\"MimecastTTPUrl_CL\\n| where scanResult_s == \\\"malicious\\\"\\n| summarize count() by subject_s\",\"size\":3,\"timeContext\":{\"durationMs\":2592000000},\"timeContextFromParameter\":\"time_range\",\"queryType\":0,\"resourceType\":\"microsoft.operationalinsights/workspaces\",\"visualization\":\"piechart\",\"chartSettings\":{\"createOtherGroup\":10}},\"name\":\"query - 31\"}]},\"customWidth\":\"33\",\"name\":\"Email Subjects Containing Malicious URLs\",\"styleSettings\":{\"maxWidth\":\"33%\"}}]},\"name\":\"dounts group 5\"}]},\"name\":\"group - 8\"},{\"type\":12,\"content\":{\"version\":\"NotebookGroup/1.0\",\"groupType\":\"editable\",\"items\":[{\"type\":1,\"content\":{\"json\":\"# Attachment Protect\"},\"name\":\"text - 17\"},{\"type\":1,\"content\":{\"json\":\"#### Malicious Attachment Detections\",\"style\":\"info\"},\"name\":\"text - 2\"},{\"type\":3,\"content\":{\"version\":\"KqlItem/1.0\",\"query\":\"MimecastTTPAttachment_CL \\n| where result_s != \\\"safe\\\"\\n| summarize count() by Type, bin(TimeGenerated, 1h)\\n\",\"size\":3,\"timeContext\":{\"durationMs\":2592000000},\"timeContextFromParameter\":\"time_range\",\"queryType\":0,\"resourceType\":\"microsoft.operationalinsights/workspaces\",\"visualization\":\"barchart\",\"chartSettings\":{\"seriesLabelSettings\":[{\"seriesName\":\"MimecastTTPAttachment_CL\",\"label\":\"Attachment Protect\"}]}},\"name\":\"query - 13\"},{\"type\":12,\"content\":{\"version\":\"NotebookGroup/1.0\",\"groupType\":\"editable\",\"items\":[{\"type\":12,\"content\":{\"version\":\"NotebookGroup/1.0\",\"groupType\":\"editable\",\"items\":[{\"type\":1,\"content\":{\"json\":\"#### Top 10 Recipients of Malicious Attachments\",\"style\":\"info\"},\"name\":\"text - 3\"},{\"type\":3,\"content\":{\"version\":\"KqlItem/1.0\",\"query\":\"MimecastTTPAttachment_CL\\n| where result_s != \\\"safe\\\"\\n| summarize count() by recipientAddress_s\\n\",\"size\":3,\"timeContext\":{\"durationMs\":2592000000},\"timeContextFromParameter\":\"time_range\",\"queryType\":0,\"resourceType\":\"microsoft.operationalinsights/workspaces\",\"visualization\":\"piechart\",\"chartSettings\":{\"createOtherGroup\":10}},\"name\":\"query - 4\"}]},\"customWidth\":\"33\",\"name\":\"Recipients of Malicious Attachments\",\"styleSettings\":{\"maxWidth\":\"33%\"}},{\"type\":12,\"content\":{\"version\":\"NotebookGroup/1.0\",\"groupType\":\"editable\",\"items\":[{\"type\":1,\"content\":{\"json\":\"#### Top 10 Senders of Malicious Attachments\",\"style\":\"info\"},\"name\":\"text - 5\"},{\"type\":3,\"content\":{\"version\":\"KqlItem/1.0\",\"query\":\"MimecastTTPAttachment_CL\\n| where result_s <> \\\"safe\\\"\\n| summarize count() by senderAddress_s\\n\",\"size\":3,\"timeContext\":{\"durationMs\":2592000000},\"timeContextFromParameter\":\"time_range\",\"queryType\":0,\"resourceType\":\"microsoft.operationalinsights/workspaces\",\"visualization\":\"piechart\",\"chartSettings\":{\"createOtherGroup\":10}},\"name\":\"query - 6\"}]},\"customWidth\":\"33\",\"name\":\"Senders of Malicious Attachments\",\"styleSettings\":{\"maxWidth\":\"33%\"}},{\"type\":12,\"content\":{\"version\":\"NotebookGroup/1.0\",\"groupType\":\"editable\",\"items\":[{\"type\":1,\"content\":{\"json\":\"#### Top 10 Protectection Actions Triggered\",\"style\":\"info\"},\"name\":\"text - 7\"},{\"type\":3,\"content\":{\"version\":\"KqlItem/1.0\",\"query\":\"MimecastTTPAttachment_CL\\n| where result_s != \\\"safe\\\"\\n| summarize count() by actionTriggered_s\\n\",\"size\":3,\"timeContext\":{\"durationMs\":2592000000},\"timeContextFromParameter\":\"time_range\",\"queryType\":0,\"resourceType\":\"microsoft.operationalinsights/workspaces\",\"visualization\":\"piechart\",\"chartSettings\":{\"createOtherGroup\":10}},\"name\":\"query - 8\"}]},\"customWidth\":\"33\",\"name\":\"Protectection Actions Triggered\",\"styleSettings\":{\"maxWidth\":\"33%\"}}]},\"name\":\"dounts group 1\"},{\"type\":12,\"content\":{\"version\":\"NotebookGroup/1.0\",\"groupType\":\"editable\",\"items\":[{\"type\":12,\"content\":{\"version\":\"NotebookGroup/1.0\",\"groupType\":\"editable\",\"items\":[{\"type\":1,\"content\":{\"json\":\"#### Top 10 Malicious Attachment File Mime Types\",\"style\":\"info\"},\"name\":\"text - 9\"},{\"type\":3,\"content\":{\"version\":\"KqlItem/1.0\",\"query\":\"MimecastTTPAttachment_CL\\n| where result_s != \\\"safe\\\"\\n| summarize count() by fileType_s\\n\\n\\n\\n\\n\\n\\n\\n\",\"size\":3,\"timeContext\":{\"durationMs\":2592000000},\"timeContextFromParameter\":\"time_range\",\"queryType\":0,\"resourceType\":\"microsoft.operationalinsights/workspaces\",\"visualization\":\"piechart\",\"chartSettings\":{\"createOtherGroup\":10}},\"name\":\"query - 10\"}]},\"customWidth\":\"33\",\"name\":\"Malicious Attachment File Mime Types\",\"styleSettings\":{\"maxWidth\":\"33%\"}},{\"type\":12,\"content\":{\"version\":\"NotebookGroup/1.0\",\"groupType\":\"editable\",\"items\":[{\"type\":1,\"content\":{\"json\":\"#### Top 10 Attachment Event Results\",\"style\":\"info\"},\"name\":\"text - 11\"},{\"type\":3,\"content\":{\"version\":\"KqlItem/1.0\",\"query\":\"MimecastTTPAttachment_CL\\n| where result_s != \\\"safe\\\"\\n| summarize count() by result_s\\n\\n\\n\\n\\n\\n\\n\\n\",\"size\":3,\"timeContext\":{\"durationMs\":2592000000},\"timeContextFromParameter\":\"time_range\",\"queryType\":0,\"resourceType\":\"microsoft.operationalinsights/workspaces\",\"visualization\":\"piechart\",\"chartSettings\":{\"createOtherGroup\":10}},\"name\":\"query - 12\"}]},\"customWidth\":\"33\",\"name\":\"Attachment Event Results\",\"styleSettings\":{\"maxWidth\":\"33%\"}},{\"type\":12,\"content\":{\"version\":\"NotebookGroup/1.0\",\"groupType\":\"editable\",\"items\":[{\"type\":1,\"content\":{\"json\":\"#### Top 10 Attachment Protect Event Details\",\"style\":\"info\"},\"name\":\"text - 14\"},{\"type\":3,\"content\":{\"version\":\"KqlItem/1.0\",\"query\":\"MimecastTTPAttachment_CL\\n| where result_s != \\\"safe\\\"\\n| summarize count() by details_s\\n\\n\\n\\n\\n\\n\\n\\n\",\"size\":3,\"timeContext\":{\"durationMs\":2592000000},\"timeContextFromParameter\":\"time_range\",\"queryType\":0,\"resourceType\":\"microsoft.operationalinsights/workspaces\",\"visualization\":\"piechart\"},\"name\":\"query - 13\"}]},\"customWidth\":\"33\",\"name\":\"Attachment Protect Event Details\",\"styleSettings\":{\"maxWidth\":\"33%\"}}]},\"name\":\"dounts group 2\"},{\"type\":12,\"content\":{\"version\":\"NotebookGroup/1.0\",\"groupType\":\"editable\",\"items\":[{\"type\":12,\"content\":{\"version\":\"NotebookGroup/1.0\",\"groupType\":\"editable\",\"items\":[{\"type\":1,\"content\":{\"json\":\"#### Top 10 Subjects for Emails Containing Malicious Attachments \",\"style\":\"info\"},\"name\":\"text - 15\"},{\"type\":3,\"content\":{\"version\":\"KqlItem/1.0\",\"query\":\"MimecastTTPAttachment_CL\\n| where result_s != \\\"safe\\\"\\n| summarize count() by subject_s\\n\",\"size\":3,\"timeContext\":{\"durationMs\":2592000000},\"timeContextFromParameter\":\"time_range\",\"queryType\":0,\"resourceType\":\"microsoft.operationalinsights/workspaces\",\"visualization\":\"piechart\",\"chartSettings\":{\"createOtherGroup\":10}},\"name\":\"query - 16\"}]},\"customWidth\":\"50\",\"name\":\"Subjects for Emails\",\"styleSettings\":{\"maxWidth\":\"50%\"}},{\"type\":12,\"content\":{\"version\":\"NotebookGroup/1.0\",\"groupType\":\"editable\",\"items\":[{\"type\":1,\"content\":{\"json\":\"#### Top 10 Malicious Sha256 File Hashes\",\"style\":\"info\"},\"name\":\"text - 17\"},{\"type\":3,\"content\":{\"version\":\"KqlItem/1.0\",\"query\":\"MimecastTTPAttachment_CL\\n| where result_s != \\\"safe\\\"\\n| summarize count() by fileHash_s\\n\",\"size\":3,\"timeContext\":{\"durationMs\":2592000000},\"timeContextFromParameter\":\"time_range\",\"queryType\":0,\"resourceType\":\"microsoft.operationalinsights/workspaces\",\"visualization\":\"piechart\",\"chartSettings\":{\"createOtherGroup\":10}},\"name\":\"query - 18\"}]},\"customWidth\":\"50\",\"name\":\"Malicious Sha256 File Hashes\",\"styleSettings\":{\"maxWidth\":\"50%\"}}]},\"name\":\"dounts group 3\"}]},\"name\":\"group - 7\"},{\"type\":12,\"content\":{\"version\":\"NotebookGroup/1.0\",\"groupType\":\"editable\",\"items\":[{\"type\":1,\"content\":{\"json\":\"# Impersonation Protect\"},\"name\":\"text - 16\"},{\"type\":1,\"content\":{\"json\":\"#### Impersonation Detections\",\"style\":\"info\"},\"name\":\"text - 2\"},{\"type\":3,\"content\":{\"version\":\"KqlItem/1.0\",\"query\":\"MimecastTTPImpersonation_CL\\n| where  taggedMalicious_b == true\\n| summarize count() by Type, bin(TimeGenerated, 1h)\\n\",\"size\":3,\"timeContext\":{\"durationMs\":2592000000},\"timeContextFromParameter\":\"time_range\",\"queryType\":0,\"resourceType\":\"microsoft.operationalinsights/workspaces\",\"visualization\":\"categoricalbar\",\"chartSettings\":{\"seriesLabelSettings\":[{\"seriesName\":\"count_\",\"label\":\"Impersonation Protect\"}]}},\"name\":\"query - 12\"},{\"type\":12,\"content\":{\"version\":\"NotebookGroup/1.0\",\"groupType\":\"editable\",\"items\":[{\"type\":12,\"content\":{\"version\":\"NotebookGroup/1.0\",\"groupType\":\"editable\",\"items\":[{\"type\":1,\"content\":{\"json\":\"## Top 10 Recipients of Impersonation Emails\\n\"},\"name\":\"text - 4\"},{\"type\":1,\"content\":{\"json\":\"#### Recipients targeted with impersonation emails\",\"style\":\"info\"},\"name\":\"text - 13\"},{\"type\":3,\"content\":{\"version\":\"KqlItem/1.0\",\"query\":\"MimecastTTPImpersonation_CL\\n| where  taggedMalicious_b == true\\n| summarize count() by recipientAddress_s\",\"size\":3,\"timeContext\":{\"durationMs\":2592000000},\"timeContextFromParameter\":\"time_range\",\"queryType\":0,\"resourceType\":\"microsoft.operationalinsights/workspaces\",\"visualization\":\"piechart\",\"chartSettings\":{\"createOtherGroup\":10}},\"name\":\"query - 7\"}]},\"customWidth\":\"50\",\"name\":\"Recipients of Impersonation Emails\",\"styleSettings\":{\"maxWidth\":\"50\"}},{\"type\":12,\"content\":{\"version\":\"NotebookGroup/1.0\",\"groupType\":\"editable\",\"items\":[{\"type\":1,\"content\":{\"json\":\"## Top 10 Senders of Impersonation Emails\\n\"},\"name\":\"text - 5\"},{\"type\":1,\"content\":{\"json\":\"#### Senders that trigged Impersonation Protect events\",\"style\":\"info\"},\"name\":\"text - 12\"},{\"type\":3,\"content\":{\"version\":\"KqlItem/1.0\",\"query\":\"MimecastTTPImpersonation_CL\\n| where  taggedMalicious_b == true and TimeGenerated > ago(100d)\\n| summarize count() by senderAddress_s\\n\",\"size\":3,\"timeContext\":{\"durationMs\":2592000000},\"timeContextFromParameter\":\"time_range\",\"queryType\":0,\"resourceType\":\"microsoft.operationalinsights/workspaces\",\"visualization\":\"piechart\",\"chartSettings\":{\"createOtherGroup\":10}},\"name\":\"query - 6\"}]},\"customWidth\":\"50\",\"name\":\"Senders of Impersonation Emails\",\"styleSettings\":{\"maxWidth\":\"50%\"}}]},\"name\":\"donuts group 1\"},{\"type\":12,\"content\":{\"version\":\"NotebookGroup/1.0\",\"groupType\":\"editable\",\"items\":[{\"type\":1,\"content\":{\"json\":\"## Top 10 Impersonation Events\\n\"},\"name\":\"text - 8\"},{\"type\":12,\"content\":{\"version\":\"NotebookGroup/1.0\",\"groupType\":\"editable\",\"items\":[{\"type\":1,\"content\":{\"json\":\"#### Grouped by Impersonation Result\",\"style\":\"info\"},\"name\":\"text - 11\"},{\"type\":3,\"content\":{\"version\":\"KqlItem/1.0\",\"query\":\"MimecastTTPImpersonation_CL\\n| where  taggedMalicious_b == true\\n| summarize count() by impersonationResults_s\\n\",\"size\":3,\"timeContext\":{\"durationMs\":2592000000},\"timeContextFromParameter\":\"time_range\",\"queryType\":0,\"resourceType\":\"microsoft.operationalinsights/workspaces\",\"visualization\":\"piechart\",\"tileSettings\":{\"showBorder\":false,\"titleContent\":{\"columnMatch\":\"recipientAddress_s\",\"formatter\":1},\"leftContent\":{\"columnMatch\":\"count_\",\"formatter\":12,\"formatOptions\":{\"palette\":\"auto\"},\"numberFormat\":{\"unit\":17,\"options\":{\"maximumSignificantDigits\":3,\"maximumFractionDigits\":2}}}},\"graphSettings\":{\"type\":0,\"topContent\":{\"columnMatch\":\"TenantId\",\"formatter\":1},\"centerContent\":{\"columnMatch\":\"hits_d\",\"formatter\":1,\"numberFormat\":{\"unit\":17,\"options\":{\"maximumSignificantDigits\":3,\"maximumFractionDigits\":2}}}},\"chartSettings\":{\"yAxis\":[\"count_\"],\"group\":\"impersonationResults_s\",\"createOtherGroup\":10},\"mapSettings\":{\"locInfo\":\"LatLong\",\"sizeSettings\":\"count_\",\"sizeAggregation\":\"Sum\",\"legendMetric\":\"count_\",\"legendAggregation\":\"Sum\",\"itemColorSettings\":{\"type\":\"heatmap\",\"colorAggregation\":\"Sum\",\"nodeColorField\":\"count_\",\"heatmapPalette\":\"greenRed\"}}},\"name\":\"query - 3\"}]},\"customWidth\":\"50\",\"name\":\" Impersonation Events\",\"styleSettings\":{\"maxWidth\":\"50%\"}},{\"type\":12,\"content\":{\"version\":\"NotebookGroup/1.0\",\"groupType\":\"editable\",\"items\":[{\"type\":1,\"content\":{\"json\":\"#### Grouped by Impersonation Identifiers\",\"style\":\"info\"},\"name\":\"text - 9\"},{\"type\":3,\"content\":{\"version\":\"KqlItem/1.0\",\"query\":\"MimecastTTPImpersonation_CL\\n| where  taggedMalicious_b == true\\n| summarize count() by identifiers_s\\n\",\"size\":3,\"timeContext\":{\"durationMs\":2592000000},\"timeContextFromParameter\":\"time_range\",\"queryType\":0,\"resourceType\":\"microsoft.operationalinsights/workspaces\",\"visualization\":\"piechart\",\"chartSettings\":{\"createOtherGroup\":10}},\"name\":\"query - 10\"},{\"type\":12,\"content\":{\"version\":\"NotebookGroup/1.0\",\"groupType\":\"editable\"},\"name\":\"group - 4\"}]},\"customWidth\":\"50\",\"name\":\" Impersonation Identifiers\",\"styleSettings\":{\"maxWidth\":\"50%\"}}]},\"name\":\"dounts group 2\"}]},\"name\":\"group - 6\"}],\"fromTemplateId\":\"sentinel-MimecastTTP\",\"$schema\":\"https://github.com/Microsoft/Application-Insights-Workbooks/blob/master/schema/workbook.json\"}\r\n",
                "version": "1.0",
                "sourceId": "[variables('workspaceResourceId')]",
                "category": "sentinel"
              }
            },
            {
              "type": "Microsoft.OperationalInsights/workspaces/providers/metadata",
              "apiVersion": "2022-01-01-preview",
              "name": "[concat(parameters('workspace'),'/Microsoft.SecurityInsights/',concat('Workbook-', last(split(variables('workbookId1'),'/'))))]",
              "properties": {
                "description": "@{workbookKey=MimecastTTPWorkbook; logoFileName=Mimecast.svg; description=A workbook providing insights into Mimecast TTP.; dataTypesDependencies=System.Object[]; previewImagesFileNames=System.Object[]; version=1.0.0; title=MimecastTTP; templateRelativePath=MimecastTTPWorkbook.json; subtitle=Mimecast TTP; provider=Mimecast}.description",
                "parentId": "[variables('workbookId1')]",
                "contentId": "[variables('_workbookContentId1')]",
                "kind": "Workbook",
                "version": "[variables('workbookVersion1')]",
                "source": {
                  "kind": "Solution",
                  "name": "MimecastTTP",
                  "sourceId": "[variables('_solutionId')]"
                },
                "author": {
                  "name": "Mimecast",
                  "email": "[variables('_email')]"
                },
                "support": {
                  "name": "Mimecast",
                  "email": "support@mimecast.com",
                  "tier": "Partner",
                  "link": "https://community.mimecast.com/s/contactsupport"
                },
                "dependencies": {
                  "operator": "AND",
                  "criteria": [
                    {
                      "contentId": "MimecastTTPUrl_CL",
                      "kind": "DataType"
                    },
                    {
                      "contentId": "MimecastTTPAttachment_CL",
                      "kind": "DataType"
                    },
                    {
                      "contentId": "MimecastTTPImpersonation_CL",
                      "kind": "DataType"
                    }
                  ]
                }
              }
            }
          ]
        },
        "packageKind": "Solution",
        "packageVersion": "[variables('_solutionVersion')]",
        "packageName": "[variables('_solutionName')]",
        "packageId": "[variables('_solutionId')]",
        "contentSchemaVersion": "3.0.0",
        "contentId": "[variables('_workbookContentId1')]",
        "contentKind": "Workbook",
        "displayName": "[parameters('workbook1-name')]",
        "contentProductId": "[variables('_workbookcontentProductId1')]",
        "id": "[variables('_workbookcontentProductId1')]",
        "version": "[variables('workbookVersion1')]"
      }
    },
    {
      "type": "Microsoft.OperationalInsights/workspaces/providers/contentTemplates",
      "apiVersion": "2023-04-01-preview",
      "name": "[variables('dataConnectorTemplateSpecName1')]",
      "location": "[parameters('workspace-location')]",
      "dependsOn": [
        "[extensionResourceId(resourceId('Microsoft.OperationalInsights/workspaces', parameters('workspace')), 'Microsoft.SecurityInsights/contentPackages', variables('_solutionId'))]"
      ],
      "properties": {
        "description": "MimecastTTP data connector with template version 3.0.2",
        "mainTemplate": {
          "$schema": "https://schema.management.azure.com/schemas/2019-04-01/deploymentTemplate.json#",
          "contentVersion": "[variables('dataConnectorVersion1')]",
          "parameters": {},
          "variables": {},
          "resources": [
            {
              "name": "[concat(parameters('workspace'),'/Microsoft.SecurityInsights/',variables('_dataConnectorContentId1'))]",
              "apiVersion": "2021-03-01-preview",
              "type": "Microsoft.OperationalInsights/workspaces/providers/dataConnectors",
              "location": "[parameters('workspace-location')]",
              "kind": "GenericUI",
              "properties": {
                "connectorUiConfig": {
                  "id": "[variables('_uiConfigId1')]",
                  "title": "Mimecast Targeted Threat Protection (using Azure Functions)",
                  "publisher": "Mimecast",
                  "descriptionMarkdown": "The data connector for [Mimecast Targeted Threat Protection](https://integrations.mimecast.com/tech-partners/microsoft-sentinel/) provides customers with the visibility into security events related to the Targeted Threat Protection inspection technologies within Microsoft Sentinel. The data connector provides pre-created dashboards to allow analysts to view insight into email based threats, aid in incident correlation and reduce investigation response times coupled with custom alert capabilities.  \nThe Mimecast products included within the connector are: \n- URL Protect \n- Impersonation Protect \n- Attachment Protect\n",
                  "graphQueries": [
                    {
                      "metricName": "Total URL Protect data received",
                      "legend": "MimecastTTPUrl_CL",
                      "baseQuery": "MimecastTTPUrl_CL"
                    },
                    {
                      "metricName": "Total Attachment Protect data received",
                      "legend": "MimecastTTPAttachment_CL",
                      "baseQuery": "MimecastTTPAttachment_CL"
                    },
                    {
                      "metricName": "Total Impersonation Protect data received",
                      "legend": "MimecastTTPImpersonation_CL",
                      "baseQuery": "MimecastTTPImpersonation_CL"
                    }
                  ],
                  "sampleQueries": [
                    {
                      "description": "MimecastTTPUrl_CL",
                      "query": "MimecastTTPUrl_CL\n| sort by TimeGenerated desc"
                    },
                    {
                      "description": "MimecastTTPAttachment_CL",
                      "query": "MimecastTTPAttachment_CL\n| sort by TimeGenerated desc"
                    },
                    {
                      "description": "MimecastTTPImpersonation_CL",
                      "query": "MimecastTTPImpersonation_CL\n| sort by TimeGenerated desc"
                    }
                  ],
                  "dataTypes": [
                    {
                      "name": "MimecastTTPUrl_CL",
                      "lastDataReceivedQuery": "MimecastTTPUrl_CL\n            | summarize Time = max(TimeGenerated)\n            | where isnotempty(Time)"
                    },
                    {
                      "name": "MimecastTTPAttachment_CL",
                      "lastDataReceivedQuery": "MimecastTTPAttachment_CL\n            | summarize Time = max(TimeGenerated)\n            | where isnotempty(Time)"
                    },
                    {
                      "name": "MimecastTTPImpersonation_CL",
                      "lastDataReceivedQuery": "MimecastTTPImpersonation_CL\n            | summarize Time = max(TimeGenerated)\n            | where isnotempty(Time)"
                    }
                  ],
                  "connectivityCriterias": [
                    {
                      "type": "IsConnectedQuery",
                      "value": [
                        "MimecastTTPUrl_CL\n            | summarize LastLogReceived = max(TimeGenerated)\n            | project IsConnected = LastLogReceived > ago(30d)",
                        "MimecastTTPAttachment_CL\n            | summarize LastLogReceived = max(TimeGenerated)\n            | project IsConnected = LastLogReceived > ago(30d)",
                        "MimecastTTPImpersonation_CL\n            | summarize LastLogReceived = max(TimeGenerated)\n            | project IsConnected = LastLogReceived > ago(30d)"
                      ]
                    }
                  ],
                  "availability": {
                    "status": 1,
                    "isPreview": false
                  },
                  "permissions": {
                    "resourceProvider": [
                      {
                        "provider": "Microsoft.OperationalInsights/workspaces",
                        "permissionsDisplayText": "read and write permissions on the workspace are required.",
                        "providerDisplayName": "Workspace",
                        "scope": "Workspace",
                        "requiredPermissions": {
                          "write": true,
                          "read": true,
                          "delete": true
                        }
                      },
                      {
                        "provider": "Microsoft.OperationalInsights/workspaces/sharedKeys",
                        "permissionsDisplayText": "read permissions to shared keys for the workspace are required. [See the documentation to learn more about workspace keys](https://docs.microsoft.com/azure/azure-monitor/platform/agent-windows#obtain-workspace-id-and-key).",
                        "providerDisplayName": "Keys",
                        "scope": "Workspace",
                        "requiredPermissions": {
                          "action": true
                        }
                      }
                    ],
                    "customs": [
                      {
                        "name": "Microsoft.Web/sites permissions",
                        "description": "Read and write permissions to Azure Functions to create a Function App is required. [See the documentation to learn more about Azure Functions](https://docs.microsoft.com/azure/azure-functions/)."
                      },
                      {
                        "name": "REST API Credentials/permissions",
                        "description": "You need to have the following pieces of information to configure the integration:\n- mimecastEmail: Email address of a dedicated Mimecast admin user\n- mimecastPassword: Password for the dedicated Mimecast admin user\n- mimecastAppId: API Application Id of the Mimecast Microsoft Sentinel app registered with Mimecast\n- mimecastAppKey: API Application Key of the Mimecast Microsoft Sentinel app registered with Mimecast\n- mimecastAccessKey: Access Key for the dedicated Mimecast admin user\n- mimecastSecretKey: Secret Key for the dedicated Mimecast admin user\n- mimecastBaseURL: Mimecast Regional API Base URL\n\n> The Mimecast Application Id, Application Key, along with the Access Key and Secret keys for the dedicated Mimecast admin user are obtainable via the Mimecast Administration Console: Administration | Services | API and Platform Integrations.\n\n> The Mimecast API Base URL for each region is documented here: https://integrations.mimecast.com/documentation/api-overview/global-base-urls/"
                      }
                    ]
                  },
                  "instructionSteps": [
                    {
                      "description": "You need to have a resource group created with a subscription you are going to use.",
                      "title": "Resource group"
                    },
                    {
                      "description": "You need to have an Azure App registered for this connector to use\n1. Application Id\n2. Tenant Id\n3. Client Id\n4. Client Secret",
                      "title": "Functions app"
                    },
                    {
                      "description": ">**NOTE:** This connector uses Azure Functions to connect to a Mimecast API to pull its logs into Microsoft Sentinel. This might result in additional data ingestion costs. Check the [Azure Functions pricing page](https://azure.microsoft.com/pricing/details/functions/) for details."
                    },
                    {
                      "description": ">**(Optional Step)** Securely store workspace and API authorization key(s) or token(s) in Azure Key Vault. Azure Key Vault provides a secure mechanism to store and retrieve key values. [Follow these instructions](https://docs.microsoft.com/azure/app-service/app-service-key-vault-references) to use Azure Key Vault with an Azure Function App."
                    },
                    {
                      "description": "**STEP 1 - Configuration steps for the Mimecast API**\n\nGo to ***Azure portal ---> App registrations ---> [your_app] ---> Certificates & secrets ---> New client secret*** and create a new secret (save the Value somewhere safe right away because you will not be able to preview it later)",
                      "title": "Configuration:"
                    },
                    {
                      "description": "**STEP 2 - Deploy Mimecast API Connector**\n\n>**IMPORTANT:** Before deploying the Mimecast API connector, have the Workspace ID  and Workspace Primary Key (can be copied from the following), as well as the Mimecast API authorization key(s) or Token, readily available.",
                      "instructions": [
                        {
                          "parameters": {
                            "fillWith": [
                              "WorkspaceId"
                            ],
                            "label": "Workspace ID"
                          },
                          "type": "CopyableLabel"
                        },
                        {
                          "parameters": {
                            "fillWith": [
                              "PrimaryKey"
                            ],
                            "label": "Primary Key"
                          },
                          "type": "CopyableLabel"
                        }
                      ]
                    },
                    {
                      "description": "\n1. Click the **Deploy to Azure** button below. \n\n\t[![Deploy To Azure](https://aka.ms/deploytoazurebutton)](https://aka.ms/sentinel-MimecastTTP-azuredeploy)\n2. Select the preferred **Subscription**, **Resource Group** and **Location**. \n3. Enter the following fields:\n - appName: Unique string that will be used as id for the app in Azure platform\n - objectId: Azure portal ---> Azure Active Directory ---> more info ---> Profile -----> Object ID\n - appInsightsLocation(default): westeurope\n - mimecastEmail: Email address of dedicated user for this integraion\n - mimecastPassword: Password for dedicated user\n - mimecastAppId: Application Id from the Microsoft Sentinel app registered with Mimecast\n - mimecastAppKey: Application Key from the Microsoft Sentinel app registered with Mimecast\n - mimecastAccessKey: Access Key for the dedicated Mimecast user\n - mimecastSecretKey: Secret Key for dedicated Mimecast user\n - mimecastBaseURL: Regional Mimecast API Base URL\n - activeDirectoryAppId: Azure portal ---> App registrations ---> [your_app] ---> Application ID\n - activeDirectoryAppSecret: Azure portal ---> App registrations ---> [your_app] ---> Certificates & secrets ---> [your_app_secret]\n - workspaceId: Azure portal ---> Log Analytics Workspaces ---> [Your workspace] ---> Agents ---> Workspace ID (or you can copy workspaceId from above) \n - workspaceKey:  Azure portal ---> Log Analytics Workspaces ---> [Your workspace] ---> Agents ---> Primary Key (or you can copy workspaceKey from above) \n - AppInsightsWorkspaceResourceID : Azure portal ---> Log Analytics Workspaces ---> [Your workspace] ---> Properties ---> Resource ID \n\n >Note: If using Azure Key Vault secrets for any of the values above, use the`@Microsoft.KeyVault(SecretUri={Security Identifier})`schema in place of the string values. Refer to [Key Vault references documentation](https://docs.microsoft.com/azure/app-service/app-service-key-vault-references) for further details.\n\n4. Mark the checkbox labeled **I agree to the terms and conditions stated above**. \n5. Click **Purchase** to deploy.\n\n6. Go to ***Azure portal ---> Resource groups ---> [your_resource_group] --->  [appName](type: Storage account) ---> Storage Explorer ---> BLOB CONTAINERS ---> TTP checkpoints ---> Upload*** and create empty files on your machine named attachment-checkpoint.txt, impersonation-checkpoint.txt, url-checkpoint.txt and select them for upload (this is done so that date_range for TTP logs are stored in consistent state)\n",
                      "title": "Deploy the Mimecast Targeted Threat Protection Data Connector:"
                    }
                  ],
                  "metadata": {
                    "id": "4588c4ec-1e98-4ddc-841f-35c015f12654",
                    "version": "1.0.0",
                    "kind": "dataConnector",
                    "source": {
                      "kind": "solution",
                      "name": "Mimecast"
                    },
                    "author": {
                      "name": "Mimecast"
                    },
                    "support": {
                      "tier": "Partner",
                      "name": "Mimecast",
                      "email": "support@mimecast.com",
                      "link": "https://community.mimecast.com/s/contactsupport"
                    }
                  }
                }
              }
            },
            {
              "type": "Microsoft.OperationalInsights/workspaces/providers/metadata",
              "apiVersion": "2023-04-01-preview",
              "name": "[concat(parameters('workspace'),'/Microsoft.SecurityInsights/',concat('DataConnector-', last(split(variables('_dataConnectorId1'),'/'))))]",
              "properties": {
                "parentId": "[extensionResourceId(resourceId('Microsoft.OperationalInsights/workspaces', parameters('workspace')), 'Microsoft.SecurityInsights/dataConnectors', variables('_dataConnectorContentId1'))]",
                "contentId": "[variables('_dataConnectorContentId1')]",
                "kind": "DataConnector",
                "version": "[variables('dataConnectorVersion1')]",
                "source": {
                  "kind": "Solution",
                  "name": "MimecastTTP",
                  "sourceId": "[variables('_solutionId')]"
                },
                "author": {
                  "name": "Mimecast",
                  "email": "[variables('_email')]"
                },
                "support": {
                  "name": "Mimecast",
                  "email": "support@mimecast.com",
                  "tier": "Partner",
                  "link": "https://community.mimecast.com/s/contactsupport"
                }
              }
            }
          ]
        },
        "packageKind": "Solution",
        "packageVersion": "[variables('_solutionVersion')]",
        "packageName": "[variables('_solutionName')]",
        "packageId": "[variables('_solutionId')]",
        "contentSchemaVersion": "3.0.0",
        "contentId": "[variables('_dataConnectorContentId1')]",
        "contentKind": "DataConnector",
        "displayName": "Mimecast Targeted Threat Protection (using Azure Functions)",
        "contentProductId": "[variables('_dataConnectorcontentProductId1')]",
        "id": "[variables('_dataConnectorcontentProductId1')]",
        "version": "[variables('dataConnectorVersion1')]"
      }
    },
    {
      "type": "Microsoft.OperationalInsights/workspaces/providers/metadata",
      "apiVersion": "2023-04-01-preview",
      "name": "[concat(parameters('workspace'),'/Microsoft.SecurityInsights/',concat('DataConnector-', last(split(variables('_dataConnectorId1'),'/'))))]",
      "dependsOn": [
        "[variables('_dataConnectorId1')]"
      ],
      "location": "[parameters('workspace-location')]",
      "properties": {
        "parentId": "[extensionResourceId(resourceId('Microsoft.OperationalInsights/workspaces', parameters('workspace')), 'Microsoft.SecurityInsights/dataConnectors', variables('_dataConnectorContentId1'))]",
        "contentId": "[variables('_dataConnectorContentId1')]",
        "kind": "DataConnector",
        "version": "[variables('dataConnectorVersion1')]",
        "source": {
          "kind": "Solution",
          "name": "MimecastTTP",
          "sourceId": "[variables('_solutionId')]"
        },
        "author": {
          "name": "Mimecast",
          "email": "[variables('_email')]"
        },
        "support": {
          "name": "Mimecast",
          "email": "support@mimecast.com",
          "tier": "Partner",
          "link": "https://community.mimecast.com/s/contactsupport"
        }
      }
    },
    {
      "name": "[concat(parameters('workspace'),'/Microsoft.SecurityInsights/',variables('_dataConnectorContentId1'))]",
      "apiVersion": "2021-03-01-preview",
      "type": "Microsoft.OperationalInsights/workspaces/providers/dataConnectors",
      "location": "[parameters('workspace-location')]",
      "kind": "GenericUI",
      "properties": {
        "connectorUiConfig": {
          "title": "Mimecast Targeted Threat Protection (using Azure Functions)",
          "publisher": "Mimecast",
          "descriptionMarkdown": "The data connector for [Mimecast Targeted Threat Protection](https://integrations.mimecast.com/tech-partners/microsoft-sentinel/) provides customers with the visibility into security events related to the Targeted Threat Protection inspection technologies within Microsoft Sentinel. The data connector provides pre-created dashboards to allow analysts to view insight into email based threats, aid in incident correlation and reduce investigation response times coupled with custom alert capabilities.  \nThe Mimecast products included within the connector are: \n- URL Protect \n- Impersonation Protect \n- Attachment Protect\n",
          "graphQueries": [
            {
              "metricName": "Total URL Protect data received",
              "legend": "MimecastTTPUrl_CL",
              "baseQuery": "MimecastTTPUrl_CL"
            },
            {
              "metricName": "Total Attachment Protect data received",
              "legend": "MimecastTTPAttachment_CL",
              "baseQuery": "MimecastTTPAttachment_CL"
            },
            {
              "metricName": "Total Impersonation Protect data received",
              "legend": "MimecastTTPImpersonation_CL",
              "baseQuery": "MimecastTTPImpersonation_CL"
            }
          ],
          "dataTypes": [
            {
              "name": "MimecastTTPUrl_CL",
              "lastDataReceivedQuery": "MimecastTTPUrl_CL\n            | summarize Time = max(TimeGenerated)\n            | where isnotempty(Time)"
            },
            {
              "name": "MimecastTTPAttachment_CL",
              "lastDataReceivedQuery": "MimecastTTPAttachment_CL\n            | summarize Time = max(TimeGenerated)\n            | where isnotempty(Time)"
            },
            {
              "name": "MimecastTTPImpersonation_CL",
              "lastDataReceivedQuery": "MimecastTTPImpersonation_CL\n            | summarize Time = max(TimeGenerated)\n            | where isnotempty(Time)"
            }
          ],
          "connectivityCriterias": [
            {
              "type": "IsConnectedQuery",
              "value": [
                "MimecastTTPUrl_CL\n            | summarize LastLogReceived = max(TimeGenerated)\n            | project IsConnected = LastLogReceived > ago(30d)",
                "MimecastTTPAttachment_CL\n            | summarize LastLogReceived = max(TimeGenerated)\n            | project IsConnected = LastLogReceived > ago(30d)",
                "MimecastTTPImpersonation_CL\n            | summarize LastLogReceived = max(TimeGenerated)\n            | project IsConnected = LastLogReceived > ago(30d)"
              ]
            }
          ],
          "sampleQueries": [
            {
              "description": "MimecastTTPUrl_CL",
              "query": "MimecastTTPUrl_CL\n| sort by TimeGenerated desc"
            },
            {
              "description": "MimecastTTPAttachment_CL",
              "query": "MimecastTTPAttachment_CL\n| sort by TimeGenerated desc"
            },
            {
              "description": "MimecastTTPImpersonation_CL",
              "query": "MimecastTTPImpersonation_CL\n| sort by TimeGenerated desc"
            }
          ],
          "availability": {
            "status": 1,
            "isPreview": false
          },
          "permissions": {
            "resourceProvider": [
              {
                "provider": "Microsoft.OperationalInsights/workspaces",
                "permissionsDisplayText": "read and write permissions on the workspace are required.",
                "providerDisplayName": "Workspace",
                "scope": "Workspace",
                "requiredPermissions": {
                  "write": true,
                  "read": true,
                  "delete": true
                }
              },
              {
                "provider": "Microsoft.OperationalInsights/workspaces/sharedKeys",
                "permissionsDisplayText": "read permissions to shared keys for the workspace are required. [See the documentation to learn more about workspace keys](https://docs.microsoft.com/azure/azure-monitor/platform/agent-windows#obtain-workspace-id-and-key).",
                "providerDisplayName": "Keys",
                "scope": "Workspace",
                "requiredPermissions": {
                  "action": true
                }
              }
            ],
            "customs": [
              {
                "name": "Microsoft.Web/sites permissions",
                "description": "Read and write permissions to Azure Functions to create a Function App is required. [See the documentation to learn more about Azure Functions](https://docs.microsoft.com/azure/azure-functions/)."
              },
              {
                "name": "REST API Credentials/permissions",
                "description": "You need to have the following pieces of information to configure the integration:\n- mimecastEmail: Email address of a dedicated Mimecast admin user\n- mimecastPassword: Password for the dedicated Mimecast admin user\n- mimecastAppId: API Application Id of the Mimecast Microsoft Sentinel app registered with Mimecast\n- mimecastAppKey: API Application Key of the Mimecast Microsoft Sentinel app registered with Mimecast\n- mimecastAccessKey: Access Key for the dedicated Mimecast admin user\n- mimecastSecretKey: Secret Key for the dedicated Mimecast admin user\n- mimecastBaseURL: Mimecast Regional API Base URL\n\n> The Mimecast Application Id, Application Key, along with the Access Key and Secret keys for the dedicated Mimecast admin user are obtainable via the Mimecast Administration Console: Administration | Services | API and Platform Integrations.\n\n> The Mimecast API Base URL for each region is documented here: https://integrations.mimecast.com/documentation/api-overview/global-base-urls/"
              }
            ]
          },
          "instructionSteps": [
            {
              "description": "You need to have a resource group created with a subscription you are going to use.",
              "title": "Resource group"
            },
            {
              "description": "You need to have an Azure App registered for this connector to use\n1. Application Id\n2. Tenant Id\n3. Client Id\n4. Client Secret",
              "title": "Functions app"
            },
            {
              "description": ">**NOTE:** This connector uses Azure Functions to connect to a Mimecast API to pull its logs into Microsoft Sentinel. This might result in additional data ingestion costs. Check the [Azure Functions pricing page](https://azure.microsoft.com/pricing/details/functions/) for details."
            },
            {
              "description": ">**(Optional Step)** Securely store workspace and API authorization key(s) or token(s) in Azure Key Vault. Azure Key Vault provides a secure mechanism to store and retrieve key values. [Follow these instructions](https://docs.microsoft.com/azure/app-service/app-service-key-vault-references) to use Azure Key Vault with an Azure Function App."
            },
            {
              "description": "**STEP 1 - Configuration steps for the Mimecast API**\n\nGo to ***Azure portal ---> App registrations ---> [your_app] ---> Certificates & secrets ---> New client secret*** and create a new secret (save the Value somewhere safe right away because you will not be able to preview it later)",
              "title": "Configuration:"
            },
            {
              "description": "**STEP 2 - Deploy Mimecast API Connector**\n\n>**IMPORTANT:** Before deploying the Mimecast API connector, have the Workspace ID  and Workspace Primary Key (can be copied from the following), as well as the Mimecast API authorization key(s) or Token, readily available.",
              "instructions": [
                {
                  "parameters": {
                    "fillWith": [
                      "WorkspaceId"
                    ],
                    "label": "Workspace ID"
                  },
                  "type": "CopyableLabel"
                },
                {
                  "parameters": {
                    "fillWith": [
                      "PrimaryKey"
                    ],
                    "label": "Primary Key"
                  },
                  "type": "CopyableLabel"
                }
              ]
            },
            {
              "description": "\n1. Click the **Deploy to Azure** button below. \n\n\t[![Deploy To Azure](https://aka.ms/deploytoazurebutton)](https://aka.ms/sentinel-MimecastTTP-azuredeploy)\n2. Select the preferred **Subscription**, **Resource Group** and **Location**. \n3. Enter the following fields:\n - appName: Unique string that will be used as id for the app in Azure platform\n - objectId: Azure portal ---> Azure Active Directory ---> more info ---> Profile -----> Object ID\n - appInsightsLocation(default): westeurope\n - mimecastEmail: Email address of dedicated user for this integraion\n - mimecastPassword: Password for dedicated user\n - mimecastAppId: Application Id from the Microsoft Sentinel app registered with Mimecast\n - mimecastAppKey: Application Key from the Microsoft Sentinel app registered with Mimecast\n - mimecastAccessKey: Access Key for the dedicated Mimecast user\n - mimecastSecretKey: Secret Key for dedicated Mimecast user\n - mimecastBaseURL: Regional Mimecast API Base URL\n - activeDirectoryAppId: Azure portal ---> App registrations ---> [your_app] ---> Application ID\n - activeDirectoryAppSecret: Azure portal ---> App registrations ---> [your_app] ---> Certificates & secrets ---> [your_app_secret]\n - workspaceId: Azure portal ---> Log Analytics Workspaces ---> [Your workspace] ---> Agents ---> Workspace ID (or you can copy workspaceId from above) \n - workspaceKey:  Azure portal ---> Log Analytics Workspaces ---> [Your workspace] ---> Agents ---> Primary Key (or you can copy workspaceKey from above) \n - AppInsightsWorkspaceResourceID : Azure portal ---> Log Analytics Workspaces ---> [Your workspace] ---> Properties ---> Resource ID \n\n >Note: If using Azure Key Vault secrets for any of the values above, use the`@Microsoft.KeyVault(SecretUri={Security Identifier})`schema in place of the string values. Refer to [Key Vault references documentation](https://docs.microsoft.com/azure/app-service/app-service-key-vault-references) for further details.\n\n4. Mark the checkbox labeled **I agree to the terms and conditions stated above**. \n5. Click **Purchase** to deploy.\n\n6. Go to ***Azure portal ---> Resource groups ---> [your_resource_group] --->  [appName](type: Storage account) ---> Storage Explorer ---> BLOB CONTAINERS ---> TTP checkpoints ---> Upload*** and create empty files on your machine named attachment-checkpoint.txt, impersonation-checkpoint.txt, url-checkpoint.txt and select them for upload (this is done so that date_range for TTP logs are stored in consistent state)\n",
              "title": "Deploy the Mimecast Targeted Threat Protection Data Connector:"
            }
          ],
          "id": "[variables('_uiConfigId1')]"
        }
      }
    },
    {
      "type": "Microsoft.OperationalInsights/workspaces/providers/contentPackages",
      "apiVersion": "2023-04-01-preview",
      "location": "[parameters('workspace-location')]",
      "properties": {
        "version": "3.0.2",
        "kind": "Solution",
        "contentSchemaVersion": "3.0.0",
        "displayName": "MimecastTTP",
        "publisherDisplayName": "Mimecast",
        "descriptionHtml": "<p><strong>Note:</strong> Please refer to the following before installing the solution:</p>\n<p>• Review the solution <a href=\"https://github.com/Azure/Azure-Sentinel/tree/master/Solutions/MimecastTTP/ReleaseNotes.md\">Release Notes</a></p>\n<p>• There may be <a href=\"https://aka.ms/sentinelsolutionsknownissues\">known issues</a> pertaining to this Solution, please refer to them before installing.</p>\n<p>The data connector for <a href=\"https://integrations.mimecast.com/tech-partners/microsoft-sentinel/\">Mimecast Targeted Threat Protection</a> provides customers with the visibility into security events related to the Targeted Threat Protection inspection technologies within Microsoft Sentinel. The data connector provides pre-created dashboards to allow analysts to view insight into email based threats, aid in incident correlation and reduce investigation response times coupled with custom alert capabilities.<br />\nThe Mimecast products included within the connector are:</p>\n<ul>\n<li>URL Protect</li>\n<li>Impersonation Protect</li>\n<li>Attachment Protect</li>\n</ul>\n<p>Microsoft Sentinel Solutions provide a consolidated way to acquire Microsoft Sentinel content like data connectors, workbooks, analytics, and automations in your workspace with a single deployment step.</p>\n<p><strong>NOTE: This integration is considered deprecated and has been replaced by the unified <a href=\"https://azuremarketplace.microsoft.com/en-us/marketplace/apps/mimecastnorthamerica1584469118674.azure-sentinel-solution-mimecast?tab=Overview\">Mimecast integration</a>, which uses Mimecast's API 2.0 gateway. Please avoid using this version, and if already using it, migrate to the new integration. No further updates will be performed, and this version will be removed at a future date. For additional information, including the unified integration setup steps, go <a href=\"https://integrations.mimecast.com/tech-partners/microsoft-sentinel\">here</a>.</strong></p>\n<p><strong>Data Connectors:</strong> 1, <strong>Workbooks:</strong> 1, <strong>Analytic Rules:</strong> 3</p>\n<p><a href=\"https://aka.ms/azuresentinel\">Learn more about Microsoft Sentinel</a> | <a href=\"https://aka.ms/azuresentinelsolutionsdoc\">Learn more about Solutions</a></p>\n",
        "contentKind": "Solution",
        "contentProductId": "[variables('_solutioncontentProductId')]",
        "id": "[variables('_solutioncontentProductId')]",
        "icon": "<img src=\"https://raw.githubusercontent.com/Azure/Azure-Sentinel/master/Logos/Mimecast.svg\" width=\"75px\" height=\"75px\">",
        "contentId": "[variables('_solutionId')]",
        "parentId": "[variables('_solutionId')]",
        "source": {
          "kind": "Solution",
          "name": "MimecastTTP",
          "sourceId": "[variables('_solutionId')]"
        },
        "author": {
          "name": "Mimecast",
          "email": "[variables('_email')]"
        },
        "support": {
          "name": "Mimecast",
          "email": "support@mimecast.com",
          "tier": "Partner",
          "link": "https://community.mimecast.com/s/contactsupport"
        },
        "dependencies": {
          "operator": "AND",
          "criteria": [
            {
              "kind": "AnalyticsRule",
              "contentId": "[variables('analyticRuleObject1')._analyticRulecontentId1]",
              "version": "[variables('analyticRuleObject1').analyticRuleVersion1]"
            },
            {
              "kind": "AnalyticsRule",
              "contentId": "[variables('analyticRuleObject2')._analyticRulecontentId2]",
              "version": "[variables('analyticRuleObject2').analyticRuleVersion2]"
            },
            {
              "kind": "AnalyticsRule",
              "contentId": "[variables('analyticRuleObject3')._analyticRulecontentId3]",
              "version": "[variables('analyticRuleObject3').analyticRuleVersion3]"
            },
            {
              "kind": "Workbook",
              "contentId": "[variables('_workbookContentId1')]",
              "version": "[variables('workbookVersion1')]"
            },
            {
              "kind": "DataConnector",
              "contentId": "[variables('_dataConnectorContentId1')]",
              "version": "[variables('dataConnectorVersion1')]"
            }
          ]
        },
        "firstPublishDate": "2022-02-24",
        "lastPublishDate": "2022-02-24",
        "providers": [
          "Mimecast"
        ],
        "categories": {
          "domains": [
            "Security - Network"
          ]
        }
      },
      "name": "[concat(parameters('workspace'),'/Microsoft.SecurityInsights/', variables('_solutionId'))]"
    }
  ],
  "outputs": {}
}
