{
  "$schema": "https://schema.management.azure.com/schemas/2019-04-01/deploymentTemplate.json#",
  "contentVersion": "1.0.0.0",
  "metadata": {
    "author": "Digital Shadows - support@digitalshadows.com",
    "comments": "Solution template for Digital Shadows"
  },
  "parameters": {
    "location": {
      "type": "string",
      "minLength": 1,
      "defaultValue": "[resourceGroup().location]",
      "metadata": {
        "description": "Not used, but needed to pass arm-ttk test `Location-Should-Not-Be-Hardcoded`.  We instead use the `workspace-location` which is derived from the LA workspace"
      }
    },
    "workspace-location": {
      "type": "string",
      "defaultValue": "",
      "metadata": {
        "description": "[concat('Region to deploy solution resources -- separate from location selection',parameters('location'))]"
      }
    },
    "workspace": {
      "defaultValue": "",
      "type": "string",
      "metadata": {
        "description": "Workspace name for Log Analytics where Microsoft Sentinel is setup"
      }
    },
    "workbook1-name": {
      "type": "string",
      "defaultValue": "Digital Shadows",
      "minLength": 1,
      "metadata": {
        "description": "Name for the workbook"
      }
    }
  },
  "variables": {
    "solutionId": "digitalshadows1662022995707.digitalshadows_searchlight_for_sentinel",
    "_solutionId": "[variables('solutionId')]",
    "email": "support@digitalshadows.com",
    "_email": "[variables('email')]",
    "workbookVersion1": "1.0.0",
    "workbookContentId1": "DigitalShadowsWorkbook",
    "workbookId1": "[resourceId('Microsoft.Insights/workbooks', variables('workbookContentId1'))]",
    "workbookTemplateSpecName1": "[concat(parameters('workspace'),'-wb-',uniquestring(variables('_workbookContentId1')))]",
    "_workbookContentId1": "[variables('workbookContentId1')]",
    "workspaceResourceId": "[resourceId('microsoft.OperationalInsights/Workspaces', parameters('workspace'))]",
    "analyticRuleVersion1": "1.0.1",
    "analyticRulecontentId1": "f7abe9c1-1e6c-4317-b907-25769e7764c5",
    "_analyticRulecontentId1": "[variables('analyticRulecontentId1')]",
    "analyticRuleId1": "[resourceId('Microsoft.SecurityInsights/AlertRuleTemplates', variables('analyticRulecontentId1'))]",
    "analyticRuleTemplateSpecName1": "[concat(parameters('workspace'),'-ar-',uniquestring(variables('_analyticRulecontentId1')))]",
    "analyticRuleVersion2": "1.0.1",
    "analyticRulecontentId2": "ede3071d-9317-45f9-b36c-6a6effee5294",
    "_analyticRulecontentId2": "[variables('analyticRulecontentId2')]",
    "analyticRuleId2": "[resourceId('Microsoft.SecurityInsights/AlertRuleTemplates', variables('analyticRulecontentId2'))]",
    "analyticRuleTemplateSpecName2": "[concat(parameters('workspace'),'-ar-',uniquestring(variables('_analyticRulecontentId2')))]",
    "DigitalShadowsPlaybooktoUpdateIncidentStatus": "DigitalShadowsPlaybooktoUpdateIncidentStatus",
    "_DigitalShadowsPlaybooktoUpdateIncidentStatus": "[variables('DigitalShadowsPlaybooktoUpdateIncidentStatus')]",
    "playbookVersion1": "1.0",
    "playbookContentId1": "DigitalShadowsPlaybooktoUpdateIncidentStatus",
    "_playbookContentId1": "[variables('playbookContentId1')]",
    "playbookId1": "[resourceId('Microsoft.Logic/workflows', variables('playbookContentId1'))]",
    "playbookTemplateSpecName1": "[concat(parameters('workspace'),'-pl-',uniquestring(variables('_playbookContentId1')))]",
    "blanks": "[replace('b', 'b', '')]",
    "uiConfigId1": "DigitalShadowsSearchlightAzureFunctions",
    "_uiConfigId1": "[variables('uiConfigId1')]",
    "dataConnectorContentId1": "DigitalShadowsSearchlightAzureFunctions",
    "_dataConnectorContentId1": "[variables('dataConnectorContentId1')]",
    "dataConnectorId1": "[extensionResourceId(resourceId('Microsoft.OperationalInsights/workspaces', parameters('workspace')), 'Microsoft.SecurityInsights/dataConnectors', variables('_dataConnectorContentId1'))]",
    "_dataConnectorId1": "[variables('dataConnectorId1')]",
    "dataConnectorTemplateSpecName1": "[concat(parameters('workspace'),'-dc-',uniquestring(variables('_dataConnectorContentId1')))]",
    "dataConnectorVersion1": "1.0.0",
    "triage_id": "EventOriginalUid",
    "_triage_id": "[variables('triage_id')]"
  },
  "resources": [
    {
      "type": "Microsoft.Resources/templateSpecs",
      "apiVersion": "2021-05-01",
      "name": "[variables('workbookTemplateSpecName1')]",
      "location": "[parameters('workspace-location')]",
      "tags": {
        "hidden-sentinelWorkspaceId": "[variables('workspaceResourceId')]",
        "hidden-sentinelContentType": "Workbook"
      },
      "properties": {
        "description": "Digital Shadows Workbook with template",
        "displayName": "Digital Shadows workbook template"
      }
    },
    {
      "type": "Microsoft.Resources/templateSpecs/versions",
      "apiVersion": "2021-05-01",
      "name": "[concat(variables('workbookTemplateSpecName1'),'/',variables('workbookVersion1'))]",
      "location": "[parameters('workspace-location')]",
      "tags": {
        "hidden-sentinelWorkspaceId": "[variables('workspaceResourceId')]",
        "hidden-sentinelContentType": "Workbook"
      },
      "dependsOn": [
        "[resourceId('Microsoft.Resources/templateSpecs', variables('workbookTemplateSpecName1'))]"
      ],
      "properties": {
        "description": "DigitalShadowsWorkbook with template version 2.0.1",
        "mainTemplate": {
          "$schema": "https://schema.management.azure.com/schemas/2019-04-01/deploymentTemplate.json#",
          "contentVersion": "[variables('workbookVersion1')]",
          "parameters": {},
          "variables": {},
          "resources": [
            {
              "type": "Microsoft.Insights/workbooks",
              "name": "[variables('workbookContentId1')]",
              "location": "[parameters('workspace-location')]",
              "kind": "shared",
              "apiVersion": "2021-08-01",
              "metadata": {
                "description": "test"
              },
              "properties": {
                "displayName": "[parameters('workbook1-name')]",
                "serializedData": "{\"version\":\"Notebook/1.0\",\"items\":[{\"type\":1,\"content\":{\"json\":\"## Digital Shadows\\n---\\n\\nWelcome to your Digital Shadows workbook. Here you can visualize certain aspects of data.\\n\\nYou can get a list of incidents from past n number of days, bar chart depicting the number of incidents over certain period of time and breakdown of incidents by type as seen in Digital Shadows portal.\\n\"},\"name\":\"text - 2\"},{\"type\":9,\"content\":{\"version\":\"KqlParameterItem/1.0\",\"parameters\":[{\"id\":\"bb5c1509-5af4-4ff0-a4d4-55b7dd7a3f84\",\"version\":\"KqlParameterItem/1.0\",\"name\":\"TimeParameter\",\"label\":\"Time Parameter\",\"type\":4,\"description\":\"Get all the incidents data from past\",\"typeSettings\":{\"selectableValues\":[{\"durationMs\":300000},{\"durationMs\":900000},{\"durationMs\":1800000},{\"durationMs\":3600000},{\"durationMs\":14400000},{\"durationMs\":43200000},{\"durationMs\":86400000},{\"durationMs\":172800000},{\"durationMs\":259200000},{\"durationMs\":604800000},{\"durationMs\":1209600000},{\"durationMs\":2419200000},{\"durationMs\":2592000000},{\"durationMs\":5184000000},{\"durationMs\":7776000000}],\"allowCustom\":true},\"timeContext\":{\"durationMs\":86400000},\"value\":{\"durationMs\":172800000}}],\"style\":\"pills\",\"queryType\":0,\"resourceType\":\"microsoft.operationalinsights/workspaces\"},\"name\":\"parameters - 3\"},{\"type\":1,\"content\":{\"json\":\"\\n---\\n## Past incidents according to selected time \\n---\"},\"name\":\"text - 5\"},{\"type\":3,\"content\":{\"version\":\"KqlItem/1.0\",\"query\":\"DigitalShadows_CL\\n| summarize arg_max(TimeGenerated, *) by id_d, id_g\",\"size\":0,\"title\":\"Incidents\",\"timeContext\":{\"durationMs\":172800000},\"timeContextFromParameter\":\"TimeParameter\",\"queryType\":0,\"resourceType\":\"microsoft.operationalinsights/workspaces\"},\"name\":\"Historical data\",\"styleSettings\":{\"margin\":\"2 px\",\"padding\":\"5 px\",\"showBorder\":true}},{\"type\":1,\"content\":{\"json\":\"\\n---\\n## Incidents over time \\n---\"},\"name\":\"text - 6\"},{\"type\":3,\"content\":{\"version\":\"KqlItem/1.0\",\"query\":\"DigitalShadows_CL\\n| summarize arg_max(TimeGenerated, *) by id_d, id_g\\n| summarize incidents=count() by bin(TimeGenerated, 1h)\",\"size\":0,\"title\":\"Bar charts \",\"timeContext\":{\"durationMs\":172800000},\"timeContextFromParameter\":\"TimeParameter\",\"showRefreshButton\":true,\"showExportToExcel\":true,\"queryType\":0,\"resourceType\":\"microsoft.operationalinsights/workspaces\",\"visualization\":\"unstackedbar\",\"graphSettings\":{\"type\":0,\"topContent\":{\"columnMatch\":\"InALogs_CL\",\"formatter\":1},\"centerContent\":{\"columnMatch\":\"Count\",\"formatter\":1,\"numberFormat\":{\"unit\":17,\"options\":{\"maximumSignificantDigits\":3,\"maximumFractionDigits\":2}}}},\"chartSettings\":{\"xAxis\":\"TimeGenerated\",\"showLegend\":true,\"seriesLabelSettings\":[{\"seriesName\":\"InALogs_CL\",\"label\":\"Incidents and alerts\"},{\"seriesName\":\"incidents\",\"color\":\"blue\"}],\"ySettings\":{\"min\":0}},\"mapSettings\":{\"locInfo\":\"LatLong\",\"sizeSettings\":\"Count\",\"sizeAggregation\":\"Sum\",\"legendMetric\":\"Count\",\"legendAggregation\":\"Sum\",\"itemColorSettings\":{\"type\":\"heatmap\",\"colorAggregation\":\"Sum\",\"nodeColorField\":\"Count\",\"heatmapPalette\":\"greenRed\"}}},\"name\":\"barcharts\"},{\"type\":12,\"content\":{\"version\":\"NotebookGroup/1.0\",\"groupType\":\"editable\",\"items\":[{\"type\":1,\"content\":{\"json\":\"\\n---\\n## Breakdown over time\\n---\\nBy risk score\"},\"name\":\"text - 1\"},{\"type\":3,\"content\":{\"version\":\"KqlItem/1.0\",\"query\":\"datatable (Count: long, status: string) [0, \\\"Very High\\\", 0, \\\"High\\\", 0, \\\"Medium\\\", 0, \\\"Low\\\", 0, \\\"Very Low\\\", 0, \\\"None\\\"]\\n| union\\n    (\\n    DigitalShadows_CL\\n    | summarize arg_max(TimeGenerated, *) by id_d, id_g\\n    | extend status = case(    \\n        risk_level_s == \\\"very-high\\\" or risk_assessment_risk_level_s\\n == \\\"very-high\\\", \\\"Very High\\\",\\n        risk_level_s == \\\"high\\\" or risk_assessment_risk_level_s\\n == \\\"high\\\", \\\"High\\\",\\n        risk_level_s == \\\"medium\\\" or risk_assessment_risk_level_s\\n == \\\"medium\\\", \\\"Medium\\\",\\n        risk_level_s == \\\"low\\\" or risk_assessment_risk_level_s\\n == \\\"low\\\", \\\"Low\\\",\\n        risk_level_s == \\\"very-low\\\" or risk_assessment_risk_level_s\\n == \\\"very-low\\\", \\\"Very Low\\\",\\n        risk_level_s == \\\"none\\\" or risk_assessment_risk_level_s\\n == \\\"none\\\", \\\"None\\\",       \\n        \\\"True\\\"\\n        )\\n    | where status != \\\"True\\\"\\n    | summarize Count = count() by status\\n    )\\n| summarize Count=sum(Count) by status\",\"size\":3,\"timeContext\":{\"durationMs\":172800000},\"timeContextFromParameter\":\"TimeParameter\",\"queryType\":0,\"resourceType\":\"microsoft.operationalinsights/workspaces\",\"visualization\":\"tiles\",\"tileSettings\":{\"titleContent\":{\"columnMatch\":\"status\",\"formatter\":5,\"formatOptions\":{\"palette\":\"blue\",\"compositeBarSettings\":{\"labelText\":\"\"}}},\"leftContent\":{\"columnMatch\":\"Count\",\"formatter\":12,\"formatOptions\":{\"min\":0,\"palette\":\"greenRed\"}},\"showBorder\":true}},\"name\":\"query - 0\"},{\"type\":1,\"content\":{\"json\":\"\\n---\\nBy state\"},\"name\":\"text - 4\"},{\"type\":3,\"content\":{\"version\":\"KqlItem/1.0\",\"query\":\"datatable (Count: long, status: string) [0, \\\"Unread\\\", 0, \\\"Open\\\", 0, \\\"Rejected\\\", 0, \\\"Resolved\\\", 0, \\\"Closed\\\"]\\n| union\\n    (\\n    DigitalShadows_CL\\n    | summarize arg_max(TimeGenerated, *) by id_d, id_g\\n    | extend status = case(status_s == \\\"unread\\\", \\\"Unread\\\",\\n status_s == \\\"open\\\", \\\"Open\\\",       \\n status_s == \\\"rejected\\\", \\\"Rejected\\\",\\n status_s == \\\"resolved\\\", \\\"Resolved\\\",\\n status_s == \\\"closed\\\", \\\"Closed\\\",\\n        \\\"True\\\"\\n        )\\n    | where status != \\\"True\\\"\\n    | summarize Count = count() by status\\n    )\\n| summarize Count=sum(Count) by status\",\"size\":3,\"timeContext\":{\"durationMs\":172800000},\"timeContextFromParameter\":\"TimeParameter\",\"queryType\":0,\"resourceType\":\"microsoft.operationalinsights/workspaces\",\"visualization\":\"tiles\",\"tileSettings\":{\"showBorder\":false,\"titleContent\":{\"columnMatch\":\"status\",\"formatter\":1},\"leftContent\":{\"columnMatch\":\"Count\",\"formatter\":12,\"formatOptions\":{\"palette\":\"auto\"},\"numberFormat\":{\"unit\":17,\"options\":{\"maximumSignificantDigits\":3,\"maximumFractionDigits\":2}}}}},\"name\":\"query - 5\"},{\"type\":1,\"content\":{\"json\":\"\\n---\\nBy most frequent risk\"},\"name\":\"text - 3\"},{\"type\":3,\"content\":{\"version\":\"KqlItem/1.0\",\"query\":\"datatable (Count: long, status: string) [0, \\\"Cyber Threat\\\", 0, \\\"Credential Compromise\\\", 0, \\\"Impersonating Employee Profile\\\", 0, \\\"Impersonating Company Profile\\\", 0, \\\"Customer Details\\\", 0, \\\"Technical Leakage\\\", 0, \\\"Intellectual Property\\\", 0, \\\"Negative Publicity\\\", 0, \\\"Exposed Port\\\", 0, \\\"Exposed Credentials Alert\\\", 0, \\\"Protectively Marked Document\\\", 0, \\\"Phishing Attempt\\\", 0, \\\"Spoof Profile\\\", 0, \\\"Customer Details\\\", 0, \\\"Brand Misuse\\\", 0, \\\"Mobile Application\\\", 0, \\\"Domain Certificate Issue\\\", 0, \\\"CVE\\\", 0, \\\"Unmarked Document\\\", 0, \\\"Social media-technical information\\\", 0, \\\"Social media-personal information\\\", 0, \\\"Physical security-personal threat\\\", 0, \\\"Physical security-employee threat\\\", 0, \\\"Physical security-company threat\\\", 0, \\\"Defamation\\\", 0, \\\"Legacy marked document\\\", 0, \\\"Internally marked document\\\", 0, \\\"Exposed access key\\\", 0, \\\"Exposed marked document\\\", 0, \\\"Exposed technical document\\\", 0, \\\"Impersonating domain\\\", 0, \\\"Impersonating subdomain\\\", 0, \\\"Unauthorized code commit\\\"]\\n| union\\n    (\\n    DigitalShadows_CL\\n    | summarize arg_max(TimeGenerated, *) by id_d, id_g\\n    | extend status = case(    \\n        classification_s== \\\"cyber-threat-incident\\\", \\\"Cyber Threat\\\",\\n        classification_s==\\\"credential-compromise-incident\\\", \\\"Credential Compromise\\\",\\n        classification_s==\\\"employee-threat-incident\\\", \\\"Impersonating Employee Profile\\\",\\n        classification_s==\\\"impersonating-domain-alert\\\", \\\"Impersonating Company Profile\\\",\\n        classification_s==\\\"personal-compliance-incident\\\", \\\"Customer Details\\\",\\n        classification_s==\\\"technical-compliance-incident\\\", \\\"Technical Leakage\\\",\\n        classification_s==\\\"intellectual-property-incident\\\", \\\"Intellectual Property\\\",\\n        classification_s==\\\"negative-publicity-incident\\\", \\\"Negative Publicity\\\",\\n        classification_s==\\\"exposed-port-incident\\\", \\\"Exposed Port\\\",\\n        classification_s==\\\"exposed-credential-alert\\\", \\\"Exposed Credentials Alert\\\", \\n        classification_s==\\\"protectively-marked-document-incident\\\", \\\"Protectively Marked Document\\\",\\n        classification_s==\\\"phishing-attempt-incident\\\", \\\"Phishing Attempt\\\",\\n        classification_s==\\\"spoof-profile-incident\\\", \\\"Spoof Profile\\\",\\n        classification_s==\\\"customer-details-incident\\\", \\\"Customer Details\\\",\\n        classification_s==\\\"brand-misuse-incident\\\", \\\"Brand Misuse\\\",\\n        classification_s==\\\"mobile-application-incident\\\", \\\"Mobile Application\\\",\\n        classification_s==\\\"domain-certificate-issue-incident\\\", \\\"Domain Certificate Issue\\\",\\n        classification_s==\\\"cve-incident\\\", \\\"CVE\\\", \\n        classification_s==\\\"unmarked-document-incident\\\", \\\"Unmarked Document\\\",\\n        classification_s==\\\"technical-compliance-incident\\\", \\\"Social media-technical information\\\",\\n        classification_s==\\\"personal-compliance-incident\\\", \\\"Social media-personal information\\\",\\n        classification_s==\\\"personal-threat-incident\\\", \\\"Physical security-personal threat\\\",\\n        classification_s==\\\"employee-threat-incident\\\", \\\"Physical security-employee threat\\\",\\n        classification_s==\\\"company-threat-incident\\\", \\\"Physical security-company threat\\\",\\n        classification_s==\\\"defamation-incident\\\", \\\"Defamation\\\",\\n        classification_s==\\\"legacy-marked-document-incident\\\", \\\"Legacy marked document\\\",\\n        classification_s==\\\"internally-marked-document-incident\\\", \\\"Internally marked document\\\",\\n        classification_s==\\\"exposed-access-key-alert\\\", \\\"Exposed access key\\\",\\n        classification_s==\\\"marked-document-alert\\\", \\\"Exposed marked document\\\",\\n        classification_s==\\\"technical-leakage-incident\\\", \\\"Exposed technical document\\\",\\n        classification_s==\\\"impersonating-domain-alert\\\", \\\"Impersonating domain\\\",\\n        classification_s==\\\"impersonating-subdomain-alert\\\", \\\"Impersonating subdomain\\\",\\n        classification_s==\\\"unauthorized-code-commit-alert\\\", \\\"Unauthorized code commit\\\",\\n        \\\"True\\\"\\n        )\\n    | where status != \\\"True\\\"\\n    | summarize Count = count() by status\\n    )\\n| summarize Count=sum(Count) by status\\n| sort by Count\\n\",\"size\":3,\"timeContext\":{\"durationMs\":172800000},\"timeContextFromParameter\":\"TimeParameter\",\"queryType\":0,\"resourceType\":\"microsoft.operationalinsights/workspaces\",\"visualization\":\"tiles\",\"tileSettings\":{\"titleContent\":{\"columnMatch\":\"status\",\"formatter\":1},\"leftContent\":{\"columnMatch\":\"Count\",\"formatter\":12,\"formatOptions\":{\"palette\":\"auto\"},\"numberFormat\":{\"unit\":17,\"options\":{\"style\":\"decimal\",\"maximumFractionDigits\":2,\"maximumSignificantDigits\":3}}},\"showBorder\":false}},\"name\":\"query - 2\"}]},\"name\":\"group - 4\"}],\"fromTemplateId\":\"DigitalShadows-Workbook\",\"$schema\":\"https://github.com/Microsoft/Application-Insights-Workbooks/blob/master/schema/workbook.json\"}\r\n",
                "version": "1.0",
                "sourceId": "[variables('workspaceResourceId')]",
                "category": "sentinel"
              }
            },
            {
              "type": "Microsoft.OperationalInsights/workspaces/providers/metadata",
              "apiVersion": "2022-01-01-preview",
              "name": "[concat(parameters('workspace'),'/Microsoft.SecurityInsights/',concat('Workbook-', last(split(variables('workbookId1'),'/'))))]",
              "properties": {
                "description": "@{workbookKey=DigitalShadowsWorkbook; logoFileName=DigitalShadowsLogo.svg; description=test; dataTypesDependencies=System.Object[]; dataConnectorsDependencies=System.Object[]; previewImagesFileNames=System.Object[]; version=1.0.0; title=Digital Shadows; templateRelativePath=DigitalShadows.json; subtitle=; provider=Digital Shadows}.description",
                "parentId": "[variables('workbookId1')]",
                "contentId": "[variables('_workbookContentId1')]",
                "kind": "Workbook",
                "version": "[variables('workbookVersion1')]",
                "source": {
                  "kind": "Solution",
                  "name": "Digital Shadows",
                  "sourceId": "[variables('_solutionId')]"
                },
                "author": {
                  "name": "Digital Shadows",
                  "email": "[variables('_email')]"
                },
                "support": {
                  "tier": "Partner",
                  "name": "Digital Shadows",
                  "email": "support@digitalshadows.com",
                  "link": "https://www.digitalshadows.com/"
                },
                "dependencies": {
                  "operator": "AND",
                  "criteria": [
                    {
                      "contentId": "DigitalShadows_CL",
                      "kind": "DataType"
                    },
                    {
                      "contentId": "DigitalShadowsSearchlightAzureFunctions",
                      "kind": "DataConnector"
                    }
                  ]
                }
              },
              "description": "For gaining insights into Digital Shadows logs."
            }
          ]
        }
      }
    },
    {
      "type": "Microsoft.Resources/templateSpecs",
      "apiVersion": "2021-05-01",
      "name": "[variables('analyticRuleTemplateSpecName1')]",
      "location": "[parameters('workspace-location')]",
      "tags": {
        "hidden-sentinelWorkspaceId": "[variables('workspaceResourceId')]",
        "hidden-sentinelContentType": "AnalyticsRule"
      },
      "properties": {
        "description": "Digital Shadows Analytics Rule 1 with template",
        "displayName": "Digital Shadows Analytics Rule template"
      }
    },
    {
      "type": "Microsoft.Resources/templateSpecs/versions",
      "apiVersion": "2021-05-01",
      "name": "[concat(variables('analyticRuleTemplateSpecName1'),'/',variables('analyticRuleVersion1'))]",
      "location": "[parameters('workspace-location')]",
      "tags": {
        "hidden-sentinelWorkspaceId": "[variables('workspaceResourceId')]",
        "hidden-sentinelContentType": "AnalyticsRule"
      },
      "dependsOn": [
        "[resourceId('Microsoft.Resources/templateSpecs', variables('analyticRuleTemplateSpecName1'))]"
      ],
      "properties": {
        "description": "Digital_Shadows_incident_creation_exclude_AnalyticalRules Analytics Rule with template version 2.0.1",
        "mainTemplate": {
          "$schema": "https://schema.management.azure.com/schemas/2019-04-01/deploymentTemplate.json#",
          "contentVersion": "[variables('analyticRuleVersion1')]",
          "parameters": {},
          "variables": {},
          "resources": [
            {
              "type": "Microsoft.SecurityInsights/AlertRuleTemplates",
              "name": "[variables('AnalyticRulecontentId1')]",
              "apiVersion": "2022-04-01-preview",
              "kind": "Scheduled",
              "location": "[parameters('workspace-location')]",
              "properties": {
                "description": "Digital Shadows Analytic rule for generating Microsoft Sentinel incidents for the data ingested by app polling for excluded classifications",
                "displayName": "Digital Shadows Incident Creation for exclude-app",
                "enabled": false,
                "query": "let DSSearchLight_view  = view () { DigitalShadows_CL | where app_s == \"exclude\" | extend EventVendor=\"Digital Shadows\", EventProduct=\"SearchLight\",Type=\"DigitalShadows_CL\",EventStartTime=raised_t,EventMessage=title_s,EventOriginalUid=triage_id_g,EventOriginalType=classification_s | extend EventOriginalSeverity=iif(isempty(risk_level_s), risk_assessment_risk_level_s, risk_level_s) | extend EventSeverity = case(EventOriginalSeverity == 'none', 'Informational', EventOriginalSeverity == 'very-low', 'Low',EventOriginalSeverity == 'low', 'Low',EventOriginalSeverity == 'medium', 'Medium',EventOriginalSeverity == 'high', 'High',EventOriginalSeverity == 'very-high', 'High','Informational') | extend EventReportUrl=iif(isempty(id_d), strcat('https://portal-digitalshadows.com/triage/alerts/',portal_id_s),strcat('https://portal-digitalshadows.com/triage/alert-incidents/',id_d)) | extend AdditionalFields = pack(\"assets\", assets_s, \"comments\", comments_s, \"description\", description_s, \"incident_id\", id_d, \"alert_id\", id_g, \"short_code\", portal_id_s, \"impact\", impact_description_s, \"mitigation\", mitigation_s, \"risk_factors\", risk_factors_s, \"triage_status\", status_s, \"triage_id\", triage_id_g, \"triage_raised\", triage_raised_time_t,\"triage_updated\", triage_updated_time_t, \"updated\", updated_t) | project TimeGenerated, EventVendor,EventProduct, Type, EventStartTime,EventMessage, EventOriginalUid, EventOriginalType,EventOriginalSeverity, EventSeverity, EventReportUrl,AdditionalFields};DSSearchLight_view | summarize arg_max(TimeGenerated, *) by EventOriginalUid | extend description = AdditionalFields.description | extend impact = AdditionalFields.impact | extend mitigation = AdditionalFields.mitigation | extend status = AdditionalFields.triage_status | extend comments = AdditionalFields.comments",
                "queryFrequency": "PT5M",
                "queryPeriod": "PT6M",
                "severity": "Medium",
                "suppressionDuration": "PT1H",
                "suppressionEnabled": false,
                "triggerOperator": "GreaterThan",
                "triggerThreshold": 0,
                "status": "Available",
                "requiredDataConnectors": [
                  {
                    "connectorId": "DigitalShadows",
                    "dataTypes": [
                      "DigitalShadows_CL"
                    ]
                  }
                ],
                "eventGroupingSettings": {
                  "aggregationKind": "AlertPerResult"
                },
                "customDetails": {
                  "status": "status",
                  "mitigation": "mitigation",
                  "description": "description",
                  "triage_id": "[variables('_triage_id')]",
                  "severity": "EventOriginalSeverity",
                  "impact": "impact"
                },
                "alertDetailsOverride": {
                  "alertDescriptionFormat": "{{description}}\n\n{{impact}}\n\n{{mitigation}}",
                  "alertDisplayNameFormat": "Digital Shadows - {{EventMessage}}",
                  "alertSeverityColumnName": "EventSeverity"
                },
                "incidentConfiguration": {
                  "createIncident": true,
                  "groupingConfiguration": {
                    "lookbackDuration": "7d",
                    "groupByCustomDetails": [
                      "triage_id"
                    ],
                    "matchingMethod": "Selected",
                    "reopenClosedIncident": true,
                    "enabled": true
                  }
                }
              }
            },
            {
              "type": "Microsoft.OperationalInsights/workspaces/providers/metadata",
              "apiVersion": "2022-01-01-preview",
              "name": "[concat(parameters('workspace'),'/Microsoft.SecurityInsights/',concat('AnalyticsRule-', last(split(variables('analyticRuleId1'),'/'))))]",
              "properties": {
                "description": "Digital Shadows Analytics Rule 1",
                "parentId": "[variables('analyticRuleId1')]",
                "contentId": "[variables('_analyticRulecontentId1')]",
                "kind": "AnalyticsRule",
                "version": "[variables('analyticRuleVersion1')]",
                "source": {
                  "kind": "Solution",
                  "name": "Digital Shadows",
                  "sourceId": "[variables('_solutionId')]"
                },
                "author": {
                  "name": "Digital Shadows",
                  "email": "[variables('_email')]"
                },
                "support": {
                  "tier": "Partner",
                  "name": "Digital Shadows",
                  "email": "support@digitalshadows.com",
                  "link": "https://www.digitalshadows.com/"
                }
              }
            }
          ]
        }
      }
    },
    {
      "type": "Microsoft.Resources/templateSpecs",
      "apiVersion": "2021-05-01",
      "name": "[variables('analyticRuleTemplateSpecName2')]",
      "location": "[parameters('workspace-location')]",
      "tags": {
        "hidden-sentinelWorkspaceId": "[variables('workspaceResourceId')]",
        "hidden-sentinelContentType": "AnalyticsRule"
      },
      "properties": {
        "description": "Digital Shadows Analytics Rule 2 with template",
        "displayName": "Digital Shadows Analytics Rule template"
      }
    },
    {
      "type": "Microsoft.Resources/templateSpecs/versions",
      "apiVersion": "2021-05-01",
      "name": "[concat(variables('analyticRuleTemplateSpecName2'),'/',variables('analyticRuleVersion2'))]",
      "location": "[parameters('workspace-location')]",
      "tags": {
        "hidden-sentinelWorkspaceId": "[variables('workspaceResourceId')]",
        "hidden-sentinelContentType": "AnalyticsRule"
      },
      "dependsOn": [
        "[resourceId('Microsoft.Resources/templateSpecs', variables('analyticRuleTemplateSpecName2'))]"
      ],
      "properties": {
        "description": "Digital_Shadows_incident_creation_include_AnalyticalRules Analytics Rule with template version 2.0.1",
        "mainTemplate": {
          "$schema": "https://schema.management.azure.com/schemas/2019-04-01/deploymentTemplate.json#",
          "contentVersion": "[variables('analyticRuleVersion2')]",
          "parameters": {},
          "variables": {},
          "resources": [
            {
              "type": "Microsoft.SecurityInsights/AlertRuleTemplates",
              "name": "[variables('AnalyticRulecontentId2')]",
              "apiVersion": "2022-04-01-preview",
              "kind": "Scheduled",
              "location": "[parameters('workspace-location')]",
              "properties": {
                "description": "Digital Shadows Analytic rule for generating Microsoft Sentinel incidents for the data ingested by app polling for included classifications",
                "displayName": "Digital Shadows Incident Creation for include-app",
                "enabled": false,
                "query": "let DSSearchLight_view  = view () { DigitalShadows_CL | where app_s == \"include\" | extend EventVendor=\"Digital Shadows\", EventProduct=\"SearchLight\",Type=\"DigitalShadows_CL\",EventStartTime=raised_t,EventMessage=title_s,EventOriginalUid=triage_id_g,EventOriginalType=classification_s | extend EventOriginalSeverity=iif(isempty(risk_level_s), risk_assessment_risk_level_s, risk_level_s) | extend EventSeverity = case(EventOriginalSeverity == 'none', 'Informational', EventOriginalSeverity == 'very-low', 'Low',EventOriginalSeverity == 'low', 'Low',EventOriginalSeverity == 'medium', 'Medium',EventOriginalSeverity == 'high', 'High',EventOriginalSeverity == 'very-high', 'High','Informational') | extend EventReportUrl=iif(isempty(id_d), strcat('https://portal-digitalshadows.com/triage/alerts/',portal_id_s),strcat('https://portal-digitalshadows.com/triage/alert-incidents/',id_d)) | extend AdditionalFields = pack(\"assets\", assets_s, \"comments\", comments_s, \"description\", description_s, \"incident_id\", id_d, \"alert_id\", id_g, \"short_code\", portal_id_s, \"impact\", impact_description_s, \"mitigation\", mitigation_s, \"risk_factors\", risk_factors_s, \"triage_status\", status_s, \"triage_id\", triage_id_g, \"triage_raised\", triage_raised_time_t,\"triage_updated\", triage_updated_time_t, \"updated\", updated_t) | project TimeGenerated, EventVendor,EventProduct, Type, EventStartTime,EventMessage, EventOriginalUid, EventOriginalType,EventOriginalSeverity, EventSeverity, EventReportUrl,AdditionalFields};DSSearchLight_view | summarize arg_max(TimeGenerated, *) by EventOriginalUid | extend description = AdditionalFields.description | extend impact = AdditionalFields.impact | extend mitigation = AdditionalFields.mitigation | extend status = AdditionalFields.triage_status | extend comments = AdditionalFields.comments",
                "queryFrequency": "PT5M",
                "queryPeriod": "PT6M",
                "severity": "Medium",
                "suppressionDuration": "PT1H",
                "suppressionEnabled": false,
                "triggerOperator": "GreaterThan",
                "triggerThreshold": 0,
                "status": "Available",
                "requiredDataConnectors": [
                  {
                    "connectorId": "DigitalShadows",
                    "dataTypes": [
                      "DigitalShadows_CL"
                    ]
                  }
                ],
                "eventGroupingSettings": {
                  "aggregationKind": "AlertPerResult"
                },
                "customDetails": {
                  "status": "status",
                  "mitigation": "mitigation",
                  "description": "description",
                  "triage_id": "[variables('_triage_id')]",
                  "severity": "EventOriginalSeverity",
                  "impact": "impact"
                },
                "alertDetailsOverride": {
                  "alertDescriptionFormat": "{{description}}\n\n{{impact}}\n\n{{mitigation}}",
                  "alertDisplayNameFormat": "Digital Shadows - {{EventMessage}}",
                  "alertSeverityColumnName": "EventSeverity"
                },
                "incidentConfiguration": {
                  "createIncident": true,
                  "groupingConfiguration": {
                    "lookbackDuration": "7d",
                    "groupByCustomDetails": [
                      "triage_id"
                    ],
                    "matchingMethod": "Selected",
                    "reopenClosedIncident": true,
                    "enabled": true
                  }
                }
              }
            },
            {
              "type": "Microsoft.OperationalInsights/workspaces/providers/metadata",
              "apiVersion": "2022-01-01-preview",
              "name": "[concat(parameters('workspace'),'/Microsoft.SecurityInsights/',concat('AnalyticsRule-', last(split(variables('analyticRuleId2'),'/'))))]",
              "properties": {
                "description": "Digital Shadows Analytics Rule 2",
                "parentId": "[variables('analyticRuleId2')]",
                "contentId": "[variables('_analyticRulecontentId2')]",
                "kind": "AnalyticsRule",
                "version": "[variables('analyticRuleVersion2')]",
                "source": {
                  "kind": "Solution",
                  "name": "Digital Shadows",
                  "sourceId": "[variables('_solutionId')]"
                },
                "author": {
                  "name": "Digital Shadows",
                  "email": "[variables('_email')]"
                },
                "support": {
                  "tier": "Partner",
                  "name": "Digital Shadows",
                  "email": "support@digitalshadows.com",
                  "link": "https://www.digitalshadows.com/"
                }
              }
            }
          ]
        }
      }
    },
    {
      "type": "Microsoft.Resources/templateSpecs",
      "apiVersion": "2021-05-01",
      "name": "[variables('playbookTemplateSpecName1')]",
      "location": "[parameters('workspace-location')]",
      "tags": {
        "hidden-sentinelWorkspaceId": "[variables('workspaceResourceId')]",
        "hidden-sentinelContentType": "Playbook"
      },
      "properties": {
        "description": "DigitalShadowsPlaybook-UpdateIncidentStatus playbook",
        "displayName": "DigitalShadowsPlaybook-UpdateIncidentStatus playbook"
      }
    },
    {
      "type": "Microsoft.Resources/templateSpecs/versions",
      "apiVersion": "2021-05-01",
      "name": "[concat(variables('playbookTemplateSpecName1'),'/',variables('playbookVersion1'))]",
      "location": "[parameters('workspace-location')]",
      "tags": {
        "hidden-sentinelWorkspaceId": "[variables('workspaceResourceId')]",
        "hidden-sentinelContentType": "Playbook"
      },
      "dependsOn": [
        "[resourceId('Microsoft.Resources/templateSpecs', variables('playbookTemplateSpecName1'))]"
      ],
      "properties": {
        "description": "DigitalShadowsPlaybook-UpdateIncidentStatus Playbook with template version 2.0.1",
        "mainTemplate": {
          "$schema": "https://schema.management.azure.com/schemas/2019-04-01/deploymentTemplate.json#",
          "contentVersion": "[variables('playbookVersion1')]",
          "parameters": {
            "PlaybookName": {
              "defaultValue": "DigitalShadowsPlaybook-UpdateIncidentStatus",
              "type": "string"
            }
          },
          "variables": {
            "azuresentinelConnectionName": "[[concat('azuresentinel-', parameters('PlaybookName'))]",
            "connection-2": "[[concat('/subscriptions/', subscription().subscriptionId, '/providers/Microsoft.Web/locations/', variables('workspace-location-inline'), '/managedApis/azuresentinel')]",
            "_connection-2": "[[variables('connection-2')]",
            "workspace-location-inline": "[concat('[resourceGroup().locatio', 'n]')]",
            "workspace-name": "[parameters('workspace')]",
            "workspaceResourceId": "[[resourceId('microsoft.OperationalInsights/Workspaces', variables('workspace-name'))]"
          },
          "resources": [
            {
              "properties": {
                "state": "Enabled",
                "definition": {
                  "$schema": "https://schema.management.azure.com/providers/Microsoft.Logic/schemas/2016-06-01/workflowdefinition.json#",
                  "contentVersion": "1.0.0.0",
                  "parameters": {
                    "$connections": {
                      "type": "Object"
                    }
                  },
                  "triggers": {
                    "When_a_response_to_an_Azure_Sentinel_alert_is_triggered": {
                      "type": "ApiConnectionWebhook",
                      "inputs": {
                        "body": {
                          "callback_url": "@{listCallbackUrl()}"
                        },
                        "host": {
                          "connection": {
                            "name": "@parameters('$connections')['azuresentinel']['connectionId']"
                          }
                        },
                        "path": "/subscribe"
                      }
                    }
                  },
                  "actions": {
                    "Alert_-_Get_incident": {
                      "runAfter": {
                        "Delay": [
                          "Succeeded"
                        ]
                      },
                      "type": "ApiConnection",
                      "inputs": {
                        "host": {
                          "connection": {
                            "name": "@parameters('$connections')['azuresentinel']['connectionId']"
                          }
                        },
                        "method": "get",
                        "path": "/Incidents/subscriptions/@{encodeURIComponent(triggerBody()?['WorkspaceSubscriptionId'])}/resourceGroups/@{encodeURIComponent(triggerBody()?['WorkspaceResourceGroup'])}/workspaces/@{encodeURIComponent(triggerBody()?['WorkspaceId'])}/alerts/@{encodeURIComponent(triggerBody()?['SystemAlertId'])}"
                      }
                    },
                    "Condition_4": {
                      "actions": {
                        "Update_incident": {
                          "type": "ApiConnection",
                          "inputs": {
                            "body": {
                              "classification": {
                                "ClassificationAndReason": "Undetermined",
                                "ClassificationReasonText": "Sync in Sentinel-DS playbook"
                              },
                              "incidentArmId": "@body('Alert_-_Get_incident')?['id']",
                              "status": "Closed"
                            },
                            "host": {
                              "connection": {
                                "name": "@parameters('$connections')['azuresentinel']['connectionId']"
                              }
                            },
                            "method": "put",
                            "path": "/Incidents"
                          }
                        }
                      },
                      "runAfter": {
                        "For_each_4": [
                          "Succeeded"
                        ]
                      },
                      "else": {
                        "actions": {
                          "Condition_5": {
                            "actions": {
                              "Update_incident_2": {
                                "type": "ApiConnection",
                                "inputs": {
                                  "body": {
                                    "incidentArmId": "@body('Alert_-_Get_incident')?['id']",
                                    "status": "Active"
                                  },
                                  "host": {
                                    "connection": {
                                      "name": "@parameters('$connections')['azuresentinel']['connectionId']"
                                    }
                                  },
                                  "method": "put",
                                  "path": "/Incidents"
                                }
                              }
                            },
                            "else": {
                              "actions": {
                                "Update_incident_3": {
                                  "type": "ApiConnection",
                                  "inputs": {
                                    "body": {
                                      "incidentArmId": "@body('Alert_-_Get_incident')?['id']",
                                      "status": "New"
                                    },
                                    "host": {
                                      "connection": {
                                        "name": "@parameters('$connections')['azuresentinel']['connectionId']"
                                      }
                                    },
                                    "method": "put",
                                    "path": "/Incidents"
                                  }
                                }
                              }
                            },
                            "expression": {
                              "and": [
                                {
                                  "contains": [
                                    "@variables('status')",
                                    "open"
                                  ]
                                }
                              ]
                            },
                            "type": "If"
                          }
                        }
                      },
                      "expression": {
                        "or": [
                          {
                            "contains": [
                              "@variables('status')",
                              "closed"
                            ]
                          },
                          {
                            "contains": [
                              "@variables('status')",
                              "resolved"
                            ]
                          },
                          {
                            "contains": [
                              "@variables('status')",
                              "rejected"
                            ]
                          }
                        ]
                      },
                      "type": "If"
                    },
                    "Delay": {
                      "type": "Wait",
                      "inputs": {
                        "interval": {
                          "count": 5,
                          "unit": "Second"
                        }
                      }
                    },
                    "For_each_4": {
                      "foreach": "@variables('state')",
                      "actions": {
                        "Set_variable_4": {
                          "type": "SetVariable",
                          "inputs": {
                            "name": "status",
                            "value": "@string(item())"
                          }
                        }
                      },
                      "runAfter": {
                        "Initialize_variable_5": [
                          "Succeeded"
                        ]
                      },
                      "type": "Foreach"
                    },
                    "Initialize_variable_3": {
                      "runAfter": {
                        "Parse_JSON_2": [
                          "Succeeded"
                        ]
                      },
                      "type": "InitializeVariable",
                      "inputs": {
                        "variables": [
                          {
                            "name": "state",
                            "type": "array",
                            "value": "@body('Parse_JSON_2')?['status']"
                          }
                        ]
                      }
                    },
                    "Initialize_variable_5": {
                      "runAfter": {
                        "Initialize_variable_3": [
                          "Succeeded"
                        ]
                      },
                      "type": "InitializeVariable",
                      "inputs": {
                        "variables": [
                          {
                            "name": "status",
                            "type": "string"
                          }
                        ]
                      }
                    },
                    "Parse_JSON": {
                      "runAfter": {
                        "Alert_-_Get_incident": [
                          "Succeeded"
                        ]
                      },
                      "type": "ParseJson",
                      "inputs": {
                        "content": "@triggerBody()?['ExtendedProperties']",
                        "schema": {
                          "properties": {
                            "Custom Details": {
                              "type": "string"
                            }
                          },
                          "type": "object"
                        }
                      }
                    },
                    "Parse_JSON_2": {
                      "runAfter": {
                        "Parse_JSON": [
                          "Succeeded"
                        ]
                      },
                      "type": "ParseJson",
                      "inputs": {
                        "content": "@body('Parse_JSON')?['Custom Details']",
                        "schema": {
                          "properties": {
                            "alert_id": {
                              "items": {
                                "type": "string"
                              },
                              "type": "array"
                            },
                            "description": {
                              "items": {
                                "type": "string"
                              },
                              "type": "array"
                            },
                            "impact_description": {
                              "items": {
                                "type": "string"
                              },
                              "type": "array"
                            },
                            "incident_id": {
                              "items": {
                                "type": "string"
                              },
                              "type": "array"
                            },
                            "mitigation": {
                              "items": {
                                "type": "string"
                              },
                              "type": "array"
                            },
                            "risk_alert": {
                              "items": {
                                "type": "string"
                              },
                              "type": "array"
                            },
                            "risk_incident": {
                              "items": {
                                "type": "string"
                              },
                              "type": "array"
                            },
                            "status": {
                              "items": {
                                "type": "string"
                              },
                              "type": "array"
                            },
                            "triage_id": {
                              "items": {
                                "type": "string"
                              },
                              "type": "array"
                            }
                          },
                          "type": "object"
                        }
                      }
                    }
                  }
                },
                "parameters": {
                  "$connections": {
                    "value": {
                      "azuresentinel": {
                        "connectionId": "[[resourceId('Microsoft.Web/connections', variables('azuresentinelConnectionName'))]",
                        "connectionName": "[[variables('azuresentinelConnectionName')]",
                        "id": "[[concat('/subscriptions/', subscription().subscriptionId, '/providers/Microsoft.Web/locations/', variables('workspace-location-inline'), '/managedApis/azuresentinel')]",
                        "connectionProperties": {
                          "authentication": {
                            "type": "ManagedServiceIdentity"
                          }
                        }
                      }
                    }
                  }
                }
              },
              "name": "[[parameters('PlaybookName')]",
              "type": "Microsoft.Logic/workflows",
              "location": "[[variables('workspace-location-inline')]",
              "tags": {
                "hidden-SentinelTemplateName": "DigitalShadowsPlaybook-UpdateIncidentStatus",
                "hidden-SentinelTemplateVersion": "1.0",
                "hidden-SentinelWorkspaceId": "[[variables('workspaceResourceId')]"
              },
              "identity": {
                "type": "SystemAssigned"
              },
              "apiVersion": "2017-07-01",
              "dependsOn": [
                "[[resourceId('Microsoft.Web/connections', variables('azuresentinelConnectionName'))]"
              ]
            },
            {
              "type": "Microsoft.Web/connections",
              "apiVersion": "2016-06-01",
              "name": "[[variables('azuresentinelConnectionName')]",
              "location": "[[variables('workspace-location-inline')]",
              "kind": "V1",
              "properties": {
                "displayName": "[[variables('azuresentinelConnectionName')]",
                "parameterValueType": "Alternative",
                "api": {
                  "id": "[[variables('_connection-2')]"
                }
              }
            },
            {
              "type": "Microsoft.OperationalInsights/workspaces/providers/metadata",
              "apiVersion": "2022-01-01-preview",
              "name": "[concat(parameters('workspace'),'/Microsoft.SecurityInsights/',concat('Playbook-', last(split(variables('playbookId1'),'/'))))]",
              "properties": {
                "parentId": "[variables('playbookId1')]",
                "contentId": "[variables('_playbookContentId1')]",
                "kind": "Playbook",
                "version": "[variables('playbookVersion1')]",
                "source": {
                  "kind": "Solution",
                  "name": "Digital Shadows",
                  "sourceId": "[variables('_solutionId')]"
                },
                "author": {
                  "name": "Digital Shadows",
                  "email": "[variables('_email')]"
                },
                "support": {
                  "tier": "Partner",
                  "name": "Digital Shadows",
                  "email": "support@digitalshadows.com",
                  "link": "https://www.digitalshadows.com/"
                }
              }
            }
          ],
          "metadata": {
            "title": "Digital Shadows Playbook to Update Incident Status",
            "description": "This playbook will update the status of Microsoft Sentinel incidents to match the status of the alerts imported from Digital Shadows SearchLight",
            "mainSteps": [
              "1. This playbook triggers when a Microsoft Sentinel Alert is created by the Digital Shadows Data Connector",
              "2. The status of the inbound Digital Shadows alert is inspected and the Microsoft Sentinel Incident status is updated to match"
            ],
            "prerequisites": [
              "The Digital Shadows Data Connector is deployed on your environment"
            ],
            "lastUpdateTime": "2022-04-06T00:00:00Z",
            "tags": [
              "Sync"
            ],
            "releaseNotes": {
              "version": "1.0",
              "title": "[variables('blanks')]",
              "notes": [
                "Initial version"
              ]
            }
          }
        }
      }
    },
    {
      "type": "Microsoft.Resources/templateSpecs",
      "apiVersion": "2021-05-01",
      "name": "[variables('dataConnectorTemplateSpecName1')]",
      "location": "[parameters('workspace-location')]",
      "tags": {
        "hidden-sentinelWorkspaceId": "[variables('workspaceResourceId')]",
        "hidden-sentinelContentType": "DataConnector"
      },
      "properties": {
        "description": "Digital Shadows data connector with template",
        "displayName": "Digital Shadows template"
      }
    },
    {
      "type": "Microsoft.Resources/templateSpecs/versions",
      "apiVersion": "2021-05-01",
      "name": "[concat(variables('dataConnectorTemplateSpecName1'),'/',variables('dataConnectorVersion1'))]",
      "location": "[parameters('workspace-location')]",
      "tags": {
        "hidden-sentinelWorkspaceId": "[variables('workspaceResourceId')]",
        "hidden-sentinelContentType": "DataConnector"
      },
      "dependsOn": [
        "[resourceId('Microsoft.Resources/templateSpecs', variables('dataConnectorTemplateSpecName1'))]"
      ],
      "properties": {
        "description": "Digital Shadows data connector with template version 2.0.1",
        "mainTemplate": {
          "$schema": "https://schema.management.azure.com/schemas/2019-04-01/deploymentTemplate.json#",
          "contentVersion": "[variables('dataConnectorVersion1')]",
          "parameters": {},
          "variables": {},
          "resources": [
            {
              "name": "[concat(parameters('workspace'),'/Microsoft.SecurityInsights/',variables('_dataConnectorContentId1'))]",
              "apiVersion": "2021-03-01-preview",
              "type": "Microsoft.OperationalInsights/workspaces/providers/dataConnectors",
              "location": "[parameters('workspace-location')]",
              "kind": "GenericUI",
              "properties": {
                "connectorUiConfig": {
                  "id": "[variables('_uiConfigId1')]",
                  "title": "Digital Shadows Searchlight (using Azure Function)",
                  "publisher": "Digital Shadows",
                  "descriptionMarkdown": "The Digital Shadows data connector provides ingestion of the incidents and alerts from Digital Shadows Searchlight into the Microsoft Sentinel using the REST API. The connector will provide the incidents and alerts information such that it helps to examine, diagnose and analyse the potential security risks and threats.",
                  "graphQueries": [
                    {
                      "metricName": "Total data received",
                      "legend": "DigitalShadows_CL",
                      "baseQuery": "DigitalShadows_CL"
                    }
                  ],
                  "sampleQueries": [
                    {
                      "description": "All Digital Shadows incidents and alerts ordered by time most recently raised",
                      "query": "DigitalShadows_CL | order by raised_t desc"
                    }
                  ],
                  "dataTypes": [
                    {
                      "name": "DigitalShadows_CL",
                      "lastDataReceivedQuery": "DigitalShadows_CL\n            | summarize Time = max(TimeGenerated)\n            | where isnotempty(Time)"
                    }
                  ],
                  "connectivityCriterias": [
                    {
                      "type": "IsConnectedQuery",
                      "value": [
                        "DigitalShadows_CL\n            | summarize LastLogReceived = max(TimeGenerated)\n            | project IsConnected = LastLogReceived > ago(30d)"
                      ]
                    }
                  ],
                  "availability": {
                    "status": 1,
                    "isPreview": false
                  },
                  "permissions": {
                    "resourceProvider": [
                      {
                        "provider": "Microsoft.OperationalInsights/workspaces",
                        "permissionsDisplayText": "read and write permissions on the workspace are required.",
                        "providerDisplayName": "Workspace",
                        "scope": "Workspace",
                        "requiredPermissions": {
                          "write": true,
                          "read": true,
                          "delete": true
                        }
                      },
                      {
                        "provider": "Microsoft.OperationalInsights/workspaces/sharedKeys",
                        "permissionsDisplayText": "read permissions to shared keys for the workspace are required. [See the documentation to learn more about workspace keys](https://docs.microsoft.com/azure/azure-monitor/platform/agent-windows#obtain-workspace-id-and-key).",
                        "providerDisplayName": "Keys",
                        "scope": "Workspace",
                        "requiredPermissions": {
                          "action": true
                        }
                      }
                    ],
                    "customs": [
                      {
                        "name": "Microsoft.Web/sites permissions",
                        "description": "Read and write permissions to Azure Functions to create a Function App is required. [See the documentation to learn more about Azure Functions](https://docs.microsoft.com/azure/azure-functions/)."
                      },
                      {
                        "name": "REST API Credentials/permissions",
                        "description": "**Digital Shadows account ID, secret and key** is required.  See the documentation to learn more about API on the `https://portal-digitalshadows.com/learn/searchlight-api/overview/description`."
                      }
                    ]
                  },
                  "instructionSteps": [
                    {
                      "description": ">**NOTE:** This connector uses Azure Functions to connect to a 'Digital Shadows Searchlight' to pull its logs into Microsoft Sentinel. This might result in additional data ingestion costs. Check the [Azure Functions pricing page](https://azure.microsoft.com/pricing/details/functions/) for details."
                    },
                    {
                      "description": ">**(Optional Step)** Securely store workspace and API authorization key(s) or token(s) in Azure Key Vault. Azure Key Vault provides a secure mechanism to store and retrieve key values. [Follow these instructions](https://docs.microsoft.com/azure/app-service/app-service-key-vault-references) to use Azure Key Vault with an Azure Function App."
                    },
                    {
                      "description": "**STEP 1 - Configuration steps for the 'Digital Shadows Searchlight' API**\n\nThe provider should provide or link to detailed steps to configure the 'Digital Shadows Searchlight' API endpoint so that the Azure Function can authenticate to it successfully, get its authorization key or token, and pull the appliance's logs into Microsoft Sentinel."
                    },
                    {
                      "description": "**STEP 2 - Choose ONE from the following two deployment options to deploy the connector and the associated Azure Function**\n\n>**IMPORTANT:** Before deploying the 'Digital Shadows Searchlight' connector, have the Workspace ID  and Workspace Primary Key (can be copied from the following), as well as the 'Digital Shadows Searchlight' API authorization key(s) or Token, readily available.",
                      "instructions": [
                        {
                          "parameters": {
                            "fillWith": [
                              "WorkspaceId"
                            ],
                            "label": "Workspace ID"
                          },
                          "type": "CopyableLabel"
                        },
                        {
                          "parameters": {
                            "fillWith": [
                              "PrimaryKey"
                            ],
                            "label": "Primary Key"
                          },
                          "type": "CopyableLabel"
                        }
                      ]
                    },
                    {
                      "description": "**Option 1 - Azure Resource Manager (ARM) Template**\n\nUse this method for automated deployment of the 'Digital Shadows Searchlight' connector.\n\n1. Click the **Deploy to Azure** button below. \n\n\t[![Deploy To Azure](https://aka.ms/deploytoazurebutton)](https://aka.ms/sentinel-Digitalshadows-azuredeploy)\n2. Select the preferred **Subscription**, **Resource Group** and **Location**. \n3. Enter the **Workspace ID**, **Workspace Key**, **API Username**, **API Password**, 'and/or Other required fields'. \n>Note: If using Azure Key Vault secrets for any of the values above, use the`@Microsoft.KeyVault(SecretUri={Security Identifier})`schema in place of the string values. Refer to [Key Vault references documentation](https://docs.microsoft.com/azure/app-service/app-service-key-vault-references) for further details. \n4. Mark the checkbox labeled **I agree to the terms and conditions stated above**. \n5. Click **Purchase** to deploy."
                    },
                    {
                      "description": "**Option 2 - Manual Deployment of Azure Functions**\n\n Use the following step-by-step instructions to deploy the 'Digital Shadows Searchlight' connector manually with Azure Functions."
                    },
                    {
                      "description": "1.  From the Azure Portal, navigate to [Function App](https://portal.azure.com/#blade/HubsExtension/BrowseResource/resourceType/Microsoft.Web%2Fsites/kind/functionapp).\n2. Click **+ Add** at the top.\n3. In the **Basics** tab, ensure Runtime stack is set to **'Add Required Language'**. \n4. In the **Hosting** tab, ensure **Plan type** is set to **'Add Plan Type'**.\n5. 'Add other required configurations'. \n5. 'Make other preferable configuration changes', if needed, then click **Create**.",
                      "title": "1. Create a Function App"
                    },
                    {
                      "description": "1. In the newly created Function App, select **Functions** from the navigation menu and click **+ Add**.\n2. Select **Timer Trigger**.\n3. Enter a unique Function **Name** in the New Function field and leave the default cron schedule of every 5 minutes, then click **Create Function**.\n4. Click on the function name and click **Code + Test** from the left pane.\n5. Copy the [Function App Code](<Add GitHub link to Function App code>) and paste into the Function App `run.ps1` editor.\n6. Click **Save**.",
                      "title": "2. Import Function App Code"
                    },
                    {
                      "description": "1. In the Function App screen, click the Function App name and select **Configuration**.\n2. In the **Application settings** tab, select **+ New application setting**.\n3. Add each of the following 'x (number of)' application settings individually, under Name, with their respective string values (case-sensitive) under Value: \n\t\tapiUsername\n\t\tapipassword\n\t\tapiToken\n\t\tworkspaceID\n\t\tworkspaceKey\n\t\turi\n\t\tlogAnalyticsUri (optional)\n(add any other settings required by the Function App)\nSet the `uri` value to: `<add uri value>` \n>Note: If using Azure Key Vault secrets for any of the values above, use the`@Microsoft.KeyVault(SecretUri={Security Identifier})`schema in place of the string values. Refer to [Azure Key Vault references documentation](https://docs.microsoft.com/azure/app-service/app-service-key-vault-references) for further details.\n - Use logAnalyticsUri to override the log analytics API endpoint for dedicated cloud. For example, for public cloud, leave the value empty; for Azure GovUS cloud environment, specify the value in the following format: https://<CustomerId>.ods.opinsights.azure.us. \n4. Once all application settings have been entered, click **Save**.",
                      "title": "3. Configure the Function App"
                    }
                  ],
                  "metadata": {
                    "id": "c3b8e8cd-8e7e-4381-99da-3a158c502749",
                    "version": "1.0.0",
                    "kind": "dataConnector",
                    "source": {
                      "kind": "solution",
                      "name": "Digital Shadows Searchlight"
                    },
                    "author": {
                      "name": "Digital Shadows"
                    },
                    "support": {
                      "tier": "developer",
                      "name": "Digital Shadows",
                      "email": "support@digitalshadows.com"
                    }
                  }
                }
              }
            },
            {
              "type": "Microsoft.OperationalInsights/workspaces/providers/metadata",
              "apiVersion": "2022-01-01-preview",
              "name": "[concat(parameters('workspace'),'/Microsoft.SecurityInsights/',concat('DataConnector-', last(split(variables('_dataConnectorId1'),'/'))))]",
              "properties": {
                "parentId": "[extensionResourceId(resourceId('Microsoft.OperationalInsights/workspaces', parameters('workspace')), 'Microsoft.SecurityInsights/dataConnectors', variables('_dataConnectorContentId1'))]",
                "contentId": "[variables('_dataConnectorContentId1')]",
                "kind": "DataConnector",
                "version": "[variables('dataConnectorVersion1')]",
                "source": {
                  "kind": "Solution",
                  "name": "Digital Shadows",
                  "sourceId": "[variables('_solutionId')]"
                },
                "author": {
                  "name": "Digital Shadows",
                  "email": "[variables('_email')]"
                },
                "support": {
                  "tier": "Partner",
                  "name": "Digital Shadows",
                  "email": "support@digitalshadows.com",
                  "link": "https://www.digitalshadows.com/"
                }
              }
            }
          ]
        }
      }
    },
    {
      "type": "Microsoft.OperationalInsights/workspaces/providers/metadata",
      "apiVersion": "2022-01-01-preview",
      "name": "[concat(parameters('workspace'),'/Microsoft.SecurityInsights/',concat('DataConnector-', last(split(variables('_dataConnectorId1'),'/'))))]",
      "dependsOn": [
        "[variables('_dataConnectorId1')]"
      ],
      "location": "[parameters('workspace-location')]",
      "properties": {
        "parentId": "[extensionResourceId(resourceId('Microsoft.OperationalInsights/workspaces', parameters('workspace')), 'Microsoft.SecurityInsights/dataConnectors', variables('_dataConnectorContentId1'))]",
        "contentId": "[variables('_dataConnectorContentId1')]",
        "kind": "DataConnector",
        "version": "[variables('dataConnectorVersion1')]",
        "source": {
          "kind": "Solution",
          "name": "Digital Shadows",
          "sourceId": "[variables('_solutionId')]"
        },
        "author": {
          "name": "Digital Shadows",
          "email": "[variables('_email')]"
        },
        "support": {
          "tier": "Partner",
          "name": "Digital Shadows",
          "email": "support@digitalshadows.com",
          "link": "https://www.digitalshadows.com/"
        }
      }
    },
    {
      "name": "[concat(parameters('workspace'),'/Microsoft.SecurityInsights/',variables('_dataConnectorContentId1'))]",
      "apiVersion": "2021-03-01-preview",
      "type": "Microsoft.OperationalInsights/workspaces/providers/dataConnectors",
      "location": "[parameters('workspace-location')]",
      "kind": "GenericUI",
      "properties": {
        "connectorUiConfig": {
          "title": "Digital Shadows Searchlight (using Azure Function)",
          "publisher": "Digital Shadows",
          "descriptionMarkdown": "The Digital Shadows data connector provides ingestion of the incidents and alerts from Digital Shadows Searchlight into the Microsoft Sentinel using the REST API. The connector will provide the incidents and alerts information such that it helps to examine, diagnose and analyse the potential security risks and threats.",
          "graphQueries": [
            {
              "metricName": "Total data received",
              "legend": "DigitalShadows_CL",
              "baseQuery": "DigitalShadows_CL"
            }
          ],
          "dataTypes": [
            {
              "name": "DigitalShadows_CL",
              "lastDataReceivedQuery": "DigitalShadows_CL\n            | summarize Time = max(TimeGenerated)\n            | where isnotempty(Time)"
            }
          ],
          "connectivityCriterias": [
            {
              "type": "IsConnectedQuery",
              "value": [
                "DigitalShadows_CL\n            | summarize LastLogReceived = max(TimeGenerated)\n            | project IsConnected = LastLogReceived > ago(30d)"
              ]
            }
          ],
          "sampleQueries": [
            {
              "description": "All Digital Shadows incidents and alerts ordered by time most recently raised",
              "query": "DigitalShadows_CL | order by raised_t desc"
            }
          ],
          "availability": {
            "status": 1,
            "isPreview": false
          },
          "permissions": {
            "resourceProvider": [
              {
                "provider": "Microsoft.OperationalInsights/workspaces",
                "permissionsDisplayText": "read and write permissions on the workspace are required.",
                "providerDisplayName": "Workspace",
                "scope": "Workspace",
                "requiredPermissions": {
                  "write": true,
                  "read": true,
                  "delete": true
                }
              },
              {
                "provider": "Microsoft.OperationalInsights/workspaces/sharedKeys",
                "permissionsDisplayText": "read permissions to shared keys for the workspace are required. [See the documentation to learn more about workspace keys](https://docs.microsoft.com/azure/azure-monitor/platform/agent-windows#obtain-workspace-id-and-key).",
                "providerDisplayName": "Keys",
                "scope": "Workspace",
                "requiredPermissions": {
                  "action": true
                }
              }
            ],
            "customs": [
              {
                "name": "Microsoft.Web/sites permissions",
                "description": "Read and write permissions to Azure Functions to create a Function App is required. [See the documentation to learn more about Azure Functions](https://docs.microsoft.com/azure/azure-functions/)."
              },
              {
                "name": "REST API Credentials/permissions",
                "description": "**Digital Shadows account ID, secret and key** is required.  See the documentation to learn more about API on the `https://portal-digitalshadows.com/learn/searchlight-api/overview/description`."
              }
            ]
          },
          "instructionSteps": [
            {
              "description": ">**NOTE:** This connector uses Azure Functions to connect to a 'Digital Shadows Searchlight' to pull its logs into Microsoft Sentinel. This might result in additional data ingestion costs. Check the [Azure Functions pricing page](https://azure.microsoft.com/pricing/details/functions/) for details."
            },
            {
              "description": ">**(Optional Step)** Securely store workspace and API authorization key(s) or token(s) in Azure Key Vault. Azure Key Vault provides a secure mechanism to store and retrieve key values. [Follow these instructions](https://docs.microsoft.com/azure/app-service/app-service-key-vault-references) to use Azure Key Vault with an Azure Function App."
            },
            {
              "description": "**STEP 1 - Configuration steps for the 'Digital Shadows Searchlight' API**\n\nThe provider should provide or link to detailed steps to configure the 'Digital Shadows Searchlight' API endpoint so that the Azure Function can authenticate to it successfully, get its authorization key or token, and pull the appliance's logs into Microsoft Sentinel."
            },
            {
              "description": "**STEP 2 - Choose ONE from the following two deployment options to deploy the connector and the associated Azure Function**\n\n>**IMPORTANT:** Before deploying the 'Digital Shadows Searchlight' connector, have the Workspace ID  and Workspace Primary Key (can be copied from the following), as well as the 'Digital Shadows Searchlight' API authorization key(s) or Token, readily available.",
              "instructions": [
                {
                  "parameters": {
                    "fillWith": [
                      "WorkspaceId"
                    ],
                    "label": "Workspace ID"
                  },
                  "type": "CopyableLabel"
                },
                {
                  "parameters": {
                    "fillWith": [
                      "PrimaryKey"
                    ],
                    "label": "Primary Key"
                  },
                  "type": "CopyableLabel"
                }
              ]
            },
            {
              "description": "**Option 1 - Azure Resource Manager (ARM) Template**\n\nUse this method for automated deployment of the 'Digital Shadows Searchlight' connector.\n\n1. Click the **Deploy to Azure** button below. \n\n\t[![Deploy To Azure](https://aka.ms/deploytoazurebutton)](https://aka.ms/sentinel-Digitalshadows-azuredeploy)\n2. Select the preferred **Subscription**, **Resource Group** and **Location**. \n3. Enter the **Workspace ID**, **Workspace Key**, **API Username**, **API Password**, 'and/or Other required fields'. \n>Note: If using Azure Key Vault secrets for any of the values above, use the`@Microsoft.KeyVault(SecretUri={Security Identifier})`schema in place of the string values. Refer to [Key Vault references documentation](https://docs.microsoft.com/azure/app-service/app-service-key-vault-references) for further details. \n4. Mark the checkbox labeled **I agree to the terms and conditions stated above**. \n5. Click **Purchase** to deploy."
            },
            {
              "description": "**Option 2 - Manual Deployment of Azure Functions**\n\n Use the following step-by-step instructions to deploy the 'Digital Shadows Searchlight' connector manually with Azure Functions."
            },
            {
              "description": "1.  From the Azure Portal, navigate to [Function App](https://portal.azure.com/#blade/HubsExtension/BrowseResource/resourceType/Microsoft.Web%2Fsites/kind/functionapp).\n2. Click **+ Add** at the top.\n3. In the **Basics** tab, ensure Runtime stack is set to **'Add Required Language'**. \n4. In the **Hosting** tab, ensure **Plan type** is set to **'Add Plan Type'**.\n5. 'Add other required configurations'. \n5. 'Make other preferable configuration changes', if needed, then click **Create**.",
              "title": "1. Create a Function App"
            },
            {
              "description": "1. In the newly created Function App, select **Functions** from the navigation menu and click **+ Add**.\n2. Select **Timer Trigger**.\n3. Enter a unique Function **Name** in the New Function field and leave the default cron schedule of every 5 minutes, then click **Create Function**.\n4. Click on the function name and click **Code + Test** from the left pane.\n5. Copy the [Function App Code](<Add GitHub link to Function App code>) and paste into the Function App `run.ps1` editor.\n6. Click **Save**.",
              "title": "2. Import Function App Code"
            },
            {
              "description": "1. In the Function App screen, click the Function App name and select **Configuration**.\n2. In the **Application settings** tab, select **+ New application setting**.\n3. Add each of the following 'x (number of)' application settings individually, under Name, with their respective string values (case-sensitive) under Value: \n\t\tapiUsername\n\t\tapipassword\n\t\tapiToken\n\t\tworkspaceID\n\t\tworkspaceKey\n\t\turi\n\t\tlogAnalyticsUri (optional)\n(add any other settings required by the Function App)\nSet the `uri` value to: `<add uri value>` \n>Note: If using Azure Key Vault secrets for any of the values above, use the`@Microsoft.KeyVault(SecretUri={Security Identifier})`schema in place of the string values. Refer to [Azure Key Vault references documentation](https://docs.microsoft.com/azure/app-service/app-service-key-vault-references) for further details.\n - Use logAnalyticsUri to override the log analytics API endpoint for dedicated cloud. For example, for public cloud, leave the value empty; for Azure GovUS cloud environment, specify the value in the following format: https://<CustomerId>.ods.opinsights.azure.us. \n4. Once all application settings have been entered, click **Save**.",
              "title": "3. Configure the Function App"
            }
          ],
          "id": "[variables('_uiConfigId1')]"
        }
      }
    },
    {
      "type": "Microsoft.OperationalInsights/workspaces/providers/metadata",
      "apiVersion": "2022-01-01-preview",
      "location": "[parameters('workspace-location')]",
      "properties": {
        "version": "2.0.1",
        "kind": "Solution",
        "contentSchemaVersion": "2.0.0",
        "contentId": "[variables('_solutionId')]",
        "parentId": "[variables('_solutionId')]",
        "source": {
          "kind": "Solution",
          "name": "Digital Shadows",
          "sourceId": "[variables('_solutionId')]"
        },
        "author": {
          "name": "Digital Shadows",
          "email": "[variables('_email')]"
        },
        "support": {
          "name": "Digital Shadows",
          "email": "support@digitalshadows.com",
          "tier": "Partner",
          "link": "https://www.digitalshadows.com/"
        },
        "dependencies": {
          "operator": "AND",
          "criteria": [
            {
              "kind": "Workbook",
              "contentId": "[variables('_workbookContentId1')]",
              "version": "[variables('workbookVersion1')]"
            },
            {
              "kind": "AnalyticsRule",
              "contentId": "[variables('analyticRulecontentId1')]",
              "version": "[variables('analyticRuleVersion1')]"
            },
            {
              "kind": "AnalyticsRule",
              "contentId": "[variables('analyticRulecontentId2')]",
              "version": "[variables('analyticRuleVersion2')]"
            },
            {
              "kind": "Playbook",
              "contentId": "[variables('_DigitalShadowsPlaybooktoUpdateIncidentStatus')]",
              "version": "[variables('playbookVersion1')]"
            },
            {
              "kind": "DataConnector",
              "contentId": "[variables('_dataConnectorContentId1')]",
              "version": "[variables('dataConnectorVersion1')]"
            }
          ]
        },
        "providers": [
          "DigitalShadows"
        ],
        "categories": {
          "domains": [
            "Security - Threat Intelligence"
          ]
        }
      },
      "name": "[concat(parameters('workspace'),'/Microsoft.SecurityInsights/', variables('_solutionId'))]"
    }
  ],
  "outputs": {}
}
