{
  "$schema": "https://schema.management.azure.com/schemas/2019-04-01/deploymentTemplate.json#",
  "contentVersion": "1.0.0.0",
  "metadata": {
    "author": "Thijs Xhaflaire - thijs.xhaflaire@jamf.com",
    "comments": "Solution template for Jamf Protect"
  },
  "parameters": {
    "location": {
      "type": "string",
      "minLength": 1,
      "defaultValue": "[resourceGroup().location]",
      "metadata": {
        "description": "Not used, but needed to pass arm-ttk test `Location-Should-Not-Be-Hardcoded`.  We instead use the `workspace-location` which is derived from the LA workspace"
      }
    },
    "workspace-location": {
      "type": "string",
      "defaultValue": "",
      "metadata": {
        "description": "[concat('Region to deploy solution resources -- separate from location selection',parameters('location'))]"
      }
    },
    "workspace": {
      "defaultValue": "",
      "type": "string",
      "metadata": {
        "description": "Workspace name for Log Analytics where Microsoft Sentinel is setup"
      }
    },
    "workbook1-name": {
      "type": "string",
      "defaultValue": "Jamf Protect Workbook",
      "minLength": 1,
      "metadata": {
        "description": "Name for the workbook"
      }
    }
  },
  "variables": {
    "solutionId": "jamf.jamf_protect",
    "_solutionId": "[variables('solutionId')]",
    "email": "thijs.xhaflaire@jamf.com",
    "_email": "[variables('email')]",
    "workbookVersion1": "2.0.0",
    "workbookContentId1": "JamfProtectWorkbook",
    "workbookId1": "[resourceId('Microsoft.Insights/workbooks', variables('workbookContentId1'))]",
    "workbookTemplateSpecName1": "[concat(parameters('workspace'),'-wb-',uniquestring(variables('_workbookContentId1')))]",
    "_workbookContentId1": "[variables('workbookContentId1')]",
    "workspaceResourceId": "[resourceId('microsoft.OperationalInsights/Workspaces', parameters('workspace'))]"
  },
  "resources": [
    {
      "type": "Microsoft.Resources/templateSpecs",
      "apiVersion": "2021-05-01",
      "name": "[variables('workbookTemplateSpecName1')]",
      "location": "[parameters('workspace-location')]",
      "tags": {
        "hidden-sentinelWorkspaceId": "[variables('workspaceResourceId')]",
        "hidden-sentinelContentType": "Workbook"
      },
      "properties": {
        "description": "Jamf Protect Workbook with template",
        "displayName": "Jamf Protect workbook template"
      }
    },
    {
      "type": "Microsoft.Resources/templateSpecs/versions",
      "apiVersion": "2021-05-01",
      "name": "[concat(variables('workbookTemplateSpecName1'),'/',variables('workbookVersion1'))]",
      "location": "[parameters('workspace-location')]",
      "tags": {
        "hidden-sentinelWorkspaceId": "[variables('workspaceResourceId')]",
        "hidden-sentinelContentType": "Workbook"
      },
      "dependsOn": [
        "[resourceId('Microsoft.Resources/templateSpecs', variables('workbookTemplateSpecName1'))]"
      ],
      "properties": {
        "description": "JamfProtectDashboardWorkbook Workbook with template version 2.0.0",
        "mainTemplate": {
          "$schema": "https://schema.management.azure.com/schemas/2019-04-01/deploymentTemplate.json#",
          "contentVersion": "[variables('workbookVersion1')]",
          "parameters": {},
          "variables": {},
          "resources": [
            {
              "type": "Microsoft.Insights/workbooks",
              "name": "[variables('workbookContentId1')]",
              "location": "[parameters('workspace-location')]",
              "kind": "shared",
              "apiVersion": "2021-08-01",
              "metadata": {
                "description": "This Jamf Protect Workbook for Microsoft Sentinel enables you to ingest Jamf Protect events forwarded into Microsoft Sentinel.\n Providing reports into all alerts, device controls and Unfied Logs."
              },
              "properties": {
                "displayName": "[parameters('workbook1-name')]",
                "serializedData": "{\"version\":\"Notebook/1.0\",\"items\":[{\"type\":9,\"content\":{\"version\":\"KqlParameterItem/1.0\",\"parameters\":[{\"id\":\"521734b3-6af4-48dc-b622-3f3dd3e1bdeb\",\"version\":\"KqlParameterItem/1.0\",\"name\":\"_timetoken\",\"label\":\"Timerange\",\"type\":4,\"isRequired\":true,\"typeSettings\":{\"selectableValues\":[{\"durationMs\":300000},{\"durationMs\":900000},{\"durationMs\":1800000},{\"durationMs\":3600000},{\"durationMs\":14400000},{\"durationMs\":43200000},{\"durationMs\":86400000},{\"durationMs\":172800000},{\"durationMs\":259200000},{\"durationMs\":604800000},{\"durationMs\":1209600000},{\"durationMs\":2419200000},{\"durationMs\":2592000000},{\"durationMs\":5184000000},{\"durationMs\":7776000000}],\"allowCustom\":true},\"value\":{\"durationMs\":2419200000}}],\"style\":\"pills\",\"queryType\":0,\"resourceType\":\"microsoft.operationalinsights/workspaces\"},\"customWidth\":\"20\",\"name\":\"Overview - Parameters\"},{\"type\":9,\"content\":{\"version\":\"KqlParameterItem/1.0\",\"parameters\":[{\"id\":\"4b81d3b1-6020-4007-8a43-7fb967629f16\",\"version\":\"KqlParameterItem/1.0\",\"name\":\"_hostname\",\"label\":\"Hostname\",\"type\":2,\"query\":\"jamfprotect_CL\\n\\n| where input_host_hostname_s != \\\"\\\"\\n| project-keep input_host_hostname_s\\n| project-rename Hostname = input_host_hostname_s\\n| summarize by Hostname\",\"typeSettings\":{\"showDefault\":false},\"timeContext\":{\"durationMs\":0},\"timeContextFromParameter\":\"_timetoken\",\"queryType\":0,\"resourceType\":\"microsoft.operationalinsights/workspaces\"}],\"style\":\"pills\",\"queryType\":0,\"resourceType\":\"microsoft.operationalinsights/workspaces\"},\"customWidth\":\"20\",\"name\":\"Overview - Parameters - Copy\"},{\"type\":12,\"content\":{\"version\":\"NotebookGroup/1.0\",\"groupType\":\"editable\",\"title\":\"Threat Hunting {_timetoken:value}\",\"items\":[{\"type\":1,\"content\":{\"json\":\"Set an type and provide values to search on File hash, CVE numbers or report on Alerts mapped to the MITRE framework.\",\"style\":\"info\"},\"name\":\"text - 2\",\"styleSettings\":{\"showBorder\":true}},{\"type\":9,\"content\":{\"version\":\"KqlParameterItem/1.0\",\"parameters\":[{\"id\":\"5f5886d0-e83e-4ffc-a48c-bfed7370aa66\",\"version\":\"KqlParameterItem/1.0\",\"name\":\"_type\",\"label\":\"Type\",\"type\":2,\"description\":\"Please choose the type\",\"isGlobal\":true,\"typeSettings\":{\"showDefault\":false},\"jsonData\":\"[\\n    { \\\"value\\\":\\\"filehash\\\", \\\"label\\\":\\\"File Hash\\\" },\\n    { \\\"value\\\":\\\"CVE\\\", \\\"label\\\":\\\"CVE\\\" },\\n    { \\\"value\\\":\\\"mitre\\\", \\\"label\\\":\\\"Framework: MITRE\\\" }\\n]\"}],\"style\":\"pills\",\"queryType\":0,\"resourceType\":\"microsoft.operationalinsights/workspaces\"},\"customWidth\":\"50\",\"name\":\"Threat Hunting\"},{\"type\":9,\"content\":{\"version\":\"KqlParameterItem/1.0\",\"parameters\":[{\"id\":\"bcdd945e-4dfe-47d6-9489-f76ce012c224\",\"version\":\"KqlParameterItem/1.0\",\"name\":\"_filehash\",\"label\":\"File Hash\",\"type\":1,\"description\":\"Thish value can be used for searching all alerts for a certain hash\",\"isRequired\":true,\"isGlobal\":true,\"value\":\"\"}],\"style\":\"formHorizontal\",\"queryType\":0,\"resourceType\":\"microsoft.operationalinsights/workspaces\"},\"customWidth\":\"50\",\"conditionalVisibility\":{\"parameterName\":\"_type\",\"comparison\":\"isEqualTo\",\"value\":\"filehash\"},\"name\":\"Hash Search\"},{\"type\":9,\"content\":{\"version\":\"KqlParameterItem/1.0\",\"parameters\":[{\"id\":\"0344768b-16c4-44ec-a4ac-73a8bc83d0e2\",\"version\":\"KqlParameterItem/1.0\",\"name\":\"_CVE\",\"label\":\"CVE Number\",\"type\":1,\"description\":\"Please search on the CVE number\",\"isRequired\":true,\"isGlobal\":true,\"value\":\"\"}],\"style\":\"formHorizontal\",\"queryType\":0,\"resourceType\":\"microsoft.operationalinsights/workspaces\"},\"customWidth\":\"50\",\"conditionalVisibility\":{\"parameterName\":\"_type\",\"comparison\":\"isEqualTo\",\"value\":\"CVE\"},\"name\":\"CVE_values\"},{\"type\":3,\"content\":{\"version\":\"KqlItem/1.0\",\"query\":\"jamfprotect_CL\\n| where input_eventType_s == \\\"GPThreatMatchExecEvent\\\"\\n| where input_related_binaries_s contains \\\"{_filehash:value}\\\"\\n| extend Severity = case(input_match_severity_d == 0, \\\"Informational\\\", input_match_severity_d == 1, \\\"Low\\\", input_match_severity_d == 2, \\\"Medium\\\", input_match_severity_d == 3, \\\"High\\\", \\\"True\\\")\\n| extend AlertURL = strcat(\\\"https://\\\", org_hd_s, \\\".jamfcloud.com/Alerts/\\\", input_match_uuid_g)\\n| project-keep TimeGenerated, input_match_event_matchValue_s, Severity, input_match_event_matchType_s, input_match_event_process_args_s, input_host_hostname_s, AlertURL\\n| project-rename Related_To = input_match_event_matchValue_s, EventType = input_match_event_matchType_s, Alert_Severity = Severity, Process_Arguments = input_match_event_process_args_s, Hostname = input_host_hostname_s\\n| project-reorder TimeGenerated, Alert_Severity, EventType, Related_To, Process_Arguments, Alert_Severity, Hostname, AlertURL\\n| sort by TimeGenerated\",\"size\":4,\"title\":\"Matches on FileHash\",\"noDataMessage\":\"No matches found based on the hash value\",\"timeContextFromParameter\":\"_timetoken\",\"showExportToExcel\":true,\"queryType\":0,\"resourceType\":\"microsoft.operationalinsights/workspaces\"},\"conditionalVisibilities\":[{\"parameterName\":\"_filehash\",\"comparison\":\"isNotEqualTo\",\"value\":\"null\"},{\"parameterName\":\"_type\",\"comparison\":\"isEqualTo\",\"value\":\"filehash\"}],\"name\":\"query - 1\"},{\"type\":3,\"content\":{\"version\":\"KqlItem/1.0\",\"query\":\"jamfprotect_CL\\n| where parse_json(input_match_tags_s) contains \\\"{_CVE:value}\\\"\\n| extend Severity = case(input_match_severity_d == 0, \\\"Informational\\\", input_match_severity_d == 1, \\\"Low\\\", input_match_severity_d == 2, \\\"Medium\\\", input_match_severity_d == 3, \\\"High\\\", \\\"True\\\")\\n| project-keep TimeGenerated, input_match_event_matchValue_s, input_match_tags_s, Severity, input_match_event_matchType_s, input_match_event_process_args_s, input_host_hostname_s\\n| project-rename Related_To = input_match_event_matchValue_s, CVE = input_match_tags_s, EventType = input_match_event_matchType_s, Alert_Severity = Severity, Process_Arguments = input_match_event_process_args_s, Hostname = input_host_hostname_s\\n| sort by TimeGenerated\",\"size\":4,\"title\":\"Matches on CVE\",\"noDataMessage\":\"No matches found based on the _CVE:value CVE number\",\"timeContextFromParameter\":\"_timetoken\",\"showExportToExcel\":true,\"queryType\":0,\"resourceType\":\"microsoft.operationalinsights/workspaces\"},\"conditionalVisibilities\":[{\"parameterName\":\"_cve\",\"comparison\":\"isNotEqualTo\",\"value\":\"null\"},{\"parameterName\":\"_type\",\"comparison\":\"isEqualTo\",\"value\":\"CVE\"}],\"name\":\"CVE Searcher\"},{\"type\":3,\"content\":{\"version\":\"KqlItem/1.0\",\"query\":\"jamfprotect_CL\\n| where parse_json(input_match_tags_s) contains \\\"MITREattack\\\"\\n| extend Severity = case(input_match_severity_d == 0, \\\"Informational\\\", input_match_severity_d == 1, \\\"Low\\\", input_match_severity_d == 2, \\\"Medium\\\", input_match_severity_d == 3, \\\"High\\\", \\\"True\\\")\\n| extend AlertURL = strcat(\\\"https://\\\", org_hd_s, \\\".jamfcloud.com/Alerts/\\\", input_match_uuid_g)\\n| extend Analytic = parse_json(input_match_facts_s)[0].name\\n| extend Description = parse_json(input_match_facts_s)[0].human\\n| project-keep TimeGenerated, input_eventType_s, Analytic, Description, input_match_tags_s, Severity, input_host_hostname_s, AlertURL\\n| project-rename EventType = input_eventType_s, TAGS = input_match_tags_s, Alert_Severity = Severity, Hostname = input_host_hostname_s\\n| project-reorder TimeGenerated, EventType, Analytic, Description, TAGS, Alert_Severity, Hostname, AlertURL\\n| sort by TimeGenerated\",\"size\":4,\"title\":\"Alerts mapped to MITRE\",\"noDataMessage\":\"No alerts found that are mapped to the MITRE framework\",\"timeContextFromParameter\":\"_timetoken\",\"showExportToExcel\":true,\"queryType\":0,\"resourceType\":\"microsoft.operationalinsights/workspaces\",\"gridSettings\":{\"sortBy\":[{\"itemKey\":\"TimeGenerated\",\"sortOrder\":1}]},\"sortBy\":[{\"itemKey\":\"TimeGenerated\",\"sortOrder\":1}]},\"conditionalVisibilities\":[{\"parameterName\":\"_type\",\"comparison\":\"isNotEqualTo\",\"value\":\"null\"},{\"parameterName\":\"_type\",\"comparison\":\"isEqualTo\",\"value\":\"mitre\"}],\"name\":\"MITRE Searcher\"}]},\"customWidth\":\"50\",\"name\":\"Threat Hunting Group\",\"styleSettings\":{\"margin\":\"200\",\"padding\":\"200\",\"showBorder\":true}},{\"type\":3,\"content\":{\"version\":\"KqlItem/1.0\",\"query\":\"datatable (Count: long, severity: string) [0, \\\"Informational\\\", 0, \\\"Low\\\", 0, \\\"Medium\\\", 0, \\\"High\\\"]\\n| union\\n    (\\n    jamfprotect_CL\\n    | where input_eventType_s <> \\\"\\\"\\n    | extend severity = case(input_match_severity_d == 0, \\\"Informational\\\", input_match_severity_d == 1, \\\"Low\\\", input_match_severity_d == 2, \\\"Medium\\\", input_match_severity_d == 3, \\\"High\\\", \\\"True\\\")\\n    | where severity != \\\"True\\\"\\n    | summarize Count = count() by severity\\n    )\\n| where isnotempty(severity)\\n| summarize Count=sum(Count) by severity\",\"size\":3,\"title\":\"All Alerts {_timetoken:value}\",\"timeContextFromParameter\":\"_timetoken\",\"queryType\":0,\"resourceType\":\"microsoft.operationalinsights/workspaces\",\"visualization\":\"tiles\",\"tileSettings\":{\"titleContent\":{\"columnMatch\":\"severity\",\"formatter\":18,\"formatOptions\":{\"thresholdsOptions\":\"colors\",\"thresholdsGrid\":[{\"operator\":\"==\",\"thresholdValue\":\"Informational\",\"representation\":\"green\",\"text\":\"{0}{1}\"},{\"operator\":\"==\",\"thresholdValue\":\"Low\",\"representation\":\"yellow\",\"text\":\"{0}{1}\"},{\"operator\":\"==\",\"thresholdValue\":\"Medium\",\"representation\":\"orange\",\"text\":\"{0}{1}\"},{\"operator\":\"==\",\"thresholdValue\":\"High\",\"representation\":\"redBright\",\"text\":\"{0}{1}\"},{\"operator\":\"Default\",\"representation\":\"green\",\"text\":\"{0}{1}\"}],\"compositeBarSettings\":{\"labelText\":\"\"}}},\"leftContent\":{\"columnMatch\":\"Count\",\"formatter\":1,\"numberFormat\":{\"unit\":0,\"options\":{\"style\":\"decimal\",\"useGrouping\":true,\"minimumSignificantDigits\":1,\"maximumSignificantDigits\":3},\"emptyValCustomText\":\"0\"}},\"showBorder\":true,\"sortOrderField\":1}},\"name\":\"query - 14\"},{\"type\":3,\"content\":{\"version\":\"KqlItem/1.0\",\"query\":\"jamfprotect_CL\\n//| where input_host_hostname_s == '{_hostname:value}'\\n| extend severity_ = tostring(parse_json(input_match_facts_s)[0].severity)\\n| where isnotempty(severity_)\\n| summarize count() by severity_, bin(TimeGenerated,{_timetoken:grain})\\n| render areachart \",\"size\":0,\"title\":\"Events Detected (Count By Severity) {_timetoken:value}\",\"timeContextFromParameter\":\"_timetoken\",\"queryType\":0,\"resourceType\":\"microsoft.operationalinsights/workspaces\",\"chartSettings\":{\"showLegend\":true,\"seriesLabelSettings\":[{\"seriesName\":\"0\",\"label\":\"Informational\"},{\"seriesName\":\"1\",\"label\":\"Low\"},{\"seriesName\":\"2\",\"label\":\"Medium\"},{\"seriesName\":\"3\",\"label\":\"High\"}]}},\"customWidth\":\"50\",\"name\":\"query - 9\"},{\"type\":3,\"content\":{\"version\":\"KqlItem/1.0\",\"query\":\"jamfprotect_CL\\n| where input_eventType_s == \\\"GPUnifiedLogEvent\\\"\\n| extend name_ = tostring(parse_json(input_match_facts_s)[0].name)\\n| where isnotempty(name_)\\n| summarize count() by name_, bin(TimeGenerated,{_timetoken:grain})\\n| render areachart \",\"size\":0,\"title\":\"Unified Logging Events {_timetoken:value}\",\"timeContextFromParameter\":\"_timetoken\",\"queryType\":0,\"resourceType\":\"microsoft.operationalinsights/workspaces\"},\"customWidth\":\"50\",\"name\":\"query - 12\",\"styleSettings\":{\"maxWidth\":\"50\"}},{\"type\":3,\"content\":{\"version\":\"KqlItem/1.0\",\"query\":\"jamfprotect_CL\\n//| where header_event_name_s !contains \\\"AUE\\\"\\n| where input_eventType_s <> \\\"\\\"\\n| summarize Event = count() by input_host_hostname_s\\n| project-rename HostName = input_host_hostname_s\\n| sort by Event desc\",\"size\":3,\"title\":\"Most Active Endpoints (Total, last {_timetoken:value})\",\"timeContextFromParameter\":\"_timetoken\",\"queryType\":0,\"resourceType\":\"microsoft.operationalinsights/workspaces\",\"visualization\":\"table\",\"tileSettings\":{\"showBorder\":false,\"titleContent\":{\"columnMatch\":\"HostName\",\"formatter\":1},\"leftContent\":{\"columnMatch\":\"Event\",\"formatter\":12,\"formatOptions\":{\"palette\":\"auto\"},\"numberFormat\":{\"unit\":17,\"options\":{\"maximumSignificantDigits\":3,\"maximumFractionDigits\":2}}}},\"graphSettings\":{\"type\":0,\"topContent\":{\"columnMatch\":\"HostName\",\"formatter\":1},\"centerContent\":{\"columnMatch\":\"Event\",\"formatter\":1,\"numberFormat\":{\"unit\":17,\"options\":{\"maximumSignificantDigits\":3,\"maximumFractionDigits\":2}}}}},\"customWidth\":\"100\",\"name\":\"query - 4\",\"styleSettings\":{\"maxWidth\":\"100\"}},{\"type\":3,\"content\":{\"version\":\"KqlItem/1.0\",\"query\":\"jamfprotect_CL\\n//| where header_event_name_s !contains \\\"AUE\\\"\\n| where input_eventType_s <> \\\"\\\"\\n| summarize Events = count() by Type, bin(TimeGenerated,{_timetoken:grain})\\n| render columnchart   \",\"size\":0,\"title\":\"Events detected (Total by date, {_timetoken:value})\",\"timeContextFromParameter\":\"_timetoken\",\"queryType\":0,\"resourceType\":\"microsoft.operationalinsights/workspaces\",\"chartSettings\":{\"seriesLabelSettings\":[{\"seriesName\":\"jamfprotect_CL\",\"label\":\"Jamf Protect\"}]}},\"customWidth\":\"50\",\"name\":\"query - 2\",\"styleSettings\":{\"maxWidth\":\"50\"}},{\"type\":3,\"content\":{\"version\":\"KqlItem/1.0\",\"query\":\"jamfprotect_CL\\n//| where header_event_name_s !contains \\\"AUE\\\"\\n| where input_eventType_s <> \\\"\\\"\\n| summarize Events = count() by input_eventType_s, bin(TimeGenerated,{_timetoken:grain})\\n| render areachart with(kind=stacked)\\n\",\"size\":0,\"title\":\"Events Detected (Count by Type, {_timetoken:value})\",\"timeContextFromParameter\":\"_timetoken\",\"queryType\":0,\"resourceType\":\"microsoft.operationalinsights/workspaces\",\"visualization\":\"areachart\",\"gridSettings\":{\"sortBy\":[{\"itemKey\":\"Events\",\"sortOrder\":2}]},\"sortBy\":[{\"itemKey\":\"Events\",\"sortOrder\":2}]},\"customWidth\":\"50\",\"name\":\"query - 2\",\"styleSettings\":{\"maxWidth\":\"50\"}},{\"type\":12,\"content\":{\"version\":\"NotebookGroup/1.0\",\"groupType\":\"editable\",\"title\":\"Event Types (Last 30 Days)\",\"items\":[{\"type\":3,\"content\":{\"version\":\"KqlItem/1.0\",\"query\":\"jamfprotect_CL\\n//| where header_event_name_s !contains \\\"AUE\\\"\\n| where input_eventType_s <> \\\"\\\"\\n| summarize Events = count() by input_eventType_s\\n| render piechart\",\"size\":3,\"title\":\"Event Types {_timetoken:value}\",\"timeContextFromParameter\":\"_timetoken\",\"queryType\":0,\"resourceType\":\"microsoft.operationalinsights/workspaces\"},\"customWidth\":\"33\",\"name\":\"query - 3\",\"styleSettings\":{\"maxWidth\":\"100\"}},{\"type\":3,\"content\":{\"version\":\"KqlItem/1.0\",\"query\":\"jamfprotect_CL\\n\\n| where input_eventType_s == \\\"GPFSEvent\\\"\\n| extend name_ = tostring(parse_json(input_match_facts_s)[0].name)\\n| summarize count() by name_\\n| render piechart \",\"size\":3,\"title\":\"File System Event Types {_timetoken:value}\",\"timeContextFromParameter\":\"_timetoken\",\"queryType\":0,\"resourceType\":\"microsoft.operationalinsights/workspaces\"},\"customWidth\":\"33\",\"name\":\"query - 6\"},{\"type\":3,\"content\":{\"version\":\"KqlItem/1.0\",\"query\":\"jamfprotect_CL\\n\\n| where input_eventType_s == \\\"GPProcessEvent\\\"\\n| extend name_ = tostring(parse_json(input_match_facts_s)[0].name)\\n| summarize count() by name_\\n| render piechart \\n\",\"size\":3,\"title\":\"Process Event Types {_timetoken:value}\",\"timeContextFromParameter\":\"_timetoken\",\"queryType\":0,\"resourceType\":\"microsoft.operationalinsights/workspaces\"},\"customWidth\":\"33\",\"name\":\"query - 7\"},{\"type\":3,\"content\":{\"version\":\"KqlItem/1.0\",\"query\":\"jamfprotect_CL\\n\\n| where input_eventType_s == \\\"GPUSBEvent\\\"\\nor input_eventType_s == \\\"GPFSEvent\\\" and tostring(parse_json(input_match_facts_s)[0].name) == \\\"USBWrite\\\"\\n| extend name_ = tostring(parse_json(input_match_facts_s)[0].name)\\n| summarize count() by name_\\n| render piechart \",\"size\":3,\"title\":\"USB Event Types {_timetoken:value}\",\"timeContextFromParameter\":\"_timetoken\",\"queryType\":0,\"resourceType\":\"microsoft.operationalinsights/workspaces\"},\"customWidth\":\"33\",\"name\":\"query - 8\"},{\"type\":3,\"content\":{\"version\":\"KqlItem/1.0\",\"query\":\"jamfprotect_CL\\n\\n| where input_eventType_s == \\\"GPGatekeeperEvent\\\"\\n| extend name_ = tostring(parse_json(input_match_facts_s)[0].name)\\n| summarize count() by name_\\n| render piechart \",\"size\":3,\"title\":\"Gatekeeper Event Types {_timetoken:value}\",\"timeContextFromParameter\":\"_timetoken\",\"queryType\":0,\"resourceType\":\"microsoft.operationalinsights/workspaces\",\"chartSettings\":{\"seriesLabelSettings\":[{\"seriesName\":\"GatekeeperBlockedSigned\",\"label\":\"Signed\"},{\"seriesName\":\"GatekeeperBlockedRevoked\",\"label\":\"Revoked\"},{\"seriesName\":\"GatekeeperBlockedUnsignedOrUnknown\",\"label\":\"UnsignedOrUnknown\"}]}},\"customWidth\":\"33\",\"name\":\"query - 10\"},{\"type\":3,\"content\":{\"version\":\"KqlItem/1.0\",\"query\":\"jamfprotect_CL\\n\\n| where input_eventType_s == \\\"GPThreatMatchExecEvent\\\"\\n| summarize Threat = count() by input_match_event_matchValue_s\\n| render piechart \",\"size\":3,\"title\":\"Threat Prevention Types {_timetoken:value}\",\"timeContextFromParameter\":\"_timetoken\",\"queryType\":0,\"resourceType\":\"microsoft.operationalinsights/workspaces\"},\"customWidth\":\"33\",\"name\":\"query - 9\"}]},\"name\":\"group - 15\"},{\"type\":3,\"content\":{\"version\":\"KqlItem/1.0\",\"query\":\"jamfprotect_CL\\n//| where header_event_name_s !contains \\\"AUE\\\"\\n| where input_eventType_s <> \\\"\\\"\\n|extend name_ = tostring(parse_json(input_match_facts_s)[0].name)\\n|summarize count() by input_eventType_s, name_\\n|project-rename EventType = input_eventType_s, Event = name_, Count = count_\\n|sort by Count desc\\n|limit 10\",\"size\":3,\"title\":\"Top 10 Event Types {_timetoken:value}\",\"timeContextFromParameter\":\"_timetoken\",\"queryType\":0,\"resourceType\":\"microsoft.operationalinsights/workspaces\"},\"customWidth\":\"50\",\"name\":\"query - 5\",\"styleSettings\":{\"maxWidth\":\"50\"}},{\"type\":12,\"content\":{\"version\":\"NotebookGroup/1.0\",\"groupType\":\"editable\",\"title\":\"macOS Built-In Security Tools\",\"expandable\":true,\"expanded\":true,\"items\":[{\"type\":3,\"content\":{\"version\":\"KqlItem/1.0\",\"query\":\"jamfprotect_CL\\n\\n| where input_eventType_s == \\\"GPGatekeeperEvent\\\"\\n| extend name_ = tostring(parse_json(input_match_facts_s)[0].name)\\n| summarize count() by name_, input_match_event_path_s\\n| project-rename BlockType = name_, Executable = input_match_event_path_s, Count = count_\\n| sort by Count desc\\n| limit 10\",\"size\":3,\"title\":\"Top Gatekeeper Blocked Items {_timetoken:value}\",\"timeContextFromParameter\":\"_timetoken\",\"queryType\":0,\"resourceType\":\"microsoft.operationalinsights/workspaces\",\"gridSettings\":{\"sortBy\":[{\"itemKey\":\"Count\",\"sortOrder\":2}]},\"sortBy\":[{\"itemKey\":\"Count\",\"sortOrder\":2}]},\"customWidth\":\"50\",\"name\":\"query - 11\"},{\"type\":3,\"content\":{\"version\":\"KqlItem/1.0\",\"query\":\"jamfprotect_CL\\n\\n| where input_eventType_s == \\\"GPUnifiedLogEvent\\\"\\n| where input_match_event_subsystem_s == \\\"com.apple.XProtectFramework.PluginAPI\\\"\\n| extend status_message_ = tostring(parse_json(input_match_event_composedMessage_s).status_message)\\n| extend execution_duration_ = tostring(parse_json(input_match_event_composedMessage_s).execution_duration)\\n| project \\nTime=TimeGenerated, \\nHostname=input_host_hostname_s, \\nStatus=status_message_, \\nModule=input_match_event_process_s, \\nExecution_Duration=execution_duration_\\n| sort by Time desc\\n| limit 25\",\"size\":0,\"title\":\"XProtect Remediator Scans {_timetoken:value}\",\"timeContextFromParameter\":\"_timetoken\",\"queryType\":0,\"resourceType\":\"microsoft.operationalinsights/workspaces\"},\"customWidth\":\"50\",\"name\":\"query - 13\"}]},\"name\":\"macOS Built-In Security Tools Group\"},{\"type\":12,\"content\":{\"version\":\"NotebookGroup/1.0\",\"groupType\":\"editable\",\"title\":\"Device Controls\",\"expandable\":true,\"expanded\":true,\"items\":[{\"type\":3,\"content\":{\"version\":\"KqlItem/1.0\",\"query\":\"jamfprotect_CL\\n\\n| where input_eventType_s == \\\"auth-mount\\\"\\n| extend name_ = tostring(parse_json(input_match_facts_s)[1].name)\\n| where name_ == \\\"EnforcedRemovableDevicePolicy\\\"\\n| extend name_ = replace(\\\"EnforcedRemovableDevicePolicy\\\", \\\"Blocked\\\", name_)\\n| summarize count() by name_\\n\\n\",\"size\":2,\"title\":\"Device Controls Blocked {_timetoken:value}\",\"timeContextFromParameter\":\"_timetoken\",\"queryType\":0,\"resourceType\":\"microsoft.operationalinsights/workspaces\",\"visualization\":\"piechart\",\"tileSettings\":{\"titleContent\":{\"formatter\":18,\"formatOptions\":{\"thresholdsOptions\":\"icons\",\"thresholdsGrid\":[{\"thresholdValue\":\"Alerts\",\"text\":\"{0}{1}\"},{\"operator\":\"Default\",\"representation\":\"Notifications\",\"text\":\"Devices Blocked\"}]}},\"leftContent\":{\"columnMatch\":\"count_\",\"formatter\":12,\"formatOptions\":{\"palette\":\"auto\"},\"numberFormat\":{\"unit\":17,\"options\":{\"style\":\"decimal\",\"maximumFractionDigits\":2,\"maximumSignificantDigits\":3}}},\"showBorder\":true,\"sortOrderField\":2},\"graphSettings\":{\"type\":0,\"centerContent\":{\"columnMatch\":\"count_\",\"formatter\":1,\"numberFormat\":{\"unit\":17,\"options\":{\"maximumSignificantDigits\":3,\"maximumFractionDigits\":2}}}},\"chartSettings\":{\"showMetrics\":false},\"mapSettings\":{\"locInfo\":\"LatLong\",\"sizeSettings\":\"count_\",\"sizeAggregation\":\"Sum\",\"legendMetric\":\"count_\",\"legendAggregation\":\"Sum\",\"itemColorSettings\":{\"type\":\"heatmap\",\"colorAggregation\":\"Sum\",\"nodeColorField\":\"count_\",\"heatmapPalette\":\"greenRed\"}}},\"customWidth\":\"35\",\"name\":\"query - 11\",\"styleSettings\":{\"maxWidth\":\"100\"}},{\"type\":3,\"content\":{\"version\":\"KqlItem/1.0\",\"query\":\"jamfprotect_CL\\n\\n| where input_eventType_s == \\\"auth-mount\\\"\\n| extend name_ = tostring(parse_json(input_match_facts_s)[1].name)\\n| where name_ == \\\"EnforcedRemovableDevicePolicy\\\"\\n| extend device_ = strcat(input_match_event_device_vendorName_s, \\\" \\\",input_match_event_device_productName_s)\\n| summarize count() by input_host_hostname_s, device_\\n| project-rename Hostname = input_host_hostname_s, Device = device_, Count = count_\\n| sort by Count desc\\n\\n\",\"size\":1,\"title\":\"Device Controls Endpoint {_timetoken:value}\",\"timeContextFromParameter\":\"_timetoken\",\"queryType\":0,\"resourceType\":\"microsoft.operationalinsights/workspaces\"},\"customWidth\":\"65\",\"name\":\"query-12\",\"styleSettings\":{\"maxWidth\":\"100\"}}]},\"name\":\"Device Controls Group\"}],\"fromTemplateId\":\"sentinel-JamfProtectDashboard\",\"$schema\":\"https://github.com/Microsoft/Application-Insights-Workbooks/blob/master/schema/workbook.json\"}\n",
                "version": "1.0",
                "sourceId": "[variables('workspaceResourceId')]",
                "category": "sentinel"
              }
            },
            {
              "type": "Microsoft.OperationalInsights/workspaces/providers/metadata",
              "apiVersion": "2022-01-01-preview",
              "name": "[concat(parameters('workspace'),'/Microsoft.SecurityInsights/',concat('Workbook-', last(split(variables('workbookId1'),'/'))))]",
              "properties": {
                "description": "@{workbookKey=JamfProtectWorkbook; logoFileName=jamf_logo.svg; description=This Jamf Protect Workbook for Microsoft Sentinel enables you to ingest Jamf Protect events forwarded into Microsoft Sentinel.\n Providing reports into all alerts, device controls and Unfied Logs.; dataTypesDependencies=System.Object[]; dataConnectorsDependencies=System.Object[]; previewImagesFileNames=System.Object[]; version=2.0.0; title=Jamf Protect Workbook; templateRelativePath=JamfProtectDashboard.json; subtitle=; provider=Jamf Software, LLC}.description",
                "parentId": "[variables('workbookId1')]",
                "contentId": "[variables('_workbookContentId1')]",
                "kind": "Workbook",
                "version": "[variables('workbookVersion1')]",
                "source": {
                  "kind": "Solution",
                  "name": "Jamf Protect",
                  "sourceId": "[variables('_solutionId')]"
                },
                "author": {
                  "name": "Thijs Xhaflaire",
                  "email": "[variables('_email')]"
                },
                "support": {
                  "name": "Jamf Software, LLC",
                  "email": "support@jamf.com",
                  "tier": "Partner",
                  "link": "https://www.jamf.com/support/"
                }
              }
            }
          ]
        }
      }
    },
    {
      "type": "Microsoft.OperationalInsights/workspaces/providers/metadata",
      "apiVersion": "2022-01-01-preview",
      "location": "[parameters('workspace-location')]",
      "properties": {
        "version": "2.0.0",
        "kind": "Solution",
        "contentSchemaVersion": "2.0.0",
        "contentId": "[variables('_solutionId')]",
        "parentId": "[variables('_solutionId')]",
        "source": {
          "kind": "Solution",
          "name": "Jamf Protect",
          "sourceId": "[variables('_solutionId')]"
        },
        "author": {
          "name": "Thijs Xhaflaire",
          "email": "[variables('_email')]"
        },
        "support": {
          "name": "Jamf Software, LLC",
          "email": "support@jamf.com",
          "tier": "Partner",
          "link": "https://www.jamf.com/support/"
        },
        "dependencies": {
          "operator": "AND",
          "criteria": [
            {
              "kind": "Workbook",
              "contentId": "[variables('_workbookContentId1')]",
              "version": "[variables('workbookVersion1')]"
            }
          ]
        },
        "firstPublishDate": "2022-10-10",
        "providers": [
          "Jamf"
        ],
        "categories": {
          "domains": [
            "Security - Threat Protection"
          ]
        }
      },
      "name": "[concat(parameters('workspace'),'/Microsoft.SecurityInsights/', variables('_solutionId'))]"
    }
  ],
  "outputs": {}
}
