{
  "$schema": "https://schema.management.azure.com/schemas/0.1.2-preview/CreateUIDefinition.MultiVm.json#",
  "handler": "Microsoft.Azure.CreateUIDef",
  "version": "0.1.2-preview",
  "parameters": {
    "config": {
      "isWizard": false,
      "basics": {
        "description": "<img src=\"https://raw.githubusercontent.com/Azure/Azure-Sentinel/master/Logos/Azure_Sentinel.svg\"width=\"75px\"height=\"75px\">\n\n**Note:** _There may be [known issues](https://aka.ms/sentinelsolutionsknownissues) pertaining to this Solution, please refer to them before installing._\n\nThe Microsoft Windows SQL Server Database Audit solution for Microsoft Sentinel enables security monitoring scenarios using Windows events. The contents of the solution allow hunting for unauthorized access and other abnormalities with SQL database identities.\n\n**Hunting Queries:** 9\n\n[Learn more about Microsoft Sentinel](https://aka.ms/azuresentinel) | [Learn more about Solutions](https://aka.ms/azuresentinelsolutionsdoc)",
        "subscription": {
          "resourceProviders": [
            "Microsoft.OperationsManagement/solutions",
            "Microsoft.OperationalInsights/workspaces/providers/alertRules",
            "Microsoft.Insights/workbooks",
            "Microsoft.Logic/workflows"
          ]
        },
        "location": {
          "metadata": {
            "hidden": "Hiding location, we get it from the log analytics workspace"
          },
          "visible": false
        },
        "resourceGroup": {
          "allowExisting": true
        }
      }
    },
    "basics": [
      {
        "name": "getLAWorkspace",
        "type": "Microsoft.Solutions.ArmApiControl",
        "toolTip": "This filters by workspaces that exist in the Resource Group selected",
        "condition": "[greater(length(resourceGroup().name),0)]",
        "request": {
          "method": "GET",
          "path": "[concat(subscription().id,'/providers/Microsoft.OperationalInsights/workspaces?api-version=2020-08-01')]"
        }
      },
      {
        "name": "workspace",
        "type": "Microsoft.Common.DropDown",
        "label": "Workspace",
        "placeholder": "Select a workspace",
        "toolTip": "This dropdown will list only workspace that exists in the Resource Group selected",
        "constraints": {
          "allowedValues": "[map(filter(basics('getLAWorkspace').value, (filter) => contains(toLower(filter.id), toLower(resourceGroup().name))), (item) => parse(concat('{\"label\":\"', item.name, '\",\"value\":\"', item.name, '\"}')))]",
          "required": true
        },
        "visible": true
      }
    ],
    "steps": [
      {
        "name": "huntingqueries",
        "label": "Hunting Queries",
        "bladeTitle": "Hunting Queries",
        "elements": [
          {
            "name": "huntingqueries-text",
            "type": "Microsoft.Common.TextBlock",
            "options": {
              "text": "This solution installs the following hunting queries. After installing the solution, run these hunting queries to hunt for threats in Manage solution view. "
            }
          },
          {
            "name": "huntingqueries-link",
            "type": "Microsoft.Common.TextBlock",
            "options": {
              "link": {
                "label": "Learn more",
                "uri": "https://docs.microsoft.com/azure/sentinel/hunting"
              }
            }
          },
          {
            "name": "huntingquery1",
            "type": "Microsoft.Common.Section",
            "label": "Failed Logon Attempts on SQL Server",
            "elements": [
              {
                "name": "huntingquery1-text",
                "type": "Microsoft.Common.TextBlock",
                "options": {
                  "text": "This query is based on the SQLEvent KQL Parser function (link below) and detects failed logons on SQL Server \nSQLEvent KQL Parser provided at https://github.com/Azure/Azure-Sentinel/tree/master/Parsers/SQLSever\nDetailed blog post on Monitoring SQL Server with Microsoft Sentinel https://techcommunity.microsoft.com/t5/microsoft-sentinel-blog/monitoring-sql-server-with-azure-sentinel/ba-p/1502960 It depends on the AzureMonitor(WindowsEventLogs) data connector and Event data type and AzureMonitor(WindowsEventLogs) parser."
                }
              }
            ]
          },
          {
            "name": "huntingquery2",
            "type": "Microsoft.Common.Section",
            "label": "Failed Logon on SQL Server from Same IPAddress in Short time Span",
            "elements": [
              {
                "name": "huntingquery2-text",
                "type": "Microsoft.Common.TextBlock",
                "options": {
                  "text": "This hunting query identifies multiple failed logon attempts from same IP within short span of time.\nThis query is based on the SQLEvent KQL Parser function (link below)\nSQLEvent KQL Parser provided at https://github.com/Azure/Azure-Sentinel/tree/master/Parsers/SQLSever\nDetailed blog post on Monitoring SQL Server with Microsoft Sentinel https://techcommunity.microsoft.com/t5/microsoft-sentinel-blog/monitoring-sql-server-with-azure-sentinel/ba-p/1502960 It depends on the AzureMonitor(WindowsEventLogs) data connector and Event data type and AzureMonitor(WindowsEventLogs) parser."
                }
              }
            ]
          },
          {
            "name": "huntingquery3",
            "type": "Microsoft.Common.Section",
            "label": "Multiple Failed Logon on SQL Server in Short time Span",
            "elements": [
              {
                "name": "huntingquery3-text",
                "type": "Microsoft.Common.TextBlock",
                "options": {
                  "text": "This hunting queries looks for multiple failed logon attempts in short span of time.\nThis query is based on the SQLEvent KQL Parser function (link below)\nSQLEvent KQL Parser provided at https://github.com/Azure/Azure-Sentinel/tree/master/Parsers/SQLSever\nDetailed blog post on Monitoring SQL Server with Microsoft Sentinel https://techcommunity.microsoft.com/t5/microsoft-sentinel-blog/monitoring-sql-server-with-azure-sentinel/ba-p/1502960 It depends on the AzureMonitor(WindowsEventLogs) data connector and Event data type and AzureMonitor(WindowsEventLogs) parser."
                }
              }
            ]
          },
          {
            "name": "huntingquery4",
            "type": "Microsoft.Common.Section",
            "label": "New User created on SQL Server",
            "elements": [
              {
                "name": "huntingquery4-text",
                "type": "Microsoft.Common.TextBlock",
                "options": {
                  "text": "This hunting query identifies creation of a new user from SQL Server\nThis query is based on the SQLEvent KQL Parser function (link below) \nSQLEvent KQL Parser provided at https://github.com/Azure/Azure-Sentinel/tree/master/Parsers/SQLSever\nDetailed blog post on Monitoring SQL Server with Microsoft Sentinel https://techcommunity.microsoft.com/t5/microsoft-sentinel-blog/monitoring-sql-server-with-azure-sentinel/ba-p/1502960 It depends on the AzureMonitor(WindowsEventLogs) data connector and Event data type and AzureMonitor(WindowsEventLogs) parser."
                }
              }
            ]
          },
          {
            "name": "huntingquery5",
            "type": "Microsoft.Common.Section",
            "label": "User added to SQL Server SecurityAdmin Group",
            "elements": [
              {
                "name": "huntingquery5-text",
                "type": "Microsoft.Common.TextBlock",
                "options": {
                  "text": "This hunting query identifies user added in the SecurityAdmin group of SQL Server\nThis query is based on the SQLEvent KQL Parser function (link below)\nSQLEvent KQL Parser provided at https://github.com/Azure/Azure-Sentinel/tree/master/Parsers/SQLSever\nDetailed blog post on Monitoring SQL Server with Microsoft Sentinel https://techcommunity.microsoft.com/t5/microsoft-sentinel-blog/monitoring-sql-server-with-azure-sentinel/ba-p/1502960 It depends on the AzureMonitor(WindowsEventLogs) data connector and Event data type and AzureMonitor(WindowsEventLogs) parser."
                }
              }
            ]
          },
          {
            "name": "huntingquery6",
            "type": "Microsoft.Common.Section",
            "label": "SQL User deleted from Database",
            "elements": [
              {
                "name": "huntingquery6-text",
                "type": "Microsoft.Common.TextBlock",
                "options": {
                  "text": "This hunting query identifies deletion of user from SQL Database\nThis query is based on the SQLEvent KQL Parser function (link below)\nSQLEvent KQL Parser provided at https://github.com/Azure/Azure-Sentinel/tree/master/Parsers/SQLSever\nDetailed blog post on Monitoring SQL Server with Microsoft Sentinel https://techcommunity.microsoft.com/t5/microsoft-sentinel-blog/monitoring-sql-server-with-azure-sentinel/ba-p/1502960 It depends on the AzureMonitor(WindowsEventLogs) data connector and Event data type and AzureMonitor(WindowsEventLogs) parser."
                }
              }
            ]
          },
          {
            "name": "huntingquery7",
            "type": "Microsoft.Common.Section",
            "label": "User removed from SQL Server SecurityAdmin Group",
            "elements": [
              {
                "name": "huntingquery7-text",
                "type": "Microsoft.Common.TextBlock",
                "options": {
                  "text": "This hunting query identifies user removed from the SecurityAdmin group of SQL Server\nThis query is based on the SQLEvent KQL Parser function (link below) \nSQLEvent KQL Parser provided at https://github.com/Azure/Azure-Sentinel/tree/master/Parsers/SQLSever\nDetailed blog post on Monitoring SQL Server with Microsoft Sentinel https://techcommunity.microsoft.com/t5/microsoft-sentinel-blog/monitoring-sql-server-with-azure-sentinel/ba-p/1502960 It depends on the AzureMonitor(WindowsEventLogs) data connector and Event data type and AzureMonitor(WindowsEventLogs) parser."
                }
              }
            ]
          },
          {
            "name": "huntingquery8",
            "type": "Microsoft.Common.Section",
            "label": "User removed from SQL Server Roles",
            "elements": [
              {
                "name": "huntingquery8-text",
                "type": "Microsoft.Common.TextBlock",
                "options": {
                  "text": "This hunting query identifies user removed from a SQL Server Role.\nThis query is based on the SQLEvent KQL Parser function (link below) \nSQLEvent KQL Parser provided at https://github.com/Azure/Azure-Sentinel/tree/master/Parsers/SQLSever\nDetailed blog post on Monitoring SQL Server with Microsoft Sentinel https://techcommunity.microsoft.com/t5/microsoft-sentinel-blog/monitoring-sql-server-with-azure-sentinel/ba-p/1502960 It depends on the AzureMonitor(WindowsEventLogs) data connector and Event data type and AzureMonitor(WindowsEventLogs) parser."
                }
              }
            ]
          },
          {
            "name": "huntingquery9",
            "type": "Microsoft.Common.Section",
            "label": "User Role altered on SQL Server",
            "elements": [
              {
                "name": "huntingquery9-text",
                "type": "Microsoft.Common.TextBlock",
                "options": {
                  "text": "This hunting query identifies user role altered on SQL Server\nThis query is based on the SQLEvent KQL Parser function (link below) \nSQLEvent KQL Parser provided at https://github.com/Azure/Azure-Sentinel/tree/master/Parsers/SQLSever\nDetailed blog post on Monitoring SQL Server with Microsoft Sentinel https://techcommunity.microsoft.com/t5/microsoft-sentinel-blog/monitoring-sql-server-with-azure-sentinel/ba-p/1502960 It depends on the AzureMonitor(WindowsEventLogs) data connector and Event data type and AzureMonitor(WindowsEventLogs) parser."
                }
              }
            ]
          }
        ]
      }
    ],
    "outputs": {
      "workspace-location": "[first(map(filter(basics('getLAWorkspace').value, (filter) => and(contains(toLower(filter.id), toLower(resourceGroup().name)),equals(filter.name,basics('workspace')))), (item) => item.location))]",
      "location": "[location()]",
      "workspace": "[basics('workspace')]"
    }
  }
}
