{
  "$schema": "https://schema.management.azure.com/schemas/0.1.2-preview/CreateUIDefinition.MultiVm.json#",
  "handler": "Microsoft.Azure.CreateUIDef",
  "version": "0.1.2-preview",
  "parameters": {
    "config": {
      "isWizard": false,
      "basics": {
        "description": "<img src=\"https://raw.githubusercontent.com/Azure/Azure-Sentinel/v-ntripathi/OktaContentMoving/Logos/okta_logo.svg\" width=\"75px\" height=\"75px\">\n\n**Note:** _There may be [known issues](https://aka.ms/sentinelsolutionsknownissues) pertaining to this Solution, please refer to them before installing._\n\n The [Okta Single Sign-On (SSO)](https://www.okta.com/products/single-sign-on/) solution for Microsoft Sentinel provides the capability to ingest [audit and event logs](https://www.okta.com/integrate/documentation/isv-syslog-references/) into Microsoft Sentinel using the Okta API. \r\n  \r\n  **Underlying Microsoft Technologies used:** \r\n\r\n This solution takes a dependency on the following technologies, and some of these dependencies either may be in [Preview](https://azure.microsoft.com/support/legal/preview-supplemental-terms/) state or might result in additional ingestion or operational costs:\r\n\n  a. [Azure Monitor HTTP Data Collector API](https://docs.microsoft.com/azure/azure-monitor/logs/data-collector-api)\r\n\n  b. [Azure Functions](https://azure.microsoft.com/services/functions/#overview)\r\n\n**Data Connectors:** 1, **Workbooks:** 1, **Analytic Rules:** 3, **Hunting Queries:** 4, **Playbooks:** 4\n\n[Learn more about Microsoft Sentinel](https://aka.ms/azuresentinel) | [Learn more about Solutions](https://aka.ms/azuresentinelsolutionsdoc)",
        "subscription": {
          "resourceProviders": [
            "Microsoft.OperationsManagement/solutions",
            "Microsoft.OperationalInsights/workspaces/providers/alertRules",
            "Microsoft.Insights/workbooks",
            "Microsoft.Logic/workflows"
          ]
        },
        "location": {
          "metadata": {
            "hidden": "Hiding location, we get it from the log analytics workspace"
          },
          "visible": false
        },
        "resourceGroup": {
          "allowExisting": true
        }
      }
    },
    "basics": [
      {
        "name": "getLAWorkspace",
        "type": "Microsoft.Solutions.ArmApiControl",
        "toolTip": "This filters by workspaces that exist in the Resource Group selected",
        "condition": "[greater(length(resourceGroup().name),0)]",
        "request": {
          "method": "GET",
          "path": "[concat(subscription().id,'/providers/Microsoft.OperationalInsights/workspaces?api-version=2020-08-01')]"
        }
      },
      {
        "name": "workspace",
        "type": "Microsoft.Common.DropDown",
        "label": "Workspace",
        "placeholder": "Select a workspace",
        "toolTip": "This dropdown will list only workspace that exists in the Resource Group selected",
        "constraints": {
          "allowedValues": "[map(filter(basics('getLAWorkspace').value, (filter) => contains(toLower(filter.id), toLower(resourceGroup().name))), (item) => parse(concat('{\"label\":\"', item.name, '\",\"value\":\"', item.name, '\"}')))]",
          "required": true
        },
        "visible": true
      }
    ],
    "steps": [
      {
        "name": "dataconnectors",
        "label": "Data Connectors",
        "bladeTitle": "Data Connectors",
        "elements": [
          {
            "name": "dataconnectors1-text",
            "type": "Microsoft.Common.TextBlock",
            "options": {
              "text": "This solution installs the data connector for ingesting Okta Single Sign-On audit and event logs into Microsoft Sentinel using the Okta API. After installing the solution, configure and enable this data connector by following guidance in Manage solution view."
            }
          },
          {
            "name": "dataconnectors-link2",
            "type": "Microsoft.Common.TextBlock",
            "options": {
              "link": {
                "label": "Learn more about connecting data sources",
                "uri": "https://docs.microsoft.com/azure/sentinel/connect-data-sources"
              }
            }
          }
        ]
      },
      {
        "name": "workbooks",
        "label": "Workbooks",
        "subLabel": {
          "preValidation": "Configure the workbooks",
          "postValidation": "Done"
        },
        "bladeTitle": "Workbooks",
        "elements": [
          {
            "name": "workbooks-text",
            "type": "Microsoft.Common.TextBlock",
            "options": {
              "text": "The workbook installed with this solution helps gain insights into Okta Single Sign-On (SSO) audit and event activity for your organization. After installing the solution, start using the workbook in Manage solution view."
            }
          },
          {
            "name": "workbooks-link",
            "type": "Microsoft.Common.TextBlock",
            "options": {
              "link": {
                "label": "Learn more",
                "uri": "https://docs.microsoft.com/azure/sentinel/tutorial-monitor-your-data"
              }
            }
          }
        ]
      },
      {
        "name": "analytics",
        "label": "Analytics",
        "subLabel": {
          "preValidation": "Configure the analytics",
          "postValidation": "Done"
        },
        "bladeTitle": "Analytics",
        "elements": [
          {
            "name": "analytics-text",
            "type": "Microsoft.Common.TextBlock",
            "options": {
              "text": "This solution installs the following analytic rule templates. After installing the solution, create and enable analytic rules in Manage solution view."
            }
          },
          {
            "name": "analytics-link",
            "type": "Microsoft.Common.TextBlock",
            "options": {
              "link": {
                "label": "Learn more",
                "uri": "https://docs.microsoft.com/azure/sentinel/tutorial-detect-threats-custom?WT.mc_id=Portal-Microsoft_Azure_CreateUIDef"
              }
            }
          },
          {
            "name": "analytic1",
            "type": "Microsoft.Common.Section",
            "label": "Failed Logins from Unknown or Invalid User",
            "elements": [
              {
                "name": "analytic1-text",
                "type": "Microsoft.Common.TextBlock",
                "options": {
                  "text": "This query searches for numerous login attempts to the management console with an unknown or invalid user name"
                }
              }
            ]
          },
          {
            "name": "analytic2",
            "type": "Microsoft.Common.Section",
            "label": "User Login from Different Countries within 3 hours",
            "elements": [
              {
                "name": "analytic2-text",
                "type": "Microsoft.Common.TextBlock",
                "options": {
                  "text": "This query searches for successful user logins to the Okta Console from different countries within 3 hours"
                }
              }
            ]
          },
          {
            "name": "analytic3",
            "type": "Microsoft.Common.Section",
            "label": "Potential Password Spray Attack",
            "elements": [
              {
                "name": "analytic3-text",
                "type": "Microsoft.Common.TextBlock",
                "options": {
                  "text": "This query searches for failed attempts to log into the Okta console from more than 15 various users within a 5 minute timeframe from the same source. This is a potential indication of a password spray attack"
                }
              }
            ]
          }
        ]
      },
      {
        "name": "huntingqueries",
        "label": "Hunting Queries",
        "bladeTitle": "Hunting Queries",
        "elements": [
          {
            "name": "huntingqueries-text",
            "type": "Microsoft.Common.TextBlock",
            "options": {
              "text": "This solution installs the following hunting queries. After installing the solution, run these hunting queries to hunt for threats in Manage solution view."
            }
          },
          {
            "name": "huntingqueries-link",
            "type": "Microsoft.Common.TextBlock",
            "options": {
              "link": {
                "label": "Learn more",
                "uri": "https://docs.microsoft.com/azure/sentinel/hunting"
              }
            }
          },
          {
            "name": "huntingquery1",
            "type": "Microsoft.Common.Section",
            "label": "Admin privilege granted (Okta)",
            "elements": [
              {
                "name": "huntingquery1-text",
                "type": "Microsoft.Common.TextBlock",
                "options": {
                  "text": "This query searches for successful grant of administrator permissions to user/groups. Adversaries often attempt to assign administrator permission to users/group to maintain access as well as to elevate privileges.\n Please verify that the behavior is known and filter out anything that is expected.\n Refrence: https://developer.okta.com/docs/reference/api/event-types/ It depends on the OktaSSO data connector and Okta_CL data type and OktaSSO parser."
                }
              }
            ]
          },
          {
            "name": "huntingquery2",
            "type": "Microsoft.Common.Section",
            "label": "Create API Token (Okta)",
            "elements": [
              {
                "name": "huntingquery2-text",
                "type": "Microsoft.Common.TextBlock",
                "options": {
                  "text": "Okta API tokens are used to authenticate requests to Okta APIs. This query searches for attempts to create new API Token.\n Refrence: https://developer.okta.com/docs/reference/api/event-types/ It depends on the OktaSSO data connector and Okta_CL data type and OktaSSO parser."
                }
              }
            ]
          },
          {
            "name": "huntingquery3",
            "type": "Microsoft.Common.Section",
            "label": "Initiate impersonation session (Okta)",
            "elements": [
              {
                "name": "huntingquery3-text",
                "type": "Microsoft.Common.TextBlock",
                "options": {
                  "text": "User.session.impersonation are generally speaking rare events normally triggered when an Okta Support person requests admin access for troubleshooting. This query searches for impersonation events used in LAPSUS$ breach.\n Please review user.session.impersonation events and co-relate that with legitimate opened Okta support tickets to determine if these are anomalous.\n Refrence: https://developer.okta.com/docs/reference/api/event-types/\n Refrence: https://twitter.com/JimmyVo/status/1506306703788326915\n Refrence: https://blog.cloudflare.com/cloudflare-investigation-of-the-january-2022-okta-compromise/ It depends on the OktaSSO data connector and Okta_CL data type and OktaSSO parser."
                }
              }
            ]
          },
          {
            "name": "huntingquery4",
            "type": "Microsoft.Common.Section",
            "label": "Rare MFA Operations (Okta)",
            "elements": [
              {
                "name": "huntingquery4-text",
                "type": "Microsoft.Common.TextBlock",
                "options": {
                  "text": "Multi-Factor Authentication (MFA) helps prevent credential compromise.This query searches for rare MFA operations like deactivating, updating, resetting and attempts to bypass MFA.\n Adversaries often attempt these operations to compromise networks and high-value accounts.Please verify that the behavior is known and filter out anything that is expected.\n Refrence: https://developer.okta.com/docs/reference/api/event-types/ It depends on the OktaSSO data connector and Okta_CL data type and OktaSSO parser."
                }
              }
            ]
          }
        ]
      },
      {
        "name": "playbooks",
        "label": "Playbooks",
        "subLabel": {
          "preValidation": "Configure the playbooks",
          "postValidation": "Done"
        },
        "bladeTitle": "Playbooks",
        "elements": [
          {
            "name": "playbooks-text",
            "type": "Microsoft.Common.TextBlock",
            "options": {
              "text": "This solution installs the following Playbook templates. After installing the solution, playbooks can be managed in the Manage solution view. "
            }
          },
          {
            "name": "playbooks-link",
            "type": "Microsoft.Common.TextBlock",
            "options": {
              "link": {
                "label": "Learn more",
                "uri": "https://docs.microsoft.com/azure/sentinel/tutorial-respond-threats-playbook?WT.mc_id=Portal-Microsoft_Azure_CreateUIDef"
              }
            }
          },
          {
            "name": "playbook1",
            "type": "Microsoft.Common.Section",
            "label": "OktaCustomConnector",
            "elements": [
              {
                "name": "playbook1-text",
                "type": "Microsoft.Common.TextBlock",
                "options": {
                  "text": "This OKTA connector uses okta API to perform different actions on the user accounts."
                }
              },
              {
                "name": "CustomConnectorName",
                "type": "Microsoft.Common.TextBox",
                "label": "Custom Connector Name",
                "defaultValue": "OktaCustomConnector",
                "toolTip": "Please enter Custom Connector Name",
                "constraints": {
                  "required": true,
                  "regex": "[a-z0-9A-Z]{1,256}$",
                  "validationMessage": "Please enter the Custom Connector Name"
                }
              },
              {
                "name": "Service EndPoint",
                "type": "Microsoft.Common.TextBox",
                "label": "Service  End Point",
                "defaultValue": "https://{yourOktaDomain}",
                "toolTip": "Please enter Service  End Point",
                "constraints": {
                  "required": true,
                  "regex": "[a-z0-9A-Z]{1,256}$",
                  "validationMessage": "Please enter the Service  End Point"
                }
              }
            ]
          },
          {
            "name": "playbook2",
            "type": "Microsoft.Common.Section",
            "label": "Okta-EnrichIncidentWithUserDetails",
            "elements": [
              {
                "name": "playbook2-text",
                "type": "Microsoft.Common.TextBlock",
                "options": {
                  "text": "This playbook ingests events from Okta Single Sign-On into Log Analytics using the API."
                }
              },
              {
                "name": "PlaybookName",
                "type": "Microsoft.Common.TextBox",
                "label": "Playbook Name",
                "defaultValue": "Okta-EnrichIncidentWithUserDetails",
                "toolTip": "Resource name for the logic app playbook.  No spaces are allowed",
                "constraints": {
                  "required": true,
                  "regex": "[a-z0-9A-Z]{1,256}$",
                  "validationMessage": "Please enter a playbook resource name"
                }
              },
              {
                "name": "CustomConnectorName",
                "type": "Microsoft.Common.TextBox",
                "label": "Custom Connector Name",
                "defaultValue": "OktaCustomConnector",
                "toolTip": "Please enter Custom Connector Name",
                "constraints": {
                  "required": true,
                  "regex": "[a-z0-9A-Z]{1,256}$",
                  "validationMessage": "Please enter the Custom Connector Name"
                }
              }
            ]
          },
          {
            "name": "playbook3",
            "type": "Microsoft.Common.Section",
            "label": "Okta-PromptUser",
            "elements": [
              {
                "name": "playbook3-text",
                "type": "Microsoft.Common.TextBlock",
                "options": {
                  "text": "This playbook ingests events from Okta Single Sign-On into Log Analytics using the API."
                }
              },
              {
                "name": "PlaybookName",
                "type": "Microsoft.Common.TextBox",
                "label": "Playbook Name",
                "defaultValue": "Okta-PromptUser",
                "toolTip": "Resource name for the logic app playbook.  No spaces are allowed",
                "constraints": {
                  "required": true,
                  "regex": "[a-z0-9A-Z]{1,256}$",
                  "validationMessage": "Please enter a playbook resource name"
                }
              },
              {
                "name": "Teams GroupId",
                "type": "Microsoft.Common.TextBox",
                "label": "Teams  Group Id",
                "defaultValue": "TeamgroupId",
                "toolTip": "Please enter Teams  Group Id",
                "constraints": {
                  "required": true,
                  "regex": "[a-z0-9A-Z]{1,256}$",
                  "validationMessage": "Please enter the Teams  Group Id"
                }
              },
              {
                "name": "Teams ChannelId",
                "type": "Microsoft.Common.TextBox",
                "label": "Teams  Channel Id",
                "defaultValue": "TeamChannelId",
                "toolTip": "Please enter Teams  Channel Id",
                "constraints": {
                  "required": true,
                  "regex": "[a-z0-9A-Z]{1,256}$",
                  "validationMessage": "Please enter the Teams  Channel Id"
                }
              },
              {
                "name": "CustomConnectorName",
                "type": "Microsoft.Common.TextBox",
                "label": "Custom Connector Name",
                "defaultValue": "OktaCustomConnector",
                "toolTip": "Please enter Custom Connector Name",
                "constraints": {
                  "required": true,
                  "regex": "[a-z0-9A-Z]{1,256}$",
                  "validationMessage": "Please enter the Custom Connector Name"
                }
              }
            ]
          },
          {
            "name": "playbook4",
            "type": "Microsoft.Common.Section",
            "label": "Okta-ResponseFromTeams",
            "elements": [
              {
                "name": "playbook4-text",
                "type": "Microsoft.Common.TextBlock",
                "options": {
                  "text": "This playbook ingests events from Okta Single Sign-On into Log Analytics using the API."
                }
              },
              {
                "name": "PlaybookName",
                "type": "Microsoft.Common.TextBox",
                "label": "Playbook Name",
                "defaultValue": "Okta-ResponseFromTeams",
                "toolTip": "Resource name for the logic app playbook.  No spaces are allowed",
                "constraints": {
                  "required": true,
                  "regex": "[a-z0-9A-Z]{1,256}$",
                  "validationMessage": "Please enter a playbook resource name"
                }
              },
              {
                "name": "SOC Email",
                "type": "Microsoft.Common.TextBox",
                "label": "S O C  Email",
                "defaultValue": "",
                "toolTip": "Please enter S O C  Email",
                "constraints": {
                  "required": true,
                  "regex": "[a-z0-9A-Z]{1,256}$",
                  "validationMessage": "Please enter the S O C  Email"
                }
              },
              {
                "name": "Teams GroupId",
                "type": "Microsoft.Common.TextBox",
                "label": "Teams  Group Id",
                "defaultValue": "TeamgroupId",
                "toolTip": "Please enter Teams  Group Id",
                "constraints": {
                  "required": true,
                  "regex": "[a-z0-9A-Z]{1,256}$",
                  "validationMessage": "Please enter the Teams  Group Id"
                }
              },
              {
                "name": "Teams ChannelId",
                "type": "Microsoft.Common.TextBox",
                "label": "Teams  Channel Id",
                "defaultValue": "TeamChannelId",
                "toolTip": "Please enter Teams  Channel Id",
                "constraints": {
                  "required": true,
                  "regex": "[a-z0-9A-Z]{1,256}$",
                  "validationMessage": "Please enter the Teams  Channel Id"
                }
              },
              {
                "name": "CustomConnectorName",
                "type": "Microsoft.Common.TextBox",
                "label": "Custom Connector Name",
                "defaultValue": "OktaCustomConnector",
                "toolTip": "Please enter Custom Connector Name",
                "constraints": {
                  "required": true,
                  "regex": "[a-z0-9A-Z]{1,256}$",
                  "validationMessage": "Please enter the Custom Connector Name"
                }
              }
            ]
          }
        ]
      }
    ],
    "outputs": {
      "workspace-location": "[first(map(filter(basics('getLAWorkspace').value, (filter) => and(contains(toLower(filter.id), toLower(resourceGroup().name)),equals(filter.name,basics('workspace')))), (item) => item.location))]",
      "location": "[location()]",
      "workspace": "[basics('workspace')]"
    }
  }
}
