{
  "$schema": "https://schema.management.azure.com/schemas/0.1.2-preview/CreateUIDefinition.MultiVm.json#",
  "handler": "Microsoft.Azure.CreateUIDef",
  "version": "0.1.2-preview",
  "parameters": {
    "config": {
      "isWizard": false,
      "basics": {
        "description": "<img src=\"https://raw.githubusercontent.com/Azure/Azure-Sentinel/master/Workbooks/Images/Logos/MicrosoftEntraID_logo.svg\"width=\"75px\" height=\"75px\">\n\n**Note:** Please refer to the following before installing the solution: \r \n • Review the solution [Release Notes](https://github.com/Azure/Azure-Sentinel/blob/master/Solutions/Microsoft%20Entra%20ID/ReleaseNotes.md)\r \n • There may be [known issues](https://aka.ms/sentinelsolutionsknownissues) pertaining to this Solution, please refer to them before installing.\n\nThe [Microsoft Entra ID](https://docs.microsoft.com/azure/active-directory/fundamentals/active-directory-whatis)  solution for Microsoft Sentinel enables you to ingest Microsoft Entra ID [Audit](https://docs.microsoft.com/azure/active-directory/reports-monitoring/concept-audit-logs), [Sign-in](https://docs.microsoft.com/azure/active-directory/reports-monitoring/concept-sign-ins), [Provisioning](https://docs.microsoft.com/azure/active-directory/reports-monitoring/concept-provisioning-logs), [Risk Events and Risky User/Service Principal](https://docs.microsoft.com/azure/active-directory/identity-protection/howto-identity-protection-investigate-risk#risky-users) logs using Diagnostic Settings into Microsoft Sentinel.\n\n**Data Connectors:** 1, **Workbooks:** 2, **Analytic Rules:** 62, **Playbooks:** 11\n\n[Learn more about Microsoft Sentinel](https://aka.ms/azuresentinel) | [Learn more about Solutions](https://aka.ms/azuresentinelsolutionsdoc)",
        "subscription": {
          "resourceProviders": [
            "Microsoft.OperationsManagement/solutions",
            "Microsoft.OperationalInsights/workspaces/providers/alertRules",
            "Microsoft.Insights/workbooks",
            "Microsoft.Logic/workflows"
          ]
        },
        "location": {
          "metadata": {
            "hidden": "Hiding location, we get it from the log analytics workspace"
          },
          "visible": false
        },
        "resourceGroup": {
          "allowExisting": true
        }
      }
    },
    "basics": [
      {
        "name": "getLAWorkspace",
        "type": "Microsoft.Solutions.ArmApiControl",
        "toolTip": "This filters by workspaces that exist in the Resource Group selected",
        "condition": "[greater(length(resourceGroup().name),0)]",
        "request": {
          "method": "GET",
          "path": "[concat(subscription().id,'/providers/Microsoft.OperationalInsights/workspaces?api-version=2020-08-01')]"
        }
      },
      {
        "name": "workspace",
        "type": "Microsoft.Common.DropDown",
        "label": "Workspace",
        "placeholder": "Select a workspace",
        "toolTip": "This dropdown will list only workspace that exists in the Resource Group selected",
        "constraints": {
          "allowedValues": "[map(filter(basics('getLAWorkspace').value, (filter) => contains(toLower(filter.id), toLower(resourceGroup().name))), (item) => parse(concat('{\"label\":\"', item.name, '\",\"value\":\"', item.name, '\"}')))]",
          "required": true
        },
        "visible": true
      }
    ],
    "steps": [
      {
        "name": "dataconnectors",
        "label": "Data Connectors",
        "bladeTitle": "Data Connectors",
        "elements": [
          {
            "name": "dataconnectors1-text",
            "type": "Microsoft.Common.TextBlock",
            "options": {
              "text": "This Solution installs the data connector for Microsoft Entra ID. You can get Microsoft Entra ID custom log data in your Microsoft Sentinel workspace. After installing the solution, configure and enable this data connector by following guidance in Manage solution view."
            }
          },
          {
            "name": "dataconnectors-link2",
            "type": "Microsoft.Common.TextBlock",
            "options": {
              "link": {
                "label": "Learn more about connecting data sources",
                "uri": "https://docs.microsoft.com/azure/sentinel/connect-data-sources"
              }
            }
          }
        ]
      },
      {
        "name": "workbooks",
        "label": "Workbooks",
        "subLabel": {
          "preValidation": "Configure the workbooks",
          "postValidation": "Done"
        },
        "bladeTitle": "Workbooks",
        "elements": [
          {
            "name": "workbooks-text",
            "type": "Microsoft.Common.TextBlock",
            "options": {
              "text": "This solution installs workbook(s) to help you gain insights into the telemetry collected in Microsoft Sentinel. After installing the solution, start using the workbook in Manage solution view."
            }
          },
          {
            "name": "workbooks-link",
            "type": "Microsoft.Common.TextBlock",
            "options": {
              "link": {
                "label": "Learn more",
                "uri": "https://docs.microsoft.com/azure/sentinel/tutorial-monitor-your-data"
              }
            }
          },
          {
            "name": "workbook1",
            "type": "Microsoft.Common.Section",
            "label": "Microsoft Entra ID Audit logs",
            "elements": [
              {
                "name": "workbook1-text",
                "type": "Microsoft.Common.TextBlock",
                "options": {
                  "text": "Gain insights into Microsoft Entra ID by connecting Microsoft Sentinel and using the audit logs to gather insights around Microsoft Entra ID scenarios. \nYou can learn about user operations, including password and group management, device activities, and top active users and apps."
                }
              }
            ]
          },
          {
            "name": "workbook2",
            "type": "Microsoft.Common.Section",
            "label": "Microsoft Entra ID Sign-in logs",
            "elements": [
              {
                "name": "workbook2-text",
                "type": "Microsoft.Common.TextBlock",
                "options": {
                  "text": "Gain insights into Microsoft Entra ID by connecting Microsoft Sentinel and using the sign-in logs to gather insights around Microsoft Entra ID scenarios. \nYou can learn about sign-in operations, such as user sign-ins and locations, email addresses, and  IP addresses of your users, as well as failed activities and the errors that triggered the failures."
                }
              }
            ]
          }
        ]
      },
      {
        "name": "analytics",
        "label": "Analytics",
        "subLabel": {
          "preValidation": "Configure the analytics",
          "postValidation": "Done"
        },
        "bladeTitle": "Analytics",
        "elements": [
          {
            "name": "analytics-text",
            "type": "Microsoft.Common.TextBlock",
            "options": {
              "text": "This solution installs the following analytic rule templates. After installing the solution, create and enable analytic rules in Manage solution view."
            }
          },
          {
            "name": "analytics-link",
            "type": "Microsoft.Common.TextBlock",
            "options": {
              "link": {
                "label": "Learn more",
                "uri": "https://docs.microsoft.com/azure/sentinel/tutorial-detect-threats-custom?WT.mc_id=Portal-Microsoft_Azure_CreateUIDef"
              }
            }
          },
          {
            "name": "analytic1",
            "type": "Microsoft.Common.Section",
            "label": "Account Created and Deleted in Short Timeframe",
            "elements": [
              {
                "name": "analytic1-text",
                "type": "Microsoft.Common.TextBlock",
                "options": {
                  "text": "Search for user principal name (UPN) events. Look for accounts created and then deleted in under 24 hours. Attackers may create an account for their use, and then remove the account when no longer needed.\nRef : https://docs.microsoft.com/azure/active-directory/fundamentals/security-operations-user-accounts#short-lived-account"
                }
              }
            ]
          },
          {
            "name": "analytic2",
            "type": "Microsoft.Common.Section",
            "label": "Account created or deleted by non-approved user",
            "elements": [
              {
                "name": "analytic2-text",
                "type": "Microsoft.Common.TextBlock",
                "options": {
                  "text": "Identifies accounts that were created or deleted by a defined list of non-approved user principal names. Add to this list before running the query for accurate results.\nRef : https://docs.microsoft.com/azure/active-directory/fundamentals/security-operations-user-accounts"
                }
              }
            ]
          },
          {
            "name": "analytic3",
            "type": "Microsoft.Common.Section",
            "label": "Modified domain federation trust settings",
            "elements": [
              {
                "name": "analytic3-text",
                "type": "Microsoft.Common.TextBlock",
                "options": {
                  "text": "This will alert when a user or application modifies the federation settings on the domain or Update domain authentication from Managed to Federated.\nFor example, this alert will trigger when a new Active Directory Federated Service (ADFS) TrustedRealm object, such as a signing certificate, is added to the domain.\nModification to domain federation settings should be rare. Confirm the added or modified target domain/URL is legitimate administrator behavior.\nTo understand why an authorized user may update settings for a federated domain in Office 365, Azure, or Intune, see: https://docs.microsoft.com/office365/troubleshoot/active-directory/update-federated-domain-office-365.\nFor details on security realms that accept security tokens, see the ADFS Proxy Protocol (MS-ADFSPP) specification: https://docs.microsoft.com/openspecs/windows_protocols/ms-adfspp/e7b9ea73-1980-4318-96a6-da559486664b.\nFor further information on AuditLogs please see https://docs.microsoft.com/azure/active-directory/reports-monitoring/reference-audit-activities."
                }
              }
            ]
          },
          {
            "name": "analytic4",
            "type": "Microsoft.Common.Section",
            "label": "Password spray attack against ADFSSignInLogs",
            "elements": [
              {
                "name": "analytic4-text",
                "type": "Microsoft.Common.TextBlock",
                "options": {
                  "text": "Identifies evidence of password spray activity against Connect Health for AD FS sign-in events by looking for failures from multiple accounts from the same IP address within a time window.\nReference: https://adfshelp.microsoft.com/References/ConnectHealthErrorCodeReference"
                }
              }
            ]
          },
          {
            "name": "analytic5",
            "type": "Microsoft.Common.Section",
            "label": "Admin promotion after Role Management Application Permission Grant",
            "elements": [
              {
                "name": "analytic5-text",
                "type": "Microsoft.Common.TextBlock",
                "options": {
                  "text": "This rule looks for a service principal being granted the Microsoft Graph RoleManagement.ReadWrite.Directory (application) permission before being used to add an Microsoft Entra ID object or user account to an Admin directory role (i.e. Global Administrators).\nThis is a known attack path that is usually abused when a service principal already has the AppRoleAssignment.ReadWrite.All permission granted. This permission allows an app to manage permission grants for application permissions to any API.\nA service principal can promote itself or other service principals to admin roles (i.e. Global Administrators). This would be considered a privilege escalation technique.\nRef : https://docs.microsoft.com/graph/permissions-reference#role-management-permissions, https://docs.microsoft.com/graph/api/directoryrole-post-members?view=graph-rest-1.0&tabs=http"
                }
              }
            ]
          },
          {
            "name": "analytic6",
            "type": "Microsoft.Common.Section",
            "label": "Anomalous sign-in location by user account and authenticating application",
            "elements": [
              {
                "name": "analytic6-text",
                "type": "Microsoft.Common.TextBlock",
                "options": {
                  "text": "This query over Microsoft Entra ID sign-in considers all user sign-ins for each Microsoft Entra ID application and picks out the most anomalous change in location profile for a user within an\nindividual application"
                }
              }
            ]
          },
          {
            "name": "analytic7",
            "type": "Microsoft.Common.Section",
            "label": "Authentication Methods Changed for Privileged Account",
            "elements": [
              {
                "name": "analytic7-text",
                "type": "Microsoft.Common.TextBlock",
                "options": {
                  "text": "Identifies authentication methods being changed for a privileged account. This could be an indication of an attacker adding an auth method to the account so they can have continued access.\nRef : https://docs.microsoft.com/azure/active-directory/fundamentals/security-operations-privileged-accounts#things-to-monitor-1"
                }
              }
            ]
          },
          {
            "name": "analytic8",
            "type": "Microsoft.Common.Section",
            "label": "Microsoft Entra ID PowerShell accessing non-Entra ID resources",
            "elements": [
              {
                "name": "analytic8-text",
                "type": "Microsoft.Common.TextBlock",
                "options": {
                  "text": "This will alert when a user or application signs in using Microsoft Entra ID PowerShell to access non-Active Directory resources, such as the Azure Key Vault, which may be undesired or unauthorized behavior.\nFor capabilities and expected behavior of the Microsoft Entra ID PowerShell module, see: https://docs.microsoft.com/powershell/module/azuread/?view=azureadps-2.0.\nFor further information on Microsoft Entra ID Signin activity reports, see: https://docs.microsoft.com/azure/active-directory/reports-monitoring/concept-sign-ins."
                }
              }
            ]
          },
          {
            "name": "analytic9",
            "type": "Microsoft.Common.Section",
            "label": "Microsoft Entra ID Role Management Permission Grant",
            "elements": [
              {
                "name": "analytic9-text",
                "type": "Microsoft.Common.TextBlock",
                "options": {
                  "text": "Identifies when the Microsoft Graph RoleManagement.ReadWrite.Directory (Delegated or Application) permission is granted to a service principal.\nThis permission allows an application to read and manage the role-based access control (RBAC) settings for your company's directory.\nAn adversary could use this permission to add an Microsoft Entra ID object to an Admin directory role and escalate privileges.\nRef : https://docs.microsoft.com/graph/permissions-reference#role-management-permissions\nRef : https://docs.microsoft.com/graph/api/directoryrole-post-members?view=graph-rest-1.0&tabs=http"
                }
              }
            ]
          },
          {
            "name": "analytic10",
            "type": "Microsoft.Common.Section",
            "label": "Azure Portal sign in from another Azure Tenant",
            "elements": [
              {
                "name": "analytic10-text",
                "type": "Microsoft.Common.TextBlock",
                "options": {
                  "text": "This query looks for successful sign in attempts to the Azure Portal where the user who is signing in from another Azure tenant,\n and the IP address the login attempt is from is an Azure IP. A threat actor who compromises an Azure tenant may look\n to pivot to other tenants leveraging cross-tenant delegated access in this manner."
                }
              }
            ]
          },
          {
            "name": "analytic11",
            "type": "Microsoft.Common.Section",
            "label": "Brute Force Attack against GitHub Account",
            "elements": [
              {
                "name": "analytic11-text",
                "type": "Microsoft.Common.TextBlock",
                "options": {
                  "text": "Attackers who are trying to guess your users' passwords or use brute-force methods to get in. If your organization is using SSO with Microsoft Entra ID, authentication logs to GitHub.com will be generated. Using the following query can help you identify a sudden increase in failed logon attempt of users."
                }
              }
            ]
          },
          {
            "name": "analytic12",
            "type": "Microsoft.Common.Section",
            "label": "Brute force attack against a Cloud PC",
            "elements": [
              {
                "name": "analytic12-text",
                "type": "Microsoft.Common.TextBlock",
                "options": {
                  "text": "Identifies evidence of brute force activity against a Windows 365 Cloud PC by highlighting multiple authentication failures and by a successful authentication within a given time window."
                }
              }
            ]
          },
          {
            "name": "analytic13",
            "type": "Microsoft.Common.Section",
            "label": "Bulk Changes to Privileged Account Permissions",
            "elements": [
              {
                "name": "analytic13-text",
                "type": "Microsoft.Common.TextBlock",
                "options": {
                  "text": "Identifies when changes to multiple users permissions are changed at once. Investigate immediately if not a planned change. This setting could enable an attacker access to Azure subscriptions in your environment.\nRef : https://docs.microsoft.com/azure/active-directory/fundamentals/security-operations-privileged-identity-management"
                }
              }
            ]
          },
          {
            "name": "analytic14",
            "type": "Microsoft.Common.Section",
            "label": "Attempt to bypass conditional access rule in Microsoft Entra ID",
            "elements": [
              {
                "name": "analytic14-text",
                "type": "Microsoft.Common.TextBlock",
                "options": {
                  "text": "Identifies an attempt to Bypass conditional access rule(s) in Microsoft Entra ID.\nThe ConditionalAccessStatus column value details if there was an attempt to bypass Conditional Access\nor if the Conditional access rule was not satisfied (ConditionalAccessStatus == 1).\nReferences:\nhttps://docs.microsoft.com/azure/active-directory/conditional-access/overview\nhttps://docs.microsoft.com/azure/active-directory/reports-monitoring/concept-sign-ins\nhttps://docs.microsoft.com/azure/active-directory/reports-monitoring/reference-sign-ins-error-codes\nConditionalAccessStatus == 0 // Success\nConditionalAccessStatus == 1 // Failure\nConditionalAccessStatus == 2 // Not Applied\nConditionalAccessStatus == 3 // unknown"
                }
              }
            ]
          },
          {
            "name": "analytic15",
            "type": "Microsoft.Common.Section",
            "label": "Credential added after admin consented to Application",
            "elements": [
              {
                "name": "analytic15-text",
                "type": "Microsoft.Common.TextBlock",
                "options": {
                  "text": "This query will identify instances where Service Principal credentials were added to an application by one user after the application was granted admin consent rights by another user.\n If a threat actor obtains access to an account with sufficient privileges and adds the alternate authentication material triggering this event, the threat actor can now authenticate as the Application or Service Principal using this credential.\n Additional information on OAuth Credential Grants can be found in RFC 6749 Section 4.4 or https://docs.microsoft.com/azure/active-directory/develop/v2-oauth2-client-creds-grant-flow.\n For further information on AuditLogs please see https://docs.microsoft.com/azure/active-directory/reports-monitoring/reference-audit-activities"
                }
              }
            ]
          },
          {
            "name": "analytic16",
            "type": "Microsoft.Common.Section",
            "label": "Cross-tenant Access Settings Organization Added",
            "elements": [
              {
                "name": "analytic16-text",
                "type": "Microsoft.Common.TextBlock",
                "options": {
                  "text": "Organizations are added in the Cross-tenant Access Settings to control communication inbound or outbound for users and applications. This detection notifies when an Organization is added other than the list that is supposed to exist from the Microsoft Entra ID Cross-tenant Access Settings."
                }
              }
            ]
          },
          {
            "name": "analytic17",
            "type": "Microsoft.Common.Section",
            "label": "Cross-tenant Access Settings Organization Deleted",
            "elements": [
              {
                "name": "analytic17-text",
                "type": "Microsoft.Common.TextBlock",
                "options": {
                  "text": "Organizations are added in the Cross-tenant Access Settings to control communication inbound or outbound for users and applications. This detection notifies when an Organization is deleted from the Microsoft Entra ID Cross-tenant Access Settings."
                }
              }
            ]
          },
          {
            "name": "analytic18",
            "type": "Microsoft.Common.Section",
            "label": "Cross-tenant Access Settings Organization Inbound Collaboration Settings Changed",
            "elements": [
              {
                "name": "analytic18-text",
                "type": "Microsoft.Common.TextBlock",
                "options": {
                  "text": "Organizations are added in the Cross-tenant Access Settings to control communication inbound or outbound for users and applications. This detection notifies when Organization Inbound Collaboration Settings are changed for \"Users & Groups\" and for \"Applications\"."
                }
              }
            ]
          },
          {
            "name": "analytic19",
            "type": "Microsoft.Common.Section",
            "label": "Cross-tenant Access Settings Organization Inbound Direct Settings Changed",
            "elements": [
              {
                "name": "analytic19-text",
                "type": "Microsoft.Common.TextBlock",
                "options": {
                  "text": "Organizations are added in the Cross-tenant Access Settings to control communication inbound or outbound for users and applications. This detection notifies when Organization Inbound Direct Settings are changed for \"Users & Groups\" and for \"Applications\"."
                }
              }
            ]
          },
          {
            "name": "analytic20",
            "type": "Microsoft.Common.Section",
            "label": "Cross-tenant Access Settings Organization Outbound Collaboration Settings Changed",
            "elements": [
              {
                "name": "analytic20-text",
                "type": "Microsoft.Common.TextBlock",
                "options": {
                  "text": "Organizations are added in the Cross-tenant Access Settings to control communication inbound or outbound for users and applications. This detection notifies when Organization Outbound Collaboration Settings are changed for \"Users & Groups\" and for \"Applications\"."
                }
              }
            ]
          },
          {
            "name": "analytic21",
            "type": "Microsoft.Common.Section",
            "label": "Cross-tenant Access Settings Organization Outbound Direct Settings Changed",
            "elements": [
              {
                "name": "analytic21-text",
                "type": "Microsoft.Common.TextBlock",
                "options": {
                  "text": "Organizations are added in the Cross-tenant Access Settings to control communication inbound or outbound for users and applications. This detection notifies when Organization Outbound Direct Settings are changed for \"Users & Groups\" and for \"Applications\"."
                }
              }
            ]
          },
          {
            "name": "analytic22",
            "type": "Microsoft.Common.Section",
            "label": "Attempts to sign in to disabled accounts",
            "elements": [
              {
                "name": "analytic22-text",
                "type": "Microsoft.Common.TextBlock",
                "options": {
                  "text": "Identifies failed attempts to sign in to disabled accounts across multiple Azure Applications.\nDefault threshold for Azure Applications attempted to sign in to is 3.\nReferences: https://docs.microsoft.com/azure/active-directory/reports-monitoring/reference-sign-ins-error-codes\n50057 - User account is disabled. The account has been disabled by an administrator."
                }
              }
            ]
          },
          {
            "name": "analytic23",
            "type": "Microsoft.Common.Section",
            "label": "Distributed Password cracking attempts in Microsoft Entra ID",
            "elements": [
              {
                "name": "analytic23-text",
                "type": "Microsoft.Common.TextBlock",
                "options": {
                  "text": "Identifies distributed password cracking attempts from the Microsoft Entra ID SigninLogs.\nThe query looks for unusually high number of failed password attempts coming from multiple locations for a user account.\nReferences: https://docs.microsoft.com/azure/active-directory/reports-monitoring/reference-sign-ins-error-codes\n50053   Account is locked because the user tried to sign in too many times with an incorrect user ID or password.\n50055   Invalid password, entered expired password.\n50056   Invalid or null password - Password does not exist in store for this user.\n50126   Invalid username or password, or invalid on-premises username or password."
                }
              }
            ]
          },
          {
            "name": "analytic24",
            "type": "Microsoft.Common.Section",
            "label": "Explicit MFA Deny",
            "elements": [
              {
                "name": "analytic24-text",
                "type": "Microsoft.Common.TextBlock",
                "options": {
                  "text": "User explicitly denies MFA push, indicating that login was not expected and the account's password may be compromised."
                }
              }
            ]
          },
          {
            "name": "analytic25",
            "type": "Microsoft.Common.Section",
            "label": "full_access_as_app Granted To Application",
            "elements": [
              {
                "name": "analytic25-text",
                "type": "Microsoft.Common.TextBlock",
                "options": {
                  "text": "This detection looks for the full_access_as_app permission being granted to an OAuth application with Admin Consent.\nThis permission provide access to all Exchange mailboxes via the EWS API can could be exploited to access sensitive data \nby being added to a compromised application. The application granted this permission should be reviewed to ensure that it \nis absolutely necessary for the applications function.\nRef: https://learn.microsoft.com/graph/auth-limit-mailbox-access"
                }
              }
            ]
          },
          {
            "name": "analytic26",
            "type": "Microsoft.Common.Section",
            "label": "Failed login attempts to Azure Portal",
            "elements": [
              {
                "name": "analytic26-text",
                "type": "Microsoft.Common.TextBlock",
                "options": {
                  "text": "Identifies failed login attempts in the Microsoft Entra ID SigninLogs to the Azure Portal.  Many failed logon\nattempts or some failed logon attempts from multiple IPs could indicate a potential brute force attack.\nThe following are excluded due to success and non-failure results:\nReferences: https://docs.microsoft.com/azure/active-directory/reports-monitoring/reference-sign-ins-error-codes\n0 - successful logon\n50125 - Sign-in was interrupted due to a password reset or password registration entry.\n50140 - This error occurred due to 'Keep me signed in' interrupt when the user was signing-in."
                }
              }
            ]
          },
          {
            "name": "analytic27",
            "type": "Microsoft.Common.Section",
            "label": "First access credential added to Application or Service Principal where no credential was present",
            "elements": [
              {
                "name": "analytic27-text",
                "type": "Microsoft.Common.TextBlock",
                "options": {
                  "text": "This will alert when an admin or app owner account adds a new credential to an Application or Service Principal where there was no previous verify KeyCredential associated.\nIf a threat actor obtains access to an account with sufficient privileges and adds the alternate authentication material triggering this event, the threat actor can now authenticate as the Application or Service Principal using this credential.\nAdditional information on OAuth Credential Grants can be found in RFC 6749 Section 4.4 or https://docs.microsoft.com/azure/active-directory/develop/v2-oauth2-client-creds-grant-flow\nFor further information on AuditLogs please see https://docs.microsoft.com/azure/active-directory/reports-monitoring/reference-audit-activities."
                }
              }
            ]
          },
          {
            "name": "analytic28",
            "type": "Microsoft.Common.Section",
            "label": "Guest accounts added in Entra ID Groups other than the ones specified",
            "elements": [
              {
                "name": "analytic28-text",
                "type": "Microsoft.Common.TextBlock",
                "options": {
                  "text": "Guest Accounts are added in the Organization Tenants to perform various tasks i.e projects execution, support etc.. This detection notifies when guest users are added to Microsoft Entra ID Groups other than the ones specified and poses a risk to gain access to sensitive apps or data."
                }
              }
            ]
          },
          {
            "name": "analytic29",
            "type": "Microsoft.Common.Section",
            "label": "Mail.Read Permissions Granted to Application",
            "elements": [
              {
                "name": "analytic29-text",
                "type": "Microsoft.Common.TextBlock",
                "options": {
                  "text": "This query look for applications that have been granted (Delegated or App/Role) permissions to Read Mail (Permissions field has Mail.Read) and subsequently has been consented to. This can help identify applications that have been abused to gain access to mailboxes."
                }
              }
            ]
          },
          {
            "name": "analytic30",
            "type": "Microsoft.Common.Section",
            "label": "Suspicious application consent similar to O365 Attack Toolkit",
            "elements": [
              {
                "name": "analytic30-text",
                "type": "Microsoft.Common.TextBlock",
                "options": {
                  "text": "This will alert when a user consents to provide a previously-unknown Azure application with the same OAuth permissions used by the MDSec O365 Attack Toolkit (https://github.com/mdsecactivebreach/o365-attack-toolkit).\nThe default permissions/scope for the MDSec O365 Attack toolkit change sometimes but often include contacts.read, user.read, mail.read, notes.read.all, mailboxsettings.readwrite, files.readwrite.all, mail.send, files.read, and files.read.all.\nConsent to applications with these permissions should be rare, especially as the knownApplications list is expanded, especially as the knownApplications list is expanded. Public contributions to expand this filter are welcome!\nFor further information on AuditLogs please see https://docs.microsoft.com/azure/active-directory/reports-monitoring/reference-audit-activities."
                }
              }
            ]
          },
          {
            "name": "analytic31",
            "type": "Microsoft.Common.Section",
            "label": "Suspicious application consent similar to PwnAuth",
            "elements": [
              {
                "name": "analytic31-text",
                "type": "Microsoft.Common.TextBlock",
                "options": {
                  "text": "This will alert when a user consents to provide a previously-unknown Azure application with the same OAuth permissions used by the FireEye PwnAuth toolkit (https://github.com/fireeye/PwnAuth).\nThe default permissions/scope for the PwnAuth toolkit are user.read, offline_access, mail.readwrite, mail.send, and files.read.all.\nConsent to applications with these permissions should be rare, especially as the knownApplications list is expanded. Public contributions to expand this filter are welcome!\nFor further information on AuditLogs please see https://docs.microsoft.com/azure/active-directory/reports-monitoring/reference-audit-activities."
                }
              }
            ]
          },
          {
            "name": "analytic32",
            "type": "Microsoft.Common.Section",
            "label": "MFA Rejected by User",
            "elements": [
              {
                "name": "analytic32-text",
                "type": "Microsoft.Common.TextBlock",
                "options": {
                  "text": "Identifies occurances where a user has rejected an MFA prompt. This could be an indicator that a threat actor has compromised the username and password of this user account and is using it to try and log into the account.\nRef : https://docs.microsoft.com/azure/active-directory/fundamentals/security-operations-user-accounts#monitoring-for-failed-unusual-sign-ins\nThis query has also been updated to include UEBA logs IdentityInfo and BehaviorAnalytics for contextual information around the results."
                }
              }
            ]
          },
          {
            "name": "analytic33",
            "type": "Microsoft.Common.Section",
            "label": "MFA Spamming followed by Successful login",
            "elements": [
              {
                "name": "analytic33-text",
                "type": "Microsoft.Common.TextBlock",
                "options": {
                  "text": "Identifies MFA Spamming followed by Successful logins and by a successful authentication within a given time window,\nDefault Failure count is 10 and 1 successful login with default Time Window is 5 minutes."
                }
              }
            ]
          },
          {
            "name": "analytic34",
            "type": "Microsoft.Common.Section",
            "label": "Multiple admin membership removals from newly created admin.",
            "elements": [
              {
                "name": "analytic34-text",
                "type": "Microsoft.Common.TextBlock",
                "options": {
                  "text": "This query detects when newly created Global admin removes multiple existing global admins which can be an attempt by adversaries to lock down organization and retain sole access. \n Investigate reasoning and intention of multiple membership removal by new Global admins and take necessary actions accordingly."
                }
              }
            ]
          },
          {
            "name": "analytic35",
            "type": "Microsoft.Common.Section",
            "label": "New onmicrosoft domain added to tenant",
            "elements": [
              {
                "name": "analytic35-text",
                "type": "Microsoft.Common.TextBlock",
                "options": {
                  "text": "This detection looks for new onmicrosoft domains being added to a tenant. \nAn attacker who compromises a tenant may register a new onmicrosoft domain in order to masquerade as a service provider for launching phishing campaigns.\nDomain additions are not a common occurrence and users should validate that the domain was added by a legitimate user, with a legitimate purpose."
                }
              }
            ]
          },
          {
            "name": "analytic36",
            "type": "Microsoft.Common.Section",
            "label": "New access credential added to Application or Service Principal",
            "elements": [
              {
                "name": "analytic36-text",
                "type": "Microsoft.Common.TextBlock",
                "options": {
                  "text": "This will alert when an admin or app owner account adds a new credential to an Application or Service Principal where a verify KeyCredential was already present for the app.\nIf a threat actor obtains access to an account with sufficient privileges and adds the alternate authentication material triggering this event, the threat actor can now authenticate as the Application or Service Principal using this credential.\nAdditional information on OAuth Credential Grants can be found in RFC 6749 Section 4.4 or https://docs.microsoft.com/azure/active-directory/develop/v2-oauth2-client-creds-grant-flow\nFor further information on AuditLogs please see https://docs.microsoft.com/azure/active-directory/reports-monitoring/reference-audit-activities."
                }
              }
            ]
          },
          {
            "name": "analytic37",
            "type": "Microsoft.Common.Section",
            "label": "NRT Modified domain federation trust settings",
            "elements": [
              {
                "name": "analytic37-text",
                "type": "Microsoft.Common.TextBlock",
                "options": {
                  "text": "This will alert when a user or application modifies the federation settings on the domain or Update domain authentication from Managed to Federated.\nFor example, this alert will trigger when a new Active Directory Federated Service (ADFS) TrustedRealm object, such as a signing certificate, is added to the domain.\nModification to domain federation settings should be rare. Confirm the added or modified target domain/URL is legitimate administrator behavior.\nTo understand why an authorized user may update settings for a federated domain in Office 365, Azure, or Intune, see: https://docs.microsoft.com/office365/troubleshoot/active-directory/update-federated-domain-office-365.\nFor details on security realms that accept security tokens, see the ADFS Proxy Protocol (MS-ADFSPP) specification: https://docs.microsoft.com/openspecs/windows_protocols/ms-adfspp/e7b9ea73-1980-4318-96a6-da559486664b.\nFor further information on AuditLogs please see https://docs.microsoft.com/azure/active-directory/reports-monitoring/reference-audit-activities."
                }
              }
            ]
          },
          {
            "name": "analytic38",
            "type": "Microsoft.Common.Section",
            "label": "NRT Authentication Methods Changed for VIP Users",
            "elements": [
              {
                "name": "analytic38-text",
                "type": "Microsoft.Common.TextBlock",
                "options": {
                  "text": "Identifies authentication methods being changed for a list of VIP users watchlist. This could be an indication of an attacker adding an auth method to the account so they can have continued access."
                }
              }
            ]
          },
          {
            "name": "analytic39",
            "type": "Microsoft.Common.Section",
            "label": "NRT First access credential added to Application or Service Principal where no credential was present",
            "elements": [
              {
                "name": "analytic39-text",
                "type": "Microsoft.Common.TextBlock",
                "options": {
                  "text": "This will alert when an admin or app owner account adds a new credential to an Application or Service Principal where there was no previous verify KeyCredential associated.\nIf a threat actor obtains access to an account with sufficient privileges and adds the alternate authentication material triggering this event, the threat actor can now authenticate as the Application or Service Principal using this credential.\nAdditional information on OAuth Credential Grants can be found in RFC 6749 Section 4.4 or https://docs.microsoft.com/azure/active-directory/develop/v2-oauth2-client-creds-grant-flow\nFor further information on AuditLogs please see https://docs.microsoft.com/azure/active-directory/reports-monitoring/reference-audit-activities."
                }
              }
            ]
          },
          {
            "name": "analytic40",
            "type": "Microsoft.Common.Section",
            "label": "NRT New access credential added to Application or Service Principal",
            "elements": [
              {
                "name": "analytic40-text",
                "type": "Microsoft.Common.TextBlock",
                "options": {
                  "text": "This will alert when an admin or app owner account adds a new credential to an Application or Service Principal where a verify KeyCredential was already present for the app.\nIf a threat actor obtains access to an account with sufficient privileges and adds the alternate authentication material triggering this event, the threat actor can now authenticate as the Application or Service Principal using this credential.\nAdditional information on OAuth Credential Grants can be found in RFC 6749 Section 4.4 or https://docs.microsoft.com/azure/active-directory/develop/v2-oauth2-client-creds-grant-flow\nFor further information on AuditLogs please see https://docs.microsoft.com/azure/active-directory/reports-monitoring/reference-audit-activities."
                }
              }
            ]
          },
          {
            "name": "analytic41",
            "type": "Microsoft.Common.Section",
            "label": "NRT PIM Elevation Request Rejected",
            "elements": [
              {
                "name": "analytic41-text",
                "type": "Microsoft.Common.TextBlock",
                "options": {
                  "text": "Identifies when a user is rejected for a privileged role elevation via PIM. Monitor rejections for indicators of attacker compromise of the requesting account.\nRef : https://docs.microsoft.com/azure/active-directory/fundamentals/security-operations-privileged-identity-management"
                }
              }
            ]
          },
          {
            "name": "analytic42",
            "type": "Microsoft.Common.Section",
            "label": "NRT Privileged Role Assigned Outside PIM",
            "elements": [
              {
                "name": "analytic42-text",
                "type": "Microsoft.Common.TextBlock",
                "options": {
                  "text": "Identifies a privileged role being assigned to a user outside of PIM\nRef : https://docs.microsoft.com/azure/active-directory/fundamentals/security-operations-privileged-accounts#things-to-monitor-1"
                }
              }
            ]
          },
          {
            "name": "analytic43",
            "type": "Microsoft.Common.Section",
            "label": "NRT User added to Microsoft Entra ID Privileged Groups",
            "elements": [
              {
                "name": "analytic43-text",
                "type": "Microsoft.Common.TextBlock",
                "options": {
                  "text": "This will alert when a user is added to any of the Privileged Groups.\nFor further information on AuditLogs please see https://docs.microsoft.com/azure/active-directory/reports-monitoring/reference-audit-activities.\nFor Administrator role permissions in Microsoft Entra ID please see https://docs.microsoft.com/azure/active-directory/users-groups-roles/directory-assign-admin-roles"
                }
              }
            ]
          },
          {
            "name": "analytic44",
            "type": "Microsoft.Common.Section",
            "label": "PIM Elevation Request Rejected",
            "elements": [
              {
                "name": "analytic44-text",
                "type": "Microsoft.Common.TextBlock",
                "options": {
                  "text": "Identifies when a user is rejected for a privileged role elevation via PIM. Monitor rejections for indicators of attacker compromise of the requesting account.\nRef : https://docs.microsoft.com/azure/active-directory/fundamentals/security-operations-privileged-identity-management"
                }
              }
            ]
          },
          {
            "name": "analytic45",
            "type": "Microsoft.Common.Section",
            "label": "Privileged Accounts - Sign in Failure Spikes",
            "elements": [
              {
                "name": "analytic45-text",
                "type": "Microsoft.Common.TextBlock",
                "options": {
                  "text": " Identifies spike in failed sign-ins from Privileged accounts. Privileged accounts list can be based on IdentityInfo UEBA table.\nSpike is determined based on Time series anomaly which will look at historical baseline values.\nRef : https://docs.microsoft.com/azure/active-directory/fundamentals/security-operations-privileged-accounts#things-to-monitor"
                }
              }
            ]
          },
          {
            "name": "analytic46",
            "type": "Microsoft.Common.Section",
            "label": "Privileged Role Assigned Outside PIM",
            "elements": [
              {
                "name": "analytic46-text",
                "type": "Microsoft.Common.TextBlock",
                "options": {
                  "text": "Identifies a privileged role being assigned to a user outside of PIM\nRef : https://docs.microsoft.com/azure/active-directory/fundamentals/security-operations-privileged-accounts#things-to-monitor-1"
                }
              }
            ]
          },
          {
            "name": "analytic47",
            "type": "Microsoft.Common.Section",
            "label": "Rare application consent",
            "elements": [
              {
                "name": "analytic47-text",
                "type": "Microsoft.Common.TextBlock",
                "options": {
                  "text": "This will alert when the \"Consent to application\" operation occurs by a user that has not done this operation before or rarely does this.\nThis could indicate that permissions to access the listed Azure App were provided to a malicious actor.\nConsent to application, Add service principal and Add OAuth2PermissionGrant should typically be rare events.\nThis may help detect the Oauth2 attack that can be initiated by this publicly available tool - https://github.com/fireeye/PwnAuth\nFor further information on AuditLogs please see https://docs.microsoft.com/azure/active-directory/reports-monitoring/reference-audit-activities."
                }
              }
            ]
          },
          {
            "name": "analytic48",
            "type": "Microsoft.Common.Section",
            "label": "Password spray attack against Microsoft Entra ID Seamless SSO",
            "elements": [
              {
                "name": "analytic48-text",
                "type": "Microsoft.Common.TextBlock",
                "options": {
                  "text": "This query detects when there is a spike in Microsoft Entra ID Seamless SSO errors. They may not be caused by a Password Spray attack, but the cause of the errors might need to be investigated.\nMicrosoft Entra ID only logs the requests that matched existing accounts, thus there might have been unlogged requests for non-existing accounts."
                }
              }
            ]
          },
          {
            "name": "analytic49",
            "type": "Microsoft.Common.Section",
            "label": "GitHub Signin Burst from Multiple Locations",
            "elements": [
              {
                "name": "analytic49-text",
                "type": "Microsoft.Common.TextBlock",
                "options": {
                  "text": "This detection triggers when there is a Signin burst from multiple locations in GitHub (Entra ID SSO).\n This detection is based on configurable threshold which can be prone to false positives. To view the anomaly based equivalent of thie detection, please see here https://github.com/Azure/Azure-Sentinel/blob/master/Solutions/Microsoft%20Entra%20ID/Analytic%20Rules/AnomalousUserAppSigninLocationIncrease-detection.yaml. "
                }
              }
            ]
          },
          {
            "name": "analytic50",
            "type": "Microsoft.Common.Section",
            "label": "Sign-ins from IPs that attempt sign-ins to disabled accounts",
            "elements": [
              {
                "name": "analytic50-text",
                "type": "Microsoft.Common.TextBlock",
                "options": {
                  "text": "Identifies IPs with failed attempts to sign in to one or more disabled accounts using the IP through which successful signins from other accounts have happened.\nThis could indicate an attacker who obtained credentials for a list of accounts and is attempting to login with those accounts, some of which may have already been disabled.\nReferences: https://docs.microsoft.com/azure/active-directory/reports-monitoring/reference-sign-ins-error-codes\n50057 - User account is disabled. The account has been disabled by an administrator.\nThis query has also been updated to include UEBA logs IdentityInfo and BehaviorAnalytics for contextual information around the results."
                }
              }
            ]
          },
          {
            "name": "analytic51",
            "type": "Microsoft.Common.Section",
            "label": "Brute force attack against Azure Portal",
            "elements": [
              {
                "name": "analytic51-text",
                "type": "Microsoft.Common.TextBlock",
                "options": {
                  "text": "Detects Azure Portal brute force attacks by monitoring for multiple authentication failures and a successful login within a 20-minute window. Default settings: 10 failures, 25 deviations.\nRef: https://docs.microsoft.com/azure/active-directory/reports-monitoring/reference-sign-ins-error-codes."
                }
              }
            ]
          },
          {
            "name": "analytic52",
            "type": "Microsoft.Common.Section",
            "label": "Password spray attack against Microsoft Entra ID application",
            "elements": [
              {
                "name": "analytic52-text",
                "type": "Microsoft.Common.TextBlock",
                "options": {
                  "text": "Identifies evidence of password spray activity against Microsoft Entra ID applications by looking for failures from multiple accounts from the same\nIP address within a time window. If the number of accounts breaches the threshold just once, all failures from the IP address within the time range\nare bought into the result. Details on whether there were successful authentications by the IP address within the time window are also included.\nThis can be an indicator that an attack was successful.\nThe default failure acccount threshold is 5, Default time window for failures is 20m and default look back window is 1 day\nNote: Due to the number of possible accounts involved in a password spray it is not possible to map identities to a custom entity.\nReferences: https://docs.microsoft.com/azure/active-directory/reports-monitoring/reference-sign-ins-error-codes."
                }
              }
            ]
          },
          {
            "name": "analytic53",
            "type": "Microsoft.Common.Section",
            "label": "Successful logon from IP and failure from a different IP",
            "elements": [
              {
                "name": "analytic53-text",
                "type": "Microsoft.Common.TextBlock",
                "options": {
                  "text": "Identifies when a user account successfully logs onto an Azure App from one IP and within 10 mins failed to logon to the same App via a different IP (may indicate a malicious attempt at password guessing with known account). UEBA added for context."
                }
              }
            ]
          },
          {
            "name": "analytic54",
            "type": "Microsoft.Common.Section",
            "label": "Suspicious Entra ID Joined Device Update",
            "elements": [
              {
                "name": "analytic54-text",
                "type": "Microsoft.Common.TextBlock",
                "options": {
                  "text": "This query looks for suspicious updates to an Microsoft Entra ID joined device where the device name is changed and the device falls out of compliance.\nThis could occur when a threat actor updates the details of an Autopilot provisioned device using a stolen device ticket, in order to access certificates and keys.\nRef: https://dirkjanm.io/assets/raw/Insomnihack%20Breaking%20and%20fixing%20Azure%20AD%20device%20identity%20security.pdf"
                }
              }
            ]
          },
          {
            "name": "analytic55",
            "type": "Microsoft.Common.Section",
            "label": "Suspicious application consent for offline access",
            "elements": [
              {
                "name": "analytic55-text",
                "type": "Microsoft.Common.TextBlock",
                "options": {
                  "text": "This will alert when a user consents to provide a previously-unknown Azure application with offline access via OAuth.\nOffline access will provide the Azure App with access to the listed resources without requiring two-factor authentication.\nConsent to applications with offline access and read capabilities should be rare, especially as the knownApplications list is expanded. Public contributions to expand this filter are welcome!\nFor further information on AuditLogs please see https://docs.microsoft.com/azure/active-directory/reports-monitoring/reference-audit-activities."
                }
              }
            ]
          },
          {
            "name": "analytic56",
            "type": "Microsoft.Common.Section",
            "label": "Suspicious Service Principal creation activity",
            "elements": [
              {
                "name": "analytic56-text",
                "type": "Microsoft.Common.TextBlock",
                "options": {
                  "text": "This alert will detect creation of an SPN, permissions granted, credentials created, activity and deletion of the SPN in a time frame (default 10 minutes)"
                }
              }
            ]
          },
          {
            "name": "analytic57",
            "type": "Microsoft.Common.Section",
            "label": "Suspicious Sign In Followed by MFA Modification",
            "elements": [
              {
                "name": "analytic57-text",
                "type": "Microsoft.Common.TextBlock",
                "options": {
                  "text": "This query looks uses Microsoft Sentinel's UEBA features to look for suspicious logons followed by modifications to MFA settings by that user."
                }
              }
            ]
          },
          {
            "name": "analytic58",
            "type": "Microsoft.Common.Section",
            "label": "External guest invitation followed by Microsoft Entra ID PowerShell signin",
            "elements": [
              {
                "name": "analytic58-text",
                "type": "Microsoft.Common.TextBlock",
                "options": {
                  "text": "By default guests have capability to invite more external guest users, guests also can do suspicious Microsoft Entra ID enumeration. This detection look at guests\nusers, who have been invited or have invited recently, who also are logging via various PowerShell CLI.\nRef : 'https://danielchronlund.com/2021/11/18/scary-azure-ad-tenant-enumeration-using-regular-b2b-guest-accounts/"
                }
              }
            ]
          },
          {
            "name": "analytic59",
            "type": "Microsoft.Common.Section",
            "label": "User Accounts - Sign in Failure due to CA Spikes",
            "elements": [
              {
                "name": "analytic59-text",
                "type": "Microsoft.Common.TextBlock",
                "options": {
                  "text": " Identifies spike in failed sign-ins from user accounts due to conditional access policied.\nSpike is determined based on Time series anomaly which will look at historical baseline values.\nRef : https://docs.microsoft.com/azure/active-directory/fundamentals/security-operations-user-accounts#monitoring-for-failed-unusual-sign-ins\nThis query has also been updated to include UEBA logs IdentityInfo and BehaviorAnalytics for contextual information around the results."
                }
              }
            ]
          },
          {
            "name": "analytic60",
            "type": "Microsoft.Common.Section",
            "label": "User added to Microsoft Entra ID Privileged Groups",
            "elements": [
              {
                "name": "analytic60-text",
                "type": "Microsoft.Common.TextBlock",
                "options": {
                  "text": "This will alert when a user is added to any of the Privileged Groups.\nFor further information on AuditLogs please see https://docs.microsoft.com/azure/active-directory/reports-monitoring/reference-audit-activities.\nFor Administrator role permissions in Microsoft Entra ID please see https://docs.microsoft.com/azure/active-directory/users-groups-roles/directory-assign-admin-roles"
                }
              }
            ]
          },
          {
            "name": "analytic61",
            "type": "Microsoft.Common.Section",
            "label": "User Assigned New Privileged Role",
            "elements": [
              {
                "name": "analytic61-text",
                "type": "Microsoft.Common.TextBlock",
                "options": {
                  "text": "Identifies when a new eligible or active privileged role is assigned to a user. Does not alert on PIM activations. Any account eligible for a role is now being given privileged access. If the assignment is unexpected or into a role that isn't the responsibility of the account holder, investigate.\nRef : https://docs.microsoft.com/azure/active-directory/fundamentals/security-operations-privileged-accounts#things-to-monitor-1"
                }
              }
            ]
          },
          {
            "name": "analytic62",
            "type": "Microsoft.Common.Section",
            "label": "New User Assigned to Privileged Role",
            "elements": [
              {
                "name": "analytic62-text",
                "type": "Microsoft.Common.TextBlock",
                "options": {
                  "text": "Identifies when a privileged role is assigned to a new user. Any account eligible for a role is now being given privileged access. If the assignment is unexpected or into a role that isn't the responsibility of the account holder, investigate."
                }
              }
            ]
          }
        ]
      },
      {
        "name": "playbooks",
        "label": "Playbooks",
        "subLabel": {
          "preValidation": "Configure the playbooks",
          "postValidation": "Done"
        },
        "bladeTitle": "Playbooks",
        "elements": [
          {
            "name": "playbooks-text",
            "type": "Microsoft.Common.TextBlock",
            "options": {
              "text": "This solution installs the Playbook templates to help implement your Security Orchestration, Automation and Response (SOAR) operations. After installing the solution, these will be deployed under Playbook Templates in the Automation blade in Microsoft Sentinel. They can be configured and managed from the Manage solution view in Content Hub."
            }
          },
          {
            "name": "playbooks-link",
            "type": "Microsoft.Common.TextBlock",
            "options": {
              "link": {
                "label": "Learn more",
                "uri": "https://docs.microsoft.com/azure/sentinel/tutorial-respond-threats-playbook?WT.mc_id=Portal-Microsoft_Azure_CreateUIDef"
              }
            }
          }
        ]
      }
    ],
    "outputs": {
      "workspace-location": "[first(map(filter(basics('getLAWorkspace').value, (filter) => and(contains(toLower(filter.id), toLower(resourceGroup().name)),equals(filter.name,basics('workspace')))), (item) => item.location))]",
      "location": "[location()]",
      "workspace": "[basics('workspace')]"
    }
  }
}