{
  "$schema": "https://schema.management.azure.com/schemas/0.1.2-preview/CreateUIDefinition.MultiVm.json#",
  "handler": "Microsoft.Azure.CreateUIDef",
  "version": "0.1.2-preview",
  "parameters": {
    "config": {
      "isWizard": false,
      "basics": {
        "description": "<img src=\"https://raw.githubusercontent.com/Azure/Azure-Sentinel/master/Workbooks/Images/Logos/Azure_Sentinel.svg\" width=\"75px\" height=\"75px\">\n\n**Note:** _There may be [known issues](https://aka.ms/sentinelsolutionsknownissues) pertaining to this Solution, please refer to them before installing._\n\nThis solution enables insider risk management teams to investigate risk-based behavior across 25+ Microsoft products. This solution is a better-together story between Microsoft Sentinel and Microsoft Purview Insider Risk Management. The solution includes the Insider Risk Management Workbook, (5) Hunting Queries, (5) Analytics Rules, (1) Playbook automation and the Microsoft Purview Insider Risk Management connector. While only Microsoft Sentinel is required to get started, the solution is enhanced with numerous Microsoft offerings, including, but not limited to:\n\n- [Microsoft Purview Insider Risk Management](https://docs.microsoft.com/microsoft-365/compliance/insider-risk-management-solution-overview?view=o365-worldwide)\n- [Microsoft Purview Communications Compliance](https://docs.microsoft.com/microsoft-365/compliance/communication-compliance-solution-overview?view=o365-worldwide)\n- [Microsoft Purview Advanced eDiscovery](https://docs.microsoft.com/microsoft-365/compliance/ediscovery?view=o365-worldwide)\n- [Microsoft Purview Defender](https://www.microsoft.com/security/business/threat-protection/microsoft-365-defender?rtc=1)\n- [Microsoft Information Protection](https://docs.microsoft.com/microsoft-365/compliance/information-protection?view=o365-worldwide)\n- [Azure Active Directory](https://azure.microsoft.com/services/active-directory/)\n- [Microsoft Defender for Cloud](https://azure.microsoft.com/services/security-center/)\n- [Microsoft Sentinel Notebooks](https://docs.microsoft.com/azure/sentinel/notebooks) [(Bring Your Own Machine Learning)](https://docs.microsoft.com/azure/sentinel/bring-your-own-ml)\n- [Microsoft Defender for Endpoint](https://www.microsoft.com/security/business/threat-protection/endpoint-defender?rtc=1)\n- [Microsoft Defender for Identity](https://www.microsoft.com/security/business/threat-protection/identity-defender?rtc=1)\n- [Microsoft Defender for Cloud Apps](https://www.microsoft.com/security/business/cloud-apps-defender?rtc=1)\n- [Microsoft Defender for Office 365](https://www.microsoft.com/security/business/threat-protection/office-365-defender?rtc=1)\n\nMicrosoft Sentinel Solutions provide a consolidated way to acquire Microsoft Sentinel content like data connectors, workbooks, analytics, and automations in your workspace with a single deployment step.\n\n[Learn more about Microsoft Sentinel](https://aka.ms/azuresentinel) | [Learn more about Solutions](https://aka.ms/azuresentinelsolutionsdoc)\n\n**Data Connectors:** 1, **Workbooks:** 1, **Analytic Rules:** 5, **Hunting Queries:** 5, **Playbooks:** 1\n\n[Learn more about Microsoft Sentinel](https://aka.ms/azuresentinel) | [Learn more about Solutions](https://aka.ms/azuresentinelsolutionsdoc)",
        "subscription": {
          "resourceProviders": [
            "Microsoft.OperationsManagement/solutions",
            "Microsoft.OperationalInsights/workspaces/providers/alertRules",
            "Microsoft.Insights/workbooks",
            "Microsoft.Logic/workflows"
          ]
        },
        "location": {
          "metadata": {
            "hidden": "Hiding location, we get it from the log analytics workspace"
          },
          "visible": false
        },
        "resourceGroup": {
          "allowExisting": true
        }
      }
    },
    "basics": [
      {
        "name": "getLAWorkspace",
        "type": "Microsoft.Solutions.ArmApiControl",
        "toolTip": "This filters by workspaces that exist in the Resource Group selected",
        "condition": "[greater(length(resourceGroup().name),0)]",
        "request": {
          "method": "GET",
          "path": "[concat(subscription().id,'/providers/Microsoft.OperationalInsights/workspaces?api-version=2020-08-01')]"
        }
      },
      {
        "name": "workspace",
        "type": "Microsoft.Common.DropDown",
        "label": "Workspace",
        "placeholder": "Select a workspace",
        "toolTip": "This dropdown will list only workspace that exists in the Resource Group selected",
        "constraints": {
          "allowedValues": "[map(filter(basics('getLAWorkspace').value, (filter) => contains(toLower(filter.id), toLower(resourceGroup().name))), (item) => parse(concat('{\"label\":\"', item.name, '\",\"value\":\"', item.name, '\"}')))]",
          "required": true
        },
        "visible": true
      }
    ],
    "steps": [
      {
        "name": "dataconnectors",
        "label": "Data Connectors",
        "bladeTitle": "Data Connectors",
        "elements": [
          {
            "name": "dataconnectors1-text",
            "type": "Microsoft.Common.TextBlock",
            "options": {
              "text": "This Solution installs the data connector for MicrosoftPurviewInsiderRiskManagement. You can get Microsoft Purview Insider Risk Management custom log data in your Microsoft Sentinel workspace. Configure and enable this data connector by following guidance in Manage solution view. This data connector creates custom log table(s) SecurityAlert (OfficeIRM) in your Microsoft Sentinel / Azure Log Analytics workspace."
            }
          },
          {
            "name": "dataconnectors-link2",
            "type": "Microsoft.Common.TextBlock",
            "options": {
              "link": {
                "label": "Learn more about connecting data sources",
                "uri": "https://docs.microsoft.com/azure/sentinel/connect-data-sources"
              }
            }
          }
        ]
      },
      {
        "name": "workbooks",
        "label": "Workbooks",
        "subLabel": {
          "preValidation": "Configure the workbooks",
          "postValidation": "Done"
        },
        "bladeTitle": "Workbooks",
        "elements": [
          {
            "name": "workbooks-text",
            "type": "Microsoft.Common.TextBlock",
            "options": {
              "text": "This solution installs workbook(s) to help you gain insights into the telemetry collected in Microsoft Sentinel. After installing the solution, start using the workbook in Manage solution view."
            }
          },
          {
            "name": "workbooks-link",
            "type": "Microsoft.Common.TextBlock",
            "options": {
              "link": {
                "label": "Learn more",
                "uri": "https://docs.microsoft.com/azure/sentinel/tutorial-monitor-your-data"
              }
            }
          }
        ]
      },
      {
        "name": "analytics",
        "label": "Analytics",
        "subLabel": {
          "preValidation": "Configure the analytics",
          "postValidation": "Done"
        },
        "bladeTitle": "Analytics",
        "elements": [
          {
            "name": "analytics-text",
            "type": "Microsoft.Common.TextBlock",
            "options": {
              "text": "This solution installs the following analytic rule templates. After installing the solution, create and enable analytic rules in Manage solution view."
            }
          },
          {
            "name": "analytics-link",
            "type": "Microsoft.Common.TextBlock",
            "options": {
              "link": {
                "label": "Learn more",
                "uri": "https://docs.microsoft.com/azure/sentinel/tutorial-detect-threats-custom?WT.mc_id=Portal-Microsoft_Azure_CreateUIDef"
              }
            }
          },
          {
            "name": "analytic1",
            "type": "Microsoft.Common.Section",
            "label": "Insider Risk_High User Security Alert Correlations",
            "elements": [
              {
                "name": "analytic1-text",
                "type": "Microsoft.Common.TextBlock",
                "options": {
                  "text": "This alert joins SecurityAlerts from Microsoft Products with SecurityIncidents from Microsoft Sentinel and Microsoft 365 Defender. This join allows for identifying patterns in user principal names associated with respective security alerts. A machine learning function (Basket) is leveraged with a .001 threshold. Baset finds all frequent patterns of discrete attributes (dimensions) in the data. It returns the frequent patterns passed the frequency threshold. This query evaluates UserPrincipalName for patterns in SecurityAlerts and Reporting Security Tools. This query can be further tuned/configured for higher confidence percentages, security products, or alert severities pending the needs of the organization. There is an option for configuration of correlations against Microsoft Sentinel watchlists. For more information on the basket plugin, see [basket plugin](https://docs.microsoft.com/azure/data-explorer/kusto/query/basketplugin)"
                }
              }
            ]
          },
          {
            "name": "analytic2",
            "type": "Microsoft.Common.Section",
            "label": "Insider Risk_High User Security Incidents Correlation",
            "elements": [
              {
                "name": "analytic2-text",
                "type": "Microsoft.Common.TextBlock",
                "options": {
                  "text": "This alert joins SecurityAlerts to SecurityIncidents to associate Security Alerts and Incidents with user accounts. This aligns all Microsoft Alerting Products with Microsoft Incident Generating Products (Microsoft Sentinel, M365 Defender) for a count of user security incidents over time. The default threshold is 5 security incidents, and this is customizable per the organization's requirements. Results include UserPrincipalName (UPN), SecurityIncident, LastIncident, ProductName, LastObservedTime, and Previous Incidents. There is an option for configuration of correlations against Microsoft Sentinel watchlists. For more information, see [Investigate incidents with Microsoft Sentinel]( https://docs.microsoft.com/azure/sentinel/investigate-cases)."
                }
              }
            ]
          },
          {
            "name": "analytic3",
            "type": "Microsoft.Common.Section",
            "label": "Insider Risk_Microsoft Purview Insider Risk Management Alert Observed",
            "elements": [
              {
                "name": "analytic3-text",
                "type": "Microsoft.Common.TextBlock",
                "options": {
                  "text": "This alert is triggered when a Microsoft Purview Insider Risk Management alert is recieved in Microsoft Sentinel via the Microsoft Purview Insider Risk Management Connector. The alert extracts usernames from security alerts to provide UserPrincipalName, Alert Name, Reporting Product Name, Status, Alert Link, Previous Alerts Links, Time Generated. There is an option for configuration of correlations against Microsoft Sentinel watchlists. For more information, see [Learn about insider risk management](https://docs.microsoft.com/microsoft-365/compliance/insider-risk-management)"
                }
              }
            ]
          },
          {
            "name": "analytic4",
            "type": "Microsoft.Common.Section",
            "label": "Insider Risk_Sensitive Data Access Outside Organizational Geo-location",
            "elements": [
              {
                "name": "analytic4-text",
                "type": "Microsoft.Common.TextBlock",
                "options": {
                  "text": "This alert joins Azure Information Protection Logs (InformationProtectionLogs_CL) with Azure Active Directory Sign in Logs (SigninLogs) to provide a correlation of sensitive data access by geo-location. Results include User Principal Name, Label Name, Activity, City, State, Country/Region, and Time Generated. Recommended configuration is to include (or exclude) Sign in geo-locations (City, State, Country and/or Region) for trusted organizational locations. There is an option for configuration of correlations against Microsoft Sentinel watchlists. Accessing sensitive data from a new or unauthorized geo-location warrants further review. For more information see [Sign-in logs in Azure Active Directory: Location Filtering](https://docs.microsoft.com/azure/active-directory/reports-monitoring/concept-sign-ins)"
                }
              }
            ]
          },
          {
            "name": "analytic5",
            "type": "Microsoft.Common.Section",
            "label": "Insider Risk_Risky User Access By Application",
            "elements": [
              {
                "name": "analytic5-text",
                "type": "Microsoft.Common.TextBlock",
                "options": {
                  "text": "This alert evaluates Azure Active Directory Sign in risk via Machine Learning correlations in the basket operator. The basket threshold is adjustable, and the default is set to .01. There is an optional configuration to configure the percentage rates. The correlations are designed to leverage machine learning to identify patterns of risky user application access. There is an option for configuration of correlations against Microsoft Sentinel watchlists. For more information, see [Tutorial: Use risk detections for user sign-ins to trigger Azure AD Multi-Factor Authentication or password changes](https://docs.microsoft.com/azure/active-directory/authentication/tutorial-risk-based-sspr-mfa)"
                }
              }
            ]
          }
        ]
      },
      {
        "name": "huntingqueries",
        "label": "Hunting Queries",
        "bladeTitle": "Hunting Queries",
        "elements": [
          {
            "name": "huntingqueries-text",
            "type": "Microsoft.Common.TextBlock",
            "options": {
              "text": "This solution installs the following hunting queries. After installing the solution, run these hunting queries to hunt for threats in Manage solution view. "
            }
          },
          {
            "name": "huntingqueries-link",
            "type": "Microsoft.Common.TextBlock",
            "options": {
              "link": {
                "label": "Learn more",
                "uri": "https://docs.microsoft.com/azure/sentinel/hunting"
              }
            }
          },
          {
            "name": "huntingquery1",
            "type": "Microsoft.Common.Section",
            "label": "Insider Risk_Entity Anomaly Followed by IRM Alert",
            "elements": [
              {
                "name": "huntingquery1-text",
                "type": "Microsoft.Common.TextBlock",
                "options": {
                  "text": "This query joins Microsoft Sentinel Entity Insights with Microsoft Purview Insider Risk Management Alerts. There is also an option for configuration of correlations against watchlists. For more information, see https://docs.microsoft.com/azure/sentinel/watchlists It depends on the BehaviorAnalytics OfficeATP data connector and BehaviorAnalytics SecurityAlert (Office 365) data type and BehaviorAnalytics OfficeATP parser."
                }
              }
            ]
          },
          {
            "name": "huntingquery2",
            "type": "Microsoft.Common.Section",
            "label": "Insider Risk_ISP Anomaly to Exfil",
            "elements": [
              {
                "name": "huntingquery2-text",
                "type": "Microsoft.Common.TextBlock",
                "options": {
                  "text": "This query joins UEBA to Security Alerts from Microsoft products for a correlation of Internet Service Provider anomalies to data exfiltration (watchlist options). For more information, see https://docs.microsoft.com/azure/sentinel/watchlists It depends on the BehaviorAnalytics MicrosoftDefenderAdvancedThreatProtection AzureActiveDirectoryIdentityProtection AzureSecurityCenter IoT MicrosoftCloudAppSecurity IoT OfficeATP data connector and BehaviorAnalytics SecurityAlert (MDATP) SecurityAlert (IPC) SecurityAlert (ASC) SecurityAlert (ASC for IoT) SecurityAlert (ASC for IoT) SecurityAlert (MCAS) SecurityAlert (Office 365) data type and BehaviorAnalytics MicrosoftDefenderAdvancedThreatProtection AzureActiveDirectoryIdentityProtection AzureSecurityCenter IoT MicrosoftCloudAppSecurity IoT OfficeATP parser."
                }
              }
            ]
          },
          {
            "name": "huntingquery3",
            "type": "Microsoft.Common.Section",
            "label": "Insider Risk_Multiple Entity-Based Anomalies",
            "elements": [
              {
                "name": "huntingquery3-text",
                "type": "Microsoft.Common.TextBlock",
                "options": {
                  "text": "This query returns entity counts by anomaly and user principal name including ranges for start/end time observed (watchlists configurable). For more information, see https://docs.microsoft.com/azure/sentinel/watchlists It depends on the BehaviorAnalytics AzureActiveDirectory data connector and BehaviorAnalytics SigninLogs data type and BehaviorAnalytics AzureActiveDirectory parser."
                }
              }
            ]
          },
          {
            "name": "huntingquery4",
            "type": "Microsoft.Common.Section",
            "label": "Insider Risk_Possible Sabotage",
            "elements": [
              {
                "name": "huntingquery4-text",
                "type": "Microsoft.Common.TextBlock",
                "options": {
                  "text": "This query correlates users with entity anomalies, security alerts, and delete/remove actions for identification of possible sabotage activities (watchlists configurable). For more information, see https://docs.microsoft.com/azure/sentinel/watchlists It depends on the BehaviorAnalytics MicrosoftDefenderAdvancedThreatProtection AzureActiveDirectoryIdentityProtection AzureSecurityCenter IoT MicrosoftCloudAppSecurity IoT OfficeATP AzureActivity data connector and BehaviorAnalytics SecurityAlert (MDATP) SecurityAlert (IPC) SecurityAlert (ASC) SecurityAlert (ASC for IoT) SecurityAlert (ASC for IoT) SecurityAlert (MCAS) SecurityAlert (Office 365) AzureActivity data type and BehaviorAnalytics MicrosoftDefenderAdvancedThreatProtection AzureActiveDirectoryIdentityProtection AzureSecurityCenter IoT MicrosoftCloudAppSecurity IoT OfficeATP AzureActivity parser."
                }
              }
            ]
          },
          {
            "name": "huntingquery5",
            "type": "Microsoft.Common.Section",
            "label": "Insider Risk_Sign In Risk Followed By Sensitive Data Access",
            "elements": [
              {
                "name": "huntingquery5-text",
                "type": "Microsoft.Common.TextBlock",
                "options": {
                  "text": "This query correlates a risky user sign ins with access to sensitive data classified by data loss prevention capabilities (watchlist configurable). For more information, see https://docs.microsoft.com/azure/sentinel/watchlists It depends on the AzureInformationProtection AzureActiveDirectory data connector and InformationProtectionLogs_CL SigninLogs data type and AzureInformationProtection AzureActiveDirectory parser."
                }
              }
            ]
          }
        ]
      },
      {
        "name": "playbooks",
        "label": "Playbooks",
        "subLabel": {
          "preValidation": "Configure the playbooks",
          "postValidation": "Done"
        },
        "bladeTitle": "Playbooks",
        "elements": [
          {
            "name": "playbooks-text",
            "type": "Microsoft.Common.TextBlock",
            "options": {
              "text": "This solution installs the Playbook templates to help implement your Security Orchestration, Automation and Response (SOAR) operations. After installing the solution, these will be deployed under Playbook Templates in the Automation blade in Microsoft Sentinel. They can be configured and managed from the Manage solution view in Content Hub."
            }
          },
          {
            "name": "playbooks-link",
            "type": "Microsoft.Common.TextBlock",
            "options": {
              "link": {
                "label": "Learn more",
                "uri": "https://docs.microsoft.com/azure/sentinel/tutorial-respond-threats-playbook?WT.mc_id=Portal-Microsoft_Azure_CreateUIDef"
              }
            }
          }
        ]
      }
    ],
    "outputs": {
      "workspace-location": "[first(map(filter(basics('getLAWorkspace').value, (filter) => and(contains(toLower(filter.id), toLower(resourceGroup().name)),equals(filter.name,basics('workspace')))), (item) => item.location))]",
      "location": "[location()]",
      "workspace": "[basics('workspace')]"
    }
  }
}
