{
  "$schema": "https://schema.management.azure.com/schemas/0.1.2-preview/CreateUIDefinition.MultiVm.json#",
  "handler": "Microsoft.Azure.CreateUIDef",
  "version": "0.1.2-preview",
  "parameters": {
    "config": {
      "isWizard": false,
      "basics": {
        "description": "<img src=\"https://raw.githubusercontent.com/Azure/Azure-Sentinel/master/Workbooks/Images/Logos/Azure_Sentinel.svg\" width=\"75px\" height=\"75px\">\n\n**Important:** _This Azure Sentinel Solution is currently in public preview. This feature is provided without a service level agreement, and it's not recommended for production workloads. Certain features might not be supported or might have constrained capabilities. For more information, see [Supplemental Terms of Use for Microsoft Azure Previews](https://azure.microsoft.com/support/legal/preview-supplemental-terms/)._\n\n**Note:** _There may be [known issues](https://aka.ms/sentinelsolutionsknownissues) pertaining to this Solution, please refer to them before installing._\n\nThis solution enables insider risk management teams to investigate risk-based behavior across 25+ Microsoft products. This solution is a better-together story between Microsoft Sentinel and Microsoft 365 Insider Risk Management. The solution includes the Insider Risk Management Workbook, (5) Hunting Queries, (5) Analytics Rules, (1) Playbook automation and the Microsoft 365 Insider Risk Management connector. While only Microsoft Sentinel is required to get started, the solution is enhanced with numerous Microsoft offerings, including, but not limited to:\n\n- [Microsoft 365 Insider Risk Management](https://docs.microsoft.com/microsoft-365/compliance/insider-risk-management-solution-overview?view=o365-worldwide)\n- [Microsoft 365 Communications Compliance](https://docs.microsoft.com/microsoft-365/compliance/communication-compliance-solution-overview?view=o365-worldwide)\n- [Microsoft 365 Advanced eDiscovery](https://docs.microsoft.com/microsoft-365/compliance/ediscovery?view=o365-worldwide)\n- [Microsoft 365 Defender](https://www.microsoft.com/security/business/threat-protection/microsoft-365-defender?rtc=1)\n- [Microsoft Information Protection](https://docs.microsoft.com/microsoft-365/compliance/information-protection?view=o365-worldwide)\n- [Azure Active Directory](https://azure.microsoft.com/services/active-directory/)\n- [Microsoft Defender for Cloud](https://azure.microsoft.com/services/security-center/)\n- [Microsoft Sentinel Notebooks](https://docs.microsoft.com/azure/sentinel/notebooks) [(Bring Your Own Machine Learning)](https://docs.microsoft.com/azure/sentinel/bring-your-own-ml)\n- [Microsoft Defender for Endpoint](https://www.microsoft.com/security/business/threat-protection/endpoint-defender?rtc=1)\n- [Microsoft Defender for Identity](https://www.microsoft.com/security/business/threat-protection/identity-defender?rtc=1)\n- [Microsoft Defender for Cloud Apps](https://www.microsoft.com/security/business/cloud-apps-defender?rtc=1)\n- [Microsoft Defender for Office 365](https://www.microsoft.com/security/business/threat-protection/office-365-defender?rtc=1)\n\nAzure Sentinel Solutions provide a consolidated way to acquire Azure Sentinel content like data connectors, workbooks, analytics, and automations in your workspace with a single deployment step.\n\n[Learn more about Azure Sentinel](https://aka.ms/azuresentinel) | [Learn more about Solutions](https://aka.ms/azuresentinelsolutionsdoc)",
        "subscription": {
          "resourceProviders": [
            "Microsoft.OperationsManagement/solutions",
            "Microsoft.OperationalInsights/workspaces/providers/alertRules",
            "Microsoft.Insights/workbooks",
            "Microsoft.Logic/workflows"
          ]
        },
        "location": {
          "metadata": {
            "hidden": "Hiding location, we get it from the log analytics workspace"
          },
          "visible": false
        },
        "resourceGroup": {
          "allowExisting": true
        }
      }
    },
    "basics": [
      {
        "name": "getLAWorkspace",
        "type": "Microsoft.Solutions.ArmApiControl",
        "toolTip": "This filters by workspaces that exist in the Resource Group selected",
        "condition": "[greater(length(resourceGroup().name),0)]",
        "request": {
          "method": "GET",
          "path": "[concat(subscription().id,'/providers/Microsoft.OperationalInsights/workspaces?api-version=2020-08-01')]"
        }
      },
      {
        "name": "workspace",
        "type": "Microsoft.Common.DropDown",
        "label": "Workspace",
        "placeholder": "Select a workspace",
        "toolTip": "This dropdown will list only workspace that exists in the Resource Group selected",
        "constraints": {
          "allowedValues": "[map(filter(basics('getLAWorkspace').value, (filter) => contains(filter.id, toLower(resourceGroup().name))), (item) => parse(concat('{\"label\":\"', item.name, '\",\"value\":\"', item.name, '\"}')))]",
          "required": true
        },
        "visible": true
      }
    ],
    "steps": [
      {
        "name": "workbooks",
        "label": "Workbooks",
        "subLabel": {
          "preValidation": "Configure the workbooks",
          "postValidation": "Done"
        },
        "bladeTitle": "Workbooks",
        "elements": [
          {
            "name": "workbooks-text",
            "type": "Microsoft.Common.TextBlock",
            "options": {
              "text": "This Azure Sentinel Solution installs workbooks. Workbooks provide a flexible canvas for data monitoring, analysis, and the creation of rich visual reports within the Azure portal. They allow you to tap into one or many data sources from Azure Sentinel and combine them into unified interactive experiences.",
              "link": {
                "label": "Learn more",
                "uri": "https://docs.microsoft.com/azure/sentinel/tutorial-monitor-your-data"
              }
            }
          },
          {
            "name": "workbook1",
            "type": "Microsoft.Common.Section",
            "label": "MicrosoftInsiderRiskManagement",
            "elements": [
              {
                "name": "workbook1-text",
                "type": "Microsoft.Common.TextBlock",
                "options": {
                  "text": "The Azure Sentinel: Insider Risk Management Workbook demonstrates the “better together” story between Microsoft 365 Insider Risk Management and Azure Sentinel. This workbook integrates telemetry from 25+ Microsoft security products to provide actionable insights into insider risk management. Reporting tools provide “Go to Alert” links to provide deeper integration between products and a simplified user experience for exploring alerts. A filter set provides custom reporting for Guide, Subscription, Workspace, and Time. The workbook can be exported as a PDF or print report via the Print Workbooks feature. Content sections include Overviews, Insider Risk Management, Watchlist, and User Forensics. The Overview tab provides recommendations for building insider risk program architectures. The Insider Risk tab provides alert reporting by both insider risk scenarios such as Sensitive Data Leaks, Security Violations, and MITRE ATT&CK tactics. The Watchlist tab provides filtering by Azure Sentinel Watchlists and the User Forensics tab collects logging telemetry by user. The user experience includes designing insider risk management architectures and streamlining telemetry from all users > watchlist > specific users while transitioning to M365 Insider Risk Management to investigate/resolve activity of interest."
                }
              },
              {
                "name": "workbook1-name",
                "type": "Microsoft.Common.TextBox",
                "label": "Display Name",
                "defaultValue": "MicrosoftInsiderRiskManagement",
                "toolTip": "Display name for the workbook.",
                "constraints": {
                  "required": true,
                  "regex": "[a-z0-9A-Z]{1,256}$",
                  "validationMessage": "Please enter a workbook name"
                }
              }
            ]
          }
        ]
      },
      {
        "name": "analytics",
        "label": "Analytics",
        "subLabel": {
          "preValidation": "Configure the analytics",
          "postValidation": "Done"
        },
        "bladeTitle": "Analytics",
        "elements": [
          {
            "name": "analytics-text",
            "type": "Microsoft.Common.TextBlock",
            "options": {
              "text": "This Azure Sentinel Solution installs analytic rules for MicrosoftInsiderRiskManagement that you can enable for custom alert generation in Azure Sentinel. These analytic rules will be deployed in disabled mode in the analytics rules gallery of your Azure Sentinel workspace. Configure and enable these rules in the analytic rules gallery after this Solution deploys.",
              "link": {
                "label": "Learn more",
                "uri": "https://docs.microsoft.com/azure/sentinel/tutorial-detect-threats-custom?WT.mc_id=Portal-Microsoft_Azure_CreateUIDef"
              }
            }
          },
          {
            "name": "analytic1",
            "type": "Microsoft.Common.Section",
            "label": "(Preview) Insider Risk - High User Security Alert Correlations",
            "elements": [
              {
                "name": "analytic1-text",
                "type": "Microsoft.Common.TextBlock",
                "options": {
                  "text": "This alert joins SecurityAlerts from Microsoft Products with SecurityIncidents from Azure Sentinel and Microsoft 365 Defender. This join allows for identifying patterns in user principal names associated with respective security alerts. A machine learning function (Basket) is leveraged with a .001 threshold. Baset finds all frequent patterns of discrete attributes (dimensions) in the data. It returns the frequent patterns passed the frequency threshold. This query evaluates UserPrincipalName for patterns in SecurityAlerts and Reporting Security Tools. This query can be further tuned/configured for higher confidence percentages, security products, or alert severities pending the needs of the organization. There is an option for configuration of correlations against Azure Sentinel watchlists. For more information on the basket plugin, see [basket plugin](https://docs.microsoft.com/azure/data-explorer/kusto/query/basketplugin)"
                }
              }
            ]
          },
          {
            "name": "analytic2",
            "type": "Microsoft.Common.Section",
            "label": "(Preview) Insider Risk - High User Security Incidents Correlation",
            "elements": [
              {
                "name": "analytic2-text",
                "type": "Microsoft.Common.TextBlock",
                "options": {
                  "text": "This alert joins SecurityAlerts to SecurityIncidents to associate Security Alerts and Incidents with user accounts. This aligns all Microsoft Alerting Products (MCAS, MDE, ASC, etc.) with Microsoft Incident Generating Products (Azure Sentinel, M365 Defender) for a count of user security incidents over time. The default threshold is 5 security incidents, and this is customizable per the organization's requirements. Results include UserPrincipalName (UPN), SecurityIncident, LastIncident, ProductName, LastObservedTime, and Previous Incidents. There is an option for configuration of correlations against Azure Sentinel watchlists. For more information, see [Investigate incidents with Azure Sentinel]( https://docs.microsoft.com/azure/sentinel/investigate-cases)."
                }
              }
            ]
          },
          {
            "name": "analytic3",
            "type": "Microsoft.Common.Section",
            "label": "(Preview) Insider Risk - Microsoft 365 Insider Risk Management Alert Observed",
            "elements": [
              {
                "name": "analytic3-text",
                "type": "Microsoft.Common.TextBlock",
                "options": {
                  "text": "This alert is triggered when a Microsoft 365 Insider Risk Management alert is recieved in Azure Sentinel via the Microsoft 365 Insider Risk Management Connector. The alert extracts usernames from security alerts to provide UserPrincipalName, Alert Name, Reporting Product Name, Status, Alert Link, Previous Alerts Links, Time Generated. There is an option for configuration of correlations against Azure Sentinel watchlists. For more information, see [Learn about insider risk management in Microsoft 365](https://docs.microsoft.com/microsoft-365/compliance/insider-risk-management)"
                }
              }
            ]
          },
          {
            "name": "analytic4",
            "type": "Microsoft.Common.Section",
            "label": "(Preview) Insider Risk - Sensitive Data Access Outside Organziational Geolocations",
            "elements": [
              {
                "name": "analytic4-text",
                "type": "Microsoft.Common.TextBlock",
                "options": {
                  "text": "This alert joins Azure Information Protection Logs (InformationProtectionLogs_CL) with Azure Active Directory Sign in Logs (SigninLogs) to provide a correlation of sensitive data access by geolocation. Results include User Principal Name, Label Name, Activity, City, State, Country/Region, and Time Generated. Recommended configuration is to include (or exclude) Sign in geolocations (City, State, Country and/or Region) for trusted organizational locations. There is an option for configuration of correlations against Azure Sentinel watchlists. Accessing sensitive data from a new or unauthorized geolocation warrants further review. For more information see [Sign-in logs in Azure Active Directory: Location Filtering](https://docs.microsoft.com/azure/active-directory/reports-monitoring/concept-sign-ins)"
                }
              }
            ]
          },
          {
            "name": "analytic5",
            "type": "Microsoft.Common.Section",
            "label": "(Preview) Insider Risk - Risky User Access By Application",
            "elements": [
              {
                "name": "analytic5-text",
                "type": "Microsoft.Common.TextBlock",
                "options": {
                  "text": "This alert evaluates Azure Active Directory Sign in risk via Machine Learning correlations in the basket operator. The basket threshold is adjustable, and the default is set to .01. There is an optional configuration to configure the percentage rates. The correlations are designed to leverage machine learning to identify patterns of risky user application access. There is an option for configuration of correlations against Azure Sentinel watchlists. For more information, see [Tutorial: Use risk detections for user sign-ins to trigger Azure AD Multi-Factor Authentication or password changes](https://docs.microsoft.com/azure/active-directory/authentication/tutorial-risk-based-sspr-mfa)"
                }
              }
            ]
          }
        ]
      },
      {
        "name": "huntingqueries",
        "label": "Hunting Queries",
        "bladeTitle": "Hunting Queries",
        "elements": [
          {
            "name": "huntingqueries-text",
            "type": "Microsoft.Common.TextBlock",
            "options": {
              "text": "This Azure Sentinel Solution installs hunting queries for MicrosoftInsiderRiskManagement that you can run in Azure Sentinel. These hunting queries will be deployed in the Hunting gallery of your Azure Sentinel workspace. Run these hunting queries to hunt for threats in the Hunting gallery after this Solution deploys.",
              "link": {
                "label": "Learn more",
                "uri": "https://docs.microsoft.com/azure/sentinel/hunting"
              }
            }
          },
          {
            "name": "huntingquery1",
            "type": "Microsoft.Common.Section",
            "label": "Insider Risk - Entity Anomaly Followed by IRM Alert",
            "elements": [
              {
                "name": "huntingquery1-text",
                "type": "Microsoft.Common.TextBlock",
                "options": {
                  "text": "This query joins Azure Sentinel UEBA with Microsoft 365 Insider Risk Management Alerts. There is also an option for configuration of correlations against watchlists. For more information, see https://docs.microsoft.com/azure/sentinel/watchlists It depends on the BehaviorAnalytics OfficeATP data connector and BehaviorAnalytics SecurityAlert (Office 365) data type and BehaviorAnalytics OfficeATP parser."
                }
              }
            ]
          },
          {
            "name": "huntingquery2",
            "type": "Microsoft.Common.Section",
            "label": "Insider Risk - ISP Anomaly to Exfil",
            "elements": [
              {
                "name": "huntingquery2-text",
                "type": "Microsoft.Common.TextBlock",
                "options": {
                  "text": "This query joins UEBA to Security Alerts from Microsoft products for a correlation of Internet Service Provider anomalies to data exfiltration (watchlist options). For more information, see https://docs.microsoft.com/azure/sentinel/watchlists It depends on the BehaviorAnalytics MicrosoftDefenderAdvancedThreatProtection AzureActiveDirectoryIdentityProtection AzureSecurityCenter IoT MicrosoftCloudAppSecurity IoT OfficeATP data connector and BehaviorAnalytics SecurityAlert (MDATP) SecurityAlert (IPC) SecurityAlert (ASC) SecurityAlert (ASC for IoT) SecurityAlert (ASC for IoT) SecurityAlert (MCAS) SecurityAlert (Office 365) data type and BehaviorAnalytics MicrosoftDefenderAdvancedThreatProtection AzureActiveDirectoryIdentityProtection AzureSecurityCenter IoT MicrosoftCloudAppSecurity IoT OfficeATP parser."
                }
              }
            ]
          },
          {
            "name": "huntingquery3",
            "type": "Microsoft.Common.Section",
            "label": "Insider Risk - Multiple Entity-Based Anomalies",
            "elements": [
              {
                "name": "huntingquery3-text",
                "type": "Microsoft.Common.TextBlock",
                "options": {
                  "text": "This query returns entity counts by anomaly and user principal name including ranges for start/end time observed (watchlists configurable). For more information, see https://docs.microsoft.com/azure/sentinel/watchlists It depends on the BehaviorAnalytics AzureActiveDirectory data connector and BehaviorAnalytics SigninLogs data type and BehaviorAnalytics AzureActiveDirectory parser."
                }
              }
            ]
          },
          {
            "name": "huntingquery4",
            "type": "Microsoft.Common.Section",
            "label": "Insider Risk - Possible Sabotage",
            "elements": [
              {
                "name": "huntingquery4-text",
                "type": "Microsoft.Common.TextBlock",
                "options": {
                  "text": "This query correlates users with entity anomalies, security alerts, and delete/remove actions for identification of possible sabotage activities (watchlists configurable). For more information, see https://docs.microsoft.com/azure/sentinel/watchlists It depends on the BehaviorAnalytics MicrosoftDefenderAdvancedThreatProtection AzureActiveDirectoryIdentityProtection AzureSecurityCenter IoT MicrosoftCloudAppSecurity IoT OfficeATP AzureActivity data connector and BehaviorAnalytics SecurityAlert (MDATP) SecurityAlert (IPC) SecurityAlert (ASC) SecurityAlert (ASC for IoT) SecurityAlert (ASC for IoT) SecurityAlert (MCAS) SecurityAlert (Office 365) AzureActivity data type and BehaviorAnalytics MicrosoftDefenderAdvancedThreatProtection AzureActiveDirectoryIdentityProtection AzureSecurityCenter IoT MicrosoftCloudAppSecurity IoT OfficeATP AzureActivity parser."
                }
              }
            ]
          },
          {
            "name": "huntingquery5",
            "type": "Microsoft.Common.Section",
            "label": "Insider Risk - Sign In Risk Followed By Sensitive Data Access",
            "elements": [
              {
                "name": "huntingquery5-text",
                "type": "Microsoft.Common.TextBlock",
                "options": {
                  "text": "This query correlates a risky user sign ins with access to sensitive data classified by data loss prevention capabilities (watchlist configurable). For more information, see https://docs.microsoft.com/azure/sentinel/watchlists It depends on the AzureInformationProtection AzureActiveDirectory data connector and InformationProtectionLogs_CL SigninLogs data type and AzureInformationProtection AzureActiveDirectory parser."
                }
              }
            ]
          }
        ]
      },
      {
        "name": "playbooks",
        "label": "Playbooks",
        "subLabel": {
          "preValidation": "Configure the playbooks",
          "postValidation": "Done"
        },
        "bladeTitle": "Playbooks",
        "elements": [
          {
            "name": "playbooks-text",
            "type": "Microsoft.Common.TextBlock",
            "options": {
              "text": "This solution installs playbook resources.  A security playbook is a collection of procedures that can be run from Azure Sentinel in response to an alert. A security playbook can help automate and orchestrate your response, and can be run manually or set to run automatically when specific alerts are triggered. Security playbooks in Azure Sentinel are based on Azure Logic Apps, which means that you get all the power, customizability, and built-in templates of Logic Apps. Each playbook is created for the specific subscription you choose, but when you look at the Playbooks page, you will see all the playbooks across any selected subscriptions.",
              "link": {
                "label": "Learn more",
                "uri": "https://docs.microsoft.com/azure/sentinel/tutorial-respond-threats-playbook?WT.mc_id=Portal-Microsoft_Azure_CreateUIDef"
              }
            }
          },
          {
            "name": "playbook1",
            "type": "Microsoft.Common.Section",
            "label": "Notify-InsiderRiskTeam",
            "elements": [
              {
                "name": "playbook1-text",
                "type": "Microsoft.Common.TextBlock",
                "options": {
                  "text": "This playbook ingests events from MicrosoftInsiderRiskManagement into Log Analytics using the API."
                }
              },
              {
                "name": "playbook1-PlaybookName",
                "type": "Microsoft.Common.TextBox",
                "label": "Playbook Name",
                "defaultValue": "Notify-InsiderRiskTeam",
                "toolTip": "Resource name for the logic app playbook.  No spaces are allowed",
                "constraints": {
                  "required": true,
                  "regex": "[a-z0-9A-Z]{1,256}$",
                  "validationMessage": "Please enter a playbook resource name"
                }
              },
              {
                "name": "playbook1-Email",
                "type": "Microsoft.Common.TextBox",
                "label": "Email",
                "defaultValue": "InsiderRiskTeam@example.com",
                "toolTip": "Please enter Email",
                "constraints": {
                  "required": true,
                  "regex": "[a-z0-9A-Z]{1,256}$",
                  "validationMessage": "Please enter the Email"
                }
              },
              {
                "name": "playbook1-TeamschannelId",
                "type": "Microsoft.Common.TextBox",
                "label": "Teamschannel Id",
                "defaultValue": "InsiderRiskTeam",
                "toolTip": "Please enter Teamschannel Id",
                "constraints": {
                  "required": true,
                  "regex": "[a-z0-9A-Z]{1,256}$",
                  "validationMessage": "Please enter the Teamschannel Id"
                }
              },
              {
                "name": "playbook1-TeamsgroupId",
                "type": "Microsoft.Common.TextBox",
                "label": "Teamsgroup Id",
                "defaultValue": "InsiderRiskTeam",
                "toolTip": "Please enter Teamsgroup Id",
                "constraints": {
                  "required": true,
                  "regex": "[a-z0-9A-Z]{1,256}$",
                  "validationMessage": "Please enter the Teamsgroup Id"
                }
              }
            ]
          }
        ]
      }
    ],
    "outputs": {
      "workspace-location": "[resourceGroup().location]",
      "location": "[location()]",
      "workspace": "[basics('workspace')]",
      "workbook1-name": "[steps('workbooks').workbook1.workbook1-name]",
      "playbook1-PlaybookName": "[steps('playbooks').playbook1.playbook1-PlaybookName]",
      "playbook1-Email": "[steps('playbooks').playbook1.playbook1-Email]",
      "playbook1-TeamschannelId": "[steps('playbooks').playbook1.playbook1-TeamschannelId]",
      "playbook1-TeamsgroupId": "[steps('playbooks').playbook1.playbook1-TeamsgroupId]"
    }
  }
}
