{
  "$schema": "https://schema.management.azure.com/schemas/2019-04-01/deploymentTemplate.json#",
  "contentVersion": "1.0.0.0",
  "metadata": {
    "author": "micha@cynerio.co",
    "comments": "Solution template for Cynerio"
  },
  "parameters": {
    "location": {
      "type": "string",
      "minLength": 1,
      "defaultValue": "[resourceGroup().location]",
      "metadata": {
        "description": "Not used, but needed to pass arm-ttk test `Location-Should-Not-Be-Hardcoded`.  We instead use the `workspace-location` which is derived from the LA workspace"
      }
    },
    "workspace-location": {
      "type": "string",
      "defaultValue": "",
      "metadata": {
        "description": "[concat('Region to deploy solution resources -- separate from location selection',parameters('location'))]"
      }
    },
    "workspace": {
      "defaultValue": "",
      "type": "string",
      "metadata": {
        "description": "Workspace name for Log Analytics where Microsoft Sentinel is setup"
      }
    },
    "workbook1-name": {
      "type": "string",
      "defaultValue": null,
      "minLength": 1,
      "metadata": {
        "description": "Name for the workbook"
      }
    }
  },
  "variables": {
    "_solutionName": "Cynerio",
    "_solutionVersion": "3.0.0",
    "solutionId": "cynerio1681887657820.cynerio-medical-device-security-sentinel-connector",
    "_solutionId": "[variables('solutionId')]",
    "workspaceResourceId": "[resourceId('microsoft.OperationalInsights/Workspaces', parameters('workspace'))]",
    "uiConfigId1": "CynerioSecurityEvents",
    "_uiConfigId1": "[variables('uiConfigId1')]",
    "dataConnectorContentId1": "CynerioSecurityEvents",
    "_dataConnectorContentId1": "[variables('dataConnectorContentId1')]",
    "dataConnectorId1": "[extensionResourceId(resourceId('Microsoft.OperationalInsights/workspaces', parameters('workspace')), 'Microsoft.SecurityInsights/dataConnectors', variables('_dataConnectorContentId1'))]",
    "_dataConnectorId1": "[variables('dataConnectorId1')]",
    "dataConnectorTemplateSpecName1": "[concat(parameters('workspace'),'/Microsoft.SecurityInsights/',concat(concat(parameters('workspace'),'-dc-',uniquestring(variables('_dataConnectorContentId1'))),variables('dataConnectorVersion1')))]",
    "dataConnectorVersion1": "1.0.0",
    "_dataConnectorcontentProductId1": "[concat(take(variables('_solutionId'),50),'-','dc','-', uniqueString(concat(variables('_solutionId'),'-','DataConnector','-',variables('_dataConnectorContentId1'),'-', variables('dataConnectorVersion1'))))]",
    "parserName1": "CynerioEvent_Authentication",
    "_parserName1": "[concat(parameters('workspace'),'/',variables('parserName1'))]",
    "parserId1": "[resourceId('Microsoft.OperationalInsights/workspaces/savedSearches', parameters('workspace'), variables('parserName1'))]",
    "_parserId1": "[variables('parserId1')]",
    "parserTemplateSpecName1": "[concat(parameters('workspace'),'/Microsoft.SecurityInsights/',concat(concat(parameters('workspace'),'-pr-',uniquestring(variables('_parserContentId1'))),variables('parserVersion1')))]",
    "parserVersion1": "1.0.0",
    "parserContentId1": "CynerioEvent_Authentication-Parser",
    "_parserContentId1": "[variables('parserContentId1')]",
    "_parsercontentProductId1": "[concat(take(variables('_solutionId'),50),'-','pr','-', uniqueString(concat(variables('_solutionId'),'-','Parser','-',variables('_parserContentId1'),'-', variables('parserVersion1'))))]",
    "parserName2": "CynerioEvent_NetworkSession",
    "_parserName2": "[concat(parameters('workspace'),'/',variables('parserName2'))]",
    "parserId2": "[resourceId('Microsoft.OperationalInsights/workspaces/savedSearches', parameters('workspace'), variables('parserName2'))]",
    "_parserId2": "[variables('parserId2')]",
    "parserTemplateSpecName2": "[concat(parameters('workspace'),'/Microsoft.SecurityInsights/',concat(concat(parameters('workspace'),'-pr-',uniquestring(variables('_parserContentId2'))),variables('parserVersion2')))]",
    "parserVersion2": "1.0.0",
    "parserContentId2": "CynerioEvent_NetworkSession-Parser",
    "_parserContentId2": "[variables('parserContentId2')]",
    "_parsercontentProductId2": "[concat(take(variables('_solutionId'),50),'-','pr','-', uniqueString(concat(variables('_solutionId'),'-','Parser','-',variables('_parserContentId2'),'-', variables('parserVersion2'))))]",
    "workbookVersion1": "",
    "workbookContentId1": "",
    "workbookId1": "[resourceId('Microsoft.Insights/workbooks', variables('workbookContentId1'))]",
    "workbookTemplateSpecName1": "[concat(parameters('workspace'),'/Microsoft.SecurityInsights/',concat(concat(parameters('workspace'),'-wb-',uniquestring(variables('_workbookContentId1'))),variables('workbookVersion1')))]",
    "_workbookContentId1": "[variables('workbookContentId1')]",
    "_workbookcontentProductId1": "[concat(take(variables('_solutionId'),50),'-','wb','-', uniqueString(concat(variables('_solutionId'),'-','Workbook','-',variables('_workbookContentId1'),'-', variables('workbookVersion1'))))]",
    "analyticRuleVersion1": "1.0.0",
    "analyticRulecontentId1": "84e0ea1f-766d-4775-836a-c0c9cca05085",
    "_analyticRulecontentId1": "[variables('analyticRulecontentId1')]",
    "analyticRuleId1": "[resourceId('Microsoft.SecurityInsights/AlertRuleTemplates', variables('analyticRulecontentId1'))]",
    "analyticRuleTemplateSpecName1": "[concat(parameters('workspace'),'/Microsoft.SecurityInsights/',concat(concat(parameters('workspace'),'-ar-',uniquestring(variables('_analyticRulecontentId1'))),variables('analyticRuleVersion1')))]",
    "_analyticRulecontentProductId1": "[concat(take(variables('_solutionId'),50),'-','ar','-', uniqueString(concat(variables('_solutionId'),'-','AnalyticsRule','-',variables('_analyticRulecontentId1'),'-', variables('analyticRuleVersion1'))))]",
    "analyticRuleVersion2": "1.0.0",
    "analyticRulecontentId2": "65db1346-6435-4079-bbf4-9a7113c98054",
    "_analyticRulecontentId2": "[variables('analyticRulecontentId2')]",
    "analyticRuleId2": "[resourceId('Microsoft.SecurityInsights/AlertRuleTemplates', variables('analyticRulecontentId2'))]",
    "analyticRuleTemplateSpecName2": "[concat(parameters('workspace'),'/Microsoft.SecurityInsights/',concat(concat(parameters('workspace'),'-ar-',uniquestring(variables('_analyticRulecontentId2'))),variables('analyticRuleVersion2')))]",
    "_analyticRulecontentProductId2": "[concat(take(variables('_solutionId'),50),'-','ar','-', uniqueString(concat(variables('_solutionId'),'-','AnalyticsRule','-',variables('_analyticRulecontentId2'),'-', variables('analyticRuleVersion2'))))]",
    "analyticRuleVersion3": "1.0.0",
    "analyticRulecontentId3": "3d853a88-92d2-4aec-a680-2bf7bb560c56",
    "_analyticRulecontentId3": "[variables('analyticRulecontentId3')]",
    "analyticRuleId3": "[resourceId('Microsoft.SecurityInsights/AlertRuleTemplates', variables('analyticRulecontentId3'))]",
    "analyticRuleTemplateSpecName3": "[concat(parameters('workspace'),'/Microsoft.SecurityInsights/',concat(concat(parameters('workspace'),'-ar-',uniquestring(variables('_analyticRulecontentId3'))),variables('analyticRuleVersion3')))]",
    "_analyticRulecontentProductId3": "[concat(take(variables('_solutionId'),50),'-','ar','-', uniqueString(concat(variables('_solutionId'),'-','AnalyticsRule','-',variables('_analyticRulecontentId3'),'-', variables('analyticRuleVersion3'))))]",
    "analyticRuleVersion4": "1.0.0",
    "analyticRulecontentId4": "c0756978-baa6-4239-9174-bac1b1ca1a6a",
    "_analyticRulecontentId4": "[variables('analyticRulecontentId4')]",
    "analyticRuleId4": "[resourceId('Microsoft.SecurityInsights/AlertRuleTemplates', variables('analyticRulecontentId4'))]",
    "analyticRuleTemplateSpecName4": "[concat(parameters('workspace'),'/Microsoft.SecurityInsights/',concat(concat(parameters('workspace'),'-ar-',uniquestring(variables('_analyticRulecontentId4'))),variables('analyticRuleVersion4')))]",
    "_analyticRulecontentProductId4": "[concat(take(variables('_solutionId'),50),'-','ar','-', uniqueString(concat(variables('_solutionId'),'-','AnalyticsRule','-',variables('_analyticRulecontentId4'),'-', variables('analyticRuleVersion4'))))]",
    "analyticRuleVersion5": "1.0.0",
    "analyticRulecontentId5": "211e9f49-3fca-4598-bc6e-e2c28d86e72c",
    "_analyticRulecontentId5": "[variables('analyticRulecontentId5')]",
    "analyticRuleId5": "[resourceId('Microsoft.SecurityInsights/AlertRuleTemplates', variables('analyticRulecontentId5'))]",
    "analyticRuleTemplateSpecName5": "[concat(parameters('workspace'),'/Microsoft.SecurityInsights/',concat(concat(parameters('workspace'),'-ar-',uniquestring(variables('_analyticRulecontentId5'))),variables('analyticRuleVersion5')))]",
    "_analyticRulecontentProductId5": "[concat(take(variables('_solutionId'),50),'-','ar','-', uniqueString(concat(variables('_solutionId'),'-','AnalyticsRule','-',variables('_analyticRulecontentId5'),'-', variables('analyticRuleVersion5'))))]",
    "_solutioncontentProductId": "[concat(take(variables('_solutionId'),50),'-','sl','-', uniqueString(concat(variables('_solutionId'),'-','Solution','-',variables('_solutionId'),'-', variables('_solutionVersion'))))]"
  },
  "resources": [
    {
      "type": "Microsoft.OperationalInsights/workspaces/providers/contentTemplates",
      "apiVersion": "2023-04-01-preview",
      "name": "[variables('dataConnectorTemplateSpecName1')]",
      "location": "[parameters('workspace-location')]",
      "dependsOn": [
        "[extensionResourceId(resourceId('Microsoft.OperationalInsights/workspaces', parameters('workspace')), 'Microsoft.SecurityInsights/contentPackages', variables('_solutionId'))]"
      ],
      "properties": {
        "description": "Cynerio data connector with template version 3.0.0",
        "mainTemplate": {
          "$schema": "https://schema.management.azure.com/schemas/2019-04-01/deploymentTemplate.json#",
          "contentVersion": "[variables('dataConnectorVersion1')]",
          "parameters": {},
          "variables": {},
          "resources": [
            {
              "name": "[concat(parameters('workspace'),'/Microsoft.SecurityInsights/',variables('_dataConnectorContentId1'))]",
              "apiVersion": "2021-03-01-preview",
              "type": "Microsoft.OperationalInsights/workspaces/providers/dataConnectors",
              "location": "[parameters('workspace-location')]",
              "kind": "GenericUI",
              "properties": {
                "connectorUiConfig": {
                  "id": "[variables('_uiConfigId1')]",
                  "title": "Cynerio Security Events",
                  "publisher": "Cynerio",
                  "descriptionMarkdown": "The [Cynerio](https://www.cynerio.com/) connector allows you to easily connect your Cynerio Security Events with Microsoft Sentinel, to view IDS Events. This gives you more insight into your organization network security posture and improves your security operation capabilities. ",
                  "graphQueries": [
                    {
                      "metricName": "Total data received",
                      "legend": "CynerioEvent_CL",
                      "baseQuery": "CynerioEvent_CL"
                    }
                  ],
                  "sampleQueries": [
                    {
                      "description": "SSH Connections events in the last 24 hours",
                      "query": "CynerioEvent_CL\n | where date_t > ago(24h) and title_s == 'SSH Connection'"
                    }
                  ],
                  "dataTypes": [
                    {
                      "name": "CynerioEvent_CL",
                      "lastDataReceivedQuery": "CynerioEvent_CL\n            | summarize Time = max(TimeGenerated)\n            | where isnotempty(Time)"
                    }
                  ],
                  "connectivityCriterias": [
                    {
                      "type": "IsConnectedQuery",
                      "value": [
                        "CynerioEvent_CL\n            | summarize LastLogReceived = max(TimeGenerated)\n            | project IsConnected = LastLogReceived > ago(30d)"
                      ]
                    }
                  ],
                  "availability": {
                    "status": 1,
                    "isPreview": false
                  },
                  "permissions": {
                    "resourceProvider": [
                      {
                        "provider": "Microsoft.OperationalInsights/workspaces",
                        "permissionsDisplayText": "read and write permissions are required.",
                        "providerDisplayName": "Workspace",
                        "scope": "Workspace",
                        "requiredPermissions": {
                          "write": true,
                          "read": true,
                          "delete": true
                        }
                      },
                      {
                        "provider": "Microsoft.OperationalInsights/workspaces/sharedKeys",
                        "permissionsDisplayText": "read permissions to shared keys for the workspace are required. [See the documentation to learn more about workspace keys](https://docs.microsoft.com/azure/azure-monitor/platform/agent-windows#obtain-workspace-id-and-key).",
                        "providerDisplayName": "Keys",
                        "scope": "Workspace",
                        "requiredPermissions": {
                          "action": true
                        }
                      }
                    ]
                  },
                  "instructionSteps": [
                    {
                      "description": "Cynerio can integrate with and export events directly to Microsoft Sentinel via Azure Server. Follow these steps to establish integration:\n\n1. In the Cynerio console, go to Settings > Integrations tab (default), and click on the **+Add Integration** button at the top right.\n\n2. Scroll down to the **SIEM** section.\n\n3. On the Microsoft Sentinel card, click the Connect button.\n\n4. The Integration Details window opens. Use the parameters below to fill out the form and set up the connection.",
                      "instructions": [
                        {
                          "parameters": {
                            "fillWith": [
                              "WorkspaceId"
                            ],
                            "label": "Workspace ID"
                          },
                          "type": "CopyableLabel"
                        },
                        {
                          "parameters": {
                            "fillWith": [
                              "PrimaryKey"
                            ],
                            "label": "Primary Key"
                          },
                          "type": "CopyableLabel"
                        }
                      ],
                      "title": "Configure and connect Cynerio"
                    }
                  ],
                  "metadata": {
                    "id": "Unique Identifier (GUID) used to identify dependencies and content from solutions or community.",
                    "version": "1.0.0",
                    "kind": "dataConnector",
                    "source": {
                      "kind": "solution",
                      "name": "Cynerio"
                    },
                    "author": {
                      "name": "Cynerio"
                    },
                    "support": {
                      "tier": "Type of support for content item: microsoft | developer | community",
                      "name": "Name of support contact or company",
                      "email": "Optional: Email of support contact",
                      "link": "Optional: Link for support help, like to support page to open a ticket etc"
                    }
                  }
                }
              }
            },
            {
              "type": "Microsoft.OperationalInsights/workspaces/providers/metadata",
              "apiVersion": "2023-04-01-preview",
              "name": "[concat(parameters('workspace'),'/Microsoft.SecurityInsights/',concat('DataConnector-', last(split(variables('_dataConnectorId1'),'/'))))]",
              "properties": {
                "parentId": "[extensionResourceId(resourceId('Microsoft.OperationalInsights/workspaces', parameters('workspace')), 'Microsoft.SecurityInsights/dataConnectors', variables('_dataConnectorContentId1'))]",
                "contentId": "[variables('_dataConnectorContentId1')]",
                "kind": "DataConnector",
                "version": "[variables('dataConnectorVersion1')]",
                "source": {
                  "kind": "Solution",
                  "name": "Cynerio",
                  "sourceId": "[variables('_solutionId')]"
                },
                "author": {
                  "name": "micha@cynerio.co"
                },
                "support": {
                  "name": "Cynerio",
                  "email": "support@cynerio.com",
                  "tier": "Partner",
                  "link": "https://cynerio.com"
                }
              }
            }
          ]
        },
        "packageKind": "Solution",
        "packageVersion": "[variables('_solutionVersion')]",
        "packageName": "[variables('_solutionName')]",
        "packageId": "[variables('_solutionId')]",
        "contentSchemaVersion": "3.0.0",
        "contentId": "[variables('_dataConnectorContentId1')]",
        "contentKind": "DataConnector",
        "displayName": "Cynerio Security Events",
        "contentProductId": "[variables('_dataConnectorcontentProductId1')]",
        "id": "[variables('_dataConnectorcontentProductId1')]",
        "version": "[variables('dataConnectorVersion1')]"
      }
    },
    {
      "type": "Microsoft.OperationalInsights/workspaces/providers/metadata",
      "apiVersion": "2023-04-01-preview",
      "name": "[concat(parameters('workspace'),'/Microsoft.SecurityInsights/',concat('DataConnector-', last(split(variables('_dataConnectorId1'),'/'))))]",
      "dependsOn": [
        "[variables('_dataConnectorId1')]"
      ],
      "location": "[parameters('workspace-location')]",
      "properties": {
        "parentId": "[extensionResourceId(resourceId('Microsoft.OperationalInsights/workspaces', parameters('workspace')), 'Microsoft.SecurityInsights/dataConnectors', variables('_dataConnectorContentId1'))]",
        "contentId": "[variables('_dataConnectorContentId1')]",
        "kind": "DataConnector",
        "version": "[variables('dataConnectorVersion1')]",
        "source": {
          "kind": "Solution",
          "name": "Cynerio",
          "sourceId": "[variables('_solutionId')]"
        },
        "author": {
          "name": "micha@cynerio.co"
        },
        "support": {
          "name": "Cynerio",
          "email": "support@cynerio.com",
          "tier": "Partner",
          "link": "https://cynerio.com"
        }
      }
    },
    {
      "name": "[concat(parameters('workspace'),'/Microsoft.SecurityInsights/',variables('_dataConnectorContentId1'))]",
      "apiVersion": "2021-03-01-preview",
      "type": "Microsoft.OperationalInsights/workspaces/providers/dataConnectors",
      "location": "[parameters('workspace-location')]",
      "kind": "GenericUI",
      "properties": {
        "connectorUiConfig": {
          "title": "Cynerio Security Events",
          "publisher": "Cynerio",
          "descriptionMarkdown": "The [Cynerio](https://www.cynerio.com/) connector allows you to easily connect your Cynerio Security Events with Microsoft Sentinel, to view IDS Events. This gives you more insight into your organization network security posture and improves your security operation capabilities. ",
          "graphQueries": [
            {
              "metricName": "Total data received",
              "legend": "CynerioEvent_CL",
              "baseQuery": "CynerioEvent_CL"
            }
          ],
          "dataTypes": [
            {
              "name": "CynerioEvent_CL",
              "lastDataReceivedQuery": "CynerioEvent_CL\n            | summarize Time = max(TimeGenerated)\n            | where isnotempty(Time)"
            }
          ],
          "connectivityCriterias": [
            {
              "type": "IsConnectedQuery",
              "value": [
                "CynerioEvent_CL\n            | summarize LastLogReceived = max(TimeGenerated)\n            | project IsConnected = LastLogReceived > ago(30d)"
              ]
            }
          ],
          "sampleQueries": [
            {
              "description": "SSH Connections events in the last 24 hours",
              "query": "CynerioEvent_CL\n | where date_t > ago(24h) and title_s == 'SSH Connection'"
            }
          ],
          "availability": {
            "status": 1,
            "isPreview": false
          },
          "permissions": {
            "resourceProvider": [
              {
                "provider": "Microsoft.OperationalInsights/workspaces",
                "permissionsDisplayText": "read and write permissions are required.",
                "providerDisplayName": "Workspace",
                "scope": "Workspace",
                "requiredPermissions": {
                  "write": true,
                  "read": true,
                  "delete": true
                }
              },
              {
                "provider": "Microsoft.OperationalInsights/workspaces/sharedKeys",
                "permissionsDisplayText": "read permissions to shared keys for the workspace are required. [See the documentation to learn more about workspace keys](https://docs.microsoft.com/azure/azure-monitor/platform/agent-windows#obtain-workspace-id-and-key).",
                "providerDisplayName": "Keys",
                "scope": "Workspace",
                "requiredPermissions": {
                  "action": true
                }
              }
            ]
          },
          "instructionSteps": [
            {
              "description": "Cynerio can integrate with and export events directly to Microsoft Sentinel via Azure Server. Follow these steps to establish integration:\n\n1. In the Cynerio console, go to Settings > Integrations tab (default), and click on the **+Add Integration** button at the top right.\n\n2. Scroll down to the **SIEM** section.\n\n3. On the Microsoft Sentinel card, click the Connect button.\n\n4. The Integration Details window opens. Use the parameters below to fill out the form and set up the connection.",
              "instructions": [
                {
                  "parameters": {
                    "fillWith": [
                      "WorkspaceId"
                    ],
                    "label": "Workspace ID"
                  },
                  "type": "CopyableLabel"
                },
                {
                  "parameters": {
                    "fillWith": [
                      "PrimaryKey"
                    ],
                    "label": "Primary Key"
                  },
                  "type": "CopyableLabel"
                }
              ],
              "title": "Configure and connect Cynerio"
            }
          ],
          "id": "[variables('_uiConfigId1')]"
        }
      }
    },
    {
      "type": "Microsoft.OperationalInsights/workspaces/providers/contentTemplates",
      "apiVersion": "2023-04-01-preview",
      "name": "[variables('parserTemplateSpecName1')]",
      "location": "[parameters('workspace-location')]",
      "dependsOn": [
        "[extensionResourceId(resourceId('Microsoft.OperationalInsights/workspaces', parameters('workspace')), 'Microsoft.SecurityInsights/contentPackages', variables('_solutionId'))]"
      ],
      "properties": {
        "description": "CynerioEvent_Authentication Data Parser with template version 3.0.0",
        "mainTemplate": {
          "$schema": "https://schema.management.azure.com/schemas/2019-04-01/deploymentTemplate.json#",
          "contentVersion": "[variables('parserVersion1')]",
          "parameters": {},
          "variables": {},
          "resources": [
            {
              "name": "[variables('_parserName1')]",
              "apiVersion": "2022-10-01",
              "type": "Microsoft.OperationalInsights/workspaces/savedSearches",
              "location": "[parameters('workspace-location')]",
              "properties": {
                "eTag": "*",
                "displayName": "CynerioEvent_Authentication",
                "category": "Samples",
                "functionAlias": "CynerioEvent_Authentication",
                "query": "\n  let SeverityLookup = datatable (EventOriginalSeverity: string, EventSeverity:string) [\n    'Low', 'Informational',\n    'Medium', 'Low',\n    'High', 'Medium',\n    'Critical', 'High'\n  ];\n\n  let Passwords = CynerioEvent_CL\n    | where title_s == 'Default Password' or title_s == 'Weak Password'\n    | extend EventOriginalSeverity = severity_s\n    | lookup SeverityLookup on EventOriginalSeverity\n    | extend\n        Type = 'CynerioEvent_CL',\n        EventStartTime = unixtime_seconds_todatetime(timestamp_d),\n        EventEndTime = unixtime_seconds_todatetime(timestamp_d),\n        EventOriginalUid = uid_s,\n        EventType = 'Logon',\n        EventOriginalType = 'IDS',\n        EventOriginalSubType = title_s,\n        EventMessage = details_s,\n        DvcIdType = 'Cynerio',\n        Dvc = tostring(asset_id_g),\n        DvcId = tostring(asset_id_g),\n        AdditonalFields = pack(\"AssetType\", asset_type_s),\n        DvcIpAddr = asset_ip_s,\n        EventProduct = 'Cynerio',\n        EventCount = int(1),\n        EventResult = 'NA',\n        EventVendor = 'Cynerio',\n        EventSchema = 'Authentication',\n        EventSchemaVersion = '0.1.3',\n        SrcIpAddr = client_ip_s,\n        IpAddr = client_ip_s,\n        TargetIpAddr = dst_ip_s,\n        TargetPortNumber = toint(port_d),\n        LogonProtocol = service_s\n    | parse EventMessage with * \"User Name: \" ActorUserName \",\" *\n    | project-away\n        *_d, *_s, *_g;\n\n  Passwords",
                "functionParameters": "",
                "version": 1,
                "tags": [
                  {
                    "name": "description",
                    "value": "CynerioEvent_Authentication"
                  }
                ]
              }
            },
            {
              "type": "Microsoft.OperationalInsights/workspaces/providers/metadata",
              "apiVersion": "2022-01-01-preview",
              "name": "[concat(parameters('workspace'),'/Microsoft.SecurityInsights/',concat('Parser-', last(split(variables('_parserId1'),'/'))))]",
              "dependsOn": [
                "[variables('_parserName1')]"
              ],
              "properties": {
                "parentId": "[resourceId('Microsoft.OperationalInsights/workspaces/savedSearches', parameters('workspace'), variables('parserName1'))]",
                "contentId": "[variables('_parserContentId1')]",
                "kind": "Parser",
                "version": "[variables('parserVersion1')]",
                "source": {
                  "name": "Cynerio",
                  "kind": "Solution",
                  "sourceId": "[variables('_solutionId')]"
                },
                "author": {
                  "name": "micha@cynerio.co"
                },
                "support": {
                  "name": "Cynerio",
                  "email": "support@cynerio.com",
                  "tier": "Partner",
                  "link": "https://cynerio.com"
                }
              }
            }
          ]
        },
        "packageKind": "Solution",
        "packageVersion": "[variables('_solutionVersion')]",
        "packageName": "[variables('_solutionName')]",
        "packageId": "[variables('_solutionId')]",
        "contentSchemaVersion": "3.0.0",
        "contentId": "[variables('_parserContentId1')]",
        "contentKind": "Parser",
        "displayName": "CynerioEvent_Authentication",
        "contentProductId": "[variables('_parsercontentProductId1')]",
        "id": "[variables('_parsercontentProductId1')]",
        "version": "[variables('parserVersion1')]"
      }
    },
    {
      "type": "Microsoft.OperationalInsights/workspaces/savedSearches",
      "apiVersion": "2022-10-01",
      "name": "[variables('_parserName1')]",
      "location": "[parameters('workspace-location')]",
      "properties": {
        "eTag": "*",
        "displayName": "CynerioEvent_Authentication",
        "category": "Samples",
        "functionAlias": "CynerioEvent_Authentication",
        "query": "\n  let SeverityLookup = datatable (EventOriginalSeverity: string, EventSeverity:string) [\n    'Low', 'Informational',\n    'Medium', 'Low',\n    'High', 'Medium',\n    'Critical', 'High'\n  ];\n\n  let Passwords = CynerioEvent_CL\n    | where title_s == 'Default Password' or title_s == 'Weak Password'\n    | extend EventOriginalSeverity = severity_s\n    | lookup SeverityLookup on EventOriginalSeverity\n    | extend\n        Type = 'CynerioEvent_CL',\n        EventStartTime = unixtime_seconds_todatetime(timestamp_d),\n        EventEndTime = unixtime_seconds_todatetime(timestamp_d),\n        EventOriginalUid = uid_s,\n        EventType = 'Logon',\n        EventOriginalType = 'IDS',\n        EventOriginalSubType = title_s,\n        EventMessage = details_s,\n        DvcIdType = 'Cynerio',\n        Dvc = tostring(asset_id_g),\n        DvcId = tostring(asset_id_g),\n        AdditonalFields = pack(\"AssetType\", asset_type_s),\n        DvcIpAddr = asset_ip_s,\n        EventProduct = 'Cynerio',\n        EventCount = int(1),\n        EventResult = 'NA',\n        EventVendor = 'Cynerio',\n        EventSchema = 'Authentication',\n        EventSchemaVersion = '0.1.3',\n        SrcIpAddr = client_ip_s,\n        IpAddr = client_ip_s,\n        TargetIpAddr = dst_ip_s,\n        TargetPortNumber = toint(port_d),\n        LogonProtocol = service_s\n    | parse EventMessage with * \"User Name: \" ActorUserName \",\" *\n    | project-away\n        *_d, *_s, *_g;\n\n  Passwords",
        "functionParameters": "",
        "version": 1,
        "tags": [
          {
            "name": "description",
            "value": "CynerioEvent_Authentication"
          }
        ]
      }
    },
    {
      "type": "Microsoft.OperationalInsights/workspaces/providers/metadata",
      "apiVersion": "2022-01-01-preview",
      "location": "[parameters('workspace-location')]",
      "name": "[concat(parameters('workspace'),'/Microsoft.SecurityInsights/',concat('Parser-', last(split(variables('_parserId1'),'/'))))]",
      "dependsOn": [
        "[variables('_parserId1')]"
      ],
      "properties": {
        "parentId": "[resourceId('Microsoft.OperationalInsights/workspaces/savedSearches', parameters('workspace'), variables('parserName1'))]",
        "contentId": "[variables('_parserContentId1')]",
        "kind": "Parser",
        "version": "[variables('parserVersion1')]",
        "source": {
          "kind": "Solution",
          "name": "Cynerio",
          "sourceId": "[variables('_solutionId')]"
        },
        "author": {
          "name": "micha@cynerio.co"
        },
        "support": {
          "name": "Cynerio",
          "email": "support@cynerio.com",
          "tier": "Partner",
          "link": "https://cynerio.com"
        }
      }
    },
    {
      "type": "Microsoft.OperationalInsights/workspaces/providers/contentTemplates",
      "apiVersion": "2023-04-01-preview",
      "name": "[variables('parserTemplateSpecName2')]",
      "location": "[parameters('workspace-location')]",
      "dependsOn": [
        "[extensionResourceId(resourceId('Microsoft.OperationalInsights/workspaces', parameters('workspace')), 'Microsoft.SecurityInsights/contentPackages', variables('_solutionId'))]"
      ],
      "properties": {
        "description": "CynerioEvent_NetworkSession Data Parser with template version 3.0.0",
        "mainTemplate": {
          "$schema": "https://schema.management.azure.com/schemas/2019-04-01/deploymentTemplate.json#",
          "contentVersion": "[variables('parserVersion2')]",
          "parameters": {},
          "variables": {},
          "resources": [
            {
              "name": "[variables('_parserName2')]",
              "apiVersion": "2022-10-01",
              "type": "Microsoft.OperationalInsights/workspaces/savedSearches",
              "location": "[parameters('workspace-location')]",
              "properties": {
                "eTag": "*",
                "displayName": "CynerioEvent_NetworkSession",
                "category": "Samples",
                "functionAlias": "CynerioEvent_NetworkSession",
                "query": "\nlet SeverityLookup = datatable (EventOriginalSeverity: string, EventSeverity:string) [\n    'Low', 'Informational',\n    'Medium', 'Low',\n    'High', 'Medium',\n    'Critical', 'High'\n  ];\n\n  let ScannerActivities = CynerioEvent_CL\n    | where title_s == 'Scanner Activity'\n    | extend EventOriginalSeverity = severity_s\n    | lookup SeverityLookup on EventOriginalSeverity\n    | extend\n        Type = 'CynerioEvent_CL',\n        EventStartTime = unixtime_seconds_todatetime(timestamp_d),\n        EventEndTime = unixtime_seconds_todatetime(timestamp_d),\n        EventOriginalUid = uid_s,\n        EventType = 'EndpointNetworkSession',\n        EventOriginalType = 'IDS',\n        EventOriginalSubType = 'Scanner Activity',\n        EventMessage = details_s,\n        AdditonalFields = pack(\"AssetType\", asset_type_s),\n        Dvc = tostring(asset_id_g),\n        DvcId = tostring(asset_id_g),\n        DvcIpAddr = asset_ip_s,\n        EventProduct = 'Cynerio',\n        EventCount = int(1),\n        EventResult = 'Success',\n        EventVendor = 'Cynerio',\n        EventSchema = 'NetworkSession',\n        EventSchemaVersion = '0.2.5',\n        SrcIpAddr = src_ip_s,\n        IpAddr = src_ip_s,\n        DstIpAddr = dst_ip_s,\n        NetworkProtocol = trans_s,\n        DstPortNumber = toint(port_d)\n    | parse EventMessage with \"Scanner type: \" SrcAppName \" Source IP\" * \"Expliot: \" ThreatName \",\" *\n    | project-away\n        *_d, *_s, *_g;\n\n  let InternetBrowsings = CynerioEvent_CL\n    | where title_s == 'Internet Browsing'\n    | extend EventOriginalSeverity = severity_s\n    | lookup SeverityLookup on EventOriginalSeverity\n    | extend\n        Type = 'CynerioEvent_CL',\n        EventStartTime = unixtime_seconds_todatetime(timestamp_d),\n        EventEndTime = unixtime_seconds_todatetime(timestamp_d),\n        EventType = 'EndpointNetworkSession',\n        EventOriginalType = 'IDS',\n        EventOriginalSubType = title_s,\n        EventOriginalUid = uid_s,\n        EventMessage = details_s,\n        Dvc = tostring(asset_id_g),\n        AdditonalFields = pack(\"AssetType\", asset_type_s),\n        DvcId = tostring(asset_id_g),\n        DvcIpAddr = asset_ip_s,\n        EventProduct = 'Cynerio',\n        EventCount = int(1),\n        EventResult = 'Success',\n        EventVendor = 'Cynerio',\n        EventSchema = 'NetworkSession',\n        EventSchemaVersion = '0.2.5',\n        SrcIpAddr = src_ip_s,\n        IpAddr = src_ip_s,\n        DstIpAddr = dst_ip_s,\n        NetworkProtocol = trans_s,\n        DstPortNumber = toint(port_d),\n        DstFQDN = host_s,\n        FQDN = host_s,\n        SrcAppName = browser_s\n    | project-away\n        *_d, *_s, *_g;\n\n  let SuspiciousConnections = CynerioEvent_CL\n    | where title_s == 'Suspicious Connection'\n    | extend EventOriginalSeverity = severity_s\n    | lookup SeverityLookup on EventOriginalSeverity\n    | extend\n        Type = 'CynerioEvent_CL',\n        EventStartTime = unixtime_seconds_todatetime(timestamp_d),\n        EventEndTime = unixtime_seconds_todatetime(timestamp_d),\n        EventOriginalUid = uid_s,\n        EventType = 'EndpointNetworkSession',\n        EventOriginalType = 'IDS',\n        EventOriginalSubType = title_s,\n        EventMessage = details_s,\n        DvcIdType = 'Cynerio',\n        AdditonalFields = pack(\"AssetType\", asset_type_s),\n        Dvc = tostring(asset_id_g),\n        DvcId = tostring(asset_id_g),\n        DvcIpAddr = asset_ip_s,\n        EventProduct = 'Cynerio',\n        EventCount = int(1),\n        EventResult = 'Success',\n        EventVendor = 'Cynerio',\n        EventSchema = 'NetworkSession',\n        EventSchemaVersion = '0.2.5',\n        SrcIpAddr = src_ip_s,\n        IpAddr = src_ip_s,\n        DstIpAddr = dst_ip_s,\n        NetworkProtocol = trans_s,\n        DstPortNumber = toint(port_d),\n        NetworkApplicationProtocol = service_s,\n        DstDomainType = 'FQDN'\n    | parse EventMessage with * \"Suspicious Connection Entity: \" DstDomain \",\" *\n    | project-away\n        *_d, *_s, *_g;\n\n  let ExplotationAttempts = CynerioEvent_CL\n    | where title_s == 'Exploitation Attempt'\n    | extend EventOriginalSeverity = severity_s\n    | lookup SeverityLookup on EventOriginalSeverity\n    | extend\n        Type = 'CynerioEvent_CL',\n        EventStartTime = unixtime_seconds_todatetime(timestamp_d),\n        EventEndTime = unixtime_seconds_todatetime(timestamp_d),\n        EventOriginalUid = uid_s,\n        EventType = 'EndpointNetworkSession',\n        EventOriginalType = 'IDS',\n        EventOriginalSubType = title_s,\n        EventMessage = details_s,\n        DvcIdType = 'Cynerio',\n        AdditonalFields = pack(\"AssetType\", asset_type_s),\n        Dvc = tostring(asset_id_g),\n        DvcId = tostring(asset_id_g),\n        DvcIpAddr = asset_ip_s,\n        EventProduct = 'Cynerio',\n        EventCount = int(1),\n        EventResult = 'Success',\n        EventVendor = 'Cynerio',\n        EventSchema = 'NetworkSession',\n        EventSchemaVersion = '0.2.5',\n        SrcIpAddr = src_ip_s,\n        IpAddr = src_ip_s,\n        DstIpAddr = dst_ip_s,\n        NetworkProtocol = trans_s,\n        DstPortNumber = toint(port_d)\n    | parse EventMessage with * \"Expliot: \" ThreatName \",\" *\n    | project-away\n      *_d, *_s, *_g;\n\n  let Connections = CynerioEvent_CL\n    | where title_s in ('SSH Connection', 'Telnet Connection', 'RDP Connection', 'REXEC Connection')\n    | extend EventOriginalSeverity = severity_s\n    | lookup SeverityLookup on EventOriginalSeverity\n    | extend\n        Type = 'CynerioEvent_CL',\n        EventStartTime = unixtime_seconds_todatetime(timestamp_d),\n        EventEndTime = unixtime_seconds_todatetime(timestamp_d),\n        EventOriginalUid = uid_s,\n        EventType = 'EndpointNetworkSession',\n        EventOriginalType = 'IDS',\n        EventOriginalSubType = title_s,\n        EventMessage = details_s,\n        DvcIdType = 'Cynerio',\n        Dvc = tostring(asset_id_g),\n        AdditonalFields = pack(\"AssetType\", asset_type_s),\n        DvcId = tostring(asset_id_g),\n        DvcIpAddr = asset_ip_s,\n        EventProduct = 'Cynerio',\n        EventCount = int(1),\n        EventResult = 'Success',\n        EventVendor = 'Cynerio',\n        EventSchema = 'NetworkSession',\n        EventSchemaVersion = '0.2.5',\n        SrcIpAddr = src_ip_s,\n        IpAddr = src_ip_s,\n        DstIpAddr = dst_ip_s,\n        NetworkProtocol = trans_s,\n        DstPortNumber = toint(port_d)\n    | project-away\n      *_d, *_s, *_g;\n\n  union InternetBrowsings, ScannerActivities, SuspiciousConnections, ExplotationAttempts, Connections",
                "functionParameters": "",
                "version": 1,
                "tags": [
                  {
                    "name": "description",
                    "value": "CynerioEvent_NetworkSession"
                  }
                ]
              }
            },
            {
              "type": "Microsoft.OperationalInsights/workspaces/providers/metadata",
              "apiVersion": "2022-01-01-preview",
              "name": "[concat(parameters('workspace'),'/Microsoft.SecurityInsights/',concat('Parser-', last(split(variables('_parserId2'),'/'))))]",
              "dependsOn": [
                "[variables('_parserName2')]"
              ],
              "properties": {
                "parentId": "[resourceId('Microsoft.OperationalInsights/workspaces/savedSearches', parameters('workspace'), variables('parserName2'))]",
                "contentId": "[variables('_parserContentId2')]",
                "kind": "Parser",
                "version": "[variables('parserVersion2')]",
                "source": {
                  "name": "Cynerio",
                  "kind": "Solution",
                  "sourceId": "[variables('_solutionId')]"
                },
                "author": {
                  "name": "micha@cynerio.co"
                },
                "support": {
                  "name": "Cynerio",
                  "email": "support@cynerio.com",
                  "tier": "Partner",
                  "link": "https://cynerio.com"
                }
              }
            }
          ]
        },
        "packageKind": "Solution",
        "packageVersion": "[variables('_solutionVersion')]",
        "packageName": "[variables('_solutionName')]",
        "packageId": "[variables('_solutionId')]",
        "contentSchemaVersion": "3.0.0",
        "contentId": "[variables('_parserContentId2')]",
        "contentKind": "Parser",
        "displayName": "CynerioEvent_NetworkSession",
        "contentProductId": "[variables('_parsercontentProductId2')]",
        "id": "[variables('_parsercontentProductId2')]",
        "version": "[variables('parserVersion2')]"
      }
    },
    {
      "type": "Microsoft.OperationalInsights/workspaces/savedSearches",
      "apiVersion": "2022-10-01",
      "name": "[variables('_parserName2')]",
      "location": "[parameters('workspace-location')]",
      "properties": {
        "eTag": "*",
        "displayName": "CynerioEvent_NetworkSession",
        "category": "Samples",
        "functionAlias": "CynerioEvent_NetworkSession",
        "query": "\nlet SeverityLookup = datatable (EventOriginalSeverity: string, EventSeverity:string) [\n    'Low', 'Informational',\n    'Medium', 'Low',\n    'High', 'Medium',\n    'Critical', 'High'\n  ];\n\n  let ScannerActivities = CynerioEvent_CL\n    | where title_s == 'Scanner Activity'\n    | extend EventOriginalSeverity = severity_s\n    | lookup SeverityLookup on EventOriginalSeverity\n    | extend\n        Type = 'CynerioEvent_CL',\n        EventStartTime = unixtime_seconds_todatetime(timestamp_d),\n        EventEndTime = unixtime_seconds_todatetime(timestamp_d),\n        EventOriginalUid = uid_s,\n        EventType = 'EndpointNetworkSession',\n        EventOriginalType = 'IDS',\n        EventOriginalSubType = 'Scanner Activity',\n        EventMessage = details_s,\n        AdditonalFields = pack(\"AssetType\", asset_type_s),\n        Dvc = tostring(asset_id_g),\n        DvcId = tostring(asset_id_g),\n        DvcIpAddr = asset_ip_s,\n        EventProduct = 'Cynerio',\n        EventCount = int(1),\n        EventResult = 'Success',\n        EventVendor = 'Cynerio',\n        EventSchema = 'NetworkSession',\n        EventSchemaVersion = '0.2.5',\n        SrcIpAddr = src_ip_s,\n        IpAddr = src_ip_s,\n        DstIpAddr = dst_ip_s,\n        NetworkProtocol = trans_s,\n        DstPortNumber = toint(port_d)\n    | parse EventMessage with \"Scanner type: \" SrcAppName \" Source IP\" * \"Expliot: \" ThreatName \",\" *\n    | project-away\n        *_d, *_s, *_g;\n\n  let InternetBrowsings = CynerioEvent_CL\n    | where title_s == 'Internet Browsing'\n    | extend EventOriginalSeverity = severity_s\n    | lookup SeverityLookup on EventOriginalSeverity\n    | extend\n        Type = 'CynerioEvent_CL',\n        EventStartTime = unixtime_seconds_todatetime(timestamp_d),\n        EventEndTime = unixtime_seconds_todatetime(timestamp_d),\n        EventType = 'EndpointNetworkSession',\n        EventOriginalType = 'IDS',\n        EventOriginalSubType = title_s,\n        EventOriginalUid = uid_s,\n        EventMessage = details_s,\n        Dvc = tostring(asset_id_g),\n        AdditonalFields = pack(\"AssetType\", asset_type_s),\n        DvcId = tostring(asset_id_g),\n        DvcIpAddr = asset_ip_s,\n        EventProduct = 'Cynerio',\n        EventCount = int(1),\n        EventResult = 'Success',\n        EventVendor = 'Cynerio',\n        EventSchema = 'NetworkSession',\n        EventSchemaVersion = '0.2.5',\n        SrcIpAddr = src_ip_s,\n        IpAddr = src_ip_s,\n        DstIpAddr = dst_ip_s,\n        NetworkProtocol = trans_s,\n        DstPortNumber = toint(port_d),\n        DstFQDN = host_s,\n        FQDN = host_s,\n        SrcAppName = browser_s\n    | project-away\n        *_d, *_s, *_g;\n\n  let SuspiciousConnections = CynerioEvent_CL\n    | where title_s == 'Suspicious Connection'\n    | extend EventOriginalSeverity = severity_s\n    | lookup SeverityLookup on EventOriginalSeverity\n    | extend\n        Type = 'CynerioEvent_CL',\n        EventStartTime = unixtime_seconds_todatetime(timestamp_d),\n        EventEndTime = unixtime_seconds_todatetime(timestamp_d),\n        EventOriginalUid = uid_s,\n        EventType = 'EndpointNetworkSession',\n        EventOriginalType = 'IDS',\n        EventOriginalSubType = title_s,\n        EventMessage = details_s,\n        DvcIdType = 'Cynerio',\n        AdditonalFields = pack(\"AssetType\", asset_type_s),\n        Dvc = tostring(asset_id_g),\n        DvcId = tostring(asset_id_g),\n        DvcIpAddr = asset_ip_s,\n        EventProduct = 'Cynerio',\n        EventCount = int(1),\n        EventResult = 'Success',\n        EventVendor = 'Cynerio',\n        EventSchema = 'NetworkSession',\n        EventSchemaVersion = '0.2.5',\n        SrcIpAddr = src_ip_s,\n        IpAddr = src_ip_s,\n        DstIpAddr = dst_ip_s,\n        NetworkProtocol = trans_s,\n        DstPortNumber = toint(port_d),\n        NetworkApplicationProtocol = service_s,\n        DstDomainType = 'FQDN'\n    | parse EventMessage with * \"Suspicious Connection Entity: \" DstDomain \",\" *\n    | project-away\n        *_d, *_s, *_g;\n\n  let ExplotationAttempts = CynerioEvent_CL\n    | where title_s == 'Exploitation Attempt'\n    | extend EventOriginalSeverity = severity_s\n    | lookup SeverityLookup on EventOriginalSeverity\n    | extend\n        Type = 'CynerioEvent_CL',\n        EventStartTime = unixtime_seconds_todatetime(timestamp_d),\n        EventEndTime = unixtime_seconds_todatetime(timestamp_d),\n        EventOriginalUid = uid_s,\n        EventType = 'EndpointNetworkSession',\n        EventOriginalType = 'IDS',\n        EventOriginalSubType = title_s,\n        EventMessage = details_s,\n        DvcIdType = 'Cynerio',\n        AdditonalFields = pack(\"AssetType\", asset_type_s),\n        Dvc = tostring(asset_id_g),\n        DvcId = tostring(asset_id_g),\n        DvcIpAddr = asset_ip_s,\n        EventProduct = 'Cynerio',\n        EventCount = int(1),\n        EventResult = 'Success',\n        EventVendor = 'Cynerio',\n        EventSchema = 'NetworkSession',\n        EventSchemaVersion = '0.2.5',\n        SrcIpAddr = src_ip_s,\n        IpAddr = src_ip_s,\n        DstIpAddr = dst_ip_s,\n        NetworkProtocol = trans_s,\n        DstPortNumber = toint(port_d)\n    | parse EventMessage with * \"Expliot: \" ThreatName \",\" *\n    | project-away\n      *_d, *_s, *_g;\n\n  let Connections = CynerioEvent_CL\n    | where title_s in ('SSH Connection', 'Telnet Connection', 'RDP Connection', 'REXEC Connection')\n    | extend EventOriginalSeverity = severity_s\n    | lookup SeverityLookup on EventOriginalSeverity\n    | extend\n        Type = 'CynerioEvent_CL',\n        EventStartTime = unixtime_seconds_todatetime(timestamp_d),\n        EventEndTime = unixtime_seconds_todatetime(timestamp_d),\n        EventOriginalUid = uid_s,\n        EventType = 'EndpointNetworkSession',\n        EventOriginalType = 'IDS',\n        EventOriginalSubType = title_s,\n        EventMessage = details_s,\n        DvcIdType = 'Cynerio',\n        Dvc = tostring(asset_id_g),\n        AdditonalFields = pack(\"AssetType\", asset_type_s),\n        DvcId = tostring(asset_id_g),\n        DvcIpAddr = asset_ip_s,\n        EventProduct = 'Cynerio',\n        EventCount = int(1),\n        EventResult = 'Success',\n        EventVendor = 'Cynerio',\n        EventSchema = 'NetworkSession',\n        EventSchemaVersion = '0.2.5',\n        SrcIpAddr = src_ip_s,\n        IpAddr = src_ip_s,\n        DstIpAddr = dst_ip_s,\n        NetworkProtocol = trans_s,\n        DstPortNumber = toint(port_d)\n    | project-away\n      *_d, *_s, *_g;\n\n  union InternetBrowsings, ScannerActivities, SuspiciousConnections, ExplotationAttempts, Connections",
        "functionParameters": "",
        "version": 1,
        "tags": [
          {
            "name": "description",
            "value": "CynerioEvent_NetworkSession"
          }
        ]
      }
    },
    {
      "type": "Microsoft.OperationalInsights/workspaces/providers/metadata",
      "apiVersion": "2022-01-01-preview",
      "location": "[parameters('workspace-location')]",
      "name": "[concat(parameters('workspace'),'/Microsoft.SecurityInsights/',concat('Parser-', last(split(variables('_parserId2'),'/'))))]",
      "dependsOn": [
        "[variables('_parserId2')]"
      ],
      "properties": {
        "parentId": "[resourceId('Microsoft.OperationalInsights/workspaces/savedSearches', parameters('workspace'), variables('parserName2'))]",
        "contentId": "[variables('_parserContentId2')]",
        "kind": "Parser",
        "version": "[variables('parserVersion2')]",
        "source": {
          "kind": "Solution",
          "name": "Cynerio",
          "sourceId": "[variables('_solutionId')]"
        },
        "author": {
          "name": "micha@cynerio.co"
        },
        "support": {
          "name": "Cynerio",
          "email": "support@cynerio.com",
          "tier": "Partner",
          "link": "https://cynerio.com"
        }
      }
    },
    {
      "type": "Microsoft.OperationalInsights/workspaces/providers/contentTemplates",
      "apiVersion": "2023-04-01-preview",
      "name": "[variables('workbookTemplateSpecName1')]",
      "location": "[parameters('workspace-location')]",
      "dependsOn": [
        "[extensionResourceId(resourceId('Microsoft.OperationalInsights/workspaces', parameters('workspace')), 'Microsoft.SecurityInsights/contentPackages', variables('_solutionId'))]"
      ],
      "properties": {
        "description": "CynerioOverviewWorkbookWorkbook Workbook with template version 3.0.0",
        "mainTemplate": {
          "$schema": "https://schema.management.azure.com/schemas/2019-04-01/deploymentTemplate.json#",
          "contentVersion": "[variables('workbookVersion1')]",
          "parameters": {},
          "variables": {},
          "resources": [
            {
              "type": "Microsoft.Insights/workbooks",
              "name": "[variables('workbookContentId1')]",
              "location": "[parameters('workspace-location')]",
              "kind": "shared",
              "apiVersion": "2021-08-01",
              "metadata": {
                "description": ""
              },
              "properties": {
                "displayName": "[parameters('workbook1-name')]",
                "serializedData": "{\"version\":\"Notebook/1.0\",\"items\":[{\"type\":1,\"content\":{\"json\":\"## Cynerio Security Events\\n---\\n\\nData for the last 24 hours\"},\"name\":\"text - 2\"},{\"type\":3,\"content\":{\"version\":\"KqlItem/1.0\",\"query\":\"CynerioEvent_CL | where module_s == 'IDS' and TimeGenerated > ago(24h)\\n| summarize Count=count() by title_s\\n|render barchart  \",\"size\":1,\"queryType\":0,\"resourceType\":\"microsoft.operationalinsights/workspaces\"},\"name\":\"query - 2\"},{\"type\":3,\"content\":{\"version\":\"KqlItem/1.0\",\"query\":\"CynerioEvent_CL | where module_s == 'IDS' and TimeGenerated > ago(1h)\\n|project date_t, module_s, title_s, asset_type_s, asset_model_s, asset_ip_s , details_s\\n|render table \",\"size\":0,\"timeContext\":{\"durationMs\":86400000},\"queryType\":0,\"resourceType\":\"microsoft.operationalinsights/workspaces\"},\"name\":\"query - 2\"}],\"fallbackResourceIds\":\"[]\",\"fromTemplateId\":\"sentinel-CynerioOverviewWorkbook\",\"$schema\":\"https://github.com/Microsoft/Application-Insights-Workbooks/blob/master/schema/workbook.json\"}\n",
                "version": "1.0",
                "sourceId": "[variables('workspaceResourceId')]",
                "category": "sentinel"
              }
            },
            {
              "type": "Microsoft.OperationalInsights/workspaces/providers/metadata",
              "apiVersion": "2022-01-01-preview",
              "name": "[concat(parameters('workspace'),'/Microsoft.SecurityInsights/',concat('Workbook-', last(split(variables('workbookId1'),'/'))))]",
              "properties": {
                "description": ".description",
                "parentId": "[variables('workbookId1')]",
                "contentId": "[variables('_workbookContentId1')]",
                "kind": "Workbook",
                "version": "[variables('workbookVersion1')]",
                "source": {
                  "kind": "Solution",
                  "name": "Cynerio",
                  "sourceId": "[variables('_solutionId')]"
                },
                "author": {
                  "name": "micha@cynerio.co"
                },
                "support": {
                  "name": "Cynerio",
                  "email": "support@cynerio.com",
                  "tier": "Partner",
                  "link": "https://cynerio.com"
                }
              }
            }
          ]
        },
        "packageKind": "Solution",
        "packageVersion": "[variables('_solutionVersion')]",
        "packageName": "[variables('_solutionName')]",
        "packageId": "[variables('_solutionId')]",
        "contentSchemaVersion": "3.0.0",
        "contentId": "[variables('_workbookContentId1')]",
        "contentKind": "Workbook",
        "displayName": "[parameters('workbook1-name')]",
        "contentProductId": "[variables('_workbookcontentProductId1')]",
        "id": "[variables('_workbookcontentProductId1')]",
        "version": "[variables('workbookVersion1')]"
      }
    },
    {
      "type": "Microsoft.OperationalInsights/workspaces/providers/contentTemplates",
      "apiVersion": "2023-04-01-preview",
      "name": "[variables('analyticRuleTemplateSpecName1')]",
      "location": "[parameters('workspace-location')]",
      "dependsOn": [
        "[extensionResourceId(resourceId('Microsoft.OperationalInsights/workspaces', parameters('workspace')), 'Microsoft.SecurityInsights/contentPackages', variables('_solutionId'))]"
      ],
      "properties": {
        "description": "IoTDefaultPasswords_AnalyticalRules Analytics Rule with template version 3.0.0",
        "mainTemplate": {
          "$schema": "https://schema.management.azure.com/schemas/2019-04-01/deploymentTemplate.json#",
          "contentVersion": "[variables('analyticRuleVersion1')]",
          "parameters": {},
          "variables": {},
          "resources": [
            {
              "type": "Microsoft.SecurityInsights/AlertRuleTemplates",
              "name": "[variables('analyticRulecontentId1')]",
              "apiVersion": "2022-04-01-preview",
              "kind": "Scheduled",
              "location": "[parameters('workspace-location')]",
              "properties": {
                "description": "IoT Default Passwords",
                "displayName": "Cynerio - IoT - Default password",
                "enabled": false,
                "query": "CynerioEvent_CL\n| where TimeGenerated > ago(24h)\n| where module_s == 'IDS'\n| where title_s == 'Default Password'\n",
                "queryFrequency": "PT5H",
                "queryPeriod": "PT5H",
                "severity": "High",
                "suppressionDuration": "PT1H",
                "suppressionEnabled": false,
                "triggerOperator": "GreaterThan",
                "triggerThreshold": 0,
                "status": "Available",
                "requiredDataConnectors": [
                  {
                    "dataTypes": [
                      "CynerioEvent_CL"
                    ],
                    "connectorId": "CynerioSecurityEvents"
                  }
                ],
                "tactics": [
                  "CredentialAccess"
                ],
                "techniques": [
                  "T1552"
                ],
                "entityMappings": [
                  {
                    "entityType": "IP",
                    "fieldMappings": [
                      {
                        "identifier": "Address",
                        "columnName": "asset_ip_s"
                      }
                    ]
                  }
                ],
                "customDetails": {
                  "Service": "service_s"
                }
              }
            },
            {
              "type": "Microsoft.OperationalInsights/workspaces/providers/metadata",
              "apiVersion": "2022-01-01-preview",
              "name": "[concat(parameters('workspace'),'/Microsoft.SecurityInsights/',concat('AnalyticsRule-', last(split(variables('analyticRuleId1'),'/'))))]",
              "properties": {
                "description": "Cynerio Analytics Rule 1",
                "parentId": "[variables('analyticRuleId1')]",
                "contentId": "[variables('_analyticRulecontentId1')]",
                "kind": "AnalyticsRule",
                "version": "[variables('analyticRuleVersion1')]",
                "source": {
                  "kind": "Solution",
                  "name": "Cynerio",
                  "sourceId": "[variables('_solutionId')]"
                },
                "author": {
                  "name": "micha@cynerio.co"
                },
                "support": {
                  "name": "Cynerio",
                  "email": "support@cynerio.com",
                  "tier": "Partner",
                  "link": "https://cynerio.com"
                }
              }
            }
          ]
        },
        "packageKind": "Solution",
        "packageVersion": "[variables('_solutionVersion')]",
        "packageName": "[variables('_solutionName')]",
        "packageId": "[variables('_solutionId')]",
        "contentSchemaVersion": "3.0.0",
        "contentId": "[variables('_analyticRulecontentId1')]",
        "contentKind": "AnalyticsRule",
        "displayName": "Cynerio - IoT - Default password",
        "contentProductId": "[variables('_analyticRulecontentProductId1')]",
        "id": "[variables('_analyticRulecontentProductId1')]",
        "version": "[variables('analyticRuleVersion1')]"
      }
    },
    {
      "type": "Microsoft.OperationalInsights/workspaces/providers/contentTemplates",
      "apiVersion": "2023-04-01-preview",
      "name": "[variables('analyticRuleTemplateSpecName2')]",
      "location": "[parameters('workspace-location')]",
      "dependsOn": [
        "[extensionResourceId(resourceId('Microsoft.OperationalInsights/workspaces', parameters('workspace')), 'Microsoft.SecurityInsights/contentPackages', variables('_solutionId'))]"
      ],
      "properties": {
        "description": "IoTWeakPasswords_AnalyticalRules Analytics Rule with template version 3.0.0",
        "mainTemplate": {
          "$schema": "https://schema.management.azure.com/schemas/2019-04-01/deploymentTemplate.json#",
          "contentVersion": "[variables('analyticRuleVersion2')]",
          "parameters": {},
          "variables": {},
          "resources": [
            {
              "type": "Microsoft.SecurityInsights/AlertRuleTemplates",
              "name": "[variables('analyticRulecontentId2')]",
              "apiVersion": "2022-04-01-preview",
              "kind": "Scheduled",
              "location": "[parameters('workspace-location')]",
              "properties": {
                "description": "IoT Weak Password",
                "displayName": "Cynerio - IoT - Weak password",
                "enabled": false,
                "query": "CynerioEvent_CL\n| where TimeGenerated > ago(24h)\n| where module_s == 'IDS'\n| where title_s == 'Weak Password'\n",
                "queryFrequency": "PT5H",
                "queryPeriod": "PT5H",
                "severity": "High",
                "suppressionDuration": "PT1H",
                "suppressionEnabled": false,
                "triggerOperator": "GreaterThan",
                "triggerThreshold": 0,
                "status": "Available",
                "requiredDataConnectors": [
                  {
                    "dataTypes": [
                      "CynerioEvent_CL"
                    ],
                    "connectorId": "CynerioSecurityEvents"
                  }
                ],
                "tactics": [
                  "CredentialAccess"
                ],
                "techniques": [
                  "T1552"
                ],
                "entityMappings": [
                  {
                    "entityType": "IP",
                    "fieldMappings": [
                      {
                        "identifier": "Address",
                        "columnName": "asset_ip_s"
                      }
                    ]
                  }
                ],
                "customDetails": {
                  "Service": "service_s"
                }
              }
            },
            {
              "type": "Microsoft.OperationalInsights/workspaces/providers/metadata",
              "apiVersion": "2022-01-01-preview",
              "name": "[concat(parameters('workspace'),'/Microsoft.SecurityInsights/',concat('AnalyticsRule-', last(split(variables('analyticRuleId2'),'/'))))]",
              "properties": {
                "description": "Cynerio Analytics Rule 2",
                "parentId": "[variables('analyticRuleId2')]",
                "contentId": "[variables('_analyticRulecontentId2')]",
                "kind": "AnalyticsRule",
                "version": "[variables('analyticRuleVersion2')]",
                "source": {
                  "kind": "Solution",
                  "name": "Cynerio",
                  "sourceId": "[variables('_solutionId')]"
                },
                "author": {
                  "name": "micha@cynerio.co"
                },
                "support": {
                  "name": "Cynerio",
                  "email": "support@cynerio.com",
                  "tier": "Partner",
                  "link": "https://cynerio.com"
                }
              }
            }
          ]
        },
        "packageKind": "Solution",
        "packageVersion": "[variables('_solutionVersion')]",
        "packageName": "[variables('_solutionName')]",
        "packageId": "[variables('_solutionId')]",
        "contentSchemaVersion": "3.0.0",
        "contentId": "[variables('_analyticRulecontentId2')]",
        "contentKind": "AnalyticsRule",
        "displayName": "Cynerio - IoT - Weak password",
        "contentProductId": "[variables('_analyticRulecontentProductId2')]",
        "id": "[variables('_analyticRulecontentProductId2')]",
        "version": "[variables('analyticRuleVersion2')]"
      }
    },
    {
      "type": "Microsoft.OperationalInsights/workspaces/providers/contentTemplates",
      "apiVersion": "2023-04-01-preview",
      "name": "[variables('analyticRuleTemplateSpecName3')]",
      "location": "[parameters('workspace-location')]",
      "dependsOn": [
        "[extensionResourceId(resourceId('Microsoft.OperationalInsights/workspaces', parameters('workspace')), 'Microsoft.SecurityInsights/contentPackages', variables('_solutionId'))]"
      ],
      "properties": {
        "description": "IoTExploitationAttempts_AnalyticalRules Analytics Rule with template version 3.0.0",
        "mainTemplate": {
          "$schema": "https://schema.management.azure.com/schemas/2019-04-01/deploymentTemplate.json#",
          "contentVersion": "[variables('analyticRuleVersion3')]",
          "parameters": {},
          "variables": {},
          "resources": [
            {
              "type": "Microsoft.SecurityInsights/AlertRuleTemplates",
              "name": "[variables('analyticRulecontentId3')]",
              "apiVersion": "2022-04-01-preview",
              "kind": "Scheduled",
              "location": "[parameters('workspace-location')]",
              "properties": {
                "description": "IoT Exploitation Attempt",
                "displayName": "Cynerio - Exploitation Attempt of IoT device",
                "enabled": false,
                "query": "CynerioEvent_CL\n| where TimeGenerated > ago(24h)\n| where module_s == 'IDS'\n| where title_s == 'Exploitation Attempt'\n",
                "queryFrequency": "PT5H",
                "queryPeriod": "PT5H",
                "severity": "High",
                "suppressionDuration": "PT1H",
                "suppressionEnabled": false,
                "triggerOperator": "GreaterThan",
                "triggerThreshold": 0,
                "status": "Available",
                "requiredDataConnectors": [
                  {
                    "dataTypes": [
                      "CynerioEvent_CL"
                    ],
                    "connectorId": "CynerioSecurityEvents"
                  }
                ],
                "tactics": [
                  "LateralMovement"
                ],
                "techniques": [
                  "T0866"
                ],
                "entityMappings": [
                  {
                    "entityType": "IP",
                    "fieldMappings": [
                      {
                        "identifier": "Address",
                        "columnName": "asset_ip_s"
                      }
                    ]
                  },
                  {
                    "entityType": "IP",
                    "fieldMappings": [
                      {
                        "identifier": "Address",
                        "columnName": "dst_ip_s"
                      }
                    ]
                  }
                ],
                "customDetails": {
                  "ExploitDescription": "details_s"
                }
              }
            },
            {
              "type": "Microsoft.OperationalInsights/workspaces/providers/metadata",
              "apiVersion": "2022-01-01-preview",
              "name": "[concat(parameters('workspace'),'/Microsoft.SecurityInsights/',concat('AnalyticsRule-', last(split(variables('analyticRuleId3'),'/'))))]",
              "properties": {
                "description": "Cynerio Analytics Rule 3",
                "parentId": "[variables('analyticRuleId3')]",
                "contentId": "[variables('_analyticRulecontentId3')]",
                "kind": "AnalyticsRule",
                "version": "[variables('analyticRuleVersion3')]",
                "source": {
                  "kind": "Solution",
                  "name": "Cynerio",
                  "sourceId": "[variables('_solutionId')]"
                },
                "author": {
                  "name": "micha@cynerio.co"
                },
                "support": {
                  "name": "Cynerio",
                  "email": "support@cynerio.com",
                  "tier": "Partner",
                  "link": "https://cynerio.com"
                }
              }
            }
          ]
        },
        "packageKind": "Solution",
        "packageVersion": "[variables('_solutionVersion')]",
        "packageName": "[variables('_solutionName')]",
        "packageId": "[variables('_solutionId')]",
        "contentSchemaVersion": "3.0.0",
        "contentId": "[variables('_analyticRulecontentId3')]",
        "contentKind": "AnalyticsRule",
        "displayName": "Cynerio - Exploitation Attempt of IoT device",
        "contentProductId": "[variables('_analyticRulecontentProductId3')]",
        "id": "[variables('_analyticRulecontentProductId3')]",
        "version": "[variables('analyticRuleVersion3')]"
      }
    },
    {
      "type": "Microsoft.OperationalInsights/workspaces/providers/contentTemplates",
      "apiVersion": "2023-04-01-preview",
      "name": "[variables('analyticRuleTemplateSpecName4')]",
      "location": "[parameters('workspace-location')]",
      "dependsOn": [
        "[extensionResourceId(resourceId('Microsoft.OperationalInsights/workspaces', parameters('workspace')), 'Microsoft.SecurityInsights/contentPackages', variables('_solutionId'))]"
      ],
      "properties": {
        "description": "SuspiciousConnections_AnalyticalRules Analytics Rule with template version 3.0.0",
        "mainTemplate": {
          "$schema": "https://schema.management.azure.com/schemas/2019-04-01/deploymentTemplate.json#",
          "contentVersion": "[variables('analyticRuleVersion4')]",
          "parameters": {},
          "variables": {},
          "resources": [
            {
              "type": "Microsoft.SecurityInsights/AlertRuleTemplates",
              "name": "[variables('analyticRulecontentId4')]",
              "apiVersion": "2022-04-01-preview",
              "kind": "Scheduled",
              "location": "[parameters('workspace-location')]",
              "properties": {
                "description": "IoT device Suspicious Connection to the internet",
                "displayName": "Cynerio - Suspicious Connection to External Address",
                "enabled": false,
                "query": "CynerioEvent_CL\n| where TimeGenerated > ago(24h)\n| where module_s == 'IDS'\n| where title_s == 'Suspicious Connection'\n",
                "queryFrequency": "PT5H",
                "queryPeriod": "PT5H",
                "severity": "High",
                "suppressionDuration": "PT1H",
                "suppressionEnabled": false,
                "triggerOperator": "GreaterThan",
                "triggerThreshold": 0,
                "status": "Available",
                "requiredDataConnectors": [
                  {
                    "dataTypes": [
                      "CynerioEvent_CL"
                    ],
                    "connectorId": "CynerioSecurityEvents"
                  }
                ],
                "tactics": [
                  "LateralMovement"
                ],
                "techniques": [
                  "T0866"
                ],
                "entityMappings": [
                  {
                    "entityType": "IP",
                    "fieldMappings": [
                      {
                        "identifier": "Address",
                        "columnName": "asset_ip_s"
                      }
                    ]
                  }
                ],
                "customDetails": {
                  "Hostname": "host_s",
                  "DstIP": "dst_ip_s"
                }
              }
            },
            {
              "type": "Microsoft.OperationalInsights/workspaces/providers/metadata",
              "apiVersion": "2022-01-01-preview",
              "name": "[concat(parameters('workspace'),'/Microsoft.SecurityInsights/',concat('AnalyticsRule-', last(split(variables('analyticRuleId4'),'/'))))]",
              "properties": {
                "description": "Cynerio Analytics Rule 4",
                "parentId": "[variables('analyticRuleId4')]",
                "contentId": "[variables('_analyticRulecontentId4')]",
                "kind": "AnalyticsRule",
                "version": "[variables('analyticRuleVersion4')]",
                "source": {
                  "kind": "Solution",
                  "name": "Cynerio",
                  "sourceId": "[variables('_solutionId')]"
                },
                "author": {
                  "name": "micha@cynerio.co"
                },
                "support": {
                  "name": "Cynerio",
                  "email": "support@cynerio.com",
                  "tier": "Partner",
                  "link": "https://cynerio.com"
                }
              }
            }
          ]
        },
        "packageKind": "Solution",
        "packageVersion": "[variables('_solutionVersion')]",
        "packageName": "[variables('_solutionName')]",
        "packageId": "[variables('_solutionId')]",
        "contentSchemaVersion": "3.0.0",
        "contentId": "[variables('_analyticRulecontentId4')]",
        "contentKind": "AnalyticsRule",
        "displayName": "Cynerio - Suspicious Connection to External Address",
        "contentProductId": "[variables('_analyticRulecontentProductId4')]",
        "id": "[variables('_analyticRulecontentProductId4')]",
        "version": "[variables('analyticRuleVersion4')]"
      }
    },
    {
      "type": "Microsoft.OperationalInsights/workspaces/providers/contentTemplates",
      "apiVersion": "2023-04-01-preview",
      "name": "[variables('analyticRuleTemplateSpecName5')]",
      "location": "[parameters('workspace-location')]",
      "dependsOn": [
        "[extensionResourceId(resourceId('Microsoft.OperationalInsights/workspaces', parameters('workspace')), 'Microsoft.SecurityInsights/contentPackages', variables('_solutionId'))]"
      ],
      "properties": {
        "description": "MedicalDeviceScanning_AnalyticalRules Analytics Rule with template version 3.0.0",
        "mainTemplate": {
          "$schema": "https://schema.management.azure.com/schemas/2019-04-01/deploymentTemplate.json#",
          "contentVersion": "[variables('analyticRuleVersion5')]",
          "parameters": {},
          "variables": {},
          "resources": [
            {
              "type": "Microsoft.SecurityInsights/AlertRuleTemplates",
              "name": "[variables('analyticRulecontentId5')]",
              "apiVersion": "2022-04-01-preview",
              "kind": "Scheduled",
              "location": "[parameters('workspace-location')]",
              "properties": {
                "description": "Medical device is being scanned by vulnerability scanner",
                "displayName": "Cynerio - Medical device scanning",
                "enabled": false,
                "query": "CynerioEvent_CL\n| where TimeGenerated > ago(24h)\n| where module_s == 'IDS'\n| where title_s == 'Scanner Activity'\n",
                "queryFrequency": "PT5H",
                "queryPeriod": "PT5H",
                "severity": "Medium",
                "suppressionDuration": "PT1H",
                "suppressionEnabled": false,
                "triggerOperator": "GreaterThan",
                "triggerThreshold": 0,
                "status": "Available",
                "requiredDataConnectors": [
                  {
                    "dataTypes": [
                      "CynerioEvent_CL"
                    ],
                    "connectorId": "CynerioSecurityEvents"
                  }
                ],
                "tactics": [
                  "LateralMovement"
                ],
                "techniques": [
                  "T0866"
                ],
                "entityMappings": [
                  {
                    "entityType": "IP",
                    "fieldMappings": [
                      {
                        "identifier": "Address",
                        "columnName": "asset_ip_s"
                      }
                    ]
                  }
                ],
                "customDetails": {
                  "DeviceType": "asset_type_s"
                }
              }
            },
            {
              "type": "Microsoft.OperationalInsights/workspaces/providers/metadata",
              "apiVersion": "2022-01-01-preview",
              "name": "[concat(parameters('workspace'),'/Microsoft.SecurityInsights/',concat('AnalyticsRule-', last(split(variables('analyticRuleId5'),'/'))))]",
              "properties": {
                "description": "Cynerio Analytics Rule 5",
                "parentId": "[variables('analyticRuleId5')]",
                "contentId": "[variables('_analyticRulecontentId5')]",
                "kind": "AnalyticsRule",
                "version": "[variables('analyticRuleVersion5')]",
                "source": {
                  "kind": "Solution",
                  "name": "Cynerio",
                  "sourceId": "[variables('_solutionId')]"
                },
                "author": {
                  "name": "micha@cynerio.co"
                },
                "support": {
                  "name": "Cynerio",
                  "email": "support@cynerio.com",
                  "tier": "Partner",
                  "link": "https://cynerio.com"
                }
              }
            }
          ]
        },
        "packageKind": "Solution",
        "packageVersion": "[variables('_solutionVersion')]",
        "packageName": "[variables('_solutionName')]",
        "packageId": "[variables('_solutionId')]",
        "contentSchemaVersion": "3.0.0",
        "contentId": "[variables('_analyticRulecontentId5')]",
        "contentKind": "AnalyticsRule",
        "displayName": "Cynerio - Medical device scanning",
        "contentProductId": "[variables('_analyticRulecontentProductId5')]",
        "id": "[variables('_analyticRulecontentProductId5')]",
        "version": "[variables('analyticRuleVersion5')]"
      }
    },
    {
      "type": "Microsoft.OperationalInsights/workspaces/providers/contentPackages",
      "apiVersion": "2023-04-01-preview",
      "location": "[parameters('workspace-location')]",
      "properties": {
        "version": "3.0.0",
        "kind": "Solution",
        "contentSchemaVersion": "3.0.0",
        "displayName": "Cynerio",
        "publisherDisplayName": "Cynerio",
        "descriptionHtml": "<p><strong>Note:</strong> <em>There may be <a href=\"https://aka.ms/sentinelsolutionsknownissues\">known issues</a> pertaining to this Solution, please refer to them before installing.</em></p>\n<p>The <a href=\"https://www.cynerio.com/\">Cynerio</a> solution for Microsoft Sentinel enables you to ingest Cynerio Security Events to the Microsoft Sentinel platform, providing more insight into your organization network security posture and improving your security operation capabilities.</p>\n<p><strong>Data Connectors:</strong> 1, <strong>Parsers:</strong> 2, <strong>Workbooks:</strong> 1, <strong>Analytic Rules:</strong> 5</p>\n<p><a href=\"https://aka.ms/azuresentinel\">Learn more about Microsoft Sentinel</a> | <a href=\"https://aka.ms/azuresentinelsolutionsdoc\">Learn more about Solutions</a></p>\n",
        "contentKind": "Solution",
        "contentProductId": "[variables('_solutioncontentProductId')]",
        "id": "[variables('_solutioncontentProductId')]",
        "icon": "<img src=\"https://raw.githubusercontent.com/Azure/Azure-Sentinel/master/Logos/Cynerio.svg\" width=\"75px\" height=\"75px\">",
        "contentId": "[variables('_solutionId')]",
        "parentId": "[variables('_solutionId')]",
        "source": {
          "kind": "Solution",
          "name": "Cynerio",
          "sourceId": "[variables('_solutionId')]"
        },
        "author": {
          "name": "micha@cynerio.co"
        },
        "support": {
          "name": "Cynerio",
          "email": "support@cynerio.com",
          "tier": "Partner",
          "link": "https://cynerio.com"
        },
        "dependencies": {
          "operator": "AND",
          "criteria": [
            {
              "kind": "DataConnector",
              "contentId": "[variables('_dataConnectorContentId1')]",
              "version": "[variables('dataConnectorVersion1')]"
            },
            {
              "kind": "Parser",
              "contentId": "[variables('_parserContentId1')]",
              "version": "[variables('parserVersion1')]"
            },
            {
              "kind": "Parser",
              "contentId": "[variables('_parserContentId2')]",
              "version": "[variables('parserVersion2')]"
            },
            {
              "kind": "Workbook",
              "contentId": "[variables('_workbookContentId1')]",
              "version": "[variables('workbookVersion1')]"
            },
            {
              "kind": "AnalyticsRule",
              "contentId": "[variables('analyticRulecontentId1')]",
              "version": "[variables('analyticRuleVersion1')]"
            },
            {
              "kind": "AnalyticsRule",
              "contentId": "[variables('analyticRulecontentId2')]",
              "version": "[variables('analyticRuleVersion2')]"
            },
            {
              "kind": "AnalyticsRule",
              "contentId": "[variables('analyticRulecontentId3')]",
              "version": "[variables('analyticRuleVersion3')]"
            },
            {
              "kind": "AnalyticsRule",
              "contentId": "[variables('analyticRulecontentId4')]",
              "version": "[variables('analyticRuleVersion4')]"
            },
            {
              "kind": "AnalyticsRule",
              "contentId": "[variables('analyticRulecontentId5')]",
              "version": "[variables('analyticRuleVersion5')]"
            }
          ]
        },
        "firstPublishDate": "2023-03-29",
        "lastPublishDate": "2023-03-29",
        "providers": [
          "Cynerio"
        ],
        "categories": {
          "domains": [
            "Security - Vulnerability Management",
            "Security - Network"
          ]
        }
      },
      "name": "[concat(parameters('workspace'),'/Microsoft.SecurityInsights/', variables('_solutionId'))]"
    }
  ],
  "outputs": {}
}
