{
  "$schema": "https://schema.management.azure.com/schemas/2019-04-01/deploymentTemplate.json#",
  "contentVersion": "1.0.0.0",
  "metadata": {
    "author": "RidgeSecurity - oliver@ridgesecurity.ai",
    "comments": "Solution template for RidgeSecurity"
  },
  "parameters": {
    "location": {
      "type": "string",
      "minLength": 1,
      "defaultValue": "[resourceGroup().location]",
      "metadata": {
        "description": "Not used, but needed to pass arm-ttk test `Location-Should-Not-Be-Hardcoded`.  We instead use the `workspace-location` which is derived from the LA workspace"
      }
    },
    "workspace-location": {
      "type": "string",
      "defaultValue": "",
      "metadata": {
        "description": "[concat('Region to deploy solution resources -- separate from location selection',parameters('location'))]"
      }
    },
    "workspace": {
      "defaultValue": "",
      "type": "string",
      "metadata": {
        "description": "Workspace name for Log Analytics where Microsoft Sentinel is setup"
      }
    }
  },
  "variables": {
    "email": "oliver@ridgesecurity.ai",
    "_email": "[variables('email')]",
    "_solutionName": "RidgeSecurity",
    "_solutionVersion": "3.0.0",
    "solutionId": "ridgesecurity.microsoft-sentinel-solution-ridgesecurity",
    "_solutionId": "[variables('solutionId')]",
    "_uiConfigId1": "RidgeBotDataConnector",
    "_dataConnectorContentId1": "RidgeBotDataConnector",
    "dataConnectorId1": "[extensionResourceId(resourceId('Microsoft.OperationalInsights/workspaces', parameters('workspace')), 'Microsoft.SecurityInsights/dataConnectors', variables('_dataConnectorContentId1'))]",
    "_dataConnectorId1": "[variables('dataConnectorId1')]",
    "dataConnectorTemplateSpecName1": "[concat(parameters('workspace'),'/Microsoft.SecurityInsights/',concat(parameters('workspace'),'-dc-',uniquestring(variables('_dataConnectorContentId1'))))]",
    "dataConnectorVersion1": "1.0.0",
    "_dataConnectorcontentProductId1": "[concat(take(variables('_solutionId'),50),'-','dc','-', uniqueString(concat(variables('_solutionId'),'-','DataConnector','-',variables('_dataConnectorContentId1'),'-', variables('dataConnectorVersion1'))))]",
    "analyticRuleObject1": {
      "analyticRuleVersion1": "1.0.0",
      "_analyticRulecontentId1": "1eebfaf3-40e1-4bc2-9f42-049b7b8ceb60",
      "analyticRuleId1": "[resourceId('Microsoft.SecurityInsights/AlertRuleTemplates', '1eebfaf3-40e1-4bc2-9f42-049b7b8ceb60')]",
      "analyticRuleTemplateSpecName1": "[concat(parameters('workspace'),'/Microsoft.SecurityInsights/',concat(parameters('workspace'),'-ar-',uniquestring('1eebfaf3-40e1-4bc2-9f42-049b7b8ceb60')))]",
      "_analyticRulecontentProductId1": "[concat(take(variables('_solutionId'),50),'-','ar','-', uniqueString(concat(variables('_solutionId'),'-','AnalyticsRule','-','1eebfaf3-40e1-4bc2-9f42-049b7b8ceb60','-', '1.0.0')))]"
    },
    "analyticRuleObject2": {
      "analyticRuleVersion2": "1.0.0",
      "_analyticRulecontentId2": "d096643d-6789-4c74-8893-dd3fc8a94069",
      "analyticRuleId2": "[resourceId('Microsoft.SecurityInsights/AlertRuleTemplates', 'd096643d-6789-4c74-8893-dd3fc8a94069')]",
      "analyticRuleTemplateSpecName2": "[concat(parameters('workspace'),'/Microsoft.SecurityInsights/',concat(parameters('workspace'),'-ar-',uniquestring('d096643d-6789-4c74-8893-dd3fc8a94069')))]",
      "_analyticRulecontentProductId2": "[concat(take(variables('_solutionId'),50),'-','ar','-', uniqueString(concat(variables('_solutionId'),'-','AnalyticsRule','-','d096643d-6789-4c74-8893-dd3fc8a94069','-', '1.0.0')))]"
    },
    "_solutioncontentProductId": "[concat(take(variables('_solutionId'),50),'-','sl','-', uniqueString(concat(variables('_solutionId'),'-','Solution','-',variables('_solutionId'),'-', variables('_solutionVersion'))))]"
  },
  "resources": [
    {
      "type": "Microsoft.OperationalInsights/workspaces/providers/contentTemplates",
      "apiVersion": "2023-04-01-preview",
      "name": "[variables('dataConnectorTemplateSpecName1')]",
      "location": "[parameters('workspace-location')]",
      "dependsOn": [
        "[extensionResourceId(resourceId('Microsoft.OperationalInsights/workspaces', parameters('workspace')), 'Microsoft.SecurityInsights/contentPackages', variables('_solutionId'))]"
      ],
      "properties": {
        "description": "RidgeSecurity data connector with template version 3.0.0",
        "mainTemplate": {
          "$schema": "https://schema.management.azure.com/schemas/2019-04-01/deploymentTemplate.json#",
          "contentVersion": "[variables('dataConnectorVersion1')]",
          "parameters": {},
          "variables": {},
          "resources": [
            {
              "name": "[concat(parameters('workspace'),'/Microsoft.SecurityInsights/',variables('_dataConnectorContentId1'))]",
              "apiVersion": "2021-03-01-preview",
              "type": "Microsoft.OperationalInsights/workspaces/providers/dataConnectors",
              "location": "[parameters('workspace-location')]",
              "kind": "GenericUI",
              "properties": {
                "connectorUiConfig": {
                  "id": "RidgeBotDataConnector",
                  "title": "RIDGEBOT - data connector for Azure Sentinel",
                  "publisher": "RidgeSecurity",
                  "descriptionMarkdown": "The RidgeBot connector lets users connect RidgeBot with Microsoft Sentinel, allowing creation of Dashboards, Workbooks, Notebooks and Alerts.",
                  "graphQueries": [
                    {
                      "metricName": "Total data received",
                      "legend": "RidgeBot found vulnerabilities",
                      "baseQuery": "CommonSecurityLog\n| where DeviceVendor == \"RidgeSecurity\" "
                    }
                  ],
                  "sampleQueries": [
                    {
                      "description": "Lasted 10 Exploited Risks",
                      "query": "CommonSecurityLog\n| where DeviceVendor == \"RidgeSecurity\"\n| where DeviceEventClassID == \"4001\"\n | order by TimeGenerated desc \n| limit 10"
                    }
                  ],
                  "dataTypes": [
                    {
                      "name": "CommonSecurityLog",
                      "lastDataReceivedQuery": "CommonSecurityLog\n| where DeviceVendor == \"RidgeSecurity\"\n| summarize Time = max(TimeGenerated)\n| where isnotempty(Time)"
                    }
                  ],
                  "connectivityCriterias": [
                    {
                      "type": "IsConnectedQuery",
                      "value": [
                        "CommonSecurityLog\n| where DeviceVendor == \"RidgeSecurity\"\n| summarize LastLogReceived = max(TimeGenerated)\n| project IsConnected = LastLogReceived > ago(30d)"
                      ]
                    }
                  ],
                  "availability": {
                    "status": 1,
                    "isPreview": false
                  },
                  "permissions": {
                    "resourceProvider": [
                      {
                        "provider": "Microsoft.OperationalInsights/workspaces",
                        "permissionsDisplayText": "read and write permissions are required.",
                        "providerDisplayName": "Workspace",
                        "scope": "Workspace",
                        "requiredPermissions": {
                          "read": true,
                          "write": true,
                          "delete": true
                        }
                      },
                      {
                        "provider": "Microsoft.OperationalInsights/workspaces/sharedKeys",
                        "permissionsDisplayText": "read permissions to shared keys for the workspace are required. [See the documentation to learn more about workspace keys](https://docs.microsoft.com/azure/azure-monitor/platform/agent-windows#obtain-workspace-id-and-key).",
                        "providerDisplayName": "Keys",
                        "scope": "Workspace",
                        "requiredPermissions": {
                          "action": true
                        }
                      }
                    ],
                    "customs": [
                      {
                        "description": "To collect data from non-Azure VMs, they must have Azure Arc installed and enabled. [Learn more](https://docs.microsoft.com/azure/azure-monitor/agents/azure-monitor-agent-install?tabs=ARMAgentPowerShell,PowerShellWindows,PowerShellWindowsArc,CLIWindows,CLIWindowsArc)"
                      }
                    ]
                  },
                  "instructionSteps": [
                    {
                      "description": ">  CEF Events logs are collected only from **Linux** agents.",
                      "instructions": [
                        {
                          "type": "CefAma"
                        }
                      ],
                      "title": "Enable data collection rule​"
                    },
                    {
                      "instructions": [
                        {
                          "parameters": {
                            "linkType": "OpenCreateDataCollectionRule",
                            "dataCollectionRuleType": 3
                          },
                          "type": "InstallAgent"
                        }
                      ]
                    },
                    {
                      "instructions": [
                        {
                          "parameters": {
                            "fillWith": [
                              "WorkspaceId",
                              "PrimaryKey"
                            ],
                            "label": "",
                            "value": "sudo wget -O Forwarder_AMA_installer.py https://raw.githubusercontent.com/Azure/Azure-Sentinel/master/DataConnectors/Syslog/Forwarder_AMA_installer.py&&sudo python Forwarder_AMA_installer.py"
                          },
                          "type": "CopyableLabel"
                        }
                      ],
                      "title": "Run the following command to install and apply the CEF collector:"
                    }
                  ]
                }
              }
            },
            {
              "type": "Microsoft.OperationalInsights/workspaces/providers/metadata",
              "apiVersion": "2023-04-01-preview",
              "name": "[concat(parameters('workspace'),'/Microsoft.SecurityInsights/',concat('DataConnector-', last(split(variables('_dataConnectorId1'),'/'))))]",
              "properties": {
                "parentId": "[extensionResourceId(resourceId('Microsoft.OperationalInsights/workspaces', parameters('workspace')), 'Microsoft.SecurityInsights/dataConnectors', variables('_dataConnectorContentId1'))]",
                "contentId": "[variables('_dataConnectorContentId1')]",
                "kind": "DataConnector",
                "version": "[variables('dataConnectorVersion1')]",
                "source": {
                  "kind": "Solution",
                  "name": "RidgeSecurity",
                  "sourceId": "[variables('_solutionId')]"
                },
                "author": {
                  "name": "RidgeSecurity",
                  "email": "[variables('_email')]"
                },
                "support": {
                  "name": "RidgeSecurity",
                  "email": "oliver@ridgesecurity.ai",
                  "tier": "Partner",
                  "link": "https://ridgesecurity.ai/about-us/"
                }
              }
            }
          ]
        },
        "packageKind": "Solution",
        "packageVersion": "[variables('_solutionVersion')]",
        "packageName": "[variables('_solutionName')]",
        "packageId": "[variables('_solutionId')]",
        "contentSchemaVersion": "3.0.0",
        "contentId": "[variables('_dataConnectorContentId1')]",
        "contentKind": "DataConnector",
        "displayName": "RIDGEBOT - data connector for Azure Sentinel",
        "contentProductId": "[variables('_dataConnectorcontentProductId1')]",
        "id": "[variables('_dataConnectorcontentProductId1')]",
        "version": "[variables('dataConnectorVersion1')]"
      }
    },
    {
      "type": "Microsoft.OperationalInsights/workspaces/providers/metadata",
      "apiVersion": "2023-04-01-preview",
      "name": "[concat(parameters('workspace'),'/Microsoft.SecurityInsights/',concat('DataConnector-', last(split(variables('_dataConnectorId1'),'/'))))]",
      "dependsOn": [
        "[variables('_dataConnectorId1')]"
      ],
      "location": "[parameters('workspace-location')]",
      "properties": {
        "parentId": "[extensionResourceId(resourceId('Microsoft.OperationalInsights/workspaces', parameters('workspace')), 'Microsoft.SecurityInsights/dataConnectors', variables('_dataConnectorContentId1'))]",
        "contentId": "[variables('_dataConnectorContentId1')]",
        "kind": "DataConnector",
        "version": "[variables('dataConnectorVersion1')]",
        "source": {
          "kind": "Solution",
          "name": "RidgeSecurity",
          "sourceId": "[variables('_solutionId')]"
        },
        "author": {
          "name": "RidgeSecurity",
          "email": "[variables('_email')]"
        },
        "support": {
          "name": "RidgeSecurity",
          "email": "oliver@ridgesecurity.ai",
          "tier": "Partner",
          "link": "https://ridgesecurity.ai/about-us/"
        }
      }
    },
    {
      "name": "[concat(parameters('workspace'),'/Microsoft.SecurityInsights/',variables('_dataConnectorContentId1'))]",
      "apiVersion": "2021-03-01-preview",
      "type": "Microsoft.OperationalInsights/workspaces/providers/dataConnectors",
      "location": "[parameters('workspace-location')]",
      "kind": "GenericUI",
      "properties": {
        "connectorUiConfig": {
          "title": "RIDGEBOT - data connector for Azure Sentinel",
          "publisher": "RidgeSecurity",
          "descriptionMarkdown": "The RidgeBot connector lets users connect RidgeBot with Microsoft Sentinel, allowing creation of Dashboards, Workbooks, Notebooks and Alerts.",
          "graphQueries": [
            {
              "metricName": "Total data received",
              "legend": "RidgeBot found vulnerabilities",
              "baseQuery": "CommonSecurityLog\n| where DeviceVendor == \"RidgeSecurity\" "
            }
          ],
          "dataTypes": [
            {
              "name": "CommonSecurityLog",
              "lastDataReceivedQuery": "CommonSecurityLog\n| where DeviceVendor == \"RidgeSecurity\"\n| summarize Time = max(TimeGenerated)\n| where isnotempty(Time)"
            }
          ],
          "connectivityCriterias": [
            {
              "type": "IsConnectedQuery",
              "value": [
                "CommonSecurityLog\n| where DeviceVendor == \"RidgeSecurity\"\n| summarize LastLogReceived = max(TimeGenerated)\n| project IsConnected = LastLogReceived > ago(30d)"
              ]
            }
          ],
          "sampleQueries": [
            {
              "description": "Lasted 10 Exploited Risks",
              "query": "CommonSecurityLog\n| where DeviceVendor == \"RidgeSecurity\"\n| where DeviceEventClassID == \"4001\"\n | order by TimeGenerated desc \n| limit 10"
            }
          ],
          "availability": {
            "status": 1,
            "isPreview": false
          },
          "permissions": {
            "resourceProvider": [
              {
                "provider": "Microsoft.OperationalInsights/workspaces",
                "permissionsDisplayText": "read and write permissions are required.",
                "providerDisplayName": "Workspace",
                "scope": "Workspace",
                "requiredPermissions": {
                  "read": true,
                  "write": true,
                  "delete": true
                }
              },
              {
                "provider": "Microsoft.OperationalInsights/workspaces/sharedKeys",
                "permissionsDisplayText": "read permissions to shared keys for the workspace are required. [See the documentation to learn more about workspace keys](https://docs.microsoft.com/azure/azure-monitor/platform/agent-windows#obtain-workspace-id-and-key).",
                "providerDisplayName": "Keys",
                "scope": "Workspace",
                "requiredPermissions": {
                  "action": true
                }
              }
            ],
            "customs": [
              {
                "description": "To collect data from non-Azure VMs, they must have Azure Arc installed and enabled. [Learn more](https://docs.microsoft.com/azure/azure-monitor/agents/azure-monitor-agent-install?tabs=ARMAgentPowerShell,PowerShellWindows,PowerShellWindowsArc,CLIWindows,CLIWindowsArc)"
              }
            ]
          },
          "instructionSteps": [
            {
              "description": ">  CEF Events logs are collected only from **Linux** agents.",
              "instructions": [
                {
                  "type": "CefAma"
                }
              ],
              "title": "Enable data collection rule​"
            },
            {
              "instructions": [
                {
                  "parameters": {
                    "linkType": "OpenCreateDataCollectionRule",
                    "dataCollectionRuleType": 3
                  },
                  "type": "InstallAgent"
                }
              ]
            },
            {
              "instructions": [
                {
                  "parameters": {
                    "fillWith": [
                      "WorkspaceId",
                      "PrimaryKey"
                    ],
                    "label": "",
                    "value": "sudo wget -O Forwarder_AMA_installer.py https://raw.githubusercontent.com/Azure/Azure-Sentinel/master/DataConnectors/Syslog/Forwarder_AMA_installer.py&&sudo python Forwarder_AMA_installer.py"
                  },
                  "type": "CopyableLabel"
                }
              ],
              "title": "Run the following command to install and apply the CEF collector:"
            }
          ],
          "id": "[variables('_uiConfigId1')]"
        }
      }
    },
    {
      "type": "Microsoft.OperationalInsights/workspaces/providers/contentTemplates",
      "apiVersion": "2023-04-01-preview",
      "name": "[variables('analyticRuleObject1').analyticRuleTemplateSpecName1]",
      "location": "[parameters('workspace-location')]",
      "dependsOn": [
        "[extensionResourceId(resourceId('Microsoft.OperationalInsights/workspaces', parameters('workspace')), 'Microsoft.SecurityInsights/contentPackages', variables('_solutionId'))]"
      ],
      "properties": {
        "description": "RidgeSecurity_Risks_AnalyticalRules Analytics Rule with template version 3.0.0",
        "mainTemplate": {
          "$schema": "https://schema.management.azure.com/schemas/2019-04-01/deploymentTemplate.json#",
          "contentVersion": "[variables('analyticRuleObject1').analyticRuleVersion1]",
          "parameters": {},
          "variables": {},
          "resources": [
            {
              "type": "Microsoft.SecurityInsights/AlertRuleTemplates",
              "name": "[variables('analyticRuleObject1')._analyticRulecontentId1]",
              "apiVersion": "2022-04-01-preview",
              "kind": "Scheduled",
              "location": "[parameters('workspace-location')]",
              "properties": {
                "description": "This query searches for all the exploited risks that RidgeBot identified",
                "displayName": "Critical Risks",
                "enabled": false,
                "query": "CommonSecurityLog\n| where DeviceVendor == \"RidgeSecurity\"\n| where DeviceEventClassID == \"4001\"\n| order by TimeGenerated desc \n",
                "queryFrequency": "PT1H",
                "queryPeriod": "PT1H",
                "severity": "High",
                "suppressionDuration": "PT1H",
                "suppressionEnabled": false,
                "triggerOperator": "GreaterThan",
                "triggerThreshold": 0,
                "status": "Available",
                "requiredDataConnectors": [
                  {
                    "dataTypes": [
                      "CommonSecurityLog"
                    ],
                    "connectorId": "RidgeBotDataConnector"
                  }
                ],
                "tactics": [
                  "Execution",
                  "InitialAccess",
                  "PrivilegeEscalation"
                ],
                "techniques": [
                  "T1189",
                  "T1059",
                  "T1053",
                  "T1548"
                ],
                "entityMappings": [
                  {
                    "fieldMappings": [
                      {
                        "identifier": "FullName",
                        "columnName": "DeviceVendor"
                      }
                    ],
                    "entityType": "Account"
                  },
                  {
                    "fieldMappings": [
                      {
                        "identifier": "Address",
                        "columnName": "Computer"
                      }
                    ],
                    "entityType": "IP"
                  }
                ]
              }
            },
            {
              "type": "Microsoft.OperationalInsights/workspaces/providers/metadata",
              "apiVersion": "2022-01-01-preview",
              "name": "[concat(parameters('workspace'),'/Microsoft.SecurityInsights/',concat('AnalyticsRule-', last(split(variables('analyticRuleObject1').analyticRuleId1,'/'))))]",
              "properties": {
                "description": "RidgeSecurity Analytics Rule 1",
                "parentId": "[variables('analyticRuleObject1').analyticRuleId1]",
                "contentId": "[variables('analyticRuleObject1')._analyticRulecontentId1]",
                "kind": "AnalyticsRule",
                "version": "[variables('analyticRuleObject1').analyticRuleVersion1]",
                "source": {
                  "kind": "Solution",
                  "name": "RidgeSecurity",
                  "sourceId": "[variables('_solutionId')]"
                },
                "author": {
                  "name": "RidgeSecurity",
                  "email": "[variables('_email')]"
                },
                "support": {
                  "name": "RidgeSecurity",
                  "email": "oliver@ridgesecurity.ai",
                  "tier": "Partner",
                  "link": "https://ridgesecurity.ai/about-us/"
                }
              }
            }
          ]
        },
        "packageKind": "Solution",
        "packageVersion": "[variables('_solutionVersion')]",
        "packageName": "[variables('_solutionName')]",
        "packageId": "[variables('_solutionId')]",
        "contentSchemaVersion": "3.0.0",
        "contentId": "[variables('analyticRuleObject1')._analyticRulecontentId1]",
        "contentKind": "AnalyticsRule",
        "displayName": "Critical Risks",
        "contentProductId": "[variables('analyticRuleObject1')._analyticRulecontentProductId1]",
        "id": "[variables('analyticRuleObject1')._analyticRulecontentProductId1]",
        "version": "[variables('analyticRuleObject1').analyticRuleVersion1]"
      }
    },
    {
      "type": "Microsoft.OperationalInsights/workspaces/providers/contentTemplates",
      "apiVersion": "2023-04-01-preview",
      "name": "[variables('analyticRuleObject2').analyticRuleTemplateSpecName2]",
      "location": "[parameters('workspace-location')]",
      "dependsOn": [
        "[extensionResourceId(resourceId('Microsoft.OperationalInsights/workspaces', parameters('workspace')), 'Microsoft.SecurityInsights/contentPackages', variables('_solutionId'))]"
      ],
      "properties": {
        "description": "RidgeSecurity_Vulnerabilities_AnalyticalRules Analytics Rule with template version 3.0.0",
        "mainTemplate": {
          "$schema": "https://schema.management.azure.com/schemas/2019-04-01/deploymentTemplate.json#",
          "contentVersion": "[variables('analyticRuleObject2').analyticRuleVersion2]",
          "parameters": {},
          "variables": {},
          "resources": [
            {
              "type": "Microsoft.SecurityInsights/AlertRuleTemplates",
              "name": "[variables('analyticRuleObject2')._analyticRulecontentId2]",
              "apiVersion": "2022-04-01-preview",
              "kind": "Scheduled",
              "location": "[parameters('workspace-location')]",
              "properties": {
                "description": "This query searches for all the vulerabilities that RidgeBot identified",
                "displayName": "Vulerabilities",
                "enabled": false,
                "query": "CommonSecurityLog\n| where DeviceVendor == \"RidgeSecurity\"\n| where DeviceEventClassID startswith \"40\"\n| order by LogSeverity\n",
                "queryFrequency": "PT12H",
                "queryPeriod": "PT12H",
                "severity": "High",
                "suppressionDuration": "PT1H",
                "suppressionEnabled": false,
                "triggerOperator": "GreaterThan",
                "triggerThreshold": 0,
                "status": "Available",
                "requiredDataConnectors": [
                  {
                    "dataTypes": [
                      "CommonSecurityLog"
                    ],
                    "connectorId": "RidgeBotDataConnector"
                  }
                ],
                "tactics": [
                  "Execution",
                  "InitialAccess",
                  "PrivilegeEscalation"
                ],
                "techniques": [
                  "T1189",
                  "T1059",
                  "T1053",
                  "T1548"
                ],
                "entityMappings": [
                  {
                    "fieldMappings": [
                      {
                        "identifier": "FullName",
                        "columnName": "DeviceVendor"
                      }
                    ],
                    "entityType": "Account"
                  },
                  {
                    "fieldMappings": [
                      {
                        "identifier": "Address",
                        "columnName": "Computer"
                      }
                    ],
                    "entityType": "IP"
                  }
                ]
              }
            },
            {
              "type": "Microsoft.OperationalInsights/workspaces/providers/metadata",
              "apiVersion": "2022-01-01-preview",
              "name": "[concat(parameters('workspace'),'/Microsoft.SecurityInsights/',concat('AnalyticsRule-', last(split(variables('analyticRuleObject2').analyticRuleId2,'/'))))]",
              "properties": {
                "description": "RidgeSecurity Analytics Rule 2",
                "parentId": "[variables('analyticRuleObject2').analyticRuleId2]",
                "contentId": "[variables('analyticRuleObject2')._analyticRulecontentId2]",
                "kind": "AnalyticsRule",
                "version": "[variables('analyticRuleObject2').analyticRuleVersion2]",
                "source": {
                  "kind": "Solution",
                  "name": "RidgeSecurity",
                  "sourceId": "[variables('_solutionId')]"
                },
                "author": {
                  "name": "RidgeSecurity",
                  "email": "[variables('_email')]"
                },
                "support": {
                  "name": "RidgeSecurity",
                  "email": "oliver@ridgesecurity.ai",
                  "tier": "Partner",
                  "link": "https://ridgesecurity.ai/about-us/"
                }
              }
            }
          ]
        },
        "packageKind": "Solution",
        "packageVersion": "[variables('_solutionVersion')]",
        "packageName": "[variables('_solutionName')]",
        "packageId": "[variables('_solutionId')]",
        "contentSchemaVersion": "3.0.0",
        "contentId": "[variables('analyticRuleObject2')._analyticRulecontentId2]",
        "contentKind": "AnalyticsRule",
        "displayName": "Vulerabilities",
        "contentProductId": "[variables('analyticRuleObject2')._analyticRulecontentProductId2]",
        "id": "[variables('analyticRuleObject2')._analyticRulecontentProductId2]",
        "version": "[variables('analyticRuleObject2').analyticRuleVersion2]"
      }
    },
    {
      "type": "Microsoft.OperationalInsights/workspaces/providers/contentPackages",
      "apiVersion": "2023-04-01-preview",
      "location": "[parameters('workspace-location')]",
      "properties": {
        "version": "3.0.0",
        "kind": "Solution",
        "contentSchemaVersion": "3.0.0",
        "displayName": "RidgeSecurity",
        "publisherDisplayName": "RidgeSecurity",
        "descriptionHtml": "<p><strong>Note:</strong> <em>There may be <a href=\"https://aka.ms/sentinelsolutionsknownissues\">known issues</a> pertaining to this Solution, please refer to them before installing.</em></p>\n<p>The RidgeSecurity (<a href=\"https://ridgesecurity.ai/\">https://ridgesecurity.ai/</a>) Microsoft Sentinel Solution lets users have visibility in real-time with Microsoft Sentinel, allowing creation of custom Dashboards, Workbooks, Notebooks and Custom Alerts to improve investigation.</p>\n<p><strong>Data Connectors:</strong> 1, <strong>Analytic Rules:</strong> 2</p>\n<p><a href=\"https://aka.ms/azuresentinel\">Learn more about Microsoft Sentinel</a> | <a href=\"https://aka.ms/azuresentinelsolutionsdoc\">Learn more about Solutions</a></p>\n",
        "contentKind": "Solution",
        "contentProductId": "[variables('_solutioncontentProductId')]",
        "id": "[variables('_solutioncontentProductId')]",
        "icon": "<img src=\"https://raw.githubusercontent.com/Azure/Azure-Sentinel/master/Logos/Darktrace.svg\" width=\"300px\" height=\"50px\">",
        "contentId": "[variables('_solutionId')]",
        "parentId": "[variables('_solutionId')]",
        "source": {
          "kind": "Solution",
          "name": "RidgeSecurity",
          "sourceId": "[variables('_solutionId')]"
        },
        "author": {
          "name": "RidgeSecurity",
          "email": "[variables('_email')]"
        },
        "support": {
          "name": "RidgeSecurity",
          "email": "oliver@ridgesecurity.ai",
          "tier": "Partner",
          "link": "https://ridgesecurity.ai/about-us/"
        },
        "dependencies": {
          "operator": "AND",
          "criteria": [
            {
              "kind": "DataConnector",
              "contentId": "[variables('_dataConnectorContentId1')]",
              "version": "[variables('dataConnectorVersion1')]"
            },
            {
              "kind": "AnalyticsRule",
              "contentId": "[variables('analyticRuleObject1')._analyticRulecontentId1]",
              "version": "[variables('analyticRuleObject1').analyticRuleVersion1]"
            },
            {
              "kind": "AnalyticsRule",
              "contentId": "[variables('analyticRuleObject2')._analyticRulecontentId2]",
              "version": "[variables('analyticRuleObject2').analyticRuleVersion2]"
            }
          ]
        },
        "firstPublishDate": "2023-10-23",
        "lastPublishDate": "2023-10-23",
        "providers": [
          "RidgeSecurity"
        ],
        "categories": {
          "domains": [
            "Security - Vulnerability Management"
          ]
        }
      },
      "name": "[concat(parameters('workspace'),'/Microsoft.SecurityInsights/', variables('_solutionId'))]"
    }
  ],
  "outputs": {}
}
