{
  "$schema": "https://schema.management.azure.com/schemas/2019-04-01/deploymentTemplate.json#",
  "contentVersion": "1.0.0.0",
  "metadata": {
    "author": "Lookout",
    "comments": "Solution template for Lookout"
  },
  "parameters": {
    "location": {
      "type": "string",
      "minLength": 1,
      "defaultValue": "[resourceGroup().location]",
      "metadata": {
        "description": "Not used, but needed to pass arm-ttk test `Location-Should-Not-Be-Hardcoded`.  We instead use the `workspace-location` which is derived from the LA workspace"
      }
    },
    "workspace-location": {
      "type": "string",
      "defaultValue": "",
      "metadata": {
        "description": "[concat('Region to deploy solution resources -- separate from location selection',parameters('location'))]"
      }
    },
    "workspace": {
      "defaultValue": "",
      "type": "string",
      "metadata": {
        "description": "Workspace name for Log Analytics where Microsoft Sentinel is setup"
      }
    },
    "resourceGroupName": {
      "type": "string",
      "defaultValue": "[resourceGroup().name]",
      "metadata": {
        "description": "resource group name where Microsoft Sentinel is setup"
      }
    },
    "subscription": {
      "type": "string",
      "defaultValue": "[last(split(subscription().id, '/'))]",
      "metadata": {
        "description": "subscription id where Microsoft Sentinel is setup"
      }
    },
    "workbook1-name": {
      "type": "string",
      "defaultValue": "Lookout",
      "minLength": 1,
      "metadata": {
        "description": "Name for the workbook"
      }
    }
  },
  "variables": {
    "_solutionName": "Lookout",
    "_solutionVersion": "3.0.0",
    "solutionId": "lookoutinc.lookout_mtd_sentinel",
    "_solutionId": "[variables('solutionId')]",
    "workspaceResourceId": "[resourceId('microsoft.OperationalInsights/Workspaces', parameters('workspace'))]",
    "dataConnectorCCPVersion": "1.0.0",
    "_dataConnectorContentIdConnectorDefinition1": "LookoutStreaming_DataConnectorDefinition",
    "dataConnectorTemplateNameConnectorDefinition1": "[concat(parameters('workspace'),'-dc-',uniquestring(variables('_dataConnectorContentIdConnectorDefinition1')))]",
    "_dataConnectorContentIdConnections1": "LookoutStreaming_DataConnectorDefinitionConnections",
    "dataConnectorTemplateNameConnections1": "[concat(parameters('workspace'),'-dc-',uniquestring(variables('_dataConnectorContentIdConnections1')))]",
    "dataCollectionEndpointId1": "[concat('/subscriptions/',parameters('subscription'),'/resourceGroups/',parameters('resourceGroupName'),'/providers/Microsoft.Insights/dataCollectionEndpoints/',parameters('workspace'))]",
    "blanks": "[replace('b', 'b', '')]",
    "workbookVersion1": "1.0.0",
    "workbookContentId1": "LookoutEvents",
    "workbookId1": "[resourceId('Microsoft.Insights/workbooks', variables('workbookContentId1'))]",
    "workbookTemplateSpecName1": "[concat(parameters('workspace'),'/Microsoft.SecurityInsights/',concat(parameters('workspace'),'-wb-',uniquestring(variables('_workbookContentId1'))))]",
    "_workbookContentId1": "[variables('workbookContentId1')]",
    "_workbookcontentProductId1": "[concat(take(variables('_solutionId'),50),'-','wb','-', uniqueString(concat(variables('_solutionId'),'-','Workbook','-',variables('_workbookContentId1'),'-', variables('workbookVersion1'))))]",
    "_solutioncontentProductId": "[concat(take(variables('_solutionId'),50),'-','sl','-', uniqueString(concat(variables('_solutionId'),'-','Solution','-',variables('_solutionId'),'-', variables('_solutionVersion'))))]"
  },
  "resources": [
    {
      "type": "Microsoft.OperationalInsights/workspaces/providers/contentTemplates",
      "apiVersion": "2023-04-01-preview",
      "name": "[concat(parameters('workspace'),'/Microsoft.SecurityInsights/', variables('dataConnectorTemplateNameConnectorDefinition1'), variables('dataConnectorCCPVersion'))]",
      "location": "[parameters('workspace-location')]",
      "dependsOn": [
        "[extensionResourceId(resourceId('Microsoft.OperationalInsights/workspaces', parameters('workspace')), 'Microsoft.SecurityInsights/contentPackages', variables('_solutionId'))]"
      ],
      "properties": {
        "contentId": "[variables('_dataConnectorContentIdConnectorDefinition1')]",
        "displayName": "Lookout Mobile Threat Detection Connector",
        "contentKind": "DataConnector",
        "mainTemplate": {
          "$schema": "https://schema.management.azure.com/schemas/2019-04-01/deploymentTemplate.json#",
          "contentVersion": "[variables('dataConnectorCCPVersion')]",
          "parameters": {},
          "variables": {},
          "resources": [
            {
              "name": "[concat(parameters('workspace'),'/Microsoft.SecurityInsights/',variables('_dataConnectorContentIdConnectorDefinition1'))]",
              "apiVersion": "2022-09-01-preview",
              "type": "Microsoft.OperationalInsights/workspaces/providers/dataConnectorDefinitions",
              "location": "[parameters('workspace-location')]",
              "kind": "Customizable",
              "properties": {
                "connectorUiConfig": {
                  "id": "LookoutStreaming_DataConnectorDefinition",
                  "title": "Lookout Mobile Threat Detection Connector",
                  "publisher": "Microsoft",
                  "descriptionMarkdown": "The [Lookout Mobile Threat Detection](https://lookout.com) data connector provides the capability to ingest events related to mobile security risks into Microsoft Sentinel through the Mobile Risk API. Refer to [API documentation](https://enterprise.support.lookout.com/hc/en-us/articles/115002741773-Mobile-Risk-API-Guide) for more information. This connector helps you examine potential security risks detected in mobile devices.",
                  "graphQueriesTableName": "LookoutMtdV2_CL",
                  "graphQueries": [
                    {
                      "metricName": "Total events received",
                      "legend": "Events",
                      "baseQuery": "LookoutMtdV2_CL"
                    }
                  ],
                  "sampleQueries": [
                    {
                      "description": "Lookout Mobile Threat Detection Events - All Activities.",
                      "query": "LookoutMtdV2_CL\n | take 10"
                    }
                  ],
                  "dataTypes": [
                    {
                      "name": "LookoutMtdV2_CL",
                      "lastDataReceivedQuery": "LookoutMtdV2_CL\n | summarize Time = max(TimeGenerated)"
                    }
                  ],
                  "connectivityCriteria": [
                    {
                      "type": "HasDataConnectors"
                    }
                  ],
                  "permissions": {
                    "resourceProvider": [
                      {
                        "provider": "Microsoft.OperationalInsights/workspaces",
                        "permissionsDisplayText": "Read and Write permissions on the workspace are required.",
                        "providerDisplayName": "Workspace",
                        "scope": "Workspace",
                        "requiredPermissions": {
                          "write": true,
                          "read": true,
                          "delete": false,
                          "action": false
                        }
                      }
                    ]
                  },
                  "instructionSteps": [
                    {
                      "title": "Connect Lookout Mobile Threat Defence connector to Microsoft Sentinel",
                      "instructions": [
                        {
                          "type": "Markdown",
                          "parameters": {
                            "content": "Before connecting to Lookout, ensure the following prerequisites are completed."
                          }
                        },
                        {
                          "type": "Markdown",
                          "parameters": {
                            "content": "#### 1.  **ApiKey** is required for Mobile Threat Detection API. See the [documentation](https://enterprise.support.lookout.com/hc/en-us/articles/115002741773-Mobile-Risk-API-Guide) to learn more about API. Check all requirements and follow  the [instructions](https://enterprise.support.lookout.com/hc/en-us/articles/115002741773-Mobile-Risk-API-Guide#authenticatingwiththemobileriskapi) for obtaining credentials."
                          }
                        },
                        {
                          "type": "Textbox",
                          "parameters": {
                            "label": "API key",
                            "placeholder": "Enter your API key ",
                            "type": "password",
                            "name": "applicationKey",
                            "required": true
                          }
                        },
                        {
                          "type": "ConnectionToggleButton",
                          "parameters": {
                            "connectLabel": "Connect",
                            "name": "toggle"
                          }
                        }
                      ]
                    }
                  ]
                }
              }
            },
            {
              "name": "[concat(parameters('workspace'),'/Microsoft.SecurityInsights/',concat('DataConnector-', variables('_dataConnectorContentIdConnectorDefinition1')))]",
              "apiVersion": "2022-01-01-preview",
              "type": "Microsoft.OperationalInsights/workspaces/providers/metadata",
              "properties": {
                "parentId": "[extensionResourceId(resourceId('Microsoft.OperationalInsights/workspaces', parameters('workspace')), 'Microsoft.SecurityInsights/dataConnectorDefinitions', variables('_dataConnectorContentIdConnectorDefinition1'))]",
                "contentId": "[variables('_dataConnectorContentIdConnectorDefinition1')]",
                "kind": "DataConnector",
                "version": "[variables('dataConnectorCCPVersion')]",
                "source": {
                  "sourceId": "[variables('_solutionId')]",
                  "name": "[variables('_solutionName')]",
                  "kind": "Solution"
                },
                "author": {
                  "name": "Lookout"
                },
                "support": {
                  "name": "Lookout",
                  "tier": "Partner",
                  "link": "https://www.lookout.com/support"
                },
                "dependencies": {
                  "criteria": [
                    {
                      "version": "[variables('dataConnectorCCPVersion')]",
                      "contentId": "[variables('_dataConnectorContentIdConnections1')]",
                      "kind": "ResourcesDataConnector"
                    }
                  ]
                }
              }
            },
            {
              "name": "LookoutMtdDCR",
              "apiVersion": "2022-06-01",
              "type": "Microsoft.Insights/dataCollectionRules",
              "location": "[parameters('workspace-location')]",
              "kind": "[variables('blanks')]",
              "properties": {
                "dataCollectionEndpointId": "[variables('dataCollectionEndpointId1')]",
                "streamDeclarations": {
                  "Custom-LookoutMtdV2_CL": {
                    "columns": [
                      {
                        "name": "id",
                        "type": "string"
                      },
                      {
                        "name": "enterprise_guid",
                        "type": "string"
                      },
                      {
                        "name": "created_time",
                        "type": "datetime"
                      },
                      {
                        "name": "type",
                        "type": "string"
                      },
                      {
                        "name": "change_type",
                        "type": "string"
                      },
                      {
                        "name": "device",
                        "type": "dynamic"
                      },
                      {
                        "name": "target",
                        "type": "dynamic"
                      },
                      {
                        "name": "actor",
                        "type": "dynamic"
                      }
                    ]
                  }
                },
                "destinations": {
                  "logAnalytics": [
                    {
                      "workspaceResourceId": "[variables('workspaceResourceId')]",
                      "name": "clv2ws1"
                    }
                  ]
                },
                "dataFlows": [
                  {
                    "streams": [
                      "Custom-LookoutMtdV2_CL"
                    ],
                    "destinations": [
                      "clv2ws1"
                    ],
                    "transformKql": "source | extend TimeGenerated = now()",
                    "outputStream": "Custom-LookoutMtdV2_CL"
                  }
                ]
              }
            },
            {
              "name": "LookoutMtdV2_CL",
              "apiVersion": "2022-10-01",
              "type": "Microsoft.OperationalInsights/workspaces/tables",
              "location": "[parameters('workspace-location')]",
              "kind": null,
              "properties": {
                "schema": {
                  "name": "LookoutMtdV2_CL",
                  "columns": [
                    {
                      "name": "TimeGenerated",
                      "type": "datetime"
                    },
                    {
                      "name": "id",
                      "type": "string"
                    },
                    {
                      "name": "enterprise_guid",
                      "type": "string"
                    },
                    {
                      "name": "created_time",
                      "type": "datetime"
                    },
                    {
                      "name": "type",
                      "type": "string"
                    },
                    {
                      "name": "change_type",
                      "type": "string"
                    },
                    {
                      "name": "device",
                      "type": "dynamic"
                    },
                    {
                      "name": "target",
                      "type": "dynamic"
                    },
                    {
                      "name": "actor",
                      "type": "dynamic"
                    }
                  ]
                }
              }
            },
            {
              "name": "LookEventsV2_CL",
              "apiVersion": "2022-10-01",
              "type": "Microsoft.OperationalInsights/workspaces/tables",
              "location": "[parameters('workspace-location')]",
              "kind": null,
              "properties": {
                "schema": {
                  "name": "LookEventsV2_CL",
                  "columns": [
                    {
                      "name": "Id",
                      "type": "string"
                    },
                    {
                      "name": "EventTime",
                      "type": "datetime"
                    },
                    {
                      "name": "ChangeType",
                      "type": "string"
                    },
                    {
                      "name": "EventType",
                      "type": "string"
                    },
                    {
                      "name": "ActorType",
                      "type": "string"
                    },
                    {
                      "name": "ActorId",
                      "type": "string"
                    },
                    {
                      "name": "DetailsType",
                      "type": "string"
                    },
                    {
                      "name": "DetailsId",
                      "type": "string"
                    },
                    {
                      "name": "DetailsAction",
                      "type": "string"
                    },
                    {
                      "name": "DetailsSeverity",
                      "type": "string"
                    },
                    {
                      "name": "DetailsClassifications",
                      "type": "dynamic"
                    },
                    {
                      "name": "DetailsAssessments",
                      "type": "dynamic"
                    },
                    {
                      "name": "TargetType",
                      "type": "string"
                    },
                    {
                      "name": "TargetId",
                      "type": "string"
                    },
                    {
                      "name": "TargetClientType",
                      "type": "string"
                    },
                    {
                      "name": "TargetEmailAddress",
                      "type": "string"
                    },
                    {
                      "name": "TargetPlatform",
                      "type": "string"
                    },
                    {
                      "name": "TargetOsVersion",
                      "type": "string"
                    },
                    {
                      "name": "TargetManufacturer",
                      "type": "string"
                    },
                    {
                      "name": "TargetModel",
                      "type": "string"
                    },
                    {
                      "name": "TargetParentDeviceId",
                      "type": "string"
                    },
                    {
                      "name": "TargetProfileType",
                      "type": "string"
                    },
                    {
                      "name": "TimeGenerated",
                      "type": "datetime"
                    }
                  ]
                }
              }
            }
          ]
        },
        "packageKind": "Solution",
        "packageVersion": "[variables('_solutionVersion')]",
        "packageName": "[variables('_solutionName')]",
        "contentProductId": "[concat(take(variables('_solutionId'), 50),'-','dc','-', uniqueString(concat(variables('_solutionId'),'-','DataConnector','-',variables('_dataConnectorContentIdConnectorDefinition1'),'-', variables('dataConnectorCCPVersion'))))]",
        "packageId": "[variables('_solutionId')]",
        "contentSchemaVersion": "3.0.0",
        "version": "[variables('dataConnectorCCPVersion')]"
      }
    },
    {
      "name": "[concat(parameters('workspace'),'/Microsoft.SecurityInsights/',variables('_dataConnectorContentIdConnectorDefinition1'))]",
      "apiVersion": "2022-09-01-preview",
      "type": "Microsoft.OperationalInsights/workspaces/providers/dataConnectorDefinitions",
      "location": "[parameters('workspace-location')]",
      "kind": "Customizable",
      "properties": {
        "connectorUiConfig": {
          "id": "LookoutStreaming_DataConnectorDefinition",
          "title": "Lookout Mobile Threat Detection Connector",
          "publisher": "Microsoft",
          "descriptionMarkdown": "The [Lookout Mobile Threat Detection](https://lookout.com) data connector provides the capability to ingest events related to mobile security risks into Microsoft Sentinel through the Mobile Risk API. Refer to [API documentation](https://enterprise.support.lookout.com/hc/en-us/articles/115002741773-Mobile-Risk-API-Guide) for more information. This connector helps you examine potential security risks detected in mobile devices.",
          "graphQueriesTableName": "LookoutMtdV2_CL",
          "graphQueries": [
            {
              "metricName": "Total events received",
              "legend": "Events",
              "baseQuery": "LookoutMtdV2_CL"
            }
          ],
          "sampleQueries": [
            {
              "description": "Lookout Mobile Threat Detection Events - All Activities.",
              "query": "LookoutMtdV2_CL\n | take 10"
            }
          ],
          "dataTypes": [
            {
              "name": "LookoutMtdV2_CL",
              "lastDataReceivedQuery": "LookoutMtdV2_CL\n | summarize Time = max(TimeGenerated)"
            }
          ],
          "connectivityCriteria": [
            {
              "type": "HasDataConnectors"
            }
          ],
          "permissions": {
            "resourceProvider": [
              {
                "provider": "Microsoft.OperationalInsights/workspaces",
                "permissionsDisplayText": "Read and Write permissions on the workspace are required.",
                "providerDisplayName": "Workspace",
                "scope": "Workspace",
                "requiredPermissions": {
                  "write": true,
                  "read": true,
                  "delete": false,
                  "action": false
                }
              }
            ]
          },
          "instructionSteps": [
            {
              "title": "Connect Lookout Mobile Threat Defence connector to Microsoft Sentinel",
              "instructions": [
                {
                  "type": "Markdown",
                  "parameters": {
                    "content": "Before connecting to Lookout, ensure the following prerequisites are completed."
                  }
                },
                {
                  "type": "Markdown",
                  "parameters": {
                    "content": "#### 1.  **ApiKey** is required for Mobile Threat Detection API. See the [documentation](https://enterprise.support.lookout.com/hc/en-us/articles/115002741773-Mobile-Risk-API-Guide) to learn more about API. Check all requirements and follow  the [instructions](https://enterprise.support.lookout.com/hc/en-us/articles/115002741773-Mobile-Risk-API-Guide#authenticatingwiththemobileriskapi) for obtaining credentials."
                  }
                },
                {
                  "type": "Textbox",
                  "parameters": {
                    "label": "API key",
                    "placeholder": "Enter your API key ",
                    "type": "password",
                    "name": "applicationKey",
                    "required": true
                  }
                },
                {
                  "type": "ConnectionToggleButton",
                  "parameters": {
                    "connectLabel": "Connect",
                    "name": "toggle"
                  }
                }
              ]
            }
          ]
        }
      }
    },
    {
      "name": "[concat(parameters('workspace'),'/Microsoft.SecurityInsights/',concat('DataConnector-', variables('_dataConnectorContentIdConnectorDefinition1')))]",
      "apiVersion": "2022-01-01-preview",
      "type": "Microsoft.OperationalInsights/workspaces/providers/metadata",
      "properties": {
        "parentId": "[extensionResourceId(resourceId('Microsoft.OperationalInsights/workspaces', parameters('workspace')), 'Microsoft.SecurityInsights/dataConnectorDefinitions', variables('_dataConnectorContentIdConnectorDefinition1'))]",
        "contentId": "[variables('_dataConnectorContentIdConnectorDefinition1')]",
        "kind": "DataConnector",
        "version": "[variables('dataConnectorCCPVersion')]",
        "source": {
          "sourceId": "[variables('_solutionId')]",
          "name": "[variables('_solutionName')]",
          "kind": "Solution"
        },
        "author": {
          "name": "Lookout"
        },
        "support": {
          "name": "Lookout",
          "tier": "Partner",
          "link": "https://www.lookout.com/support"
        },
        "dependencies": {
          "criteria": [
            {
              "version": "[variables('dataConnectorCCPVersion')]",
              "contentId": "[variables('_dataConnectorContentIdConnections1')]",
              "kind": "ResourcesDataConnector"
            }
          ]
        }
      }
    },
    {
      "type": "Microsoft.OperationalInsights/workspaces/providers/contentTemplates",
      "apiVersion": "2023-04-01-preview",
      "name": "[concat(parameters('workspace'),'/Microsoft.SecurityInsights/', variables('dataConnectorTemplateNameConnections1'), variables('dataConnectorCCPVersion'))]",
      "location": "[parameters('workspace-location')]",
      "dependsOn": [
        "[extensionResourceId(resourceId('Microsoft.OperationalInsights/workspaces', parameters('workspace')), 'Microsoft.SecurityInsights/contentPackages', variables('_solutionId'))]"
      ],
      "properties": {
        "contentId": "[variables('_dataConnectorContentIdConnections1')]",
        "displayName": "Lookout Mobile Threat Detection Connector",
        "contentKind": "ResourcesDataConnector",
        "mainTemplate": {
          "$schema": "https://schema.management.azure.com/schemas/2019-04-01/deploymentTemplate.json#",
          "contentVersion": "[variables('dataConnectorCCPVersion')]",
          "parameters": {
            "guidValue": {
              "defaultValue": "[[newGuid()]",
              "type": "securestring"
            },
            "innerWorkspace": {
              "defaultValue": "[parameters('workspace')]",
              "type": "securestring"
            },
            "connectorDefinitionName": {
              "defaultValue": "Lookout Mobile Threat Detection Connector",
              "type": "securestring",
              "minLength": 1
            },
            "workspace": {
              "defaultValue": "[parameters('workspace')]",
              "type": "securestring"
            },
            "dcrConfig": {
              "defaultValue": {
                "dataCollectionEndpoint": "data collection Endpoint",
                "dataCollectionRuleImmutableId": "data collection rule immutableId"
              },
              "type": "object"
            },
            "applicationKey": {
              "defaultValue": "applicationKey",
              "type": "securestring",
              "minLength": 1
            }
          },
          "variables": {
            "_dataConnectorContentIdConnections1": "[variables('_dataConnectorContentIdConnections1')]"
          },
          "resources": [
            {
              "name": "[concat(parameters('workspace'),'/Microsoft.SecurityInsights/',concat('DataConnector-', variables('_dataConnectorContentIdConnections1')))]",
              "apiVersion": "2022-01-01-preview",
              "type": "Microsoft.OperationalInsights/workspaces/providers/metadata",
              "properties": {
                "parentId": "[extensionResourceId(resourceId('Microsoft.OperationalInsights/workspaces', parameters('workspace')), 'Microsoft.SecurityInsights/dataConnectors', variables('_dataConnectorContentIdConnections1'))]",
                "contentId": "[variables('_dataConnectorContentIdConnections1')]",
                "kind": "ResourcesDataConnector",
                "version": "[variables('dataConnectorCCPVersion')]",
                "source": {
                  "sourceId": "[variables('_solutionId')]",
                  "name": "[variables('_solutionName')]",
                  "kind": "Solution"
                },
                "author": {
                  "name": "Lookout"
                },
                "support": {
                  "name": "Lookout",
                  "tier": "Partner",
                  "link": "https://www.lookout.com/support"
                }
              }
            },
            {
              "name": "[[concat(parameters('innerWorkspace'),'/Microsoft.SecurityInsights/', 'LookoutMtd_PollingConfig', parameters('guidValue'))]",
              "apiVersion": "2023-02-01-preview",
              "type": "Microsoft.OperationalInsights/workspaces/providers/dataConnectors",
              "location": "[parameters('workspace-location')]",
              "kind": "RestApiPoller",
              "properties": {
                "connectorDefinitionName": "LookoutStreaming_DataConnectorDefinition",
                "dataType": "LookoutMtdV2_CL",
                "dcrConfig": {
                  "dataCollectionEndpoint": "[[parameters('dcrConfig').dataCollectionEndpoint]",
                  "dataCollectionRuleImmutableId": "[[parameters('dcrConfig').dataCollectionRuleImmutableId]",
                  "streamName": "Custom-LookoutMtdV2_CL"
                },
                "auth": {
                  "type": "OAuth2",
                  "ClientId": "NA",
                  "ClientSecret": "NA",
                  "grantType": "client_credentials",
                  "tokenEndpoint": "https://api.lookout.com/oauth2/token",
                  "tokenEndpointHeaders": {
                    "Content-Type": "application/x-www-form-urlencoded",
                    "Accept": "application/json",
                    "Authorization": "[[concat('Bearer ',parameters('applicationKey'))]"
                  },
                  "TokenEndpointQueryParameters": {}
                },
                "request": {
                  "apiEndpoint": "https://api.lookout.com/mra/stream/v2/events",
                  "httpMethod": "GET",
                  "queryWindowInMin": 5,
                  "queryTimeFormat": "yyyy-MM-dd'T'HH:mm:ssXXX",
                  "rateLimitQps": 5,
                  "retryCount": 3,
                  "logResponseContent": true,
                  "startTimeAttributeName": "start_time",
                  "timeoutInSeconds": 60,
                  "headers": {
                    "Accept": "text/event-stream",
                    "User-Agent": "Scuba"
                  }
                },
                "response": {
                  "eventsJsonPaths": [
                    "$.events"
                  ],
                  "format": "json"
                }
              }
            }
          ]
        },
        "packageKind": "Solution",
        "packageVersion": "[variables('_solutionVersion')]",
        "packageName": "[variables('_solutionName')]",
        "contentProductId": "[concat(take(variables('_solutionId'), 50),'-','rdc','-', uniqueString(concat(variables('_solutionId'),'-','ResourcesDataConnector','-',variables('_dataConnectorContentIdConnections1'),'-', variables('dataConnectorCCPVersion'))))]",
        "packageId": "[variables('_solutionId')]",
        "contentSchemaVersion": "3.0.0",
        "version": "[variables('dataConnectorCCPVersion')]"
      }
    },
    {
      "type": "Microsoft.OperationalInsights/workspaces/providers/contentTemplates",
      "apiVersion": "2023-04-01-preview",
      "name": "[variables('workbookTemplateSpecName1')]",
      "location": "[parameters('workspace-location')]",
      "dependsOn": [
        "[extensionResourceId(resourceId('Microsoft.OperationalInsights/workspaces', parameters('workspace')), 'Microsoft.SecurityInsights/contentPackages', variables('_solutionId'))]"
      ],
      "properties": {
        "description": "LookoutEvents Workbook with template version 3.0.0",
        "mainTemplate": {
          "$schema": "https://schema.management.azure.com/schemas/2019-04-01/deploymentTemplate.json#",
          "contentVersion": "[variables('workbookVersion1')]",
          "parameters": {},
          "variables": {},
          "resources": [
            {
              "type": "Microsoft.Insights/workbooks",
              "name": "[variables('workbookContentId1')]",
              "location": "[parameters('workspace-location')]",
              "kind": "shared",
              "apiVersion": "2021-08-01",
              "metadata": {
                "description": "Sets the time name for analysis"
              },
              "properties": {
                "displayName": "[parameters('workbook1-name')]",
                "serializedData": "{\"version\":\"Notebook/1.0\",\"items\":[{\"type\":1,\"content\":{\"json\":\"**NOTE**: This workbook depends on a parser based on Kusto Function to work as expected [**LookoutEvents**](https://aka.ms/sentinel-lookoutapi-parser) which is deployed with the Azure Sentinel Solution.\"},\"name\":\"text - 0\"},{\"type\":9,\"content\":{\"version\":\"KqlParameterItem/1.0\",\"parameters\":[{\"id\":\"fed5b1d8-5baa-44e8-b4e2-5da29af20794\",\"version\":\"KqlParameterItem/1.0\",\"name\":\"TimeRange\",\"type\":4,\"isRequired\":true,\"value\":{\"durationMs\":7776000000},\"typeSettings\":{\"selectableValues\":[{\"durationMs\":86400000},{\"durationMs\":172800000},{\"durationMs\":259200000},{\"durationMs\":604800000},{\"durationMs\":1209600000},{\"durationMs\":2419200000},{\"durationMs\":2592000000},{\"durationMs\":5184000000},{\"durationMs\":7776000000}],\"allowCustom\":true},\"timeContext\":{\"durationMs\":86400000}}],\"style\":\"pills\",\"queryType\":0,\"resourceType\":\"microsoft.operationalinsights/workspaces\"},\"name\":\"parameters - 4\"},{\"type\":3,\"content\":{\"version\":\"KqlItem/1.0\",\"query\":\"LookoutEvents \\n| where EventStartTime {TimeRange} and DetailsSeverity in (\\\"LOW\\\",\\\"MEDIUM\\\",\\\"HIGH\\\")\\n| summarize count() by DetailsSeverity\",\"size\":3,\"title\":\"Event Severity Chart\",\"timeContext\":{\"durationMs\":7776000000},\"timeContextFromParameter\":\"TimeRange\",\"queryType\":0,\"resourceType\":\"microsoft.operationalinsights/workspaces\",\"visualization\":\"piechart\"},\"customWidth\":\"50\",\"name\":\"Event Severity Chart\"},{\"type\":3,\"content\":{\"version\":\"KqlItem/1.0\",\"query\":\"LookoutEvents \\n| where EventStartTime  {TimeRange}\\n| where DetailsAction == \\\"DETECTED\\\" and DetailsSeverity in (\\\"LOW\\\",\\\"MEDIUM\\\",\\\"HIGH\\\")\\n| summarize count() by DetailsType,DetailsSeverity\\n| render barchart\",\"size\":1,\"title\":\"Active Issues\",\"queryType\":0,\"resourceType\":\"microsoft.operationalinsights/workspaces\",\"tileSettings\":{\"showBorder\":false,\"titleContent\":{\"columnMatch\":\"DetailsType\",\"formatter\":1},\"leftContent\":{\"columnMatch\":\"count_\",\"formatter\":12,\"formatOptions\":{\"palette\":\"auto\"},\"numberFormat\":{\"unit\":17,\"options\":{\"maximumSignificantDigits\":3,\"maximumFractionDigits\":2}}}},\"chartSettings\":{\"xAxis\":\"DetailsType\",\"group\":\"DetailsSeverity\",\"showLegend\":true}},\"customWidth\":\"50\",\"name\":\"query - 3\"},{\"type\":3,\"content\":{\"version\":\"KqlItem/1.0\",\"query\":\"LookoutEvents \\n| where  EventStartTime {TimeRange}\\n| project EventStartTime, Type, ActorType, DetailsApplicationName, TargetPlatform,DetailsAction,DetailsClassifications,DetailsSeverity\",\"size\":1,\"title\":\"Event List\",\"noDataMessage\":\"No events to display\",\"timeContext\":{\"durationMs\":7776000000},\"timeContextFromParameter\":\"TimeRange\",\"showRefreshButton\":true,\"queryType\":0,\"resourceType\":\"microsoft.operationalinsights/workspaces\",\"visualization\":\"table\",\"showExpandCollapseGrid\":true,\"gridSettings\":{\"formatters\":[{\"columnMatch\":\"TimeGenerated\",\"formatter\":5},{\"columnMatch\":\"EventVendor\",\"formatter\":5},{\"columnMatch\":\"ID\",\"formatter\":5},{\"columnMatch\":\"ChangeType\",\"formatter\":5},{\"columnMatch\":\"ActorId\",\"formatter\":5},{\"columnMatch\":\"DetailsActivationStatus\",\"formatter\":5},{\"columnMatch\":\"DetailsSecurityStatus\",\"formatter\":5},{\"columnMatch\":\"DetailsProtectionStatus\",\"formatter\":5},{\"columnMatch\":\"UpdatedDetails\",\"formatter\":5},{\"columnMatch\":\"DetailsDescription\",\"formatter\":5},{\"columnMatch\":\"DetailsPackageName\",\"formatter\":5},{\"columnMatch\":\"DetailsPath\",\"formatter\":5},{\"columnMatch\":\"DetailsFileName\",\"formatter\":5},{\"columnMatch\":\"DetailsPackageSha\",\"formatter\":5},{\"columnMatch\":\"DetailsAttributeChanges\",\"formatter\":5},{\"columnMatch\":\"DetailsId\",\"formatter\":5},{\"columnMatch\":\"DetailsAssessments\",\"formatter\":5},{\"columnMatch\":\"DetailsPcpReportingReason\",\"formatter\":5},{\"columnMatch\":\"DetailsPcpDeviceResponse\",\"formatter\":5},{\"columnMatch\":\"TargetType\",\"formatter\":5},{\"columnMatch\":\"TargetId\",\"formatter\":5},{\"columnMatch\":\"TargetEmailAddress\",\"formatter\":5},{\"columnMatch\":\"TargetOSVersion\",\"formatter\":5},{\"columnMatch\":\"TargetManufacturer\",\"formatter\":5},{\"columnMatch\":\"TargetModel\",\"formatter\":5}],\"rowLimit\":250,\"filter\":true,\"labelSettings\":[{\"columnId\":\"EventStartTime\",\"label\":\"Time\"},{\"columnId\":\"Type\"},{\"columnId\":\"ActorType\",\"label\":\"\"},{\"columnId\":\"DetailsApplicationName\",\"label\":\"ApplicationName\"},{\"columnId\":\"TargetPlatform\",\"label\":\"Platform\"},{\"columnId\":\"DetailsAction\",\"label\":\"Action\"},{\"columnId\":\"DetailsClassifications\",\"label\":\"Classifications\"},{\"columnId\":\"DetailsSeverity\",\"label\":\"Severity\"}]}},\"name\":\"Event List\"}],\"fromTemplateId\":\"sentinel-LookoutEvents\",\"$schema\":\"https://github.com/Microsoft/Application-Insights-Workbooks/blob/master/schema/workbook.json\"}\r\n",
                "version": "1.0",
                "sourceId": "[variables('workspaceResourceId')]",
                "category": "sentinel"
              }
            },
            {
              "type": "Microsoft.OperationalInsights/workspaces/providers/metadata",
              "apiVersion": "2022-01-01-preview",
              "name": "[concat(parameters('workspace'),'/Microsoft.SecurityInsights/',concat('Workbook-', last(split(variables('workbookId1'),'/'))))]",
              "properties": {
                "description": "@{workbookKey=LookoutEvents; logoFileName=lookout.svg; description=Sets the time name for analysis; dataTypesDependencies=System.Object[]; dataConnectorsDependencies=System.Object[]; previewImagesFileNames=System.Object[]; version=1.0.0; title=Lookout; templateRelativePath=LookoutEvents.json; subtitle=; provider=Lookout}.description",
                "parentId": "[variables('workbookId1')]",
                "contentId": "[variables('_workbookContentId1')]",
                "kind": "Workbook",
                "version": "[variables('workbookVersion1')]",
                "source": {
                  "kind": "Solution",
                  "name": "Lookout",
                  "sourceId": "[variables('_solutionId')]"
                },
                "author": {
                  "name": "Lookout"
                },
                "support": {
                  "name": "Lookout",
                  "tier": "Partner",
                  "link": "https://www.lookout.com/support"
                },
                "dependencies": {
                  "operator": "AND",
                  "criteria": [
                    {
                      "contentId": "Lookout_CL",
                      "kind": "DataType"
                    },
                    {
                      "contentId": "LookoutAPI",
                      "kind": "DataConnector"
                    }
                  ]
                }
              }
            }
          ]
        },
        "packageKind": "Solution",
        "packageVersion": "[variables('_solutionVersion')]",
        "packageName": "[variables('_solutionName')]",
        "packageId": "[variables('_solutionId')]",
        "contentSchemaVersion": "3.0.0",
        "contentId": "[variables('_workbookContentId1')]",
        "contentKind": "Workbook",
        "displayName": "[parameters('workbook1-name')]",
        "contentProductId": "[variables('_workbookcontentProductId1')]",
        "id": "[variables('_workbookcontentProductId1')]",
        "version": "[variables('workbookVersion1')]"
      }
    },
    {
      "type": "Microsoft.OperationalInsights/workspaces/providers/contentPackages",
      "apiVersion": "2023-04-01-preview",
      "location": "[parameters('workspace-location')]",
      "properties": {
        "version": "3.0.0",
        "kind": "Solution",
        "contentSchemaVersion": "3.0.0",
        "displayName": "Lookout",
        "publisherDisplayName": "Lookout",
        "descriptionHtml": "<p><strong>Note:</strong> Please refer to the following before installing the solution:</p>\n<p>• Review the solution <a href=\"https://github.com/Azure/Azure-Sentinel/tree/master/Solutions/Lookout/ReleaseNotes.md\">Release Notes</a></p>\n<p>• There may be <a href=\"https://aka.ms/sentinelsolutionsknownissues\">known issues</a> pertaining to this Solution, please refer to them before installing.</p>\n<p>The <a href=\"https://lookout.com\">Lookout</a> solution provides the capability to ingest <a href=\"https://enterprise.support.lookout.com/hc/articles/115002741773-Mobile-Risk-API-Guide#commoneventfields\">Lookout events</a> into Microsoft Sentinel through the Mobile Risk API. It can get events which helps to examine potential security risks and more. Refer to <a href=\"https://enterprise.support.lookout.com/hc/articles/115002741773-Mobile-Risk-API-Guide\">API documentation</a> for more information .</p>\n<p><strong>Underlying Microsoft Technologies used:</strong></p>\n<p>This solution takes a dependency on the following technologies, and some of these dependencies either may be in <a href=\"https://azure.microsoft.com/support/legal/preview-supplemental-terms/\">Preview</a> state or might result in additional ingestion or operational costs:</p>\n<ol type=\"a\">\n<li><p><a href=\"https://docs.microsoft.com/azure/azure-monitor/logs/data-collector-api\">Azure Monitor HTTP Data Collector API</a></p>\n</li>\n<li><p>Azure Functions](<a href=\"https://azure.microsoft.com/services/functions/#overview\">https://azure.microsoft.com/services/functions/#overview</a>)</p>\n</li>\n</ol>\n<p><strong>Data Connectors:</strong> 1, <strong>Workbooks:</strong> 1</p>\n<p><a href=\"https://aka.ms/azuresentinel\">Learn more about Microsoft Sentinel</a> | <a href=\"https://aka.ms/azuresentinelsolutionsdoc\">Learn more about Solutions</a></p>\n",
        "contentKind": "Solution",
        "contentProductId": "[variables('_solutioncontentProductId')]",
        "id": "[variables('_solutioncontentProductId')]",
        "icon": "<img src=\"https://raw.githubusercontent.com/Azure/Azure-Sentinel/master/Solutions/Lookout/Workbooks/Images/Logo/lookout.svg\"width=\"75px\"height=\"75px\">",
        "contentId": "[variables('_solutionId')]",
        "parentId": "[variables('_solutionId')]",
        "source": {
          "kind": "Solution",
          "name": "Lookout",
          "sourceId": "[variables('_solutionId')]"
        },
        "author": {
          "name": "Lookout"
        },
        "support": {
          "name": "Lookout",
          "tier": "Partner",
          "link": "https://www.lookout.com/support"
        },
        "dependencies": {
          "operator": "AND",
          "criteria": [
            {
              "kind": "DataConnector",
              "contentId": "[variables('_dataConnectorContentIdConnections1')]",
              "version": "[variables('dataConnectorCCPVersion')]"
            },
            {
              "kind": "Workbook",
              "contentId": "[variables('_workbookContentId1')]",
              "version": "[variables('workbookVersion1')]"
            }
          ]
        },
        "firstPublishDate": "2021-10-18",
        "providers": [
          "Lookout"
        ],
        "categories": {
          "domains": [
            "Security - Threat Protection"
          ]
        }
      },
      "name": "[concat(parameters('workspace'),'/Microsoft.SecurityInsights/', variables('_solutionId'))]"
    }
  ],
  "outputs": {}
}
