{
  "$schema": "https://schema.management.azure.com/schemas/2019-04-01/deploymentTemplate.json#",
  "contentVersion": "1.0.0.0",
  "metadata": {
    "author": "Lookout",
    "comments": "Solution template for Lookout"
  },
  "parameters": {
    "location": {
      "type": "string",
      "minLength": 1,
      "defaultValue": "[resourceGroup().location]",
      "metadata": {
        "description": "Not used, but needed to pass arm-ttk test `Location-Should-Not-Be-Hardcoded`.  We instead use the `workspace-location` which is derived from the LA workspace"
      }
    },
    "workspace-location": {
      "type": "string",
      "defaultValue": "",
      "metadata": {
        "description": "[concat('Region to deploy solution resources -- separate from location selection',parameters('location'))]"
      }
    },
    "workspace": {
      "defaultValue": "",
      "type": "string",
      "metadata": {
        "description": "Workspace name for Log Analytics where Microsoft Sentinel is setup"
      }
    },
    "resourceGroupName": {
      "type": "string",
      "defaultValue": "[resourceGroup().name]",
      "metadata": {
        "description": "resource group name where Microsoft Sentinel is setup"
      }
    },
    "subscription": {
      "type": "string",
      "defaultValue": "[last(split(subscription().id, '/'))]",
      "metadata": {
        "description": "subscription id where Microsoft Sentinel is setup"
      }
    }
  },
  "variables": {
    "_solutionName": "Lookout",
    "_solutionVersion": "3.0.0",
    "solutionId": "lookoutinc.lookout_mtd_sentinel",
    "_solutionId": "[variables('solutionId')]",
    "workspaceResourceId": "[resourceId('microsoft.OperationalInsights/Workspaces', parameters('workspace'))]",
    "dataConnectorCCPVersion": "1.0.0",
    "_dataConnectorContentIdConnectorDefinition1": "LookoutMobileLogs_ConnectorDefinition",
    "dataConnectorTemplateNameConnectorDefinition1": "[concat(parameters('workspace'),'-dc-',uniquestring(variables('_dataConnectorContentIdConnectorDefinition1')))]",
    "_dataConnectorContentIdConnections1": "LookoutMobileLogs_ConnectorDefinitionConnections",
    "dataConnectorTemplateNameConnections1": "[concat(parameters('workspace'),'-dc-',uniquestring(variables('_dataConnectorContentIdConnections1')))]",
    "dataCollectionEndpointId1": "[concat('/subscriptions/',parameters('subscription'),'/resourceGroups/',parameters('resourceGroupName'),'/providers/Microsoft.Insights/dataCollectionEndpoints/',parameters('workspace'))]",
    "blanks": "[replace('b', 'b', '')]",
    "_solutioncontentProductId": "[concat(take(variables('_solutionId'),50),'-','sl','-', uniqueString(concat(variables('_solutionId'),'-','Solution','-',variables('_solutionId'),'-', variables('_solutionVersion'))))]"
  },
  "resources": [
    {
      "type": "Microsoft.OperationalInsights/workspaces/providers/contentTemplates",
      "apiVersion": "2023-04-01-preview",
      "name": "[concat(parameters('workspace'),'/Microsoft.SecurityInsights/', variables('dataConnectorTemplateNameConnectorDefinition1'), variables('dataConnectorCCPVersion'))]",
      "location": "[parameters('workspace-location')]",
      "dependsOn": [
        "[extensionResourceId(resourceId('Microsoft.OperationalInsights/workspaces', parameters('workspace')), 'Microsoft.SecurityInsights/contentPackages', variables('_solutionId'))]"
      ],
      "properties": {
        "contentId": "[variables('_dataConnectorContentIdConnectorDefinition1')]",
        "displayName": "Lookout Mobile Threat Detection Connector",
        "contentKind": "DataConnector",
        "mainTemplate": {
          "$schema": "https://schema.management.azure.com/schemas/2019-04-01/deploymentTemplate.json#",
          "contentVersion": "[variables('dataConnectorCCPVersion')]",
          "parameters": {},
          "variables": {},
          "resources": [
            {
              "name": "[concat(parameters('workspace'),'/Microsoft.SecurityInsights/',variables('_dataConnectorContentIdConnectorDefinition1'))]",
              "apiVersion": "2022-09-01-preview",
              "type": "Microsoft.OperationalInsights/workspaces/providers/dataConnectorDefinitions",
              "location": "[parameters('workspace-location')]",
              "kind": "Customizable",
              "properties": {
                "connectorUiConfig": {
                  "id": "LookoutMobileLogs_ConnectorDefinition",
                  "title": "Lookout Mobile Threat Detection Connector",
                  "publisher": "Microsoft",
                  "descriptionMarkdown": "The [Lookout Mobile Threat Detection](https://lookout.com) data connector provides the capability to ingest events related to mobile security risks into Microsoft Sentinel through the Mobile Risk API. Refer to [API documentation](https://enterprise.support.lookout.com/hc/en-us/articles/115002741773-Mobile-Risk-API-Guide) for more information. This connector helps you examine potential security risks detected in mobile devices.",
                  "graphQueriesTableName": "LookoutEventLogsV2_CL",
                  "graphQueries": [
                    {
                      "metricName": "Total events received",
                      "legend": "Events",
                      "baseQuery": "LookoutEventLogsV2_CL"
                    }
                  ],
                  "sampleQueries": [
                    {
                      "description": "Lookout Mobile Threat Detection Events - All Activities.",
                      "query": "LookoutEventLogsV2_CL\n | take 10"
                    }
                  ],
                  "dataTypes": [
                    {
                      "name": "LookoutEventLogsV2_CL",
                      "lastDataReceivedQuery": "LookoutEventLogsV2_CL\n | summarize Time = max(TimeGenerated)"
                    }
                  ],
                  "connectivityCriteria": [
                    {
                      "type": "HasDataConnectors"
                    }
                  ],
                  "permissions": {
                    "resourceProvider": [
                      {
                        "provider": "Microsoft.OperationalInsights/workspaces",
                        "permissionsDisplayText": "Read and Write permissions on the workspace are required.",
                        "providerDisplayName": "Workspace",
                        "scope": "Workspace",
                        "requiredPermissions": {
                          "write": true,
                          "read": true,
                          "delete": false,
                          "action": false
                        }
                      }
                    ]
                  },
                  "instructionSteps": [
                    {
                      "title": "Connect Lookout Mobile Threat Defence connector to Microsoft Sentinel",
                      "instructions": [
                        {
                          "type": "Markdown",
                          "parameters": {
                            "content": "Before connecting to Lookout, ensure the following prerequisites are completed."
                          }
                        },
                        {
                          "type": "Markdown",
                          "parameters": {
                            "content": "#### 1.  **ApiKey** is required for Mobile Threat Detection API. See the [documentation](https://enterprise.support.lookout.com/hc/en-us/articles/115002741773-Mobile-Risk-API-Guide) to learn more about API. Check all requirements and follow  the [instructions](https://enterprise.support.lookout.com/hc/en-us/articles/115002741773-Mobile-Risk-API-Guide#authenticatingwiththemobileriskapi) for obtaining credentials."
                          }
                        },
                        {
                          "type": "Textbox",
                          "parameters": {
                            "label": "API key",
                            "placeholder": "Enter your API key ",
                            "type": "password",
                            "name": "applicationKey",
                            "required": true
                          }
                        },
                        {
                          "type": "ConnectionToggleButton",
                          "parameters": {
                            "connectLabel": "Connect",
                            "name": "toggle"
                          }
                        }
                      ]
                    }
                  ]
                }
              }
            },
            {
              "name": "[concat(parameters('workspace'),'/Microsoft.SecurityInsights/',concat('DataConnector-', variables('_dataConnectorContentIdConnectorDefinition1')))]",
              "apiVersion": "2022-01-01-preview",
              "type": "Microsoft.OperationalInsights/workspaces/providers/metadata",
              "properties": {
                "parentId": "[extensionResourceId(resourceId('Microsoft.OperationalInsights/workspaces', parameters('workspace')), 'Microsoft.SecurityInsights/dataConnectorDefinitions', variables('_dataConnectorContentIdConnectorDefinition1'))]",
                "contentId": "[variables('_dataConnectorContentIdConnectorDefinition1')]",
                "kind": "DataConnector",
                "version": "[variables('dataConnectorCCPVersion')]",
                "source": {
                  "sourceId": "[variables('_solutionId')]",
                  "name": "[variables('_solutionName')]",
                  "kind": "Solution"
                },
                "author": {
                  "name": "Lookout"
                },
                "support": {
                  "name": "Lookout",
                  "tier": "Partner",
                  "link": "https://www.lookout.com/support"
                },
                "dependencies": {
                  "criteria": [
                    {
                      "version": "[variables('dataConnectorCCPVersion')]",
                      "contentId": "[variables('_dataConnectorContentIdConnections1')]",
                      "kind": "ResourcesDataConnector"
                    }
                  ]
                }
              }
            },
            {
              "name": "LookoutMobileThreatDefenceDCR",
              "apiVersion": "2022-06-01",
              "type": "Microsoft.Insights/dataCollectionRules",
              "location": "[parameters('workspace-location')]",
              "kind": "[variables('blanks')]",
              "properties": {
                "dataCollectionEndpointId": "[variables('dataCollectionEndpointId1')]",
                "streamDeclarations": {
                  "Custom-LookoutEventLogsV2_CL": {
                    "columns": [
                      {
                        "name": "events",
                        "type": "dynamic"
                      }
                    ]
                  }
                },
                "destinations": {
                  "logAnalytics": [
                    {
                      "workspaceResourceId": "[variables('workspaceResourceId')]",
                      "name": "clv2ws1"
                    }
                  ]
                },
                "dataFlows": [
                  {
                    "streams": [
                      "Custom-LookoutEventLogsV2_CL"
                    ],
                    "destinations": [
                      "clv2ws1"
                    ],
                    "transformKql": "source | extend TimeGenerated = now()",
                    "outputStream": "Custom-LookoutEventLogsV2_CL"
                  }
                ]
              }
            },
            {
              "name": "LookoutEventLogsV2_CL",
              "apiVersion": "2022-10-01",
              "type": "Microsoft.OperationalInsights/workspaces/tables",
              "location": "[parameters('workspace-location')]",
              "kind": null,
              "properties": {
                "schema": {
                  "name": "LookoutEventLogsV2_CL",
                  "columns": [
                    {
                      "name": "events",
                      "type": "dynamic"
                    },
                    {
                      "name": "TimeGenerated",
                      "type": "datetime"
                    }
                  ]
                }
              }
            }
          ]
        },
        "packageKind": "Solution",
        "packageVersion": "[variables('_solutionVersion')]",
        "packageName": "[variables('_solutionName')]",
        "contentProductId": "[concat(take(variables('_solutionId'), 50),'-','dc','-', uniqueString(concat(variables('_solutionId'),'-','DataConnector','-',variables('_dataConnectorContentIdConnectorDefinition1'),'-', variables('dataConnectorCCPVersion'))))]",
        "packageId": "[variables('_solutionId')]",
        "contentSchemaVersion": "3.0.0",
        "version": "[variables('dataConnectorCCPVersion')]"
      }
    },
    {
      "name": "[concat(parameters('workspace'),'/Microsoft.SecurityInsights/',variables('_dataConnectorContentIdConnectorDefinition1'))]",
      "apiVersion": "2022-09-01-preview",
      "type": "Microsoft.OperationalInsights/workspaces/providers/dataConnectorDefinitions",
      "location": "[parameters('workspace-location')]",
      "kind": "Customizable",
      "properties": {
        "connectorUiConfig": {
          "id": "LookoutMobileLogs_ConnectorDefinition",
          "title": "Lookout Mobile Threat Detection Connector",
          "publisher": "Microsoft",
          "descriptionMarkdown": "The [Lookout Mobile Threat Detection](https://lookout.com) data connector provides the capability to ingest events related to mobile security risks into Microsoft Sentinel through the Mobile Risk API. Refer to [API documentation](https://enterprise.support.lookout.com/hc/en-us/articles/115002741773-Mobile-Risk-API-Guide) for more information. This connector helps you examine potential security risks detected in mobile devices.",
          "graphQueriesTableName": "LookoutEventLogsV2_CL",
          "graphQueries": [
            {
              "metricName": "Total events received",
              "legend": "Events",
              "baseQuery": "LookoutEventLogsV2_CL"
            }
          ],
          "sampleQueries": [
            {
              "description": "Lookout Mobile Threat Detection Events - All Activities.",
              "query": "LookoutEventLogsV2_CL\n | take 10"
            }
          ],
          "dataTypes": [
            {
              "name": "LookoutEventLogsV2_CL",
              "lastDataReceivedQuery": "LookoutEventLogsV2_CL\n | summarize Time = max(TimeGenerated)"
            }
          ],
          "connectivityCriteria": [
            {
              "type": "HasDataConnectors"
            }
          ],
          "permissions": {
            "resourceProvider": [
              {
                "provider": "Microsoft.OperationalInsights/workspaces",
                "permissionsDisplayText": "Read and Write permissions on the workspace are required.",
                "providerDisplayName": "Workspace",
                "scope": "Workspace",
                "requiredPermissions": {
                  "write": true,
                  "read": true,
                  "delete": false,
                  "action": false
                }
              }
            ]
          },
          "instructionSteps": [
            {
              "title": "Connect Lookout Mobile Threat Defence connector to Microsoft Sentinel",
              "instructions": [
                {
                  "type": "Markdown",
                  "parameters": {
                    "content": "Before connecting to Lookout, ensure the following prerequisites are completed."
                  }
                },
                {
                  "type": "Markdown",
                  "parameters": {
                    "content": "#### 1.  **ApiKey** is required for Mobile Threat Detection API. See the [documentation](https://enterprise.support.lookout.com/hc/en-us/articles/115002741773-Mobile-Risk-API-Guide) to learn more about API. Check all requirements and follow  the [instructions](https://enterprise.support.lookout.com/hc/en-us/articles/115002741773-Mobile-Risk-API-Guide#authenticatingwiththemobileriskapi) for obtaining credentials."
                  }
                },
                {
                  "type": "Textbox",
                  "parameters": {
                    "label": "API key",
                    "placeholder": "Enter your API key ",
                    "type": "password",
                    "name": "applicationKey",
                    "required": true
                  }
                },
                {
                  "type": "ConnectionToggleButton",
                  "parameters": {
                    "connectLabel": "Connect",
                    "name": "toggle"
                  }
                }
              ]
            }
          ]
        }
      }
    },
    {
      "name": "[concat(parameters('workspace'),'/Microsoft.SecurityInsights/',concat('DataConnector-', variables('_dataConnectorContentIdConnectorDefinition1')))]",
      "apiVersion": "2022-01-01-preview",
      "type": "Microsoft.OperationalInsights/workspaces/providers/metadata",
      "properties": {
        "parentId": "[extensionResourceId(resourceId('Microsoft.OperationalInsights/workspaces', parameters('workspace')), 'Microsoft.SecurityInsights/dataConnectorDefinitions', variables('_dataConnectorContentIdConnectorDefinition1'))]",
        "contentId": "[variables('_dataConnectorContentIdConnectorDefinition1')]",
        "kind": "DataConnector",
        "version": "[variables('dataConnectorCCPVersion')]",
        "source": {
          "sourceId": "[variables('_solutionId')]",
          "name": "[variables('_solutionName')]",
          "kind": "Solution"
        },
        "author": {
          "name": "Lookout"
        },
        "support": {
          "name": "Lookout",
          "tier": "Partner",
          "link": "https://www.lookout.com/support"
        },
        "dependencies": {
          "criteria": [
            {
              "version": "[variables('dataConnectorCCPVersion')]",
              "contentId": "[variables('_dataConnectorContentIdConnections1')]",
              "kind": "ResourcesDataConnector"
            }
          ]
        }
      }
    },
    {
      "type": "Microsoft.OperationalInsights/workspaces/providers/contentTemplates",
      "apiVersion": "2023-04-01-preview",
      "name": "[concat(parameters('workspace'),'/Microsoft.SecurityInsights/', variables('dataConnectorTemplateNameConnections1'), variables('dataConnectorCCPVersion'))]",
      "location": "[parameters('workspace-location')]",
      "dependsOn": [
        "[extensionResourceId(resourceId('Microsoft.OperationalInsights/workspaces', parameters('workspace')), 'Microsoft.SecurityInsights/contentPackages', variables('_solutionId'))]"
      ],
      "properties": {
        "contentId": "[variables('_dataConnectorContentIdConnections1')]",
        "displayName": "Lookout Mobile Threat Detection Connector",
        "contentKind": "ResourcesDataConnector",
        "mainTemplate": {
          "$schema": "https://schema.management.azure.com/schemas/2019-04-01/deploymentTemplate.json#",
          "contentVersion": "[variables('dataConnectorCCPVersion')]",
          "parameters": {
            "guidValue": {
              "defaultValue": "[[newGuid()]",
              "type": "securestring"
            },
            "innerWorkspace": {
              "defaultValue": "[parameters('workspace')]",
              "type": "securestring"
            },
            "connectorDefinitionName": {
              "defaultValue": "Lookout Mobile Threat Detection Connector",
              "type": "securestring",
              "minLength": 1
            },
            "workspace": {
              "defaultValue": "[parameters('workspace')]",
              "type": "securestring"
            },
            "dcrConfig": {
              "defaultValue": {
                "dataCollectionEndpoint": "data collection Endpoint",
                "dataCollectionRuleImmutableId": "data collection rule immutableId"
              },
              "type": "object"
            },
            "applicationKey": {
              "defaultValue": "applicationKey",
              "type": "securestring",
              "minLength": 1
            }
          },
          "variables": {
            "_dataConnectorContentIdConnections1": "[variables('_dataConnectorContentIdConnections1')]"
          },
          "resources": [
            {
              "name": "[concat(parameters('workspace'),'/Microsoft.SecurityInsights/',concat('DataConnector-', variables('_dataConnectorContentIdConnections1')))]",
              "apiVersion": "2022-01-01-preview",
              "type": "Microsoft.OperationalInsights/workspaces/providers/metadata",
              "properties": {
                "parentId": "[extensionResourceId(resourceId('Microsoft.OperationalInsights/workspaces', parameters('workspace')), 'Microsoft.SecurityInsights/dataConnectors', variables('_dataConnectorContentIdConnections1'))]",
                "contentId": "[variables('_dataConnectorContentIdConnections1')]",
                "kind": "ResourcesDataConnector",
                "version": "[variables('dataConnectorCCPVersion')]",
                "source": {
                  "sourceId": "[variables('_solutionId')]",
                  "name": "[variables('_solutionName')]",
                  "kind": "Solution"
                },
                "author": {
                  "name": "Lookout"
                },
                "support": {
                  "name": "Lookout",
                  "tier": "Partner",
                  "link": "https://www.lookout.com/support"
                }
              }
            },
            {
              "name": "[[concat(parameters('innerWorkspace'),'/Microsoft.SecurityInsights/', 'LookoutMobileThreatDefensePoller', parameters('guidValue'))]",
              "apiVersion": "2023-02-01-preview",
              "type": "Microsoft.OperationalInsights/workspaces/providers/dataConnectors",
              "location": "[parameters('workspace-location')]",
              "kind": "RestApiPoller",
              "properties": {
                "connectorDefinitionName": "LookoutMobileLogs_ConnectorDefinition",
                "dataType": "LookoutEventLogsV2_CL",
                "dcrConfig": {
                  "dataCollectionEndpoint": "[[parameters('dcrConfig').dataCollectionEndpoint]",
                  "dataCollectionRuleImmutableId": "[[parameters('dcrConfig').dataCollectionRuleImmutableId]",
                  "streamName": "Custom-LookoutEventLogsV2_CL"
                },
                "auth": {
                  "type": "APIKey",
                  "ApiKey": "[[parameters('applicationKey')]",
                  "ApiKeyName": "Authorization",
                  "ApiKeyIdentifier": "Bearer"
                },
                "request": {
                  "apiEndpoint": "https://api.lookout.com/oauth2/token",
                  "httpMethod": "POST",
                  "queryTimeFormat": "yyyy-MM-ddTHH:mm:ssZ",
                  "rateLimitQPS": 10,
                  "queryWindowInMin": 5,
                  "retryCount": 3,
                  "timeoutInSeconds": 60,
                  "headers": {
                    "Accept": "application/json",
                    "Content-Type": "application/x-www-form-urlencoded"
                  },
                  "isPostPayloadJson": false,
                  "queryParameters": {
                    "grant_type": "client_credentials"
                  }
                },
                "response": {
                  "eventsJsonPaths": [
                    "$"
                  ],
                  "format": "json"
                },
                "stepInfo": {
                  "stepType": "Nested",
                  "nextSteps": [
                    {
                      "stepId": "GetEvents",
                      "stepPlaceholdersParsingKql": "project token = parse_json(source) | project accessToken = strcat('Bearer ', tostring(token.access_token))"
                    }
                  ]
                },
                "stepCollectorConfigs": {
                  "GetEvents": {
                    "request": {
                      "httpMethod": "GET",
                      "apiEndpoint": "https://api.lookout.com/mra/stream/v2/events",
                      "headers": {
                        "Accept": "text/event-stream",
                        "User-Agent": "Scuba",
                        "Authorization": "{{accessToken}}"
                      },
                      "logResponseContent": true
                    },
                    "response": {
                      "format": "json",
                      "eventsJsonPaths": [
                        "$"
                      ]
                    },
                    "paging": {
                      "pagingType": "NextPageUrl"
                    }
                  }
                }
              }
            }
          ]
        },
        "packageKind": "Solution",
        "packageVersion": "[variables('_solutionVersion')]",
        "packageName": "[variables('_solutionName')]",
        "contentProductId": "[concat(take(variables('_solutionId'), 50),'-','rdc','-', uniqueString(concat(variables('_solutionId'),'-','ResourcesDataConnector','-',variables('_dataConnectorContentIdConnections1'),'-', variables('dataConnectorCCPVersion'))))]",
        "packageId": "[variables('_solutionId')]",
        "contentSchemaVersion": "3.0.0",
        "version": "[variables('dataConnectorCCPVersion')]"
      }
    },
    {
      "type": "Microsoft.OperationalInsights/workspaces/providers/contentPackages",
      "apiVersion": "2023-04-01-preview",
      "location": "[parameters('workspace-location')]",
      "properties": {
        "version": "3.0.0",
        "kind": "Solution",
        "contentSchemaVersion": "3.0.0",
        "displayName": "Lookout",
        "publisherDisplayName": "Lookout",
        "descriptionHtml": "<p><strong>Note:</strong> Please refer to the following before installing the solution:</p>\n<p>• Review the solution <a href=\"https://github.com/Azure/Azure-Sentinel/tree/master/Solutions/Lookout/ReleaseNotes.md\">Release Notes</a></p>\n<p>• There may be <a href=\"https://aka.ms/sentinelsolutionsknownissues\">known issues</a> pertaining to this Solution, please refer to them before installing.</p>\n<p>The <a href=\"https://lookout.com\">Lookout</a> solution provides the capability to ingest <a href=\"https://enterprise.support.lookout.com/hc/articles/115002741773-Mobile-Risk-API-Guide#commoneventfields\">Lookout events</a> into Microsoft Sentinel through the Mobile Risk API. It can get events which helps to examine potential security risks and more. Refer to <a href=\"https://enterprise.support.lookout.com/hc/articles/115002741773-Mobile-Risk-API-Guide\">API documentation</a> for more information .</p>\n<p><strong>Underlying Microsoft Technologies used:</strong></p>\n<p>This solution takes a dependency on the following technologies, and some of these dependencies either may be in <a href=\"https://azure.microsoft.com/support/legal/preview-supplemental-terms/\">Preview</a> state or might result in additional ingestion or operational costs:</p>\n<ol type=\"a\">\n<li><p><a href=\"https://docs.microsoft.com/azure/azure-monitor/logs/data-collector-api\">Azure Monitor HTTP Data Collector API</a></p>\n</li>\n<li><p>Azure Functions](<a href=\"https://azure.microsoft.com/services/functions/#overview\">https://azure.microsoft.com/services/functions/#overview</a>)</p>\n</li>\n<li><p><a href=\"https://learn.microsoft.com/en-us/azure/sentinel/create-codeless-connector\">Codeless Connector Platform(CCP)</a></p>\n</li>\n</ol>\n<p><strong>Data Connectors:</strong> 1</p>\n<p><a href=\"https://aka.ms/azuresentinel\">Learn more about Microsoft Sentinel</a> | <a href=\"https://aka.ms/azuresentinelsolutionsdoc\">Learn more about Solutions</a></p>\n",
        "contentKind": "Solution",
        "contentProductId": "[variables('_solutioncontentProductId')]",
        "id": "[variables('_solutioncontentProductId')]",
        "icon": "<img src=\"https://raw.githubusercontent.com/Azure/Azure-Sentinel/master/Solutions/Lookout/Workbooks/Images/Logo/lookout.svg\"width=\"75px\"height=\"75px\">",
        "contentId": "[variables('_solutionId')]",
        "parentId": "[variables('_solutionId')]",
        "source": {
          "kind": "Solution",
          "name": "Lookout",
          "sourceId": "[variables('_solutionId')]"
        },
        "author": {
          "name": "Lookout"
        },
        "support": {
          "name": "Lookout",
          "tier": "Partner",
          "link": "https://www.lookout.com/support"
        },
        "dependencies": {
          "operator": "AND",
          "criteria": [
            {
              "kind": "DataConnector",
              "contentId": "[variables('_dataConnectorContentIdConnections1')]",
              "version": "[variables('dataConnectorCCPVersion')]"
            }
          ]
        },
        "firstPublishDate": "2021-10-18",
        "providers": [
          "Lookout"
        ],
        "categories": {
          "domains": [
            "Security - Threat Protection"
          ]
        }
      },
      "name": "[concat(parameters('workspace'),'/Microsoft.SecurityInsights/', variables('_solutionId'))]"
    }
  ],
  "outputs": {}
}
