﻿<?xml version="1.0" encoding="utf-8"?>
<ImportExportXml xmlns:xsi="http://www.w3.org/2001/XMLSchema-instance">
  <Entities>
    <Entity>
      <Name LocalizedName="Account" OriginalName="">Account</Name>
      <EntityInfo>
        <entity Name="Account">
          <IsAuditEnabled>1</IsAuditEnabled>
          <IsRetrieveAuditEnabled>1</IsRetrieveAuditEnabled>
          <IsRetrieveMultipleAuditEnabled>1</IsRetrieveMultipleAuditEnabled>
        </entity>
      </EntityInfo>
      <RibbonDiffXml>
        <CustomActions />
        <Templates>
          <RibbonTemplates Id="Mscrm.Templates"></RibbonTemplates>
        </Templates>
        <CommandDefinitions />
        <RuleDefinitions>
          <TabDisplayRules />
          <DisplayRules />
          <EnableRules />
        </RuleDefinitions>
        <LocLabels />
      </RibbonDiffXml>
    </Entity>
    <Entity>
      <Name LocalizedName="Attachment" OriginalName="">ActivityMimeAttachment</Name>
      <EntityInfo>
        <entity Name="ActivityMimeAttachment" unmodified="1">
          <IsAuditEnabled>1</IsAuditEnabled>
          <IsRetrieveAuditEnabled>1</IsRetrieveAuditEnabled>
          <IsRetrieveMultipleAuditEnabled>1</IsRetrieveMultipleAuditEnabled>
        </entity>
      </EntityInfo>
      <RibbonDiffXml>
        <CustomActions />
        <Templates>
          <RibbonTemplates Id="Mscrm.Templates"></RibbonTemplates>
        </Templates>
        <CommandDefinitions />
        <RuleDefinitions>
          <TabDisplayRules />
          <DisplayRules />
          <EnableRules />
        </RuleDefinitions>
        <LocLabels />
      </RibbonDiffXml>
    </Entity>
    <Entity>
      <Name LocalizedName="Note" OriginalName="">Annotation</Name>
      <EntityInfo>
        <entity Name="Annotation">
          <IsAuditEnabled>1</IsAuditEnabled>
          <IsRetrieveAuditEnabled>1</IsRetrieveAuditEnabled>
          <IsRetrieveMultipleAuditEnabled>1</IsRetrieveMultipleAuditEnabled>
        </entity>
      </EntityInfo>
      <RibbonDiffXml>
        <RibbonNotSupported />
      </RibbonDiffXml>
    </Entity>
    <Entity>
      <Name LocalizedName="Business Unit" OriginalName="">BusinessUnit</Name>
      <EntityInfo>
        <entity Name="BusinessUnit" unmodified="1">
          <IsAuditEnabled>1</IsAuditEnabled>
          <IsRetrieveAuditEnabled>1</IsRetrieveAuditEnabled>
          <IsRetrieveMultipleAuditEnabled>1</IsRetrieveMultipleAuditEnabled>
        </entity>
      </EntityInfo>
      <RibbonDiffXml>
        <RibbonNotSupported />
      </RibbonDiffXml>
    </Entity>
    <Entity>
      <Name LocalizedName="Contact" OriginalName="">Contact</Name>
      <EntityInfo>
        <entity Name="Contact">
          <IsAuditEnabled>1</IsAuditEnabled>
          <IsRetrieveAuditEnabled>1</IsRetrieveAuditEnabled>
          <IsRetrieveMultipleAuditEnabled>1</IsRetrieveMultipleAuditEnabled>
        </entity>
      </EntityInfo>
      <RibbonDiffXml>
        <CustomActions />
        <Templates>
          <RibbonTemplates Id="Mscrm.Templates"></RibbonTemplates>
        </Templates>
        <CommandDefinitions />
        <RuleDefinitions>
          <TabDisplayRules />
          <DisplayRules />
          <EnableRules />
        </RuleDefinitions>
        <LocLabels />
      </RibbonDiffXml>
    </Entity>
    <Entity>
      <Name LocalizedName="Email" OriginalName="">Email</Name>
      <EntityInfo>
        <entity Name="Email" unmodified="1">
          <IsAuditEnabled>1</IsAuditEnabled>
          <IsRetrieveAuditEnabled>1</IsRetrieveAuditEnabled>
          <IsRetrieveMultipleAuditEnabled>1</IsRetrieveMultipleAuditEnabled>
        </entity>
      </EntityInfo>
      <RibbonDiffXml>
        <CustomActions />
        <Templates>
          <RibbonTemplates Id="Mscrm.Templates"></RibbonTemplates>
        </Templates>
        <CommandDefinitions />
        <RuleDefinitions>
          <TabDisplayRules />
          <DisplayRules />
          <EnableRules />
        </RuleDefinitions>
        <LocLabels />
      </RibbonDiffXml>
    </Entity>
    <Entity>
      <Name LocalizedName="Expired Process" OriginalName="">ExpiredProcess</Name>
      <EntityInfo>
        <entity Name="ExpiredProcess">
          <IsAuditEnabled>1</IsAuditEnabled>
          <IsRetrieveAuditEnabled>1</IsRetrieveAuditEnabled>
          <IsRetrieveMultipleAuditEnabled>1</IsRetrieveMultipleAuditEnabled>
        </entity>
      </EntityInfo>
      <RibbonDiffXml>
        <CustomActions />
        <Templates>
          <RibbonTemplates Id="Mscrm.Templates"></RibbonTemplates>
        </Templates>
        <CommandDefinitions />
        <RuleDefinitions>
          <TabDisplayRules />
          <DisplayRules />
          <EnableRules />
        </RuleDefinitions>
        <LocLabels />
      </RibbonDiffXml>
    </Entity>
    <Entity>
      <Name LocalizedName="Field Permission" OriginalName="">FieldPermission</Name>
      <EntityInfo>
        <entity Name="FieldPermission" unmodified="1">
          <IsAuditEnabled>1</IsAuditEnabled>
          <IsRetrieveAuditEnabled>1</IsRetrieveAuditEnabled>
          <IsRetrieveMultipleAuditEnabled>1</IsRetrieveMultipleAuditEnabled>
        </entity>
      </EntityInfo>
      <RibbonDiffXml>
        <RibbonNotSupported />
      </RibbonDiffXml>
    </Entity>
    <Entity>
      <Name LocalizedName="Field Security Profile" OriginalName="">FieldSecurityProfile</Name>
      <EntityInfo>
        <entity Name="FieldSecurityProfile" unmodified="1">
          <IsAuditEnabled>1</IsAuditEnabled>
          <IsRetrieveAuditEnabled>1</IsRetrieveAuditEnabled>
          <IsRetrieveMultipleAuditEnabled>1</IsRetrieveMultipleAuditEnabled>
        </entity>
      </EntityInfo>
      <RibbonDiffXml>
        <RibbonNotSupported />
      </RibbonDiffXml>
    </Entity>
    <Entity>
      <Name LocalizedName="Goal" OriginalName="">Goal</Name>
      <EntityInfo>
        <entity Name="Goal">
          <IsAuditEnabled>1</IsAuditEnabled>
          <IsRetrieveAuditEnabled>1</IsRetrieveAuditEnabled>
          <IsRetrieveMultipleAuditEnabled>1</IsRetrieveMultipleAuditEnabled>
        </entity>
      </EntityInfo>
      <RibbonDiffXml>
        <CustomActions />
        <Templates>
          <RibbonTemplates Id="Mscrm.Templates"></RibbonTemplates>
        </Templates>
        <CommandDefinitions />
        <RuleDefinitions>
          <TabDisplayRules />
          <DisplayRules />
          <EnableRules />
        </RuleDefinitions>
        <LocLabels />
      </RibbonDiffXml>
    </Entity>
    <Entity>
      <Name LocalizedName="Rollup Query" OriginalName="">GoalRollupQuery</Name>
      <EntityInfo>
        <entity Name="GoalRollupQuery">
          <IsAuditEnabled>1</IsAuditEnabled>
          <IsRetrieveAuditEnabled>1</IsRetrieveAuditEnabled>
          <IsRetrieveMultipleAuditEnabled>1</IsRetrieveMultipleAuditEnabled>
        </entity>
      </EntityInfo>
      <RibbonDiffXml>
        <CustomActions />
        <Templates>
          <RibbonTemplates Id="Mscrm.Templates"></RibbonTemplates>
        </Templates>
        <CommandDefinitions />
        <RuleDefinitions>
          <TabDisplayRules />
          <DisplayRules />
          <EnableRules />
        </RuleDefinitions>
        <LocLabels />
      </RibbonDiffXml>
    </Entity>
    <Entity>
      <Name LocalizedName="Article" OriginalName="">KbArticle</Name>
      <EntityInfo>
        <entity Name="KbArticle">
          <IsAuditEnabled>1</IsAuditEnabled>
          <IsRetrieveAuditEnabled>1</IsRetrieveAuditEnabled>
          <IsRetrieveMultipleAuditEnabled>1</IsRetrieveMultipleAuditEnabled>
        </entity>
      </EntityInfo>
      <RibbonDiffXml>
        <CustomActions />
        <Templates>
          <RibbonTemplates Id="Mscrm.Templates"></RibbonTemplates>
        </Templates>
        <CommandDefinitions />
        <RuleDefinitions>
          <TabDisplayRules />
          <DisplayRules />
          <EnableRules />
        </RuleDefinitions>
        <LocLabels />
      </RibbonDiffXml>
    </Entity>
    <Entity>
      <Name LocalizedName="Knowledge Article" OriginalName="">KnowledgeArticle</Name>
      <EntityInfo>
        <entity Name="KnowledgeArticle">
          <IsAuditEnabled>1</IsAuditEnabled>
          <IsRetrieveAuditEnabled>1</IsRetrieveAuditEnabled>
          <IsRetrieveMultipleAuditEnabled>1</IsRetrieveMultipleAuditEnabled>
        </entity>
      </EntityInfo>
      <RibbonDiffXml>
        <CustomActions />
        <Templates>
          <RibbonTemplates Id="Mscrm.Templates"></RibbonTemplates>
        </Templates>
        <CommandDefinitions />
        <RuleDefinitions>
          <TabDisplayRules />
          <DisplayRules />
          <EnableRules />
        </RuleDefinitions>
        <LocLabels />
      </RibbonDiffXml>
    </Entity>
    <Entity>
      <Name LocalizedName="Goal Metric" OriginalName="">Metric</Name>
      <EntityInfo>
        <entity Name="Metric">
          <IsAuditEnabled>1</IsAuditEnabled>
          <IsRetrieveAuditEnabled>1</IsRetrieveAuditEnabled>
          <IsRetrieveMultipleAuditEnabled>1</IsRetrieveMultipleAuditEnabled>
        </entity>
      </EntityInfo>
      <RibbonDiffXml>
        <CustomActions />
        <Templates>
          <RibbonTemplates Id="Mscrm.Templates"></RibbonTemplates>
        </Templates>
        <CommandDefinitions />
        <RuleDefinitions>
          <TabDisplayRules />
          <DisplayRules />
          <EnableRules />
        </RuleDefinitions>
        <LocLabels />
      </RibbonDiffXml>
    </Entity>
    <Entity>
      <Name LocalizedName="New Process" OriginalName="">NewProcess</Name>
      <EntityInfo>
        <entity Name="NewProcess">
          <IsAuditEnabled>1</IsAuditEnabled>
          <IsRetrieveAuditEnabled>1</IsRetrieveAuditEnabled>
          <IsRetrieveMultipleAuditEnabled>1</IsRetrieveMultipleAuditEnabled>
        </entity>
      </EntityInfo>
      <RibbonDiffXml>
        <CustomActions />
        <Templates>
          <RibbonTemplates Id="Mscrm.Templates"></RibbonTemplates>
        </Templates>
        <CommandDefinitions />
        <RuleDefinitions>
          <TabDisplayRules />
          <DisplayRules />
          <EnableRules />
        </RuleDefinitions>
        <LocLabels />
      </RibbonDiffXml>
    </Entity>
    <Entity>
      <Name LocalizedName="Organization" OriginalName="">Organization</Name>
      <EntityInfo>
        <entity Name="Organization">
          <IsAuditEnabled>1</IsAuditEnabled>
          <IsRetrieveAuditEnabled>1</IsRetrieveAuditEnabled>
          <IsRetrieveMultipleAuditEnabled>1</IsRetrieveMultipleAuditEnabled>
        </entity>
      </EntityInfo>
      <RibbonDiffXml>
        <RibbonNotSupported />
      </RibbonDiffXml>
    </Entity>
    <Entity>
      <Name LocalizedName="Position" OriginalName="">Position</Name>
      <EntityInfo>
        <entity Name="Position" unmodified="1">
          <IsAuditEnabled>1</IsAuditEnabled>
          <IsRetrieveAuditEnabled>1</IsRetrieveAuditEnabled>
          <IsRetrieveMultipleAuditEnabled>1</IsRetrieveMultipleAuditEnabled>
        </entity>
      </EntityInfo>
      <RibbonDiffXml>
        <CustomActions />
        <Templates>
          <RibbonTemplates Id="Mscrm.Templates"></RibbonTemplates>
        </Templates>
        <CommandDefinitions />
        <RuleDefinitions>
          <TabDisplayRules />
          <DisplayRules />
          <EnableRules />
        </RuleDefinitions>
        <LocLabels />
      </RibbonDiffXml>
    </Entity>
    <Entity>
      <Name LocalizedName="Queue Item" OriginalName="">QueueItem</Name>
      <EntityInfo>
        <entity Name="QueueItem">
          <IsAuditEnabled>1</IsAuditEnabled>
          <IsRetrieveAuditEnabled>1</IsRetrieveAuditEnabled>
          <IsRetrieveMultipleAuditEnabled>1</IsRetrieveMultipleAuditEnabled>
        </entity>
      </EntityInfo>
      <RibbonDiffXml>
        <CustomActions />
        <Templates>
          <RibbonTemplates Id="Mscrm.Templates"></RibbonTemplates>
        </Templates>
        <CommandDefinitions />
        <RuleDefinitions>
          <TabDisplayRules />
          <DisplayRules />
          <EnableRules />
        </RuleDefinitions>
        <LocLabels />
      </RibbonDiffXml>
    </Entity>
    <Entity>
      <Name LocalizedName="Report" OriginalName="">Report</Name>
      <EntityInfo>
        <entity Name="Report">
          <IsAuditEnabled>1</IsAuditEnabled>
          <IsRetrieveAuditEnabled>1</IsRetrieveAuditEnabled>
          <IsRetrieveMultipleAuditEnabled>1</IsRetrieveMultipleAuditEnabled>
        </entity>
      </EntityInfo>
      <RibbonDiffXml>
        <CustomActions />
        <Templates>
          <RibbonTemplates Id="Mscrm.Templates"></RibbonTemplates>
        </Templates>
        <CommandDefinitions />
        <RuleDefinitions>
          <TabDisplayRules />
          <DisplayRules />
          <EnableRules />
        </RuleDefinitions>
        <LocLabels />
      </RibbonDiffXml>
    </Entity>
    <Entity>
      <Name LocalizedName="Security Role" OriginalName="">Role</Name>
      <EntityInfo>
        <entity Name="Role">
          <IsAuditEnabled>1</IsAuditEnabled>
          <IsRetrieveAuditEnabled>1</IsRetrieveAuditEnabled>
          <IsRetrieveMultipleAuditEnabled>1</IsRetrieveMultipleAuditEnabled>
        </entity>
      </EntityInfo>
      <RibbonDiffXml>
        <RibbonNotSupported />
      </RibbonDiffXml>
    </Entity>
    <Entity>
      <Name LocalizedName="SharePoint Site" OriginalName="Service">SharePointSite</Name>
      <EntityInfo>
        <entity Name="SharePointSite">
          <IsAuditEnabled>1</IsAuditEnabled>
          <IsRetrieveAuditEnabled>1</IsRetrieveAuditEnabled>
          <IsRetrieveMultipleAuditEnabled>1</IsRetrieveMultipleAuditEnabled>
        </entity>
      </EntityInfo>
      <RibbonDiffXml>
        <CustomActions />
        <Templates>
          <RibbonTemplates Id="Mscrm.Templates"></RibbonTemplates>
        </Templates>
        <CommandDefinitions />
        <RuleDefinitions>
          <TabDisplayRules />
          <DisplayRules />
          <EnableRules />
        </RuleDefinitions>
        <LocLabels />
      </RibbonDiffXml>
    </Entity>
    <Entity>
      <Name LocalizedName="Social Profile" OriginalName="">SocialProfile</Name>
      <EntityInfo>
        <entity Name="SocialProfile">
          <IsAuditEnabled>1</IsAuditEnabled>
          <IsRetrieveAuditEnabled>1</IsRetrieveAuditEnabled>
          <IsRetrieveMultipleAuditEnabled>1</IsRetrieveMultipleAuditEnabled>
        </entity>
      </EntityInfo>
      <RibbonDiffXml>
        <CustomActions />
        <Templates>
          <RibbonTemplates Id="Mscrm.Templates"></RibbonTemplates>
        </Templates>
        <CommandDefinitions />
        <RuleDefinitions>
          <TabDisplayRules />
          <DisplayRules />
          <EnableRules />
        </RuleDefinitions>
        <LocLabels />
      </RibbonDiffXml>
    </Entity>
    <Entity>
      <Name LocalizedName="User" OriginalName="">SystemUser</Name>
      <EntityInfo>
        <entity Name="SystemUser">
          <IsAuditEnabled>1</IsAuditEnabled>
          <IsRetrieveAuditEnabled>1</IsRetrieveAuditEnabled>
          <IsRetrieveMultipleAuditEnabled>1</IsRetrieveMultipleAuditEnabled>
        </entity>
      </EntityInfo>
      <RibbonDiffXml>
        <CustomActions />
        <Templates>
          <RibbonTemplates Id="Mscrm.Templates"></RibbonTemplates>
        </Templates>
        <CommandDefinitions />
        <RuleDefinitions>
          <TabDisplayRules />
          <DisplayRules />
          <EnableRules />
        </RuleDefinitions>
        <LocLabels />
      </RibbonDiffXml>
    </Entity>
    <Entity>
      <Name LocalizedName="Team" OriginalName="">Team</Name>
      <EntityInfo>
        <entity Name="Team">
          <IsAuditEnabled>1</IsAuditEnabled>
          <IsRetrieveAuditEnabled>1</IsRetrieveAuditEnabled>
          <IsRetrieveMultipleAuditEnabled>1</IsRetrieveMultipleAuditEnabled>
        </entity>
      </EntityInfo>
      <RibbonDiffXml>
        <CustomActions />
        <Templates>
          <RibbonTemplates Id="Mscrm.Templates"></RibbonTemplates>
        </Templates>
        <CommandDefinitions />
        <RuleDefinitions>
          <TabDisplayRules />
          <DisplayRules />
          <EnableRules />
        </RuleDefinitions>
        <LocLabels />
      </RibbonDiffXml>
    </Entity>
    <Entity>
      <Name LocalizedName="Team template" OriginalName="">TeamTemplate</Name>
      <EntityInfo>
        <entity Name="TeamTemplate" unmodified="1">
          <IsAuditEnabled>1</IsAuditEnabled>
          <IsRetrieveAuditEnabled>1</IsRetrieveAuditEnabled>
          <IsRetrieveMultipleAuditEnabled>1</IsRetrieveMultipleAuditEnabled>
        </entity>
      </EntityInfo>
      <RibbonDiffXml>
        <CustomActions />
        <Templates>
          <RibbonTemplates Id="Mscrm.Templates"></RibbonTemplates>
        </Templates>
        <CommandDefinitions />
        <RuleDefinitions>
          <TabDisplayRules />
          <DisplayRules />
          <EnableRules />
        </RuleDefinitions>
        <LocLabels />
      </RibbonDiffXml>
    </Entity>
    <Entity>
      <Name LocalizedName="Email Template" OriginalName="">Template</Name>
      <EntityInfo>
        <entity Name="Template" unmodified="1">
          <IsAuditEnabled>1</IsAuditEnabled>
          <IsRetrieveAuditEnabled>1</IsRetrieveAuditEnabled>
          <IsRetrieveMultipleAuditEnabled>1</IsRetrieveMultipleAuditEnabled>
        </entity>
      </EntityInfo>
      <RibbonDiffXml>
        <CustomActions />
        <Templates>
          <RibbonTemplates Id="Mscrm.Templates"></RibbonTemplates>
        </Templates>
        <CommandDefinitions />
        <RuleDefinitions>
          <TabDisplayRules />
          <DisplayRules />
          <EnableRules />
        </RuleDefinitions>
        <LocLabels />
      </RibbonDiffXml>
    </Entity>
    <Entity>
      <Name LocalizedName="Currency" OriginalName="">TransactionCurrency</Name>
      <EntityInfo>
        <entity Name="TransactionCurrency" unmodified="1">
          <IsAuditEnabled>1</IsAuditEnabled>
          <IsRetrieveAuditEnabled>1</IsRetrieveAuditEnabled>
          <IsRetrieveMultipleAuditEnabled>1</IsRetrieveMultipleAuditEnabled>
        </entity>
      </EntityInfo>
      <RibbonDiffXml>
        <RibbonNotSupported />
      </RibbonDiffXml>
    </Entity>
    <Entity>
      <Name LocalizedName="Translation Process" OriginalName="">TranslationProcess</Name>
      <EntityInfo>
        <entity Name="TranslationProcess">
          <IsAuditEnabled>1</IsAuditEnabled>
          <IsRetrieveAuditEnabled>1</IsRetrieveAuditEnabled>
          <IsRetrieveMultipleAuditEnabled>1</IsRetrieveMultipleAuditEnabled>
        </entity>
      </EntityInfo>
      <RibbonDiffXml>
        <CustomActions />
        <Templates>
          <RibbonTemplates Id="Mscrm.Templates"></RibbonTemplates>
        </Templates>
        <CommandDefinitions />
        <RuleDefinitions>
          <TabDisplayRules />
          <DisplayRules />
          <EnableRules />
        </RuleDefinitions>
        <LocLabels />
      </RibbonDiffXml>
    </Entity>
  </Entities>
  <Roles />
  <Workflows />
  <FieldSecurityProfiles />
  <Templates />
  <EntityMaps />
  <EntityRelationships />
  <OrganizationSettings />
  <optionsets />
  <CustomControls />
  <EntityDataProviders />
  <Languages>
    <Language>1033</Language>
  </Languages>
</ImportExportXml>