﻿<?xml version="1.0" encoding="utf-8"?>
<ImportExportXml version="9.2.22093.192" SolutionPackageVersion="9.2" languagecode="1033" generatedBy="CrmLive" xmlns:xsi="http://www.w3.org/2001/XMLSchema-instance">
  <SolutionManifest>
    <UniqueName>sentinel_AuditDataverseOnly</UniqueName>
    <LocalizedNames>
      <LocalizedName description="Microsoft Sentinel: Audit Settings (Dataverse Only)" languagecode="1033" />
    </LocalizedNames>
    <Descriptions>
      <Description description="Audit settings required by the Microsoft Sentinel for Dynamics 365 solution." languagecode="1033" />
    </Descriptions>
    <Version>1.0.0.1</Version>
    <Managed>1</Managed>
    <Publisher>
      <UniqueName>MicrosoftSentinel</UniqueName>
      <LocalizedNames>
        <LocalizedName description="Microsoft Sentinel" languagecode="1033" />
      </LocalizedNames>
      <Descriptions>
        <Description description="Sentinel Solution for Dynamics 365" languagecode="1033" />
      </Descriptions>
      <EMailAddress>sentinel4dynamics365@microsoft.com</EMailAddress>
      <SupportingWebsiteUrl xsi:nil="true"></SupportingWebsiteUrl>
      <CustomizationPrefix>sentinel</CustomizationPrefix>
      <CustomizationOptionValuePrefix>63044</CustomizationOptionValuePrefix>
      <Addresses>
        <Address>
          <AddressNumber>1</AddressNumber>
          <AddressTypeCode>1</AddressTypeCode>
          <City xsi:nil="true"></City>
          <County xsi:nil="true"></County>
          <Country xsi:nil="true"></Country>
          <Fax xsi:nil="true"></Fax>
          <FreightTermsCode xsi:nil="true"></FreightTermsCode>
          <ImportSequenceNumber xsi:nil="true"></ImportSequenceNumber>
          <Latitude xsi:nil="true"></Latitude>
          <Line1 xsi:nil="true"></Line1>
          <Line2 xsi:nil="true"></Line2>
          <Line3 xsi:nil="true"></Line3>
          <Longitude xsi:nil="true"></Longitude>
          <Name xsi:nil="true"></Name>
          <PostalCode xsi:nil="true"></PostalCode>
          <PostOfficeBox xsi:nil="true"></PostOfficeBox>
          <PrimaryContactName xsi:nil="true"></PrimaryContactName>
          <ShippingMethodCode>1</ShippingMethodCode>
          <StateOrProvince xsi:nil="true"></StateOrProvince>
          <Telephone1 xsi:nil="true"></Telephone1>
          <Telephone2 xsi:nil="true"></Telephone2>
          <Telephone3 xsi:nil="true"></Telephone3>
          <TimeZoneRuleVersionNumber xsi:nil="true"></TimeZoneRuleVersionNumber>
          <UPSZone xsi:nil="true"></UPSZone>
          <UTCOffset xsi:nil="true"></UTCOffset>
          <UTCConversionTimeZoneCode xsi:nil="true"></UTCConversionTimeZoneCode>
        </Address>
        <Address>
          <AddressNumber>2</AddressNumber>
          <AddressTypeCode>1</AddressTypeCode>
          <City xsi:nil="true"></City>
          <County xsi:nil="true"></County>
          <Country xsi:nil="true"></Country>
          <Fax xsi:nil="true"></Fax>
          <FreightTermsCode xsi:nil="true"></FreightTermsCode>
          <ImportSequenceNumber xsi:nil="true"></ImportSequenceNumber>
          <Latitude xsi:nil="true"></Latitude>
          <Line1 xsi:nil="true"></Line1>
          <Line2 xsi:nil="true"></Line2>
          <Line3 xsi:nil="true"></Line3>
          <Longitude xsi:nil="true"></Longitude>
          <Name xsi:nil="true"></Name>
          <PostalCode xsi:nil="true"></PostalCode>
          <PostOfficeBox xsi:nil="true"></PostOfficeBox>
          <PrimaryContactName xsi:nil="true"></PrimaryContactName>
          <ShippingMethodCode>1</ShippingMethodCode>
          <StateOrProvince xsi:nil="true"></StateOrProvince>
          <Telephone1 xsi:nil="true"></Telephone1>
          <Telephone2 xsi:nil="true"></Telephone2>
          <Telephone3 xsi:nil="true"></Telephone3>
          <TimeZoneRuleVersionNumber xsi:nil="true"></TimeZoneRuleVersionNumber>
          <UPSZone xsi:nil="true"></UPSZone>
          <UTCOffset xsi:nil="true"></UTCOffset>
          <UTCConversionTimeZoneCode xsi:nil="true"></UTCConversionTimeZoneCode>
        </Address>
      </Addresses>
    </Publisher>
    <RootComponents>
      <RootComponent type="1" schemaName="account" behavior="1" />
      <RootComponent type="1" schemaName="activitymimeattachment" behavior="1" />
      <RootComponent type="1" schemaName="annotation" behavior="1" />
      <RootComponent type="1" schemaName="businessunit" behavior="1" />
      <RootComponent type="1" schemaName="contact" behavior="1" />
      <RootComponent type="1" schemaName="email" behavior="1" />
      <RootComponent type="1" schemaName="expiredprocess" behavior="1" />
      <RootComponent type="1" schemaName="fieldpermission" behavior="1" />
      <RootComponent type="1" schemaName="fieldsecurityprofile" behavior="1" />
      <RootComponent type="1" schemaName="goal" behavior="1" />
      <RootComponent type="1" schemaName="goalrollupquery" behavior="1" />
      <RootComponent type="1" schemaName="kbarticle" behavior="1" />
      <RootComponent type="1" schemaName="knowledgearticle" behavior="1" />
      <RootComponent type="1" schemaName="metric" behavior="1" />
      <RootComponent type="1" schemaName="newprocess" behavior="1" />
      <RootComponent type="1" schemaName="organization" behavior="1" />
      <RootComponent type="1" schemaName="position" behavior="1" />
      <RootComponent type="1" schemaName="queueitem" behavior="1" />
      <RootComponent type="1" schemaName="report" behavior="1" />
      <RootComponent type="1" schemaName="role" behavior="1" />
      <RootComponent type="1" schemaName="sharepointsite" behavior="1" />
      <RootComponent type="1" schemaName="socialprofile" behavior="1" />
      <RootComponent type="1" schemaName="systemuser" behavior="1" />
      <RootComponent type="1" schemaName="team" behavior="1" />
      <RootComponent type="1" schemaName="teamtemplate" behavior="1" />
      <RootComponent type="1" schemaName="template" behavior="1" />
      <RootComponent type="1" schemaName="transactioncurrency" behavior="1" />
      <RootComponent type="1" schemaName="translationprocess" behavior="1" />
    </RootComponents>
    <MissingDependencies />
  </SolutionManifest>
</ImportExportXml>