{
    "IsEncrypted": false,
    "Values": {
        "AzureWebJobsStorage": "UseDevelopmentStorage=true",
        "FUNCTIONS_WORKER_RUNTIME": "dotnet",
        "DatAlertHostName": "varonisdatalertservicemockwebapi20230921135739.azurewebsites.net",
        "DatAlertApiKey": "123",
        "LogAnalyticsKey": "DG3z+1mEkSziR8kaTZqp7PdYTdNsoYfA+/yjkQZHDTXlDDIW/b579FaLXNulgepcrPkFd9BN7pc2ChV1zIGhqw==",
        "LogAnalyticsWorkspace": "a248b5a4-b4c3-4ad4-8a3f-548f07136718",
        "FirstFetchTime": "2 weeks",
        "MinSeverityLevel": "Low, Medium, High",
        "ThreatModelNameList": ""
    }
}