{
  "$schema": "https://schema.management.azure.com/schemas/0.1.2-preview/CreateUIDefinition.MultiVm.json#",
  "handler": "Microsoft.Azure.CreateUIDef",
  "version": "0.1.2-preview",
  "parameters": {
    "config": {
      "isWizard": false,
      "basics": {
        "description": "<img src=\"https://raw.githubusercontent.com/Azure/Azure-Sentinel/master/Logos/RecordedFuture.svg\" width=\"75px\" height=\"75px\">\n\n**Note:** _There may be [known issues](https://aka.ms/sentinelsolutionsknownissues) pertaining to this Solution, please refer to them before installing._\n\n[Recorded Future](https://www.recordedfuture.com/) is the worlds largest provider of intelligence for enterprise security. By combining persistent and pervasive automated data collection and analytics with human analysis, Recorded Future delivers intelligence that is timely, accurate, and actionable.\n\nPlaybooks have internal dependencies to RecordedFuture-ImportToSentinel so install the RecordedFuture-ImportToSentinel playbook before any of the others. \n\nUnderlying Microsoft Technologies used:\nThis solution depends on underlying Microsoft technologies. Some of these dependencies either may be in Preview state or might result in additional ingestion or operational costs:\n* [Log Analytics](https://learn.microsoft.com/en-us/azure/azure-monitor/logs/workspace-design)\n* [Logic apps](https://learn.microsoft.com/en-us/azure/logic-apps/logic-apps-pricing)\n* [Threat Indicators](https://learn.microsoft.com/en-us/azure/sentinel/upload-indicators-api)\n\n\n**Parsers:** 8, **Workbooks:** 7, **Analytic Rules:** 6, **Custom Azure Logic Apps Connectors:** 1, **Playbooks:** 11\n\n[Learn more about Microsoft Sentinel](https://aka.ms/azuresentinel) | [Learn more about Solutions](https://aka.ms/azuresentinelsolutionsdoc)",
        "subscription": {
          "resourceProviders": [
            "Microsoft.OperationsManagement/solutions",
            "Microsoft.OperationalInsights/workspaces/providers/alertRules",
            "Microsoft.Insights/workbooks",
            "Microsoft.Logic/workflows"
          ]
        },
        "location": {
          "metadata": {
            "hidden": "Hiding location, we get it from the log analytics workspace"
          },
          "visible": false
        },
        "resourceGroup": {
          "allowExisting": true
        }
      }
    },
    "basics": [
      {
        "name": "getLAWorkspace",
        "type": "Microsoft.Solutions.ArmApiControl",
        "toolTip": "This filters by workspaces that exist in the Resource Group selected",
        "condition": "[greater(length(resourceGroup().name),0)]",
        "request": {
          "method": "GET",
          "path": "[concat(subscription().id,'/providers/Microsoft.OperationalInsights/workspaces?api-version=2020-08-01')]"
        }
      },
      {
        "name": "workspace",
        "type": "Microsoft.Common.DropDown",
        "label": "Workspace",
        "placeholder": "Select a workspace",
        "toolTip": "This dropdown will list only workspace that exists in the Resource Group selected",
        "constraints": {
          "allowedValues": "[map(filter(basics('getLAWorkspace').value, (filter) => contains(toLower(filter.id), toLower(resourceGroup().name))), (item) => parse(concat('{\"label\":\"', item.name, '\",\"value\":\"', item.name, '\"}')))]",
          "required": true
        },
        "visible": true
      }
    ],
    "steps": [
      {
        "name": "workbooks",
        "label": "Workbooks",
        "subLabel": {
          "preValidation": "Configure the workbooks",
          "postValidation": "Done"
        },
        "bladeTitle": "Workbooks",
        "elements": [
          {
            "name": "workbooks-text",
            "type": "Microsoft.Common.TextBlock",
            "options": {
              "text": "This solution installs workbook(s) to help you gain insights into the telemetry collected in Microsoft Sentinel. After installing the solution, start using the workbook in Manage solution view."
            }
          },
          {
            "name": "workbooks-link",
            "type": "Microsoft.Common.TextBlock",
            "options": {
              "link": {
                "label": "Learn more",
                "uri": "https://docs.microsoft.com/azure/sentinel/tutorial-monitor-your-data"
              }
            }
          },
          {
            "name": "workbook1",
            "type": "Microsoft.Common.Section",
            "label": "Recorded Future - Playbook Alerts Overview",
            "elements": [
              {
                "name": "workbook1-text",
                "type": "Microsoft.Common.TextBlock",
                "options": {
                  "text": "Recorded Future Playbook Alerts Overview Workbook. This workbook will visualize playbook alerts imported via the RecordedFuture-Playbook-Alert-Importer."
                }
              }
            ]
          },
          {
            "name": "workbook2",
            "type": "Microsoft.Common.Section",
            "label": "Recorded Future - Alerts Overview",
            "elements": [
              {
                "name": "workbook2-text",
                "type": "Microsoft.Common.TextBlock",
                "options": {
                  "text": "Recorded Future Alerts Overview Workbook. This workbook will visualize playbook alerts imported via the RecordedFuture-Alert-Importer."
                }
              }
            ]
          },
          {
            "name": "workbook3",
            "type": "Microsoft.Common.Section",
            "label": "Recorded Future - Domain Correlation",
            "elements": [
              {
                "name": "workbook3-text",
                "type": "Microsoft.Common.TextBlock",
                "options": {
                  "text": "Recorded Future Domain Correlation Workbook. This workbook will visualize Recorded Future threat intelligence data together with infrastructure logs ingested in to Sentinel."
                }
              }
            ]
          },
          {
            "name": "workbook4",
            "type": "Microsoft.Common.Section",
            "label": "Recorded Future - Hash Correlation",
            "elements": [
              {
                "name": "workbook4-text",
                "type": "Microsoft.Common.TextBlock",
                "options": {
                  "text": "Recorded Future Hash Correlation Workbook. This workbook will visualize Recorded Future threat intelligence data together with infrastructure logs ingested in to Sentinel."
                }
              }
            ]
          },
          {
            "name": "workbook5",
            "type": "Microsoft.Common.Section",
            "label": "Recorded Future - IP Correlation",
            "elements": [
              {
                "name": "workbook5-text",
                "type": "Microsoft.Common.TextBlock",
                "options": {
                  "text": "Recorded Future IP Correlation Workbook. This workbook will visualize Recorded Future threat intelligence data together with infrastructure logs ingested in to Sentinel."
                }
              }
            ]
          },
          {
            "name": "workbook6",
            "type": "Microsoft.Common.Section",
            "label": "Recorded Future - URL Correlation",
            "elements": [
              {
                "name": "workbook6-text",
                "type": "Microsoft.Common.TextBlock",
                "options": {
                  "text": "Recorded Future URL Correlation Workbook. This workbook will visualize Recorded Future threat intelligence data together with infrastructure logs ingested in to Sentinel."
                }
              }
            ]
          },
          {
            "name": "workbook7",
            "type": "Microsoft.Common.Section",
            "label": "Recorded Future - Threat Actor Hunting",
            "elements": [
              {
                "name": "workbook7-text",
                "type": "Microsoft.Common.TextBlock",
                "options": {
                  "text": "Recorded Future Threat Hunting Workbook. This workbook will visualize Recorded Future threat map and hunting indicators ingested in to Microsoft Sentinel."
                }
              }
            ]
          }
        ]
      },
      {
        "name": "analytics",
        "label": "Analytics",
        "subLabel": {
          "preValidation": "Configure the analytics",
          "postValidation": "Done"
        },
        "bladeTitle": "Analytics",
        "elements": [
          {
            "name": "analytics-text",
            "type": "Microsoft.Common.TextBlock",
            "options": {
              "text": "This solution installs the following analytic rule templates. After installing the solution, create and enable analytic rules in Manage solution view."
            }
          },
          {
            "name": "analytics-link",
            "type": "Microsoft.Common.TextBlock",
            "options": {
              "link": {
                "label": "Learn more",
                "uri": "https://docs.microsoft.com/azure/sentinel/tutorial-detect-threats-custom?WT.mc_id=Portal-Microsoft_Azure_CreateUIDef"
              }
            }
          },
          {
            "name": "analytic1",
            "type": "Microsoft.Common.Section",
            "label": "Detection of Malware C2 Domains in DNS Events",
            "elements": [
              {
                "name": "analytic1-text",
                "type": "Microsoft.Common.TextBlock",
                "options": {
                  "text": "Identifies a match in DNSEvents from Recorded Future C2 DNS Name Domains Risklist."
                }
              }
            ]
          },
          {
            "name": "analytic2",
            "type": "Microsoft.Common.Section",
            "label": "Detection of Malware C2 Domains in Syslog Events",
            "elements": [
              {
                "name": "analytic2-text",
                "type": "Microsoft.Common.TextBlock",
                "options": {
                  "text": "Identifies a match in Syslog from Recorded Future C2 DNS Name Domains Risklist."
                }
              }
            ]
          },
          {
            "name": "analytic3",
            "type": "Microsoft.Common.Section",
            "label": "Detection of Specific Hashes in CommonSecurityLog",
            "elements": [
              {
                "name": "analytic3-text",
                "type": "Microsoft.Common.TextBlock",
                "options": {
                  "text": "Identifies a match in CommonSecurityLog from Recorded Future Hash Observed in Underground Virus Testing Sites RiskList."
                }
              }
            ]
          },
          {
            "name": "analytic4",
            "type": "Microsoft.Common.Section",
            "label": "Detection of Malware C2 IPs in Azure Act. Events",
            "elements": [
              {
                "name": "analytic4-text",
                "type": "Microsoft.Common.TextBlock",
                "options": {
                  "text": "Identifies a match in Azure Activity Events from Recorded Future Actively Communicating C&C Server Risklist."
                }
              }
            ]
          },
          {
            "name": "analytic5",
            "type": "Microsoft.Common.Section",
            "label": "Detection of Malware C2 IPs in DNS Events",
            "elements": [
              {
                "name": "analytic5-text",
                "type": "Microsoft.Common.TextBlock",
                "options": {
                  "text": "Identifies a match in DnsEvents from Recorded Future Actively Communicating C&C Server Risklist."
                }
              }
            ]
          },
          {
            "name": "analytic6",
            "type": "Microsoft.Common.Section",
            "label": "Detection of Malicious URLs in Syslog Events",
            "elements": [
              {
                "name": "analytic6-text",
                "type": "Microsoft.Common.TextBlock",
                "options": {
                  "text": "Identifies a match in Syslog from Recorded Future URLs Recently Reported as malicious by Insikt Group."
                }
              }
            ]
          }
        ]
      },
      {
        "name": "playbooks",
        "label": "Playbooks",
        "subLabel": {
          "preValidation": "Configure the playbooks",
          "postValidation": "Done"
        },
        "bladeTitle": "Playbooks",
        "elements": [
          {
            "name": "playbooks-text",
            "type": "Microsoft.Common.TextBlock",
            "options": {
              "text": "This solution installs the Playbook templates to help implement your Security Orchestration, Automation and Response (SOAR) operations. After installing the solution, these will be deployed under Playbook Templates in the Automation blade in Microsoft Sentinel. They can be configured and managed from the Manage solution view in Content Hub."
            }
          },
          {
            "name": "playbooks-link",
            "type": "Microsoft.Common.TextBlock",
            "options": {
              "link": {
                "label": "Learn more",
                "uri": "https://docs.microsoft.com/azure/sentinel/tutorial-respond-threats-playbook?WT.mc_id=Portal-Microsoft_Azure_CreateUIDef"
              }
            }
          }
        ]
      }
    ],
    "outputs": {
      "workspace-location": "[first(map(filter(basics('getLAWorkspace').value, (filter) => and(contains(toLower(filter.id), toLower(resourceGroup().name)),equals(filter.name,basics('workspace')))), (item) => item.location))]",
      "location": "[location()]",
      "workspace": "[basics('workspace')]"
    }
  }
}
