{
  "$schema": "https://schema.management.azure.com/schemas/2019-04-01/deploymentTemplate.json#",
  "contentVersion": "1.0.0.0",
  "metadata": {
    "author": "One Identity",
    "comments": "Solution template for OneIdentity"
  },
  "parameters": {
    "location": {
      "type": "string",
      "minLength": 1,
      "defaultValue": "[resourceGroup().location]",
      "metadata": {
        "description": "Not used, but needed to pass arm-ttk test `Location-Should-Not-Be-Hardcoded`.  We instead use the `workspace-location` which is derived from the LA workspace"
      }
    },
    "workspace-location": {
      "type": "string",
      "defaultValue": "",
      "metadata": {
        "description": "[concat('Region to deploy solution resources -- separate from location selection',parameters('location'))]"
      }
    },
    "workspace": {
      "defaultValue": "",
      "type": "string",
      "metadata": {
        "description": "Workspace name for Log Analytics where Microsoft Sentinel is setup"
      }
    },
    "workbook1-name": {
      "type": "string",
      "defaultValue": "One Identity",
      "minLength": 1,
      "metadata": {
        "description": "Name for the workbook"
      }
    }
  },
  "variables": {
    "solutionId": "quest.oneidentity_mss",
    "_solutionId": "[variables('solutionId')]",
    "workspaceResourceId": "[resourceId('microsoft.OperationalInsights/Workspaces', parameters('workspace'))]",
    "uiConfigId1": "OneIdentity",
    "_uiConfigId1": "[variables('uiConfigId1')]",
    "dataConnectorContentId1": "OneIdentity",
    "_dataConnectorContentId1": "[variables('dataConnectorContentId1')]",
    "dataConnectorId1": "[extensionResourceId(resourceId('Microsoft.OperationalInsights/workspaces', parameters('workspace')), 'Microsoft.SecurityInsights/dataConnectors', variables('_dataConnectorContentId1'))]",
    "_dataConnectorId1": "[variables('dataConnectorId1')]",
    "dataConnectorTemplateSpecName1": "[concat(parameters('workspace'),'-dc-',uniquestring(variables('_dataConnectorContentId1')))]",
    "dataConnectorVersion1": "1.0.0",
    "parserVersion1": "1.0.0",
    "parserContentId1": "OneIdentity_Safeguard-Parser",
    "_parserContentId1": "[variables('parserContentId1')]",
    "parserName1": "OneIdentity_Safeguard",
    "_parserName1": "[concat(parameters('workspace'),'/',variables('parserName1'))]",
    "parserId1": "[resourceId('Microsoft.OperationalInsights/workspaces/savedSearches', parameters('workspace'), variables('parserName1'))]",
    "_parserId1": "[variables('parserId1')]",
    "parserTemplateSpecName1": "[concat(parameters('workspace'),'-pr-',uniquestring(variables('_parserContentId1')))]",
    "workbookVersion1": "1.0.0",
    "workbookContentId1": "OneIdentityWorkbook",
    "workbookId1": "[resourceId('Microsoft.Insights/workbooks', variables('workbookContentId1'))]",
    "workbookTemplateSpecName1": "[concat(parameters('workspace'),'-wb-',uniquestring(variables('_workbookContentId1')))]",
    "_workbookContentId1": "[variables('workbookContentId1')]"
  },
  "resources": [
    {
      "type": "Microsoft.Resources/templateSpecs",
      "apiVersion": "2021-05-01",
      "name": "[variables('dataConnectorTemplateSpecName1')]",
      "location": "[parameters('workspace-location')]",
      "tags": {
        "hidden-sentinelWorkspaceId": "[variables('workspaceResourceId')]",
        "hidden-sentinelContentType": "DataConnector"
      },
      "properties": {
        "description": "OneIdentity data connector with template",
        "displayName": "OneIdentity template"
      }
    },
    {
      "type": "Microsoft.Resources/templateSpecs/versions",
      "apiVersion": "2021-05-01",
      "name": "[concat(variables('dataConnectorTemplateSpecName1'),'/',variables('dataConnectorVersion1'))]",
      "location": "[parameters('workspace-location')]",
      "tags": {
        "hidden-sentinelWorkspaceId": "[variables('workspaceResourceId')]",
        "hidden-sentinelContentType": "DataConnector"
      },
      "dependsOn": [
        "[resourceId('Microsoft.Resources/templateSpecs', variables('dataConnectorTemplateSpecName1'))]"
      ],
      "properties": {
        "description": "OneIdentity data connector with template version 2.0.0",
        "mainTemplate": {
          "$schema": "https://schema.management.azure.com/schemas/2019-04-01/deploymentTemplate.json#",
          "contentVersion": "[variables('dataConnectorVersion1')]",
          "parameters": {},
          "variables": {},
          "resources": [
            {
              "name": "[concat(parameters('workspace'),'/Microsoft.SecurityInsights/',variables('_dataConnectorContentId1'))]",
              "apiVersion": "2021-03-01-preview",
              "type": "Microsoft.OperationalInsights/workspaces/providers/dataConnectors",
              "location": "[parameters('workspace-location')]",
              "kind": "GenericUI",
              "properties": {
                "connectorUiConfig": {
                  "id": "[variables('_uiConfigId1')]",
                  "title": "One Identity Safeguard",
                  "publisher": "One Identity LLC.",
                  "logo": "OneIdentityCloud.svg",
                  "descriptionMarkdown": "The One Identity Safeguard (CEF) Sentinel data connector enhances the standard Common Event Format (CEF) connector with Safeguard for Privileged Sessions-specific dashboards. Use this connector to easily start utilizing the events generated by your device for visualization, alerts, investigations and more.",
                  "graphQueries": [
                    {
                      "metricName": "Total data received",
                      "legend": "One Identity LLC.",
                      "baseQuery": "\nCommonSecurityLog\n| where DeviceVendor == \"OneIdentity\" and DeviceProduct == \"SPS\"\n"
                    }
                  ],
                  "sampleQueries": [
                    {
                      "description": "All logs of the last 24 hours",
                      "query": "\nCommonSecurityLog\n| where DeviceVendor == \"OneIdentity\" and DeviceProduct == \"SPS\"\n\n            | where TimeGenerated > ago(1d) \n                | sort by TimeGenerated desc"
                    },
                    {
                      "description": "Safeguard for Privileged Sessions session count of the last 24 hours",
                      "query": "\nCommonSecurityLog\n| where DeviceVendor == \"OneIdentity\" and DeviceProduct == \"SPS\"\n\n            | where TimeGenerated > ago(1d) \n                | where DeviceCustomString1Label == \"Session ID\"\n                | summarize any(*) by DeviceCustomString1\n                | count"
                    },
                    {
                      "description": "Safeguard for Privileged Sessions session count by verdict (ACCEPT/DENY/AUTH_FAIL)",
                      "query": "\nCommonSecurityLog\n| where DeviceVendor == \"OneIdentity\" and DeviceProduct == \"SPS\"\n\n            | where TimeGenerated > ago(1d)\n            | where Activity == \"SessionClosed\"\n            | summarize count(DeviceCustomString2) by DeviceCustomString2"
                    },
                    {
                      "description": "Safeguard for Privileged Sessions session count by severity (if analytics is enabled)",
                      "query": "\nCommonSecurityLog\n| where DeviceVendor == \"OneIdentity\" and DeviceProduct == \"SPS\"\n\n            | where TimeGenerated > ago(1d)\n            | where DeviceCustomString1Label == \"Session ID\"\n            | summarize max(LogSeverity) by DeviceCustomString1\n            | summarize count(max_LogSeverity) by max_LogSeverity"
                    }
                  ],
                  "connectivityCriterias": [
                    {
                      "type": "IsConnectedQuery",
                      "value": [
                        "\nCommonSecurityLog\n| where DeviceVendor == \"OneIdentity\" and DeviceProduct == \"SPS\"\n\n            | summarize LastLogReceived = max(TimeGenerated)\n            | project IsConnected = LastLogReceived > ago(7d)"
                      ]
                    }
                  ],
                  "dataTypes": [
                    {
                      "name": "CommonSecurityLog (OneIdentity)",
                      "lastDataReceivedQuery": "\nCommonSecurityLog\n| where DeviceVendor == \"OneIdentity\" and DeviceProduct == \"SPS\"\n\n            | summarize Time = max(TimeGenerated)\n            | where isnotempty(Time)"
                    }
                  ],
                  "availability": {
                    "status": 1,
                    "isPreview": false
                  },
                  "permissions": {
                    "resourceProvider": [
                      {
                        "provider": "Microsoft.OperationalInsights/workspaces",
                        "permissionsDisplayText": "read and write permissions.",
                        "providerDisplayName": "Workspace",
                        "scope": "Workspace",
                        "requiredPermissions": {
                          "read": true,
                          "write": true,
                          "delete": true
                        }
                      },
                      {
                        "provider": "Microsoft.OperationalInsights/workspaces/sharedKeys",
                        "permissionsDisplayText": "read permissions to shared keys for the workspace. [See the documentation to learn more about workspace keys](https://docs.microsoft.com/azure/azure-monitor/platform/agent-windows#obtain-workspace-id-and-key).",
                        "providerDisplayName": "Keys",
                        "scope": "Workspace",
                        "requiredPermissions": {
                          "action": true
                        }
                      }
                    ]
                  },
                  "instructionSteps": [
                    {
                      "description": "Install and configure the Linux agent to collect your Common Event Format (CEF) Syslog messages and forward them to Microsoft Sentinel.\n\n> Notice that the data from all regions will be stored in the selected workspace",
                      "innerSteps": [
                        {
                          "title": "1.1 Select or create a Linux machine",
                          "description": "Select or create a Linux machine that Microsoft Sentinel will use as the proxy between your security solution and Microsoft Sentinel this machine can be on your on-prem environment, Azure or other clouds."
                        },
                        {
                          "title": "1.2 Install the CEF collector on the Linux machine",
                          "description": "Install the Microsoft Monitoring Agent on your Linux machine and configure the machine to listen on the necessary port and forward messages to your Microsoft Sentinel workspace. The CEF collector collects CEF messages on port 514 TCP.\n\n> 1. Make sure that you have Python on your machine using the following command: python --version.\n\n> 2. You must have elevated permissions (sudo) on your machine.",
                          "instructions": [
                            {
                              "parameters": {
                                "fillWith": [
                                  "WorkspaceId",
                                  "PrimaryKey"
                                ],
                                "label": "Run the following command to install and apply the CEF collector:",
                                "value": "sudo wget -O cef_installer.py https://raw.githubusercontent.com/Azure/Azure-Sentinel/master/DataConnectors/CEF/cef_installer.py&&sudo python cef_installer.py {0} {1}"
                              },
                              "type": "CopyableLabel"
                            }
                          ]
                        }
                      ],
                      "title": "1. Linux Syslog agent configuration"
                    },
                    {
                      "description": "Follow the [instructions in the Safeguard for Privileged Sessions Administration Guide](https://aka.ms/sentinel-cef-oneidentity-forwarding) in section \"Universal SIEM Forwarder\". Make sure to select the format \"CEF\".\n \nNote that by default there is no TLS security set up in the syslog on the Linux machine.",
                      "title": "2. Forward One Identity SafeGuard logs to Syslog agent"
                    },
                    {
                      "description": "Follow the instructions to validate your connectivity:\n\nOpen Log Analytics to check if the logs are received using the CommonSecurityLog schema.\n\n>It may take about 20 minutes until the connection streams data to your workspace.\n\nIf the logs are not received, run the following connectivity validation script:\n\n> 1. Make sure that you have Python on your machine using the following command: python --version\n\n>2. You must have elevated permissions (sudo) on your machine",
                      "instructions": [
                        {
                          "parameters": {
                            "fillWith": [
                              "WorkspaceId"
                            ],
                            "label": "Run the following command to validate your connectivity:",
                            "value": "sudo wget -O cef_troubleshoot.py https://raw.githubusercontent.com/Azure/Azure-Sentinel/master/DataConnectors/CEF/cef_troubleshoot.py&&sudo python cef_troubleshoot.py  {0}"
                          },
                          "type": "CopyableLabel"
                        }
                      ],
                      "title": "3. Validate connection"
                    },
                    {
                      "description": "Make sure to configure the machine's security according to your organization's security policy\n\n\n[Learn more >](https://aka.ms/SecureCEF)",
                      "title": "4. Secure your machine "
                    }
                  ],
                  "metadata": {
                    "id": "28fbac9c-1909-49bb-b5f3-c42250422414",
                    "version": "1.0.0",
                    "kind": "dataConnector",
                    "source": {
                      "kind": "community"
                    },
                    "author": {
                      "name": "One Identity"
                    },
                    "support": {
                      "name": "One Identity",
                      "link": "https://support.oneidentity.com/",
                      "tier": "developer"
                    }
                  }
                }
              }
            },
            {
              "type": "Microsoft.OperationalInsights/workspaces/providers/metadata",
              "apiVersion": "2022-01-01-preview",
              "name": "[concat(parameters('workspace'),'/Microsoft.SecurityInsights/',concat('DataConnector-', last(split(variables('_dataConnectorId1'),'/'))))]",
              "properties": {
                "parentId": "[extensionResourceId(resourceId('Microsoft.OperationalInsights/workspaces', parameters('workspace')), 'Microsoft.SecurityInsights/dataConnectors', variables('_dataConnectorContentId1'))]",
                "contentId": "[variables('_dataConnectorContentId1')]",
                "kind": "DataConnector",
                "version": "[variables('dataConnectorVersion1')]",
                "source": {
                  "kind": "Solution",
                  "name": "OneIdentity",
                  "sourceId": "[variables('_solutionId')]"
                },
                "author": {
                  "name": "One Identity"
                },
                "support": {
                  "name": "One Identity",
                  "tier": "Partner",
                  "link": "https://support.oneidentity.com/"
                }
              }
            }
          ]
        }
      }
    },
    {
      "type": "Microsoft.OperationalInsights/workspaces/providers/metadata",
      "apiVersion": "2022-01-01-preview",
      "name": "[concat(parameters('workspace'),'/Microsoft.SecurityInsights/',concat('DataConnector-', last(split(variables('_dataConnectorId1'),'/'))))]",
      "dependsOn": [
        "[variables('_dataConnectorId1')]"
      ],
      "properties": {
        "parentId": "[extensionResourceId(resourceId('Microsoft.OperationalInsights/workspaces', parameters('workspace')), 'Microsoft.SecurityInsights/dataConnectors', variables('_dataConnectorContentId1'))]",
        "contentId": "[variables('_dataConnectorContentId1')]",
        "kind": "DataConnector",
        "version": "[variables('dataConnectorVersion1')]",
        "source": {
          "kind": "Solution",
          "name": "OneIdentity",
          "sourceId": "[variables('_solutionId')]"
        },
        "author": {
          "name": "One Identity"
        },
        "support": {
          "name": "One Identity",
          "tier": "Partner",
          "link": "https://support.oneidentity.com/"
        }
      }
    },
    {
      "name": "[concat(parameters('workspace'),'/Microsoft.SecurityInsights/',variables('_dataConnectorContentId1'))]",
      "apiVersion": "2021-03-01-preview",
      "type": "Microsoft.OperationalInsights/workspaces/providers/dataConnectors",
      "location": "[parameters('workspace-location')]",
      "kind": "GenericUI",
      "properties": {
        "connectorUiConfig": {
          "title": "One Identity Safeguard",
          "publisher": "One Identity LLC.",
          "descriptionMarkdown": "The One Identity Safeguard (CEF) Sentinel data connector enhances the standard Common Event Format (CEF) connector with Safeguard for Privileged Sessions-specific dashboards. Use this connector to easily start utilizing the events generated by your device for visualization, alerts, investigations and more.",
          "graphQueries": [
            {
              "metricName": "Total data received",
              "legend": "One Identity LLC.",
              "baseQuery": "\nCommonSecurityLog\n| where DeviceVendor == \"OneIdentity\" and DeviceProduct == \"SPS\"\n"
            }
          ],
          "dataTypes": [
            {
              "name": "CommonSecurityLog (OneIdentity)",
              "lastDataReceivedQuery": "\nCommonSecurityLog\n| where DeviceVendor == \"OneIdentity\" and DeviceProduct == \"SPS\"\n\n            | summarize Time = max(TimeGenerated)\n            | where isnotempty(Time)"
            }
          ],
          "connectivityCriterias": [
            {
              "type": "IsConnectedQuery",
              "value": [
                "\nCommonSecurityLog\n| where DeviceVendor == \"OneIdentity\" and DeviceProduct == \"SPS\"\n\n            | summarize LastLogReceived = max(TimeGenerated)\n            | project IsConnected = LastLogReceived > ago(7d)"
              ]
            }
          ],
          "sampleQueries": [
            {
              "description": "All logs of the last 24 hours",
              "query": "\nCommonSecurityLog\n| where DeviceVendor == \"OneIdentity\" and DeviceProduct == \"SPS\"\n\n            | where TimeGenerated > ago(1d) \n                | sort by TimeGenerated desc"
            },
            {
              "description": "Safeguard for Privileged Sessions session count of the last 24 hours",
              "query": "\nCommonSecurityLog\n| where DeviceVendor == \"OneIdentity\" and DeviceProduct == \"SPS\"\n\n            | where TimeGenerated > ago(1d) \n                | where DeviceCustomString1Label == \"Session ID\"\n                | summarize any(*) by DeviceCustomString1\n                | count"
            },
            {
              "description": "Safeguard for Privileged Sessions session count by verdict (ACCEPT/DENY/AUTH_FAIL)",
              "query": "\nCommonSecurityLog\n| where DeviceVendor == \"OneIdentity\" and DeviceProduct == \"SPS\"\n\n            | where TimeGenerated > ago(1d)\n            | where Activity == \"SessionClosed\"\n            | summarize count(DeviceCustomString2) by DeviceCustomString2"
            },
            {
              "description": "Safeguard for Privileged Sessions session count by severity (if analytics is enabled)",
              "query": "\nCommonSecurityLog\n| where DeviceVendor == \"OneIdentity\" and DeviceProduct == \"SPS\"\n\n            | where TimeGenerated > ago(1d)\n            | where DeviceCustomString1Label == \"Session ID\"\n            | summarize max(LogSeverity) by DeviceCustomString1\n            | summarize count(max_LogSeverity) by max_LogSeverity"
            }
          ],
          "availability": {
            "status": 1,
            "isPreview": false
          },
          "permissions": {
            "resourceProvider": [
              {
                "provider": "Microsoft.OperationalInsights/workspaces",
                "permissionsDisplayText": "read and write permissions.",
                "providerDisplayName": "Workspace",
                "scope": "Workspace",
                "requiredPermissions": {
                  "read": true,
                  "write": true,
                  "delete": true
                }
              },
              {
                "provider": "Microsoft.OperationalInsights/workspaces/sharedKeys",
                "permissionsDisplayText": "read permissions to shared keys for the workspace. [See the documentation to learn more about workspace keys](https://docs.microsoft.com/azure/azure-monitor/platform/agent-windows#obtain-workspace-id-and-key).",
                "providerDisplayName": "Keys",
                "scope": "Workspace",
                "requiredPermissions": {
                  "action": true
                }
              }
            ]
          },
          "instructionSteps": [
            {
              "description": "Install and configure the Linux agent to collect your Common Event Format (CEF) Syslog messages and forward them to Microsoft Sentinel.\n\n> Notice that the data from all regions will be stored in the selected workspace",
              "innerSteps": [
                {
                  "title": "1.1 Select or create a Linux machine",
                  "description": "Select or create a Linux machine that Microsoft Sentinel will use as the proxy between your security solution and Microsoft Sentinel this machine can be on your on-prem environment, Azure or other clouds."
                },
                {
                  "title": "1.2 Install the CEF collector on the Linux machine",
                  "description": "Install the Microsoft Monitoring Agent on your Linux machine and configure the machine to listen on the necessary port and forward messages to your Microsoft Sentinel workspace. The CEF collector collects CEF messages on port 514 TCP.\n\n> 1. Make sure that you have Python on your machine using the following command: python --version.\n\n> 2. You must have elevated permissions (sudo) on your machine.",
                  "instructions": [
                    {
                      "parameters": {
                        "fillWith": [
                          "WorkspaceId",
                          "PrimaryKey"
                        ],
                        "label": "Run the following command to install and apply the CEF collector:",
                        "value": "sudo wget -O cef_installer.py https://raw.githubusercontent.com/Azure/Azure-Sentinel/master/DataConnectors/CEF/cef_installer.py&&sudo python cef_installer.py {0} {1}"
                      },
                      "type": "CopyableLabel"
                    }
                  ]
                }
              ],
              "title": "1. Linux Syslog agent configuration"
            },
            {
              "description": "Follow the [instructions in the Safeguard for Privileged Sessions Administration Guide](https://aka.ms/sentinel-cef-oneidentity-forwarding) in section \"Universal SIEM Forwarder\". Make sure to select the format \"CEF\".\n \nNote that by default there is no TLS security set up in the syslog on the Linux machine.",
              "title": "2. Forward One Identity SafeGuard logs to Syslog agent"
            },
            {
              "description": "Follow the instructions to validate your connectivity:\n\nOpen Log Analytics to check if the logs are received using the CommonSecurityLog schema.\n\n>It may take about 20 minutes until the connection streams data to your workspace.\n\nIf the logs are not received, run the following connectivity validation script:\n\n> 1. Make sure that you have Python on your machine using the following command: python --version\n\n>2. You must have elevated permissions (sudo) on your machine",
              "instructions": [
                {
                  "parameters": {
                    "fillWith": [
                      "WorkspaceId"
                    ],
                    "label": "Run the following command to validate your connectivity:",
                    "value": "sudo wget -O cef_troubleshoot.py https://raw.githubusercontent.com/Azure/Azure-Sentinel/master/DataConnectors/CEF/cef_troubleshoot.py&&sudo python cef_troubleshoot.py  {0}"
                  },
                  "type": "CopyableLabel"
                }
              ],
              "title": "3. Validate connection"
            },
            {
              "description": "Make sure to configure the machine's security according to your organization's security policy\n\n\n[Learn more >](https://aka.ms/SecureCEF)",
              "title": "4. Secure your machine "
            }
          ],
          "id": "[variables('_uiConfigId1')]"
        }
      }
    },
    {
      "type": "Microsoft.Resources/templateSpecs",
      "apiVersion": "2021-05-01",
      "name": "[variables('parserTemplateSpecName1')]",
      "location": "[parameters('workspace-location')]",
      "tags": {
        "hidden-sentinelWorkspaceId": "[variables('workspaceResourceId')]",
        "hidden-sentinelContentType": "Parser"
      },
      "properties": {
        "description": "OneIdentity_Safeguard Data Parser with template",
        "displayName": "OneIdentity_Safeguard Data Parser template"
      }
    },
    {
      "type": "Microsoft.Resources/templateSpecs/versions",
      "apiVersion": "2021-05-01",
      "name": "[concat(variables('parserTemplateSpecName1'),'/',variables('parserVersion1'))]",
      "location": "[parameters('workspace-location')]",
      "tags": {
        "hidden-sentinelWorkspaceId": "[variables('workspaceResourceId')]",
        "hidden-sentinelContentType": "Parser"
      },
      "dependsOn": [
        "[resourceId('Microsoft.Resources/templateSpecs', variables('parserTemplateSpecName1'))]"
      ],
      "properties": {
        "description": "OneIdentity_Safeguard Data Parser with template version 2.0.0",
        "mainTemplate": {
          "$schema": "https://schema.management.azure.com/schemas/2019-04-01/deploymentTemplate.json#",
          "contentVersion": "[variables('parserVersion1')]",
          "parameters": {},
          "variables": {},
          "resources": [
            {
              "name": "[variables('_parserName1')]",
              "apiVersion": "2020-08-01",
              "type": "Microsoft.OperationalInsights/workspaces/savedSearches",
              "location": "[parameters('workspace-location')]",
              "properties": {
                "eTag": "*",
                "displayName": "OneIdentity_Safeguard",
                "category": "Samples",
                "functionAlias": "OneIdentity_Safeguard",
                "query": "\nCommonSecurityLog \r\n| where DeviceVendor == \"OneIdentity\"\r\n| extend extensionData = split(AdditionalExtensions,\";\")\r\n| extend EventUserId = coalesce(\r\n                            column_ifexists(\"FieldDeviceCustomNumber1\", int(null)),\r\n                            DeviceCustomNumber1\r\n                        )\r\n| extend EventUserDisplayName = DeviceCustomString1\r\n| extend EventUserDomainName = DeviceCustomString2\r\n| extend AccessRequestType = DeviceCustomString3\r\n| extend AccountDistinguishedName = DeviceCustomString4\r\n| extend AccountDomainName = DeviceCustomString5\r\n| extend AccountId = coalesce(\r\n                            column_ifexists(\"FieldDeviceCustomNumber2\", int(null)),\r\n                            DeviceCustomNumber2\r\n                        )\r\n| extend AccountName = DeviceCustomString6\r\n| extend ApproverAccessRequestUri = extract(@\"(=)(\\S*)\",2,tostring(extensionData[9]))\r\n| extend AssetId = coalesce(\r\n                            column_ifexists(\"FieldDeviceCustomNumber3\", int(null)),\r\n                            DeviceCustomNumber3\r\n                        )\r\n| extend AssetName = extract(@\"(=)(\\S*)\",2,tostring(extensionData[12]))\r\n| extend AssetNetworkAddress = extract(@\"(=)(\\S*)\",2,tostring(extensionData[14]))\r\n| extend AssetPlatformType = extract(@\"(=)(\\S*)\",2,tostring(extensionData[16]))\r\n| extend Comment = extract(@\"(=)(\\S*)\",2,tostring(extensionData[18]))\r\n| extend DurationInMinutes = extract(@\"(=)(\\S*)\",2,tostring(extensionData[20]))\r\n| extend OfflineWorkflowMode = extract(@\"(=)(\\S*)\",2,tostring(extensionData[22]))\r\n| extend Reason =  coalesce(\r\n                            extract(@\"(=)(\\S*)\",2,tostring(extensionData[24])),                            \r\n                            column_ifexists(\"Reason\", \"\")\r\n                        )\r\n| extend ReasonCode = extract(@\"(=)(\\S*)\",2,tostring(extensionData[26]))\r\n| extend Requester = extract(@\"(=)(\\S*)\",2,tostring(extensionData[28]))\r\n| extend RequesterAccessRequestUri = extract(@\"(=)(\\S*)\",2,tostring(extensionData[30]))\r\n| project-away extensionData,AdditionalExtensions",
                "version": 1,
                "tags": [
                  {
                    "name": "description",
                    "value": "OneIdentity_Safeguard"
                  }
                ]
              }
            },
            {
              "type": "Microsoft.OperationalInsights/workspaces/providers/metadata",
              "apiVersion": "2022-01-01-preview",
              "name": "[concat(parameters('workspace'),'/Microsoft.SecurityInsights/',concat('Parser-', last(split(variables('_parserId1'),'/'))))]",
              "dependsOn": [
                "[variables('_parserName1')]"
              ],
              "properties": {
                "parentId": "[resourceId('Microsoft.OperationalInsights/workspaces/savedSearches', parameters('workspace'), variables('parserName1'))]",
                "contentId": "[variables('_parserContentId1')]",
                "kind": "Parser",
                "version": "[variables('parserVersion1')]",
                "source": {
                  "name": "OneIdentity",
                  "kind": "Solution",
                  "sourceId": "[variables('_solutionId')]"
                },
                "author": {
                  "name": "One Identity"
                },
                "support": {
                  "name": "One Identity",
                  "tier": "Partner",
                  "link": "https://support.oneidentity.com/"
                }
              }
            }
          ]
        }
      }
    },
    {
      "type": "Microsoft.OperationalInsights/workspaces/savedSearches",
      "apiVersion": "2021-06-01",
      "name": "[variables('_parserName1')]",
      "properties": {
        "eTag": "*",
        "displayName": "OneIdentity_Safeguard",
        "category": "Samples",
        "functionAlias": "OneIdentity_Safeguard",
        "query": "\nCommonSecurityLog \r\n| where DeviceVendor == \"OneIdentity\"\r\n| extend extensionData = split(AdditionalExtensions,\";\")\r\n| extend EventUserId = coalesce(\r\n                            column_ifexists(\"FieldDeviceCustomNumber1\", int(null)),\r\n                            DeviceCustomNumber1\r\n                        )\r\n| extend EventUserDisplayName = DeviceCustomString1\r\n| extend EventUserDomainName = DeviceCustomString2\r\n| extend AccessRequestType = DeviceCustomString3\r\n| extend AccountDistinguishedName = DeviceCustomString4\r\n| extend AccountDomainName = DeviceCustomString5\r\n| extend AccountId = coalesce(\r\n                            column_ifexists(\"FieldDeviceCustomNumber2\", int(null)),\r\n                            DeviceCustomNumber2\r\n                        )\r\n| extend AccountName = DeviceCustomString6\r\n| extend ApproverAccessRequestUri = extract(@\"(=)(\\S*)\",2,tostring(extensionData[9]))\r\n| extend AssetId = coalesce(\r\n                            column_ifexists(\"FieldDeviceCustomNumber3\", int(null)),\r\n                            DeviceCustomNumber3\r\n                        )\r\n| extend AssetName = extract(@\"(=)(\\S*)\",2,tostring(extensionData[12]))\r\n| extend AssetNetworkAddress = extract(@\"(=)(\\S*)\",2,tostring(extensionData[14]))\r\n| extend AssetPlatformType = extract(@\"(=)(\\S*)\",2,tostring(extensionData[16]))\r\n| extend Comment = extract(@\"(=)(\\S*)\",2,tostring(extensionData[18]))\r\n| extend DurationInMinutes = extract(@\"(=)(\\S*)\",2,tostring(extensionData[20]))\r\n| extend OfflineWorkflowMode = extract(@\"(=)(\\S*)\",2,tostring(extensionData[22]))\r\n| extend Reason =  coalesce(\r\n                            extract(@\"(=)(\\S*)\",2,tostring(extensionData[24])),                            \r\n                            column_ifexists(\"Reason\", \"\")\r\n                        )\r\n| extend ReasonCode = extract(@\"(=)(\\S*)\",2,tostring(extensionData[26]))\r\n| extend Requester = extract(@\"(=)(\\S*)\",2,tostring(extensionData[28]))\r\n| extend RequesterAccessRequestUri = extract(@\"(=)(\\S*)\",2,tostring(extensionData[30]))\r\n| project-away extensionData,AdditionalExtensions",
        "version": 1
      }
    },
    {
      "type": "Microsoft.OperationalInsights/workspaces/providers/metadata",
      "apiVersion": "2022-01-01-preview",
      "name": "[concat(parameters('workspace'),'/Microsoft.SecurityInsights/',concat('Parser-', last(split(variables('_parserId1'),'/'))))]",
      "dependsOn": [
        "[variables('_parserId1')]"
      ],
      "properties": {
        "parentId": "[resourceId('Microsoft.OperationalInsights/workspaces/savedSearches', parameters('workspace'), variables('parserName1'))]",
        "contentId": "[variables('_parserContentId1')]",
        "kind": "Parser",
        "version": "[variables('parserVersion1')]",
        "source": {
          "kind": "Solution",
          "name": "OneIdentity",
          "sourceId": "[variables('_solutionId')]"
        },
        "author": {
          "name": "One Identity"
        },
        "support": {
          "name": "One Identity",
          "tier": "Partner",
          "link": "https://support.oneidentity.com/"
        }
      }
    },
    {
      "type": "Microsoft.Resources/templateSpecs",
      "apiVersion": "2021-05-01",
      "name": "[variables('workbookTemplateSpecName1')]",
      "location": "[parameters('workspace-location')]",
      "tags": {
        "hidden-sentinelWorkspaceId": "[variables('workspaceResourceId')]",
        "hidden-sentinelContentType": "Workbook"
      },
      "properties": {
        "description": "OneIdentity Workbook with template",
        "displayName": "OneIdentity workbook template"
      }
    },
    {
      "type": "Microsoft.Resources/templateSpecs/versions",
      "apiVersion": "2021-05-01",
      "name": "[concat(variables('workbookTemplateSpecName1'),'/',variables('workbookVersion1'))]",
      "location": "[parameters('workspace-location')]",
      "tags": {
        "hidden-sentinelWorkspaceId": "[variables('workspaceResourceId')]",
        "hidden-sentinelContentType": "Workbook"
      },
      "dependsOn": [
        "[resourceId('Microsoft.Resources/templateSpecs', variables('workbookTemplateSpecName1'))]"
      ],
      "properties": {
        "description": "OneIdentityWorkbook Workbook with template version 2.0.0",
        "mainTemplate": {
          "$schema": "https://schema.management.azure.com/schemas/2019-04-01/deploymentTemplate.json#",
          "contentVersion": "[variables('workbookVersion1')]",
          "parameters": {},
          "variables": {},
          "resources": [
            {
              "type": "Microsoft.Insights/workbooks",
              "name": "[variables('workbookContentId1')]",
              "location": "[parameters('workspace-location')]",
              "kind": "shared",
              "apiVersion": "2021-08-01",
              "metadata": {
                "description": "This simple workbook gives an overview of sessions going through your SafeGuard for Privileged Sessions device."
              },
              "properties": {
                "displayName": "[parameters('workbook1-name')]",
                "serializedData": "{\"version\":\"Notebook/1.0\",\"items\":[{\"type\":1,\"content\":{\"json\":\"## One Identity Safeguard for Privileged Sessions\\n---\\n\\nThis simple workbook gives an overview of sessions going through your Safeguard for Privileged Sessions device.\\n\\n### Number of sessions generating events per hour\"},\"name\":\"text - 2\"},{\"type\":3,\"content\":{\"version\":\"KqlItem/1.0\",\"query\":\"CommonSecurityLog\\n| where DeviceVendor == \\\"OneIdentity\\\" and DeviceProduct == \\\"SPS\\\"\\n| where DeviceCustomString1Label == \\\"Session ID\\\"\\n| summarize count(TimeGenerated) by DeviceCustomString1, bin(TimeGenerated, 1d)\\n| summarize count() by bin(TimeGenerated, 1d)\\n\",\"size\":1,\"exportToExcelOptions\":\"visible\",\"timeContext\":{\"durationMs\":604800000},\"queryType\":0,\"resourceType\":\"microsoft.operationalinsights/workspaces\",\"visualization\":\"barchart\",\"gridSettings\":{\"formatters\":[{\"columnMatch\":\"Count\",\"formatter\":1,\"formatOptions\":{\"showIcon\":true}}],\"sortBy\":[{\"itemKey\":\"Count\",\"sortOrder\":1}],\"labelSettings\":[{\"columnId\":\"Count\",\"label\":\"Session Count of the last 24 hours\"}]},\"tileSettings\":{\"titleContent\":{\"formatter\":1,\"formatOptions\":{\"showIcon\":true}},\"subtitleContent\":{\"columnMatch\":\"Count\",\"formatter\":1,\"formatOptions\":{\"showIcon\":true}},\"showBorder\":false}},\"name\":\"query - 2\"},{\"type\":1,\"content\":{\"json\":\"### Number of sessions per severity per hour\\n\"},\"name\":\"text - 4\"},{\"type\":3,\"content\":{\"version\":\"KqlItem/1.0\",\"query\":\"CommonSecurityLog\\n| where DeviceVendor == \\\"OneIdentity\\\" and DeviceProduct == \\\"SPS\\\"\\n| where Activity == \\\"ServerConnect\\\" or Activity == \\\"SessionClosed\\\"\\n| where DeviceCustomString1Label == \\\"Session ID\\\"\\n| where TimeGenerated > ago(7d)\\n| summarize max(LogSeverity) by DeviceCustomString1, bin(TimeGenerated, 1h)\\n| summarize count() by max_LogSeverity, bin(TimeGenerated, 1h)\\n\\n\\n\\n\",\"size\":0,\"aggregation\":3,\"exportToExcelOptions\":\"visible\",\"queryType\":0,\"resourceType\":\"microsoft.operationalinsights/workspaces\",\"visualization\":\"barchart\"},\"name\":\"query - 3\"},{\"type\":1,\"content\":{\"json\":\"### Latest logs\"},\"name\":\"text - 5\"},{\"type\":3,\"content\":{\"version\":\"KqlItem/1.0\",\"query\":\"CommonSecurityLog\\n| where TimeGenerated > ago(1d)\\n| where DeviceVendor == \\\"OneIdentity\\\" and DeviceProduct == \\\"SPS\\\"\\n| sort by TimeGenerated desc\\n\",\"size\":0,\"exportToExcelOptions\":\"visible\",\"queryType\":0,\"resourceType\":\"microsoft.operationalinsights/workspaces\",\"visualization\":\"table\",\"gridSettings\":{\"formatters\":[{\"columnMatch\":\"TimeGenerated\",\"formatter\":0,\"formatOptions\":{\"showIcon\":true}},{\"columnMatch\":\"ReceiptTime\",\"formatter\":0,\"formatOptions\":{\"showIcon\":true}},{\"columnMatch\":\"DeviceVendor\",\"formatter\":0,\"formatOptions\":{\"showIcon\":true}},{\"columnMatch\":\"DeviceProduct\",\"formatter\":0,\"formatOptions\":{\"showIcon\":true}},{\"columnMatch\":\"DeviceEventClassID\",\"formatter\":0,\"formatOptions\":{\"showIcon\":true}},{\"columnMatch\":\"LogSeverity\",\"formatter\":0,\"formatOptions\":{\"showIcon\":true}},{\"columnMatch\":\"OriginalLogSeverity\",\"formatter\":0,\"formatOptions\":{\"showIcon\":true}},{\"columnMatch\":\"DeviceAction\",\"formatter\":0,\"formatOptions\":{\"showIcon\":true}},{\"columnMatch\":\"SimplifiedDeviceAction\",\"formatter\":0,\"formatOptions\":{\"showIcon\":true}},{\"columnMatch\":\"Computer\",\"formatter\":0,\"formatOptions\":{\"showIcon\":true}},{\"columnMatch\":\"CommunicationDirection\",\"formatter\":0,\"formatOptions\":{\"showIcon\":true}},{\"columnMatch\":\"DeviceFacility\",\"formatter\":0,\"formatOptions\":{\"showIcon\":true}},{\"columnMatch\":\"DestinationPort\",\"formatter\":0,\"formatOptions\":{\"showIcon\":true}},{\"columnMatch\":\"DestinationIP\",\"formatter\":0,\"formatOptions\":{\"showIcon\":true}},{\"columnMatch\":\"DeviceAddress\",\"formatter\":0,\"formatOptions\":{\"showIcon\":true}},{\"columnMatch\":\"DeviceName\",\"formatter\":0,\"formatOptions\":{\"showIcon\":true}},{\"columnMatch\":\"Message\",\"formatter\":0,\"formatOptions\":{\"showIcon\":true}},{\"columnMatch\":\"Protocol\",\"formatter\":0,\"formatOptions\":{\"showIcon\":true}},{\"columnMatch\":\"SourcePort\",\"formatter\":0,\"formatOptions\":{\"showIcon\":true}},{\"columnMatch\":\"SourceIP\",\"formatter\":0,\"formatOptions\":{\"showIcon\":true}},{\"columnMatch\":\"RemoteIP\",\"formatter\":0,\"formatOptions\":{\"showIcon\":true}},{\"columnMatch\":\"RemotePort\",\"formatter\":0,\"formatOptions\":{\"showIcon\":true}},{\"columnMatch\":\"MaliciousIP\",\"formatter\":0,\"formatOptions\":{\"showIcon\":true}},{\"columnMatch\":\"ThreatSeverity\",\"formatter\":0,\"formatOptions\":{\"showIcon\":true}},{\"columnMatch\":\"IndicatorThreatType\",\"formatter\":0,\"formatOptions\":{\"showIcon\":true}},{\"columnMatch\":\"ThreatDescription\",\"formatter\":0,\"formatOptions\":{\"showIcon\":true}},{\"columnMatch\":\"ThreatConfidence\",\"formatter\":0,\"formatOptions\":{\"showIcon\":true}},{\"columnMatch\":\"ReportReferenceLink\",\"formatter\":0,\"formatOptions\":{\"showIcon\":true}},{\"columnMatch\":\"MaliciousIPLongitude\",\"formatter\":0,\"formatOptions\":{\"showIcon\":true}},{\"columnMatch\":\"MaliciousIPLatitude\",\"formatter\":0,\"formatOptions\":{\"showIcon\":true}},{\"columnMatch\":\"MaliciousIPCountry\",\"formatter\":0,\"formatOptions\":{\"showIcon\":true}},{\"columnMatch\":\"DeviceVersion\",\"formatter\":0,\"formatOptions\":{\"showIcon\":true}},{\"columnMatch\":\"Activity\",\"formatter\":0,\"formatOptions\":{\"showIcon\":true}},{\"columnMatch\":\"ApplicationProtocol\",\"formatter\":0,\"formatOptions\":{\"showIcon\":true}},{\"columnMatch\":\"EventCount\",\"formatter\":0,\"formatOptions\":{\"showIcon\":true}},{\"columnMatch\":\"DestinationDnsDomain\",\"formatter\":0,\"formatOptions\":{\"showIcon\":true}},{\"columnMatch\":\"DestinationServiceName\",\"formatter\":0,\"formatOptions\":{\"showIcon\":true}},{\"columnMatch\":\"DestinationTranslatedAddress\",\"formatter\":0,\"formatOptions\":{\"showIcon\":true}},{\"columnMatch\":\"DestinationTranslatedPort\",\"formatter\":0,\"formatOptions\":{\"showIcon\":true}},{\"columnMatch\":\"DeviceDnsDomain\",\"formatter\":0,\"formatOptions\":{\"showIcon\":true}},{\"columnMatch\":\"DeviceExternalID\",\"formatter\":0,\"formatOptions\":{\"showIcon\":true}},{\"columnMatch\":\"DeviceInboundInterface\",\"formatter\":0,\"formatOptions\":{\"showIcon\":true}},{\"columnMatch\":\"DeviceNtDomain\",\"formatter\":0,\"formatOptions\":{\"showIcon\":true}},{\"columnMatch\":\"DeviceOutboundInterface\",\"formatter\":0,\"formatOptions\":{\"showIcon\":true}},{\"columnMatch\":\"DevicePayloadId\",\"formatter\":0,\"formatOptions\":{\"showIcon\":true}},{\"columnMatch\":\"ProcessName\",\"formatter\":0,\"formatOptions\":{\"showIcon\":true}},{\"columnMatch\":\"DeviceTranslatedAddress\",\"formatter\":0,\"formatOptions\":{\"showIcon\":true}},{\"columnMatch\":\"DestinationHostName\",\"formatter\":0,\"formatOptions\":{\"showIcon\":true}},{\"columnMatch\":\"DestinationMACAddress\",\"formatter\":0,\"formatOptions\":{\"showIcon\":true}},{\"columnMatch\":\"DestinationNTDomain\",\"formatter\":0,\"formatOptions\":{\"showIcon\":true}},{\"columnMatch\":\"DestinationProcessId\",\"formatter\":0,\"formatOptions\":{\"showIcon\":true}},{\"columnMatch\":\"DestinationUserPrivileges\",\"formatter\":0,\"formatOptions\":{\"showIcon\":true}},{\"columnMatch\":\"DestinationProcessName\",\"formatter\":0,\"formatOptions\":{\"showIcon\":true}},{\"columnMatch\":\"DeviceTimeZone\",\"formatter\":0,\"formatOptions\":{\"showIcon\":true}},{\"columnMatch\":\"DestinationUserID\",\"formatter\":0,\"formatOptions\":{\"showIcon\":true}},{\"columnMatch\":\"DestinationUserName\",\"formatter\":0,\"formatOptions\":{\"showIcon\":true}},{\"columnMatch\":\"DeviceMacAddress\",\"formatter\":0,\"formatOptions\":{\"showIcon\":true}},{\"columnMatch\":\"ProcessID\",\"formatter\":0,\"formatOptions\":{\"showIcon\":true}},{\"columnMatch\":\"ExternalID\",\"formatter\":0,\"formatOptions\":{\"showIcon\":true}},{\"columnMatch\":\"FileCreateTime\",\"formatter\":0,\"formatOptions\":{\"showIcon\":true}},{\"columnMatch\":\"FileHash\",\"formatter\":0,\"formatOptions\":{\"showIcon\":true}},{\"columnMatch\":\"FileID\",\"formatter\":0,\"formatOptions\":{\"showIcon\":true}},{\"columnMatch\":\"FileModificationTime\",\"formatter\":0,\"formatOptions\":{\"showIcon\":true}},{\"columnMatch\":\"FilePath\",\"formatter\":0,\"formatOptions\":{\"showIcon\":true}},{\"columnMatch\":\"FilePermission\",\"formatter\":0,\"formatOptions\":{\"showIcon\":true}},{\"columnMatch\":\"FileType\",\"formatter\":0,\"formatOptions\":{\"showIcon\":true}},{\"columnMatch\":\"FileName\",\"formatter\":0,\"formatOptions\":{\"showIcon\":true}},{\"columnMatch\":\"FileSize\",\"formatter\":0,\"formatOptions\":{\"showIcon\":true}},{\"columnMatch\":\"ReceivedBytes\",\"formatter\":0,\"formatOptions\":{\"showIcon\":true}},{\"columnMatch\":\"OldFileCreateTime\",\"formatter\":0,\"formatOptions\":{\"showIcon\":true}},{\"columnMatch\":\"OldFileHash\",\"formatter\":0,\"formatOptions\":{\"showIcon\":true}},{\"columnMatch\":\"OldFileID\",\"formatter\":0,\"formatOptions\":{\"showIcon\":true}},{\"columnMatch\":\"OldFileModificationTime\",\"formatter\":0,\"formatOptions\":{\"showIcon\":true}},{\"columnMatch\":\"OldFileName\",\"formatter\":0,\"formatOptions\":{\"showIcon\":true}},{\"columnMatch\":\"OldFilePath\",\"formatter\":0,\"formatOptions\":{\"showIcon\":true}},{\"columnMatch\":\"OldFilePermission\",\"formatter\":0,\"formatOptions\":{\"showIcon\":true}},{\"columnMatch\":\"OldFileSize\",\"formatter\":0,\"formatOptions\":{\"showIcon\":true}},{\"columnMatch\":\"OldFileType\",\"formatter\":0,\"formatOptions\":{\"showIcon\":true}},{\"columnMatch\":\"SentBytes\",\"formatter\":0,\"formatOptions\":{\"showIcon\":true}},{\"columnMatch\":\"RequestURL\",\"formatter\":0,\"formatOptions\":{\"showIcon\":true}},{\"columnMatch\":\"RequestClientApplication\",\"formatter\":0,\"formatOptions\":{\"showIcon\":true}},{\"columnMatch\":\"RequestContext\",\"formatter\":0,\"formatOptions\":{\"showIcon\":true}},{\"columnMatch\":\"RequestCookies\",\"formatter\":0,\"formatOptions\":{\"showIcon\":true}},{\"columnMatch\":\"RequestMethod\",\"formatter\":0,\"formatOptions\":{\"showIcon\":true}},{\"columnMatch\":\"SourceHostName\",\"formatter\":0,\"formatOptions\":{\"showIcon\":true}},{\"columnMatch\":\"SourceMACAddress\",\"formatter\":0,\"formatOptions\":{\"showIcon\":true}},{\"columnMatch\":\"SourceNTDomain\",\"formatter\":0,\"formatOptions\":{\"showIcon\":true}},{\"columnMatch\":\"SourceDnsDomain\",\"formatter\":0,\"formatOptions\":{\"showIcon\":true}},{\"columnMatch\":\"SourceServiceName\",\"formatter\":0,\"formatOptions\":{\"showIcon\":true}},{\"columnMatch\":\"SourceTranslatedAddress\",\"formatter\":0,\"formatOptions\":{\"showIcon\":true}},{\"columnMatch\":\"SourceTranslatedPort\",\"formatter\":0,\"formatOptions\":{\"showIcon\":true}},{\"columnMatch\":\"SourceProcessId\",\"formatter\":0,\"formatOptions\":{\"showIcon\":true}},{\"columnMatch\":\"SourceUserPrivileges\",\"formatter\":0,\"formatOptions\":{\"showIcon\":true}},{\"columnMatch\":\"SourceProcessName\",\"formatter\":0,\"formatOptions\":{\"showIcon\":true}},{\"columnMatch\":\"SourceUserID\",\"formatter\":0,\"formatOptions\":{\"showIcon\":true}},{\"columnMatch\":\"SourceUserName\",\"formatter\":0,\"formatOptions\":{\"showIcon\":true}},{\"columnMatch\":\"EventType\",\"formatter\":0,\"formatOptions\":{\"showIcon\":true}},{\"columnMatch\":\"DeviceCustomIPv6Address1\",\"formatter\":0,\"formatOptions\":{\"showIcon\":true}}]}},\"name\":\"query - 5\"}],\"fromTemplateId\":\"sentinel-OneIdentity\",\"$schema\":\"https://github.com/Microsoft/Application-Insights-Workbooks/blob/master/schema/workbook.json\"}\r\n",
                "version": "1.0",
                "sourceId": "[variables('workspaceResourceId')]",
                "category": "sentinel"
              }
            },
            {
              "type": "Microsoft.OperationalInsights/workspaces/providers/metadata",
              "apiVersion": "2022-01-01-preview",
              "name": "[concat(parameters('workspace'),'/Microsoft.SecurityInsights/',concat('Workbook-', last(split(variables('workbookId1'),'/'))))]",
              "properties": {
                "description": "@{workbookKey=OneIdentityWorkbook; logoFileName=oneIdentity_logo.svg; description=This simple workbook gives an overview of sessions going through your SafeGuard for Privileged Sessions device.; dataTypesDependencies=System.Object[]; dataConnectorsDependencies=System.Object[]; previewImagesFileNames=System.Object[]; version=1.0.0; title=One Identity; templateRelativePath=OneIdentity.json; subtitle=; provider=One Identity LLC.}.description",
                "parentId": "[variables('workbookId1')]",
                "contentId": "[variables('_workbookContentId1')]",
                "kind": "Workbook",
                "version": "[variables('workbookVersion1')]",
                "source": {
                  "kind": "Solution",
                  "name": "OneIdentity",
                  "sourceId": "[variables('_solutionId')]"
                },
                "author": {
                  "name": "One Identity"
                },
                "support": {
                  "name": "One Identity",
                  "tier": "Partner",
                  "link": "https://support.oneidentity.com/"
                },
                "dependencies": {
                  "operator": "AND",
                  "criteria": [
                    {
                      "contentId": "CommonSecurityLog",
                      "kind": "DataType"
                    },
                    {
                      "contentId": "OneIdentity",
                      "kind": "DataConnector"
                    }
                  ]
                }
              }
            }
          ]
        }
      }
    },
    {
      "type": "Microsoft.OperationalInsights/workspaces/providers/metadata",
      "apiVersion": "2022-01-01-preview",
      "properties": {
        "version": "2.0.0",
        "kind": "Solution",
        "contentSchemaVersion": "2.0.0",
        "contentId": "[variables('_solutionId')]",
        "parentId": "[variables('_solutionId')]",
        "source": {
          "kind": "Solution",
          "name": "OneIdentity",
          "sourceId": "[variables('_solutionId')]"
        },
        "author": {
          "name": "One Identity"
        },
        "support": {
          "name": "One Identity",
          "tier": "Partner",
          "link": "https://support.oneidentity.com/"
        },
        "dependencies": {
          "operator": "AND",
          "criteria": [
            {
              "kind": "DataConnector",
              "contentId": "[variables('_dataConnectorContentId1')]",
              "version": "[variables('dataConnectorVersion1')]"
            },
            {
              "kind": "Parser",
              "contentId": "[variables('_parserContentId1')]",
              "version": "[variables('parserVersion1')]"
            },
            {
              "kind": "Workbook",
              "contentId": "[variables('_workbookContentId1')]",
              "version": "[variables('workbookVersion1')]"
            }
          ]
        },
        "firstPublishDate": "2022-05-02",
        "providers": [
          "One Identity"
        ],
        "categories": {
          "domains": [
            "Security - Others"
          ]
        }
      },
      "name": "[concat(parameters('workspace'),'/Microsoft.SecurityInsights/', variables('_solutionId'))]"
    }
  ],
  "outputs": {}
}
