{
    "$schema": "https://schema.management.azure.com/schemas/2019-04-01/deploymentTemplate.json#",
    "contentVersion": "1.0.0.0",
    "parameters": {
        "location": {
            "type": "string",
            "minLength": 1,
            "defaultValue": "[resourceGroup().location]",
            "metadata": {
                "description": "Not used, but needed to pass arm-ttk test `Location-Should-Not-Be-Hardcoded`.  We instead use the `workspace-location` which is derived from the LA workspace"
            }
        },
        "workspace-location": {
            "type": "string",
            "defaultValue": "",
            "metadata": {
                "description": "[concat('Region to deploy solution resources -- separate from location selection',parameters('location'))]"
            }
        },
        "subscription": {
            "defaultValue": "[last(split(subscription().id, '/'))]",
            "type": "string",
            "metadata": {
                "description": "subscription id where Microsoft Sentinel is setup"
            }
        },
        "resourceGroupName": {
            "defaultValue": "[resourceGroup().name]",
            "type": "string",
            "metadata": {
                "description": "resource group name where Microsoft Sentinel is setup"
            }
        },
        "workspace": {
            "defaultValue": "",
            "type": "string",
            "metadata": {
                "description": "Workspace name for Log Analytics where Microsoft Sentinel is setup"
            }
        }
    },
    "variables": {
        "email": "support@microsoft.com",
        "_email": "[variables('email')]",
        "workspaceResourceId": "[resourceId('microsoft.OperationalInsights/Workspaces', parameters('workspace'))]",
        "_solutionName": "Palo Alto Prisma Cloud CWPP",
        "_solutionVersion": "3.0.0",
        "_solutionAuthor": "Microsoft",
        "_packageIcon": "icon icon icon icon",
        "solutionId": "azuresentinel.azure-sentinel-solution-prismacloudcompute",
        "_solutionId": "[variables('solutionId')]",
        "dataConnectorVersionConnectorDefinition": "1.0.0",
        "dataConnectorVersionConnections": "1.0.0",
        "_dataConnectorContentIdConnectorDefinition": "PaloAltoPrismaCloudCWPP",
        "dataConnectorTemplateNameConnectorDefinition": "[concat(parameters('workspace'),'-dc-',uniquestring(variables('_dataConnectorContentIdConnectorDefinition')))]",
        "_dataConnectorContentIdConnections": "PaloAltoPrismaCloudCWPPTemplateNameConnections",
        "dataConnectorTemplateNameConnections": "[concat(parameters('workspace'),'-dc-',uniquestring(variables('_dataConnectorContentIdConnections')))]",
        "_logAnalyticsTableId1": "PrismaCloudCompute_CL"
    },
    "resources": [
        {
            "type": "Microsoft.OperationalInsights/workspaces/providers/contentTemplates",
            "apiVersion": "2023-04-01-preview",
            "name": "[concat(parameters('workspace'),'/Microsoft.SecurityInsights/', variables('dataConnectorTemplateNameConnectorDefinition'), variables('dataConnectorVersionConnectorDefinition'))]",
            "location": "[parameters('workspace-location')]",
            "dependsOn": [
                "[extensionResourceId(resourceId('Microsoft.OperationalInsights/workspaces', parameters('workspace')), 'Microsoft.SecurityInsights/contentPackages', variables('_solutionId'))]"
            ],
            "properties": {
                "contentId": "[variables('_dataConnectorContentIdConnectorDefinition')]",
                "displayName": "[variables('_solutionName')]",
                "contentKind": "DataConnector",
                "mainTemplate": {
                    "$schema": "https://schema.management.azure.com/schemas/2019-04-01/deploymentTemplate.json#",
                    "contentVersion": "[variables('dataConnectorVersionConnectorDefinition')]",
                "parameters": {},
                "variables": {},
                    "resources": [
                        {
                            "name": "[concat(parameters('workspace'),'/Microsoft.SecurityInsights/',concat('DataConnector-', variables('_dataConnectorContentIdConnectorDefinition')))]",
                            "apiVersion": "2022-01-01-preview",
                            "type": "Microsoft.OperationalInsights/workspaces/providers/metadata",
                            "properties": {
                                "parentId": "[extensionResourceId(resourceId('Microsoft.OperationalInsights/workspaces', parameters('workspace')), 'Microsoft.SecurityInsights/dataConnectorDefinitions', variables('_dataConnectorContentIdConnectorDefinition'))]",
                                "contentId": "[variables('_dataConnectorContentIdConnectorDefinition')]",
                                "kind": "DataConnector",
                                "version": "[variables('dataConnectorVersionConnectorDefinition')]",
                                "source": {
                                    "sourceId": "[variables('_solutionId')]",
                                    "name": "[variables('_solutionName')]",
                                    "kind": "Solution"
                                },
                                "author": {
                                    "name": "[variables('_solutionAuthor')]"
                                },
                                "support": {
                                  "name": "Microsoft Corporation",
                                  "email": "support@microsoft.com",
                                  "tier": "Microsoft",
                                  "link": "https://support.microsoft.com/"
                                },
                                "dependencies": {
                                    "criteria": [
                                        {
                                            "version": "[variables('dataConnectorVersionConnections')]",
                                            "contentId": "[variables('_dataConnectorContentIdConnections')]",
                                            "kind": "ResourcesDataConnector"
                                        }
                                    ]
                                }
                            }
                        },
                        {
                            "name": "[concat(parameters('workspace'),'/Microsoft.SecurityInsights/',variables('_dataConnectorContentIdConnectorDefinition'))]",
                            "apiVersion": "2022-09-01-preview",
                            "type": "Microsoft.OperationalInsights/workspaces/providers/dataConnectorDefinitions",
                            "location": "[parameters('workspace-location')]",
                            "kind": "Customizable",
                            "properties": {
                                "connectorUiConfig": {
                                    "id": "[variables('_dataConnectorContentIdConnectorDefinition')]",
                                    "title": "Prisma Cloud Compute CWPP (using REST API)",
                                    "publisher": "Microsoft",
                                    "descriptionMarkdown": "The [Prisma Cloud Compute CWPP](https://prisma.pan.dev/api/cloud/cwpp/audits/#operation/get-audits-incidents) data connector allows you to connect to your Palo Alto Prisma Cloud CWPP instance and ingesting alerts into Microsoft Sentinel. The data connector is built on Microsoft Sentinel’s Codeless Connector Platform and uses the Prisma Cloud API to fetch security events and supports DCR-based [ingestion time transformations](https://docs.microsoft.com/azure/azure-monitor/logs/custom-logs-overview) that parses the received security event data into a custom columns so that queries don't need to parse it again, thus resulting in better performance.",
                                    "graphQueriesTableName": "PrismaCloudCompute_CL",
                                    "graphQueries": [
                                        {
                                            "metricName": "Total events received",
                                            "legend": "Prisma Compute Events",
                                            "baseQuery": "{{graphQueriesTableName}}"
                                        }
                                    ],
                                    "sampleQueries": [
                                        {
                                            "description": "Get Sample of Prisma Compute Events",
                                            "query": "{{graphQueriesTableName}}\n | take 10"
                                        },
                                        {
                                            "description": "Total Events by Event Type",
                                            "query": "{{graphQueriesTableName}}\n | summarize count() by EventOriginalType"
                                        }
                                    ],
                                    "dataTypes": [
                                        {
                                            "name": "{{graphQueriesTableName}}",
                                            "lastDataReceivedQuery": "{{graphQueriesTableName}}\n   | summarize Time = max(TimeGenerated)\n            | where isnotempty(Time)"
                                        }
                                    ],
                                    "connectivityCriteria": [
                                        {
                                            "type": "HasDataConnectors"
                                        }
                                    ],
                                    "availability": {
                                        "isPreview": false
                                    },
                                    "permissions": {
                                        "resourceProvider": [
                                            {
                                                "provider": "Microsoft.OperationalInsights/workspaces",
                                                "permissionsDisplayText": "Read and Write permissions are required.",
                                                "providerDisplayName": "Workspace",
                                                "scope": "Workspace",
                                                "requiredPermissions": {
                                                    "write": true,
                                                    "read": true,
                                                    "delete": true
                                                }
                                            },
                                            {
                                                "provider": "Microsoft.OperationalInsights/workspaces/sharedKeys",
                                                "permissionsDisplayText": "Read permissions to shared keys for the workspace are required. [See the documentation to learn more about workspace keys](https://docs.microsoft.com/azure/azure-monitor/platform/agent-windows#obtain-workspace-id-and-key)",
                                                "providerDisplayName": "Keys",
                                                "scope": "Workspace",
                                                "requiredPermissions": {
                                                    "action": true
                                                }
                                            }
                                        ],
                                        "customs": [
                                            {
                                                "name": "Palo Alto Prisma Cloud CWPP API Key",
                                                "description": "A Palo Alto Prisma Cloud CWPP Monitor API username and password is required. [See the documentation to learn more about Palo Alto Prisma Cloud CWPP SIEM API](https://github.com/Azure/Azure-Sentinel/blob/master/Solutions/Palo%20Alto%20Prisma%20Cloud%20CWPP/Data%20Connectors/readme.md)."
                                            }
                                        ]
                                    },
                                    "instructionSteps": [
                                        {
                                            "description": "To enable the Palo Alto Prisma Cloud CWPP Security Events for Microsoft Sentinel, provide the required information below and click on Connect.\n>",
                                            "instructions": [
                                                {
                                                    "type": "Textbox",
                                                    "parameters": {
                                                        "label": "Path to console",
                                                        "placeholder": "https://europe-west3.cloud.twistlock.com/{sasid}",
                                                        "type": "text",
                                                        "name": "domainname"
                                                    }
                                                },
                                                {
                                                    "type": "Textbox",
                                                    "parameters": {
                                                        "label": "Prisma Access Key (API)",
                                                        "placeholder": "Prisma Access Key (API)",
                                                        "type": "text",
                                                        "name": "username"
                                                    }
                                                },
                                                {
                                                    "type": "Textbox",
                                                    "parameters": {
                                                        "label": "Secret",
                                                        "placeholder": "Secret",
                                                        "type": "password",
                                                        "name": "password"
                                                    }
                                                },
                                                {
                                                    "parameters": {
                                                        "label": "toggle",
                                                        "name": "toggle"
                                                    },
                                                    "type": "ConnectionToggleButton"
                                                }
                                            ],
                                            "title": "Connect Prisma Cloud Compute CWPP Security Events to Microsoft Sentinel"
                                        }
                                    ]
                                }
                            }
                        },
                        {
                            "name": "PaloAltoPrismaCloudCWPP_DCR",
                            "apiVersion": "2021-09-01-preview",
                            "type": "Microsoft.Insights/dataCollectionRules",
                            "location": "[parameters('workspace-location')]",
                            "kind": null,
                            "properties": {
                                "streamDeclarations": {
                                    "Custom-PaloAltoPrismaCloudCWPP_IncidentsApi": {
                                        "columns": [
                                            {
                                                "name": "_id",
                                                "type": "string",
                                                "description": "_id value."
                                            },
                                            {
                                                "name": "time",
                                                "type": "datetime",
                                                "description": "The time at which the data was generated"
                                            },
                                            {
                                                "name": "fqdn",
                                                "type": "string",
                                                "description": "Fqdn."
                                            },
                                            {
                                                "name": "containerName",
                                                "type": "string",
                                                "description": "Container Name."
                                            },
                                            {
                                                "name": "containerID",
                                                "type": "string",
                                                "description": "Container Id."
                                            },
                                            {
                                                "name": "imageID",
                                                "type": "string",
                                                "description": "Image Id."
                                            },
                                            {
                                                "name": "profileID",
                                                "type": "string",
                                                "description": "Profile Id."
                                            },
                                            {
                                                "name": "accountID",
                                                "type": "string",
                                                "description": "Account Id."
                                            },
                                            {
                                                "name": "serialNum",
                                                "type": "int",
                                                "description": "Serial Number of event."
                                            },
                                            {
                                                "name": "acknowledged",
                                                "type": "boolean",
                                                "description": "Acknowledged or not."
                                            },
                                            {
                                                "name": "category",
                                                "type": "string",
                                                "description": "Describes the type of attack."
                                            },
                                            {
                                                "name": "type",
                                                "type": "string",
                                                "description": "The Type of resource."
                                            },
                                            {
                                                "name": "audits",
                                                "type": "dynamic",
                                                "description": "The audit information."
                                            },
                                            {
                                                "name": "collections",
                                                "type": "dynamic",
                                                "description": "The collection of resources."
                                            },
                                            {
                                                "name": "hostname",
                                                "type": "string",
                                                "description": "Name of the node initiated the alert."
                                            },
                                            {
                                                "name": "cluster",
                                                "type": "string",
                                                "description": "Name of the cluster the node belongs"
                                            },
                                            {
                                                "name": "imageName",
                                                "type": "string",
                                                "description": "Name of the image involved for the alert"
                                            },
                                            {
                                                "name": "namespace",
                                                "type": "string",
                                                "description": "This is the grouping of the nodes in a cluster."
                                            }
                                        ]
                                    }
                                },
                                "destinations": {
                                    "logAnalytics": [
                                        {
                                            "workspaceResourceId": "[variables('workspaceResourceId')]",
                                            "name": "clv2ws1"
                                        }
                                    ]
                                },
                                "dataFlows": [
                                    {
                                        "streams": [
                                            "Custom-PaloAltoPrismaCloudCWPP_IncidentsApi"
                                        ],
                                        "destinations": [
                                            "clv2ws1"
                                        ],
                                        "transformKql": "source \r\n| project-rename \r\n TimeGenerated = ['time'], PrismaId = _id, SerialNumber = serialNum, Acknowledged = acknowledged, Hostname = hostname, FQDN = fqdn, ContainerName = containerName, ContainerID = containerID, ImageName = imageName, ImageID = imageID, ProfileID = profileID, Namespace = namespace, Category = category, ResourceType = type, Audits = audits, Collections = collections, AccountID = accountID, Cluster = cluster",
                                        "outputStream": "Custom-PrismaCloudCompute_CL"
                                    }
                                ],
                                "dataCollectionEndpointId": "[concat('/subscriptions/',parameters('subscription'),'/resourceGroups/',parameters('resourceGroupName'),'/providers/Microsoft.Insights/dataCollectionEndpoints/',parameters('workspace'))]"
                            }
                        },
                        {
                            "name": "[variables('_logAnalyticsTableId1')]",
                            "apiVersion": "2021-03-01-privatepreview",
                            "type": "Microsoft.OperationalInsights/workspaces/tables",
                            "location": "[parameters('workspace-location')]",
                            "kind": null,
                            "properties": {
                                "schema": {
                                    "name": "[variables('_logAnalyticsTableId1')]",
                                    "columns": [
                                        {
                                            "name": "PrismaId",
                                            "type": "string",
                                            "description": "_id value."
                                        },
                                        {
                                            "name": "TimeGenerated",
                                            "type": "datetime",
                                            "isDefaultDisplay": true,
                                            "description": "The timestamp (UTC) reflecting the time in which the event was generated."
                                        },
                                        {
                                            "name": "FQDN",
                                            "type": "string",
                                            "description": "Fqdn."
                                        },
                                        {
                                            "name": "ContainerName",
                                            "type": "string",
                                            "description": "Container Name."
                                        },
                                        {
                                            "name": "ContainerID",
                                            "type": "string",
                                            "description": "Container Id."
                                        },
                                        {
                                            "name": "ImageID",
                                            "type": "string",
                                            "description": "Image Id."
                                        },
                                        {
                                            "name": "ProfileID",
                                            "type": "string",
                                            "description": "Profile Id."
                                        },
                                        {
                                            "name": "AccountID",
                                            "type": "string",
                                            "description": "Account Id."
                                        },
                                        {
                                            "name": "SerialNumber",
                                            "type": "int",
                                            "description": "Serial Number."
                                        },
                                        {
                                            "name": "Acknowledged",
                                            "type": "boolean",
                                            "description": "Acknowledged or not."
                                        },
                                        {
                                            "name": "Category",
                                            "type": "string",
                                            "description": "Describes the type of attack."
                                        },
                                        {
                                            "name": "ResourceType",
                                            "type": "string",
                                            "description": "The Type of resource."
                                        },
                                        {
                                            "name": "Audits",
                                            "type": "dynamic",
                                            "description": "The audit information."
                                        },
                                        {
                                            "name": "Collections",
                                            "type": "dynamic",
                                            "description": "The collection of resources."
                                        },
                                        {
                                            "name": "Hostname",
                                            "type": "string",
                                            "description": "Name of the node initiated the alert."
                                        },
                                        {
                                            "name": "Cluster",
                                            "type": "string",
                                            "description": "Name of the cluster the node belongs"
                                        },
                                        {
                                            "name": "ImageName",
                                            "type": "string",
                                            "description": "Name of the image involved for the alert"
                                        },
                                        {
                                            "name": "Namespace",
                                            "type": "string",
                                            "description": "This is the grouping of the nodes in a cluster."
                                        }
                                    ]
                                }
                            }
                        }
                    ]
                },
                "packageKind": "Solution",
                "packageVersion": "[variables('_solutionVersion')]",
                "packageName": "[variables('_solutionName')]",
                "contentProductId": "[concat(substring(variables('_solutionId'), 0, 50),'-','dc','-', uniqueString(concat(variables('_solutionId'),'-','DataConnector','-',variables('_dataConnectorContentIdConnectorDefinition'),'-', variables('dataConnectorVersionConnectorDefinition'))))]",
                "packageId": "[variables('_solutionId')]",
                "contentSchemaVersion": "3.0.0",
                "version": "[variables('_solutionVersion')]"
            }
        },
        {
            "name": "[concat(parameters('workspace'),'/Microsoft.SecurityInsights/',variables('_dataConnectorContentIdConnectorDefinition'))]",
            "apiVersion": "2022-09-01-preview",
            "type": "Microsoft.OperationalInsights/workspaces/providers/dataConnectorDefinitions",
            "location": "[parameters('workspace-location')]",
            "kind": "Customizable",
            "properties": {
                "connectorUiConfig": {
                    "id": "[variables('_dataConnectorContentIdConnectorDefinition')]",
                    "title": "Prisma Cloud Compute CWPP (using REST API)",
                    "publisher": "Microsoft",
                    "descriptionMarkdown": "The [Prisma Cloud Compute CWPP](https://prisma.pan.dev/api/cloud/cwpp/audits/#operation/get-audits-incidents) data connector allows you to connect to your Palo Alto Prisma Cloud CWPP instance and ingesting alerts into Microsoft Sentinel. The data connector is built on Microsoft Sentinel’s Codeless Connector Platform and uses the Prisma Cloud API to fetch security events and supports DCR-based [ingestion time transformations](https://docs.microsoft.com/azure/azure-monitor/logs/custom-logs-overview) that parses the received security event data into a custom columns so that queries don't need to parse it again, thus resulting in better performance.",
                    "graphQueriesTableName": "PrismaCloudCompute_CL",
                    "graphQueries": [
                        {
                            "metricName": "Total events received",
                            "legend": "Prisma Compute Events",
                            "baseQuery": "{{graphQueriesTableName}}"
                        }
                    ],
                    "sampleQueries": [
                        {
                            "description": "Get Sample of Prisma Compute Events",
                            "query": "{{graphQueriesTableName}}\n | take 10"
                        },
                        {
                            "description": "Total Events by Event Type",
                            "query": "{{graphQueriesTableName}}\n | summarize count() by EventOriginalType"
                        }
                    ],
                    "dataTypes": [
                        {
                            "name": "{{graphQueriesTableName}}",
                            "lastDataReceivedQuery": "{{graphQueriesTableName}}\n   | summarize Time = max(TimeGenerated)\n            | where isnotempty(Time)"
                        }
                    ],
                    "connectivityCriteria": [
                        {
                            "type": "HasDataConnectors"
                        }
                    ],
                    "availability": {
                        "isPreview": false
                    },
                    "permissions": {
                        "resourceProvider": [
                            {
                                "provider": "Microsoft.OperationalInsights/workspaces",
                                "permissionsDisplayText": "Read and Write permissions are required.",
                                "providerDisplayName": "Workspace",
                                "scope": "Workspace",
                                "requiredPermissions": {
                                    "write": true,
                                    "read": true,
                                    "delete": true
                                }
                            },
                            {
                                "provider": "Microsoft.OperationalInsights/workspaces/sharedKeys",
                                "permissionsDisplayText": "Read permissions to shared keys for the workspace are required. [See the documentation to learn more about workspace keys](https://docs.microsoft.com/azure/azure-monitor/platform/agent-windows#obtain-workspace-id-and-key)",
                                "providerDisplayName": "Keys",
                                "scope": "Workspace",
                                "requiredPermissions": {
                                    "action": true
                                }
                            }
                        ],
                        "customs": [
                            {
                                "name": "Palo Alto Prisma Cloud CWPP API Key",
                                "description": "A Palo Alto Prisma Cloud CWPP Monitor API username and password is required. [See the documentation to learn more about Palo Alto Prisma Cloud CWPP SIEM API](https://github.com/Azure/Azure-Sentinel/blob/master/Solutions/Palo%20Alto%20Prisma%20Cloud/Data%20Connectors/readme.md)."
                            }
                        ]
                    },
                    "instructionSteps": [
                        {
                            "description": "To enable the Palo Alto Prisma Cloud CWPP Security Events for Microsoft Sentinel, provide the required information below and click on Connect.\n>",
                            "instructions": [
                                {
                                    "type": "Textbox",
                                    "parameters": {
                                        "label": "Path to console",
                                        "placeholder": "https://europe-west3.cloud.twistlock.com/{sasid}",
                                        "type": "text",
                                        "name": "domainname"
                                    }
                                },
                                {
                                    "type": "Textbox",
                                    "parameters": {
                                        "label": "Prisma Access Key (API)",
                                        "placeholder": "Prisma Access Key (API)",
                                        "type": "text",
                                        "name": "username"
                                    }
                                },
                                {
                                    "type": "Textbox",
                                    "parameters": {
                                        "label": "Secret",
                                        "placeholder": "Secret",
                                        "type": "password",
                                        "name": "password"
                                    }
                                },
                                {
                                    "parameters": {
                                        "label": "toggle",
                                        "name": "toggle"
                                    },
                                    "type": "ConnectionToggleButton"
                                }
                            ],
                            "title": "Connect Prisma Cloud Compute CWPP Security Events to Microsoft Sentinel"
                        }
                    ]
                }
            }
        },
        {
            "name": "[concat(parameters('workspace'),'/Microsoft.SecurityInsights/',concat('DataConnector-', variables('_dataConnectorContentIdConnectorDefinition')))]",
            "apiVersion": "2022-01-01-preview",
            "type": "Microsoft.OperationalInsights/workspaces/providers/metadata",
            "properties": {
                "parentId": "[extensionResourceId(resourceId('Microsoft.OperationalInsights/workspaces', parameters('workspace')), 'Microsoft.SecurityInsights/dataConnectorDefinitions', variables('_dataConnectorContentIdConnectorDefinition'))]",
                "contentId": "[variables('_dataConnectorContentIdConnectorDefinition')]",
                "kind": "DataConnector",
                "version": "[variables('dataConnectorVersionConnectorDefinition')]",
                "source": {
                    "sourceId": "[variables('_solutionId')]",
                    "name": "[variables('_solutionName')]",
                    "kind": "Solution"
                },
                "author": {
                    "name": "[variables('_solutionAuthor')]"
                },
                "support": {
                    "name": "Microsoft Corporation",
                    "email": "support@microsoft.com",
                    "tier": "Microsoft",
                    "link": "https://support.microsoft.com/"
                },
                "dependencies": {
                    "criteria": [
                        {
                            "version": "[variables('dataConnectorVersionConnections')]",
                            "contentId": "[variables('_dataConnectorContentIdConnections')]",
                            "kind": "ResourcesDataConnector"
                        }
                    ]
                }
            }
        },
        {
            "type": "Microsoft.OperationalInsights/workspaces/providers/contentTemplates",
            "apiVersion": "2023-04-01-preview",
            "name": "[concat(parameters('workspace'),'/Microsoft.SecurityInsights/', variables('dataConnectorTemplateNameConnections'), variables('dataConnectorVersionConnections'))]",
            "location": "[parameters('workspace-location')]",
            "dependsOn": [
                "[extensionResourceId(resourceId('Microsoft.OperationalInsights/workspaces', parameters('workspace')), 'Microsoft.SecurityInsights/contentPackages', variables('_solutionId'))]"
            ],
            "properties": {
                "contentId": "[variables('_dataConnectorContentIdConnections')]",
                "displayName": "[concat(variables('_solutionName'), variables('dataConnectorTemplateNameConnections'))]",
                "contentKind": "ResourcesDataConnector",
                "mainTemplate": {
                    "$schema": "https://schema.management.azure.com/schemas/2019-04-01/deploymentTemplate.json#",
                    "contentVersion": "[variables('dataConnectorVersionConnections')]",
                    "parameters": {
                        "connectorDefinitionName": {
                            "defaultValue": "connectorDefinitionName",
                            "type": "string",
                            "minLength": 1
                        },
                        "workspace": {
                            "defaultValue": "[parameters('workspace')]",
                            "type": "string"
                        },
                        "dcrConfig": {
                            "defaultValue": {
                                "dataCollectionEndpoint": "data collection Endpoint",
                                "dataCollectionRuleImmutableId": "data collection rule immutableId"
                            },
                            "type": "object"
                        },
                        "domainname": {
                            "defaultValue": "domainname",
                            "type": "string",
                            "minLength": 1
                        },
                        "username": {
                            "defaultValue": "username",
                            "type": "string",
                            "minLength": 1
                        },
                        "password": {
                            "defaultValue": "password",
                            "type": "string",
                            "minLength": 1
                        }
                    },
                    "variables": {
                        "_dataConnectorContentIdConnections": "[variables('_dataConnectorContentIdConnections')]"
                    },
                    "resources": [
                        {
                            "name": "[concat(parameters('workspace'),'/Microsoft.SecurityInsights/',concat('DataConnector-', variables('_dataConnectorContentIdConnections')))]",
                            "apiVersion": "2022-01-01-preview",
                            "type": "Microsoft.OperationalInsights/workspaces/providers/metadata",
                            "properties": {
                                "parentId": "[extensionResourceId(resourceId('Microsoft.OperationalInsights/workspaces', parameters('workspace')), 'Microsoft.SecurityInsights/dataConnectors', variables('_dataConnectorContentIdConnections'))]",
                                "contentId": "[variables('_dataConnectorContentIdConnections')]",
                                "kind": "ResourcesDataConnector",
                                "version": "[variables('dataConnectorVersionConnections')]",
                                "source": {
                                    "sourceId": "[variables('_solutionId')]",
                                    "name": "[variables('_solutionName')]",
                                    "kind": "Solution"
                                },
                                "author": {
                                    "name": "[variables('_solutionAuthor')]"
                                },
                                "support": {
                                  "name": "Microsoft Corporation",
                                  "email": "support@microsoft.com",
                                  "tier": "Microsoft",
                                  "link": "https://support.microsoft.com/"
                                }
                            }
                        },
                        {
                            "name": "[concat(parameters('workspace'),'/Microsoft.SecurityInsights/', 'apiRequest')]",
                            "apiVersion": "2022-12-01-preview",
                            "type": "Microsoft.OperationalInsights/workspaces/providers/dataConnectors",
                            "location": "[parameters('workspace-location')]",
                            "kind": "RestApiPoller",
                            "properties": {
                                "connectorDefinitionName": "[[parameters('connectorDefinitionName')]",
                                "dataType": "PrismaCloudCompute_CL",
                                "dcrConfig": {
                                    "streamName": "Custom-PaloAltoPrismaCloudCWPP_IncidentsApi",
                                    "dataCollectionEndpoint": "[[parameters('dcrConfig').dataCollectionEndpoint]",
                                    "dataCollectionRuleImmutableId": "[[parameters('dcrConfig').dataCollectionRuleImmutableId]"
                                },
                                "auth": {
                                    "type": "Basic",
                                    "userName": "[[parameters('username')]",
                                    "password": "[[parameters('password')]"
                                },
                                "request": {
                                    "apiEndpoint": "[[concat(parameters('domainname'),'/api/v1/audits/incidents','?acknowledged=false')]",
                                    "rateLimitQPS": 10,
                                    "queryWindowInMin": 5,
                                    "httpMethod": "Get",
                                    "queryTimeFormat": "yyyy-MM-ddTHH:mm:ssZ",
                                    "startTimeAttributeName": "from",
                                    "endTimeAttributeName": "to",
                                    "retryCount": 3,
                                    "timeoutInSeconds": 60,
                                    "headers": {
                                        "Accept": "application/json",
                                        "User-Agent": "Scuba"
                                    },
                                    "queryParameters": {
                                        "sort": "time"
                                    }
                                },
                                "paging": {
                                    "pagingType": "Offset",
                                    "offsetParaName": "offset",
                                    "pageSizeParaName": "limit"
                                },
                                "response": {
                                    "eventsJsonPaths": [
                                        "$"
                                    ]
                                }
                            }
                        }
                    ]
                },
                "packageKind": "Solution",
                "packageVersion": "[variables('_solutionVersion')]",
                "packageName": "[variables('_solutionName')]",
                "contentProductId": "[concat(substring(variables('_solutionId'), 0, 50),'-','rdc','-', uniqueString(concat(variables('_solutionId'),'-','ResourcesDataConnector','-',variables('_dataConnectorContentIdConnections'),'-', variables('dataConnectorVersionConnections'))))]",
                "packageId": "[variables('_solutionId')]",
                "contentSchemaVersion": "3.0.0",
                "version": "[variables('_solutionVersion')]"
            }
        },
        {
            "type": "Microsoft.OperationalInsights/workspaces/providers/contentPackages",
            "name": "[concat(parameters('workspace'),'/Microsoft.SecurityInsights/', variables('_solutionId'))]",
            "location": "[parameters('workspace-location')]",
            "apiVersion": "2023-04-01-preview",
            "properties": {
                "version": "3.0.0",
                "kind": "Solution",
                "contentSchemaVersion": "3.0.0",
                "contentId": "[variables('_solutionId')]",
                "source": {
                    "kind": "Solution",
                    "name": "[variables('_solutionName')]",
                    "sourceId": "[variables('_solutionId')]"
                },
                "author": {
                    "name": "[variables('_solutionAuthor')]",
                    "email": "[variables('_email')]"
                },
                "support": {
                  "name": "Microsoft Corporation",
                  "email": "support@microsoft.com",
                  "tier": "Microsoft",
                  "link": "https://support.microsoft.com/"
                },
                "dependencies": {
                    "operator": "AND",
                    "criteria": [
                        {
                            "kind": "DataConnector",
                            "contentId": "[variables('_dataConnectorContentIdConnectorDefinition')]",
                            "version": "1.0.0"
                        }
                    ]
                },
                "firstPublishDate": "2022-06-24",
                "providers": [
                    "[variables('_solutionAuthor')]"
                ],
                "categories": {
                    "domains": [
                        "Cloud Provider"
                    ]
                },
                "contentKind": "Solution",
                "packageId": "[variables('_solutionId')]",
                "contentProductId": "[concat(substring(variables('_solutionId'), 0, 50),'-','sl','-', uniqueString(concat(variables('_solutionId'),'-','Solution','-',variables('_solutionId'),'-', variables('_solutionVersion'))))]",
                "displayName": "[variables('_solutionName')]",
                "publisherDisplayName": "[variables('_solutionId')]",
                "descriptionHtml": "<p><strong>Note:</strong> <em>There may be <a href=\"https://aka.ms/sentinelsolutionsknownissues\">known issues</a> pertaining to this Solution, please refer to them before installing.</em></p>\n<p>The <a href=\"https://prisma.pan.dev/api/cloud/cwpp/audits/#operation/get-audits-incidents\">Prisma Cloud Compute CWPP</a> solution for Microsoft Sentinel allows you to connect to your Palo Alto Prisma Cloud CWPP instance and ingest alerts into your Microsoft Sentinel workspace using the Prisma Cloud API.</p>\n<p><strong>Underlying Microsoft Technologies used:</strong></p>\n<p>This solution takes a dependency on the following technologies, and some of these dependencies either may be in Preview state or might result in additional ingestion or operational costs:</p>\n<ol type=\"a\">\n<li><a href=\"https://learn.microsoft.com/en-us/azure/sentinel/create-custom-connector#connect-with-the-codeless-connector-platform\">Codeless Connector Platform (CCP)</a></li>\n</ol>\n<p><strong>Data Connectors:</strong> 1</p>\n<p><a href=\"https://aka.ms/azuresentinel\">Learn more about Microsoft Sentinel</a> | <a href=\"https://aka.ms/azuresentinelsolutionsdoc\">Learn more about Solutions</a></p>\n",
                "icon": "[variables('_packageIcon')]"
            }
        }
    ]
}
