{
  "$schema": "https://schema.management.azure.com/schemas/2019-04-01/deploymentTemplate.json#",
  "contentVersion": "1.0.0.0",
  "metadata": {
    "author": "Microsoft - support@microsoft.com",
    "comments": "Solution template for Microsoft 365 Defender"
  },
  "parameters": {
    "location": {
      "type": "string",
      "minLength": 1,
      "defaultValue": "[resourceGroup().location]",
      "metadata": {
        "description": "Not used, but needed to pass arm-ttk test `Location-Should-Not-Be-Hardcoded`.  We instead use the `workspace-location` which is derived from the LA workspace"
      }
    },
    "workspace-location": {
      "type": "string",
      "defaultValue": "",
      "metadata": {
        "description": "[concat('Region to deploy solution resources -- separate from location selection',parameters('location'))]"
      }
    },
    "workspace": {
      "defaultValue": "",
      "type": "string",
      "metadata": {
        "description": "Workspace name for Log Analytics where Microsoft Sentinel is setup"
      }
    }
  },
  "variables": {
    "solutionId": "azuresentinel.azure-sentinel-solution-microsoft365defender",
    "_solutionId": "[variables('solutionId')]",
    "email": "support@microsoft.com",
    "_email": "[variables('email')]",
    "workspaceResourceId": "[resourceId('microsoft.OperationalInsights/Workspaces', parameters('workspace'))]",
    "uiConfigId1": "MicrosoftThreatProtection",
    "_uiConfigId1": "[variables('uiConfigId1')]",
    "dataConnectorContentId1": "MicrosoftThreatProtection",
    "_dataConnectorContentId1": "[variables('dataConnectorContentId1')]",
    "dataConnectorId1": "[extensionResourceId(resourceId('Microsoft.OperationalInsights/workspaces', parameters('workspace')), 'Microsoft.SecurityInsights/dataConnectors', variables('_dataConnectorContentId1'))]",
    "_dataConnectorId1": "[variables('dataConnectorId1')]",
    "dataConnectorTemplateSpecName1": "[concat(parameters('workspace'),'-dc-',uniquestring(variables('_dataConnectorContentId1')))]",
    "dataConnectorVersion1": "1.0.0",
    "analyticRuleVersion1": "1.0.0",
    "analyticRulecontentId1": "53e936c6-6c30-4d12-8343-b8a0456e8429",
    "_analyticRulecontentId1": "[variables('analyticRulecontentId1')]",
    "analyticRuleId1": "[resourceId('Microsoft.SecurityInsights/AlertRuleTemplates', variables('analyticRulecontentId1'))]",
    "analyticRuleTemplateSpecName1": "[concat(parameters('workspace'),'-ar-',uniquestring(variables('_analyticRulecontentId1')))]",
    "analyticRuleVersion2": "1.0.0",
    "analyticRulecontentId2": "1bf6e165-5e32-420e-ab4f-0da8558a8be2",
    "_analyticRulecontentId2": "[variables('analyticRulecontentId2')]",
    "analyticRuleId2": "[resourceId('Microsoft.SecurityInsights/AlertRuleTemplates', variables('analyticRulecontentId2'))]",
    "analyticRuleTemplateSpecName2": "[concat(parameters('workspace'),'-ar-',uniquestring(variables('_analyticRulecontentId2')))]",
    "analyticRuleVersion3": "1.0.1",
    "analyticRulecontentId3": "738702fd-0a66-42c7-8586-e30f0583f8fe",
    "_analyticRulecontentId3": "[variables('analyticRulecontentId3')]",
    "analyticRuleId3": "[resourceId('Microsoft.SecurityInsights/AlertRuleTemplates', variables('analyticRulecontentId3'))]",
    "analyticRuleTemplateSpecName3": "[concat(parameters('workspace'),'-ar-',uniquestring(variables('_analyticRulecontentId3')))]",
    "analyticRuleVersion4": "1.0.1",
    "analyticRulecontentId4": "ce1e7025-866c-41f3-9b08-ec170e05e73e",
    "_analyticRulecontentId4": "[variables('analyticRulecontentId4')]",
    "analyticRuleId4": "[resourceId('Microsoft.SecurityInsights/AlertRuleTemplates', variables('analyticRulecontentId4'))]",
    "analyticRuleTemplateSpecName4": "[concat(parameters('workspace'),'-ar-',uniquestring(variables('_analyticRulecontentId4')))]",
    "analyticRuleVersion5": "1.0.2",
    "analyticRulecontentId5": "a3c144f9-8051-47d4-ac29-ffb0c312c910",
    "_analyticRulecontentId5": "[variables('analyticRulecontentId5')]",
    "analyticRuleId5": "[resourceId('Microsoft.SecurityInsights/AlertRuleTemplates', variables('analyticRulecontentId5'))]",
    "analyticRuleTemplateSpecName5": "[concat(parameters('workspace'),'-ar-',uniquestring(variables('_analyticRulecontentId5')))]",
    "analyticRuleVersion6": "1.1.0",
    "analyticRulecontentId6": "b6685757-3ed1-4b05-a5bd-2cacadc86c2a",
    "_analyticRulecontentId6": "[variables('analyticRulecontentId6')]",
    "analyticRuleId6": "[resourceId('Microsoft.SecurityInsights/AlertRuleTemplates', variables('analyticRulecontentId6'))]",
    "analyticRuleTemplateSpecName6": "[concat(parameters('workspace'),'-ar-',uniquestring(variables('_analyticRulecontentId6')))]",
    "analyticRuleVersion7": "1.0.0",
    "analyticRulecontentId7": "1785d372-b9fe-4283-96a6-3a1d83cabfd1",
    "_analyticRulecontentId7": "[variables('analyticRulecontentId7')]",
    "analyticRuleId7": "[resourceId('Microsoft.SecurityInsights/AlertRuleTemplates', variables('analyticRulecontentId7'))]",
    "analyticRuleTemplateSpecName7": "[concat(parameters('workspace'),'-ar-',uniquestring(variables('_analyticRulecontentId7')))]",
    "analyticRuleVersion8": "1.0.0",
    "analyticRulecontentId8": "3bd33158-3f0b-47e3-a50f-7c20a1b88038",
    "_analyticRulecontentId8": "[variables('analyticRulecontentId8')]",
    "analyticRuleId8": "[resourceId('Microsoft.SecurityInsights/AlertRuleTemplates', variables('analyticRulecontentId8'))]",
    "analyticRuleTemplateSpecName8": "[concat(parameters('workspace'),'-ar-',uniquestring(variables('_analyticRulecontentId8')))]"
  },
  "resources": [
    {
      "type": "Microsoft.Resources/templateSpecs",
      "apiVersion": "2021-05-01",
      "name": "[variables('dataConnectorTemplateSpecName1')]",
      "location": "[parameters('workspace-location')]",
      "tags": {
        "hidden-sentinelWorkspaceId": "[variables('workspaceResourceId')]",
        "hidden-sentinelContentType": "DataConnector"
      },
      "properties": {
        "description": "Microsoft 365 Defender data connector with template",
        "displayName": "Microsoft 365 Defender template"
      }
    },
    {
      "type": "Microsoft.Resources/templateSpecs/versions",
      "apiVersion": "2021-05-01",
      "name": "[concat(variables('dataConnectorTemplateSpecName1'),'/',variables('dataConnectorVersion1'))]",
      "location": "[parameters('workspace-location')]",
      "tags": {
        "hidden-sentinelWorkspaceId": "[variables('workspaceResourceId')]",
        "hidden-sentinelContentType": "DataConnector"
      },
      "dependsOn": [
        "[resourceId('Microsoft.Resources/templateSpecs', variables('dataConnectorTemplateSpecName1'))]"
      ],
      "properties": {
        "description": "Microsoft 365 Defender data connector with template version 2.0.0",
        "mainTemplate": {
          "$schema": "https://schema.management.azure.com/schemas/2019-04-01/deploymentTemplate.json#",
          "contentVersion": "[variables('dataConnectorVersion1')]",
          "parameters": {},
          "variables": {},
          "resources": [
            {
              "name": "[concat(parameters('workspace'),'/Microsoft.SecurityInsights/',variables('_dataConnectorContentId1'))]",
              "apiVersion": "2021-03-01-preview",
              "type": "Microsoft.OperationalInsights/workspaces/providers/dataConnectors",
              "location": "[parameters('workspace-location')]",
              "kind": "StaticUI",
              "properties": {
                "connectorUiConfig": {
                  "id": "[variables('_uiConfigId1')]",
                  "title": "Microsoft 365 Defender",
                  "publisher": "Microsoft",
                  "descriptionMarkdown": "Microsoft 365 Defender​ is a unified, natively integrated, pre- and post-breach enterprise defense suite that protects endpoint, identity, email, and applications and helps you detect, prevent, investigate, and automatically respond to sophisticated threats.\n\nMicrosoft 365 Defender suite includes: \n- Microsoft Defender for Endpoint\n- Microsoft Defender for Identity\n- Microsoft Defender for Office 365\n- Threat & Vulnerability Management\n- Microsoft Defender for Cloud Apps",
                  "graphQueries": [
                    {
                      "metricName": "Total data received",
                      "legend": "Incidents",
                      "baseQuery": "SecurityIncident \n| where ProviderName == \"Microsoft 365 Defender\""
                    },
                    {
                      "metricName": "Total data received",
                      "legend": "Alerts",
                      "baseQuery": "SecurityAlert \n| where ProductName in(\"Microsoft Defender Advanced Threat Protection\",\"Office 365 Advanced Threat Protection\",\"Azure Advanced Threat Protection\",\"Microsoft Cloud App Security\",\"Microsoft 365 Defender\")"
                    },
                    {
                      "metricName": "Total data received",
                      "legend": "Endpoint Events",
                      "baseQuery": "DeviceEvents| union isfuzzy=true DeviceFileEvents| union isfuzzy=true DeviceImageLoadEvents| union isfuzzy=true DeviceInfo| union isfuzzy=true DeviceLogonEvents| union isfuzzy=true DeviceNetworkEvents| union isfuzzy=true DeviceNetworkInfo| union isfuzzy=true DeviceProcessEvents| union isfuzzy=true DeviceRegistryEvents| union isfuzzy=true DeviceFileCertificateInfo"
                    },
                    {
                      "metricName": "Total data received",
                      "legend": "Office Events",
                      "baseQuery": "EmailEvents| union isfuzzy=true EmailUrlInfo| union isfuzzy=true EmailAttachmentInfo| union isfuzzy=true EmailPostDeliveryEvents"
                    },
                    {
                      "metricName": "Total data received",
                      "legend": "Identity Events",
                      "baseQuery": "IdentityLogonEvents| union isfuzzy=true IdentityQueryEvents| union isfuzzy=true IdentityDirectoryEvents"
                    },
                    {
                      "metricName": "Total data received",
                      "legend": "Cloud app Events",
                      "baseQuery": "CloudAppEvents"
                    },
                    {
                      "metricName": "Total data received",
                      "legend": "Defender Alert Evidence",
                      "baseQuery": "AlertEvidence"
                    }
                  ],
                  "connectivityCriterias": [
                    {
                      "type": "SentinelKinds",
                      "value": [
                        "MicrosoftThreatProtection"
                      ]
                    },
                    {
                      "type": "IsConnectedQuery",
                      "value": [
                        "DeviceEvents\n            | summarize LastLogReceived = max(TimeGenerated)\n            | project IsConnected = LastLogReceived > ago(7d)",
                        "DeviceFileEvents\n            | summarize LastLogReceived = max(TimeGenerated)\n            | project IsConnected = LastLogReceived > ago(7d)",
                        "DeviceImageLoadEvents\n            | summarize LastLogReceived = max(TimeGenerated)\n            | project IsConnected = LastLogReceived > ago(7d)",
                        "DeviceInfo\n            | summarize LastLogReceived = max(TimeGenerated)\n            | project IsConnected = LastLogReceived > ago(7d)",
                        "DeviceLogonEvents\n            | summarize LastLogReceived = max(TimeGenerated)\n            | project IsConnected = LastLogReceived > ago(7d)",
                        "DeviceNetworkEvents\n            | summarize LastLogReceived = max(TimeGenerated)\n            | project IsConnected = LastLogReceived > ago(7d)",
                        "DeviceNetworkInfo\n            | summarize LastLogReceived = max(TimeGenerated)\n            | project IsConnected = LastLogReceived > ago(7d)",
                        "DeviceProcessEvents\n            | summarize LastLogReceived = max(TimeGenerated)\n            | project IsConnected = LastLogReceived > ago(7d)",
                        "DeviceRegistryEvents\n            | summarize LastLogReceived = max(TimeGenerated)\n            | project IsConnected = LastLogReceived > ago(7d)",
                        "DeviceFileCertificateInfo\n            | summarize LastLogReceived = max(TimeGenerated)\n            | project IsConnected = LastLogReceived > ago(7d)"
                      ]
                    },
                    {
                      "type": "IsConnectedQuery",
                      "value": [
                        "EmailEvents\n            | summarize LastLogReceived = max(TimeGenerated)\n            | project IsConnected = LastLogReceived > ago(7d)",
                        "EmailUrlInfo\n            | summarize LastLogReceived = max(TimeGenerated)\n            | project IsConnected = LastLogReceived > ago(7d)",
                        "EmailAttachmentInfo\n            | summarize LastLogReceived = max(TimeGenerated)\n            | project IsConnected = LastLogReceived > ago(7d)",
                        "EmailPostDeliveryEvents\n            | summarize LastLogReceived = max(TimeGenerated)\n            | project IsConnected = LastLogReceived > ago(7d)"
                      ]
                    },
                    {
                      "type": "IsConnectedQuery",
                      "value": [
                        "IdentityLogonEvents\n            | summarize LastLogReceived = max(TimeGenerated)\n            | project IsConnected = LastLogReceived > ago(7d)",
                        "IdentityQueryEvents\n            | summarize LastLogReceived = max(TimeGenerated)\n            | project IsConnected = LastLogReceived > ago(7d)",
                        "IdentityDirectoryEvents\n            | summarize LastLogReceived = max(TimeGenerated)\n            | project IsConnected = LastLogReceived > ago(7d)"
                      ]
                    },
                    {
                      "type": "IsConnectedQuery",
                      "value": [
                        "CloudAppEvents\n            | summarize LastLogReceived = max(TimeGenerated)\n            | project IsConnected = LastLogReceived > ago(7d)"
                      ]
                    },
                    {
                      "type": "IsConnectedQuery",
                      "value": [
                        "AlertEvidence\n            | summarize LastLogReceived = max(TimeGenerated)\n            | project IsConnected = LastLogReceived > ago(7d)"
                      ]
                    }
                  ],
                  "dataTypes": [
                    {
                      "name": "SecurityIncident",
                      "lastDataReceivedQuery": "SecurityIncident \n| where ProviderName == \"Microsoft 365 Defender\"\n            | summarize Time = max(TimeGenerated)\n            | where isnotempty(Time)"
                    },
                    {
                      "name": "SecurityAlert",
                      "lastDataReceivedQuery": "SecurityAlert \n| where ProductName in(\"Microsoft Defender Advanced Threat Protection\",\"Office 365 Advanced Threat Protection\",\"Azure Advanced Threat Protection\",\"Microsoft Cloud App Security\",\"Microsoft 365 Defender\")\n            | summarize Time = max(TimeGenerated)\n            | where isnotempty(Time)"
                    },
                    {
                      "name": "DeviceEvents",
                      "lastDataReceivedQuery": "DeviceEvents\n            | summarize Time = max(TimeGenerated)\n            | where isnotempty(Time)"
                    },
                    {
                      "name": "DeviceFileEvents",
                      "lastDataReceivedQuery": "DeviceFileEvents\n            | summarize Time = max(TimeGenerated)\n            | where isnotempty(Time)"
                    },
                    {
                      "name": "DeviceImageLoadEvents",
                      "lastDataReceivedQuery": "DeviceImageLoadEvents\n            | summarize Time = max(TimeGenerated)\n            | where isnotempty(Time)"
                    },
                    {
                      "name": "DeviceInfo",
                      "lastDataReceivedQuery": "DeviceInfo\n            | summarize Time = max(TimeGenerated)\n            | where isnotempty(Time)"
                    },
                    {
                      "name": "DeviceLogonEvents",
                      "lastDataReceivedQuery": "DeviceLogonEvents\n            | summarize Time = max(TimeGenerated)\n            | where isnotempty(Time)"
                    },
                    {
                      "name": "DeviceNetworkEvents",
                      "lastDataReceivedQuery": "DeviceNetworkEvents\n            | summarize Time = max(TimeGenerated)\n            | where isnotempty(Time)"
                    },
                    {
                      "name": "DeviceNetworkInfo",
                      "lastDataReceivedQuery": "DeviceNetworkInfo\n            | summarize Time = max(TimeGenerated)\n            | where isnotempty(Time)"
                    },
                    {
                      "name": "DeviceProcessEvents",
                      "lastDataReceivedQuery": "DeviceProcessEvents\n            | summarize Time = max(TimeGenerated)\n            | where isnotempty(Time)"
                    },
                    {
                      "name": "DeviceRegistryEvents",
                      "lastDataReceivedQuery": "DeviceRegistryEvents\n            | summarize Time = max(TimeGenerated)\n            | where isnotempty(Time)"
                    },
                    {
                      "name": "DeviceFileCertificateInfo",
                      "lastDataReceivedQuery": "DeviceFileCertificateInfo\n            | summarize Time = max(TimeGenerated)\n            | where isnotempty(Time)"
                    },
                    {
                      "name": "EmailEvents",
                      "lastDataReceivedQuery": "EmailEvents\n            | summarize Time = max(TimeGenerated)\n            | where isnotempty(Time)"
                    },
                    {
                      "name": "EmailUrlInfo",
                      "lastDataReceivedQuery": "EmailUrlInfo\n            | summarize Time = max(TimeGenerated)\n            | where isnotempty(Time)"
                    },
                    {
                      "name": "EmailAttachmentInfo",
                      "lastDataReceivedQuery": "EmailAttachmentInfo\n            | summarize Time = max(TimeGenerated)\n            | where isnotempty(Time)"
                    },
                    {
                      "name": "EmailPostDeliveryEvents",
                      "lastDataReceivedQuery": "EmailPostDeliveryEvents\n            | summarize Time = max(TimeGenerated)\n            | where isnotempty(Time)"
                    },
                    {
                      "name": "IdentityLogonEvents",
                      "lastDataReceivedQuery": "IdentityLogonEvents\n            | summarize Time = max(TimeGenerated)\n            | where isnotempty(Time)"
                    },
                    {
                      "name": "IdentityQueryEvents",
                      "lastDataReceivedQuery": "IdentityQueryEvents\n            | summarize Time = max(TimeGenerated)\n            | where isnotempty(Time)"
                    },
                    {
                      "name": "IdentityDirectoryEvents",
                      "lastDataReceivedQuery": "IdentityDirectoryEvents\n            | summarize Time = max(TimeGenerated)\n            | where isnotempty(Time)"
                    },
                    {
                      "name": "CloudAppEvents",
                      "lastDataReceivedQuery": "CloudAppEvents\n            | summarize Time = max(TimeGenerated)\n            | where isnotempty(Time)"
                    },
                    {
                      "name": "AlertEvidence",
                      "lastDataReceivedQuery": "AlertEvidence\n            | summarize Time = max(TimeGenerated)\n            | where isnotempty(Time)"
                    }
                  ]
                }
              }
            },
            {
              "type": "Microsoft.OperationalInsights/workspaces/providers/metadata",
              "apiVersion": "2022-01-01-preview",
              "name": "[concat(parameters('workspace'),'/Microsoft.SecurityInsights/',concat('DataConnector-', last(split(variables('_dataConnectorId1'),'/'))))]",
              "properties": {
                "parentId": "[extensionResourceId(resourceId('Microsoft.OperationalInsights/workspaces', parameters('workspace')), 'Microsoft.SecurityInsights/dataConnectors', variables('_dataConnectorContentId1'))]",
                "contentId": "[variables('_dataConnectorContentId1')]",
                "kind": "DataConnector",
                "version": "[variables('dataConnectorVersion1')]",
                "source": {
                  "kind": "Solution",
                  "name": "Microsoft 365 Defender",
                  "sourceId": "[variables('_solutionId')]"
                },
                "author": {
                  "name": "Microsoft",
                  "email": "[variables('_email')]"
                },
                "support": {
                  "name": "Microsoft Corporation",
                  "email": "support@microsoft.com",
                  "tier": "Microsoft",
                  "link": "https://support.microsoft.com"
                }
              }
            }
          ]
        }
      }
    },
    {
      "type": "Microsoft.OperationalInsights/workspaces/providers/metadata",
      "apiVersion": "2022-01-01-preview",
      "name": "[concat(parameters('workspace'),'/Microsoft.SecurityInsights/',concat('DataConnector-', last(split(variables('_dataConnectorId1'),'/'))))]",
      "dependsOn": [
        "[variables('_dataConnectorId1')]"
      ],
      "location": "[parameters('workspace-location')]",
      "properties": {
        "parentId": "[extensionResourceId(resourceId('Microsoft.OperationalInsights/workspaces', parameters('workspace')), 'Microsoft.SecurityInsights/dataConnectors', variables('_dataConnectorContentId1'))]",
        "contentId": "[variables('_dataConnectorContentId1')]",
        "kind": "DataConnector",
        "version": "[variables('dataConnectorVersion1')]",
        "source": {
          "kind": "Solution",
          "name": "Microsoft 365 Defender",
          "sourceId": "[variables('_solutionId')]"
        },
        "author": {
          "name": "Microsoft",
          "email": "[variables('_email')]"
        },
        "support": {
          "name": "Microsoft Corporation",
          "email": "support@microsoft.com",
          "tier": "Microsoft",
          "link": "https://support.microsoft.com"
        }
      }
    },
    {
      "name": "[concat(parameters('workspace'),'/Microsoft.SecurityInsights/',variables('_dataConnectorContentId1'))]",
      "apiVersion": "2021-03-01-preview",
      "type": "Microsoft.OperationalInsights/workspaces/providers/dataConnectors",
      "location": "[parameters('workspace-location')]",
      "kind": "StaticUI",
      "properties": {
        "connectorUiConfig": {
          "title": "Microsoft 365 Defender",
          "publisher": "Microsoft",
          "descriptionMarkdown": "Microsoft 365 Defender​ is a unified, natively integrated, pre- and post-breach enterprise defense suite that protects endpoint, identity, email, and applications and helps you detect, prevent, investigate, and automatically respond to sophisticated threats.\n\nMicrosoft 365 Defender suite includes: \n- Microsoft Defender for Endpoint\n- Microsoft Defender for Identity\n- Microsoft Defender for Office 365\n- Threat & Vulnerability Management\n- Microsoft Defender for Cloud Apps",
          "graphQueries": [
            {
              "metricName": "Total data received",
              "legend": "Incidents",
              "baseQuery": "SecurityIncident \n| where ProviderName == \"Microsoft 365 Defender\""
            },
            {
              "metricName": "Total data received",
              "legend": "Alerts",
              "baseQuery": "SecurityAlert \n| where ProductName in(\"Microsoft Defender Advanced Threat Protection\",\"Office 365 Advanced Threat Protection\",\"Azure Advanced Threat Protection\",\"Microsoft Cloud App Security\",\"Microsoft 365 Defender\")"
            },
            {
              "metricName": "Total data received",
              "legend": "Endpoint Events",
              "baseQuery": "DeviceEvents| union isfuzzy=true DeviceFileEvents| union isfuzzy=true DeviceImageLoadEvents| union isfuzzy=true DeviceInfo| union isfuzzy=true DeviceLogonEvents| union isfuzzy=true DeviceNetworkEvents| union isfuzzy=true DeviceNetworkInfo| union isfuzzy=true DeviceProcessEvents| union isfuzzy=true DeviceRegistryEvents| union isfuzzy=true DeviceFileCertificateInfo"
            },
            {
              "metricName": "Total data received",
              "legend": "Office Events",
              "baseQuery": "EmailEvents| union isfuzzy=true EmailUrlInfo| union isfuzzy=true EmailAttachmentInfo| union isfuzzy=true EmailPostDeliveryEvents"
            },
            {
              "metricName": "Total data received",
              "legend": "Identity Events",
              "baseQuery": "IdentityLogonEvents| union isfuzzy=true IdentityQueryEvents| union isfuzzy=true IdentityDirectoryEvents"
            },
            {
              "metricName": "Total data received",
              "legend": "Cloud app Events",
              "baseQuery": "CloudAppEvents"
            },
            {
              "metricName": "Total data received",
              "legend": "Defender Alert Evidence",
              "baseQuery": "AlertEvidence"
            }
          ],
          "dataTypes": [
            {
              "name": "SecurityIncident",
              "lastDataReceivedQuery": "SecurityIncident \n| where ProviderName == \"Microsoft 365 Defender\"\n            | summarize Time = max(TimeGenerated)\n            | where isnotempty(Time)"
            },
            {
              "name": "SecurityAlert",
              "lastDataReceivedQuery": "SecurityAlert \n| where ProductName in(\"Microsoft Defender Advanced Threat Protection\",\"Office 365 Advanced Threat Protection\",\"Azure Advanced Threat Protection\",\"Microsoft Cloud App Security\",\"Microsoft 365 Defender\")\n            | summarize Time = max(TimeGenerated)\n            | where isnotempty(Time)"
            },
            {
              "name": "DeviceEvents",
              "lastDataReceivedQuery": "DeviceEvents\n            | summarize Time = max(TimeGenerated)\n            | where isnotempty(Time)"
            },
            {
              "name": "DeviceFileEvents",
              "lastDataReceivedQuery": "DeviceFileEvents\n            | summarize Time = max(TimeGenerated)\n            | where isnotempty(Time)"
            },
            {
              "name": "DeviceImageLoadEvents",
              "lastDataReceivedQuery": "DeviceImageLoadEvents\n            | summarize Time = max(TimeGenerated)\n            | where isnotempty(Time)"
            },
            {
              "name": "DeviceInfo",
              "lastDataReceivedQuery": "DeviceInfo\n            | summarize Time = max(TimeGenerated)\n            | where isnotempty(Time)"
            },
            {
              "name": "DeviceLogonEvents",
              "lastDataReceivedQuery": "DeviceLogonEvents\n            | summarize Time = max(TimeGenerated)\n            | where isnotempty(Time)"
            },
            {
              "name": "DeviceNetworkEvents",
              "lastDataReceivedQuery": "DeviceNetworkEvents\n            | summarize Time = max(TimeGenerated)\n            | where isnotempty(Time)"
            },
            {
              "name": "DeviceNetworkInfo",
              "lastDataReceivedQuery": "DeviceNetworkInfo\n            | summarize Time = max(TimeGenerated)\n            | where isnotempty(Time)"
            },
            {
              "name": "DeviceProcessEvents",
              "lastDataReceivedQuery": "DeviceProcessEvents\n            | summarize Time = max(TimeGenerated)\n            | where isnotempty(Time)"
            },
            {
              "name": "DeviceRegistryEvents",
              "lastDataReceivedQuery": "DeviceRegistryEvents\n            | summarize Time = max(TimeGenerated)\n            | where isnotempty(Time)"
            },
            {
              "name": "DeviceFileCertificateInfo",
              "lastDataReceivedQuery": "DeviceFileCertificateInfo\n            | summarize Time = max(TimeGenerated)\n            | where isnotempty(Time)"
            },
            {
              "name": "EmailEvents",
              "lastDataReceivedQuery": "EmailEvents\n            | summarize Time = max(TimeGenerated)\n            | where isnotempty(Time)"
            },
            {
              "name": "EmailUrlInfo",
              "lastDataReceivedQuery": "EmailUrlInfo\n            | summarize Time = max(TimeGenerated)\n            | where isnotempty(Time)"
            },
            {
              "name": "EmailAttachmentInfo",
              "lastDataReceivedQuery": "EmailAttachmentInfo\n            | summarize Time = max(TimeGenerated)\n            | where isnotempty(Time)"
            },
            {
              "name": "EmailPostDeliveryEvents",
              "lastDataReceivedQuery": "EmailPostDeliveryEvents\n            | summarize Time = max(TimeGenerated)\n            | where isnotempty(Time)"
            },
            {
              "name": "IdentityLogonEvents",
              "lastDataReceivedQuery": "IdentityLogonEvents\n            | summarize Time = max(TimeGenerated)\n            | where isnotempty(Time)"
            },
            {
              "name": "IdentityQueryEvents",
              "lastDataReceivedQuery": "IdentityQueryEvents\n            | summarize Time = max(TimeGenerated)\n            | where isnotempty(Time)"
            },
            {
              "name": "IdentityDirectoryEvents",
              "lastDataReceivedQuery": "IdentityDirectoryEvents\n            | summarize Time = max(TimeGenerated)\n            | where isnotempty(Time)"
            },
            {
              "name": "CloudAppEvents",
              "lastDataReceivedQuery": "CloudAppEvents\n            | summarize Time = max(TimeGenerated)\n            | where isnotempty(Time)"
            },
            {
              "name": "AlertEvidence",
              "lastDataReceivedQuery": "AlertEvidence\n            | summarize Time = max(TimeGenerated)\n            | where isnotempty(Time)"
            }
          ],
          "connectivityCriterias": [
            {
              "type": "SentinelKinds",
              "value": [
                "MicrosoftThreatProtection"
              ]
            },
            {
              "type": "IsConnectedQuery",
              "value": [
                "DeviceEvents\n            | summarize LastLogReceived = max(TimeGenerated)\n            | project IsConnected = LastLogReceived > ago(7d)",
                "DeviceFileEvents\n            | summarize LastLogReceived = max(TimeGenerated)\n            | project IsConnected = LastLogReceived > ago(7d)",
                "DeviceImageLoadEvents\n            | summarize LastLogReceived = max(TimeGenerated)\n            | project IsConnected = LastLogReceived > ago(7d)",
                "DeviceInfo\n            | summarize LastLogReceived = max(TimeGenerated)\n            | project IsConnected = LastLogReceived > ago(7d)",
                "DeviceLogonEvents\n            | summarize LastLogReceived = max(TimeGenerated)\n            | project IsConnected = LastLogReceived > ago(7d)",
                "DeviceNetworkEvents\n            | summarize LastLogReceived = max(TimeGenerated)\n            | project IsConnected = LastLogReceived > ago(7d)",
                "DeviceNetworkInfo\n            | summarize LastLogReceived = max(TimeGenerated)\n            | project IsConnected = LastLogReceived > ago(7d)",
                "DeviceProcessEvents\n            | summarize LastLogReceived = max(TimeGenerated)\n            | project IsConnected = LastLogReceived > ago(7d)",
                "DeviceRegistryEvents\n            | summarize LastLogReceived = max(TimeGenerated)\n            | project IsConnected = LastLogReceived > ago(7d)",
                "DeviceFileCertificateInfo\n            | summarize LastLogReceived = max(TimeGenerated)\n            | project IsConnected = LastLogReceived > ago(7d)"
              ]
            },
            {
              "type": "IsConnectedQuery",
              "value": [
                "EmailEvents\n            | summarize LastLogReceived = max(TimeGenerated)\n            | project IsConnected = LastLogReceived > ago(7d)",
                "EmailUrlInfo\n            | summarize LastLogReceived = max(TimeGenerated)\n            | project IsConnected = LastLogReceived > ago(7d)",
                "EmailAttachmentInfo\n            | summarize LastLogReceived = max(TimeGenerated)\n            | project IsConnected = LastLogReceived > ago(7d)",
                "EmailPostDeliveryEvents\n            | summarize LastLogReceived = max(TimeGenerated)\n            | project IsConnected = LastLogReceived > ago(7d)"
              ]
            },
            {
              "type": "IsConnectedQuery",
              "value": [
                "IdentityLogonEvents\n            | summarize LastLogReceived = max(TimeGenerated)\n            | project IsConnected = LastLogReceived > ago(7d)",
                "IdentityQueryEvents\n            | summarize LastLogReceived = max(TimeGenerated)\n            | project IsConnected = LastLogReceived > ago(7d)",
                "IdentityDirectoryEvents\n            | summarize LastLogReceived = max(TimeGenerated)\n            | project IsConnected = LastLogReceived > ago(7d)"
              ]
            },
            {
              "type": "IsConnectedQuery",
              "value": [
                "CloudAppEvents\n            | summarize LastLogReceived = max(TimeGenerated)\n            | project IsConnected = LastLogReceived > ago(7d)"
              ]
            },
            {
              "type": "IsConnectedQuery",
              "value": [
                "AlertEvidence\n            | summarize LastLogReceived = max(TimeGenerated)\n            | project IsConnected = LastLogReceived > ago(7d)"
              ]
            }
          ],
          "id": "[variables('_uiConfigId1')]"
        }
      }
    },
    {
      "type": "Microsoft.Resources/templateSpecs",
      "apiVersion": "2021-05-01",
      "name": "[variables('analyticRuleTemplateSpecName1')]",
      "location": "[parameters('workspace-location')]",
      "tags": {
        "hidden-sentinelWorkspaceId": "[variables('workspaceResourceId')]",
        "hidden-sentinelContentType": "AnalyticsRule"
      },
      "properties": {
        "description": "Microsoft 365 Defender Analytics Rule 1 with template",
        "displayName": "Microsoft 365 Defender Analytics Rule template"
      }
    },
    {
      "type": "Microsoft.Resources/templateSpecs/versions",
      "apiVersion": "2021-05-01",
      "name": "[concat(variables('analyticRuleTemplateSpecName1'),'/',variables('analyticRuleVersion1'))]",
      "location": "[parameters('workspace-location')]",
      "tags": {
        "hidden-sentinelWorkspaceId": "[variables('workspaceResourceId')]",
        "hidden-sentinelContentType": "AnalyticsRule"
      },
      "dependsOn": [
        "[resourceId('Microsoft.Resources/templateSpecs', variables('analyticRuleTemplateSpecName1'))]"
      ],
      "properties": {
        "description": "SUNSPOTHashes_AnalyticalRules Analytics Rule with template version 2.0.0",
        "mainTemplate": {
          "$schema": "https://schema.management.azure.com/schemas/2019-04-01/deploymentTemplate.json#",
          "contentVersion": "[variables('analyticRuleVersion1')]",
          "parameters": {},
          "variables": {},
          "resources": [
            {
              "type": "Microsoft.SecurityInsights/AlertRuleTemplates",
              "name": "[variables('AnalyticRulecontentId1')]",
              "apiVersion": "2022-04-01-preview",
              "kind": "Scheduled",
              "location": "[parameters('workspace-location')]",
              "properties": {
                "description": "This query uses Microsoft Defender for Endpoint data to look for IoCs associated with the SUNSPOT malware shared by Crowdstrike.\nMore details: \n  - https://www.crowdstrike.com/blog/sunspot-malware-technical-analysis/ \n  - https://techcommunity.microsoft.com/t5/azure-sentinel/monitoring-your-software-build-process-with-azure-sentinel/ba-p/2140807",
                "displayName": "SUNSPOT malware hashes",
                "enabled": false,
                "query": "let SUNSPOT_Hashes = dynamic([\"c45c9bda8db1d470f1fd0dcc346dc449839eb5ce9a948c70369230af0b3ef168\", \"0819db19be479122c1d48743e644070a8dc9a1c852df9a8c0dc2343e904da389\"]);\nunion isfuzzy=true(\nDeviceEvents\n| where InitiatingProcessSHA256 in (SUNSPOT_Hashes)),\n(DeviceImageLoadEvents\n| where InitiatingProcessSHA256 in (SUNSPOT_Hashes))\n| extend HostCustomEntity = DeviceName, timestamp=TimeGenerated\n",
                "queryFrequency": "P1D",
                "queryPeriod": "P1D",
                "severity": "Medium",
                "suppressionDuration": "PT1H",
                "suppressionEnabled": false,
                "triggerOperator": "GreaterThan",
                "triggerThreshold": 0,
                "status": "Available",
                "requiredDataConnectors": [
                  {
                    "connectorId": "MicrosoftThreatProtection",
                    "dataTypes": [
                      "DeviceImageLoadEvents",
                      "DeviceEvents"
                    ]
                  }
                ],
                "tactics": [
                  "Persistence"
                ],
                "entityMappings": [
                  {
                    "fieldMappings": [
                      {
                        "identifier": "FullName",
                        "columnName": "HostCustomEntity"
                      }
                    ],
                    "entityType": "Host"
                  }
                ]
              }
            },
            {
              "type": "Microsoft.OperationalInsights/workspaces/providers/metadata",
              "apiVersion": "2022-01-01-preview",
              "name": "[concat(parameters('workspace'),'/Microsoft.SecurityInsights/',concat('AnalyticsRule-', last(split(variables('analyticRuleId1'),'/'))))]",
              "properties": {
                "description": "Microsoft 365 Defender Analytics Rule 1",
                "parentId": "[variables('analyticRuleId1')]",
                "contentId": "[variables('_analyticRulecontentId1')]",
                "kind": "AnalyticsRule",
                "version": "[variables('analyticRuleVersion1')]",
                "source": {
                  "kind": "Solution",
                  "name": "Microsoft 365 Defender",
                  "sourceId": "[variables('_solutionId')]"
                },
                "author": {
                  "name": "Microsoft",
                  "email": "[variables('_email')]"
                },
                "support": {
                  "name": "Microsoft Corporation",
                  "email": "support@microsoft.com",
                  "tier": "Microsoft",
                  "link": "https://support.microsoft.com"
                }
              }
            }
          ]
        }
      }
    },
    {
      "type": "Microsoft.Resources/templateSpecs",
      "apiVersion": "2021-05-01",
      "name": "[variables('analyticRuleTemplateSpecName2')]",
      "location": "[parameters('workspace-location')]",
      "tags": {
        "hidden-sentinelWorkspaceId": "[variables('workspaceResourceId')]",
        "hidden-sentinelContentType": "AnalyticsRule"
      },
      "properties": {
        "description": "Microsoft 365 Defender Analytics Rule 2 with template",
        "displayName": "Microsoft 365 Defender Analytics Rule template"
      }
    },
    {
      "type": "Microsoft.Resources/templateSpecs/versions",
      "apiVersion": "2021-05-01",
      "name": "[concat(variables('analyticRuleTemplateSpecName2'),'/',variables('analyticRuleVersion2'))]",
      "location": "[parameters('workspace-location')]",
      "tags": {
        "hidden-sentinelWorkspaceId": "[variables('workspaceResourceId')]",
        "hidden-sentinelContentType": "AnalyticsRule"
      },
      "dependsOn": [
        "[resourceId('Microsoft.Resources/templateSpecs', variables('analyticRuleTemplateSpecName2'))]"
      ],
      "properties": {
        "description": "PotentialBuildProcessCompromiseMDE_AnalyticalRules Analytics Rule with template version 2.0.0",
        "mainTemplate": {
          "$schema": "https://schema.management.azure.com/schemas/2019-04-01/deploymentTemplate.json#",
          "contentVersion": "[variables('analyticRuleVersion2')]",
          "parameters": {},
          "variables": {},
          "resources": [
            {
              "type": "Microsoft.SecurityInsights/AlertRuleTemplates",
              "name": "[variables('AnalyticRulecontentId2')]",
              "apiVersion": "2022-04-01-preview",
              "kind": "Scheduled",
              "location": "[parameters('workspace-location')]",
              "properties": {
                "description": "The query looks for source code files being modified immediately after a build process is started. The purpose of this is to look for malicious code injection during the build process. This query uses Microsoft Defender for Endpoint telemetry.\nMore details: https://techcommunity.microsoft.com/t5/azure-sentinel/monitoring-the-software-supply-chain-with-azure-sentinel/ba-p/2176463",
                "displayName": "Potential Build Process Compromise - MDE",
                "enabled": false,
                "query": "// How far back to look for events from\nlet timeframe = 1d;\n// How close together build events and file modifications should occur to alert (make this smaller to reduce FPs)\nlet time_window = 5m;\n// Edit this to include build processes used\nlet build_processes = dynamic([\"MSBuild.exe\", \"dotnet.exe\", \"VBCSCompiler.exe\"]);\n// Include any processes that you want to allow to edit files during/around the build process\nlet allow_list = dynamic([]);\nDeviceProcessEvents\n| where TimeGenerated > ago(timeframe)\n// Look for build process starts\n| where FileName has_any (build_processes)\n| summarize by BuildParentProcess=InitiatingProcessFileName, BuildProcess=FileName, BuildAccount = AccountName, DeviceName, BuildCommand=ProcessCommandLine, timekey= bin(TimeGenerated, time_window), BuildProcessTime=TimeGenerated\n| join kind=inner(\nDeviceFileEvents\n| where TimeGenerated > ago(timeframe)\n| where InitiatingProcessFileName !in (allow_list)\n| where ActionType == \"FileCreated\"  or ActionType == \"FileModified\"\n// Look for code files, edit this to include file extensions used in build.\n| where FileName endswith \".cs\" or FileName endswith \".cpp\"\n| summarize by FileEditParentProcess=InitiatingProcessParentFileName, FileEditAccount = InitiatingProcessAccountName, DeviceName, FileEdited=FileName, FileEditProcess=InitiatingProcessFileName, timekey= bin(TimeGenerated, time_window), FileEditTime=TimeGenerated)\n// join where build processes and file modifications seen at same time on same host\non timekey, DeviceName\n// Limit to only where the file edit happens after the build process starts\n| where BuildProcessTime <= FileEditTime\n| summarize make_set(FileEdited), make_set(FileEditProcess), make_set(FileEditAccount) by timekey, DeviceName, BuildParentProcess, BuildProcess\n| extend HostCustomEntity=DeviceName, timestamp=timekey\n",
                "queryFrequency": "P1D",
                "queryPeriod": "P1D",
                "severity": "Medium",
                "suppressionDuration": "PT1H",
                "suppressionEnabled": false,
                "triggerOperator": "GreaterThan",
                "triggerThreshold": 0,
                "status": "Available",
                "requiredDataConnectors": [
                  {
                    "connectorId": "MicrosoftThreatProtection",
                    "dataTypes": [
                      "DeviceProcessEvents",
                      "DeviceFileEvents"
                    ]
                  }
                ],
                "tactics": [
                  "Persistence"
                ],
                "entityMappings": [
                  {
                    "fieldMappings": [
                      {
                        "identifier": "FullName",
                        "columnName": "HostCustomEntity"
                      }
                    ],
                    "entityType": "Host"
                  }
                ]
              }
            },
            {
              "type": "Microsoft.OperationalInsights/workspaces/providers/metadata",
              "apiVersion": "2022-01-01-preview",
              "name": "[concat(parameters('workspace'),'/Microsoft.SecurityInsights/',concat('AnalyticsRule-', last(split(variables('analyticRuleId2'),'/'))))]",
              "properties": {
                "description": "Microsoft 365 Defender Analytics Rule 2",
                "parentId": "[variables('analyticRuleId2')]",
                "contentId": "[variables('_analyticRulecontentId2')]",
                "kind": "AnalyticsRule",
                "version": "[variables('analyticRuleVersion2')]",
                "source": {
                  "kind": "Solution",
                  "name": "Microsoft 365 Defender",
                  "sourceId": "[variables('_solutionId')]"
                },
                "author": {
                  "name": "Microsoft",
                  "email": "[variables('_email')]"
                },
                "support": {
                  "name": "Microsoft Corporation",
                  "email": "support@microsoft.com",
                  "tier": "Microsoft",
                  "link": "https://support.microsoft.com"
                }
              }
            }
          ]
        }
      }
    },
    {
      "type": "Microsoft.Resources/templateSpecs",
      "apiVersion": "2021-05-01",
      "name": "[variables('analyticRuleTemplateSpecName3')]",
      "location": "[parameters('workspace-location')]",
      "tags": {
        "hidden-sentinelWorkspaceId": "[variables('workspaceResourceId')]",
        "hidden-sentinelContentType": "AnalyticsRule"
      },
      "properties": {
        "description": "Microsoft 365 Defender Analytics Rule 3 with template",
        "displayName": "Microsoft 365 Defender Analytics Rule template"
      }
    },
    {
      "type": "Microsoft.Resources/templateSpecs/versions",
      "apiVersion": "2021-05-01",
      "name": "[concat(variables('analyticRuleTemplateSpecName3'),'/',variables('analyticRuleVersion3'))]",
      "location": "[parameters('workspace-location')]",
      "tags": {
        "hidden-sentinelWorkspaceId": "[variables('workspaceResourceId')]",
        "hidden-sentinelContentType": "AnalyticsRule"
      },
      "dependsOn": [
        "[resourceId('Microsoft.Resources/templateSpecs', variables('analyticRuleTemplateSpecName3'))]"
      ],
      "properties": {
        "description": "SolarWinds_TEARDROP_Process-IOCs_AnalyticalRules Analytics Rule with template version 2.0.0",
        "mainTemplate": {
          "$schema": "https://schema.management.azure.com/schemas/2019-04-01/deploymentTemplate.json#",
          "contentVersion": "[variables('analyticRuleVersion3')]",
          "parameters": {},
          "variables": {},
          "resources": [
            {
              "type": "Microsoft.SecurityInsights/AlertRuleTemplates",
              "name": "[variables('AnalyticRulecontentId3')]",
              "apiVersion": "2022-04-01-preview",
              "kind": "Scheduled",
              "location": "[parameters('workspace-location')]",
              "properties": {
                "description": "Identifies SolarWinds TEARDROP memory-only dropper IOCs in Window's defender Exploit Guard activity\nReferences:\n- https://www.fireeye.com/blog/threat-research/2020/12/evasive-attacker-leverages-solarwinds-supply-chain-compromises-with-sunburst-backdoor.html\n- https://gist.github.com/olafhartong/71ffdd4cab4b6acd5cbcd1a0691ff82f",
                "displayName": "TEARDROP memory-only dropper",
                "enabled": false,
                "query": "\nDeviceEvents\n| where ActionType has \"ExploitGuardNonMicrosoftSignedBlocked\"\n| where InitiatingProcessFileName contains \"svchost.exe\" and FileName contains \"NetSetupSvc.dll\"\n| extend timestamp = TimeGenerated, AccountCustomEntity = iff(isnotempty(InitiatingProcessAccountUpn), InitiatingProcessAccountUpn, InitiatingProcessAccountName),\nHostCustomEntity = DeviceName, FileHashCustomEntity = InitiatingProcessSHA1, FileHashType = \"SHA1\"\n",
                "queryFrequency": "P1D",
                "queryPeriod": "P1D",
                "severity": "High",
                "suppressionDuration": "PT1H",
                "suppressionEnabled": false,
                "triggerOperator": "GreaterThan",
                "triggerThreshold": 0,
                "status": "Available",
                "requiredDataConnectors": [
                  {
                    "connectorId": "MicrosoftThreatProtection",
                    "dataTypes": [
                      "DeviceEvents"
                    ]
                  }
                ],
                "tactics": [
                  "Execution",
                  "Persistence",
                  "InitialAccess"
                ],
                "entityMappings": [
                  {
                    "fieldMappings": [
                      {
                        "identifier": "FullName",
                        "columnName": "AccountCustomEntity"
                      }
                    ],
                    "entityType": "Account"
                  },
                  {
                    "fieldMappings": [
                      {
                        "identifier": "FullName",
                        "columnName": "HostCustomEntity"
                      }
                    ],
                    "entityType": "Host"
                  },
                  {
                    "fieldMappings": [
                      {
                        "identifier": "Algorithm",
                        "columnName": "FileHashType"
                      },
                      {
                        "identifier": "Value",
                        "columnName": "FileHashCustomEntity"
                      }
                    ],
                    "entityType": "FileHash"
                  }
                ]
              }
            },
            {
              "type": "Microsoft.OperationalInsights/workspaces/providers/metadata",
              "apiVersion": "2022-01-01-preview",
              "name": "[concat(parameters('workspace'),'/Microsoft.SecurityInsights/',concat('AnalyticsRule-', last(split(variables('analyticRuleId3'),'/'))))]",
              "properties": {
                "description": "Microsoft 365 Defender Analytics Rule 3",
                "parentId": "[variables('analyticRuleId3')]",
                "contentId": "[variables('_analyticRulecontentId3')]",
                "kind": "AnalyticsRule",
                "version": "[variables('analyticRuleVersion3')]",
                "source": {
                  "kind": "Solution",
                  "name": "Microsoft 365 Defender",
                  "sourceId": "[variables('_solutionId')]"
                },
                "author": {
                  "name": "Microsoft",
                  "email": "[variables('_email')]"
                },
                "support": {
                  "name": "Microsoft Corporation",
                  "email": "support@microsoft.com",
                  "tier": "Microsoft",
                  "link": "https://support.microsoft.com"
                }
              }
            }
          ]
        }
      }
    },
    {
      "type": "Microsoft.Resources/templateSpecs",
      "apiVersion": "2021-05-01",
      "name": "[variables('analyticRuleTemplateSpecName4')]",
      "location": "[parameters('workspace-location')]",
      "tags": {
        "hidden-sentinelWorkspaceId": "[variables('workspaceResourceId')]",
        "hidden-sentinelContentType": "AnalyticsRule"
      },
      "properties": {
        "description": "Microsoft 365 Defender Analytics Rule 4 with template",
        "displayName": "Microsoft 365 Defender Analytics Rule template"
      }
    },
    {
      "type": "Microsoft.Resources/templateSpecs/versions",
      "apiVersion": "2021-05-01",
      "name": "[concat(variables('analyticRuleTemplateSpecName4'),'/',variables('analyticRuleVersion4'))]",
      "location": "[parameters('workspace-location')]",
      "tags": {
        "hidden-sentinelWorkspaceId": "[variables('workspaceResourceId')]",
        "hidden-sentinelContentType": "AnalyticsRule"
      },
      "dependsOn": [
        "[resourceId('Microsoft.Resources/templateSpecs', variables('analyticRuleTemplateSpecName4'))]"
      ],
      "properties": {
        "description": "SolarWinds_SUNBURST_Network-IOCs_AnalyticalRules Analytics Rule with template version 2.0.0",
        "mainTemplate": {
          "$schema": "https://schema.management.azure.com/schemas/2019-04-01/deploymentTemplate.json#",
          "contentVersion": "[variables('analyticRuleVersion4')]",
          "parameters": {},
          "variables": {},
          "resources": [
            {
              "type": "Microsoft.SecurityInsights/AlertRuleTemplates",
              "name": "[variables('AnalyticRulecontentId4')]",
              "apiVersion": "2022-04-01-preview",
              "kind": "Scheduled",
              "location": "[parameters('workspace-location')]",
              "properties": {
                "description": "Identifies SolarWinds SUNBURST domain beacon IOCs in DeviceNetworkEvents\nReferences:\n- https://www.fireeye.com/blog/threat-research/2020/12/evasive-attacker-leverages-solarwinds-supply-chain-compromises-with-sunburst-backdoor.html\n- https://gist.github.com/olafhartong/71ffdd4cab4b6acd5cbcd1a0691ff82f",
                "displayName": "SUNBURST network beacons",
                "enabled": false,
                "query": "\nlet SunburstURL=dynamic([\"panhardware.com\",\"databasegalore.com\",\"avsvmcloud.com\",\"freescanonline.com\",\"thedoccloud.com\",\"deftsecurity.com\"]);\nDeviceNetworkEvents\n| where ActionType == \"ConnectionSuccess\"\n| where RemoteUrl in(SunburstURL)\n| extend\n    timestamp = TimeGenerated,\n    AccountCustomEntity = iff(isnotempty(InitiatingProcessAccountUpn), InitiatingProcessAccountUpn, InitiatingProcessAccountName),\n    HostCustomEntity = DeviceName,\n    FileHashCustomEntity = InitiatingProcessMD5, \n    HashAlgorithm = 'MD5',\n    URLCustomEntity = RemoteUrl,\n    IPCustomEntity = RemoteIP\n",
                "queryFrequency": "P1D",
                "queryPeriod": "P1D",
                "severity": "Medium",
                "suppressionDuration": "PT1H",
                "suppressionEnabled": false,
                "triggerOperator": "GreaterThan",
                "triggerThreshold": 0,
                "status": "Available",
                "requiredDataConnectors": [
                  {
                    "connectorId": "MicrosoftThreatProtection",
                    "dataTypes": [
                      "DeviceNetworkEvents"
                    ]
                  }
                ],
                "tactics": [
                  "Execution",
                  "Persistence",
                  "InitialAccess"
                ],
                "entityMappings": [
                  {
                    "fieldMappings": [
                      {
                        "identifier": "FullName",
                        "columnName": "AccountCustomEntity"
                      }
                    ],
                    "entityType": "Account"
                  },
                  {
                    "fieldMappings": [
                      {
                        "identifier": "FullName",
                        "columnName": "HostCustomEntity"
                      }
                    ],
                    "entityType": "Host"
                  },
                  {
                    "fieldMappings": [
                      {
                        "identifier": "Address",
                        "columnName": "IPCustomEntity"
                      }
                    ],
                    "entityType": "IP"
                  },
                  {
                    "fieldMappings": [
                      {
                        "identifier": "Url",
                        "columnName": "URLCustomEntity"
                      }
                    ],
                    "entityType": "URL"
                  },
                  {
                    "fieldMappings": [
                      {
                        "identifier": "Algorithm",
                        "columnName": "HashAlgorithm"
                      },
                      {
                        "identifier": "Value",
                        "columnName": "FileHashCustomEntity"
                      }
                    ],
                    "entityType": "FileHash"
                  }
                ]
              }
            },
            {
              "type": "Microsoft.OperationalInsights/workspaces/providers/metadata",
              "apiVersion": "2022-01-01-preview",
              "name": "[concat(parameters('workspace'),'/Microsoft.SecurityInsights/',concat('AnalyticsRule-', last(split(variables('analyticRuleId4'),'/'))))]",
              "properties": {
                "description": "Microsoft 365 Defender Analytics Rule 4",
                "parentId": "[variables('analyticRuleId4')]",
                "contentId": "[variables('_analyticRulecontentId4')]",
                "kind": "AnalyticsRule",
                "version": "[variables('analyticRuleVersion4')]",
                "source": {
                  "kind": "Solution",
                  "name": "Microsoft 365 Defender",
                  "sourceId": "[variables('_solutionId')]"
                },
                "author": {
                  "name": "Microsoft",
                  "email": "[variables('_email')]"
                },
                "support": {
                  "name": "Microsoft Corporation",
                  "email": "support@microsoft.com",
                  "tier": "Microsoft",
                  "link": "https://support.microsoft.com"
                }
              }
            }
          ]
        }
      }
    },
    {
      "type": "Microsoft.Resources/templateSpecs",
      "apiVersion": "2021-05-01",
      "name": "[variables('analyticRuleTemplateSpecName5')]",
      "location": "[parameters('workspace-location')]",
      "tags": {
        "hidden-sentinelWorkspaceId": "[variables('workspaceResourceId')]",
        "hidden-sentinelContentType": "AnalyticsRule"
      },
      "properties": {
        "description": "Microsoft 365 Defender Analytics Rule 5 with template",
        "displayName": "Microsoft 365 Defender Analytics Rule template"
      }
    },
    {
      "type": "Microsoft.Resources/templateSpecs/versions",
      "apiVersion": "2021-05-01",
      "name": "[concat(variables('analyticRuleTemplateSpecName5'),'/',variables('analyticRuleVersion5'))]",
      "location": "[parameters('workspace-location')]",
      "tags": {
        "hidden-sentinelWorkspaceId": "[variables('workspaceResourceId')]",
        "hidden-sentinelContentType": "AnalyticsRule"
      },
      "dependsOn": [
        "[resourceId('Microsoft.Resources/templateSpecs', variables('analyticRuleTemplateSpecName5'))]"
      ],
      "properties": {
        "description": "SolarWinds_SUNBURST_&_SUPERNOVA_File-IOCs_AnalyticalRules Analytics Rule with template version 2.0.0",
        "mainTemplate": {
          "$schema": "https://schema.management.azure.com/schemas/2019-04-01/deploymentTemplate.json#",
          "contentVersion": "[variables('analyticRuleVersion5')]",
          "parameters": {},
          "variables": {},
          "resources": [
            {
              "type": "Microsoft.SecurityInsights/AlertRuleTemplates",
              "name": "[variables('AnalyticRulecontentId5')]",
              "apiVersion": "2022-04-01-preview",
              "kind": "Scheduled",
              "location": "[parameters('workspace-location')]",
              "properties": {
                "description": "Identifies SolarWinds SUNBURST and SUPERNOVA backdoor file hash IOCs in DeviceFileEvents\nReferences:\n- https://www.fireeye.com/blog/threat-research/2020/12/evasive-attacker-leverages-solarwinds-supply-chain-compromises-with-sunburst-backdoor.html\n- https://gist.github.com/olafhartong/71ffdd4cab4b6acd5cbcd1a0691ff82f",
                "displayName": "SUNBURST and SUPERNOVA backdoor hashes",
                "enabled": false,
                "query": "\nlet SunburstMD5=dynamic([\"b91ce2fa41029f6955bff20079468448\",\"02af7cec58b9a5da1c542b5a32151ba1\",\"2c4a910a1299cdae2a4e55988a2f102e\",\"846e27a652a5e1bfbd0ddd38a16dc865\",\"4f2eb62fa529c0283b28d05ddd311fae\"]);\nlet SupernovaMD5=\"56ceb6d0011d87b6e4d7023d7ef85676\";\nDeviceFileEvents\n| where MD5 in(SunburstMD5) or MD5 in(SupernovaMD5)\n| extend\n    timestamp = TimeGenerated,\n    AccountCustomEntity = iff(isnotempty(InitiatingProcessAccountUpn), InitiatingProcessAccountUpn, InitiatingProcessAccountName),\n    HostCustomEntity = DeviceName,\n    AlgorithmCustomEntity = \"MD5\",\n    FileHashCustomEntity = MD5\n",
                "queryFrequency": "P1D",
                "queryPeriod": "P1D",
                "severity": "High",
                "suppressionDuration": "PT1H",
                "suppressionEnabled": false,
                "triggerOperator": "GreaterThan",
                "triggerThreshold": 0,
                "status": "Available",
                "requiredDataConnectors": [
                  {
                    "connectorId": "MicrosoftThreatProtection",
                    "dataTypes": [
                      "DeviceFileEvents"
                    ]
                  }
                ],
                "tactics": [
                  "Execution",
                  "Persistence",
                  "InitialAccess"
                ],
                "entityMappings": [
                  {
                    "fieldMappings": [
                      {
                        "identifier": "FullName",
                        "columnName": "AccountCustomEntity"
                      }
                    ],
                    "entityType": "Account"
                  },
                  {
                    "fieldMappings": [
                      {
                        "identifier": "FullName",
                        "columnName": "HostCustomEntity"
                      }
                    ],
                    "entityType": "Host"
                  },
                  {
                    "fieldMappings": [
                      {
                        "identifier": "Algorithm",
                        "columnName": "AlgorithmCustomEntity"
                      },
                      {
                        "identifier": "Value",
                        "columnName": "FileHashCustomEntity"
                      }
                    ],
                    "entityType": "FileHash"
                  }
                ]
              }
            },
            {
              "type": "Microsoft.OperationalInsights/workspaces/providers/metadata",
              "apiVersion": "2022-01-01-preview",
              "name": "[concat(parameters('workspace'),'/Microsoft.SecurityInsights/',concat('AnalyticsRule-', last(split(variables('analyticRuleId5'),'/'))))]",
              "properties": {
                "description": "Microsoft 365 Defender Analytics Rule 5",
                "parentId": "[variables('analyticRuleId5')]",
                "contentId": "[variables('_analyticRulecontentId5')]",
                "kind": "AnalyticsRule",
                "version": "[variables('analyticRuleVersion5')]",
                "source": {
                  "kind": "Solution",
                  "name": "Microsoft 365 Defender",
                  "sourceId": "[variables('_solutionId')]"
                },
                "author": {
                  "name": "Microsoft",
                  "email": "[variables('_email')]"
                },
                "support": {
                  "name": "Microsoft Corporation",
                  "email": "support@microsoft.com",
                  "tier": "Microsoft",
                  "link": "https://support.microsoft.com"
                }
              }
            }
          ]
        }
      }
    },
    {
      "type": "Microsoft.Resources/templateSpecs",
      "apiVersion": "2021-05-01",
      "name": "[variables('analyticRuleTemplateSpecName6')]",
      "location": "[parameters('workspace-location')]",
      "tags": {
        "hidden-sentinelWorkspaceId": "[variables('workspaceResourceId')]",
        "hidden-sentinelContentType": "AnalyticsRule"
      },
      "properties": {
        "description": "Microsoft 365 Defender Analytics Rule 6 with template",
        "displayName": "Microsoft 365 Defender Analytics Rule template"
      }
    },
    {
      "type": "Microsoft.Resources/templateSpecs/versions",
      "apiVersion": "2021-05-01",
      "name": "[concat(variables('analyticRuleTemplateSpecName6'),'/',variables('analyticRuleVersion6'))]",
      "location": "[parameters('workspace-location')]",
      "tags": {
        "hidden-sentinelWorkspaceId": "[variables('workspaceResourceId')]",
        "hidden-sentinelContentType": "AnalyticsRule"
      },
      "dependsOn": [
        "[resourceId('Microsoft.Resources/templateSpecs', variables('analyticRuleTemplateSpecName6'))]"
      ],
      "properties": {
        "description": "AVdetectionsrelatedtoUkrainebasedthreats_AnalyticalRules Analytics Rule with template version 2.0.0",
        "mainTemplate": {
          "$schema": "https://schema.management.azure.com/schemas/2019-04-01/deploymentTemplate.json#",
          "contentVersion": "[variables('analyticRuleVersion6')]",
          "parameters": {},
          "variables": {},
          "resources": [
            {
              "type": "Microsoft.SecurityInsights/AlertRuleTemplates",
              "name": "[variables('AnalyticRulecontentId6')]",
              "apiVersion": "2022-04-01-preview",
              "kind": "Scheduled",
              "location": "[parameters('workspace-location')]",
              "properties": {
                "description": "This query looks for Microsoft Defender AV detections for malware observed in relation to the war in Ukraine.\n  Ref: https://msrc-blog.microsoft.com/2022/02/28/analysis-resources-cyber-threat-activity-ukraine/ ",
                "displayName": "AV detections related to Ukraine threats",
                "enabled": false,
                "query": "let UA_threats = dynamic([\"FoxBlade\", \"WhisperGate\", \"Lasainraw\", \"SonicVote\"]);\n  SecurityAlert\n  | where ProviderName == \"MDATP\"\n  | extend ThreatFamilyName = tostring(parse_json(ExtendedProperties).ThreatFamilyName)\n  | where ThreatFamilyName in (UA_threats)\n",
                "queryFrequency": "P1D",
                "queryPeriod": "P1D",
                "severity": "High",
                "suppressionDuration": "PT1H",
                "suppressionEnabled": false,
                "triggerOperator": "GreaterThan",
                "triggerThreshold": 0,
                "status": "Available",
                "requiredDataConnectors": [
                  {
                    "connectorId": "MicrosoftThreatProtection",
                    "dataTypes": [
                      "SecurityAlert"
                    ]
                  }
                ],
                "tactics": [
                  "Impact"
                ],
                "entityMappings": [
                  {
                    "fieldMappings": [
                      {
                        "identifier": "FullName",
                        "columnName": "CompromisedEntity"
                      }
                    ],
                    "entityType": "Host"
                  }
                ]
              }
            },
            {
              "type": "Microsoft.OperationalInsights/workspaces/providers/metadata",
              "apiVersion": "2022-01-01-preview",
              "name": "[concat(parameters('workspace'),'/Microsoft.SecurityInsights/',concat('AnalyticsRule-', last(split(variables('analyticRuleId6'),'/'))))]",
              "properties": {
                "description": "Microsoft 365 Defender Analytics Rule 6",
                "parentId": "[variables('analyticRuleId6')]",
                "contentId": "[variables('_analyticRulecontentId6')]",
                "kind": "AnalyticsRule",
                "version": "[variables('analyticRuleVersion6')]",
                "source": {
                  "kind": "Solution",
                  "name": "Microsoft 365 Defender",
                  "sourceId": "[variables('_solutionId')]"
                },
                "author": {
                  "name": "Microsoft",
                  "email": "[variables('_email')]"
                },
                "support": {
                  "name": "Microsoft Corporation",
                  "email": "support@microsoft.com",
                  "tier": "Microsoft",
                  "link": "https://support.microsoft.com"
                }
              }
            }
          ]
        }
      }
    },
    {
      "type": "Microsoft.Resources/templateSpecs",
      "apiVersion": "2021-05-01",
      "name": "[variables('analyticRuleTemplateSpecName7')]",
      "location": "[parameters('workspace-location')]",
      "tags": {
        "hidden-sentinelWorkspaceId": "[variables('workspaceResourceId')]",
        "hidden-sentinelContentType": "AnalyticsRule"
      },
      "properties": {
        "description": "Microsoft 365 Defender Analytics Rule 7 with template",
        "displayName": "Microsoft 365 Defender Analytics Rule template"
      }
    },
    {
      "type": "Microsoft.Resources/templateSpecs/versions",
      "apiVersion": "2021-05-01",
      "name": "[concat(variables('analyticRuleTemplateSpecName7'),'/',variables('analyticRuleVersion7'))]",
      "location": "[parameters('workspace-location')]",
      "tags": {
        "hidden-sentinelWorkspaceId": "[variables('workspaceResourceId')]",
        "hidden-sentinelContentType": "AnalyticsRule"
      },
      "dependsOn": [
        "[resourceId('Microsoft.Resources/templateSpecs', variables('analyticRuleTemplateSpecName7'))]"
      ],
      "properties": {
        "description": "AVTarrask_AnalyticalRules Analytics Rule with template version 2.0.0",
        "mainTemplate": {
          "$schema": "https://schema.management.azure.com/schemas/2019-04-01/deploymentTemplate.json#",
          "contentVersion": "[variables('analyticRuleVersion7')]",
          "parameters": {},
          "variables": {},
          "resources": [
            {
              "type": "Microsoft.SecurityInsights/AlertRuleTemplates",
              "name": "[variables('AnalyticRulecontentId7')]",
              "apiVersion": "2022-04-01-preview",
              "kind": "Scheduled",
              "location": "[parameters('workspace-location')]",
              "properties": {
                "description": "This query looks for Microsoft Defender AV detections related to Tarrask malware. In Microsoft Sentinel the SecurityAlerts table \n includes only the Device Name of the affected device, this query joins the DeviceInfo table to clearly connect other information such as Device group, ip, logged on users etc. \n This would allow the Microsoft Sentinel analyst to have more context related to the alert, if available.\n Reference: https://www.microsoft.com/security/blog/2022/04/12/tarrask-malware-uses-scheduled-tasks-for-defense-evasion/",
                "displayName": "AV detections related to Tarrask malware",
                "enabled": false,
                "query": "let Tarrask_threats = dynamic([\"HackTool:Win64/Tarrask!MS\", \"HackTool:Win64/Ligolo!MSR\", \"Behavior:Win32/ScheduledTaskHide.A\", \"Tarrask\"]);\nDeviceInfo\n| extend DeviceName = tolower(DeviceName)\n| join kind=rightouter ( SecurityAlert\n| where ProviderName == \"MDATP\"\n| extend ThreatName = tostring(parse_json(ExtendedProperties).ThreatName)\n| extend ThreatFamilyName = tostring(parse_json(ExtendedProperties).ThreatFamilyName)\n| where ThreatName in~ (Tarrask_threats) or ThreatFamilyName in~ (Tarrask_threats)\n| extend CompromisedEntity = tolower(CompromisedEntity)\n) on $left.DeviceName == $right.CompromisedEntity\n",
                "queryFrequency": "P1D",
                "queryPeriod": "P1D",
                "severity": "High",
                "suppressionDuration": "PT1H",
                "suppressionEnabled": false,
                "triggerOperator": "GreaterThan",
                "triggerThreshold": 0,
                "status": "Available",
                "requiredDataConnectors": [
                  {
                    "connectorId": "MicrosoftThreatProtection",
                    "dataTypes": [
                      "SecurityAlert"
                    ]
                  }
                ],
                "tactics": [
                  "Persistence"
                ],
                "entityMappings": [
                  {
                    "fieldMappings": [
                      {
                        "identifier": "FullName",
                        "columnName": "CompromisedEntity"
                      }
                    ],
                    "entityType": "Host"
                  },
                  {
                    "fieldMappings": [
                      {
                        "identifier": "Address",
                        "columnName": "PublicIP"
                      }
                    ],
                    "entityType": "IP"
                  }
                ]
              }
            },
            {
              "type": "Microsoft.OperationalInsights/workspaces/providers/metadata",
              "apiVersion": "2022-01-01-preview",
              "name": "[concat(parameters('workspace'),'/Microsoft.SecurityInsights/',concat('AnalyticsRule-', last(split(variables('analyticRuleId7'),'/'))))]",
              "properties": {
                "description": "Microsoft 365 Defender Analytics Rule 7",
                "parentId": "[variables('analyticRuleId7')]",
                "contentId": "[variables('_analyticRulecontentId7')]",
                "kind": "AnalyticsRule",
                "version": "[variables('analyticRuleVersion7')]",
                "source": {
                  "kind": "Solution",
                  "name": "Microsoft 365 Defender",
                  "sourceId": "[variables('_solutionId')]"
                },
                "author": {
                  "name": "Microsoft",
                  "email": "[variables('_email')]"
                },
                "support": {
                  "name": "Microsoft Corporation",
                  "email": "support@microsoft.com",
                  "tier": "Microsoft",
                  "link": "https://support.microsoft.com"
                }
              }
            }
          ]
        }
      }
    },
    {
      "type": "Microsoft.Resources/templateSpecs",
      "apiVersion": "2021-05-01",
      "name": "[variables('analyticRuleTemplateSpecName8')]",
      "location": "[parameters('workspace-location')]",
      "tags": {
        "hidden-sentinelWorkspaceId": "[variables('workspaceResourceId')]",
        "hidden-sentinelContentType": "AnalyticsRule"
      },
      "properties": {
        "description": "Microsoft 365 Defender Analytics Rule 8 with template",
        "displayName": "Microsoft 365 Defender Analytics Rule template"
      }
    },
    {
      "type": "Microsoft.Resources/templateSpecs/versions",
      "apiVersion": "2021-05-01",
      "name": "[concat(variables('analyticRuleTemplateSpecName8'),'/',variables('analyticRuleVersion8'))]",
      "location": "[parameters('workspace-location')]",
      "tags": {
        "hidden-sentinelWorkspaceId": "[variables('workspaceResourceId')]",
        "hidden-sentinelContentType": "AnalyticsRule"
      },
      "dependsOn": [
        "[resourceId('Microsoft.Resources/templateSpecs', variables('analyticRuleTemplateSpecName8'))]"
      ],
      "properties": {
        "description": "AVSpringShell_AnalyticalRules Analytics Rule with template version 2.0.0",
        "mainTemplate": {
          "$schema": "https://schema.management.azure.com/schemas/2019-04-01/deploymentTemplate.json#",
          "contentVersion": "[variables('analyticRuleVersion8')]",
          "parameters": {},
          "variables": {},
          "resources": [
            {
              "type": "Microsoft.SecurityInsights/AlertRuleTemplates",
              "name": "[variables('AnalyticRulecontentId8')]",
              "apiVersion": "2022-04-01-preview",
              "kind": "Scheduled",
              "location": "[parameters('workspace-location')]",
              "properties": {
                "description": "This query looks for Microsoft Defender AV detections related to SpringShell Vulnerability. In Microsoft Sentinel the SecurityAlerts table includes only the Device Name of the affected device, \n this query joins the DeviceInfo table to clearly connect other information such as Device group, ip, logged on users etc. This would allow the Microsoft Sentinel analyst to have more context related to the alert, if available.\n Reference: https://www.microsoft.com/security/blog/2022/04/04/springshell-rce-vulnerability-guidance-for-protecting-against-and-detecting-cve-2022-22965/",
                "displayName": "AV detections related to SpringShell Vulnerability",
                "enabled": false,
                "query": "let SpringShell_threats = dynamic([\"Trojan:Python/SpringShellExpl\", \"Exploit:Python/SpringShell\", \"Backdoor:PHP/Remoteshell.V\", \"SpringShell\"]);\nDeviceInfo\n| extend DeviceName = tolower(DeviceName)\n| join kind=inner ( SecurityAlert\n| where ProviderName == \"MDATP\"\n| extend ThreatName = tostring(parse_json(ExtendedProperties).ThreatName)\n| extend ThreatFamilyName = tostring(parse_json(ExtendedProperties).ThreatFamilyName)\n| where ThreatName in~ (SpringShell_threats) or ThreatFamilyName in~ (SpringShell_threats)\n| extend CompromisedEntity = tolower(CompromisedEntity)\n) on $left.DeviceName == $right.CompromisedEntity\n| summarize by DisplayName, ThreatName, ThreatFamilyName, PublicIP, AlertSeverity, Description, tostring(LoggedOnUsers), DeviceId, TenantId , bin(TimeGenerated, 1d), CompromisedEntity, tostring(LoggedOnUsers), ProductName, Entities\n",
                "queryFrequency": "P1D",
                "queryPeriod": "P1D",
                "severity": "High",
                "suppressionDuration": "PT1H",
                "suppressionEnabled": false,
                "triggerOperator": "GreaterThan",
                "triggerThreshold": 0,
                "status": "Available",
                "requiredDataConnectors": [
                  {
                    "connectorId": "MicrosoftThreatProtection",
                    "dataTypes": [
                      "SecurityAlert"
                    ]
                  }
                ],
                "tactics": [
                  "InitialAccess"
                ],
                "entityMappings": [
                  {
                    "fieldMappings": [
                      {
                        "identifier": "FullName",
                        "columnName": "CompromisedEntity"
                      }
                    ],
                    "entityType": "Host"
                  },
                  {
                    "fieldMappings": [
                      {
                        "identifier": "Address",
                        "columnName": "PublicIP"
                      }
                    ],
                    "entityType": "IP"
                  }
                ]
              }
            },
            {
              "type": "Microsoft.OperationalInsights/workspaces/providers/metadata",
              "apiVersion": "2022-01-01-preview",
              "name": "[concat(parameters('workspace'),'/Microsoft.SecurityInsights/',concat('AnalyticsRule-', last(split(variables('analyticRuleId8'),'/'))))]",
              "properties": {
                "description": "Microsoft 365 Defender Analytics Rule 8",
                "parentId": "[variables('analyticRuleId8')]",
                "contentId": "[variables('_analyticRulecontentId8')]",
                "kind": "AnalyticsRule",
                "version": "[variables('analyticRuleVersion8')]",
                "source": {
                  "kind": "Solution",
                  "name": "Microsoft 365 Defender",
                  "sourceId": "[variables('_solutionId')]"
                },
                "author": {
                  "name": "Microsoft",
                  "email": "[variables('_email')]"
                },
                "support": {
                  "name": "Microsoft Corporation",
                  "email": "support@microsoft.com",
                  "tier": "Microsoft",
                  "link": "https://support.microsoft.com"
                }
              }
            }
          ]
        }
      }
    },
    {
      "type": "Microsoft.OperationalInsights/workspaces/providers/metadata",
      "apiVersion": "2022-01-01-preview",
      "location": "[parameters('workspace-location')]",
      "properties": {
        "version": "2.0.0",
        "kind": "Solution",
        "contentSchemaVersion": "2.0.0",
        "contentId": "[variables('_solutionId')]",
        "parentId": "[variables('_solutionId')]",
        "source": {
          "kind": "Solution",
          "name": "Microsoft 365 Defender",
          "sourceId": "[variables('_solutionId')]"
        },
        "author": {
          "name": "Microsoft",
          "email": "[variables('_email')]"
        },
        "support": {
          "name": "Microsoft Corporation",
          "email": "support@microsoft.com",
          "tier": "Microsoft",
          "link": "https://support.microsoft.com"
        },
        "dependencies": {
          "operator": "AND",
          "criteria": [
            {
              "kind": "DataConnector",
              "contentId": "[variables('_dataConnectorContentId1')]",
              "version": "[variables('dataConnectorVersion1')]"
            },
            {
              "kind": "AnalyticsRule",
              "contentId": "[variables('analyticRulecontentId1')]",
              "version": "[variables('analyticRuleVersion1')]"
            },
            {
              "kind": "AnalyticsRule",
              "contentId": "[variables('analyticRulecontentId2')]",
              "version": "[variables('analyticRuleVersion2')]"
            },
            {
              "kind": "AnalyticsRule",
              "contentId": "[variables('analyticRulecontentId3')]",
              "version": "[variables('analyticRuleVersion3')]"
            },
            {
              "kind": "AnalyticsRule",
              "contentId": "[variables('analyticRulecontentId4')]",
              "version": "[variables('analyticRuleVersion4')]"
            },
            {
              "kind": "AnalyticsRule",
              "contentId": "[variables('analyticRulecontentId5')]",
              "version": "[variables('analyticRuleVersion5')]"
            },
            {
              "kind": "AnalyticsRule",
              "contentId": "[variables('analyticRulecontentId6')]",
              "version": "[variables('analyticRuleVersion6')]"
            },
            {
              "kind": "AnalyticsRule",
              "contentId": "[variables('analyticRulecontentId7')]",
              "version": "[variables('analyticRuleVersion7')]"
            },
            {
              "kind": "AnalyticsRule",
              "contentId": "[variables('analyticRulecontentId8')]",
              "version": "[variables('analyticRuleVersion8')]"
            }
          ]
        },
        "firstPublishDate": "2022-05-02",
        "providers": [
          "Microsoft"
        ],
        "categories": {
          "domains": [
            "Security - Threat Protection"
          ]
        }
      },
      "name": "[concat(parameters('workspace'),'/Microsoft.SecurityInsights/', variables('_solutionId'))]"
    }
  ],
  "outputs": {}
}
