{
  "$schema": "https://schema.management.azure.com/schemas/2019-04-01/deploymentTemplate.json#",
  "contentVersion": "1.0.0.0",
  "metadata": {
    "author": "Gigamon",
    "comments": "Solution template for Gigamon Connector"
  },
  "parameters": {
    "location": {
      "type": "string",
      "minLength": 1,
      "defaultValue": "[resourceGroup().location]",
      "metadata": {
        "description": "Not used, but needed to pass arm-ttk test `Location-Should-Not-Be-Hardcoded`.  We instead use the `workspace-location` which is derived from the LA workspace"
      }
    },
    "workspace-location": {
      "type": "string",
      "defaultValue": "",
      "metadata": {
        "description": "[concat('Region to deploy solution resources -- separate from location selection',parameters('location'))]"
      }
    },
    "workspace": {
      "defaultValue": "",
      "type": "string",
      "metadata": {
        "description": "Workspace name for Log Analytics where Microsoft Sentinel is setup"
      }
    },
    "workbook1-name": {
      "type": "string",
      "defaultValue": "Gigamon Workbook",
      "minLength": 1,
      "metadata": {
        "description": "Name for the workbook"
      }
    }
  },
  "variables": {
    "_solutionName": "Gigamon Connector",
    "_solutionVersion": "3.0.0",
    "solutionId": "gigamon-data-connector.gigamon-connector-sentinel",
    "_solutionId": "[variables('solutionId')]",
    "workbookVersion1": "1.0.0",
    "workbookContentId1": "GigamonConnector",
    "workbookId1": "[resourceId('Microsoft.Insights/workbooks', variables('workbookContentId1'))]",
    "workbookTemplateSpecName1": "[concat(parameters('workspace'),'/Microsoft.SecurityInsights/',concat(parameters('workspace'),'-wb-',uniquestring(variables('_workbookContentId1'))))]",
    "_workbookContentId1": "[variables('workbookContentId1')]",
    "workspaceResourceId": "[resourceId('microsoft.OperationalInsights/Workspaces', parameters('workspace'))]",
    "_workbookcontentProductId1": "[concat(take(variables('_solutionId'),50),'-','wb','-', uniqueString(concat(variables('_solutionId'),'-','Workbook','-',variables('_workbookContentId1'),'-', variables('workbookVersion1'))))]",
    "uiConfigId1": "GigamonDataConnector",
    "_uiConfigId1": "[variables('uiConfigId1')]",
    "dataConnectorContentId1": "GigamonDataConnector",
    "_dataConnectorContentId1": "[variables('dataConnectorContentId1')]",
    "dataConnectorId1": "[extensionResourceId(resourceId('Microsoft.OperationalInsights/workspaces', parameters('workspace')), 'Microsoft.SecurityInsights/dataConnectors', variables('_dataConnectorContentId1'))]",
    "_dataConnectorId1": "[variables('dataConnectorId1')]",
    "dataConnectorTemplateSpecName1": "[concat(parameters('workspace'),'/Microsoft.SecurityInsights/',concat(parameters('workspace'),'-dc-',uniquestring(variables('_dataConnectorContentId1'))))]",
    "dataConnectorVersion1": "1.0.0",
    "_dataConnectorcontentProductId1": "[concat(take(variables('_solutionId'),50),'-','dc','-', uniqueString(concat(variables('_solutionId'),'-','DataConnector','-',variables('_dataConnectorContentId1'),'-', variables('dataConnectorVersion1'))))]",
    "_solutioncontentProductId": "[concat(take(variables('_solutionId'),50),'-','sl','-', uniqueString(concat(variables('_solutionId'),'-','Solution','-',variables('_solutionId'),'-', variables('_solutionVersion'))))]"
  },
  "resources": [
    {
      "type": "Microsoft.OperationalInsights/workspaces/providers/contentTemplates",
      "apiVersion": "2023-04-01-preview",
      "name": "[variables('workbookTemplateSpecName1')]",
      "location": "[parameters('workspace-location')]",
      "dependsOn": [
        "[extensionResourceId(resourceId('Microsoft.OperationalInsights/workspaces', parameters('workspace')), 'Microsoft.SecurityInsights/contentPackages', variables('_solutionId'))]"
      ],
      "properties": {
        "description": "GigamonWorkbook Workbook with template version 3.0.0",
        "mainTemplate": {
          "$schema": "https://schema.management.azure.com/schemas/2019-04-01/deploymentTemplate.json#",
          "contentVersion": "[variables('workbookVersion1')]",
          "parameters": {},
          "variables": {},
          "resources": [
            {
              "type": "Microsoft.Insights/workbooks",
              "name": "[variables('workbookContentId1')]",
              "location": "[parameters('workspace-location')]",
              "kind": "shared",
              "apiVersion": "2021-08-01",
              "metadata": {
                "description": "A visualized overview of Gigamon AMX Data Connector .\nExplore, analize and learn about your security posture using Gigamon AMX data connector Overview."
              },
              "properties": {
                "displayName": "[parameters('workbook1-name')]",
                "serializedData": "{\"version\":\"Notebook/1.0\",\"items\":[{\"type\":1,\"content\":{\"json\":\"# Gigamon AMX Dashboard \\n---\\n\\n This dashboard provides deep observability into all traffic across Organisation's cloud, virtual and physical infrastructure.\"},\"name\":\"text - 2\"},{\"type\":12,\"content\":{\"version\":\"NotebookGroup/1.0\",\"groupType\":\"editable\",\"items\":[{\"type\":1,\"content\":{\"json\":\"## Network Traffic Summary\\r\\nThe following charts summarize the information about network traffic.\"},\"name\":\"text - Summary\"},{\"type\":1,\"content\":{\"json\":\"### Total Application Mix\"},\"customWidth\":\"30\",\"name\":\"text - Keys\"},{\"type\":1,\"content\":{\"json\":\"### P2P Apps seen in the network\"},\"customWidth\":\"30\",\"name\":\"text - Identities\"},{\"type\":1,\"content\":{\"json\":\"### Presence of Cryptomining Activity\"},\"customWidth\":\"30\",\"name\":\"text - Libraries\"},{\"type\":3,\"content\":{\"version\":\"KqlItem/1.0\",\"query\":\"Gigamon_CL \\r\\n | summarize c=count() by app_name_s | where not(app_name_s has_any(\\\"Classification-unknown\\\", \\\"Unknown udp\\\", \\\"Unknown tcp\\\")) | sort by c | limit 100;\",\"size\":3,\"queryType\":0,\"resourceType\":\"microsoft.operationalinsights/workspaces\",\"visualization\":\"piechart\",\"chartSettings\":{\"seriesLabelSettings\":[{\"seriesName\":\"icmp\",\"label\":\"icmp\",\"color\":\"green\"},{\"seriesName\":\"dtls\",\"label\":\"Medium dtls\",\"color\":\"orange\"},{\"seriesName\":\"krb5\",\"label\":\"krb5\",\"color\":\"redBright\"},{\"seriesName\":\"https\",\"label\":\"https\",\"color\":\"blue\"}]}},\"customWidth\":\"30\",\"name\":\"query - 1\"},{\"type\":3,\"content\":{\"version\":\"KqlItem/1.0\",\"query\":\"Gigamon_CL \\r\\n| summarize c=count() by app_name_s | where (app_name_s has_any(\\\"bittorrent\\\", \\\"edonkey\\\", \\\"slsk\\\", \\\"gnutella\\\"))| sort by c | limit 100;\",\"size\":3,\"queryType\":0,\"resourceType\":\"microsoft.operationalinsights/workspaces\",\"visualization\":\"piechart\",\"chartSettings\":{\"seriesLabelSettings\":[{\"seriesName\":\"Low\",\"label\":\"Low Severity\",\"color\":\"green\"},{\"seriesName\":\"Medium\",\"label\":\"Medium Serverity\",\"color\":\"orange\"},{\"seriesName\":\"High\",\"label\":\"High Severity\",\"color\":\"redBright\"},{\"seriesName\":\"Not Defined\",\"color\":\"blue\"},{\"seriesName\":\"bittorrent\",\"label\":\"bittorrent\",\"color\":\"green\"},{\"seriesName\":\"edonkey\",\"label\":\"edonkey\",\"color\":\"orange\"},{\"seriesName\":\"slsk\",\"label\":\"slsk\",\"color\":\"redBright\"},{\"seriesName\":\"gnutella\",\"label\":\"gnutella\",\"color\":\"redBright\"}]}},\"customWidth\":\"33\",\"name\":\"query - 1 - Copy\"},{\"type\":3,\"content\":{\"version\":\"KqlItem/1.0\",\"query\":\"Gigamon_CL \\r\\n| summarize c=count() by app_name_s | where (app_name_s has_any(\\\"bitcoin\\\", \\\"monero\\\", \\\"ethereum\\\", \\\"miner gate\\\")) | sort by c | limit 100;\",\"size\":3,\"queryType\":0,\"resourceType\":\"microsoft.operationalinsights/workspaces\",\"visualization\":\"piechart\",\"chartSettings\":{\"seriesLabelSettings\":[{\"seriesName\":\"Low\",\"label\":\"Low Severity\",\"color\":\"green\"},{\"seriesName\":\"Medium\",\"label\":\"Medium Serverity\",\"color\":\"orange\"},{\"seriesName\":\"High\",\"label\":\"High Severity\",\"color\":\"redBright\"},{\"seriesName\":\"Not Defined\",\"color\":\"blue\"},{\"seriesName\":\"bitcoin\",\"color\":\"orange\"},{\"seriesName\":\"monero\",\"color\":\"green\"},{\"seriesName\":\"ethereum\",\"color\":\"redBright\"},{\"seriesName\":\"miner gate\",\"color\":\"blue\"}]}},\"customWidth\":\"33\",\"name\":\"query - 1 - Copy - Copy\"},{\"type\":1,\"content\":{\"json\":\"### Presence of IoT Traffic\"},\"customWidth\":\"30\",\"name\":\"text - CryptoState\"},{\"type\":1,\"content\":{\"json\":\"### Info on Expired TLS Certificates still being used\"},\"customWidth\":\"70\",\"name\":\"text - QuantumState\"},{\"type\":3,\"content\":{\"version\":\"KqlItem/1.0\",\"query\":\"Gigamon_CL \\r\\n | summarize c=count() by app_name_s | where (app_name_s has_any(\\\"iec104\\\", \\\"mqtt\\\", \\\"coap\\\")) | sort by c | limit 100;\",\"size\":3,\"queryType\":0,\"resourceType\":\"microsoft.operationalinsights/workspaces\",\"visualization\":\"piechart\",\"chartSettings\":{\"seriesLabelSettings\":[{\"seriesName\":\"Low\",\"label\":\"Low Severity\",\"color\":\"green\"},{\"seriesName\":\"Medium\",\"label\":\"Medium Serverity\",\"color\":\"orange\"},{\"seriesName\":\"High\",\"label\":\"High Severity\",\"color\":\"redBright\"},{\"seriesName\":\"Not Defined\",\"color\":\"blue\"},{\"seriesName\":\"iec104\",\"color\":\"orange\"},{\"seriesName\":\"mqtt\",\"color\":\"green\"},{\"seriesName\":\"coap\",\"color\":\"redBright\"}]}},\"customWidth\":\"30\",\"name\":\"Crypto - Classical\"},{\"type\":3,\"content\":{\"version\":\"KqlItem/1.0\",\"query\":\"Gigamon_CL \\r\\n| where isnotempty(app_name_s) and isnotempty(ssl_issuer_s) and isnotempty(ssl_common_name_s) and isnotempty(ssl_validity_not_after_s) | summarize count () by start_time_s,app_name_s,src_ip_s,dst_ip_s,ssl_issuer_s,ssl_common_name_s,ssl_validity_not_after_s | sort by app_name_s; \",\"size\":3,\"queryType\":0,\"resourceType\":\"microsoft.operationalinsights/workspaces\",\"visualization\":\"piechart\",\"chartSettings\":{\"seriesLabelSettings\":[{\"seriesName\":\"icmp\",\"label\":\"icmp\",\"color\":\"green\"},{\"seriesName\":\"dtls\",\"label\":\"Medium dtls\",\"color\":\"orange\"},{\"seriesName\":\"krb5\",\"label\":\"krb5\",\"color\":\"redBright\"},{\"seriesName\":\"https\",\"label\":\"https\",\"color\":\"blue\"}]}},\"customWidth\":\"70\",\"name\":\"PQC Chart\"},{\"type\":12,\"content\":{\"version\":\"NotebookGroup/1.0\",\"groupType\":\"editable\"},\"name\":\"group - 4\"}]},\"name\":\"group - 3\"}]}\r\n",
                "version": "1.0",
                "sourceId": "[variables('workspaceResourceId')]",
                "category": "sentinel"
              }
            },
            {
              "type": "Microsoft.OperationalInsights/workspaces/providers/metadata",
              "apiVersion": "2022-01-01-preview",
              "name": "[concat(parameters('workspace'),'/Microsoft.SecurityInsights/',concat('Workbook-', last(split(variables('workbookId1'),'/'))))]",
              "properties": {
                "description": "@{workbookKey=GigamonConnector; logoFileName=gigamon.svg; description=A visualized overview of Gigamon AMX Data Connector .\nExplore, analize and learn about your security posture using Gigamon AMX data connector Overview.; dataTypesDependencies=System.Object[]; dataConnectorsDependencies=System.Object[]; previewImagesFileNames=System.Object[]; version=1.0.0; title=Gigamon Workbook; templateRelativePath=Gigamon.json; subtitle=; provider=Gigamon}.description",
                "parentId": "[variables('workbookId1')]",
                "contentId": "[variables('_workbookContentId1')]",
                "kind": "Workbook",
                "version": "[variables('workbookVersion1')]",
                "source": {
                  "kind": "Solution",
                  "name": "Gigamon Connector",
                  "sourceId": "[variables('_solutionId')]"
                },
                "author": {
                  "name": "Gigamon"
                },
                "support": {
                  "tier": "Partner",
                  "name": "Gigamon",
                  "link": "https://www.gigamon.com/"
                },
                "dependencies": {
                  "operator": "AND",
                  "criteria": [
                    {
                      "contentId": "Gigamon_CL",
                      "kind": "DataType"
                    },
                    {
                      "contentId": "GigamonDataConnector",
                      "kind": "DataConnector"
                    }
                  ]
                }
              }
            }
          ]
        },
        "packageKind": "Solution",
        "packageVersion": "[variables('_solutionVersion')]",
        "packageName": "[variables('_solutionName')]",
        "packageId": "[variables('_solutionId')]",
        "contentSchemaVersion": "3.0.0",
        "contentId": "[variables('_workbookContentId1')]",
        "contentKind": "Workbook",
        "displayName": "[parameters('workbook1-name')]",
        "contentProductId": "[variables('_workbookcontentProductId1')]",
        "id": "[variables('_workbookcontentProductId1')]",
        "version": "[variables('workbookVersion1')]"
      }
    },
    {
      "type": "Microsoft.OperationalInsights/workspaces/providers/contentTemplates",
      "apiVersion": "2023-04-01-preview",
      "name": "[variables('dataConnectorTemplateSpecName1')]",
      "location": "[parameters('workspace-location')]",
      "dependsOn": [
        "[extensionResourceId(resourceId('Microsoft.OperationalInsights/workspaces', parameters('workspace')), 'Microsoft.SecurityInsights/contentPackages', variables('_solutionId'))]"
      ],
      "properties": {
        "description": "Gigamon Connector data connector with template version 3.0.0",
        "mainTemplate": {
          "$schema": "https://schema.management.azure.com/schemas/2019-04-01/deploymentTemplate.json#",
          "contentVersion": "[variables('dataConnectorVersion1')]",
          "parameters": {},
          "variables": {},
          "resources": [
            {
              "name": "[concat(parameters('workspace'),'/Microsoft.SecurityInsights/',variables('_dataConnectorContentId1'))]",
              "apiVersion": "2021-03-01-preview",
              "type": "Microsoft.OperationalInsights/workspaces/providers/dataConnectors",
              "location": "[parameters('workspace-location')]",
              "kind": "GenericUI",
              "properties": {
                "connectorUiConfig": {
                  "id": "[variables('_uiConfigId1')]",
                  "title": "Gigamon AMX Data Connector",
                  "publisher": "Gigamon",
                  "descriptionMarkdown": "Use this data connector to integrate with Gigamon Application Metadata Exporter (AMX) and get data sent directly to Microsoft Sentinel. ",
                  "graphQueries": [
                    {
                      "metricName": "Total data received",
                      "legend": "Gigamon_CL",
                      "baseQuery": "Gigamon_CL"
                    }
                  ],
                  "sampleQueries": [
                    {
                      "description": "List all artifacts",
                      "query": "Gigamon_CL"
                    }
                  ],
                  "dataTypes": [
                    {
                      "name": "Gigamon_CL",
                      "lastDataReceivedQuery": "Gigamon_CL\n            | summarize Time = max(TimeGenerated)\n            | where isnotempty(Time)"
                    }
                  ],
                  "connectivityCriterias": [
                    {
                      "type": "IsConnectedQuery",
                      "value": [
                        "Gigamon_CL\n            | summarize LastLogReceived = max(TimeGenerated)\n            | project IsConnected = LastLogReceived > ago(30d)"
                      ]
                    }
                  ],
                  "availability": {
                    "status": 1,
                    "isPreview": false
                  },
                  "permissions": {
                    "resourceProvider": [
                      {
                        "provider": "Microsoft.OperationalInsights/workspaces",
                        "permissionsDisplayText": "read and write permissions are required.",
                        "providerDisplayName": "Workspace",
                        "scope": "Workspace",
                        "requiredPermissions": {
                          "write": true,
                          "read": true,
                          "delete": true
                        }
                      },
                      {
                        "provider": "Microsoft.OperationalInsights/workspaces/sharedKeys",
                        "permissionsDisplayText": "read permissions to shared keys for the workspace are required. [See the documentation to learn more about workspace keys](https://docs.microsoft.com/azure/azure-monitor/platform/agent-windows#obtain-workspace-id-and-key).",
                        "providerDisplayName": "Keys",
                        "scope": "Workspace",
                        "requiredPermissions": {
                          "action": true
                        }
                      }
                    ]
                  },
                  "instructionSteps": [
                    {
                      "description": "1. Application Metadata Exporter (AMX) application converts the output from the Application Metadata Intelligence (AMI) in CEF format into JSON format and sends it to the cloud tools and Kafka.\n 2. The AMX application can be deployed only on a V Series Node and can be connected to Application Metadata Intelligence running on a physical node or a virtual machine.\n 3. The AMX application and the AMI are managed by GigaVUE-FM. This application is supported on VMware ESXi, VMware NSX-T, AWS and Azure.\n  ",
                      "instructions": [
                        {
                          "parameters": {
                            "fillWith": [
                              "WorkspaceId"
                            ],
                            "label": "Workspace ID"
                          },
                          "type": "CopyableLabel"
                        },
                        {
                          "parameters": {
                            "fillWith": [
                              "PrimaryKey"
                            ],
                            "label": "Primary Key"
                          },
                          "type": "CopyableLabel"
                        }
                      ],
                      "title": "Gigamon Data Connector"
                    }
                  ],
                  "metadata": {
                    "id": " ",
                    "version": "1.0.0",
                    "kind": "dataConnector",
                    "source": {
                      "kind": "solution",
                      "name": "GigamonSolution"
                    },
                    "author": {
                      "name": "Gigamon"
                    },
                    "support": {
                      "tier": "developer",
                      "name": "Gigamon"
                    }
                  }
                }
              }
            },
            {
              "type": "Microsoft.OperationalInsights/workspaces/providers/metadata",
              "apiVersion": "2023-04-01-preview",
              "name": "[concat(parameters('workspace'),'/Microsoft.SecurityInsights/',concat('DataConnector-', last(split(variables('_dataConnectorId1'),'/'))))]",
              "properties": {
                "parentId": "[extensionResourceId(resourceId('Microsoft.OperationalInsights/workspaces', parameters('workspace')), 'Microsoft.SecurityInsights/dataConnectors', variables('_dataConnectorContentId1'))]",
                "contentId": "[variables('_dataConnectorContentId1')]",
                "kind": "DataConnector",
                "version": "[variables('dataConnectorVersion1')]",
                "source": {
                  "kind": "Solution",
                  "name": "Gigamon Connector",
                  "sourceId": "[variables('_solutionId')]"
                },
                "author": {
                  "name": "Gigamon"
                },
                "support": {
                  "tier": "Partner",
                  "name": "Gigamon",
                  "link": "https://www.gigamon.com/"
                }
              }
            }
          ]
        },
        "packageKind": "Solution",
        "packageVersion": "[variables('_solutionVersion')]",
        "packageName": "[variables('_solutionName')]",
        "packageId": "[variables('_solutionId')]",
        "contentSchemaVersion": "3.0.0",
        "contentId": "[variables('_dataConnectorContentId1')]",
        "contentKind": "DataConnector",
        "displayName": "Gigamon AMX Data Connector",
        "contentProductId": "[variables('_dataConnectorcontentProductId1')]",
        "id": "[variables('_dataConnectorcontentProductId1')]",
        "version": "[variables('dataConnectorVersion1')]"
      }
    },
    {
      "type": "Microsoft.OperationalInsights/workspaces/providers/metadata",
      "apiVersion": "2023-04-01-preview",
      "name": "[concat(parameters('workspace'),'/Microsoft.SecurityInsights/',concat('DataConnector-', last(split(variables('_dataConnectorId1'),'/'))))]",
      "dependsOn": [
        "[variables('_dataConnectorId1')]"
      ],
      "location": "[parameters('workspace-location')]",
      "properties": {
        "parentId": "[extensionResourceId(resourceId('Microsoft.OperationalInsights/workspaces', parameters('workspace')), 'Microsoft.SecurityInsights/dataConnectors', variables('_dataConnectorContentId1'))]",
        "contentId": "[variables('_dataConnectorContentId1')]",
        "kind": "DataConnector",
        "version": "[variables('dataConnectorVersion1')]",
        "source": {
          "kind": "Solution",
          "name": "Gigamon Connector",
          "sourceId": "[variables('_solutionId')]"
        },
        "author": {
          "name": "Gigamon"
        },
        "support": {
          "tier": "Partner",
          "name": "Gigamon",
          "link": "https://www.gigamon.com/"
        }
      }
    },
    {
      "name": "[concat(parameters('workspace'),'/Microsoft.SecurityInsights/',variables('_dataConnectorContentId1'))]",
      "apiVersion": "2021-03-01-preview",
      "type": "Microsoft.OperationalInsights/workspaces/providers/dataConnectors",
      "location": "[parameters('workspace-location')]",
      "kind": "GenericUI",
      "properties": {
        "connectorUiConfig": {
          "title": "Gigamon AMX Data Connector",
          "publisher": "Gigamon",
          "descriptionMarkdown": "Use this data connector to integrate with Gigamon Application Metadata Exporter (AMX) and get data sent directly to Microsoft Sentinel. ",
          "graphQueries": [
            {
              "metricName": "Total data received",
              "legend": "Gigamon_CL",
              "baseQuery": "Gigamon_CL"
            }
          ],
          "dataTypes": [
            {
              "name": "Gigamon_CL",
              "lastDataReceivedQuery": "Gigamon_CL\n            | summarize Time = max(TimeGenerated)\n            | where isnotempty(Time)"
            }
          ],
          "connectivityCriterias": [
            {
              "type": "IsConnectedQuery",
              "value": [
                "Gigamon_CL\n            | summarize LastLogReceived = max(TimeGenerated)\n            | project IsConnected = LastLogReceived > ago(30d)"
              ]
            }
          ],
          "sampleQueries": [
            {
              "description": "List all artifacts",
              "query": "Gigamon_CL"
            }
          ],
          "availability": {
            "status": 1,
            "isPreview": false
          },
          "permissions": {
            "resourceProvider": [
              {
                "provider": "Microsoft.OperationalInsights/workspaces",
                "permissionsDisplayText": "read and write permissions are required.",
                "providerDisplayName": "Workspace",
                "scope": "Workspace",
                "requiredPermissions": {
                  "write": true,
                  "read": true,
                  "delete": true
                }
              },
              {
                "provider": "Microsoft.OperationalInsights/workspaces/sharedKeys",
                "permissionsDisplayText": "read permissions to shared keys for the workspace are required. [See the documentation to learn more about workspace keys](https://docs.microsoft.com/azure/azure-monitor/platform/agent-windows#obtain-workspace-id-and-key).",
                "providerDisplayName": "Keys",
                "scope": "Workspace",
                "requiredPermissions": {
                  "action": true
                }
              }
            ]
          },
          "instructionSteps": [
            {
              "description": "1. Application Metadata Exporter (AMX) application converts the output from the Application Metadata Intelligence (AMI) in CEF format into JSON format and sends it to the cloud tools and Kafka.\n 2. The AMX application can be deployed only on a V Series Node and can be connected to Application Metadata Intelligence running on a physical node or a virtual machine.\n 3. The AMX application and the AMI are managed by GigaVUE-FM. This application is supported on VMware ESXi, VMware NSX-T, AWS and Azure.\n  ",
              "instructions": [
                {
                  "parameters": {
                    "fillWith": [
                      "WorkspaceId"
                    ],
                    "label": "Workspace ID"
                  },
                  "type": "CopyableLabel"
                },
                {
                  "parameters": {
                    "fillWith": [
                      "PrimaryKey"
                    ],
                    "label": "Primary Key"
                  },
                  "type": "CopyableLabel"
                }
              ],
              "title": "Gigamon Data Connector"
            }
          ],
          "id": "[variables('_uiConfigId1')]"
        }
      }
    },
    {
      "type": "Microsoft.OperationalInsights/workspaces/providers/contentPackages",
      "apiVersion": "2023-04-01-preview",
      "location": "[parameters('workspace-location')]",
      "properties": {
        "version": "3.0.0",
        "kind": "Solution",
        "contentSchemaVersion": "3.0.0",
        "displayName": "Gigamon Connector",
        "publisherDisplayName": "Gigamon",
        "descriptionHtml": "<p><strong>Note:</strong> <em>There may be <a href=\"https://aka.ms/sentinelsolutionsknownissues\">known issues</a> pertaining to this Solution, please refer to them before installing.</em></p>\n<p>Gigamon Application Metadata Intelligence empowers your Observability, Security Information and Event Management (SIEM), and Network Performance Monitoring tools with critical metadata attributes across thousands of business, consumer, and IT applications and services. Get deep application visibility to rapidly pinpoint performance bottlenecks, quality issues, and potential network security risks. Application Metadata Intelligence (AMI) helps you monitor and manage complex digital applications for your digital transformation initiatives. This can be achieved through the Gigamon Connector Solution by sending the AMI metadata to Microsoft Sentinel.  Some benefits to highlight are Rich Actionable Insights, Boost Security Posture etc..</p>\n<p>For more, <a href=\"https://www.gigamon.com/products/optimize-traffic/application-intelligence/application-metadata.html\">click here</a></p>\n<p><strong>Underlying Microsoft Technologies used:</strong></p>\n<p>This solution takes a dependency on the following technologies, and some of these dependencies either may be in <a href=\"https://azure.microsoft.com/support/legal/preview-supplemental-terms/\">Preview</a> state or might result in additional ingestion or operational costs:</p>\n<ol type=\"a\">\n<li><a href=\"https://docs.microsoft.com/azure/azure-monitor/logs/data-collector-api\">Azure Monitor HTTP Data Collector API</a></li>\n</ol>\n<p><strong>Data Connectors:</strong> 1, <strong>Workbooks:</strong> 1</p>\n<p><a href=\"https://aka.ms/azuresentinel\">Learn more about Microsoft Sentinel</a> | <a href=\"https://aka.ms/azuresentinelsolutionsdoc\">Learn more about Solutions</a></p>\n",
        "contentKind": "Solution",
        "contentProductId": "[variables('_solutioncontentProductId')]",
        "id": "[variables('_solutioncontentProductId')]",
        "icon": "<img src=\"https://raw.githubusercontent.com/Azure/Azure-Sentinel/master/Logos/gigamon.svg\" width=\"75px\" height=\"75px\">",
        "contentId": "[variables('_solutionId')]",
        "parentId": "[variables('_solutionId')]",
        "source": {
          "kind": "Solution",
          "name": "Gigamon Connector",
          "sourceId": "[variables('_solutionId')]"
        },
        "author": {
          "name": "Gigamon"
        },
        "support": {
          "name": "Gigamon",
          "tier": "Partner",
          "link": "https://www.gigamon.com/"
        },
        "dependencies": {
          "operator": "AND",
          "criteria": [
            {
              "kind": "Workbook",
              "contentId": "[variables('_workbookContentId1')]",
              "version": "[variables('workbookVersion1')]"
            },
            {
              "kind": "DataConnector",
              "contentId": "[variables('_dataConnectorContentId1')]",
              "version": "[variables('dataConnectorVersion1')]"
            }
          ]
        },
        "providers": [
          "Gigamon"
        ],
        "categories": {
          "domains": [
            "Security - Network"
          ]
        }
      },
      "name": "[concat(parameters('workspace'),'/Microsoft.SecurityInsights/', variables('_solutionId'))]"
    }
  ],
  "outputs": {}
}
