{
  "$schema": "https://schema.management.azure.com/schemas/2019-04-01/deploymentTemplate.json#",
  "contentVersion": "1.0.0.0",
  "metadata": {
    "author": "Microsoft support@microsoft.com",
    "comments": "Solution template for TheHive"
  },
  "parameters": {
    "location": {
      "type": "string",
      "minLength": 1,
      "defaultValue": "[resourceGroup().location]",
      "metadata": {
        "description": "Not used, but needed to pass arm-ttk test `Location-Should-Not-Be-Hardcoded`.  We instead use the `workspace-location` which is derived from the LA workspace"
      }
    },
    "workspace-location": {
      "type": "string",
      "defaultValue": "",
      "metadata": {
        "description": "[concat('Region to deploy solution resources -- separate from location selection',parameters('location'))]"
      }
    },
    "workspace": {
      "defaultValue": "",
      "type": "string",
      "metadata": {
        "description": "Workspace name for Log Analytics where Microsoft Sentinel is setup"
      }
    }
  },
  "variables": {
    "solutionId": "azuresentinel.azure-sentinel-solution-thehive",
    "_solutionId": "[variables('solutionId')]",
    "workspaceResourceId": "[resourceId('microsoft.OperationalInsights/Workspaces', parameters('workspace'))]",
    "uiConfigId1": "TheHiveProjectTheHive",
    "_uiConfigId1": "[variables('uiConfigId1')]",
    "dataConnectorContentId1": "TheHiveProjectTheHive",
    "_dataConnectorContentId1": "[variables('dataConnectorContentId1')]",
    "dataConnectorId1": "[extensionResourceId(resourceId('Microsoft.OperationalInsights/workspaces', parameters('workspace')), 'Microsoft.SecurityInsights/dataConnectors', variables('_dataConnectorContentId1'))]",
    "_dataConnectorId1": "[variables('dataConnectorId1')]",
    "dataConnectorTemplateSpecName1": "[concat(parameters('workspace'),'-dc-',uniquestring(variables('_dataConnectorContentId1')))]",
    "dataConnectorVersion1": "1.0.0",
    "parserVersion1": "1.0.0",
    "parserContentId1": "TheHive-Parser",
    "_parserContentId1": "[variables('parserContentId1')]",
    "parserName1": "TheHive Data Parser",
    "_parserName1": "[concat(parameters('workspace'),'/',variables('parserName1'))]",
    "parserId1": "[resourceId('Microsoft.OperationalInsights/workspaces/savedSearches', parameters('workspace'), variables('parserName1'))]",
    "_parserId1": "[variables('parserId1')]",
    "parserTemplateSpecName1": "[concat(parameters('workspace'),'-pr-',uniquestring(variables('_parserContentId1')))]"
  },
  "resources": [
    {
      "type": "Microsoft.Resources/templateSpecs",
      "apiVersion": "2021-05-01",
      "name": "[variables('dataConnectorTemplateSpecName1')]",
      "location": "[parameters('workspace-location')]",
      "tags": {
        "hidden-sentinelWorkspaceId": "[variables('workspaceResourceId')]",
        "hidden-sentinelContentType": "DataConnector"
      },
      "properties": {
        "description": "TheHive data connector with template",
        "displayName": "TheHive template"
      }
    },
    {
      "type": "Microsoft.Resources/templateSpecs/versions",
      "apiVersion": "2021-05-01",
      "name": "[concat(variables('dataConnectorTemplateSpecName1'),'/',variables('dataConnectorVersion1'))]",
      "location": "[parameters('workspace-location')]",
      "tags": {
        "hidden-sentinelWorkspaceId": "[variables('workspaceResourceId')]",
        "hidden-sentinelContentType": "DataConnector"
      },
      "dependsOn": [
        "[resourceId('Microsoft.Resources/templateSpecs', variables('dataConnectorTemplateSpecName1'))]"
      ],
      "properties": {
        "description": "TheHive data connector with template version 2.0.0",
        "mainTemplate": {
          "$schema": "https://schema.management.azure.com/schemas/2019-04-01/deploymentTemplate.json#",
          "contentVersion": "[variables('dataConnectorVersion1')]",
          "parameters": {},
          "variables": {},
          "resources": [
            {
              "name": "[concat(parameters('workspace'),'/Microsoft.SecurityInsights/',variables('_dataConnectorContentId1'))]",
              "apiVersion": "2021-03-01-preview",
              "type": "Microsoft.OperationalInsights/workspaces/providers/dataConnectors",
              "location": "[parameters('workspace-location')]",
              "kind": "GenericUI",
              "properties": {
                "connectorUiConfig": {
                  "id": "[variables('_uiConfigId1')]",
                  "title": "TheHive Project - TheHive (using Azure Function)",
                  "publisher": "TheHive Project",
                  "descriptionMarkdown": "The [TheHive](http://thehive-project.org/) data connector provides the capability to ingest common TheHive events into Microsoft Sentinel through Webhooks. TheHive can notify external system of modification events (case creation, alert update, task assignment) in real time. When a change occurs in the TheHive, an HTTPS POST request with event information is sent to a callback data connector URL.  Refer to [Webhooks documentation](https://docs.thehive-project.org/thehive/legacy/thehive3/admin/webhooks/) for more information. The connector provides ability to get events which helps to examine potential security risks, analyze your team's use of collaboration, diagnose configuration problems and more.",
                  "additionalRequirementBanner": ">This data connector depends on a parser based on a Kusto Function to work as expected [**TheHive**](https://aka.ms/sentinel-TheHive-parser) which is deployed with the Microsoft Sentinel Solution.",
                  "graphQueries": [
                    {
                      "metricName": "Total data received",
                      "legend": "TheHive_CL",
                      "baseQuery": "TheHive_CL"
                    }
                  ],
                  "sampleQueries": [
                    {
                      "description": "TheHive Events - All Activities.",
                      "query": "TheHive\n | sort by TimeGenerated desc"
                    }
                  ],
                  "dataTypes": [
                    {
                      "name": "TheHive_CL",
                      "lastDataReceivedQuery": "TheHive_CL\n            | summarize Time = max(TimeGenerated)\n            | where isnotempty(Time)"
                    }
                  ],
                  "connectivityCriterias": [
                    {
                      "type": "IsConnectedQuery",
                      "value": [
                        "TheHive_CL\n            | summarize LastLogReceived = max(TimeGenerated)\n            | project IsConnected = LastLogReceived > ago(30d)"
                      ]
                    }
                  ],
                  "availability": {
                    "status": 1,
                    "isPreview": false
                  },
                  "permissions": {
                    "resourceProvider": [
                      {
                        "provider": "Microsoft.OperationalInsights/workspaces",
                        "permissionsDisplayText": "read and write permissions on the workspace are required.",
                        "providerDisplayName": "Workspace",
                        "scope": "Workspace",
                        "requiredPermissions": {
                          "write": true,
                          "read": true,
                          "delete": true
                        }
                      },
                      {
                        "provider": "Microsoft.OperationalInsights/workspaces/sharedKeys",
                        "permissionsDisplayText": "read permissions to shared keys for the workspace are required. [See the documentation to learn more about workspace keys](https://docs.microsoft.com/azure/azure-monitor/platform/agent-windows#obtain-workspace-id-and-key).",
                        "providerDisplayName": "Keys",
                        "scope": "Workspace",
                        "requiredPermissions": {
                          "action": true
                        }
                      }
                    ],
                    "customs": [
                      {
                        "name": "Microsoft.Web/sites permissions",
                        "description": "Read and write permissions to Azure Functions to create a Function App is required. [See the documentation to learn more about Azure Functions](https://docs.microsoft.com/azure/azure-functions/)."
                      },
                      {
                        "name": "Webhooks Credentials/permissions",
                        "description": "**TheHiveBearerToken**, **Callback URL** are required for working Webhooks. See the documentation to learn more about [configuring Webhooks](https://docs.thehive-project.org/thehive/installation-and-configuration/configuration/webhooks/)."
                      }
                    ]
                  },
                  "instructionSteps": [
                    {
                      "description": ">**NOTE:** This data connector uses Azure Functions based on HTTP Trigger for waiting POST requests with logs to pull its logs into Microsoft Sentinel. This might result in additional data ingestion costs. Check the [Azure Functions pricing page](https://azure.microsoft.com/pricing/details/functions/) for details."
                    },
                    {
                      "description": ">**(Optional Step)** Securely store workspace and API authorization key(s) or token(s) in Azure Key Vault. Azure Key Vault provides a secure mechanism to store and retrieve key values. [Follow these instructions](https://docs.microsoft.com/azure/app-service/app-service-key-vault-references) to use Azure Key Vault with an Azure Function App."
                    },
                    {
                      "description": ">**NOTE:** This data connector depends on a parser based on a Kusto Function to work as expected [**TheHive**](https://aka.ms/sentinel-TheHive-parser) which is deployed with the Microsoft Sentinel Solution."
                    },
                    {
                      "description": "**STEP 1 - Configuration steps for the TheHive**\n\n Follow the [instructions](https://docs.thehive-project.org/thehive/installation-and-configuration/configuration/webhooks/) to configure Webhooks.\n\n1. Authentication method is *Beared Auth*.\n2. Generate the **TheHiveBearerToken** according to your password policy.\n3. Setup Webhook notifications in the *application.conf* file including **TheHiveBearerToken** parameter."
                    },
                    {
                      "description": "**STEP 2 - Choose ONE from the following two deployment options to deploy the connector and the associated Azure Function**\n\n>**IMPORTANT:** Before deploying the TheHive data connector, have the Workspace ID and Workspace Primary Key (can be copied from the following).",
                      "instructions": [
                        {
                          "parameters": {
                            "fillWith": [
                              "WorkspaceId"
                            ],
                            "label": "Workspace ID"
                          },
                          "type": "CopyableLabel"
                        },
                        {
                          "parameters": {
                            "fillWith": [
                              "PrimaryKey"
                            ],
                            "label": "Primary Key"
                          },
                          "type": "CopyableLabel"
                        }
                      ]
                    },
                    {
                      "description": "Use this method for automated deployment of the TheHive data connector using an ARM Template.\n\n1. Click the **Deploy to Azure** button below. \n\n\t[![Deploy To Azure](https://aka.ms/deploytoazurebutton)](https://aka.ms/sentinel-TheHive-azuredeploy)\n2. Select the preferred **Subscription**, **Resource Group** and **Location**. \n> **NOTE:** Within the same resource group, you can't mix Windows and Linux apps in the same region. Select existing resource group without Windows apps in it or create new resource group.\n3. Enter the **TheHiveBearerToken** and deploy. \n4. Mark the checkbox labeled **I agree to the terms and conditions stated above**. \n5. Click **Purchase** to deploy.\n6. After deploying open Function App page, select your app, go to the **Functions** and click **Get Function Url** copy it and follow p.7 from STEP 1.",
                      "title": "Option 1 - Azure Resource Manager (ARM) Template"
                    },
                    {
                      "description": "Use the following step-by-step instructions to deploy the TheHive data connector manually with Azure Functions (Deployment via Visual Studio Code).",
                      "title": "Option 2 - Manual Deployment of Azure Functions"
                    },
                    {
                      "description": "**1. Deploy a Function App**\n\n> **NOTE:** You will need to [prepare VS code](https://docs.microsoft.com/azure/azure-functions/functions-create-first-function-python#prerequisites) for Azure function development.\n\n1. Download the [Azure Function App](https://aka.ms/sentinel-TheHive-functionapp) file. Extract archive to your local development computer.\n2. Start VS Code. Choose File in the main menu and select Open Folder.\n3. Select the top level folder from extracted files.\n4. Choose the Azure icon in the Activity bar, then in the **Azure: Functions** area, choose the **Deploy to function app** button.\nIf you aren't already signed in, choose the Azure icon in the Activity bar, then in the **Azure: Functions** area, choose **Sign in to Azure**\nIf you're already signed in, go to the next step.\n5. Provide the following information at the prompts:\n\n\ta. **Select folder:** Choose a folder from your workspace or browse to one that contains your function app.\n\n\tb. **Select Subscription:** Choose the subscription to use.\n\n\tc. Select **Create new Function App in Azure** (Don't choose the Advanced option)\n\n\td. **Enter a globally unique name for the function app:** Type a name that is valid in a URL path. The name you type is validated to make sure that it's unique in Azure Functions. (e.g. TheHiveXXXXX).\n\n\te. **Select a runtime:** Choose Python 3.8.\n\n\tf. Select a location for new resources. For better performance and lower costs choose the same [region](https://azure.microsoft.com/regions/) where Microsoft Sentinel is located.\n\n6. Deployment will begin. A notification is displayed after your function app is created and the deployment package is applied.\n7. Go to Azure Portal for the Function App configuration."
                    },
                    {
                      "description": "**2. Configure the Function App**\n\n1. In the Function App, select the Function App Name and select **Configuration**.\n2. In the **Application settings** tab, select ** New application setting**.\n3. Add each of the following application settings individually, with their respective string values (case-sensitive): \n\t\tTheHiveBearerToken\n\t\tWorkspaceID\n\t\tWorkspaceKey\n\t\tlogAnalyticsUri (optional)\n> - Use logAnalyticsUri to override the log analytics API endpoint for dedicated cloud. For example, for public cloud, leave the value empty; for Azure GovUS cloud environment, specify the value in the following format: `https://<CustomerId>.ods.opinsights.azure.us`.\n4. Once all application settings have been entered, click **Save**."
                    }
                  ]
                }
              }
            },
            {
              "type": "Microsoft.OperationalInsights/workspaces/providers/metadata",
              "apiVersion": "2022-01-01-preview",
              "name": "[concat(parameters('workspace'),'/Microsoft.SecurityInsights/',concat('DataConnector-', last(split(variables('_dataConnectorId1'),'/'))))]",
              "properties": {
                "parentId": "[extensionResourceId(resourceId('Microsoft.OperationalInsights/workspaces', parameters('workspace')), 'Microsoft.SecurityInsights/dataConnectors', variables('_dataConnectorContentId1'))]",
                "contentId": "[variables('_dataConnectorContentId1')]",
                "kind": "DataConnector",
                "version": "[variables('dataConnectorVersion1')]",
                "source": {
                  "kind": "Solution",
                  "name": "TheHive",
                  "sourceId": "[variables('_solutionId')]"
                },
                "author": {
                  "name": "Microsoft support@microsoft.com"
                },
                "support": {
                  "name": "Microsoft Corporation",
                  "email": "support@microsoft.com",
                  "tier": "Microsoft",
                  "link": "https://support.microsoft.com"
                }
              }
            }
          ]
        }
      }
    },
    {
      "type": "Microsoft.OperationalInsights/workspaces/providers/metadata",
      "apiVersion": "2022-01-01-preview",
      "name": "[concat(parameters('workspace'),'/Microsoft.SecurityInsights/',concat('DataConnector-', last(split(variables('_dataConnectorId1'),'/'))))]",
      "dependsOn": [
        "[variables('_dataConnectorId1')]"
      ],
      "location": "[parameters('workspace-location')]",
      "properties": {
        "parentId": "[extensionResourceId(resourceId('Microsoft.OperationalInsights/workspaces', parameters('workspace')), 'Microsoft.SecurityInsights/dataConnectors', variables('_dataConnectorContentId1'))]",
        "contentId": "[variables('_dataConnectorContentId1')]",
        "kind": "DataConnector",
        "version": "[variables('dataConnectorVersion1')]",
        "source": {
          "kind": "Solution",
          "name": "TheHive",
          "sourceId": "[variables('_solutionId')]"
        },
        "author": {
          "name": "Microsoft support@microsoft.com"
        },
        "support": {
          "name": "Microsoft Corporation",
          "email": "support@microsoft.com",
          "tier": "Microsoft",
          "link": "https://support.microsoft.com"
        }
      }
    },
    {
      "name": "[concat(parameters('workspace'),'/Microsoft.SecurityInsights/',variables('_dataConnectorContentId1'))]",
      "apiVersion": "2021-03-01-preview",
      "type": "Microsoft.OperationalInsights/workspaces/providers/dataConnectors",
      "location": "[parameters('workspace-location')]",
      "kind": "GenericUI",
      "properties": {
        "connectorUiConfig": {
          "title": "TheHive Project - TheHive (using Azure Function)",
          "publisher": "TheHive Project",
          "descriptionMarkdown": "The [TheHive](http://thehive-project.org/) data connector provides the capability to ingest common TheHive events into Microsoft Sentinel through Webhooks. TheHive can notify external system of modification events (case creation, alert update, task assignment) in real time. When a change occurs in the TheHive, an HTTPS POST request with event information is sent to a callback data connector URL.  Refer to [Webhooks documentation](https://docs.thehive-project.org/thehive/legacy/thehive3/admin/webhooks/) for more information. The connector provides ability to get events which helps to examine potential security risks, analyze your team's use of collaboration, diagnose configuration problems and more.",
          "graphQueries": [
            {
              "metricName": "Total data received",
              "legend": "TheHive_CL",
              "baseQuery": "TheHive_CL"
            }
          ],
          "dataTypes": [
            {
              "name": "TheHive_CL",
              "lastDataReceivedQuery": "TheHive_CL\n            | summarize Time = max(TimeGenerated)\n            | where isnotempty(Time)"
            }
          ],
          "connectivityCriterias": [
            {
              "type": "IsConnectedQuery",
              "value": [
                "TheHive_CL\n            | summarize LastLogReceived = max(TimeGenerated)\n            | project IsConnected = LastLogReceived > ago(30d)"
              ]
            }
          ],
          "sampleQueries": [
            {
              "description": "TheHive Events - All Activities.",
              "query": "TheHive\n | sort by TimeGenerated desc"
            }
          ],
          "availability": {
            "status": 1,
            "isPreview": false
          },
          "permissions": {
            "resourceProvider": [
              {
                "provider": "Microsoft.OperationalInsights/workspaces",
                "permissionsDisplayText": "read and write permissions on the workspace are required.",
                "providerDisplayName": "Workspace",
                "scope": "Workspace",
                "requiredPermissions": {
                  "write": true,
                  "read": true,
                  "delete": true
                }
              },
              {
                "provider": "Microsoft.OperationalInsights/workspaces/sharedKeys",
                "permissionsDisplayText": "read permissions to shared keys for the workspace are required. [See the documentation to learn more about workspace keys](https://docs.microsoft.com/azure/azure-monitor/platform/agent-windows#obtain-workspace-id-and-key).",
                "providerDisplayName": "Keys",
                "scope": "Workspace",
                "requiredPermissions": {
                  "action": true
                }
              }
            ],
            "customs": [
              {
                "name": "Microsoft.Web/sites permissions",
                "description": "Read and write permissions to Azure Functions to create a Function App is required. [See the documentation to learn more about Azure Functions](https://docs.microsoft.com/azure/azure-functions/)."
              },
              {
                "name": "Webhooks Credentials/permissions",
                "description": "**TheHiveBearerToken**, **Callback URL** are required for working Webhooks. See the documentation to learn more about [configuring Webhooks](https://docs.thehive-project.org/thehive/installation-and-configuration/configuration/webhooks/)."
              }
            ]
          },
          "instructionSteps": [
            {
              "description": ">**NOTE:** This data connector uses Azure Functions based on HTTP Trigger for waiting POST requests with logs to pull its logs into Microsoft Sentinel. This might result in additional data ingestion costs. Check the [Azure Functions pricing page](https://azure.microsoft.com/pricing/details/functions/) for details."
            },
            {
              "description": ">**(Optional Step)** Securely store workspace and API authorization key(s) or token(s) in Azure Key Vault. Azure Key Vault provides a secure mechanism to store and retrieve key values. [Follow these instructions](https://docs.microsoft.com/azure/app-service/app-service-key-vault-references) to use Azure Key Vault with an Azure Function App."
            },
            {
              "description": ">**NOTE:** This data connector depends on a parser based on a Kusto Function to work as expected [**TheHive**](https://aka.ms/sentinel-TheHive-parser) which is deployed with the Microsoft Sentinel Solution."
            },
            {
              "description": "**STEP 1 - Configuration steps for the TheHive**\n\n Follow the [instructions](https://docs.thehive-project.org/thehive/installation-and-configuration/configuration/webhooks/) to configure Webhooks.\n\n1. Authentication method is *Beared Auth*.\n2. Generate the **TheHiveBearerToken** according to your password policy.\n3. Setup Webhook notifications in the *application.conf* file including **TheHiveBearerToken** parameter."
            },
            {
              "description": "**STEP 2 - Choose ONE from the following two deployment options to deploy the connector and the associated Azure Function**\n\n>**IMPORTANT:** Before deploying the TheHive data connector, have the Workspace ID and Workspace Primary Key (can be copied from the following).",
              "instructions": [
                {
                  "parameters": {
                    "fillWith": [
                      "WorkspaceId"
                    ],
                    "label": "Workspace ID"
                  },
                  "type": "CopyableLabel"
                },
                {
                  "parameters": {
                    "fillWith": [
                      "PrimaryKey"
                    ],
                    "label": "Primary Key"
                  },
                  "type": "CopyableLabel"
                }
              ]
            },
            {
              "description": "Use this method for automated deployment of the TheHive data connector using an ARM Template.\n\n1. Click the **Deploy to Azure** button below. \n\n\t[![Deploy To Azure](https://aka.ms/deploytoazurebutton)](https://aka.ms/sentinel-TheHive-azuredeploy)\n2. Select the preferred **Subscription**, **Resource Group** and **Location**. \n> **NOTE:** Within the same resource group, you can't mix Windows and Linux apps in the same region. Select existing resource group without Windows apps in it or create new resource group.\n3. Enter the **TheHiveBearerToken** and deploy. \n4. Mark the checkbox labeled **I agree to the terms and conditions stated above**. \n5. Click **Purchase** to deploy.\n6. After deploying open Function App page, select your app, go to the **Functions** and click **Get Function Url** copy it and follow p.7 from STEP 1.",
              "title": "Option 1 - Azure Resource Manager (ARM) Template"
            },
            {
              "description": "Use the following step-by-step instructions to deploy the TheHive data connector manually with Azure Functions (Deployment via Visual Studio Code).",
              "title": "Option 2 - Manual Deployment of Azure Functions"
            },
            {
              "description": "**1. Deploy a Function App**\n\n> **NOTE:** You will need to [prepare VS code](https://docs.microsoft.com/azure/azure-functions/functions-create-first-function-python#prerequisites) for Azure function development.\n\n1. Download the [Azure Function App](https://aka.ms/sentinel-TheHive-functionapp) file. Extract archive to your local development computer.\n2. Start VS Code. Choose File in the main menu and select Open Folder.\n3. Select the top level folder from extracted files.\n4. Choose the Azure icon in the Activity bar, then in the **Azure: Functions** area, choose the **Deploy to function app** button.\nIf you aren't already signed in, choose the Azure icon in the Activity bar, then in the **Azure: Functions** area, choose **Sign in to Azure**\nIf you're already signed in, go to the next step.\n5. Provide the following information at the prompts:\n\n\ta. **Select folder:** Choose a folder from your workspace or browse to one that contains your function app.\n\n\tb. **Select Subscription:** Choose the subscription to use.\n\n\tc. Select **Create new Function App in Azure** (Don't choose the Advanced option)\n\n\td. **Enter a globally unique name for the function app:** Type a name that is valid in a URL path. The name you type is validated to make sure that it's unique in Azure Functions. (e.g. TheHiveXXXXX).\n\n\te. **Select a runtime:** Choose Python 3.8.\n\n\tf. Select a location for new resources. For better performance and lower costs choose the same [region](https://azure.microsoft.com/regions/) where Microsoft Sentinel is located.\n\n6. Deployment will begin. A notification is displayed after your function app is created and the deployment package is applied.\n7. Go to Azure Portal for the Function App configuration."
            },
            {
              "description": "**2. Configure the Function App**\n\n1. In the Function App, select the Function App Name and select **Configuration**.\n2. In the **Application settings** tab, select ** New application setting**.\n3. Add each of the following application settings individually, with their respective string values (case-sensitive): \n\t\tTheHiveBearerToken\n\t\tWorkspaceID\n\t\tWorkspaceKey\n\t\tlogAnalyticsUri (optional)\n> - Use logAnalyticsUri to override the log analytics API endpoint for dedicated cloud. For example, for public cloud, leave the value empty; for Azure GovUS cloud environment, specify the value in the following format: `https://<CustomerId>.ods.opinsights.azure.us`.\n4. Once all application settings have been entered, click **Save**."
            }
          ],
          "id": "[extensionResourceId(resourceId('Microsoft.OperationalInsights/workspaces', parameters('workspace')), 'Microsoft.SecurityInsights/dataConnectors', variables('_uiConfigId1'))]",
          "additionalRequirementBanner": ">This data connector depends on a parser based on a Kusto Function to work as expected [**TheHive**](https://aka.ms/sentinel-TheHive-parser) which is deployed with the Microsoft Sentinel Solution."
        }
      }
    },
    {
      "type": "Microsoft.Resources/templateSpecs",
      "apiVersion": "2021-05-01",
      "name": "[variables('parserTemplateSpecName1')]",
      "location": "[parameters('workspace-location')]",
      "tags": {
        "hidden-sentinelWorkspaceId": "[variables('workspaceResourceId')]",
        "hidden-sentinelContentType": "Parser"
      },
      "properties": {
        "description": "TheHive Data Parser with template",
        "displayName": "TheHive Data Parser template"
      }
    },
    {
      "type": "Microsoft.Resources/templateSpecs/versions",
      "apiVersion": "2021-05-01",
      "name": "[concat(variables('parserTemplateSpecName1'),'/',variables('parserVersion1'))]",
      "location": "[parameters('workspace-location')]",
      "tags": {
        "hidden-sentinelWorkspaceId": "[variables('workspaceResourceId')]",
        "hidden-sentinelContentType": "Parser"
      },
      "dependsOn": [
        "[resourceId('Microsoft.Resources/templateSpecs', variables('parserTemplateSpecName1'))]"
      ],
      "properties": {
        "description": "TheHive Data Parser with template version 2.0.0",
        "mainTemplate": {
          "$schema": "https://schema.management.azure.com/schemas/2019-04-01/deploymentTemplate.json#",
          "contentVersion": "[variables('parserVersion1')]",
          "parameters": {},
          "variables": {},
          "resources": [
            {
              "name": "[variables('_parserName1')]",
              "apiVersion": "2020-08-01",
              "type": "Microsoft.OperationalInsights/workspaces/savedSearches",
              "location": "[parameters('workspace-location')]",
              "properties": {
                "eTag": "*",
                "displayName": "TheHive Data Parser",
                "category": "Samples",
                "functionAlias": "TheHive",
                "query": "\nlet TheHive_view  = view () { \r\n    TheHive_CL\r\n    | extend \r\n                EventVendor=\"TheHive Project\",\r\n                EventProduct=\"TheHive\",\r\n                ObjectUpdatedBy=column_ifexists('object_updatedBy_s', ''),\r\n                ObjectUpdatedAt=unixtime_milliseconds_todatetime(column_ifexists('object_updatedAt_d', '')),\r\n                Operation=column_ifexists('operation_s', ''),\r\n                ObjectType=column_ifexists('objectType_s', column_ifexists('object__type_s', '')),\r\n                ObjectId=column_ifexists('objectId_s', column_ifexists('object_id_s', '')),\r\n                StartDate=unixtime_milliseconds_todatetime(column_ifexists('startDate_d', '')),\r\n                RequestId=column_ifexists('requestId_s', ''),\r\n                DetailsDescription=column_ifexists('details_description_s', ''),\r\n                DetailsFlag=column_ifexists('details_flag_b', ''),\r\n                DetailsTitle=column_ifexists('details_title_s', ''),\r\n                DetailsStatus=column_ifexists('details_status_s', ''),\r\n                DetailsOwner=column_ifexists('details_owner_s', ''),\r\n                DetailsCaseId=column_ifexists('details_caseId_d', ''),\r\n                DetailsSeverity=column_ifexists('details_severity_d', ''),\r\n                DetailsTlp=column_ifexists('details_tlp_d', ''),\r\n                DetailsStartDate=unixtime_milliseconds_todatetime(column_ifexists('details_startDate_d', '')),\r\n                DetailsTags=column_ifexists('details_tags_s', ''),\r\n                Base=column_ifexists('base_b', ''),\r\n                RootId=column_ifexists('rootId_s', ''),\r\n                ObjectCreatedBy=column_ifexists('object_createdBy_s', ''),\r\n                ObjectDescription=column_ifexists('object_description_s', ''),\r\n                ObjectFlag=column_ifexists('object_flag_b', ''),\r\n                ObjectUser=column_ifexists('object_user_s', ''),\r\n                ObjectTitle=column_ifexists('object_title_s', ''),\r\n                ObjectStatus=column_ifexists('object_status_s', ''),\r\n                ObjectOwner=column_ifexists('object_owner_s', ''),\r\n                ObjectCreatedAt=unixtime_milliseconds_todatetime(column_ifexists('object_createdAt_d', '')),\r\n                ObjectCaseId=column_ifexists('object_caseId_d', ''),\r\n                ObjectSeverity=column_ifexists('object_severity_d', ''),\r\n                ObjectTlp=column_ifexists('object_tlp_d', ''),\r\n                ObjectStartDate=unixtime_milliseconds_todatetime(column_ifexists('object_startDate_d', '')),\r\n                ObjectTags=column_ifexists('object_tags_s', '')\r\n    | project\r\n                TimeGenerated, \r\n                EventVendor,\r\n                EventProduct,\r\n                ObjectUpdatedBy,\r\n                ObjectUpdatedAt,\r\n                Operation,\r\n                ObjectType,\r\n                ObjectId,\r\n                StartDate,\r\n                RequestId,\r\n                DetailsDescription,\r\n                DetailsFlag,\r\n                DetailsTitle,\r\n                DetailsStatus,\r\n                DetailsOwner,\r\n                DetailsCaseId,\r\n                DetailsSeverity,\r\n                DetailsTlp,\r\n                DetailsStartDate,\r\n                DetailsTags,\r\n                Base,\r\n                RootId,\r\n                ObjectCreatedBy,\r\n                ObjectDescription,\r\n                ObjectFlag,\r\n                ObjectUser,\r\n                ObjectTitle,\r\n                ObjectStatus,\r\n                ObjectOwner,\r\n                ObjectCreatedAt,\r\n                ObjectCaseId,\r\n                ObjectSeverity,\r\n                ObjectTlp,\r\n                ObjectStartDate,\r\n                ObjectTags    \r\n};\r\nTheHive_view",
                "version": 1,
                "tags": [
                  {
                    "name": "description",
                    "value": "TheHive Data Parser"
                  }
                ]
              }
            },
            {
              "type": "Microsoft.OperationalInsights/workspaces/providers/metadata",
              "apiVersion": "2022-01-01-preview",
              "name": "[concat(parameters('workspace'),'/Microsoft.SecurityInsights/',concat('Parser-', last(split(variables('_parserId1'),'/'))))]",
              "dependsOn": [
                "[variables('_parserName1')]"
              ],
              "properties": {
                "parentId": "[resourceId('Microsoft.OperationalInsights/workspaces/savedSearches', parameters('workspace'), variables('parserName1'))]",
                "contentId": "[variables('_parserContentId1')]",
                "kind": "Parser",
                "version": "[variables('parserVersion1')]",
                "source": {
                  "name": "TheHive",
                  "kind": "Solution",
                  "sourceId": "[variables('_solutionId')]"
                },
                "author": {
                  "name": "Microsoft support@microsoft.com"
                },
                "support": {
                  "name": "Microsoft Corporation",
                  "email": "support@microsoft.com",
                  "tier": "Microsoft",
                  "link": "https://support.microsoft.com"
                }
              }
            }
          ]
        }
      }
    },
    {
      "type": "Microsoft.OperationalInsights/workspaces/savedSearches",
      "apiVersion": "2021-06-01",
      "name": "[variables('_parserName1')]",
      "location": "[parameters('workspace-location')]",
      "properties": {
        "eTag": "*",
        "displayName": "TheHive Data Parser",
        "category": "Samples",
        "functionAlias": "TheHive",
        "query": "\nlet TheHive_view  = view () { \r\n    TheHive_CL\r\n    | extend \r\n                EventVendor=\"TheHive Project\",\r\n                EventProduct=\"TheHive\",\r\n                ObjectUpdatedBy=column_ifexists('object_updatedBy_s', ''),\r\n                ObjectUpdatedAt=unixtime_milliseconds_todatetime(column_ifexists('object_updatedAt_d', '')),\r\n                Operation=column_ifexists('operation_s', ''),\r\n                ObjectType=column_ifexists('objectType_s', column_ifexists('object__type_s', '')),\r\n                ObjectId=column_ifexists('objectId_s', column_ifexists('object_id_s', '')),\r\n                StartDate=unixtime_milliseconds_todatetime(column_ifexists('startDate_d', '')),\r\n                RequestId=column_ifexists('requestId_s', ''),\r\n                DetailsDescription=column_ifexists('details_description_s', ''),\r\n                DetailsFlag=column_ifexists('details_flag_b', ''),\r\n                DetailsTitle=column_ifexists('details_title_s', ''),\r\n                DetailsStatus=column_ifexists('details_status_s', ''),\r\n                DetailsOwner=column_ifexists('details_owner_s', ''),\r\n                DetailsCaseId=column_ifexists('details_caseId_d', ''),\r\n                DetailsSeverity=column_ifexists('details_severity_d', ''),\r\n                DetailsTlp=column_ifexists('details_tlp_d', ''),\r\n                DetailsStartDate=unixtime_milliseconds_todatetime(column_ifexists('details_startDate_d', '')),\r\n                DetailsTags=column_ifexists('details_tags_s', ''),\r\n                Base=column_ifexists('base_b', ''),\r\n                RootId=column_ifexists('rootId_s', ''),\r\n                ObjectCreatedBy=column_ifexists('object_createdBy_s', ''),\r\n                ObjectDescription=column_ifexists('object_description_s', ''),\r\n                ObjectFlag=column_ifexists('object_flag_b', ''),\r\n                ObjectUser=column_ifexists('object_user_s', ''),\r\n                ObjectTitle=column_ifexists('object_title_s', ''),\r\n                ObjectStatus=column_ifexists('object_status_s', ''),\r\n                ObjectOwner=column_ifexists('object_owner_s', ''),\r\n                ObjectCreatedAt=unixtime_milliseconds_todatetime(column_ifexists('object_createdAt_d', '')),\r\n                ObjectCaseId=column_ifexists('object_caseId_d', ''),\r\n                ObjectSeverity=column_ifexists('object_severity_d', ''),\r\n                ObjectTlp=column_ifexists('object_tlp_d', ''),\r\n                ObjectStartDate=unixtime_milliseconds_todatetime(column_ifexists('object_startDate_d', '')),\r\n                ObjectTags=column_ifexists('object_tags_s', '')\r\n    | project\r\n                TimeGenerated, \r\n                EventVendor,\r\n                EventProduct,\r\n                ObjectUpdatedBy,\r\n                ObjectUpdatedAt,\r\n                Operation,\r\n                ObjectType,\r\n                ObjectId,\r\n                StartDate,\r\n                RequestId,\r\n                DetailsDescription,\r\n                DetailsFlag,\r\n                DetailsTitle,\r\n                DetailsStatus,\r\n                DetailsOwner,\r\n                DetailsCaseId,\r\n                DetailsSeverity,\r\n                DetailsTlp,\r\n                DetailsStartDate,\r\n                DetailsTags,\r\n                Base,\r\n                RootId,\r\n                ObjectCreatedBy,\r\n                ObjectDescription,\r\n                ObjectFlag,\r\n                ObjectUser,\r\n                ObjectTitle,\r\n                ObjectStatus,\r\n                ObjectOwner,\r\n                ObjectCreatedAt,\r\n                ObjectCaseId,\r\n                ObjectSeverity,\r\n                ObjectTlp,\r\n                ObjectStartDate,\r\n                ObjectTags    \r\n};\r\nTheHive_view",
        "version": 1
      }
    },
    {
      "type": "Microsoft.OperationalInsights/workspaces/providers/metadata",
      "apiVersion": "2022-01-01-preview",
      "location": "[parameters('workspace-location')]",
      "name": "[concat(parameters('workspace'),'/Microsoft.SecurityInsights/',concat('Parser-', last(split(variables('_parserId1'),'/'))))]",
      "dependsOn": [
        "[variables('_parserId1')]"
      ],
      "properties": {
        "parentId": "[resourceId('Microsoft.OperationalInsights/workspaces/savedSearches', parameters('workspace'), variables('parserName1'))]",
        "contentId": "[variables('_parserContentId1')]",
        "kind": "Parser",
        "version": "[variables('parserVersion1')]",
        "source": {
          "kind": "Solution",
          "name": "TheHive",
          "sourceId": "[variables('_solutionId')]"
        },
        "author": {
          "name": "Microsoft support@microsoft.com"
        },
        "support": {
          "name": "Microsoft Corporation",
          "email": "support@microsoft.com",
          "tier": "Microsoft",
          "link": "https://support.microsoft.com"
        }
      }
    },
    {
      "type": "Microsoft.OperationalInsights/workspaces/providers/metadata",
      "apiVersion": "2022-01-01-preview",
      "location": "[parameters('workspace-location')]",
      "properties": {
        "version": "2.0.0",
        "kind": "Solution",
        "contentSchemaVersion": "2.0.0",
        "contentId": "[variables('_solutionId')]",
        "parentId": "[variables('_solutionId')]",
        "source": {
          "kind": "Solution",
          "name": "TheHive",
          "sourceId": "[variables('_solutionId')]"
        },
        "author": {
          "name": "Microsoft support@microsoft.com"
        },
        "support": {
          "name": "Microsoft Corporation",
          "email": "support@microsoft.com",
          "tier": "Microsoft",
          "link": "https://support.microsoft.com"
        },
        "dependencies": {
          "operator": "AND",
          "criteria": [
            {
              "kind": "DataConnector",
              "contentId": "[variables('_dataConnectorContentId1')]",
              "version": "[variables('dataConnectorVersion1')]"
            },
            {
              "kind": "Parser",
              "contentId": "[variables('_parserContentId1')]",
              "version": "[variables('parserVersion1')]"
            }
          ]
        },
        "firstPublishDate": "2021-10-23",
        "providers": [
          "TheHive"
        ],
        "categories": {
          "domains": [
            "Application"
          ]
        }
      },
      "name": "[concat(parameters('workspace'),'/Microsoft.SecurityInsights/', variables('_solutionId'))]"
    }
  ],
  "outputs": {}
}
