{
  "$schema": "https://schema.management.azure.com/schemas/0.1.2-preview/CreateUIDefinition.MultiVm.json#",
  "handler": "Microsoft.Azure.CreateUIDef",
  "version": "0.1.2-preview",
  "parameters": {
    "config": {
      "isWizard": false,
      "basics": {
        "description": "<img src=\"https://github.com/Azure/Azure-Sentinel/raw/master/Playbooks/PaloAlto-PAN-OS/PaloAltoCustomConnector/PAN-OS_CustomConnector.png\" width=\"75px\" height=\"75px\">\n\n**Important:** _This Azure Sentinel Solution is currently in public preview. This feature is provided without a service level agreement, and it's not recommended for production workloads. Certain features might not be supported or might have constrained capabilities. For more information, see [Supplemental Terms of Use for Microsoft Azure Previews](https://azure.microsoft.com/support/legal/preview-supplemental-terms/)._\n\n**Note:** _There may be [known issues](https://aka.ms/sentinelsolutionsknownissues) pertaining to this Solution, please refer to them before installing._\n\n[PAN‑OS](https://docs.paloaltonetworks.com/pan-os.html) is the software that runs all Palo Alto Networks next-generation firewalls. By leveraging the key technologies that are built into PAN‑OS natively -- App‑ID, Content‑ID, Device-ID, and User‑ID -- you can have complete visibility and control of the applications in use across all users and devices in all locations all the time.\n\nAzure Sentinel Solutions provide a consolidated way to acquire Azure Sentinel content like data connectors, workbooks, analytics, and automations in your workspace with a single deployment step.\n\n**Custom Azure Logic Apps Connectors:** 1, **Playbooks:** 4\n\n[Learn more about Azure Sentinel](https://aka.ms/azuresentinel) | [Learn more about Solutions](https://aka.ms/azuresentinelsolutionsdoc)",
        "subscription": {
          "resourceProviders": [
            "Microsoft.OperationsManagement/solutions",
            "Microsoft.OperationalInsights/workspaces/providers/alertRules",
            "Microsoft.Insights/workbooks",
            "Microsoft.Logic/workflows"
          ]
        },
        "location": {
          "metadata": {
            "hidden": "Hiding location, we get it from the log analytics workspace"
          },
          "visible": false
        },
        "resourceGroup": {
          "allowExisting": true
        }
      }
    },
    "basics": [
      {
        "name": "getLAWorkspace",
        "type": "Microsoft.Solutions.ArmApiControl",
        "toolTip": "This filters by workspaces that exist in the Resource Group selected",
        "condition": "[greater(length(resourceGroup().name),0)]",
        "request": {
          "method": "GET",
          "path": "[concat(subscription().id,'/providers/Microsoft.OperationalInsights/workspaces?api-version=2020-08-01')]"
        }
      },
      {
        "name": "workspace",
        "type": "Microsoft.Common.DropDown",
        "label": "Workspace",
        "placeholder": "Select a workspace",
        "toolTip": "This dropdown will list only workspace that exists in the Resource Group selected",
        "constraints": {
          "allowedValues": "[map(filter(basics('getLAWorkspace').value, (filter) => contains(toLower(filter.id), toLower(resourceGroup().name))), (item) => parse(concat('{\"label\":\"', item.name, '\",\"value\":\"', item.name, '\"}')))]",
          "required": true
        },
        "visible": true
      }
    ],
    "steps": [
      {
        "name": "playbooks",
        "label": "Playbooks",
        "subLabel": {
          "preValidation": "Configure the playbooks",
          "postValidation": "Done"
        },
        "bladeTitle": "Playbooks",
        "elements": [
          {
            "name": "playbooks-text",
            "type": "Microsoft.Common.TextBlock",
            "options": {
              "text": "This solution installs playbook resources.  A security playbook is a collection of procedures that can be run from Microsoft Sentinel in response to an alert. A security playbook can help automate and orchestrate your response, and can be run manually or set to run automatically when specific alerts are triggered. Security playbooks in Microsoft Sentinel are based on Azure Logic Apps, which means that you get all the power, customizability, and built-in templates of Logic Apps. Each playbook is created for the specific subscription you choose, but when you look at the Playbooks page, you will see all the playbooks across any selected subscriptions.",
              "link": {
                "label": "Learn more",
                "uri": "https://docs.microsoft.com/azure/sentinel/tutorial-respond-threats-playbook?WT.mc_id=Portal-Microsoft_Azure_CreateUIDef"
              }
            }
          },
          {
            "name": "playbook1",
            "type": "Microsoft.Common.Section",
            "elements": [
              {
                "name": "playbook1-text",
                "type": "Microsoft.Common.TextBlock",
                "options": {
                  "text": "This PaloAlto custom connector uses PAN-OS API to perform different actions on the PAN-OS VM"
                }
              },
              {
                "name": "playbook1-PaloAlto_PAN-OS_CustomConnector_Name",
                "type": "Microsoft.Common.TextBox",
                "label": "Palo Alto PAN-OS Custom Connector Name",
                "defaultValue": "PAN-OSCustomConnector",
                "toolTip": "Please enter PaloAlto_PAN-OS_CustomConnector_Name",
                "constraints": {
                  "required": true,
                  "regex": "[a-z0-9A-Z]{1,256}$",
                  "validationMessage": "Please enter the Palo Alto PAN-OS Custom Connector Name"
                }
              },
              {
                "name": "playbook1-Service_EndPoint",
                "type": "Microsoft.Common.TextBox",
                "label": "Service_ End Point",
                "defaultValue": "https://{yourPaloAltoDomain}",
                "toolTip": "Please enter Service_ End Point",
                "constraints": {
                  "required": true,
                  "regex": "[a-z0-9A-Z]{1,256}$",
                  "validationMessage": "Please enter the Service_ End Point"
                }
              }
            ]
          },
          {
            "name": "playbook2",
            "type": "Microsoft.Common.Section",
            "label": "PaloAlto-PAN-OS-BlockIP",
            "elements": [
              {
                "name": "playbook2-text",
                "type": "Microsoft.Common.TextBlock",
                "options": {
                  "text": "This playbook uses the PaloAlto connector to take necessary actions on IP address like Block IP/Unblock IP from predefined address group and also gives an option to close the incident."
                }
              },
              {
                "name": "playbook2-PlaybookName",
                "type": "Microsoft.Common.TextBox",
                "label": "Playbook Name",
                "defaultValue": "PaloAlto-PAN-OS-BlockIP",
                "toolTip": "Please enter Playbook Name",
                "constraints": {
                  "required": true,
                  "regex": "[a-z0-9A-Z]{1,256}$",
                  "validationMessage": "Please enter the Playbook  Name"
                }
              },
              {
                "name": "playbook2-TeamsGroupId",
                "type": "Microsoft.Common.TextBox",
                "label": "Teams Group Id",
                "defaultValue": "TeamgroupId",
                "toolTip": "Please enter Teams Group Id",
                "constraints": {
                  "required": true,
                  "regex": "[a-z0-9A-Z]{1,256}$",
                  "validationMessage": "Please enter the Teams Group Id"
                }
              },
              {
                "name": "playbook2-TeamsChannelId",
                "type": "Microsoft.Common.TextBox",
                "label": "Teams Channel Id",
                "defaultValue": "TeamChannelId",
                "toolTip": "Please enter Teams Channel Id",
                "constraints": {
                  "required": true,
                  "regex": "[a-z0-9A-Z]{1,256}$",
                  "validationMessage": "Please enter the Teams Channel Id"
                }
              },
              {
                "name": "playbook2-AddressGroup",
                "type": "Microsoft.Common.TextBox",
                "label": "Address  Group",
                "defaultValue": "AddressGroup",
                "toolTip": "Please enter Address  Group",
                "constraints": {
                  "required": true,
                  "regex": "[a-z0-9A-Z]{1,256}$",
                  "validationMessage": "Please enter the Address  Group"
                }
              }
            ]
          },
          {
            "name": "playbook3",
            "type": "Microsoft.Common.Section",
            "label": "PaloAlto-PAN-OS-BlockURL",
            "elements": [
              {
                "name": "playbook3-text",
                "type": "Microsoft.Common.TextBlock",
                "options": {
                  "text": "This playbook uses the PaloAlto connector to take necessary actions on URL address like Block URL/Unblock URL from predefined address group and also gives an option to close the incident."
                }
              },
              {
                "name": "playbook3-PlaybookName",
                "type": "Microsoft.Common.TextBox",
                "label": "Playbook  Name",
                "defaultValue": "PaloAlto-PAN-OS-BlockURL",
                "toolTip": "Please enter Playbook  Name",
                "constraints": {
                  "required": true,
                  "regex": "[a-z0-9A-Z]{1,256}$",
                  "validationMessage": "Please enter the Playbook  Name"
                }
              },
              {
                "name": "playbook3-TeamsGroupId",
                "type": "Microsoft.Common.TextBox",
                "label": "Teams Group Id",
                "defaultValue": "TeamgroupId",
                "toolTip": "Please enter Teams Group Id",
                "constraints": {
                  "required": true,
                  "regex": "[a-z0-9A-Z]{1,256}$",
                  "validationMessage": "Please enter the Teams  Group Id"
                }
              },
              {
                "name": "playbook3-TeamsChannelId",
                "type": "Microsoft.Common.TextBox",
                "label": "Teams Channel Id",
                "defaultValue": "TeamChannelId",
                "toolTip": "Please enter Teams Channel Id",
                "constraints": {
                  "required": true,
                  "regex": "[a-z0-9A-Z]{1,256}$",
                  "validationMessage": "Please enter the Teams Channel Id"
                }
              },
              {
                "name": "playbook3-AddressGroup",
                "type": "Microsoft.Common.TextBox",
                "label": "Address Group",
                "defaultValue": "AddressGroup",
                "toolTip": "Please enter Address Group",
                "constraints": {
                  "required": true,
                  "regex": "[a-z0-9A-Z]{1,256}$",
                  "validationMessage": "Please enter the Address Group"
                }
              }
            ]
          },
          {
            "name": "playbook4",
            "type": "Microsoft.Common.Section",
            "label": "PaloAlto-PAN-OS-GetURLCategoryInfo",
            "elements": [
              {
                "name": "playbook4-text",
                "type": "Microsoft.Common.TextBlock",
                "options": {
                  "text": "This playbook uses the PaloAlto connector to automatically enrich incidents generated by Sentinel for address object details and URL filtering category information from PAN-OS"
                }
              },
              {
                "name": "playbook4-PlaybookName",
                "type": "Microsoft.Common.TextBox",
                "label": "Playbook  Name",
                "defaultValue": "PaloAlto-PAN-OS-GetURLCategoryInfo",
                "toolTip": "Please enter Playbook  Name",
                "constraints": {
                  "required": true,
                  "regex": "[a-z0-9A-Z]{1,256}$",
                  "validationMessage": "Please enter the Playbook  Name"
                }
              }
            ]
          },
          {
            "name": "playbook5",
            "type": "Microsoft.Common.Section",
            "label": "PaloAlto-PAN-OS-Block-IP-Nested-Remediation",
            "elements": [
              {
                "name": "playbook5-text",
                "type": "Microsoft.Common.TextBlock",
                "options": {
                  "text": "This playbook ingests events from PaloAlto-PAN-OS into Log Analytics using the API."
                }
              },
              {
                "name": "playbook5-PlaybookName",
                "type": "Microsoft.Common.TextBox",
                "label": "Playbook Name",
                "defaultValue": "PaloAlto-PAN-OS-Block-IP-Nested-Remediation",
                "toolTip": "Resource name for the logic app playbook.  No spaces are allowed",
                "constraints": {
                  "required": true,
                  "regex": "[a-z0-9A-Z]{1,256}$",
                  "validationMessage": "Please enter a playbook resource name"
                }
              },
              {
                "name": "playbook5-PAN-OSConnectorName",
                "type": "Microsoft.Common.TextBox",
                "label": "PAN- OS Connector Name",
                "defaultValue": "PaloAltoConnector",
                "toolTip": "Please enter PAN-OSConnectorName",
                "constraints": {
                  "required": true,
                  "regex": "[a-z0-9A-Z]{1,256}$",
                  "validationMessage": "Please enter the P A N- O S Connector Name"
                }
              },
              {
                "name": "playbook5-AddressGroup",
                "type": "Microsoft.Common.TextBox",
                "label": "Address Group",
                "defaultValue": "",
                "toolTip": "Please enter Address Group",
                "constraints": {
                  "required": true,
                  "regex": "[a-z0-9A-Z]{1,256}$",
                  "validationMessage": "Please enter the Address Group"
                }
              }
            ]
          }
        ]
      }
    ],
    "outputs": {
      "workspace-location": "[first(map(filter(basics('getLAWorkspace').value, (filter) => and(contains(toLower(filter.id), toLower(resourceGroup().name)),equals(filter.name,basics('workspace')))), (item) => item.location))]",
      "location": "[location()]",
      "workspace": "[basics('workspace')]",
      "playbook1-PaloAlto_PAN-OS_CustomConnector_Name": "[steps('playbooks').playbook1.playbook1-PaloAlto_PAN-OS_CustomConnector_Name]",
      "playbook1-Service_EndPoint": "[steps('playbooks').playbook1.playbook1-Service_EndPoint]",
      "playbook2-Playbook Name": "[steps('playbooks').playbook2.playbook2-PlaybookName]",
      "playbook2-Teams GroupId": "[steps('playbooks').playbook2.playbook2-TeamsGroupId]",
      "playbook2-Teams ChannelId": "[steps('playbooks').playbook2.playbook2-TeamsChannelId]",
      "playbook2-Address Group": "[steps('playbooks').playbook2.playbook2-AddressGroup]",
      "playbook3-Playbook Name": "[steps('playbooks').playbook3.playbook3-PlaybookName]",
      "playbook3-Teams GroupId": "[steps('playbooks').playbook3.playbook3-TeamsGroupId]",
      "playbook3-Teams ChannelId": "[steps('playbooks').playbook3.playbook3-TeamsChannelId]",
      "playbook3-Address Group": "[steps('playbooks').playbook3.playbook3-AddressGroup]",
      "playbook4-Playbook Name": "[steps('playbooks').playbook4.playbook4-PlaybookName]",
      "playbook5-PlaybookName": "[steps('playbooks').playbook5.playbook5-PlaybookName]",
      "playbook5-PAN-OSConnectorName": "[steps('playbooks').playbook5.playbook5-PAN-OSConnectorName]",
      "playbook5-AddressGroup": "[steps('playbooks').playbook5.playbook5-AddressGroup]"
    }
  }
}
