{
  "$schema": "https://schema.management.azure.com/schemas/0.1.2-preview/CreateUIDefinition.MultiVm.json#",
  "handler": "Microsoft.Azure.CreateUIDef",
  "version": "0.1.2-preview",
  "parameters": {
    "config": {
      "isWizard": false,
      "basics": {
        "description": "<img src=\"https://raw.githubusercontent.com/Azure/Azure-Sentinel/master/Logos/cisco-logo-72px.svg\"width=\"75px\"height=\"75px\">\n\n**Important:** _This Microsoft Sentinel Solution is currently in public preview. This feature is provided without a service level agreement, and it's not recommended for production workloads. Certain features might not be supported or might have constrained capabilities. For more information, see [Supplemental Terms of Use for Microsoft Azure Previews](https://azure.microsoft.com/support/legal/preview-supplemental-terms/)._\n\n**Note:** _There may be [known issues](https://aka.ms/sentinelsolutionsknownissues) pertaining to this Solution, please refer to them before installing._\n\n[Cisco Umbrella](https://umbrella.cisco.com/) offers flexible, cloud-delivered security when and how you need it. It combines multiple security functions into one solution, so you can extend protection to devices, remote users, and distributed locations anywhere. Umbrella is the easiest way to effectively protect your users everywhere in minutes.\n\nMicrosoft Sentinel Solutions provide a consolidated way to acquire Microsoft Sentinel content like data connectors, workbooks, analytics, and automations in your workspace with a single deployment step.\n\n**Parsers:** 1, **Workbooks:** 1, **Analytic Rules:** 10, **Hunting Queries:** 10, **Custom Azure Logic Apps Connectors:** 4, **Playbooks:** 4\n\n[Learn more about Microsoft Sentinel](https://aka.ms/azuresentinel) | [Learn more about Solutions](https://aka.ms/azuresentinelsolutionsdoc)",
        "subscription": {
          "resourceProviders": [
            "Microsoft.OperationsManagement/solutions",
            "Microsoft.OperationalInsights/workspaces/providers/alertRules",
            "Microsoft.Insights/workbooks",
            "Microsoft.Logic/workflows"
          ]
        },
        "location": {
          "metadata": {
            "hidden": "Hiding location, we get it from the log analytics workspace"
          },
          "visible": false
        },
        "resourceGroup": {
          "allowExisting": true
        }
      }
    },
    "basics": [
      {
        "name": "getLAWorkspace",
        "type": "Microsoft.Solutions.ArmApiControl",
        "toolTip": "This filters by workspaces that exist in the Resource Group selected",
        "condition": "[greater(length(resourceGroup().name),0)]",
        "request": {
          "method": "GET",
          "path": "[concat(subscription().id,'/providers/Microsoft.OperationalInsights/workspaces?api-version=2020-08-01')]"
        }
      },
      {
        "name": "workspace",
        "type": "Microsoft.Common.DropDown",
        "label": "Workspace",
        "placeholder": "Select a workspace",
        "toolTip": "This dropdown will list only workspace that exists in the Resource Group selected",
        "constraints": {
          "allowedValues": "[map(filter(basics('getLAWorkspace').value, (filter) => contains(toLower(filter.id), toLower(resourceGroup().name))), (item) => parse(concat('{\"label\":\"', item.name, '\",\"value\":\"', item.name, '\"}')))]",
          "required": true
        },
        "visible": true
      }
    ],
    "steps": [
      {
        "name": "workbooks",
        "label": "Workbooks",
        "subLabel": {
          "preValidation": "Configure the workbooks",
          "postValidation": "Done"
        },
        "bladeTitle": "Workbooks",
        "elements": [
          {
            "name": "workbooks-text",
            "type": "Microsoft.Common.TextBlock",
            "options": {
              "text": "This Microsoft Sentinel Solution installs workbooks. Workbooks provide a flexible canvas for data monitoring, analysis, and the creation of rich visual reports within the Azure portal. They allow you to tap into one or many data sources from Microsoft Sentinel and combine them into unified interactive experiences.",
              "link": {
                "label": "Learn more",
                "uri": "https://docs.microsoft.com/azure/sentinel/tutorial-monitor-your-data"
              }
            }
          },
          {
            "name": "workbook1",
            "type": "Microsoft.Common.Section",
            "label": "CiscoUmbrella",
            "elements": [
              {
                "name": "workbook1-text",
                "type": "Microsoft.Common.TextBlock",
                "options": {
                  "text": "Gain insights into Cisco Umbrella activities, including the DNS, Proxy and Cloud Firewall data. Workbook shows general information along with threat landscape including categories, blocked destinations and URLs."
                }
              },
              {
                "name": "workbook1-name",
                "type": "Microsoft.Common.TextBox",
                "label": "Display Name",
                "defaultValue": "CiscoUmbrella",
                "toolTip": "Display name for the workbook.",
                "constraints": {
                  "required": true,
                  "regex": "[a-z0-9A-Z]{1,256}$",
                  "validationMessage": "Please enter a workbook name"
                }
              }
            ]
          }
        ]
      },
      {
        "name": "analytics",
        "label": "Analytics",
        "subLabel": {
          "preValidation": "Configure the analytics",
          "postValidation": "Done"
        },
        "bladeTitle": "Analytics",
        "elements": [
          {
            "name": "analytics-text",
            "type": "Microsoft.Common.TextBlock",
            "options": {
              "text": "This Microsoft Sentinel Solution installs analytic rules for CiscoUmbrella that you can enable for custom alert generation in Microsoft Sentinel. These analytic rules will be deployed in disabled mode in the analytics rules gallery of your Microsoft Sentinel workspace. Configure and enable these rules in the analytic rules gallery after this Solution deploys.",
              "link": {
                "label": "Learn more",
                "uri": "https://docs.microsoft.com/azure/sentinel/tutorial-detect-threats-custom?WT.mc_id=Portal-Microsoft_Azure_CreateUIDef"
              }
            }
          },
          {
            "name": "analytic1",
            "type": "Microsoft.Common.Section",
            "label": "Cisco Umbrella - Connection to non-corporate private network",
            "elements": [
              {
                "name": "analytic1-text",
                "type": "Microsoft.Common.TextBlock",
                "options": {
                  "text": "IP addresses of broadband links that usually indicates users attempting to access their home network, for example for a remote session to a home computer."
                }
              }
            ]
          },
          {
            "name": "analytic2",
            "type": "Microsoft.Common.Section",
            "label": "Cisco Umbrella - Connection to Unpopular Website Detected",
            "elements": [
              {
                "name": "analytic2-text",
                "type": "Microsoft.Common.TextBlock",
                "options": {
                  "text": "Detects first connection to an unpopular website (possible malicious payload delivery)."
                }
              }
            ]
          },
          {
            "name": "analytic3",
            "type": "Microsoft.Common.Section",
            "label": "Cisco Umbrella - Crypto Miner User-Agent Detected",
            "elements": [
              {
                "name": "analytic3-text",
                "type": "Microsoft.Common.TextBlock",
                "options": {
                  "text": "Detects suspicious user agent strings used by crypto miners in proxy logs."
                }
              }
            ]
          },
          {
            "name": "analytic4",
            "type": "Microsoft.Common.Section",
            "label": "Cisco Umbrella - Empty User Agent Detected",
            "elements": [
              {
                "name": "analytic4-text",
                "type": "Microsoft.Common.TextBlock",
                "options": {
                  "text": "Rule helps to detect empty and unusual user agent indicating web browsing activity by an unusual process other than a web browser."
                }
              }
            ]
          },
          {
            "name": "analytic5",
            "type": "Microsoft.Common.Section",
            "label": "Cisco Umbrella - Hack Tool User-Agent Detected",
            "elements": [
              {
                "name": "analytic5-text",
                "type": "Microsoft.Common.TextBlock",
                "options": {
                  "text": "Detects suspicious user agent strings used by known hack tools"
                }
              }
            ]
          },
          {
            "name": "analytic6",
            "type": "Microsoft.Common.Section",
            "label": "Cisco Umbrella - Windows PowerShell User-Agent Detected",
            "elements": [
              {
                "name": "analytic6-text",
                "type": "Microsoft.Common.TextBlock",
                "options": {
                  "text": "Rule helps to detect Powershell user-agent activity by an unusual process other than a web browser."
                }
              }
            ]
          },
          {
            "name": "analytic7",
            "type": "Microsoft.Common.Section",
            "label": "Cisco Umbrella - Rare User Agent Detected",
            "elements": [
              {
                "name": "analytic7-text",
                "type": "Microsoft.Common.TextBlock",
                "options": {
                  "text": "Rule helps to detect a rare user-agents indicating web browsing activity by an unusual process other than a web browser."
                }
              }
            ]
          },
          {
            "name": "analytic8",
            "type": "Microsoft.Common.Section",
            "label": "Cisco Umbrella - Request Allowed to harmful/malicious URI category",
            "elements": [
              {
                "name": "analytic8-text",
                "type": "Microsoft.Common.TextBlock",
                "options": {
                  "text": "It is reccomended that these Categories shoud be blocked by policies because they provide harmful/malicious content.."
                }
              }
            ]
          },
          {
            "name": "analytic9",
            "type": "Microsoft.Common.Section",
            "label": "Cisco Umbrella - Request to blocklisted file type",
            "elements": [
              {
                "name": "analytic9-text",
                "type": "Microsoft.Common.TextBlock",
                "options": {
                  "text": "Detects request to potentially harmful file types (.ps1, .bat, .vbs, etc.)."
                }
              }
            ]
          },
          {
            "name": "analytic10",
            "type": "Microsoft.Common.Section",
            "label": "Cisco Umbrella - URI contains IP address",
            "elements": [
              {
                "name": "analytic10-text",
                "type": "Microsoft.Common.TextBlock",
                "options": {
                  "text": "Malware can use IP address to communicate with C2."
                }
              }
            ]
          }
        ]
      },
      {
        "name": "huntingqueries",
        "label": "Hunting Queries",
        "bladeTitle": "Hunting Queries",
        "elements": [
          {
            "name": "huntingqueries-text",
            "type": "Microsoft.Common.TextBlock",
            "options": {
              "text": "This Microsoft Sentinel Solution installs hunting queries for CiscoUmbrella that you can run in Microsoft Sentinel. These hunting queries will be deployed in the Hunting gallery of your Microsoft Sentinel workspace. Run these hunting queries to hunt for threats in the Hunting gallery after this Solution deploys.",
              "link": {
                "label": "Learn more",
                "uri": "https://docs.microsoft.com/azure/sentinel/hunting"
              }
            }
          },
          {
            "name": "huntingquery1",
            "type": "Microsoft.Common.Section",
            "label": "Cisco Umbrella - Anomalous FQDNs for domain",
            "elements": [
              {
                "name": "huntingquery1-text",
                "type": "Microsoft.Common.TextBlock",
                "options": {
                  "text": "Large number of FQDNs for domain may be indicator of suspicious domain. "
                }
              }
            ]
          },
          {
            "name": "huntingquery2",
            "type": "Microsoft.Common.Section",
            "label": "Cisco Umbrella - 'Blocked' User-Agents.",
            "elements": [
              {
                "name": "huntingquery2-text",
                "type": "Microsoft.Common.TextBlock",
                "options": {
                  "text": "Shows User-Agent values which requests were blocked "
                }
              }
            ]
          },
          {
            "name": "huntingquery3",
            "type": "Microsoft.Common.Section",
            "label": "Cisco Umbrella - DNS Errors.",
            "elements": [
              {
                "name": "huntingquery3-text",
                "type": "Microsoft.Common.TextBlock",
                "options": {
                  "text": "Shows error DNS requests. "
                }
              }
            ]
          },
          {
            "name": "huntingquery4",
            "type": "Microsoft.Common.Section",
            "label": "Cisco Umbrella - DNS requests to unreliable categories.",
            "elements": [
              {
                "name": "huntingquery4-text",
                "type": "Microsoft.Common.TextBlock",
                "options": {
                  "text": "Shows requests to URI categories which heavily are used in Initial Access stage by threat actiors and may contain malicious content. "
                }
              }
            ]
          },
          {
            "name": "huntingquery5",
            "type": "Microsoft.Common.Section",
            "label": "Cisco Umbrella - Higher values of count of the Same BytesIn size",
            "elements": [
              {
                "name": "huntingquery5-text",
                "type": "Microsoft.Common.TextBlock",
                "options": {
                  "text": "Calculate the count of BytesIn per Source-Destination pair over 24 hours. Higher values may indicate beaconing. "
                }
              }
            ]
          },
          {
            "name": "huntingquery6",
            "type": "Microsoft.Common.Section",
            "label": "Cisco Umbrella - High values of Uploaded Data",
            "elements": [
              {
                "name": "huntingquery6-text",
                "type": "Microsoft.Common.TextBlock",
                "options": {
                  "text": "A normal user activity consists mostly of downloading data. Uploaded data is usually small unless there is a file/data upload to a website. Calculate the sum of BytesOut per Source-Destination pair over 12/24 hours. "
                }
              }
            ]
          },
          {
            "name": "huntingquery7",
            "type": "Microsoft.Common.Section",
            "label": "Cisco Umbrella - Possible connection to C2.",
            "elements": [
              {
                "name": "huntingquery7-text",
                "type": "Microsoft.Common.TextBlock",
                "options": {
                  "text": "Calculate the count of BytesIn per Source-Destination pair over 12/24 hours. Higher values may indicate beaconing. C2 servers reply with the same data, making BytesIn value the same. "
                }
              }
            ]
          },
          {
            "name": "huntingquery8",
            "type": "Microsoft.Common.Section",
            "label": "Cisco Umbrella - Possible data exfiltration",
            "elements": [
              {
                "name": "huntingquery8-text",
                "type": "Microsoft.Common.TextBlock",
                "options": {
                  "text": "A normal user activity consists mostly of downloading data. Uploaded data is usually small unless there is a file/data upload to a website. Calculate the sum of BytesOut per Source-Destination pair over 12/24 hours. "
                }
              }
            ]
          },
          {
            "name": "huntingquery9",
            "type": "Microsoft.Common.Section",
            "label": "Cisco Umbrella - Proxy 'Allowed' to unreliable categories.",
            "elements": [
              {
                "name": "huntingquery9-text",
                "type": "Microsoft.Common.TextBlock",
                "options": {
                  "text": "Shows allowed requests to URI categories which heavily are used in Initial Access stage by threat actiors and may contain malicious content. "
                }
              }
            ]
          },
          {
            "name": "huntingquery10",
            "type": "Microsoft.Common.Section",
            "label": "Cisco Umbrella - Requests to uncategorized resources",
            "elements": [
              {
                "name": "huntingquery10-text",
                "type": "Microsoft.Common.TextBlock",
                "options": {
                  "text": "Shows requests to URL where UrlCategory is not set. "
                }
              }
            ]
          }
        ]
      },
      {
        "name": "playbooks",
        "label": "Playbooks",
        "subLabel": {
          "preValidation": "Configure the playbooks",
          "postValidation": "Done"
        },
        "bladeTitle": "Playbooks",
        "elements": [
          {
            "name": "playbooks-text",
            "type": "Microsoft.Common.TextBlock",
            "options": {
              "text": "This solution installs playbook resources.  A security playbook is a collection of procedures that can be run from Microsoft Sentinel in response to an alert. A security playbook can help automate and orchestrate your response, and can be run manually or set to run automatically when specific alerts are triggered. Security playbooks in Microsoft Sentinel are based on Azure Logic Apps, which means that you get all the power, customizability, and built-in templates of Logic Apps. Each playbook is created for the specific subscription you choose, but when you look at the Playbooks page, you will see all the playbooks across any selected subscriptions.",
              "link": {
                "label": "Learn more",
                "uri": "https://docs.microsoft.com/azure/sentinel/tutorial-respond-threats-playbook?WT.mc_id=Portal-Microsoft_Azure_CreateUIDef"
              }
            }
          },
          {
            "name": "playbook1",
            "type": "Microsoft.Common.Section",
            "label": "CiscoUmbrellaEnforcementAPIConnector",
            "elements": [
              {
                "name": "playbook1-text",
                "type": "Microsoft.Common.TextBlock",
                "options": {
                  "text": "This Custom Connector is used for connection to Cisco Umbrella Enforcement API."
                }
              },
              {
                "name": "playbook1-customApis_CiscoUmbrellaEnforcementAPI_name",
                "type": "Microsoft.Common.TextBox",
                "label": "custom Apis_ Cisco Umbrella Enforcement A P I_name",
                "defaultValue": "CiscoUmbrellaEnforcementAPI",
                "toolTip": "Please enter custom Apis_ Cisco Umbrella Enforcement A P I_name",
                "constraints": {
                  "required": true,
                  "regex": "[a-z0-9A-Z]{1,256}$",
                  "validationMessage": "Please enter the custom Apis_ Cisco Umbrella Enforcement A P I_name"
                }
              }
            ]
          },
          {
            "name": "playbook2",
            "type": "Microsoft.Common.Section",
            "label": "CiscoUmbrellaInvestigateAPIConnector",
            "elements": [
              {
                "name": "playbook2-text",
                "type": "Microsoft.Common.TextBlock",
                "options": {
                  "text": "This Custom Connector is used for connection to Cisco Umbrella Investigate API."
                }
              },
              {
                "name": "playbook2-customApis_CiscoUmbrellaInvestigateAPIConnector_name",
                "type": "Microsoft.Common.TextBox",
                "label": "custom Apis_ Cisco Umbrella Investigate A P I Connector_name",
                "defaultValue": "CiscoUmbrellaInvestigateAPI",
                "toolTip": "Please enter custom Apis_ Cisco Umbrella Investigate A P I Connector_name",
                "constraints": {
                  "required": true,
                  "regex": "[a-z0-9A-Z]{1,256}$",
                  "validationMessage": "Please enter the custom Apis_ Cisco Umbrella Investigate A P I Connector_name"
                }
              }
            ]
          },
          {
            "name": "playbook3",
            "type": "Microsoft.Common.Section",
            "label": "CiscoUmbrellaManagementAPIConnector",
            "elements": [
              {
                "name": "playbook3-text",
                "type": "Microsoft.Common.TextBlock",
                "options": {
                  "text": "This Custom Connector is used for connection to Cisco Umbrella Management API."
                }
              },
              {
                "name": "playbook3-customApis_CiscoUmbrellaManagementAPI_name",
                "type": "Microsoft.Common.TextBox",
                "label": "custom Apis_ Cisco Umbrella Management A P I_name",
                "defaultValue": "CiscoUmbrellaManagementAPI",
                "toolTip": "Please enter custom Apis_ Cisco Umbrella Management A P I_name",
                "constraints": {
                  "required": true,
                  "regex": "[a-z0-9A-Z]{1,256}$",
                  "validationMessage": "Please enter the custom Apis_ Cisco Umbrella Management A P I_name"
                }
              }
            ]
          },
          {
            "name": "playbook4",
            "type": "Microsoft.Common.Section",
            "label": "CiscoUmbrellaNetworkDeviceManagementAPIConnector",
            "elements": [
              {
                "name": "playbook4-text",
                "type": "Microsoft.Common.TextBlock",
                "options": {
                  "text": "This Custom Connector is used for connection to Cisco Umbrella Network Device Management API."
                }
              },
              {
                "name": "playbook4-customApis_CiscoUmbrellaNetworkDeviceManagementAPI_name",
                "type": "Microsoft.Common.TextBox",
                "label": "custom Apis_ Cisco Umbrella Network Device Management A P I_name",
                "defaultValue": "CiscoUmbrellaNetworkDeviceManagementAPI",
                "toolTip": "Please enter custom Apis_ Cisco Umbrella Network Device Management A P I_name",
                "constraints": {
                  "required": true,
                  "regex": "[a-z0-9A-Z]{1,256}$",
                  "validationMessage": "Please enter the custom Apis_ Cisco Umbrella Network Device Management A P I_name"
                }
              }
            ]
          },
          {
            "name": "playbook5",
            "type": "Microsoft.Common.Section",
            "label": "CiscoUmbrella-AddIpToDestinationList",
            "elements": [
              {
                "name": "playbook5-text",
                "type": "Microsoft.Common.TextBlock",
                "options": {
                  "text": "Sends an adaptive card to the Teams channel where the analyst can choose an action to be taken."
                }
              },
              {
                "name": "playbook5-PlaybookName",
                "type": "Microsoft.Common.TextBox",
                "label": "Playbook Name",
                "defaultValue": "CiscoUmbrella-AddIpToDestinationList",
                "toolTip": "Resource name for the logic app playbook.  No spaces are allowed",
                "constraints": {
                  "required": true,
                  "regex": "[a-z0-9A-Z]{1,256}$",
                  "validationMessage": "Please enter a playbook resource name"
                }
              },
              {
                "name": "playbook5-CiscoUmbrellaOrganizationId",
                "type": "Microsoft.Common.TextBox",
                "label": "Cisco Umbrella Organization Id",
                "defaultValue": "",
                "toolTip": "Please enter Cisco Umbrella Organization Id",
                "constraints": {
                  "required": true,
                  "regex": "[a-z0-9A-Z]{1,256}$",
                  "validationMessage": "Please enter the Cisco Umbrella Organization Id"
                }
              },
              {
                "name": "playbook5-TeamsGroupId",
                "type": "Microsoft.Common.TextBox",
                "label": "Teams Group Id",
                "defaultValue": "TeamsGroupIds",
                "toolTip": "Please enter Teams Group Id",
                "constraints": {
                  "required": true,
                  "regex": "[a-z0-9A-Z]{1,256}$",
                  "validationMessage": "Please enter the Teams Group Id"
                }
              },
              {
                "name": "playbook5-TeamsChannelId",
                "type": "Microsoft.Common.TextBox",
                "label": "Teams Channel Id",
                "defaultValue": "TeamsChannelId",
                "toolTip": "Please enter Teams Channel Id",
                "constraints": {
                  "required": true,
                  "regex": "[a-z0-9A-Z]{1,256}$",
                  "validationMessage": "Please enter the Teams Channel Id"
                }
              },
              {
                "name": "playbook5-customApis_ciscoumbrellamanagement_name",
                "type": "Microsoft.Common.TextBox",
                "label": "custom Apis_ciscoumbrellamanagement_name",
                "defaultValue": "CiscoUmbrellaManagementAPI",
                "toolTip": "Please enter custom Apis_ciscoumbrellamanagement_name",
                "constraints": {
                  "required": true,
                  "regex": "[a-z0-9A-Z]{1,256}$",
                  "validationMessage": "Please enter the custom Apis_ciscoumbrellamanagement_name"
                }
              }
            ]
          },
          {
            "name": "playbook6",
            "type": "Microsoft.Common.Section",
            "label": "CiscoUmbrella-AssignPolicyToIdentity",
            "elements": [
              {
                "name": "playbook6-text",
                "type": "Microsoft.Common.TextBlock",
                "options": {
                  "text": "Assigns a new DNS or web policy (PolicyId is provided on the playbook deplyment step) to an identity (originId of the identity provided in the alert custom entities)."
                }
              },
              {
                "name": "playbook6-PlaybookName",
                "type": "Microsoft.Common.TextBox",
                "label": "Playbook Name",
                "defaultValue": "CiscoUmbrella-AssignPolicyToIdentity",
                "toolTip": "Resource name for the logic app playbook.  No spaces are allowed",
                "constraints": {
                  "required": true,
                  "regex": "[a-z0-9A-Z]{1,256}$",
                  "validationMessage": "Please enter a playbook resource name"
                }
              },
              {
                "name": "playbook6-PolicyId",
                "type": "Microsoft.Common.TextBox",
                "label": "Policy Id",
                "defaultValue": "",
                "toolTip": "Please enter Policy Id",
                "constraints": {
                  "required": true,
                  "regex": "[a-z0-9A-Z]{1,256}$",
                  "validationMessage": "Please enter the Policy Id"
                }
              },
              {
                "name": "playbook6-customApis_ciscoumbrellanetworkdevicemanagement_name",
                "type": "Microsoft.Common.TextBox",
                "label": "custom Apis_ciscoumbrellanetworkdevicemanagement_name",
                "defaultValue": "CiscoUmbrellaNetworkDeviceManagementAPI",
                "toolTip": "Please enter custom Apis_ciscoumbrellanetworkdevicemanagement_name",
                "constraints": {
                  "required": true,
                  "regex": "[a-z0-9A-Z]{1,256}$",
                  "validationMessage": "Please enter the custom Apis_ciscoumbrellanetworkdevicemanagement_name"
                }
              }
            ]
          },
          {
            "name": "playbook7",
            "type": "Microsoft.Common.Section",
            "label": "CiscoUmbrella-BlockDomain",
            "elements": [
              {
                "name": "playbook7-text",
                "type": "Microsoft.Common.TextBlock",
                "options": {
                  "text": "Obtains domains from URL entities in the incident."
                }
              },
              {
                "name": "playbook7-PlaybookName",
                "type": "Microsoft.Common.TextBox",
                "label": "Playbook Name",
                "defaultValue": "CiscoUmbrella-BlockDomain",
                "toolTip": "Resource name for the logic app playbook.  No spaces are allowed",
                "constraints": {
                  "required": true,
                  "regex": "[a-z0-9A-Z]{1,256}$",
                  "validationMessage": "Please enter a playbook resource name"
                }
              },
              {
                "name": "playbook7-customApis_ciscoumbrellaenforcement_name",
                "type": "Microsoft.Common.TextBox",
                "label": "custom Apis_ciscoumbrellaenforcement_name",
                "defaultValue": "CiscoUmbrellaEnforcementAPI",
                "toolTip": "Please enter custom Apis_ciscoumbrellaenforcement_name",
                "constraints": {
                  "required": true,
                  "regex": "[a-z0-9A-Z]{1,256}$",
                  "validationMessage": "Please enter the custom Apis_ciscoumbrellaenforcement_name"
                }
              }
            ]
          },
          {
            "name": "playbook8",
            "type": "Microsoft.Common.Section",
            "label": "CiscoUmbrella-GetDomainInfo",
            "elements": [
              {
                "name": "playbook8-text",
                "type": "Microsoft.Common.TextBlock",
                "options": {
                  "text": "Obtains domains from URL entities in the incident."
                }
              },
              {
                "name": "playbook8-PlaybookName",
                "type": "Microsoft.Common.TextBox",
                "label": "Playbook Name",
                "defaultValue": "CiscoUmbrella-GetDomainInfo",
                "toolTip": "Resource name for the logic app playbook.  No spaces are allowed",
                "constraints": {
                  "required": true,
                  "regex": "[a-z0-9A-Z]{1,256}$",
                  "validationMessage": "Please enter a playbook resource name"
                }
              },
              {
                "name": "playbook8-customApis_ciscoumbrellainvestigate_name",
                "type": "Microsoft.Common.TextBox",
                "label": "custom Apis_ciscoumbrellainvestigate_name",
                "defaultValue": "CiscoUmbrellaInvestigateAPI",
                "toolTip": "Please enter custom Apis_ciscoumbrellainvestigate_name",
                "constraints": {
                  "required": true,
                  "regex": "[a-z0-9A-Z]{1,256}$",
                  "validationMessage": "Please enter the custom Apis_ciscoumbrellainvestigate_name"
                }
              }
            ]
          }
        ]
      }
    ],
    "outputs": {
      "workspace-location": "[first(map(filter(basics('getLAWorkspace').value, (filter) => and(contains(toLower(filter.id), toLower(resourceGroup().name)),equals(filter.name,basics('workspace')))), (item) => item.location))]",
      "location": "[location()]",
      "workspace": "[basics('workspace')]",
      "workbook1-name": "[steps('workbooks').workbook1.workbook1-name]",
      "playbook1-customApis_CiscoUmbrellaEnforcementAPI_name": "[steps('playbooks').playbook1.playbook1-customApis_CiscoUmbrellaEnforcementAPI_name]",
      "playbook2-customApis_CiscoUmbrellaInvestigateAPIConnector_name": "[steps('playbooks').playbook2.playbook2-customApis_CiscoUmbrellaInvestigateAPIConnector_name]",
      "playbook3-customApis_CiscoUmbrellaManagementAPI_name": "[steps('playbooks').playbook3.playbook3-customApis_CiscoUmbrellaManagementAPI_name]",
      "playbook4-customApis_CiscoUmbrellaNetworkDeviceManagementAPI_name": "[steps('playbooks').playbook4.playbook4-customApis_CiscoUmbrellaNetworkDeviceManagementAPI_name]",
      "playbook5-PlaybookName": "[steps('playbooks').playbook5.playbook5-PlaybookName]",
      "playbook5-CiscoUmbrellaOrganizationId": "[steps('playbooks').playbook5.playbook5-CiscoUmbrellaOrganizationId]",
      "playbook5-TeamsGroupId": "[steps('playbooks').playbook5.playbook5-TeamsGroupId]",
      "playbook5-TeamsChannelId": "[steps('playbooks').playbook5.playbook5-TeamsChannelId]",
      "playbook5-customApis_ciscoumbrellamanagement_name": "[steps('playbooks').playbook5.playbook5-customApis_ciscoumbrellamanagement_name]",
      "playbook6-PlaybookName": "[steps('playbooks').playbook6.playbook6-PlaybookName]",
      "playbook6-PolicyId": "[steps('playbooks').playbook6.playbook6-PolicyId]",
      "playbook6-customApis_ciscoumbrellanetworkdevicemanagement_name": "[steps('playbooks').playbook6.playbook6-customApis_ciscoumbrellanetworkdevicemanagement_name]",
      "playbook7-PlaybookName": "[steps('playbooks').playbook7.playbook7-PlaybookName]",
      "playbook7-customApis_ciscoumbrellaenforcement_name": "[steps('playbooks').playbook7.playbook7-customApis_ciscoumbrellaenforcement_name]",
      "playbook8-PlaybookName": "[steps('playbooks').playbook8.playbook8-PlaybookName]",
      "playbook8-customApis_ciscoumbrellainvestigate_name": "[steps('playbooks').playbook8.playbook8-customApis_ciscoumbrellainvestigate_name]"
    }
  }
}
