{
  "$schema": "https://schema.management.azure.com/schemas/2019-04-01/deploymentTemplate.json#",
  "contentVersion": "1.0.0.0",
  "metadata": {
    "author": "Microsoft - support@microsoft.com",
    "comments": "Solution template for Legacy IOC based Threat Protection"
  },
  "parameters": {
    "location": {
      "type": "string",
      "minLength": 1,
      "defaultValue": "[resourceGroup().location]",
      "metadata": {
        "description": "Not used, but needed to pass arm-ttk test `Location-Should-Not-Be-Hardcoded`.  We instead use the `workspace-location` which is derived from the LA workspace"
      }
    },
    "workspace-location": {
      "type": "string",
      "defaultValue": "",
      "metadata": {
        "description": "[concat('Region to deploy solution resources -- separate from location selection',parameters('location'))]"
      }
    },
    "workspace": {
      "defaultValue": "",
      "type": "string",
      "metadata": {
        "description": "Workspace name for Log Analytics where Microsoft Sentinel is setup"
      }
    }
  },
  "variables": {
    "email": "support@microsoft.com",
    "_email": "[variables('email')]",
    "_solutionName": "Legacy IOC based Threat Protection",
    "_solutionVersion": "3.0.5",
    "solutionId": "azuresentinel.azure-sentinel-solution-ioclegacy",
    "_solutionId": "[variables('solutionId')]",
    "huntingQueryObject1": {
      "huntingQueryVersion1": "1.0.0",
      "_huntingQuerycontentId1": "e2629949-2043-4421-8064-bca23c8491dd",
      "huntingQueryTemplateSpecName1": "[concat(parameters('workspace'),'/Microsoft.SecurityInsights/',concat(parameters('workspace'),'-hq-',uniquestring('e2629949-2043-4421-8064-bca23c8491dd')))]"
    },
    "huntingQueryObject2": {
      "huntingQueryVersion2": "1.0.0",
      "_huntingQuerycontentId2": "6bfea14f-2122-46b3-8f8b-3947e0fb6d92",
      "huntingQueryTemplateSpecName2": "[concat(parameters('workspace'),'/Microsoft.SecurityInsights/',concat(parameters('workspace'),'-hq-',uniquestring('6bfea14f-2122-46b3-8f8b-3947e0fb6d92')))]"
    },
    "huntingQueryObject3": {
      "huntingQueryVersion3": "1.0.0",
      "_huntingQuerycontentId3": "78fa22f9-0c13-4847-bbe6-6a7aa1b47547",
      "huntingQueryTemplateSpecName3": "[concat(parameters('workspace'),'/Microsoft.SecurityInsights/',concat(parameters('workspace'),'-hq-',uniquestring('78fa22f9-0c13-4847-bbe6-6a7aa1b47547')))]"
    },
    "huntingQueryObject4": {
      "huntingQueryVersion4": "1.0.0",
      "_huntingQuerycontentId4": "9b72769e-6ab1-4736-988b-018d92dc5e62",
      "huntingQueryTemplateSpecName4": "[concat(parameters('workspace'),'/Microsoft.SecurityInsights/',concat(parameters('workspace'),'-hq-',uniquestring('9b72769e-6ab1-4736-988b-018d92dc5e62')))]"
    },
    "huntingQueryObject5": {
      "huntingQueryVersion5": "1.0.0",
      "_huntingQuerycontentId5": "5bf2d4d8-ea03-4673-aaf8-716a61446022",
      "huntingQueryTemplateSpecName5": "[concat(parameters('workspace'),'/Microsoft.SecurityInsights/',concat(parameters('workspace'),'-hq-',uniquestring('5bf2d4d8-ea03-4673-aaf8-716a61446022')))]"
    },
    "huntingQueryObject6": {
      "huntingQueryVersion6": "1.0.1",
      "_huntingQuerycontentId6": "767b8f6d-8029-4c92-afe1-282167d9d49a",
      "huntingQueryTemplateSpecName6": "[concat(parameters('workspace'),'/Microsoft.SecurityInsights/',concat(parameters('workspace'),'-hq-',uniquestring('767b8f6d-8029-4c92-afe1-282167d9d49a')))]"
    },
    "huntingQueryObject7": {
      "huntingQueryVersion7": "1.0.1",
      "_huntingQuerycontentId7": "bb30abbc-9af6-4a37-9536-e9207e023989",
      "huntingQueryTemplateSpecName7": "[concat(parameters('workspace'),'/Microsoft.SecurityInsights/',concat(parameters('workspace'),'-hq-',uniquestring('bb30abbc-9af6-4a37-9536-e9207e023989')))]"
    },
    "huntingQueryObject8": {
      "huntingQueryVersion8": "1.0.1",
      "_huntingQuerycontentId8": "f090f8f4a-b986-42d2-b536-e0795c723e25",
      "huntingQueryTemplateSpecName8": "[concat(parameters('workspace'),'/Microsoft.SecurityInsights/',concat(parameters('workspace'),'-hq-',uniquestring('f090f8f4a-b986-42d2-b536-e0795c723e25')))]"
    },
    "huntingQueryObject9": {
      "huntingQueryVersion9": "1.0.1",
      "_huntingQuerycontentId9": "278592b5-612b-48a4-bb38-4c01ff8ee2a5",
      "huntingQueryTemplateSpecName9": "[concat(parameters('workspace'),'/Microsoft.SecurityInsights/',concat(parameters('workspace'),'-hq-',uniquestring('278592b5-612b-48a4-bb38-4c01ff8ee2a5')))]"
    },
    "huntingQueryObject10": {
      "huntingQueryVersion10": "1.0.3",
      "_huntingQuerycontentId10": "b8b7574f-1cd6-4308-822a-ab07256106f8",
      "huntingQueryTemplateSpecName10": "[concat(parameters('workspace'),'/Microsoft.SecurityInsights/',concat(parameters('workspace'),'-hq-',uniquestring('b8b7574f-1cd6-4308-822a-ab07256106f8')))]"
    },
    "_solutioncontentProductId": "[concat(take(variables('_solutionId'),50),'-','sl','-', uniqueString(concat(variables('_solutionId'),'-','Solution','-',variables('_solutionId'),'-', variables('_solutionVersion'))))]"
  },
  "resources": [
    {
      "type": "Microsoft.OperationalInsights/workspaces/providers/contentTemplates",
      "apiVersion": "2023-04-01-preview",
      "name": "[variables('huntingQueryObject1').huntingQueryTemplateSpecName1]",
      "location": "[parameters('workspace-location')]",
      "dependsOn": [
        "[extensionResourceId(resourceId('Microsoft.OperationalInsights/workspaces', parameters('workspace')), 'Microsoft.SecurityInsights/contentPackages', variables('_solutionId'))]"
      ],
      "properties": {
        "description": "Dev-0056CommandLineActivityNovember2021_HuntingQueries Hunting Query with template version 3.0.5",
        "mainTemplate": {
          "$schema": "https://schema.management.azure.com/schemas/2019-04-01/deploymentTemplate.json#",
          "contentVersion": "[variables('huntingQueryObject1').huntingQueryVersion1]",
          "parameters": {},
          "variables": {},
          "resources": [
            {
              "type": "Microsoft.OperationalInsights/savedSearches",
              "apiVersion": "2022-10-01",
              "name": "Legacy_IOC_based_Threat_Protection_Hunting_Query_1",
              "location": "[parameters('workspace-location')]",
              "properties": {
                "eTag": "*",
                "displayName": "Dev-0056 Command Line Activity November 2021",
                "category": "Hunting Queries",
                "query": "(union isfuzzy=true\n(DeviceProcessEvents  \n| where ProcessCommandLine has_any(\"/q /c color f7&\", \"Net.We$()bClient\", \"$b,15,$b.Length-15\") or (ProcessCommandLine has \"FromBase64String\" and ProcessCommandLine has_all(\"-nop\", \"iex\", \"(iex\")) \n| join kind=leftouter (SecurityAlert\n| where ProviderName =~ \"MDATP\"\n| extend ThreatName = tostring(parse_json(ExtendedProperties).ThreatName)\n| mv-expand todynamic(Entities)\n| extend DeviceId = tostring(parse_json(Entities).MdatpDeviceId)\n| where isnotempty(DeviceId)\n// Increase risk score further if alerts relate to malware assocaited with threat actor\n| extend AlertRiskScore =iif(ThreatName has_any (\"Backdoor:MSIL/ShellClient.A\", \"Backdoor:MSIL/ShellClient.A!dll\", \"Trojan:MSIL/Mimikatz.BA!MTB\"), 1.0, 0.5)) on DeviceId\n| extend AlertRiskScore = iif(isempty(AlertRiskScore), 0.0 , AlertRiskScore)\n| project-reorder  TimeGenerated, DeviceName, DeviceId, ProcessCommandLine, AccountName\n| extend timestamp = TimeGenerated, AccountCustomEntity = AccountName, HostCustomEntity = DeviceName,  ProcessCustomEntity = InitiatingProcessFileName\n),\n(SecurityEvent\n| where EventID == '4688'\n| where ( CommandLine has_any(\"/q /c color f7&\", \"Net.We$()bClient\", \"$b,15,$b.Length-15\")) or (CommandLine has \"FromBase64String\" and CommandLine has_all(\"-nop\", \"iex\", \"(iex\"))\n| project TimeGenerated, Computer, NewProcessName, ParentProcessName, Account, NewProcessId, Type, CommandLine\n| extend timestamp = TimeGenerated, HostCustomEntity = Computer , AccountCustomEntity = Account, ProcessCustomEntity = NewProcessName\n),\n(WindowsEvent\n| where EventID == '4688' and (EventData has_any(\"/q /c color f7&\", \"Net.We$()bClient\", \"$b,15,$b.Length-15\") or (EventData has \"FromBase64String\" and EventData has_all(\"-nop\", \"iex\", \"(iex\")) )\n| extend CommandLine = tostring(EventData.CommandLine) \n| where ( CommandLine has_any(\"/q /c color f7&\", \"Net.We$()bClient\", \"$b,15,$b.Length-15\")) or (CommandLine has \"FromBase64String\" and CommandLine has_all(\"-nop\", \"iex\", \"(iex\"))\n| extend NewProcessName = tostring(EventData.NewProcessName)\n| extend ParentProcessName = tostring(EventData.ParentProcessName)\n| extend Account = iff((isempty(EventData.SubjectDomainName) or EventData.SubjectDomainName == \"-\"),\"\", strcat(tostring(EventData.SubjectDomainName),\"\\\\\", tostring(EventData.SubjectUserName)))\n| extend NewProcessId = tostring(EventData.NewProcessId)\n| project TimeGenerated, Computer, NewProcessName, ParentProcessName, Account, NewProcessId, Type, CommandLine\n| extend timestamp = TimeGenerated, HostCustomEntity = Computer , AccountCustomEntity = Account, ProcessCustomEntity = NewProcessName\n)\n)\n",
                "version": 2,
                "tags": [
                  {
                    "name": "description",
                    "value": "This hunting query looks for process command line activity related to activity observed by Dev-0056.The command lines this query hunts for are used as part of the threat actor's post exploitation activity."
                  },
                  {
                    "name": "tactics",
                    "value": "CommandAndControl"
                  },
                  {
                    "name": "techniques",
                    "value": "T1071"
                  }
                ]
              }
            },
            {
              "type": "Microsoft.OperationalInsights/workspaces/providers/metadata",
              "apiVersion": "2022-01-01-preview",
              "name": "[concat(parameters('workspace'),'/Microsoft.SecurityInsights/',concat('HuntingQuery-', last(split(resourceId('Microsoft.OperationalInsights/savedSearches', variables('huntingQueryObject1')._huntingQuerycontentId1),'/'))))]",
              "properties": {
                "description": "Legacy IOC based Threat Protection Hunting Query 1",
                "parentId": "[resourceId('Microsoft.OperationalInsights/savedSearches', variables('huntingQueryObject1')._huntingQuerycontentId1)]",
                "contentId": "[variables('huntingQueryObject1')._huntingQuerycontentId1]",
                "kind": "HuntingQuery",
                "version": "[variables('huntingQueryObject1').huntingQueryVersion1]",
                "source": {
                  "kind": "Solution",
                  "name": "Legacy IOC based Threat Protection",
                  "sourceId": "[variables('_solutionId')]"
                },
                "author": {
                  "name": "Microsoft",
                  "email": "[variables('_email')]"
                },
                "support": {
                  "name": "Microsoft Corporation",
                  "email": "support@microsoft.com",
                  "tier": "Microsoft",
                  "link": "https://support.microsoft.com"
                }
              }
            }
          ]
        },
        "packageKind": "Solution",
        "packageVersion": "[variables('_solutionVersion')]",
        "packageName": "[variables('_solutionName')]",
        "packageId": "[variables('_solutionId')]",
        "contentSchemaVersion": "3.0.0",
        "contentId": "[variables('huntingQueryObject1')._huntingQuerycontentId1]",
        "contentKind": "HuntingQuery",
        "displayName": "Dev-0056 Command Line Activity November 2021",
        "contentProductId": "[concat(take(variables('_solutionId'),50),'-','hq','-', uniqueString(concat(variables('_solutionId'),'-','HuntingQuery','-',variables('huntingQueryObject1')._huntingQuerycontentId1,'-', '1.0.0')))]",
        "id": "[concat(take(variables('_solutionId'),50),'-','hq','-', uniqueString(concat(variables('_solutionId'),'-','HuntingQuery','-',variables('huntingQueryObject1')._huntingQuerycontentId1,'-', '1.0.0')))]",
        "version": "1.0.0"
      }
    },
    {
      "type": "Microsoft.OperationalInsights/workspaces/providers/contentTemplates",
      "apiVersion": "2023-04-01-preview",
      "name": "[variables('huntingQueryObject2').huntingQueryTemplateSpecName2]",
      "location": "[parameters('workspace-location')]",
      "dependsOn": [
        "[extensionResourceId(resourceId('Microsoft.OperationalInsights/workspaces', parameters('workspace')), 'Microsoft.SecurityInsights/contentPackages', variables('_solutionId'))]"
      ],
      "properties": {
        "description": "Dev-0322CommandLineActivityNovember2021(ASIMVersion)_HuntingQueries Hunting Query with template version 3.0.5",
        "mainTemplate": {
          "$schema": "https://schema.management.azure.com/schemas/2019-04-01/deploymentTemplate.json#",
          "contentVersion": "[variables('huntingQueryObject2').huntingQueryVersion2]",
          "parameters": {},
          "variables": {},
          "resources": [
            {
              "type": "Microsoft.OperationalInsights/savedSearches",
              "apiVersion": "2022-10-01",
              "name": "Legacy_IOC_based_Threat_Protection_Hunting_Query_2",
              "location": "[parameters('workspace-location')]",
              "properties": {
                "eTag": "*",
                "displayName": "Dev-0322 Command Line Activity November 2021 (ASIM Version)",
                "category": "Hunting Queries",
                "query": "// Look for command lines observed used by the threat actor\nlet cmd_lines = dynamic(['cmd.exe /c \"wmic /node:redacted process call create \"ntdsutil snapshot \\\\\"activate instance ntds\\\\\" create quit quit > c:\\\\windows\\\\temp\\\\nt.dat\";', 'regsvr32 /s c:\\\\windows\\\\temp\\\\user64.dll', 'process call  create \"cmd /c c:\\\\windows\\\\temp\\\\gac.exe -i c:\\\\windows\\temp\\\\ScriptModule.dll >c:\\\\windows\\\\temp\\\\tmp.dat\"']);\nimProcess\n// Look for static cmd lines and dynamic one using regex\n| where CommandLine  has_any (cmd_lines) or CommandLine matches regex \"save HKLM\\\\SYSTEM [^ ]*_System.HIV\" or CommandLine matches regex 'cmd.exe /c \"wmic /node:[^ ]* process call create \"ntdsutil snapshot \\\\\"activate instance ntds\\\\\" create quit quit > c:\\\\windows\\\\temp\\\\nt.dat\";'\n| summarize count(), FirstSeen=min(TimeGenerated), LastSeen = max(TimeGenerated) by DvcId, Dvc, CommandLine, User, Process\n// Base risk score on number of command lines seen for each host\n| extend RiskScore = count_\n// Increase risk score if host has recent security alerts\n| join kind=leftouter (SecurityAlert\n| where ProviderName =~ \"MDATP\"\n| extend ThreatName = tostring(parse_json(ExtendedProperties).ThreatName)\n| mv-expand todynamic(Entities)\n| extend DvcId = tostring(parse_json(Entities).MdatpDeviceId)\n| where isnotempty(DvcId)\n// Increase risk score further if alerts relate to malware assocaited with threat actor\n| extend AlertRiskScore = iif(ThreatName has_any (\"Zebracon\", \"Trojan:MSIL/Gacker.A!dha\", \"Backdoor:MSIL/Kokishell.A!dha\"), 1.0, 0.5)) on DvcId\n// Create aggregate risk score\n| extend AlertRiskScore = iif(isempty(AlertRiskScore), 0.0 , AlertRiskScore)\n| extend RiskScore = RiskScore + AlertRiskScore\n| project-reorder  FirstSeen, LastSeen, RiskScore, Dvc, DvcId, CommandLine, User\n| extend File = split(Process, \"\\\\\")[-1]\n| extend timestamp = FirstSeen\n| extend NTDomain = tostring(split(User,'\\\\',0)[0]), Name = tostring(split(User,'\\\\',1)[0])\n| extend HostName = tostring(split(Dvc, '.', 0)[0]), DnsDomain = tostring(strcat_array(array_slice(split(Dvc, '.'), 1, -1), '.')), FileName = File\n| extend Account_0_Name = Name\n| extend Account_0_NTDomain = NTDomain\n| extend Host_0_HostName = HostName\n| extend Host_0_DnsDomain = DnsDomain\n| extend File_0_Name = FileName\n",
                "version": 2,
                "tags": [
                  {
                    "name": "description",
                    "value": "This query hunts for command line activity linked to Dev-0322's compromise of ZOHO ManageEngine ADSelfService Plus software. It focuses on commands used in post-exploitation activity. Hosts with higher risk scores should be prioritized."
                  },
                  {
                    "name": "tactics",
                    "value": "Persistence,LateralMovement,CommandAndControl"
                  },
                  {
                    "name": "techniques",
                    "value": "T1078,T1219,T1021"
                  }
                ]
              }
            },
            {
              "type": "Microsoft.OperationalInsights/workspaces/providers/metadata",
              "apiVersion": "2022-01-01-preview",
              "name": "[concat(parameters('workspace'),'/Microsoft.SecurityInsights/',concat('HuntingQuery-', last(split(resourceId('Microsoft.OperationalInsights/savedSearches', variables('huntingQueryObject2')._huntingQuerycontentId2),'/'))))]",
              "properties": {
                "description": "Legacy IOC based Threat Protection Hunting Query 2",
                "parentId": "[resourceId('Microsoft.OperationalInsights/savedSearches', variables('huntingQueryObject2')._huntingQuerycontentId2)]",
                "contentId": "[variables('huntingQueryObject2')._huntingQuerycontentId2]",
                "kind": "HuntingQuery",
                "version": "[variables('huntingQueryObject2').huntingQueryVersion2]",
                "source": {
                  "kind": "Solution",
                  "name": "Legacy IOC based Threat Protection",
                  "sourceId": "[variables('_solutionId')]"
                },
                "author": {
                  "name": "Microsoft",
                  "email": "[variables('_email')]"
                },
                "support": {
                  "name": "Microsoft Corporation",
                  "email": "support@microsoft.com",
                  "tier": "Microsoft",
                  "link": "https://support.microsoft.com"
                }
              }
            }
          ]
        },
        "packageKind": "Solution",
        "packageVersion": "[variables('_solutionVersion')]",
        "packageName": "[variables('_solutionName')]",
        "packageId": "[variables('_solutionId')]",
        "contentSchemaVersion": "3.0.0",
        "contentId": "[variables('huntingQueryObject2')._huntingQuerycontentId2]",
        "contentKind": "HuntingQuery",
        "displayName": "Dev-0322 Command Line Activity November 2021 (ASIM Version)",
        "contentProductId": "[concat(take(variables('_solutionId'),50),'-','hq','-', uniqueString(concat(variables('_solutionId'),'-','HuntingQuery','-',variables('huntingQueryObject2')._huntingQuerycontentId2,'-', '1.0.0')))]",
        "id": "[concat(take(variables('_solutionId'),50),'-','hq','-', uniqueString(concat(variables('_solutionId'),'-','HuntingQuery','-',variables('huntingQueryObject2')._huntingQuerycontentId2,'-', '1.0.0')))]",
        "version": "1.0.0"
      }
    },
    {
      "type": "Microsoft.OperationalInsights/workspaces/providers/contentTemplates",
      "apiVersion": "2023-04-01-preview",
      "name": "[variables('huntingQueryObject3').huntingQueryTemplateSpecName3]",
      "location": "[parameters('workspace-location')]",
      "dependsOn": [
        "[extensionResourceId(resourceId('Microsoft.OperationalInsights/workspaces', parameters('workspace')), 'Microsoft.SecurityInsights/contentPackages', variables('_solutionId'))]"
      ],
      "properties": {
        "description": "Dev-0322CommandLineActivityNovember2021_HuntingQueries Hunting Query with template version 3.0.5",
        "mainTemplate": {
          "$schema": "https://schema.management.azure.com/schemas/2019-04-01/deploymentTemplate.json#",
          "contentVersion": "[variables('huntingQueryObject3').huntingQueryVersion3]",
          "parameters": {},
          "variables": {},
          "resources": [
            {
              "type": "Microsoft.OperationalInsights/savedSearches",
              "apiVersion": "2022-10-01",
              "name": "Legacy_IOC_based_Threat_Protection_Hunting_Query_3",
              "location": "[parameters('workspace-location')]",
              "properties": {
                "eTag": "*",
                "displayName": "Dev-0322 Command Line Activity November 2021",
                "category": "Hunting Queries",
                "query": "// Look for command lines observed used by the threat actor\nlet cmd_lines = dynamic(['regsvr32 /s c:\\\\windows\\\\temp\\\\user64.dll', 'process call  create \"cmd /c c:\\\\windows\\\\temp\\\\gac.exe -i c:\\\\windows\\temp\\\\ScriptModule.dll >c:\\\\windows\\\\temp\\\\tmp.dat\"']);\nDeviceProcessEvents\n// Look for static cmd lines and dynamic one using regex\n| where ProcessCommandLine has_any (cmd_lines) or ProcessCommandLine matches regex \"save HKLM\\\\SYSTEM [^ ]*_System.HIV\" or ProcessCommandLine matches regex 'cmd.exe /c \"wmic /node:[^ ]* process call create \"ntdsutil snapshot \\\\\"activate instance ntds\\\\\" create quit quit > c:\\\\windows\\\\temp\\\\nt.dat\";'  or InitiatingProcessCommandLine has_any (cmd_lines) or InitiatingProcessCommandLine  matches regex \"save HKLM\\\\SYSTEM [^ ]*_System.HIV\" or InitiatingProcessCommandLine  matches regex \"save HKLM\\\\SYSTEM [^ ]*_System.HIV\" or ProcessCommandLine matches regex 'cmd.exe /c \"wmic /node:[^ ]* process call create \"ntdsutil snapshot \\\\\"activate instance ntds\\\\\" create quit quit > c:\\\\windows\\\\temp\\\\nt.dat\";'\n| summarize count(), FirstSeen=min(TimeGenerated), LastSeen = max(TimeGenerated) by DeviceId, DeviceName, ProcessCommandLine, AccountName, FileName, InitiatingProcessCommandLine, InitiatingProcessFileName, InitiatingProcessAccountName, InitiatingProcessAccountSid, SHA256\n// Base risk score on number of command lines seen for each host\n| extend RiskScore = count_\n// Increase risk score if host has recent security alerts\n| join kind=leftouter (SecurityAlert\n| where ProviderName =~ \"MDATP\"\n| extend ThreatName = tostring(parse_json(ExtendedProperties).ThreatName)\n| mv-expand todynamic(Entities)\n| extend DeviceId = tostring(parse_json(Entities).MdatpDeviceId)\n| where isnotempty(DeviceId)\n// Increase risk score further if alerts relate to malware assocaited with threat actor\n| extend AlertRiskScore = iif(ThreatName has_any (\"Zebracon\", \"Trojan:MSIL/Gacker.A!dha\", \"Backdoor:MSIL/Kokishell.A!dha\"), 1.0, 0.5)) on DeviceId\n| extend AlertRiskScore = iif(isempty(AlertRiskScore), 0.0 , AlertRiskScore)\n// Create aggregate risk score\n| extend RiskScore = RiskScore + AlertRiskScore\n| project-reorder  FirstSeen, LastSeen, RiskScore, DeviceName, DeviceId, ProcessCommandLine, AccountName\n| extend timestamp = FirstSeen, AccountCustomEntity = AccountName, HostCustomEntity = DeviceName\n",
                "version": 2,
                "tags": [
                  {
                    "name": "description",
                    "value": "This query hunts for command line activity linked to Dev-0322's compromise of ZOHO ManageEngine ADSelfService Plus software. It focuses on commands used in post-exploitation activity. Hosts with higher risk scores should be prioritized."
                  },
                  {
                    "name": "tactics",
                    "value": "Persistence,LateralMovement,CommandAndControl"
                  },
                  {
                    "name": "techniques",
                    "value": "T1078,T1219,T1021"
                  }
                ]
              }
            },
            {
              "type": "Microsoft.OperationalInsights/workspaces/providers/metadata",
              "apiVersion": "2022-01-01-preview",
              "name": "[concat(parameters('workspace'),'/Microsoft.SecurityInsights/',concat('HuntingQuery-', last(split(resourceId('Microsoft.OperationalInsights/savedSearches', variables('huntingQueryObject3')._huntingQuerycontentId3),'/'))))]",
              "properties": {
                "description": "Legacy IOC based Threat Protection Hunting Query 3",
                "parentId": "[resourceId('Microsoft.OperationalInsights/savedSearches', variables('huntingQueryObject3')._huntingQuerycontentId3)]",
                "contentId": "[variables('huntingQueryObject3')._huntingQuerycontentId3]",
                "kind": "HuntingQuery",
                "version": "[variables('huntingQueryObject3').huntingQueryVersion3]",
                "source": {
                  "kind": "Solution",
                  "name": "Legacy IOC based Threat Protection",
                  "sourceId": "[variables('_solutionId')]"
                },
                "author": {
                  "name": "Microsoft",
                  "email": "[variables('_email')]"
                },
                "support": {
                  "name": "Microsoft Corporation",
                  "email": "support@microsoft.com",
                  "tier": "Microsoft",
                  "link": "https://support.microsoft.com"
                }
              }
            }
          ]
        },
        "packageKind": "Solution",
        "packageVersion": "[variables('_solutionVersion')]",
        "packageName": "[variables('_solutionName')]",
        "packageId": "[variables('_solutionId')]",
        "contentSchemaVersion": "3.0.0",
        "contentId": "[variables('huntingQueryObject3')._huntingQuerycontentId3]",
        "contentKind": "HuntingQuery",
        "displayName": "Dev-0322 Command Line Activity November 2021",
        "contentProductId": "[concat(take(variables('_solutionId'),50),'-','hq','-', uniqueString(concat(variables('_solutionId'),'-','HuntingQuery','-',variables('huntingQueryObject3')._huntingQuerycontentId3,'-', '1.0.0')))]",
        "id": "[concat(take(variables('_solutionId'),50),'-','hq','-', uniqueString(concat(variables('_solutionId'),'-','HuntingQuery','-',variables('huntingQueryObject3')._huntingQuerycontentId3,'-', '1.0.0')))]",
        "version": "1.0.0"
      }
    },
    {
      "type": "Microsoft.OperationalInsights/workspaces/providers/contentTemplates",
      "apiVersion": "2023-04-01-preview",
      "name": "[variables('huntingQueryObject4').huntingQueryTemplateSpecName4]",
      "location": "[parameters('workspace-location')]",
      "dependsOn": [
        "[extensionResourceId(resourceId('Microsoft.OperationalInsights/workspaces', parameters('workspace')), 'Microsoft.SecurityInsights/contentPackages', variables('_solutionId'))]"
      ],
      "properties": {
        "description": "Dev-0322FileDropActivityNovember2021(ASIMVersion)_HuntingQueries Hunting Query with template version 3.0.5",
        "mainTemplate": {
          "$schema": "https://schema.management.azure.com/schemas/2019-04-01/deploymentTemplate.json#",
          "contentVersion": "[variables('huntingQueryObject4').huntingQueryVersion4]",
          "parameters": {},
          "variables": {},
          "resources": [
            {
              "type": "Microsoft.OperationalInsights/savedSearches",
              "apiVersion": "2022-10-01",
              "name": "Legacy_IOC_based_Threat_Protection_Hunting_Query_4",
              "location": "[parameters('workspace-location')]",
              "properties": {
                "eTag": "*",
                "displayName": "Dev-0322 File Drop Activity November 2021 (ASIM Version)",
                "category": "Hunting Queries",
                "query": "// Look for the specific files dropped by threat actor\nlet files = dynamic([\"C:\\\\ProgramData\\\\Microsoft\\\\Crypto\\\\RSA\\\\key.dat \", \"c:\\\\windows\\\\temp\\\\ccc.exe\"]);\nimFileEvent\n| where EventType =~ \"FileCreated\"\n| where FileName endswith \"elrs.exe\" or FilePath has_any (files)\n// Increase the risk score of command accessing file also seen\n| join kind=leftouter (imProcess\n| where CommandLine contains \"cmd /c elrs.exe\") on DvcId\n| extend RiskScore = iif(isnotempty(DvcId1), 1.0, 0.5)\n| project-reorder TimeGenerated, DvcId, FileName, FilePath, CommandLine, RiskScore\n// Increase risk score if recent alerts for the host\n| join kind=leftouter (SecurityAlert\n| where ProviderName =~ \"MDATP\"\n| extend ThreatName = tostring(parse_json(ExtendedProperties).ThreatName)\n| mv-expand todynamic(Entities)\n| extend DvcId = tostring(parse_json(Entities).MdatpDeviceId)\n| where isnotempty(DvcId)\n// Higher risk score are for Defender alerts related to threat actor\n| extend AlertRiskScore = iif(ThreatName has_any (\"Zebracon\", \"Trojan:MSIL/Gacker.A!dha\", \"Backdoor:MSIL/Kokishell.A!dha\"), 1.0, 0.5)\n| project DvcId, AlertRiskScore) on DvcId\n| extend AlertRiskScore = iif(isempty(AlertRiskScore), 0.0, AlertRiskScore)\n// Create agregate risk score\n| extend RiskScore = RiskScore + AlertRiskScore\n| extend timestamp = TimeGenerated, HostCustomEntity = Dvc, AccountCustomEntity = AccountName\n",
                "version": 2,
                "tags": [
                  {
                    "name": "description",
                    "value": "This query hunts for file creation events linked to Dev-0322's compromise of ZOHO ManageEngine ADSelfService Plus software. It focuses on files dropped during post-exploitation activity. Hosts with higher risk scores should be prioritized."
                  },
                  {
                    "name": "tactics",
                    "value": "Persistence,CommandAndControl"
                  },
                  {
                    "name": "techniques",
                    "value": "T1078,T1219"
                  }
                ]
              }
            },
            {
              "type": "Microsoft.OperationalInsights/workspaces/providers/metadata",
              "apiVersion": "2022-01-01-preview",
              "name": "[concat(parameters('workspace'),'/Microsoft.SecurityInsights/',concat('HuntingQuery-', last(split(resourceId('Microsoft.OperationalInsights/savedSearches', variables('huntingQueryObject4')._huntingQuerycontentId4),'/'))))]",
              "properties": {
                "description": "Legacy IOC based Threat Protection Hunting Query 4",
                "parentId": "[resourceId('Microsoft.OperationalInsights/savedSearches', variables('huntingQueryObject4')._huntingQuerycontentId4)]",
                "contentId": "[variables('huntingQueryObject4')._huntingQuerycontentId4]",
                "kind": "HuntingQuery",
                "version": "[variables('huntingQueryObject4').huntingQueryVersion4]",
                "source": {
                  "kind": "Solution",
                  "name": "Legacy IOC based Threat Protection",
                  "sourceId": "[variables('_solutionId')]"
                },
                "author": {
                  "name": "Microsoft",
                  "email": "[variables('_email')]"
                },
                "support": {
                  "name": "Microsoft Corporation",
                  "email": "support@microsoft.com",
                  "tier": "Microsoft",
                  "link": "https://support.microsoft.com"
                }
              }
            }
          ]
        },
        "packageKind": "Solution",
        "packageVersion": "[variables('_solutionVersion')]",
        "packageName": "[variables('_solutionName')]",
        "packageId": "[variables('_solutionId')]",
        "contentSchemaVersion": "3.0.0",
        "contentId": "[variables('huntingQueryObject4')._huntingQuerycontentId4]",
        "contentKind": "HuntingQuery",
        "displayName": "Dev-0322 File Drop Activity November 2021 (ASIM Version)",
        "contentProductId": "[concat(take(variables('_solutionId'),50),'-','hq','-', uniqueString(concat(variables('_solutionId'),'-','HuntingQuery','-',variables('huntingQueryObject4')._huntingQuerycontentId4,'-', '1.0.0')))]",
        "id": "[concat(take(variables('_solutionId'),50),'-','hq','-', uniqueString(concat(variables('_solutionId'),'-','HuntingQuery','-',variables('huntingQueryObject4')._huntingQuerycontentId4,'-', '1.0.0')))]",
        "version": "1.0.0"
      }
    },
    {
      "type": "Microsoft.OperationalInsights/workspaces/providers/contentTemplates",
      "apiVersion": "2023-04-01-preview",
      "name": "[variables('huntingQueryObject5').huntingQueryTemplateSpecName5]",
      "location": "[parameters('workspace-location')]",
      "dependsOn": [
        "[extensionResourceId(resourceId('Microsoft.OperationalInsights/workspaces', parameters('workspace')), 'Microsoft.SecurityInsights/contentPackages', variables('_solutionId'))]"
      ],
      "properties": {
        "description": "Dev-0322FileDropActivityNovember2021_HuntingQueries Hunting Query with template version 3.0.5",
        "mainTemplate": {
          "$schema": "https://schema.management.azure.com/schemas/2019-04-01/deploymentTemplate.json#",
          "contentVersion": "[variables('huntingQueryObject5').huntingQueryVersion5]",
          "parameters": {},
          "variables": {},
          "resources": [
            {
              "type": "Microsoft.OperationalInsights/savedSearches",
              "apiVersion": "2022-10-01",
              "name": "Legacy_IOC_based_Threat_Protection_Hunting_Query_5",
              "location": "[parameters('workspace-location')]",
              "properties": {
                "eTag": "*",
                "displayName": "Dev-0322 File Drop Activity November 2021",
                "category": "Hunting Queries",
                "query": "// Look for the specific files dropped by threat actor\nlet files = dynamic([\"C:\\\\ProgramData\\\\Microsoft\\\\Crypto\\\\RSA\\\\key.dat \", \"c:\\\\windows\\\\temp\\\\ccc.exe\"]);\nDeviceFileEvents\n| where FileName endswith \"elrs.exe\" or FolderPath has_any (files)\n// Increase the risk score of command accessing file also seen\n| join kind=leftouter (DeviceProcessEvents\n| where ProcessCommandLine contains \"cmd /c elrs.exe\") on DeviceId\n| extend RiskScore = iif(isnotempty(DeviceId1), 1.0, 0.5)\n| project-reorder TimeGenerated, DeviceName, FileName, FolderPath, ProcessCommandLine, RiskScore, InitiatingProcessAccountName\n// Increase risk score if recent alerts for the host\n| join kind=leftouter (SecurityAlert\n| where ProviderName =~ \"MDATP\"\n| extend ThreatName = tostring(parse_json(ExtendedProperties).ThreatName)\n| mv-expand todynamic(Entities)\n| extend DeviceId = tostring(parse_json(Entities).MdatpDeviceId)\n| where isnotempty(DeviceId)\n// Higher risk score are for Defender alerts related to threat actor\n| extend AlertRiskScore = iif(ThreatName has_any (\"Zebracon\", \"Trojan:MSIL/Gacker.A!dha\", \"Backdoor:MSIL/Kokishell.A!dha\"), 1.0, 0.5)\n| project DeviceId, AlertRiskScore) on DeviceId\n// Create agregate risk score\n| extend RiskScore = RiskScore + AlertRiskScore\n| extend timestamp = TimeGenerated, HostCustomEntity = DeviceName, AccountCustomEntity = AccountName\n",
                "version": 2,
                "tags": [
                  {
                    "name": "description",
                    "value": "This query hunts for file creation events linked to Dev-0322's compromise of ZOHO ManageEngine ADSelfService Plus software. It focuses on files dropped during post-exploitation activity. Hosts with higher risk scores should be prioritized."
                  },
                  {
                    "name": "tactics",
                    "value": "Persistence,CommandAndControl"
                  },
                  {
                    "name": "techniques",
                    "value": "T1078,T1219"
                  }
                ]
              }
            },
            {
              "type": "Microsoft.OperationalInsights/workspaces/providers/metadata",
              "apiVersion": "2022-01-01-preview",
              "name": "[concat(parameters('workspace'),'/Microsoft.SecurityInsights/',concat('HuntingQuery-', last(split(resourceId('Microsoft.OperationalInsights/savedSearches', variables('huntingQueryObject5')._huntingQuerycontentId5),'/'))))]",
              "properties": {
                "description": "Legacy IOC based Threat Protection Hunting Query 5",
                "parentId": "[resourceId('Microsoft.OperationalInsights/savedSearches', variables('huntingQueryObject5')._huntingQuerycontentId5)]",
                "contentId": "[variables('huntingQueryObject5')._huntingQuerycontentId5]",
                "kind": "HuntingQuery",
                "version": "[variables('huntingQueryObject5').huntingQueryVersion5]",
                "source": {
                  "kind": "Solution",
                  "name": "Legacy IOC based Threat Protection",
                  "sourceId": "[variables('_solutionId')]"
                },
                "author": {
                  "name": "Microsoft",
                  "email": "[variables('_email')]"
                },
                "support": {
                  "name": "Microsoft Corporation",
                  "email": "support@microsoft.com",
                  "tier": "Microsoft",
                  "link": "https://support.microsoft.com"
                }
              }
            }
          ]
        },
        "packageKind": "Solution",
        "packageVersion": "[variables('_solutionVersion')]",
        "packageName": "[variables('_solutionName')]",
        "packageId": "[variables('_solutionId')]",
        "contentSchemaVersion": "3.0.0",
        "contentId": "[variables('huntingQueryObject5')._huntingQuerycontentId5]",
        "contentKind": "HuntingQuery",
        "displayName": "Dev-0322 File Drop Activity November 2021",
        "contentProductId": "[concat(take(variables('_solutionId'),50),'-','hq','-', uniqueString(concat(variables('_solutionId'),'-','HuntingQuery','-',variables('huntingQueryObject5')._huntingQuerycontentId5,'-', '1.0.0')))]",
        "id": "[concat(take(variables('_solutionId'),50),'-','hq','-', uniqueString(concat(variables('_solutionId'),'-','HuntingQuery','-',variables('huntingQueryObject5')._huntingQuerycontentId5,'-', '1.0.0')))]",
        "version": "1.0.0"
      }
    },
    {
      "type": "Microsoft.OperationalInsights/workspaces/providers/contentTemplates",
      "apiVersion": "2023-04-01-preview",
      "name": "[variables('huntingQueryObject6').huntingQueryTemplateSpecName6]",
      "location": "[parameters('workspace-location')]",
      "dependsOn": [
        "[extensionResourceId(resourceId('Microsoft.OperationalInsights/workspaces', parameters('workspace')), 'Microsoft.SecurityInsights/contentPackages', variables('_solutionId'))]"
      ],
      "properties": {
        "description": "NetworkConnectiontoOMIPorts_HuntingQueries Hunting Query with template version 3.0.5",
        "mainTemplate": {
          "$schema": "https://schema.management.azure.com/schemas/2019-04-01/deploymentTemplate.json#",
          "contentVersion": "[variables('huntingQueryObject6').huntingQueryVersion6]",
          "parameters": {},
          "variables": {},
          "resources": [
            {
              "type": "Microsoft.OperationalInsights/savedSearches",
              "apiVersion": "2022-10-01",
              "name": "Legacy_IOC_based_Threat_Protection_Hunting_Query_6",
              "location": "[parameters('workspace-location')]",
              "properties": {
                "eTag": "*",
                "displayName": "Connection from external IP to OMI related Ports",
                "category": "Hunting Queries",
                "query": "let Port = dynamic([\"5985\",\"5986\",\"1270\"]); \n(union isfuzzy=true\n(imNetworkSession\n| extend result = ipv4_is_private(SrcIpAddr)\n| where result == 0  and SrcIpAddr != \"127.0.0.1\"\n| where DstPortNumber in (Port)\n| where EventResult != 'Failure'\n| project TimeGenerated, EventProduct, EventResult, SourceIp = SrcIpAddr, DestinationIp = DstIpAddr,Type, Dvc, DestinationPort= DstPortNumber, SrcPortNumber, Protocol = NetworkProtocol, RemoteCountry = SrcGeoCountry, SrcGeoCity, RemoteLatitude = SrcGeoLatitude, RemoteLongitude = SrcGeoLongitude\n| extend Timestamp = TimeGenerated, IPCustomEntity = SourceIp, HostCustomEntity = Dvc \n),\n(VMConnection\n| where Direction == \"inbound\"\n| extend result = ipv4_is_private(SourceIp)\n| where result == 0  and SourceIp != \"127.0.0.1\"\n| where ProcessName == 'omiengine'\n| where DestinationPort in (Port)\n| project TimeGenerated, Computer, Direction, ProcessName, SourceIp, DestinationIp, DestinationPort, Protocol, RemoteCountry, RemoteLatitude, RemoteLongitude, Type\n| extend Timestamp = TimeGenerated, HostCustomEntity = Computer, IPCustomEntity = SourceIp\n),\n(AzureNetworkAnalytics_CL\n| extend result = ipv4_is_private(SrcIP_s) \n| where result == 0 and SrcIP_s != \"127.0.0.1\"\n| where L7Protocol_s has 'wsman'\n| where DestPort_d in (Port)\n| parse VM_s with * '/' VM \n| project TimeGenerated, SourceIp = SrcIP_s, DestinationIp = DestIP_s, DestinationPort = DestPort_d, Protocol = L7Protocol_s, NSGRule_s, VM, Type\n| extend Timestamp = TimeGenerated, HostCustomEntity = VM, IPCustomEntity = SourceIp\n),\nAzureDiagnostics\n| where Category == \"AzureFirewallNetworkRule\" and OperationName == \"AzureFirewallNatRuleLog\"\n| parse msg_s with Protocol ' request from ' SourceIp ':' SourcePort ' to ' DestinationIp ':' DestinationPort \" was \" Action \" to \" InternalIP ':' InternalPort\n| where DestinationPort in (Port)\n| project TimeGenerated, SourceIp, DestinationIp, DestinationPort, Protocol, Action, Resource\n| extend Timestamp = TimeGenerated, IPCustomEntity = SourceIp\n)\n",
                "version": 2,
                "tags": [
                  {
                    "name": "description",
                    "value": "This query detects attempts to exploit OMI vulnerability (CVE-2021-38647) by identifying external IP connections to management ports (5985,5986,1270). It uses the imNetworkSession schema and other logs for this purpose."
                  },
                  {
                    "name": "tactics",
                    "value": "Reconnaissance,InitialAccess"
                  },
                  {
                    "name": "techniques",
                    "value": "T1595,T1190"
                  }
                ]
              }
            },
            {
              "type": "Microsoft.OperationalInsights/workspaces/providers/metadata",
              "apiVersion": "2022-01-01-preview",
              "name": "[concat(parameters('workspace'),'/Microsoft.SecurityInsights/',concat('HuntingQuery-', last(split(resourceId('Microsoft.OperationalInsights/savedSearches', variables('huntingQueryObject6')._huntingQuerycontentId6),'/'))))]",
              "properties": {
                "description": "Legacy IOC based Threat Protection Hunting Query 6",
                "parentId": "[resourceId('Microsoft.OperationalInsights/savedSearches', variables('huntingQueryObject6')._huntingQuerycontentId6)]",
                "contentId": "[variables('huntingQueryObject6')._huntingQuerycontentId6]",
                "kind": "HuntingQuery",
                "version": "[variables('huntingQueryObject6').huntingQueryVersion6]",
                "source": {
                  "kind": "Solution",
                  "name": "Legacy IOC based Threat Protection",
                  "sourceId": "[variables('_solutionId')]"
                },
                "author": {
                  "name": "Microsoft",
                  "email": "[variables('_email')]"
                },
                "support": {
                  "name": "Microsoft Corporation",
                  "email": "support@microsoft.com",
                  "tier": "Microsoft",
                  "link": "https://support.microsoft.com"
                }
              }
            }
          ]
        },
        "packageKind": "Solution",
        "packageVersion": "[variables('_solutionVersion')]",
        "packageName": "[variables('_solutionName')]",
        "packageId": "[variables('_solutionId')]",
        "contentSchemaVersion": "3.0.0",
        "contentId": "[variables('huntingQueryObject6')._huntingQuerycontentId6]",
        "contentKind": "HuntingQuery",
        "displayName": "Connection from external IP to OMI related Ports",
        "contentProductId": "[concat(take(variables('_solutionId'),50),'-','hq','-', uniqueString(concat(variables('_solutionId'),'-','HuntingQuery','-',variables('huntingQueryObject6')._huntingQuerycontentId6,'-', '1.0.1')))]",
        "id": "[concat(take(variables('_solutionId'),50),'-','hq','-', uniqueString(concat(variables('_solutionId'),'-','HuntingQuery','-',variables('huntingQueryObject6')._huntingQuerycontentId6,'-', '1.0.1')))]",
        "version": "1.0.1"
      }
    },
    {
      "type": "Microsoft.OperationalInsights/workspaces/providers/contentTemplates",
      "apiVersion": "2023-04-01-preview",
      "name": "[variables('huntingQueryObject7').huntingQueryTemplateSpecName7]",
      "location": "[parameters('workspace-location')]",
      "dependsOn": [
        "[extensionResourceId(resourceId('Microsoft.OperationalInsights/workspaces', parameters('workspace')), 'Microsoft.SecurityInsights/contentPackages', variables('_solutionId'))]"
      ],
      "properties": {
        "description": "NylonTyphoonCommandLineActivity-Nov2021_HuntingQueries Hunting Query with template version 3.0.5",
        "mainTemplate": {
          "$schema": "https://schema.management.azure.com/schemas/2019-04-01/deploymentTemplate.json#",
          "contentVersion": "[variables('huntingQueryObject7').huntingQueryVersion7]",
          "parameters": {},
          "variables": {},
          "resources": [
            {
              "type": "Microsoft.OperationalInsights/savedSearches",
              "apiVersion": "2022-10-01",
              "name": "Legacy_IOC_based_Threat_Protection_Hunting_Query_7",
              "location": "[parameters('workspace-location')]",
              "properties": {
                "eTag": "*",
                "displayName": "Nylon Typhoon Command Line Activity November 2021",
                "category": "Hunting Queries",
                "query": "let xcopy_tokens = dynamic([\"xcopy\", \"\\\\windows\\\\temp\\\\wmi\", \"/S/Y/C\"]);\nlet archive_tokens = dynamic([\"\\\\windows\\\\temp\\\\wmi\", \".rar\", \".7zip\"]);\nlet SigNames = dynamic([\"Backdoor:Win32/Leeson\", \"Trojan:Win32/Kechang\", \"Backdoor:Win32/Nightimp!dha\", \"Trojan:Win32/QuarkBandit.A!dha\", \"TrojanSpy:Win32/KeyLogger\"]);\n(union isfuzzy=true\n(DeviceProcessEvents  \n| where ProcessCommandLine has_all(xcopy_tokens) or (ProcessCommandLine has_all (archive_tokens)) \n| join kind=leftouter (\nSecurityAlert\n| where ProductName == \"Microsoft Defender Advanced Threat Protection\"\n| extend ThreatName = tostring(parse_json(ExtendedProperties).ThreatName)\n| where isnotempty(ThreatName)\n| extend AlertRiskScore =iif(ThreatName has_any (SigNames), 1.0, 0.5))\n| extend AlertRiskScore = iif(isempty(AlertRiskScore), 0.0 , AlertRiskScore)\n| project-reorder  TimeGenerated, DeviceName, DeviceId, ProcessCommandLine, AccountName\n| extend timestamp = TimeGenerated, AccountCustomEntity = AccountName, HostCustomEntity = DeviceName,  ProcessCustomEntity = InitiatingProcessFileName\n),\n(imProcessCreate\n| where (CommandLine has_all (xcopy_tokens)) or (CommandLine has_all (archive_tokens))\n| extend timestamp = TimeGenerated, HostCustomEntity = DvcHostname , AccountCustomEntity = ActorUsername, ProcessCustomEntity = TargetProcessName\n),\n(SecurityEvent\n| where EventID == '4688'\n| where (CommandLine has_all (xcopy_tokens)) or (CommandLine has_all (archive_tokens))\n| project TimeGenerated, Computer, NewProcessName, ParentProcessName, Account, NewProcessId, Type, CommandLine\n| extend timestamp = TimeGenerated, HostCustomEntity = Computer , AccountCustomEntity = Account, ProcessCustomEntity = NewProcessName\n),\n(WindowsEvent\n| where EventID == '4688' and (EventData has_all (xcopy_tokens) or EventData has_all (archive_tokens))\n| extend CommandLine = tostring(EventData.CommandLine) \n| where (CommandLine has_all (xcopy_tokens)) or (CommandLine has_all (archive_tokens))\n| extend NewProcessName = tostring(EventData.NewProcessName)\n| extend ParentProcessName = tostring(EventData.ParentProcessName)\n| extend Account =  strcat(tostring(EventData.SubjectDomainName),\"\\\\\", tostring(EventData.SubjectUserName))\n| extend NewProcessId = tostring(EventData.NewProcessId)\n| project TimeGenerated, Computer, NewProcessName, ParentProcessName, Account, NewProcessId, Type, CommandLine\n| extend timestamp = TimeGenerated, HostCustomEntity = Computer , AccountCustomEntity = Account, ProcessCustomEntity = NewProcessName\n)\n)\n| extend NTDomain = tostring(split(AccountCustomEntity, '\\\\', 0)[0]), Name = tostring(split(AccountCustomEntity, '\\\\', 1)[0])\n| extend HostName = tostring(split(HostCustomEntity, '.', 0)[0]), DnsDomain = tostring(strcat_array(array_slice(split(HostCustomEntity, '.'), 1, -1), '.'))\n| extend Account_0_Name = Name\n| extend Account_0_NTDomain = NTDomain\n| extend Host_0_HostName = HostName\n| extend Host_0_DnsDomain = DnsDomain\n| extend Process_0_ProcessId = ProcessCustomEntity\n| extend Process_0_CommandLine = CommandLineCustomEntity\n",
                "version": 2,
                "tags": [
                  {
                    "name": "description",
                    "value": "This query hunts for Nylon Typhoon-related activity, specifically data collection and staging. It looks for use of tools like xcopy and renamed archiving tools on hosts with observed signatures."
                  },
                  {
                    "name": "tactics",
                    "value": "Collection"
                  },
                  {
                    "name": "techniques",
                    "value": "T1074.001"
                  }
                ]
              }
            },
            {
              "type": "Microsoft.OperationalInsights/workspaces/providers/metadata",
              "apiVersion": "2022-01-01-preview",
              "name": "[concat(parameters('workspace'),'/Microsoft.SecurityInsights/',concat('HuntingQuery-', last(split(resourceId('Microsoft.OperationalInsights/savedSearches', variables('huntingQueryObject7')._huntingQuerycontentId7),'/'))))]",
              "properties": {
                "description": "Legacy IOC based Threat Protection Hunting Query 7",
                "parentId": "[resourceId('Microsoft.OperationalInsights/savedSearches', variables('huntingQueryObject7')._huntingQuerycontentId7)]",
                "contentId": "[variables('huntingQueryObject7')._huntingQuerycontentId7]",
                "kind": "HuntingQuery",
                "version": "[variables('huntingQueryObject7').huntingQueryVersion7]",
                "source": {
                  "kind": "Solution",
                  "name": "Legacy IOC based Threat Protection",
                  "sourceId": "[variables('_solutionId')]"
                },
                "author": {
                  "name": "Microsoft",
                  "email": "[variables('_email')]"
                },
                "support": {
                  "name": "Microsoft Corporation",
                  "email": "support@microsoft.com",
                  "tier": "Microsoft",
                  "link": "https://support.microsoft.com"
                }
              }
            }
          ]
        },
        "packageKind": "Solution",
        "packageVersion": "[variables('_solutionVersion')]",
        "packageName": "[variables('_solutionName')]",
        "packageId": "[variables('_solutionId')]",
        "contentSchemaVersion": "3.0.0",
        "contentId": "[variables('huntingQueryObject7')._huntingQuerycontentId7]",
        "contentKind": "HuntingQuery",
        "displayName": "Nylon Typhoon Command Line Activity November 2021",
        "contentProductId": "[concat(take(variables('_solutionId'),50),'-','hq','-', uniqueString(concat(variables('_solutionId'),'-','HuntingQuery','-',variables('huntingQueryObject7')._huntingQuerycontentId7,'-', '1.0.1')))]",
        "id": "[concat(take(variables('_solutionId'),50),'-','hq','-', uniqueString(concat(variables('_solutionId'),'-','HuntingQuery','-',variables('huntingQueryObject7')._huntingQuerycontentId7,'-', '1.0.1')))]",
        "version": "1.0.1"
      }
    },
    {
      "type": "Microsoft.OperationalInsights/workspaces/providers/contentTemplates",
      "apiVersion": "2023-04-01-preview",
      "name": "[variables('huntingQueryObject8').huntingQueryTemplateSpecName8]",
      "location": "[parameters('workspace-location')]",
      "dependsOn": [
        "[extensionResourceId(resourceId('Microsoft.OperationalInsights/workspaces', parameters('workspace')), 'Microsoft.SecurityInsights/contentPackages', variables('_solutionId'))]"
      ],
      "properties": {
        "description": "NylonTyphoonRegIOCPatterns_HuntingQueries Hunting Query with template version 3.0.5",
        "mainTemplate": {
          "$schema": "https://schema.management.azure.com/schemas/2019-04-01/deploymentTemplate.json#",
          "contentVersion": "[variables('huntingQueryObject8').huntingQueryVersion8]",
          "parameters": {},
          "variables": {},
          "resources": [
            {
              "type": "Microsoft.OperationalInsights/savedSearches",
              "apiVersion": "2022-10-01",
              "name": "Legacy_IOC_based_Threat_Protection_Hunting_Query_8",
              "location": "[parameters('workspace-location')]",
              "properties": {
                "eTag": "*",
                "displayName": "Known Nylon Typhoon Registry modifications patterns",
                "category": "Hunting Queries",
                "query": "let reg_paths = dynamic([\"HKEY_CURRENT_USER\\\\Software\\\\Microsoft\\\\Internet Explorer\\\\Main\", \n                        \"HKEY_CURRENT_USER\\\\Software\\\\Microsoft\\\\Internet Explorer\\\\Recovery\", \n                        \"HKEY_CURRENT_USER\\\\Software\\\\Microsoft\\\\Internet Explorer\\\\Privacy\", \n                        \"HKEY_CURRENT_USER\\\\Software\\\\Microsoft\\\\Windows\\\\CurrentVersion\\\\Internet Settings\\\\ZoneMap\"\n                        ]);\nlet reg_keys = dynamic([\"Start Page\", \"DisableFirstRunCustomize\", \"RunOnceComplete\", \"RunOnceHasShown\", \"Check_Associations\", \"AutoRecover\", \"ClearBrowsingHistoryOnExit\", \"Completed\", \"IEHarden\"]);\n(union isfuzzy=true\n(\nSecurityEvent\n| where EventID == 4657\n| where ObjectName has_any (reg_paths) and ObjectValueName has_any (reg_keys)\n| summarize Count=count() by Computer, Account, ObjectName\n| extend AccountCustomEntity = Account, HostCustomEntity = Computer\n),\n(\nWindowsEvent\n| where EventID == 4657 and EventData  has_any (reg_paths) and EventData has_any (reg_keys)\n| extend ObjectName = tostring(EventData.ObjectName)\n| extend ObjectValueName = tostring(EventData.ObjectValueName)\n| where ObjectName has_any (reg_paths) and ObjectValueName has_any (reg_keys)\n| extend Account =  strcat(tostring(EventData.SubjectDomainName),\"\\\\\", tostring(EventData.SubjectUserName))\n| summarize Count=count() by Computer, Account, ObjectName\n| extend AccountCustomEntity = Account, HostCustomEntity = Computer\n),\n(\nEvent\n| where Source == \"Microsoft-Windows-Sysmon\"\n| where EventID in (12, 13)\n| extend EventData = parse_xml(EventData).DataItem.EventData.Data\n| mv-expand bagexpansion=array EventData\n| evaluate bag_unpack(EventData)\n| extend Key=tostring(['@Name']), Value=['#text']\n| evaluate pivot(Key, any(Value), TimeGenerated, Source, EventLog, Computer, EventLevel, EventLevelName, EventID, UserName, RenderedDescription, MG, ManagementGroupName, Type, _ResourceId)\n| where TargetObject has_any (reg_paths) and TargetObject has_any (reg_keys)\n| summarize Count=count() by Computer, UserName, tostring(TargetObject)\n| extend AccountCustomEntity = UserName, HostCustomEntity = Computer\n),\n(\nimRegistry\n| where RegistryKey has_any (reg_paths) and RegistryValue has_any (reg_keys)\n| summarize Count=count() by Dvc, Username, RegistryKey\n| extend AccountCustomEntity = Username, HostCustomEntity = Dvc\n)\n)\n| extend NTDomain = tostring(split(AccountCustomEntity, '\\\\', 0)[0]), Name = tostring(split(AccountCustomEntity, '\\\\', 1)[0])\n| extend HostName = tostring(split(HostCustomEntity, '.', 0)[0]), DnsDomain = tostring(strcat_array(array_slice(split(HostCustomEntity, '.'), 1, -1), '.'))\n| extend Account_0_Name = Name\n| extend Account_0_NTDomain = NTDomain\n| extend Host_0_HostName = HostName\n| extend Host_0_DnsDomain = DnsDomain\n",
                "version": 2,
                "tags": [
                  {
                    "name": "description",
                    "value": "This query identifies instances where malware intentionally configures the browser settings for its use by modifying the following registry entries by Nylon Typhoon threat actor."
                  },
                  {
                    "name": "tactics",
                    "value": "Persistence"
                  },
                  {
                    "name": "techniques",
                    "value": "T1546.012"
                  }
                ]
              }
            },
            {
              "type": "Microsoft.OperationalInsights/workspaces/providers/metadata",
              "apiVersion": "2022-01-01-preview",
              "name": "[concat(parameters('workspace'),'/Microsoft.SecurityInsights/',concat('HuntingQuery-', last(split(resourceId('Microsoft.OperationalInsights/savedSearches', variables('huntingQueryObject8')._huntingQuerycontentId8),'/'))))]",
              "properties": {
                "description": "Legacy IOC based Threat Protection Hunting Query 8",
                "parentId": "[resourceId('Microsoft.OperationalInsights/savedSearches', variables('huntingQueryObject8')._huntingQuerycontentId8)]",
                "contentId": "[variables('huntingQueryObject8')._huntingQuerycontentId8]",
                "kind": "HuntingQuery",
                "version": "[variables('huntingQueryObject8').huntingQueryVersion8]",
                "source": {
                  "kind": "Solution",
                  "name": "Legacy IOC based Threat Protection",
                  "sourceId": "[variables('_solutionId')]"
                },
                "author": {
                  "name": "Microsoft",
                  "email": "[variables('_email')]"
                },
                "support": {
                  "name": "Microsoft Corporation",
                  "email": "support@microsoft.com",
                  "tier": "Microsoft",
                  "link": "https://support.microsoft.com"
                }
              }
            }
          ]
        },
        "packageKind": "Solution",
        "packageVersion": "[variables('_solutionVersion')]",
        "packageName": "[variables('_solutionName')]",
        "packageId": "[variables('_solutionId')]",
        "contentSchemaVersion": "3.0.0",
        "contentId": "[variables('huntingQueryObject8')._huntingQuerycontentId8]",
        "contentKind": "HuntingQuery",
        "displayName": "Known Nylon Typhoon Registry modifications patterns",
        "contentProductId": "[concat(take(variables('_solutionId'),50),'-','hq','-', uniqueString(concat(variables('_solutionId'),'-','HuntingQuery','-',variables('huntingQueryObject8')._huntingQuerycontentId8,'-', '1.0.1')))]",
        "id": "[concat(take(variables('_solutionId'),50),'-','hq','-', uniqueString(concat(variables('_solutionId'),'-','HuntingQuery','-',variables('huntingQueryObject8')._huntingQuerycontentId8,'-', '1.0.1')))]",
        "version": "1.0.1"
      }
    },
    {
      "type": "Microsoft.OperationalInsights/workspaces/providers/contentTemplates",
      "apiVersion": "2023-04-01-preview",
      "name": "[variables('huntingQueryObject9').huntingQueryTemplateSpecName9]",
      "location": "[parameters('workspace-location')]",
      "dependsOn": [
        "[extensionResourceId(resourceId('Microsoft.OperationalInsights/workspaces', parameters('workspace')), 'Microsoft.SecurityInsights/contentPackages', variables('_solutionId'))]"
      ],
      "properties": {
        "description": "SolarWindsInventory_HuntingQueries Hunting Query with template version 3.0.5",
        "mainTemplate": {
          "$schema": "https://schema.management.azure.com/schemas/2019-04-01/deploymentTemplate.json#",
          "contentVersion": "[variables('huntingQueryObject9').huntingQueryVersion9]",
          "parameters": {},
          "variables": {},
          "resources": [
            {
              "type": "Microsoft.OperationalInsights/savedSearches",
              "apiVersion": "2022-10-01",
              "name": "Legacy_IOC_based_Threat_Protection_Hunting_Query_9",
              "location": "[parameters('workspace-location')]",
              "properties": {
                "eTag": "*",
                "displayName": "SolarWinds Inventory",
                "category": "Hunting Queries",
                "query": "\n(union isfuzzy=true \n( \nSecurityEvent  \n| where EventID == '4688' \n| where tolower(NewProcessName) has 'solarwinds' \n| extend MachineName = Computer , Process = NewProcessName\n| summarize StartTime = min(TimeGenerated), EndTime = max(TimeGenerated), MachineCount = dcount(MachineName), AccountCount = dcount(Account), MachineNames = make_set(MachineName), Accounts = make_set(Account) by Process, Type\n), \n( \nWindowsEvent  \n| where EventID == '4688' and EventData has \"solarwinds\"\n| extend NewProcessName = tostring(EventData.NewProcessName)\n| where tolower(NewProcessName) has 'solarwinds' \n| extend MachineName = Computer , Process = NewProcessName\n| extend Account =  strcat(tostring(EventData.SubjectDomainName),\"\\\\\", tostring(EventData.SubjectUserName))\n| summarize StartTime = min(TimeGenerated), EndTime = max(TimeGenerated), MachineCount = dcount(MachineName), AccountCount = dcount(Account), MachineNames = make_set(MachineName), Accounts = make_set(Account) by Process, Type\n), \n( \nDeviceProcessEvents \n| where tolower(InitiatingProcessFolderPath) has 'solarwinds' \n| extend MachineName = DeviceName , Process = InitiatingProcessFolderPath, Account = AccountName\n| summarize StartTime = min(TimeGenerated), EndTime = max(TimeGenerated), MachineCount = dcount(MachineName), AccountCount = dcount(Account), MachineNames = make_set(MachineName), Accounts = make_set(Account)  by Process, Type\n), \n( \nEvent \n| where Source == \"Microsoft-Windows-Sysmon\" \n| where EventID == 1 \n| extend Image = tostring(parse_json(EventData).[4].[\"#text\"]) \n| where tolower(Image) has 'solarwinds' \n| extend MachineName = Computer , Process = Image, Account = UserName\n| summarize StartTime = min(TimeGenerated), EndTime = max(TimeGenerated), MachineCount = dcount(MachineName), AccountCount = dcount(Account), MachineNames = make_set(MachineName), Accounts = make_set(Account)  by Process, Type\n) \n) \n",
                "version": 2,
                "tags": [
                  {
                    "name": "description",
                    "value": "Beyond your internal software management systems, it is possible you may not have visibility into your entire footprint of SolarWinds installations. This query helps discover any systems that have SolarWinds processes."
                  },
                  {
                    "name": "tactics",
                    "value": "Execution"
                  },
                  {
                    "name": "techniques",
                    "value": "T1072"
                  }
                ]
              }
            },
            {
              "type": "Microsoft.OperationalInsights/workspaces/providers/metadata",
              "apiVersion": "2022-01-01-preview",
              "name": "[concat(parameters('workspace'),'/Microsoft.SecurityInsights/',concat('HuntingQuery-', last(split(resourceId('Microsoft.OperationalInsights/savedSearches', variables('huntingQueryObject9')._huntingQuerycontentId9),'/'))))]",
              "properties": {
                "description": "Legacy IOC based Threat Protection Hunting Query 9",
                "parentId": "[resourceId('Microsoft.OperationalInsights/savedSearches', variables('huntingQueryObject9')._huntingQuerycontentId9)]",
                "contentId": "[variables('huntingQueryObject9')._huntingQuerycontentId9]",
                "kind": "HuntingQuery",
                "version": "[variables('huntingQueryObject9').huntingQueryVersion9]",
                "source": {
                  "kind": "Solution",
                  "name": "Legacy IOC based Threat Protection",
                  "sourceId": "[variables('_solutionId')]"
                },
                "author": {
                  "name": "Microsoft",
                  "email": "[variables('_email')]"
                },
                "support": {
                  "name": "Microsoft Corporation",
                  "email": "support@microsoft.com",
                  "tier": "Microsoft",
                  "link": "https://support.microsoft.com"
                }
              }
            }
          ]
        },
        "packageKind": "Solution",
        "packageVersion": "[variables('_solutionVersion')]",
        "packageName": "[variables('_solutionName')]",
        "packageId": "[variables('_solutionId')]",
        "contentSchemaVersion": "3.0.0",
        "contentId": "[variables('huntingQueryObject9')._huntingQuerycontentId9]",
        "contentKind": "HuntingQuery",
        "displayName": "SolarWinds Inventory",
        "contentProductId": "[concat(take(variables('_solutionId'),50),'-','hq','-', uniqueString(concat(variables('_solutionId'),'-','HuntingQuery','-',variables('huntingQueryObject9')._huntingQuerycontentId9,'-', '1.0.1')))]",
        "id": "[concat(take(variables('_solutionId'),50),'-','hq','-', uniqueString(concat(variables('_solutionId'),'-','HuntingQuery','-',variables('huntingQueryObject9')._huntingQuerycontentId9,'-', '1.0.1')))]",
        "version": "1.0.1"
      }
    },
    {
      "type": "Microsoft.OperationalInsights/workspaces/providers/contentTemplates",
      "apiVersion": "2023-04-01-preview",
      "name": "[variables('huntingQueryObject10').huntingQueryTemplateSpecName10]",
      "location": "[parameters('workspace-location')]",
      "dependsOn": [
        "[extensionResourceId(resourceId('Microsoft.OperationalInsights/workspaces', parameters('workspace')), 'Microsoft.SecurityInsights/contentPackages', variables('_solutionId'))]"
      ],
      "properties": {
        "description": "ForestBlizzard_IOC_RetroHunt_HuntingQueries Hunting Query with template version 3.0.5",
        "mainTemplate": {
          "$schema": "https://schema.management.azure.com/schemas/2019-04-01/deploymentTemplate.json#",
          "contentVersion": "[variables('huntingQueryObject10').huntingQueryVersion10]",
          "parameters": {},
          "variables": {},
          "resources": [
            {
              "type": "Microsoft.OperationalInsights/savedSearches",
              "apiVersion": "2022-10-01",
              "name": "Legacy_IOC_based_Threat_Protection_Hunting_Query_10",
              "location": "[parameters('workspace-location')]",
              "properties": {
                "eTag": "*",
                "displayName": "Retrospective hunt for Forest Blizzard IP IOCs",
                "category": "Hunting Queries",
                "query": "\nlet STRONTIUM_IPS = dynamic([\"82.118.242.171\" , \"167.114.153.55\" , \"94.237.37.28\", \"31.220.61.251\" , \"128.199.199.187\" ]);\n(union isfuzzy=true\n(CommonSecurityLog\n| where TimeGenerated between (startofday(datetime(2019-02-01)) .. endofday(datetime(2019-08-05)))\n| where SourceIP in (STRONTIUM_IPS) or DestinationIP in (STRONTIUM_IPS)\n| extend IPCustomEntity = SourceIP\n),\n(SecurityAlert\n| where TimeGenerated between (startofday(datetime(2019-02-01)) .. endofday(datetime(2019-08-05)))\n| extend RemoteAddress = iff(ExtendedProperties has \"RemoteAddress\", tostring(parse_json(ExtendedProperties)[\"RemoteAddress\"]), \"None\")\n| where RemoteAddress != \"None\"\n| where RemoteAddress in (STRONTIUM_IPS)\n| extend IPCustomEntity = RemoteAddress\n) \n)\n| extend timestamp = TimeGenerated\n",
                "version": 2,
                "tags": [
                  {
                    "name": "description",
                    "value": "Matches domain name IOCs related to Forest Blizzard group activity with CommonSecurityLog and SecurityAlert dataTypes.\nThe query is scoped in the time window that these IOCs were active."
                  },
                  {
                    "name": "tactics",
                    "value": "CommandAndControl"
                  },
                  {
                    "name": "techniques",
                    "value": "T1071"
                  }
                ]
              }
            },
            {
              "type": "Microsoft.OperationalInsights/workspaces/providers/metadata",
              "apiVersion": "2022-01-01-preview",
              "name": "[concat(parameters('workspace'),'/Microsoft.SecurityInsights/',concat('HuntingQuery-', last(split(resourceId('Microsoft.OperationalInsights/savedSearches', variables('huntingQueryObject10')._huntingQuerycontentId10),'/'))))]",
              "properties": {
                "description": "Legacy IOC based Threat Protection Hunting Query 10",
                "parentId": "[resourceId('Microsoft.OperationalInsights/savedSearches', variables('huntingQueryObject10')._huntingQuerycontentId10)]",
                "contentId": "[variables('huntingQueryObject10')._huntingQuerycontentId10]",
                "kind": "HuntingQuery",
                "version": "[variables('huntingQueryObject10').huntingQueryVersion10]",
                "source": {
                  "kind": "Solution",
                  "name": "Legacy IOC based Threat Protection",
                  "sourceId": "[variables('_solutionId')]"
                },
                "author": {
                  "name": "Microsoft",
                  "email": "[variables('_email')]"
                },
                "support": {
                  "name": "Microsoft Corporation",
                  "email": "support@microsoft.com",
                  "tier": "Microsoft",
                  "link": "https://support.microsoft.com"
                }
              }
            }
          ]
        },
        "packageKind": "Solution",
        "packageVersion": "[variables('_solutionVersion')]",
        "packageName": "[variables('_solutionName')]",
        "packageId": "[variables('_solutionId')]",
        "contentSchemaVersion": "3.0.0",
        "contentId": "[variables('huntingQueryObject10')._huntingQuerycontentId10]",
        "contentKind": "HuntingQuery",
        "displayName": "Retrospective hunt for Forest Blizzard IP IOCs",
        "contentProductId": "[concat(take(variables('_solutionId'),50),'-','hq','-', uniqueString(concat(variables('_solutionId'),'-','HuntingQuery','-',variables('huntingQueryObject10')._huntingQuerycontentId10,'-', '1.0.3')))]",
        "id": "[concat(take(variables('_solutionId'),50),'-','hq','-', uniqueString(concat(variables('_solutionId'),'-','HuntingQuery','-',variables('huntingQueryObject10')._huntingQuerycontentId10,'-', '1.0.3')))]",
        "version": "1.0.3"
      }
    },
    {
      "type": "Microsoft.OperationalInsights/workspaces/providers/contentPackages",
      "apiVersion": "2023-04-01-preview",
      "location": "[parameters('workspace-location')]",
      "properties": {
        "version": "3.0.5",
        "kind": "Solution",
        "contentSchemaVersion": "3.0.0",
        "displayName": "Legacy IOC based Threat Protection",
        "publisherDisplayName": "Microsoft Sentinel, Microsoft Corporation",
        "descriptionHtml": "<p><strong>Note:</strong> Please refer to the following before installing the solution:</p>\n<p>• Review the solution <a href=\"https://github.com/Azure/Azure-Sentinel/tree/master/Solutions/Legacy%20IOC%20based%20Threat%20Protection/ReleaseNotes.md\">Release Notes</a></p>\n<p>• There may be <a href=\"https://aka.ms/sentinelsolutionsknownissues\">known issues</a> pertaining to this Solution, please refer to them before installing.</p>\n<p>Microsoft Security Research, based on ongoing trends and exploits creates content that help identify existence of known IOCs based on known prevalent attacks and threat actor tactics/techniques, such as Nobelium, Gallium, Solorigate, etc. This solution contains packaged content written on some legacy IOCs that have been prevalent in the past but may still be relevant.</p>\n<p><strong>Pre-requisites:</strong></p>\n<p>This is a <a href=\"https://learn.microsoft.com/azure/sentinel/sentinel-solutions-catalog#domain-solutions\">domain solution</a> and does not include any data connectors. The content in this solution supports the connectors listed below. Install one or more of the listed solutions, to unlock the value provided by this solution.</p>\n<ol>\n<li><p>Squid Proxy</p>\n</li>\n<li><p>Windows Server DNS</p>\n</li>\n<li><p>Cisco ASA</p>\n</li>\n<li><p>Palo Alto Networks</p>\n</li>\n<li><p>Microsoft Defender XDR</p>\n</li>\n<li><p>Azure Firewall</p>\n</li>\n<li><p>ZScaler Internet Access</p>\n</li>\n<li><p>Infoblox NIOS</p>\n</li>\n<li><p>Google Cloud Platform DNS</p>\n</li>\n<li><p>NXLog DNS</p>\n</li>\n<li><p>Cisco Umbrella</p>\n</li>\n<li><p>Corelight</p>\n</li>\n<li><p>Amazon Web Services</p>\n</li>\n<li><p>Windows Forwarded Events</p>\n</li>\n<li><p>Sysmon for Linux</p>\n</li>\n<li><p>Microsoft 365</p>\n</li>\n<li><p>Windows Security Events</p>\n</li>\n<li><p>Microsoft Entra ID</p>\n</li>\n<li><p>Azure Activity</p>\n</li>\n<li><p>F5 Advanced WAF</p>\n</li>\n<li><p>Fortinet FortiGate</p>\n</li>\n<li><p>Check Point</p>\n</li>\n<li><p>Common Event Format</p>\n</li>\n<li><p>Windows Firewall</p>\n</li>\n</ol>\n<p><strong>Hunting Queries:</strong> 10</p>\n<p><a href=\"https://aka.ms/azuresentinel\">Learn more about Microsoft Sentinel</a> | <a href=\"https://aka.ms/azuresentinelsolutionsdoc\">Learn more about Solutions</a></p>\n",
        "contentKind": "Solution",
        "contentProductId": "[variables('_solutioncontentProductId')]",
        "id": "[variables('_solutioncontentProductId')]",
        "icon": "<img src ='https://raw.githubusercontent.com/Azure/Azure-Sentinel/master/Logos/Azure_Sentinel.svg' width='75px' height='75px'>",
        "contentId": "[variables('_solutionId')]",
        "parentId": "[variables('_solutionId')]",
        "source": {
          "kind": "Solution",
          "name": "Legacy IOC based Threat Protection",
          "sourceId": "[variables('_solutionId')]"
        },
        "author": {
          "name": "Microsoft",
          "email": "[variables('_email')]"
        },
        "support": {
          "name": "Microsoft Corporation",
          "email": "support@microsoft.com",
          "tier": "Microsoft",
          "link": "https://support.microsoft.com"
        },
        "dependencies": {
          "criteria": [
            {
              "kind": "HuntingQuery",
              "contentId": "[variables('huntingQueryObject1')._huntingQuerycontentId1]",
              "version": "[variables('huntingQueryObject1').huntingQueryVersion1]"
            },
            {
              "kind": "HuntingQuery",
              "contentId": "[variables('huntingQueryObject2')._huntingQuerycontentId2]",
              "version": "[variables('huntingQueryObject2').huntingQueryVersion2]"
            },
            {
              "kind": "HuntingQuery",
              "contentId": "[variables('huntingQueryObject3')._huntingQuerycontentId3]",
              "version": "[variables('huntingQueryObject3').huntingQueryVersion3]"
            },
            {
              "kind": "HuntingQuery",
              "contentId": "[variables('huntingQueryObject4')._huntingQuerycontentId4]",
              "version": "[variables('huntingQueryObject4').huntingQueryVersion4]"
            },
            {
              "kind": "HuntingQuery",
              "contentId": "[variables('huntingQueryObject5')._huntingQuerycontentId5]",
              "version": "[variables('huntingQueryObject5').huntingQueryVersion5]"
            },
            {
              "kind": "HuntingQuery",
              "contentId": "[variables('huntingQueryObject6')._huntingQuerycontentId6]",
              "version": "[variables('huntingQueryObject6').huntingQueryVersion6]"
            },
            {
              "kind": "HuntingQuery",
              "contentId": "[variables('huntingQueryObject7')._huntingQuerycontentId7]",
              "version": "[variables('huntingQueryObject7').huntingQueryVersion7]"
            },
            {
              "kind": "HuntingQuery",
              "contentId": "[variables('huntingQueryObject8')._huntingQuerycontentId8]",
              "version": "[variables('huntingQueryObject8').huntingQueryVersion8]"
            },
            {
              "kind": "HuntingQuery",
              "contentId": "[variables('huntingQueryObject9')._huntingQuerycontentId9]",
              "version": "[variables('huntingQueryObject9').huntingQueryVersion9]"
            },
            {
              "kind": "HuntingQuery",
              "contentId": "[variables('huntingQueryObject10')._huntingQuerycontentId10]",
              "version": "[variables('huntingQueryObject10').huntingQueryVersion10]"
            },
            {
              "kind": "Solution",
              "contentId": "azuresentinel.azure-sentinel-solution-amazonwebservices"
            },
            {
              "kind": "Solution",
              "contentId": "sentinel4azurefirewall.sentinel4azurefirewall"
            },
            {
              "kind": "Solution",
              "contentId": "azuresentinel.azure-sentinel-solution-networksecuritygroup"
            },
            {
              "kind": "Solution",
              "contentId": "checkpoint.checkpoint-sentinel-solutions"
            },
            {
              "kind": "Solution",
              "contentId": "azuresentinel.azure-sentinel-solution-ciscoasa"
            },
            {
              "kind": "Solution",
              "contentId": "azuresentinel.azure-sentinel-solution-ciscomeraki"
            },
            {
              "kind": "Solution",
              "contentId": "corelightinc1584998267292.corelight-for-azure-sentinel"
            },
            {
              "kind": "Solution",
              "contentId": "azuresentinel.azure-sentinel-solution-fortinetfortigate"
            },
            {
              "kind": "Solution",
              "contentId": "azuresentinel.azure-sentinel-solution-unifiedmicrosoftsocforot"
            },
            {
              "kind": "Solution",
              "contentId": "azuresentinel.azure-sentinel-solution-microsoftdefenderforcloud"
            },
            {
              "kind": "Solution",
              "contentId": "azuresentinel.azure-sentinel-solution-sysmonforlinux"
            },
            {
              "kind": "Solution",
              "contentId": "azuresentinel.azure-sentinel-solution-windowsfirewall"
            },
            {
              "kind": "Solution",
              "contentId": "azuresentinel.azure-sentinel-solution-paloaltopanos"
            },
            {
              "kind": "Solution",
              "contentId": "vectraaiinc.vectra_sentinel_solution"
            },
            {
              "kind": "Solution",
              "contentId": "watchguard-technologies.watchguard_firebox_mss"
            },
            {
              "kind": "Solution",
              "contentId": "zscaler1579058425289.zscaler_internet_access_mss"
            }
          ]
        },
        "firstPublishDate": "2022-12-19",
        "providers": [
          "Microsoft"
        ],
        "categories": {
          "domains": [
            "Security - Threat Protection"
          ]
        }
      },
      "name": "[concat(parameters('workspace'),'/Microsoft.SecurityInsights/', variables('_solutionId'))]"
    }
  ],
  "outputs": {}
}
