{
  "$schema": "https://schema.management.azure.com/schemas/2019-04-01/deploymentTemplate.json#",
  "contentVersion": "1.0.0.0",
  "metadata": {
    "author": "IONIX - support@ionix.io",
    "comments": "Solution template for IONIX"
  },
  "parameters": {
    "location": {
      "type": "string",
      "minLength": 1,
      "defaultValue": "[resourceGroup().location]",
      "metadata": {
        "description": "Not used, but needed to pass arm-ttk test `Location-Should-Not-Be-Hardcoded`.  We instead use the `workspace-location` which is derived from the LA workspace"
      }
    },
    "workspace-location": {
      "type": "string",
      "defaultValue": "",
      "metadata": {
        "description": "[concat('Region to deploy solution resources -- separate from location selection',parameters('location'))]"
      }
    },
    "workspace": {
      "defaultValue": "",
      "type": "string",
      "metadata": {
        "description": "Workspace name for Log Analytics where Microsoft Sentinel is setup"
      }
    },
    "resourceGroupName": {
      "type": "string",
      "defaultValue": "[resourceGroup().name]",
      "metadata": {
        "description": "resource group name where Microsoft Sentinel is setup"
      }
    },
    "subscription": {
      "type": "string",
      "defaultValue": "[last(split(subscription().id, '/'))]",
      "metadata": {
        "description": "subscription id where Microsoft Sentinel is setup"
      }
    },
    "workbook1-name": {
      "type": "string",
      "defaultValue": null,
      "minLength": 1,
      "metadata": {
        "description": "Name for the workbook"
      }
    }
  },
  "variables": {
    "email": "support@ionix.io",
    "_email": "[variables('email')]",
    "_solutionName": "IONIX",
    "_solutionVersion": "3.1.0",
    "solutionId": "cyberpion1597832716616.cyberpion_mss",
    "_solutionId": "[variables('solutionId')]",
    "uiConfigId1": "CyberpionSecurityLogs",
    "_uiConfigId1": "[variables('uiConfigId1')]",
    "dataConnectorContentId1": "CyberpionSecurityLogs",
    "_dataConnectorContentId1": "[variables('dataConnectorContentId1')]",
    "dataConnectorId1": "[extensionResourceId(resourceId('Microsoft.OperationalInsights/workspaces', parameters('workspace')), 'Microsoft.SecurityInsights/dataConnectors', variables('_dataConnectorContentId1'))]",
    "_dataConnectorId1": "[variables('dataConnectorId1')]",
    "dataConnectorTemplateSpecName1": "[concat(parameters('workspace'),'/Microsoft.SecurityInsights/',concat(parameters('workspace'),'-dc-',uniquestring(variables('_dataConnectorContentId1'))))]",
    "dataConnectorVersion1": "1.0.0",
    "_dataConnectorcontentProductId1": "[concat(take(variables('_solutionId'),50),'-','dc','-', uniqueString(concat(variables('_solutionId'),'-','DataConnector','-',variables('_dataConnectorContentId1'),'-', variables('dataConnectorVersion1'))))]",
    "workspaceResourceId": "[resourceId('microsoft.OperationalInsights/Workspaces', parameters('workspace'))]",
    "dataConnectorCCPVersion": "1.0.0",
    "_dataConnectorContentIdConnectorDefinition2": "IONIXDefinition",
    "dataConnectorTemplateNameConnectorDefinition2": "[concat(parameters('workspace'),'-dc-',uniquestring(variables('_dataConnectorContentIdConnectorDefinition2')))]",
    "_dataConnectorContentIdConnections2": "IONIXDefinitionConnections",
    "dataConnectorTemplateNameConnections2": "[concat(parameters('workspace'),'-dc-',uniquestring(variables('_dataConnectorContentIdConnections2')))]",
    "dataCollectionEndpointId2": "[concat('/subscriptions/',parameters('subscription'),'/resourceGroups/',parameters('resourceGroupName'),'/providers/Microsoft.Insights/dataCollectionEndpoints/',parameters('workspace'))]",
    "blanks": "[replace('b', 'b', '')]",
    "analyticRuleObject1": {
      "analyticRuleVersion1": "1.0.2",
      "_analyticRulecontentId1": "8e0403b1-07f8-4865-b2e9-74d1e83200a4",
      "analyticRuleId1": "[resourceId('Microsoft.SecurityInsights/AlertRuleTemplates', '8e0403b1-07f8-4865-b2e9-74d1e83200a4')]",
      "analyticRuleTemplateSpecName1": "[concat(parameters('workspace'),'/Microsoft.SecurityInsights/',concat(parameters('workspace'),'-ar-',uniquestring('8e0403b1-07f8-4865-b2e9-74d1e83200a4')))]",
      "_analyticRulecontentProductId1": "[concat(take(variables('_solutionId'),50),'-','ar','-', uniqueString(concat(variables('_solutionId'),'-','AnalyticsRule','-','8e0403b1-07f8-4865-b2e9-74d1e83200a4','-', '1.0.2')))]"
    },
    "workbookVersion1": "",
    "workbookContentId1": "",
    "workbookId1": "[resourceId('Microsoft.Insights/workbooks', variables('workbookContentId1'))]",
    "workbookTemplateSpecName1": "[concat(parameters('workspace'),'/Microsoft.SecurityInsights/',concat(parameters('workspace'),'-wb-',uniquestring(variables('_workbookContentId1'))))]",
    "_workbookContentId1": "[variables('workbookContentId1')]",
    "_workbookcontentProductId1": "[concat(take(variables('_solutionId'),50),'-','wb','-', uniqueString(concat(variables('_solutionId'),'-','Workbook','-',variables('_workbookContentId1'),'-', variables('workbookVersion1'))))]",
    "_solutioncontentProductId": "[concat(take(variables('_solutionId'),50),'-','sl','-', uniqueString(concat(variables('_solutionId'),'-','Solution','-',variables('_solutionId'),'-', variables('_solutionVersion'))))]"
  },
  "resources": [
    {
      "type": "Microsoft.OperationalInsights/workspaces/providers/contentTemplates",
      "apiVersion": "2023-04-01-preview",
      "name": "[variables('dataConnectorTemplateSpecName1')]",
      "location": "[parameters('workspace-location')]",
      "dependsOn": [
        "[extensionResourceId(resourceId('Microsoft.OperationalInsights/workspaces', parameters('workspace')), 'Microsoft.SecurityInsights/contentPackages', variables('_solutionId'))]"
      ],
      "properties": {
        "description": "IONIX data connector with template version 3.1.0",
        "mainTemplate": {
          "$schema": "https://schema.management.azure.com/schemas/2019-04-01/deploymentTemplate.json#",
          "contentVersion": "[variables('dataConnectorVersion1')]",
          "parameters": {},
          "variables": {},
          "resources": [
            {
              "name": "[concat(parameters('workspace'),'/Microsoft.SecurityInsights/',variables('_dataConnectorContentId1'))]",
              "apiVersion": "2021-03-01-preview",
              "type": "Microsoft.OperationalInsights/workspaces/providers/dataConnectors",
              "location": "[parameters('workspace-location')]",
              "kind": "GenericUI",
              "properties": {
                "connectorUiConfig": {
                  "id": "[variables('_uiConfigId1')]",
                  "title": "[DEPRECATED] IONIX Security Logs (Push)",
                  "publisher": "IONIX",
                  "descriptionMarkdown": "⚠️ **This connector is deprecated and will be removed in June 2026.** Please use the new 'IONIX Security Logs (via Codeless Connector Framework)' connector instead, which provides automatic daily polling without requiring manual configuration in the IONIX portal.\n\n---\n\nThe IONIX Security Logs data connector ingests logs from the IONIX system directly into Sentinel. The connector allows users to visualize their data, create alerts and incidents and improve security investigations.",
                  "graphQueries": [
                    {
                      "metricName": "Total data received",
                      "legend": "CyberpionActionItems_CL",
                      "baseQuery": "CyberpionActionItems_CL"
                    }
                  ],
                  "sampleQueries": [
                    {
                      "description": "Fetch latest Action Items that are currently open",
                      "query": "let lookbackTime = 14d;\nCyberpionActionItems_CL\n | where TimeGenerated > ago(lookbackTime)\n | summarize arg_max(TimeGenerated, *) by id_s\n | where is_open_b == true\n "
                    }
                  ],
                  "dataTypes": [
                    {
                      "name": "CyberpionActionItems_CL",
                      "lastDataReceivedQuery": "CyberpionActionItems_CL\n            | summarize Time = max(TimeGenerated)\n            | where isnotempty(Time)"
                    }
                  ],
                  "connectivityCriterias": [
                    {
                      "type": "IsConnectedQuery",
                      "value": [
                        "CyberpionActionItems_CL\n            | summarize LastLogReceived = max(TimeGenerated)\n            | project IsConnected = LastLogReceived > ago(30d)"
                      ]
                    }
                  ],
                  "availability": {
                    "status": 1,
                    "isPreview": false
                  },
                  "permissions": {
                    "resourceProvider": [
                      {
                        "provider": "Microsoft.OperationalInsights/workspaces",
                        "permissionsDisplayText": "read and write permissions are required.",
                        "providerDisplayName": "Workspace",
                        "scope": "Workspace",
                        "requiredPermissions": {
                          "write": true,
                          "read": true,
                          "delete": true
                        }
                      },
                      {
                        "provider": "Microsoft.OperationalInsights/workspaces/sharedKeys",
                        "permissionsDisplayText": "read permissions to shared keys for the workspace are required. [See the documentation to learn more about workspace keys](https://docs.microsoft.com/azure/azure-monitor/platform/agent-windows#obtain-workspace-id-and-key).",
                        "providerDisplayName": "Keys",
                        "scope": "Workspace",
                        "requiredPermissions": {
                          "action": true
                        }
                      }
                    ],
                    "customs": [
                      {
                        "name": "IONIX Subscription",
                        "description": "a subscription and account is required for IONIX logs. [One can be acquired here.](https://azuremarketplace.microsoft.com/en/marketplace/apps/cyberpion1597832716616.cyberpion)"
                      }
                    ]
                  },
                  "instructionSteps": [
                    {
                      "description": "Follow the [instructions](https://www.ionix.io/integrations/azure-sentinel/) to integrate IONIX Security Alerts into Sentinel.",
                      "instructions": [
                        {
                          "parameters": {
                            "fillWith": [
                              "WorkspaceId"
                            ],
                            "label": "Workspace ID"
                          },
                          "type": "CopyableLabel"
                        },
                        {
                          "parameters": {
                            "fillWith": [
                              "PrimaryKey"
                            ],
                            "label": "Primary Key"
                          },
                          "type": "CopyableLabel"
                        }
                      ]
                    }
                  ]
                }
              }
            },
            {
              "type": "Microsoft.OperationalInsights/workspaces/providers/metadata",
              "apiVersion": "2023-04-01-preview",
              "name": "[concat(parameters('workspace'),'/Microsoft.SecurityInsights/',concat('DataConnector-', last(split(variables('_dataConnectorId1'),'/'))))]",
              "properties": {
                "parentId": "[extensionResourceId(resourceId('Microsoft.OperationalInsights/workspaces', parameters('workspace')), 'Microsoft.SecurityInsights/dataConnectors', variables('_dataConnectorContentId1'))]",
                "contentId": "[variables('_dataConnectorContentId1')]",
                "kind": "DataConnector",
                "version": "[variables('dataConnectorVersion1')]",
                "source": {
                  "kind": "Solution",
                  "name": "IONIX",
                  "sourceId": "[variables('_solutionId')]"
                },
                "author": {
                  "name": "IONIX",
                  "email": "[variables('_email')]"
                },
                "support": {
                  "name": "IONIX",
                  "email": "support@ionix.io",
                  "tier": "Partner",
                  "link": "https://www.ionix.io/contact-us/"
                }
              }
            }
          ]
        },
        "packageKind": "Solution",
        "packageVersion": "[variables('_solutionVersion')]",
        "packageName": "[variables('_solutionName')]",
        "packageId": "[variables('_solutionId')]",
        "contentSchemaVersion": "3.0.0",
        "contentId": "[variables('_dataConnectorContentId1')]",
        "contentKind": "DataConnector",
        "displayName": "[DEPRECATED] IONIX Security Logs (Push)",
        "contentProductId": "[variables('_dataConnectorcontentProductId1')]",
        "id": "[variables('_dataConnectorcontentProductId1')]",
        "version": "[variables('dataConnectorVersion1')]"
      }
    },
    {
      "type": "Microsoft.OperationalInsights/workspaces/providers/metadata",
      "apiVersion": "2023-04-01-preview",
      "name": "[concat(parameters('workspace'),'/Microsoft.SecurityInsights/',concat('DataConnector-', last(split(variables('_dataConnectorId1'),'/'))))]",
      "dependsOn": [
        "[variables('_dataConnectorId1')]"
      ],
      "location": "[parameters('workspace-location')]",
      "properties": {
        "parentId": "[extensionResourceId(resourceId('Microsoft.OperationalInsights/workspaces', parameters('workspace')), 'Microsoft.SecurityInsights/dataConnectors', variables('_dataConnectorContentId1'))]",
        "contentId": "[variables('_dataConnectorContentId1')]",
        "kind": "DataConnector",
        "version": "[variables('dataConnectorVersion1')]",
        "source": {
          "kind": "Solution",
          "name": "IONIX",
          "sourceId": "[variables('_solutionId')]"
        },
        "author": {
          "name": "IONIX",
          "email": "[variables('_email')]"
        },
        "support": {
          "name": "IONIX",
          "email": "support@ionix.io",
          "tier": "Partner",
          "link": "https://www.ionix.io/contact-us/"
        }
      }
    },
    {
      "name": "[concat(parameters('workspace'),'/Microsoft.SecurityInsights/',variables('_dataConnectorContentId1'))]",
      "apiVersion": "2021-03-01-preview",
      "type": "Microsoft.OperationalInsights/workspaces/providers/dataConnectors",
      "location": "[parameters('workspace-location')]",
      "kind": "GenericUI",
      "properties": {
        "connectorUiConfig": {
          "title": "[DEPRECATED] IONIX Security Logs (Push)",
          "publisher": "IONIX",
          "descriptionMarkdown": "⚠️ **This connector is deprecated and will be removed in June 2026.** Please use the new 'IONIX Security Logs (via Codeless Connector Framework)' connector instead, which provides automatic daily polling without requiring manual configuration in the IONIX portal.\n\n---\n\nThe IONIX Security Logs data connector ingests logs from the IONIX system directly into Sentinel. The connector allows users to visualize their data, create alerts and incidents and improve security investigations.",
          "graphQueries": [
            {
              "metricName": "Total data received",
              "legend": "CyberpionActionItems_CL",
              "baseQuery": "CyberpionActionItems_CL"
            }
          ],
          "dataTypes": [
            {
              "name": "CyberpionActionItems_CL",
              "lastDataReceivedQuery": "CyberpionActionItems_CL\n            | summarize Time = max(TimeGenerated)\n            | where isnotempty(Time)"
            }
          ],
          "connectivityCriterias": [
            {
              "type": "IsConnectedQuery",
              "value": [
                "CyberpionActionItems_CL\n            | summarize LastLogReceived = max(TimeGenerated)\n            | project IsConnected = LastLogReceived > ago(30d)"
              ]
            }
          ],
          "sampleQueries": [
            {
              "description": "Fetch latest Action Items that are currently open",
              "query": "let lookbackTime = 14d;\nCyberpionActionItems_CL\n | where TimeGenerated > ago(lookbackTime)\n | summarize arg_max(TimeGenerated, *) by id_s\n | where is_open_b == true\n "
            }
          ],
          "availability": {
            "status": 1,
            "isPreview": false
          },
          "permissions": {
            "resourceProvider": [
              {
                "provider": "Microsoft.OperationalInsights/workspaces",
                "permissionsDisplayText": "read and write permissions are required.",
                "providerDisplayName": "Workspace",
                "scope": "Workspace",
                "requiredPermissions": {
                  "write": true,
                  "read": true,
                  "delete": true
                }
              },
              {
                "provider": "Microsoft.OperationalInsights/workspaces/sharedKeys",
                "permissionsDisplayText": "read permissions to shared keys for the workspace are required. [See the documentation to learn more about workspace keys](https://docs.microsoft.com/azure/azure-monitor/platform/agent-windows#obtain-workspace-id-and-key).",
                "providerDisplayName": "Keys",
                "scope": "Workspace",
                "requiredPermissions": {
                  "action": true
                }
              }
            ],
            "customs": [
              {
                "name": "IONIX Subscription",
                "description": "a subscription and account is required for IONIX logs. [One can be acquired here.](https://azuremarketplace.microsoft.com/en/marketplace/apps/cyberpion1597832716616.cyberpion)"
              }
            ]
          },
          "instructionSteps": [
            {
              "description": "Follow the [instructions](https://www.ionix.io/integrations/azure-sentinel/) to integrate IONIX Security Alerts into Sentinel.",
              "instructions": [
                {
                  "parameters": {
                    "fillWith": [
                      "WorkspaceId"
                    ],
                    "label": "Workspace ID"
                  },
                  "type": "CopyableLabel"
                },
                {
                  "parameters": {
                    "fillWith": [
                      "PrimaryKey"
                    ],
                    "label": "Primary Key"
                  },
                  "type": "CopyableLabel"
                }
              ]
            }
          ],
          "id": "[variables('_uiConfigId1')]"
        }
      }
    },
    {
      "type": "Microsoft.OperationalInsights/workspaces/providers/contentTemplates",
      "apiVersion": "2023-04-01-preview",
      "name": "[concat(parameters('workspace'),'/Microsoft.SecurityInsights/', variables('dataConnectorTemplateNameConnectorDefinition2'), variables('dataConnectorCCPVersion'))]",
      "location": "[parameters('workspace-location')]",
      "dependsOn": [
        "[extensionResourceId(resourceId('Microsoft.OperationalInsights/workspaces', parameters('workspace')), 'Microsoft.SecurityInsights/contentPackages', variables('_solutionId'))]"
      ],
      "properties": {
        "contentId": "[variables('_dataConnectorContentIdConnectorDefinition2')]",
        "displayName": "IONIX Security Logs (via Codeless Connector Framework)",
        "contentKind": "DataConnector",
        "mainTemplate": {
          "$schema": "https://schema.management.azure.com/schemas/2019-04-01/deploymentTemplate.json#",
          "contentVersion": "[variables('dataConnectorCCPVersion')]",
          "parameters": {},
          "variables": {},
          "resources": [
            {
              "name": "[concat(parameters('workspace'),'/Microsoft.SecurityInsights/',variables('_dataConnectorContentIdConnectorDefinition2'))]",
              "apiVersion": "2022-09-01-preview",
              "type": "Microsoft.OperationalInsights/workspaces/providers/dataConnectorDefinitions",
              "location": "[parameters('workspace-location')]",
              "kind": "Customizable",
              "properties": {
                "connectorUiConfig": {
                  "id": "IONIXDefinition",
                  "title": "IONIX Security Logs (via Codeless Connector Framework)",
                  "publisher": "IONIX",
                  "descriptionMarkdown": "The IONIX connector allows you to ingest action items from your IONIX Attack Surface Management platform into Microsoft Sentinel using the Codeless Connector Framework (CCF). Action items represent security findings and vulnerabilities that require remediation.\n\n**This connector automatically polls the IONIX API and writes data to the CyberpionActionItems_CL table.**",
                  "graphQueriesTableName": "CyberpionActionItems_CL",
                  "graphQueries": [
                    {
                      "metricName": "Total action items received",
                      "legend": "IONIX Action Items",
                      "baseQuery": "{{graphQueriesTableName}}"
                    }
                  ],
                  "sampleQueries": [
                    {
                      "description": "All open high urgency action items",
                      "query": "{{graphQueriesTableName}}\n| where is_open_b == true and urgency_d >= 9\n| project TimeGenerated, host_s, Category, urgency_d, summary_s"
                    },
                    {
                      "description": "Action items by category",
                      "query": "{{graphQueriesTableName}}\n| where is_open_b == true\n| summarize count() by Category"
                    }
                  ],
                  "dataTypes": [
                    {
                      "name": "{{graphQueriesTableName}}",
                      "lastDataReceivedQuery": "{{graphQueriesTableName}}\n| summarize Time = max(TimeGenerated)\n| where isnotempty(Time)"
                    }
                  ],
                  "connectivityCriteria": [
                    {
                      "type": "HasDataConnectors"
                    }
                  ],
                  "availability": {
                    "status": 1,
                    "isPreview": false
                  },
                  "permissions": {
                    "resourceProvider": [
                      {
                        "provider": "Microsoft.OperationalInsights/workspaces",
                        "permissionsDisplayText": "Read and Write permissions are required.",
                        "providerDisplayName": "Workspace",
                        "scope": "Workspace",
                        "requiredPermissions": {
                          "read": true,
                          "write": true,
                          "delete": true,
                          "action": false
                        }
                      }
                    ],
                    "customs": [
                      {
                        "name": "IONIX API Token",
                        "description": "An API token from IONIX Portal is required. Create one in **Settings > API** in your [IONIX Portal](https://portal.ionix.io/)."
                      }
                    ]
                  },
                  "instructionSteps": [
                    {
                      "title": "Connect IONIX to Microsoft Sentinel",
                      "description": "This connector uses the IONIX API to automatically poll for action items and ingest them into Microsoft Sentinel. You need an API token from your IONIX Portal.\n>",
                      "instructions": [
                        {
                          "type": "Textbox",
                          "parameters": {
                            "label": "IONIX API Token",
                            "placeholder": "Enter your JWT API token from IONIX Settings > API",
                            "type": "password",
                            "name": "apiToken",
                            "validations": {
                              "required": true
                            }
                          }
                        },
                        {
                          "type": "Textbox",
                          "parameters": {
                            "label": "IONIX Account Name",
                            "placeholder": "cyberpion",
                            "type": "text",
                            "name": "accountName",
                            "validations": {
                              "required": true
                            }
                          }
                        },
                        {
                          "parameters": {
                            "label": "toggle",
                            "name": "toggle"
                          },
                          "type": "ConnectionToggleButton"
                        }
                      ]
                    }
                  ],
                  "isConnectivityCriteriasMatchSome": false
                }
              }
            },
            {
              "name": "[concat(parameters('workspace'),'/Microsoft.SecurityInsights/',concat('DataConnector-', variables('_dataConnectorContentIdConnectorDefinition2')))]",
              "apiVersion": "2022-01-01-preview",
              "type": "Microsoft.OperationalInsights/workspaces/providers/metadata",
              "properties": {
                "parentId": "[extensionResourceId(resourceId('Microsoft.OperationalInsights/workspaces', parameters('workspace')), 'Microsoft.SecurityInsights/dataConnectorDefinitions', variables('_dataConnectorContentIdConnectorDefinition2'))]",
                "contentId": "[variables('_dataConnectorContentIdConnectorDefinition2')]",
                "kind": "DataConnector",
                "version": "[variables('dataConnectorCCPVersion')]",
                "source": {
                  "sourceId": "[variables('_solutionId')]",
                  "name": "[variables('_solutionName')]",
                  "kind": "Solution"
                },
                "author": {
                  "name": "IONIX",
                  "email": "[variables('_email')]"
                },
                "support": {
                  "name": "IONIX",
                  "email": "support@ionix.io",
                  "tier": "Partner",
                  "link": "https://www.ionix.io/contact-us/"
                },
                "dependencies": {
                  "criteria": [
                    {
                      "version": "[variables('dataConnectorCCPVersion')]",
                      "contentId": "[variables('_dataConnectorContentIdConnections2')]",
                      "kind": "ResourcesDataConnector"
                    }
                  ]
                }
              }
            },
            {
              "name": "IONIXDCR",
              "apiVersion": "2022-06-01",
              "type": "Microsoft.Insights/dataCollectionRules",
              "location": "[parameters('workspace-location')]",
              "kind": "[variables('blanks')]",
              "properties": {
                "dataCollectionEndpointId": "[variables('dataCollectionEndpointId2')]",
                "streamDeclarations": {
                  "Custom-IONIX_ActionItems_Input": {
                    "columns": [
                      {
                        "name": "id",
                        "type": "string"
                      },
                      {
                        "name": "TimeGenerated",
                        "type": "datetime"
                      },
                      {
                        "name": "title",
                        "type": "dynamic"
                      },
                      {
                        "name": "summary",
                        "type": "string"
                      },
                      {
                        "name": "description",
                        "type": "string"
                      },
                      {
                        "name": "asset",
                        "type": "string"
                      },
                      {
                        "name": "asset_type",
                        "type": "string"
                      },
                      {
                        "name": "type",
                        "type": "string"
                      },
                      {
                        "name": "urgency",
                        "type": "dynamic"
                      },
                      {
                        "name": "current_state",
                        "type": "string"
                      },
                      {
                        "name": "first_opened_at",
                        "type": "string"
                      },
                      {
                        "name": "last_opened_at",
                        "type": "string"
                      },
                      {
                        "name": "updated_time",
                        "type": "string"
                      },
                      {
                        "name": "acknowledged_by",
                        "type": "string"
                      },
                      {
                        "name": "tags",
                        "type": "dynamic"
                      },
                      {
                        "name": "cves",
                        "type": "dynamic"
                      },
                      {
                        "name": "groups",
                        "type": "dynamic"
                      }
                    ]
                  }
                },
                "destinations": {
                  "logAnalytics": [
                    {
                      "workspaceResourceId": "[variables('workspaceResourceId')]",
                      "name": "IONIX-Destination"
                    }
                  ]
                },
                "dataFlows": [
                  {
                    "streams": [
                      "Custom-IONIX_ActionItems_Input"
                    ],
                    "destinations": [
                      "IONIX-Destination"
                    ],
                    "transformKql": "source | extend id_s = tostring(['id']) | extend host_s = tostring(['asset']) | extend Category = tostring(['type']) | extend urgency_d = todouble(['urgency']['urgency']) | extend is_open_b = true | extend opening_datetime_t = todatetime(['first_opened_at']) | extend solution_s = tostring(['type']) | extend current_state_s = tostring(['current_state']) | extend title_s = tostring(['title']['label']) | extend summary_s = tostring(['summary']) | extend description_s = tostring(['description']) | project TimeGenerated, id_s, host_s, Category, urgency_d, is_open_b, opening_datetime_t, solution_s, current_state_s, title_s, summary_s, description_s",
                    "outputStream": "Custom-CyberpionActionItems_CL"
                  }
                ]
              }
            },
            {
              "name": "CyberpionActionItems_CL",
              "apiVersion": "2022-10-01",
              "type": "Microsoft.OperationalInsights/workspaces/tables",
              "location": "[parameters('workspace-location')]",
              "kind": null,
              "properties": {
                "schema": {
                  "name": "CyberpionActionItems_CL",
                  "columns": [
                    {
                      "name": "TimeGenerated",
                      "type": "datetime"
                    },
                    {
                      "name": "id_s",
                      "type": "string"
                    },
                    {
                      "name": "host_s",
                      "type": "string"
                    },
                    {
                      "name": "Category",
                      "type": "string"
                    },
                    {
                      "name": "urgency_d",
                      "type": "real"
                    },
                    {
                      "name": "is_open_b",
                      "type": "boolean"
                    },
                    {
                      "name": "opening_datetime_t",
                      "type": "datetime"
                    },
                    {
                      "name": "solution_s",
                      "type": "string"
                    },
                    {
                      "name": "current_state_s",
                      "type": "string"
                    },
                    {
                      "name": "title_s",
                      "type": "string"
                    },
                    {
                      "name": "summary_s",
                      "type": "string"
                    },
                    {
                      "name": "description_s",
                      "type": "string"
                    }
                  ]
                }
              }
            }
          ]
        },
        "packageKind": "Solution",
        "packageVersion": "[variables('_solutionVersion')]",
        "packageName": "[variables('_solutionName')]",
        "contentProductId": "[concat(take(variables('_solutionId'), 50),'-','dc','-', uniqueString(concat(variables('_solutionId'),'-','DataConnector','-',variables('_dataConnectorContentIdConnectorDefinition2'),'-', variables('dataConnectorCCPVersion'))))]",
        "packageId": "[variables('_solutionId')]",
        "contentSchemaVersion": "3.0.0",
        "version": "[variables('dataConnectorCCPVersion')]"
      }
    },
    {
      "name": "[concat(parameters('workspace'),'/Microsoft.SecurityInsights/',variables('_dataConnectorContentIdConnectorDefinition2'))]",
      "apiVersion": "2022-09-01-preview",
      "type": "Microsoft.OperationalInsights/workspaces/providers/dataConnectorDefinitions",
      "location": "[parameters('workspace-location')]",
      "kind": "Customizable",
      "properties": {
        "connectorUiConfig": {
          "id": "IONIXDefinition",
          "title": "IONIX Security Logs (via Codeless Connector Framework)",
          "publisher": "IONIX",
          "descriptionMarkdown": "The IONIX connector allows you to ingest action items from your IONIX Attack Surface Management platform into Microsoft Sentinel using the Codeless Connector Framework (CCF). Action items represent security findings and vulnerabilities that require remediation.\n\n**This connector automatically polls the IONIX API and writes data to the CyberpionActionItems_CL table.**",
          "graphQueriesTableName": "CyberpionActionItems_CL",
          "graphQueries": [
            {
              "metricName": "Total action items received",
              "legend": "IONIX Action Items",
              "baseQuery": "{{graphQueriesTableName}}"
            }
          ],
          "sampleQueries": [
            {
              "description": "All open high urgency action items",
              "query": "{{graphQueriesTableName}}\n| where is_open_b == true and urgency_d >= 9\n| project TimeGenerated, host_s, Category, urgency_d, summary_s"
            },
            {
              "description": "Action items by category",
              "query": "{{graphQueriesTableName}}\n| where is_open_b == true\n| summarize count() by Category"
            }
          ],
          "dataTypes": [
            {
              "name": "{{graphQueriesTableName}}",
              "lastDataReceivedQuery": "{{graphQueriesTableName}}\n| summarize Time = max(TimeGenerated)\n| where isnotempty(Time)"
            }
          ],
          "connectivityCriteria": [
            {
              "type": "HasDataConnectors"
            }
          ],
          "availability": {
            "status": 1,
            "isPreview": false
          },
          "permissions": {
            "resourceProvider": [
              {
                "provider": "Microsoft.OperationalInsights/workspaces",
                "permissionsDisplayText": "Read and Write permissions are required.",
                "providerDisplayName": "Workspace",
                "scope": "Workspace",
                "requiredPermissions": {
                  "read": true,
                  "write": true,
                  "delete": true,
                  "action": false
                }
              }
            ],
            "customs": [
              {
                "name": "IONIX API Token",
                "description": "An API token from IONIX Portal is required. Create one in **Settings > API** in your [IONIX Portal](https://portal.ionix.io/)."
              }
            ]
          },
          "instructionSteps": [
            {
              "title": "Connect IONIX to Microsoft Sentinel",
              "description": "This connector uses the IONIX API to automatically poll for action items and ingest them into Microsoft Sentinel. You need an API token from your IONIX Portal.\n>",
              "instructions": [
                {
                  "type": "Textbox",
                  "parameters": {
                    "label": "IONIX API Token",
                    "placeholder": "Enter your JWT API token from IONIX Settings > API",
                    "type": "password",
                    "name": "apiToken",
                    "validations": {
                      "required": true
                    }
                  }
                },
                {
                  "type": "Textbox",
                  "parameters": {
                    "label": "IONIX Account Name",
                    "placeholder": "cyberpion",
                    "type": "text",
                    "name": "accountName",
                    "validations": {
                      "required": true
                    }
                  }
                },
                {
                  "parameters": {
                    "label": "toggle",
                    "name": "toggle"
                  },
                  "type": "ConnectionToggleButton"
                }
              ]
            }
          ],
          "isConnectivityCriteriasMatchSome": false
        }
      }
    },
    {
      "name": "[concat(parameters('workspace'),'/Microsoft.SecurityInsights/',concat('DataConnector-', variables('_dataConnectorContentIdConnectorDefinition2')))]",
      "apiVersion": "2022-01-01-preview",
      "type": "Microsoft.OperationalInsights/workspaces/providers/metadata",
      "properties": {
        "parentId": "[extensionResourceId(resourceId('Microsoft.OperationalInsights/workspaces', parameters('workspace')), 'Microsoft.SecurityInsights/dataConnectorDefinitions', variables('_dataConnectorContentIdConnectorDefinition2'))]",
        "contentId": "[variables('_dataConnectorContentIdConnectorDefinition2')]",
        "kind": "DataConnector",
        "version": "[variables('dataConnectorCCPVersion')]",
        "source": {
          "sourceId": "[variables('_solutionId')]",
          "name": "[variables('_solutionName')]",
          "kind": "Solution"
        },
        "author": {
          "name": "IONIX",
          "email": "[variables('_email')]"
        },
        "support": {
          "name": "IONIX",
          "email": "support@ionix.io",
          "tier": "Partner",
          "link": "https://www.ionix.io/contact-us/"
        },
        "dependencies": {
          "criteria": [
            {
              "version": "[variables('dataConnectorCCPVersion')]",
              "contentId": "[variables('_dataConnectorContentIdConnections2')]",
              "kind": "ResourcesDataConnector"
            }
          ]
        }
      }
    },
    {
      "type": "Microsoft.OperationalInsights/workspaces/providers/contentTemplates",
      "apiVersion": "2023-04-01-preview",
      "name": "[concat(parameters('workspace'),'/Microsoft.SecurityInsights/', variables('dataConnectorTemplateNameConnections2'), variables('dataConnectorCCPVersion'))]",
      "location": "[parameters('workspace-location')]",
      "dependsOn": [
        "[extensionResourceId(resourceId('Microsoft.OperationalInsights/workspaces', parameters('workspace')), 'Microsoft.SecurityInsights/contentPackages', variables('_solutionId'))]"
      ],
      "properties": {
        "contentId": "[variables('_dataConnectorContentIdConnections2')]",
        "displayName": "IONIX Security Logs (via Codeless Connector Framework)",
        "contentKind": "ResourcesDataConnector",
        "mainTemplate": {
          "$schema": "https://schema.management.azure.com/schemas/2019-04-01/deploymentTemplate.json#",
          "contentVersion": "[variables('dataConnectorCCPVersion')]",
          "parameters": {
            "guidValue": {
              "defaultValue": "[[newGuid()]",
              "type": "securestring"
            },
            "innerWorkspace": {
              "defaultValue": "[parameters('workspace')]",
              "type": "securestring"
            },
            "connectorDefinitionName": {
              "defaultValue": "IONIX Security Logs (via Codeless Connector Framework)",
              "type": "securestring",
              "minLength": 1
            },
            "workspace": {
              "defaultValue": "[parameters('workspace')]",
              "type": "securestring"
            },
            "dcrConfig": {
              "defaultValue": {
                "dataCollectionEndpoint": "data collection Endpoint",
                "dataCollectionRuleImmutableId": "data collection rule immutableId"
              },
              "type": "object"
            },
            "apiToken": {
              "defaultValue": "apiToken",
              "type": "securestring",
              "minLength": 1
            },
            "accountName": {
              "defaultValue": "accountName",
              "type": "securestring",
              "minLength": 1
            }
          },
          "variables": {
            "_dataConnectorContentIdConnections2": "[variables('_dataConnectorContentIdConnections2')]"
          },
          "resources": [
            {
              "name": "[concat(parameters('workspace'),'/Microsoft.SecurityInsights/',concat('DataConnector-', variables('_dataConnectorContentIdConnections2')))]",
              "apiVersion": "2022-01-01-preview",
              "type": "Microsoft.OperationalInsights/workspaces/providers/metadata",
              "properties": {
                "parentId": "[extensionResourceId(resourceId('Microsoft.OperationalInsights/workspaces', parameters('workspace')), 'Microsoft.SecurityInsights/dataConnectors', variables('_dataConnectorContentIdConnections2'))]",
                "contentId": "[variables('_dataConnectorContentIdConnections2')]",
                "kind": "ResourcesDataConnector",
                "version": "[variables('dataConnectorCCPVersion')]",
                "source": {
                  "sourceId": "[variables('_solutionId')]",
                  "name": "[variables('_solutionName')]",
                  "kind": "Solution"
                },
                "author": {
                  "name": "IONIX",
                  "email": "[variables('_email')]"
                },
                "support": {
                  "name": "IONIX",
                  "email": "support@ionix.io",
                  "tier": "Partner",
                  "link": "https://www.ionix.io/contact-us/"
                }
              }
            },
            {
              "name": "[[concat(parameters('innerWorkspace'),'/Microsoft.SecurityInsights/', 'IONIXActionItemsPoller', parameters('guidValue'))]",
              "apiVersion": "2023-02-01-preview",
              "type": "Microsoft.OperationalInsights/workspaces/providers/dataConnectors",
              "location": "[parameters('workspace-location')]",
              "kind": "RestApiPoller",
              "properties": {
                "connectorDefinitionName": "IONIXDefinition",
                "dataType": "CyberpionActionItems_CL",
                "auth": {
                  "type": "APIKey",
                  "ApiKey": "[[parameters('apiToken')]",
                  "ApiKeyName": "Authorization",
                  "ApiKeyIdentifier": "Bearer",
                  "IsApiKeyInPostPayload": false
                },
                "request": {
                  "apiEndpoint": "https://api.portal.ionix.io/api/v1/remediation/action-items/open/",
                  "httpMethod": "GET",
                  "queryWindowInMin": 1440,
                  "rateLimitQPS": 5,
                  "retryCount": 3,
                  "timeoutInSeconds": 120,
                  "headers": {
                    "Accept": "application/json",
                    "X-Account-Name": "[[parameters('accountName')]"
                  }
                },
                "response": {
                  "eventsJsonPaths": [
                    "$.results"
                  ],
                  "format": "json"
                },
                "dcrConfig": {
                  "streamName": "Custom-IONIX_ActionItems_Input",
                  "dataCollectionEndpoint": "[[parameters('dcrConfig').dataCollectionEndpoint]",
                  "dataCollectionRuleImmutableId": "[[parameters('dcrConfig').dataCollectionRuleImmutableId]"
                },
                "paging": {
                  "pagingType": "NextPageUrl",
                  "nextPageTokenJsonPath": "$.next",
                  "pageSize": 100,
                  "pageSizeParameterName": "limit"
                }
              }
            }
          ]
        },
        "packageKind": "Solution",
        "packageVersion": "[variables('_solutionVersion')]",
        "packageName": "[variables('_solutionName')]",
        "contentProductId": "[concat(take(variables('_solutionId'), 50),'-','rdc','-', uniqueString(concat(variables('_solutionId'),'-','ResourcesDataConnector','-',variables('_dataConnectorContentIdConnections2'),'-', variables('dataConnectorCCPVersion'))))]",
        "packageId": "[variables('_solutionId')]",
        "contentSchemaVersion": "3.0.0",
        "version": "[variables('dataConnectorCCPVersion')]"
      }
    },
    {
      "type": "Microsoft.OperationalInsights/workspaces/providers/contentTemplates",
      "apiVersion": "2023-04-01-preview",
      "name": "[variables('analyticRuleObject1').analyticRuleTemplateSpecName1]",
      "location": "[parameters('workspace-location')]",
      "dependsOn": [
        "[extensionResourceId(resourceId('Microsoft.OperationalInsights/workspaces', parameters('workspace')), 'Microsoft.SecurityInsights/contentPackages', variables('_solutionId'))]"
      ],
      "properties": {
        "description": "HighUrgencyActionItems_AnalyticalRules Analytics Rule with template version 3.1.0",
        "mainTemplate": {
          "$schema": "https://schema.management.azure.com/schemas/2019-04-01/deploymentTemplate.json#",
          "contentVersion": "[variables('analyticRuleObject1').analyticRuleVersion1]",
          "parameters": {},
          "variables": {},
          "resources": [
            {
              "type": "Microsoft.SecurityInsights/AlertRuleTemplates",
              "name": "[variables('analyticRuleObject1')._analyticRulecontentId1]",
              "apiVersion": "2023-02-01-preview",
              "kind": "Scheduled",
              "location": "[parameters('workspace-location')]",
              "properties": {
                "description": "This query creates an alert for active IONIX Action Items with high urgency (9-10).\n Urgency can be altered using the \"min_urgency\" variable in the query.",
                "displayName": "High Urgency IONIX Action Items",
                "enabled": false,
                "query": "let timeframe = 14d;\nlet min_urgency = 9;\nCyberpionActionItems_CL\n | where TimeGenerated > ago(timeframe)\n | summarize arg_max(TimeGenerated, *) by id_s\n | where is_open_b == true\n | where urgency_d >= min_urgency\n | extend timestamp = opening_datetime_t\n | extend DNSCustomEntity = host_s\n",
                "queryFrequency": "P1D",
                "queryPeriod": "P14D",
                "severity": "High",
                "suppressionDuration": "PT1H",
                "suppressionEnabled": false,
                "triggerOperator": "GreaterThan",
                "triggerThreshold": 0,
                "status": "Available",
                "requiredDataConnectors": [
                  {
                    "connectorId": "CyberpionSecurityLogs",
                    "dataTypes": [
                      "CyberpionActionItems_CL"
                    ]
                  }
                ],
                "tactics": [
                  "InitialAccess"
                ],
                "techniques": [
                  "T1190",
                  "T1195"
                ],
                "entityMappings": [
                  {
                    "entityType": "DNS",
                    "fieldMappings": [
                      {
                        "identifier": "DomainName",
                        "columnName": "DNSCustomEntity"
                      }
                    ]
                  }
                ]
              }
            },
            {
              "type": "Microsoft.OperationalInsights/workspaces/providers/metadata",
              "apiVersion": "2022-01-01-preview",
              "name": "[concat(parameters('workspace'),'/Microsoft.SecurityInsights/',concat('AnalyticsRule-', last(split(variables('analyticRuleObject1').analyticRuleId1,'/'))))]",
              "properties": {
                "description": "IONIX Analytics Rule 1",
                "parentId": "[variables('analyticRuleObject1').analyticRuleId1]",
                "contentId": "[variables('analyticRuleObject1')._analyticRulecontentId1]",
                "kind": "AnalyticsRule",
                "version": "[variables('analyticRuleObject1').analyticRuleVersion1]",
                "source": {
                  "kind": "Solution",
                  "name": "IONIX",
                  "sourceId": "[variables('_solutionId')]"
                },
                "author": {
                  "name": "IONIX",
                  "email": "[variables('_email')]"
                },
                "support": {
                  "name": "IONIX",
                  "email": "support@ionix.io",
                  "tier": "Partner",
                  "link": "https://www.ionix.io/contact-us/"
                }
              }
            }
          ]
        },
        "packageKind": "Solution",
        "packageVersion": "[variables('_solutionVersion')]",
        "packageName": "[variables('_solutionName')]",
        "packageId": "[variables('_solutionId')]",
        "contentSchemaVersion": "3.0.0",
        "contentId": "[variables('analyticRuleObject1')._analyticRulecontentId1]",
        "contentKind": "AnalyticsRule",
        "displayName": "High Urgency IONIX Action Items",
        "contentProductId": "[variables('analyticRuleObject1')._analyticRulecontentProductId1]",
        "id": "[variables('analyticRuleObject1')._analyticRulecontentProductId1]",
        "version": "[variables('analyticRuleObject1').analyticRuleVersion1]"
      }
    },
    {
      "type": "Microsoft.OperationalInsights/workspaces/providers/contentTemplates",
      "apiVersion": "2023-04-01-preview",
      "name": "[variables('workbookTemplateSpecName1')]",
      "location": "[parameters('workspace-location')]",
      "dependsOn": [
        "[extensionResourceId(resourceId('Microsoft.OperationalInsights/workspaces', parameters('workspace')), 'Microsoft.SecurityInsights/contentPackages', variables('_solutionId'))]"
      ],
      "properties": {
        "description": "IONIXOverviewWorkbook Workbook with template version 3.1.0",
        "mainTemplate": {
          "$schema": "https://schema.management.azure.com/schemas/2019-04-01/deploymentTemplate.json#",
          "contentVersion": "[variables('workbookVersion1')]",
          "parameters": {},
          "variables": {},
          "resources": [
            {
              "type": "Microsoft.Insights/workbooks",
              "name": "[variables('workbookContentId1')]",
              "location": "[parameters('workspace-location')]",
              "kind": "shared",
              "apiVersion": "2021-08-01",
              "metadata": {
                "description": ""
              },
              "properties": {
                "displayName": "[parameters('workbook1-name')]",
                "serializedData": "{\"version\":\"Notebook/1.0\",\"items\":[{\"type\":1,\"content\":{\"json\":\"## IONIX Action Items\"},\"name\":\"text - 2\"},{\"type\":12,\"content\":{\"version\":\"NotebookGroup/1.0\",\"groupType\":\"editable\",\"title\":\"Current Open Action Items\",\"expandable\":true,\"expanded\":true,\"items\":[{\"type\":3,\"content\":{\"version\":\"KqlItem/1.0\",\"query\":\"let lookbackTime = 14d;\\nCyberpionActionItems_CL\\n | where TimeGenerated > ago(lookbackTime)\\n | summarize arg_max(TimeGenerated, *) by id_s\\n | where is_open_b == true\\n | summarize count() by Category\\n | render barchart\\n\\n\",\"size\":0,\"title\":\"Action Items by Category\",\"queryType\":0,\"resourceType\":\"microsoft.operationalinsights/workspaces\"},\"name\":\"action-items-by-category\"},{\"type\":3,\"content\":{\"version\":\"KqlItem/1.0\",\"query\":\"let lookbackTime = 14d;\\nCyberpionActionItems_CL\\n | where TimeGenerated > ago(lookbackTime)\\n | summarize arg_max(TimeGenerated, *) by id_s\\n | where is_open_b == true\\n | summarize count() by solution_s\\n | render piechart\",\"size\":0,\"title\":\"Most Common Solutions\",\"queryType\":0,\"resourceType\":\"microsoft.operationalinsights/workspaces\"},\"customWidth\":\"50\",\"name\":\"most-common-solution\"},{\"type\":3,\"content\":{\"version\":\"KqlItem/1.0\",\"query\":\"let lookbackTime = 14d;\\nCyberpionActionItems_CL\\n | where TimeGenerated > ago(lookbackTime)\\n | summarize arg_max(TimeGenerated, *) by id_s\\n | where is_open_b == true\\n | extend Urgency = bin(urgency_d, 1)\\n | summarize count() by Urgency\\n | join kind=rightouter (range Urgency from 1.0 to 10.0 step 1) on Urgency\\n | project Urgency = Urgency1, Count = iff(isnotempty(count_), count_, 0)\\n | sort by Urgency asc\\n | extend Urgency = tostring(Urgency)\\n | render barchart\\n\\n\",\"size\":0,\"title\":\"Action Items Count by Urgency\",\"queryType\":0,\"resourceType\":\"microsoft.operationalinsights/workspaces\",\"visualization\":\"categoricalbar\",\"chartSettings\":{\"createOtherGroup\":0,\"xSettings\":{\"numberFormatSettings\":{\"unit\":0,\"options\":{\"style\":\"decimal\",\"useGrouping\":true}}},\"ySettings\":{\"numberFormatSettings\":{\"unit\":0,\"options\":{\"style\":\"decimal\",\"useGrouping\":true}}}}},\"customWidth\":\"50\",\"name\":\"open-ai-urgency-bars\"}]},\"name\":\"current-ais\"},{\"type\":12,\"content\":{\"version\":\"NotebookGroup/1.0\",\"groupType\":\"editable\",\"title\":\"Historical Info\",\"expandable\":true,\"expanded\":true,\"items\":[{\"type\":9,\"content\":{\"version\":\"KqlParameterItem/1.0\",\"parameters\":[{\"id\":\"e8bb48b6-6706-48bd-b8a1-94de288bcb4c\",\"version\":\"KqlParameterItem/1.0\",\"name\":\"TimeRange\",\"type\":4,\"isRequired\":true,\"value\":{\"durationMs\":604800000},\"typeSettings\":{\"selectableValues\":[{\"durationMs\":1800000},{\"durationMs\":3600000},{\"durationMs\":14400000},{\"durationMs\":43200000},{\"durationMs\":86400000},{\"durationMs\":172800000},{\"durationMs\":259200000},{\"durationMs\":604800000},{\"durationMs\":1209600000},{\"durationMs\":2419200000},{\"durationMs\":2592000000},{\"durationMs\":5184000000},{\"durationMs\":7776000000}],\"allowCustom\":true},\"timeContext\":{\"durationMs\":86400000}}],\"style\":\"pills\",\"queryType\":0,\"resourceType\":\"microsoft.operationalinsights/workspaces\"},\"name\":\"parameters - 1\"},{\"type\":3,\"content\":{\"version\":\"KqlItem/1.0\",\"query\":\"let lookbackTime = now(-{TimeRange:seconds}s);\\nlet bucketTimeSpan = 1d;\\nCyberpionActionItems_CL\\n | where TimeGenerated > lookbackTime and is_open_b == true\\n | summarize open_action_items = dcount(id_s) by bin(TimeGenerated, bucketTimeSpan)\\n | order by TimeGenerated asc\\n | render timechart\",\"size\":0,\"aggregation\":5,\"title\":\"Open Action Items over time\",\"queryType\":0,\"resourceType\":\"microsoft.operationalinsights/workspaces\"},\"name\":\"action-items-over-time\"}]},\"name\":\"historical-data\"}],\"fromTemplateId\":\"sentinel-CyberpionOverviewWorkbook\",\"$schema\":\"https://github.com/Microsoft/Application-Insights-Workbooks/blob/master/schema/workbook.json\"}\n",
                "version": "1.0",
                "sourceId": "[variables('workspaceResourceId')]",
                "category": "sentinel"
              }
            },
            {
              "type": "Microsoft.OperationalInsights/workspaces/providers/metadata",
              "apiVersion": "2022-01-01-preview",
              "name": "[concat(parameters('workspace'),'/Microsoft.SecurityInsights/',concat('Workbook-', last(split(variables('workbookId1'),'/'))))]",
              "properties": {
                "description": ".description",
                "parentId": "[variables('workbookId1')]",
                "contentId": "[variables('_workbookContentId1')]",
                "kind": "Workbook",
                "version": "[variables('workbookVersion1')]",
                "source": {
                  "kind": "Solution",
                  "name": "IONIX",
                  "sourceId": "[variables('_solutionId')]"
                },
                "author": {
                  "name": "IONIX",
                  "email": "[variables('_email')]"
                },
                "support": {
                  "name": "IONIX",
                  "email": "support@ionix.io",
                  "tier": "Partner",
                  "link": "https://www.ionix.io/contact-us/"
                }
              }
            }
          ]
        },
        "packageKind": "Solution",
        "packageVersion": "[variables('_solutionVersion')]",
        "packageName": "[variables('_solutionName')]",
        "packageId": "[variables('_solutionId')]",
        "contentSchemaVersion": "3.0.0",
        "contentId": "[variables('_workbookContentId1')]",
        "contentKind": "Workbook",
        "displayName": "[parameters('workbook1-name')]",
        "contentProductId": "[variables('_workbookcontentProductId1')]",
        "id": "[variables('_workbookcontentProductId1')]",
        "version": "[variables('workbookVersion1')]"
      }
    },
    {
      "type": "Microsoft.OperationalInsights/workspaces/providers/contentPackages",
      "apiVersion": "2023-04-01-preview",
      "location": "[parameters('workspace-location')]",
      "properties": {
        "version": "3.1.0",
        "kind": "Solution",
        "contentSchemaVersion": "3.0.0",
        "displayName": "IONIX",
        "publisherDisplayName": "IONIX",
        "descriptionHtml": "<p><strong>Note:</strong> Please refer to the following before installing the solution:</p>\n<p>• Review the solution <a href=\"https://github.com/Azure/Azure-Sentinel/tree/master/Solutions/IONIX/ReleaseNotes.md\">Release Notes</a></p>\n<p>• There may be <a href=\"https://aka.ms/sentinelsolutionsknownissues\">known issues</a> pertaining to this Solution, please refer to them before installing.</p>\n<p>The <a href=\"https://ionix.io/\">IONIX</a> solution for Microsoft Sentinel enables you to ingest vulnerability logs from the IONIX platform into Microsoft Sentinel.</p>\n<p><strong>Underlying Microsoft Technologies used:</strong></p>\n<p>This solution is dependent on the following technologies, and some of these dependencies either may be in <a href=\"https://azure.microsoft.com/support/legal/preview-supplemental-terms/\">Preview</a> state or might result in additional ingestion or operational costs:</p>\n<ol type=\"a\">\n<li><a href=\"https://docs.microsoft.com/azure/sentinel/create-codeless-connector?tabs=deploy-via-arm-template%2Cconnect-via-the-azure-portal\">Codeless Connector Platform/Native Sentinel Polling</a></li>\n</ol>\n<p><strong>Data Connectors:</strong> 2, <strong>Workbooks:</strong> 1, <strong>Analytic Rules:</strong> 1</p>\n<p><a href=\"https://aka.ms/azuresentinel\">Learn more about Microsoft Sentinel</a> | <a href=\"https://aka.ms/azuresentinelsolutionsdoc\">Learn more about Solutions</a></p>\n",
        "contentKind": "Solution",
        "contentProductId": "[variables('_solutioncontentProductId')]",
        "id": "[variables('_solutioncontentProductId')]",
        "icon": "<img src=\"https://raw.githubusercontent.com/Azure/Azure-Sentinel/master/Logos/ionix-logo.svg\" width=\"75px\" height=\"75px\">",
        "contentId": "[variables('_solutionId')]",
        "parentId": "[variables('_solutionId')]",
        "source": {
          "kind": "Solution",
          "name": "IONIX",
          "sourceId": "[variables('_solutionId')]"
        },
        "author": {
          "name": "IONIX",
          "email": "[variables('_email')]"
        },
        "support": {
          "name": "IONIX",
          "email": "support@ionix.io",
          "tier": "Partner",
          "link": "https://www.ionix.io/contact-us/"
        },
        "dependencies": {
          "operator": "AND",
          "criteria": [
            {
              "kind": "DataConnector",
              "contentId": "[variables('_dataConnectorContentId1')]",
              "version": "[variables('dataConnectorVersion1')]"
            },
            {
              "kind": "DataConnector",
              "contentId": "[variables('_dataConnectorContentIdConnections2')]",
              "version": "[variables('dataConnectorCCPVersion')]"
            },
            {
              "kind": "AnalyticsRule",
              "contentId": "[variables('analyticRuleObject1')._analyticRulecontentId1]",
              "version": "[variables('analyticRuleObject1').analyticRuleVersion1]"
            },
            {
              "kind": "Workbook",
              "contentId": "[variables('_workbookContentId1')]",
              "version": "[variables('workbookVersion1')]"
            }
          ]
        },
        "firstPublishDate": "2022-05-02",
        "lastPublishDate": "2026-02-16",
        "providers": [
          "IONIX"
        ],
        "categories": {
          "domains": [
            "Security - Threat Protection"
          ]
        }
      },
      "name": "[concat(parameters('workspace'),'/Microsoft.SecurityInsights/', variables('_solutionId'))]"
    }
  ],
  "outputs": {}
}
