{
  "$schema": "https://schema.management.azure.com/schemas/2019-04-01/deploymentTemplate.json#",
  "contentVersion": "1.0.0.0",
  "metadata": {
    "author": "Microsoft",
    "comments": "Solution template for Azure Resource Graph"
  },
  "parameters": {
    "location": {
      "type": "string",
      "minLength": 1,
      "defaultValue": "[resourceGroup().location]",
      "metadata": {
        "description": "Not used, but needed to pass arm-ttk test `Location-Should-Not-Be-Hardcoded`.  We instead use the `workspace-location` which is derived from the LA workspace"
      }
    },
    "workspace-location": {
      "type": "string",
      "defaultValue": "",
      "metadata": {
        "description": "[concat('Region to deploy solution resources -- separate from location selection',parameters('location'))]"
      }
    },
    "workspace": {
      "defaultValue": "",
      "type": "string",
      "metadata": {
        "description": "Workspace name for Log Analytics where Microsoft Sentinel is setup"
      }
    }
  },
  "variables": {
    "_solutionName": "Azure Resource Graph",
    "_solutionVersion": "3.0.0",
    "solutionId": "azuresentinel.azure-sentinel-solution-resourcegraph",
    "_solutionId": "[variables('solutionId')]",
    "uiConfigId1": "AzureResourceGraph",
    "_uiConfigId1": "[variables('uiConfigId1')]",
    "dataConnectorContentId1": "AzureResourceGraph",
    "_dataConnectorContentId1": "[variables('dataConnectorContentId1')]",
    "dataConnectorId1": "[extensionResourceId(resourceId('Microsoft.OperationalInsights/workspaces', parameters('workspace')), 'Microsoft.SecurityInsights/dataConnectors', variables('_dataConnectorContentId1'))]",
    "_dataConnectorId1": "[variables('dataConnectorId1')]",
    "dataConnectorTemplateSpecName1": "[concat(parameters('workspace'),'/Microsoft.SecurityInsights/',concat(parameters('workspace'),'-dc-',uniquestring(variables('_dataConnectorContentId1'))))]",
    "dataConnectorVersion1": "1.0.0",
    "_dataConnectorcontentProductId1": "[concat(take(variables('_solutionId'),50),'-','dc','-', uniqueString(concat(variables('_solutionId'),'-','DataConnector','-',variables('_dataConnectorContentId1'),'-', variables('dataConnectorVersion1'))))]",
    "_solutioncontentProductId": "[concat(take(variables('_solutionId'),50),'-','sl','-', uniqueString(concat(variables('_solutionId'),'-','Solution','-',variables('_solutionId'),'-', variables('_solutionVersion'))))]"
  },
  "resources": [
    {
      "type": "Microsoft.OperationalInsights/workspaces/providers/contentTemplates",
      "apiVersion": "2023-04-01-preview",
      "name": "[variables('dataConnectorTemplateSpecName1')]",
      "location": "[parameters('workspace-location')]",
      "dependsOn": [
        "[extensionResourceId(resourceId('Microsoft.OperationalInsights/workspaces', parameters('workspace')), 'Microsoft.SecurityInsights/contentPackages', variables('_solutionId'))]"
      ],
      "properties": {
        "description": "Azure Resource Graph data connector with template version 3.0.0",
        "mainTemplate": {
          "$schema": "https://schema.management.azure.com/schemas/2019-04-01/deploymentTemplate.json#",
          "contentVersion": "[variables('dataConnectorVersion1')]",
          "parameters": {},
          "variables": {},
          "resources": [
            {
              "name": "[concat(parameters('workspace'),'/Microsoft.SecurityInsights/',variables('_dataConnectorContentId1'))]",
              "apiVersion": "2021-03-01-preview",
              "type": "Microsoft.OperationalInsights/workspaces/providers/dataConnectors",
              "location": "[parameters('workspace-location')]",
              "kind": "GenericUI",
              "properties": {
                "connectorUiConfig": {
                  "id": "[variables('_uiConfigId1')]",
                  "title": "Azure Resource Graph",
                  "publisher": "Microsoft",
                  "descriptionMarkdown": "Azure Resource Graph connector gives richer insights into Azure events by supplementing details about Azure subscriptions and Azure resources.",
                  "logo": "https://raw.githubusercontent.com/Azure/Azure-Sentinel/master/Logos/argGraphLogo.svg",
                  "graphQueries": [],
                  "sampleQueries": [],
                  "dataTypes": [],
                  "connectivityCriterias": [
                    {
                      "type": "HasDataConnectors"
                    }
                  ],
                  "permissions": {
                    "tenant": [
                      "GlobalAdmin"
                    ],
                    "customs": [
                      {
                        "name": "Policy",
                        "description": "owner role permission on Azure subscriptions"
                      }
                    ]
                  },
                  "availability": {
                    "status": 2,
                    "isPreview": false
                  },
                  "instructionSteps": [
                    {
                      "description": "Connect Azure Resource Graph to Microsoft Sentinel",
                      "instructions": [
                        {
                          "type": "Markdown",
                          "parameters": {
                            "content": "**Entities**\n\n ✔ Resources\n\n ✔ resourcecontainers\n\n ✔ authorizationresources"
                          }
                        }
                      ]
                    }
                  ]
                }
              }
            },
            {
              "type": "Microsoft.OperationalInsights/workspaces/providers/metadata",
              "apiVersion": "2023-04-01-preview",
              "name": "[concat(parameters('workspace'),'/Microsoft.SecurityInsights/',concat('DataConnector-', last(split(variables('_dataConnectorId1'),'/'))))]",
              "properties": {
                "parentId": "[extensionResourceId(resourceId('Microsoft.OperationalInsights/workspaces', parameters('workspace')), 'Microsoft.SecurityInsights/dataConnectors', variables('_dataConnectorContentId1'))]",
                "contentId": "[variables('_dataConnectorContentId1')]",
                "kind": "DataConnector",
                "version": "[variables('dataConnectorVersion1')]",
                "source": {
                  "kind": "Solution",
                  "name": "Azure Resource Graph",
                  "sourceId": "[variables('_solutionId')]"
                },
                "author": {
                  "name": "Microsoft"
                },
                "support": {
                  "name": "Microsoft Corporation",
                  "email": "support@microsoft.com",
                  "tier": "Microsoft",
                  "link": "https://support.microsoft.com"
                }
              }
            }
          ]
        },
        "packageKind": "Solution",
        "packageVersion": "[variables('_solutionVersion')]",
        "packageName": "[variables('_solutionName')]",
        "packageId": "[variables('_solutionId')]",
        "contentSchemaVersion": "3.0.0",
        "contentId": "[variables('_dataConnectorContentId1')]",
        "contentKind": "DataConnector",
        "displayName": "Azure Resource Graph",
        "contentProductId": "[variables('_dataConnectorcontentProductId1')]",
        "id": "[variables('_dataConnectorcontentProductId1')]",
        "version": "[variables('dataConnectorVersion1')]"
      }
    },
    {
      "type": "Microsoft.OperationalInsights/workspaces/providers/metadata",
      "apiVersion": "2023-04-01-preview",
      "name": "[concat(parameters('workspace'),'/Microsoft.SecurityInsights/',concat('DataConnector-', last(split(variables('_dataConnectorId1'),'/'))))]",
      "dependsOn": [
        "[variables('_dataConnectorId1')]"
      ],
      "location": "[parameters('workspace-location')]",
      "properties": {
        "parentId": "[extensionResourceId(resourceId('Microsoft.OperationalInsights/workspaces', parameters('workspace')), 'Microsoft.SecurityInsights/dataConnectors', variables('_dataConnectorContentId1'))]",
        "contentId": "[variables('_dataConnectorContentId1')]",
        "kind": "DataConnector",
        "version": "[variables('dataConnectorVersion1')]",
        "source": {
          "kind": "Solution",
          "name": "Azure Resource Graph",
          "sourceId": "[variables('_solutionId')]"
        },
        "author": {
          "name": "Microsoft"
        },
        "support": {
          "name": "Microsoft Corporation",
          "email": "support@microsoft.com",
          "tier": "Microsoft",
          "link": "https://support.microsoft.com"
        }
      }
    },
    {
      "name": "[concat(parameters('workspace'),'/Microsoft.SecurityInsights/',variables('_dataConnectorContentId1'))]",
      "apiVersion": "2021-03-01-preview",
      "type": "Microsoft.OperationalInsights/workspaces/providers/dataConnectors",
      "location": "[parameters('workspace-location')]",
      "kind": "GenericUI",
      "properties": {
        "connectorUiConfig": {
          "title": "Azure Resource Graph",
          "publisher": "Microsoft",
          "descriptionMarkdown": "Azure Resource Graph connector gives richer insights into Azure events by supplementing details about Azure subscriptions and Azure resources.",
          "graphQueries": [],
          "dataTypes": [],
          "connectivityCriterias": [
            {
              "type": "HasDataConnectors"
            }
          ],
          "sampleQueries": [],
          "availability": {
            "status": 2,
            "isPreview": false
          },
          "permissions": {
            "tenant": [
              "GlobalAdmin"
            ],
            "customs": [
              {
                "name": "Policy",
                "description": "owner role permission on Azure subscriptions"
              }
            ]
          },
          "instructionSteps": [
            {
              "description": "Connect Azure Resource Graph to Microsoft Sentinel",
              "instructions": [
                {
                  "type": "Markdown",
                  "parameters": {
                    "content": "**Entities**\n\n ✔ Resources\n\n ✔ resourcecontainers\n\n ✔ authorizationresources"
                  }
                }
              ]
            }
          ],
          "id": "[variables('_uiConfigId1')]"
        }
      }
    },
    {
      "type": "Microsoft.OperationalInsights/workspaces/providers/contentPackages",
      "apiVersion": "2023-04-01-preview",
      "location": "[parameters('workspace-location')]",
      "properties": {
        "version": "3.0.0",
        "kind": "Solution",
        "contentSchemaVersion": "3.0.0",
        "displayName": "Azure Resource Graph",
        "publisherDisplayName": "Microsoft Sentinel, Microsoft Corporation",
        "descriptionHtml": "<p><strong>Note:</strong> Please refer to the following before installing the solution:</p>\n<p>• Review the solution <a href=\"https://github.com/Azure/Azure-Sentinel/tree/master/Solutions/Azure%20Resource%20Graph/ReleaseNotes.md\">Release Notes</a></p>\n<p>• There may be <a href=\"https://aka.ms/sentinelsolutionsknownissues\">known issues</a> pertaining to this Solution, please refer to them before installing.</p>\n<p>This Microsoft Sentinel Solution is currently in public preview. This feature is provided without a service level agreement, and it's not recommended for production workloads. Certain features might not be supported or might have constrained capabilities. For more information, see <a href=\"https://azure.microsoft.com/support/legal/preview-supplemental-terms/\">Supplemental Terms of Use for Microsoft Azure Previews.</a></p>\n<p><strong>Data Connectors:</strong> 1</p>\n<p><a href=\"https://aka.ms/azuresentinel\">Learn more about Microsoft Sentinel</a> | <a href=\"https://aka.ms/azuresentinelsolutionsdoc\">Learn more about Solutions</a></p>\n",
        "contentKind": "Solution",
        "contentProductId": "[variables('_solutioncontentProductId')]",
        "id": "[variables('_solutioncontentProductId')]",
        "icon": "https://raw.githubusercontent.com/Azure/Azure-Sentinel/master/Logos/argGraphLogo.svg",
        "contentId": "[variables('_solutionId')]",
        "parentId": "[variables('_solutionId')]",
        "source": {
          "kind": "Solution",
          "name": "Azure Resource Graph",
          "sourceId": "[variables('_solutionId')]"
        },
        "author": {
          "name": "Microsoft"
        },
        "support": {
          "name": "Microsoft Corporation",
          "email": "support@microsoft.com",
          "tier": "Microsoft",
          "link": "https://support.microsoft.com"
        },
        "dependencies": {
          "operator": "AND",
          "criteria": [
            {
              "kind": "DataConnector",
              "contentId": "[variables('_dataConnectorContentId1')]",
              "version": "[variables('dataConnectorVersion1')]"
            }
          ]
        },
        "firstPublishDate": "2025-06-20",
        "providers": [
          "Microsoft"
        ],
        "categories": {
          "domains": [
            "Cloud Provider"
          ]
        }
      },
      "name": "[concat(parameters('workspace'),'/Microsoft.SecurityInsights/', variables('_solutionId'))]"
    }
  ],
  "outputs": {}
}
