{
  "$schema": "https://schema.management.azure.com/schemas/2019-04-01/deploymentTemplate.json#",
  "contentVersion": "1.0.0.0",
  "metadata": {
    "author": "Microsoft - support@microsoft.com",
    "comments": "Solution template for Visa Threat Intelligence (VTI)"
  },
  "parameters": {
    "location": {
      "type": "string",
      "minLength": 1,
      "defaultValue": "[resourceGroup().location]",
      "metadata": {
        "description": "Not used, but needed to pass arm-ttk test `Location-Should-Not-Be-Hardcoded`.  We instead use the `workspace-location` which is derived from the LA workspace"
      }
    },
    "workspace-location": {
      "type": "string",
      "defaultValue": "",
      "metadata": {
        "description": "[concat('Region to deploy solution resources -- separate from location selection',parameters('location'))]"
      }
    },
    "workspace": {
      "defaultValue": "",
      "type": "string",
      "metadata": {
        "description": "Workspace name for Log Analytics where Microsoft Sentinel is setup"
      }
    },
    "workbook1-name": {
      "type": "string",
      "defaultValue": "VTI IOC Feed Workbook",
      "minLength": 1,
      "metadata": {
        "description": "Name for the workbook"
      }
    }
  },
  "variables": {
    "email": "support@microsoft.com",
    "_email": "[variables('email')]",
    "_solutionName": "Visa Threat Intelligence (VTI)",
    "_solutionVersion": "3.0.0",
    "solutionId": "visa-cyber.azure-sentinel-solution-visathreatintel",
    "_solutionId": "[variables('solutionId')]",
    "analyticRuleObject1": {
      "analyticRuleVersion1": "1.0.0",
      "_analyticRulecontentId1": "7be47078-657a-43cf-9c93-b4705a9f6134",
      "analyticRuleId1": "[resourceId('Microsoft.SecurityInsights/AlertRuleTemplates', '7be47078-657a-43cf-9c93-b4705a9f6134')]",
      "analyticRuleTemplateSpecName1": "[concat(parameters('workspace'),'/Microsoft.SecurityInsights/',concat(parameters('workspace'),'-ar-',uniquestring('7be47078-657a-43cf-9c93-b4705a9f6134')))]",
      "_analyticRulecontentProductId1": "[concat(take(variables('_solutionId'),50),'-','ar','-', uniqueString(concat(variables('_solutionId'),'-','AnalyticsRule','-','7be47078-657a-43cf-9c93-b4705a9f6134','-', '1.0.0')))]"
    },
    "analyticRuleObject2": {
      "analyticRuleVersion2": "1.0.0",
      "_analyticRulecontentId2": "dbd9e28f-973d-47f3-a8c3-9e18da846870",
      "analyticRuleId2": "[resourceId('Microsoft.SecurityInsights/AlertRuleTemplates', 'dbd9e28f-973d-47f3-a8c3-9e18da846870')]",
      "analyticRuleTemplateSpecName2": "[concat(parameters('workspace'),'/Microsoft.SecurityInsights/',concat(parameters('workspace'),'-ar-',uniquestring('dbd9e28f-973d-47f3-a8c3-9e18da846870')))]",
      "_analyticRulecontentProductId2": "[concat(take(variables('_solutionId'),50),'-','ar','-', uniqueString(concat(variables('_solutionId'),'-','AnalyticsRule','-','dbd9e28f-973d-47f3-a8c3-9e18da846870','-', '1.0.0')))]"
    },
    "workbookVersion1": "",
    "workbookContentId1": "",
    "workbookId1": "[resourceId('Microsoft.Insights/workbooks', variables('workbookContentId1'))]",
    "workbookTemplateSpecName1": "[concat(parameters('workspace'),'/Microsoft.SecurityInsights/',concat(parameters('workspace'),'-wb-',uniquestring(variables('_workbookContentId1'))))]",
    "_workbookContentId1": "[variables('workbookContentId1')]",
    "workspaceResourceId": "[resourceId('microsoft.OperationalInsights/Workspaces', parameters('workspace'))]",
    "_workbookcontentProductId1": "[concat(take(variables('_solutionId'),50),'-','wb','-', uniqueString(concat(variables('_solutionId'),'-','Workbook','-',variables('_workbookContentId1'),'-', variables('workbookVersion1'))))]",
    "_solutioncontentProductId": "[concat(take(variables('_solutionId'),50),'-','sl','-', uniqueString(concat(variables('_solutionId'),'-','Solution','-',variables('_solutionId'),'-', variables('_solutionVersion'))))]"
  },
  "resources": [
    {
      "type": "Microsoft.OperationalInsights/workspaces/providers/contentTemplates",
      "apiVersion": "2023-04-01-preview",
      "name": "[variables('analyticRuleObject1').analyticRuleTemplateSpecName1]",
      "location": "[parameters('workspace-location')]",
      "dependsOn": [
        "[extensionResourceId(resourceId('Microsoft.OperationalInsights/workspaces', parameters('workspace')), 'Microsoft.SecurityInsights/contentPackages', variables('_solutionId'))]"
      ],
      "properties": {
        "description": "VTIP_high_severrity_domain_AnalyticalRules Analytics Rule with template version 3.0.0",
        "mainTemplate": {
          "$schema": "https://schema.management.azure.com/schemas/2019-04-01/deploymentTemplate.json#",
          "contentVersion": "[variables('analyticRuleObject1').analyticRuleVersion1]",
          "parameters": {},
          "variables": {},
          "resources": [
            {
              "type": "Microsoft.SecurityInsights/AlertRuleTemplates",
              "name": "[variables('analyticRuleObject1')._analyticRulecontentId1]",
              "apiVersion": "2023-02-01-preview",
              "kind": "Scheduled",
              "location": "[parameters('workspace-location')]",
              "properties": {
                "description": "This will alert when a collision is detected for EmailUrlInfo events with VTI high severity domain IoCs",
                "displayName": "VTI - High Severity Domain Collision Detection",
                "enabled": false,
                "query": "EmailUrlInfo\n| join kind=inner (VisaThreatIntelligenceIOC_CL  | where IOCType == \"domain\" and SourceSeverity == \"High\")\non $left.UrlDomain == $right.Value",
                "queryFrequency": "PT1H",
                "queryPeriod": "PT1H",
                "severity": "High",
                "suppressionDuration": "PT1H",
                "suppressionEnabled": false,
                "triggerOperator": "GreaterThan",
                "triggerThreshold": 0,
                "status": "Available",
                "requiredDataConnectors": [
                  {
                    "connectorId": "VisaThreatIntelligence",
                    "dataTypes": [
                      "VisaThreatIntelligenceIOC_CL",
                      "EmailUrlInfo"
                    ]
                  }
                ],
                "tactics": [
                  "InitialAccess"
                ],
                "techniques": [
                  "T1566"
                ],
                "entityMappings": [
                  {
                    "fieldMappings": [
                      {
                        "columnName": "Url",
                        "identifier": "Url"
                      }
                    ],
                    "entityType": "URL"
                  },
                  {
                    "fieldMappings": [
                      {
                        "columnName": "UrlDomain",
                        "identifier": "DomainName"
                      }
                    ],
                    "entityType": "DNS"
                  }
                ],
                "eventGroupingSettings": {
                  "aggregationKind": "SingleAlert"
                },
                "incidentConfiguration": {
                  "createIncident": true,
                  "groupingConfiguration": {
                    "lookbackDuration": "1h",
                    "reopenClosedIncident": false,
                    "enabled": true,
                    "matchingMethod": "AllEntities"
                  }
                }
              }
            },
            {
              "type": "Microsoft.OperationalInsights/workspaces/providers/metadata",
              "apiVersion": "2023-04-01-preview",
              "name": "[concat(parameters('workspace'),'/Microsoft.SecurityInsights/',concat('AnalyticsRule-', last(split(variables('analyticRuleObject1').analyticRuleId1,'/'))))]",
              "properties": {
                "description": "Visa Threat Intelligence (VTI) Analytics Rule 1",
                "parentId": "[variables('analyticRuleObject1').analyticRuleId1]",
                "contentId": "[variables('analyticRuleObject1')._analyticRulecontentId1]",
                "kind": "AnalyticsRule",
                "version": "[variables('analyticRuleObject1').analyticRuleVersion1]",
                "source": {
                  "kind": "Solution",
                  "name": "Visa Threat Intelligence (VTI)",
                  "sourceId": "[variables('_solutionId')]"
                },
                "author": {
                  "name": "Microsoft",
                  "email": "[variables('_email')]"
                },
                "support": {
                  "name": "Microsoft Corporation",
                  "email": "support@microsoft.com",
                  "tier": "Microsoft",
                  "link": "https://support.microsoft.com"
                }
              }
            }
          ]
        },
        "packageKind": "Solution",
        "packageVersion": "[variables('_solutionVersion')]",
        "packageName": "[variables('_solutionName')]",
        "packageId": "[variables('_solutionId')]",
        "contentSchemaVersion": "3.0.0",
        "contentId": "[variables('analyticRuleObject1')._analyticRulecontentId1]",
        "contentKind": "AnalyticsRule",
        "displayName": "VTI - High Severity Domain Collision Detection",
        "contentProductId": "[variables('analyticRuleObject1')._analyticRulecontentProductId1]",
        "id": "[variables('analyticRuleObject1')._analyticRulecontentProductId1]",
        "version": "[variables('analyticRuleObject1').analyticRuleVersion1]"
      }
    },
    {
      "type": "Microsoft.OperationalInsights/workspaces/providers/contentTemplates",
      "apiVersion": "2023-04-01-preview",
      "name": "[variables('analyticRuleObject2').analyticRuleTemplateSpecName2]",
      "location": "[parameters('workspace-location')]",
      "dependsOn": [
        "[extensionResourceId(resourceId('Microsoft.OperationalInsights/workspaces', parameters('workspace')), 'Microsoft.SecurityInsights/contentPackages', variables('_solutionId'))]"
      ],
      "properties": {
        "description": "VTIP_high_severrity_sha1_AnalyticalRules Analytics Rule with template version 3.0.0",
        "mainTemplate": {
          "$schema": "https://schema.management.azure.com/schemas/2019-04-01/deploymentTemplate.json#",
          "contentVersion": "[variables('analyticRuleObject2').analyticRuleVersion2]",
          "parameters": {},
          "variables": {},
          "resources": [
            {
              "type": "Microsoft.SecurityInsights/AlertRuleTemplates",
              "name": "[variables('analyticRuleObject2')._analyticRulecontentId2]",
              "apiVersion": "2023-02-01-preview",
              "kind": "Scheduled",
              "location": "[parameters('workspace-location')]",
              "properties": {
                "description": "This will alert when a collision is detected for DeviceFileEvents events with VTI high severity SHA1 IoCs",
                "displayName": "VTI - High Severity SHA1 Collision Detection",
                "enabled": false,
                "query": "DeviceFileEvents\n| join kind=inner (VisaThreatIntelligenceIOC_CL  | where IOCType == \"sha1\" and SourceSeverity == \"High\")\non $left.InitiatingProcessSHA1 == $right.Value",
                "queryFrequency": "PT1H",
                "queryPeriod": "PT1H",
                "severity": "High",
                "suppressionDuration": "PT1H",
                "suppressionEnabled": false,
                "triggerOperator": "GreaterThan",
                "triggerThreshold": 0,
                "status": "Available",
                "requiredDataConnectors": [
                  {
                    "connectorId": "VisaThreatIntelligence",
                    "dataTypes": [
                      "VisaThreatIntelligenceIOC_CL",
                      "DeviceFileEvents"
                    ]
                  }
                ],
                "tactics": [
                  "Execution"
                ],
                "techniques": [
                  "T1204"
                ],
                "entityMappings": [
                  {
                    "fieldMappings": [
                      {
                        "columnName": "DeviceName",
                        "identifier": "HostName"
                      }
                    ],
                    "entityType": "Host"
                  },
                  {
                    "fieldMappings": [
                      {
                        "columnName": "SHA1",
                        "identifier": "Algorithm"
                      },
                      {
                        "columnName": "InitiatingProcessSHA1",
                        "identifier": "Value"
                      }
                    ],
                    "entityType": "FileHash"
                  }
                ],
                "eventGroupingSettings": {
                  "aggregationKind": "SingleAlert"
                },
                "incidentConfiguration": {
                  "createIncident": true,
                  "groupingConfiguration": {
                    "lookbackDuration": "1h",
                    "reopenClosedIncident": false,
                    "enabled": true,
                    "matchingMethod": "AllEntities"
                  }
                }
              }
            },
            {
              "type": "Microsoft.OperationalInsights/workspaces/providers/metadata",
              "apiVersion": "2023-04-01-preview",
              "name": "[concat(parameters('workspace'),'/Microsoft.SecurityInsights/',concat('AnalyticsRule-', last(split(variables('analyticRuleObject2').analyticRuleId2,'/'))))]",
              "properties": {
                "description": "Visa Threat Intelligence (VTI) Analytics Rule 2",
                "parentId": "[variables('analyticRuleObject2').analyticRuleId2]",
                "contentId": "[variables('analyticRuleObject2')._analyticRulecontentId2]",
                "kind": "AnalyticsRule",
                "version": "[variables('analyticRuleObject2').analyticRuleVersion2]",
                "source": {
                  "kind": "Solution",
                  "name": "Visa Threat Intelligence (VTI)",
                  "sourceId": "[variables('_solutionId')]"
                },
                "author": {
                  "name": "Microsoft",
                  "email": "[variables('_email')]"
                },
                "support": {
                  "name": "Microsoft Corporation",
                  "email": "support@microsoft.com",
                  "tier": "Microsoft",
                  "link": "https://support.microsoft.com"
                }
              }
            }
          ]
        },
        "packageKind": "Solution",
        "packageVersion": "[variables('_solutionVersion')]",
        "packageName": "[variables('_solutionName')]",
        "packageId": "[variables('_solutionId')]",
        "contentSchemaVersion": "3.0.0",
        "contentId": "[variables('analyticRuleObject2')._analyticRulecontentId2]",
        "contentKind": "AnalyticsRule",
        "displayName": "VTI - High Severity SHA1 Collision Detection",
        "contentProductId": "[variables('analyticRuleObject2')._analyticRulecontentProductId2]",
        "id": "[variables('analyticRuleObject2')._analyticRulecontentProductId2]",
        "version": "[variables('analyticRuleObject2').analyticRuleVersion2]"
      }
    },
    {
      "type": "Microsoft.OperationalInsights/workspaces/providers/contentTemplates",
      "apiVersion": "2023-04-01-preview",
      "name": "[variables('workbookTemplateSpecName1')]",
      "location": "[parameters('workspace-location')]",
      "dependsOn": [
        "[extensionResourceId(resourceId('Microsoft.OperationalInsights/workspaces', parameters('workspace')), 'Microsoft.SecurityInsights/contentPackages', variables('_solutionId'))]"
      ],
      "properties": {
        "description": "VTI_IOC_Feed Workbook with template version 3.0.0",
        "mainTemplate": {
          "$schema": "https://schema.management.azure.com/schemas/2019-04-01/deploymentTemplate.json#",
          "contentVersion": "[variables('workbookVersion1')]",
          "parameters": {},
          "variables": {},
          "resources": [
            {
              "type": "Microsoft.Insights/workbooks",
              "name": "[variables('workbookContentId1')]",
              "location": "[parameters('workspace-location')]",
              "kind": "shared",
              "apiVersion": "2021-08-01",
              "metadata": {
                "description": ""
              },
              "properties": {
                "displayName": "[parameters('workbook1-name')]",
                "serializedData": "{\"version\":\"Notebook/1.0\",\"items\":[{\"type\":3,\"content\":{\"version\":\"KqlItem/1.0\",\"query\":\"VisaThreatIntelligenceIOC_CL \\n| summarize Count=count() by IOCType\\n| render barchart\",\"size\":0,\"title\":\"IOC by Type\",\"timeContext\":{\"durationMs\":86400000},\"queryType\":0,\"resourceType\":\"microsoft.operationalinsights/workspaces\"},\"name\":\"IOC by Type\"},{\"type\":3,\"content\":{\"version\":\"KqlItem/1.0\",\"query\":\"VisaThreatIntelligenceIOC_CL \\n| summarize Count=count() by SourceSeverity\\n| render barchart\",\"size\":0,\"title\":\"IOC by Severity\",\"timeContext\":{\"durationMs\":86400000},\"queryType\":0,\"resourceType\":\"microsoft.operationalinsights/workspaces\"},\"name\":\"IOC by Severity\"},{\"type\":3,\"content\":{\"version\":\"KqlItem/1.0\",\"query\":\"VisaThreatIntelligenceIOC_CL \\n| summarize Count=count() by Classification\\n| render barchart\",\"size\":0,\"title\":\"IOC Classification\",\"timeContext\":{\"durationMs\":86400000},\"queryType\":0,\"resourceType\":\"microsoft.operationalinsights/workspaces\"},\"name\":\"IOC Classification\"}],\"$schema\":\"https://github.com/Microsoft/Application-Insights-Workbooks/blob/master/schema/workbook.json\",\"fromTemplateId\":\"sentinel-VisaThreatIntelligence\"}\n",
                "version": "1.0",
                "sourceId": "[variables('workspaceResourceId')]",
                "category": "sentinel"
              }
            },
            {
              "type": "Microsoft.OperationalInsights/workspaces/providers/metadata",
              "apiVersion": "2023-04-01-preview",
              "name": "[concat(parameters('workspace'),'/Microsoft.SecurityInsights/',concat('Workbook-', last(split(variables('workbookId1'),'/'))))]",
              "properties": {
                "description": ".description",
                "parentId": "[variables('workbookId1')]",
                "contentId": "[variables('_workbookContentId1')]",
                "kind": "Workbook",
                "version": "[variables('workbookVersion1')]",
                "source": {
                  "kind": "Solution",
                  "name": "Visa Threat Intelligence (VTI)",
                  "sourceId": "[variables('_solutionId')]"
                },
                "author": {
                  "name": "Microsoft",
                  "email": "[variables('_email')]"
                },
                "support": {
                  "name": "Microsoft Corporation",
                  "email": "support@microsoft.com",
                  "tier": "Microsoft",
                  "link": "https://support.microsoft.com"
                }
              }
            }
          ]
        },
        "packageKind": "Solution",
        "packageVersion": "[variables('_solutionVersion')]",
        "packageName": "[variables('_solutionName')]",
        "packageId": "[variables('_solutionId')]",
        "contentSchemaVersion": "3.0.0",
        "contentId": "[variables('_workbookContentId1')]",
        "contentKind": "Workbook",
        "displayName": "[parameters('workbook1-name')]",
        "contentProductId": "[variables('_workbookcontentProductId1')]",
        "id": "[variables('_workbookcontentProductId1')]",
        "version": "[variables('workbookVersion1')]"
      }
    },
    {
      "type": "Microsoft.OperationalInsights/workspaces/providers/contentPackages",
      "apiVersion": "2023-04-01-preview",
      "location": "[parameters('workspace-location')]",
      "properties": {
        "version": "3.0.0",
        "kind": "Solution",
        "contentSchemaVersion": "3.0.0",
        "displayName": "Visa Threat Intelligence (VTI)",
        "publisherDisplayName": "Microsoft Sentinel, Microsoft Corporation",
        "descriptionHtml": "<p><strong>Note:</strong> Please refer to the following before installing the solution:</p>\n<p>• Review the solution <a href=\"https://github.com/Azure/Azure-Sentinel/tree/master/Solutions/Visa%20Threat%20Intelligence%20%28VTI%29/ReleaseNotes.md\">Release Notes</a></p>\n<p>• There may be <a href=\"https://aka.ms/sentinelsolutionsknownissues\">known issues</a> pertaining to this Solution, please refer to them before installing.</p>\n<p>Visa Threat Intelligence (VTI) is a Microsoft Sentinel solution that provides insights into global cyber threats, leveraging Visa's extensive threat intelligence data. This solution enables security teams to proactively identify and respond to emerging threats, enhancing their overall security posture. By integrating VTI with Microsoft Sentinel, organizations can benefit from real-time threat intelligence, advanced analytics, and automated response capabilities to protect their digital assets effectively.</p>\n<p><strong>Workbooks:</strong> 1, <strong>Analytic Rules:</strong> 2</p>\n<p><a href=\"https://aka.ms/azuresentinel\">Learn more about Microsoft Sentinel</a> | <a href=\"https://aka.ms/azuresentinelsolutionsdoc\">Learn more about Solutions</a></p>\n",
        "contentKind": "Solution",
        "contentProductId": "[variables('_solutioncontentProductId')]",
        "id": "[variables('_solutioncontentProductId')]",
        "icon": "<img src=\"https://raw.githubusercontent.com/Azure/Azure-Sentinel/master/Logos/Visa_VTI_Logo.svg\" width=\"75px\" height=\"75px\">",
        "contentId": "[variables('_solutionId')]",
        "parentId": "[variables('_solutionId')]",
        "source": {
          "kind": "Solution",
          "name": "Visa Threat Intelligence (VTI)",
          "sourceId": "[variables('_solutionId')]"
        },
        "author": {
          "name": "Microsoft",
          "email": "[variables('_email')]"
        },
        "support": {
          "name": "Microsoft Corporation",
          "email": "support@microsoft.com",
          "tier": "Microsoft",
          "link": "https://support.microsoft.com"
        },
        "dependencies": {
          "operator": "AND",
          "criteria": [
            {
              "kind": "AnalyticsRule",
              "contentId": "[variables('analyticRuleObject1')._analyticRulecontentId1]",
              "version": "[variables('analyticRuleObject1').analyticRuleVersion1]"
            },
            {
              "kind": "AnalyticsRule",
              "contentId": "[variables('analyticRuleObject2')._analyticRulecontentId2]",
              "version": "[variables('analyticRuleObject2').analyticRuleVersion2]"
            },
            {
              "kind": "Workbook",
              "contentId": "[variables('_workbookContentId1')]",
              "version": "[variables('workbookVersion1')]"
            }
          ]
        },
        "firstPublishDate": "2026-02-20",
        "lastPublishDate": "2026-02-20",
        "providers": [
          "Visa"
        ],
        "categories": {
          "domains": [
            "Security - Threat Intelligence"
          ]
        }
      },
      "name": "[concat(parameters('workspace'),'/Microsoft.SecurityInsights/', variables('_solutionId'))]"
    }
  ],
  "outputs": {}
}
