{
  "$schema": "https://schema.management.azure.com/schemas/2019-04-01/deploymentTemplate.json#",
  "contentVersion": "1.0.0.0",
  "metadata": {
    "author": "Trend Micro",
    "comments": "Solution template for Trend Micro TippingPoint"
  },
  "parameters": {
    "location": {
      "type": "string",
      "minLength": 1,
      "defaultValue": "[resourceGroup().location]",
      "metadata": {
        "description": "Not used, but needed to pass arm-ttk test `Location-Should-Not-Be-Hardcoded`.  We instead use the `workspace-location` which is derived from the LA workspace"
      }
    },
    "workspace-location": {
      "type": "string",
      "defaultValue": "",
      "metadata": {
        "description": "[concat('Region to deploy solution resources -- separate from location selection',parameters('location'))]"
      }
    },
    "workspace": {
      "defaultValue": "",
      "type": "string",
      "metadata": {
        "description": "Workspace name for Log Analytics where Microsoft Sentinel is setup"
      }
    }
  },
  "variables": {
    "solutionId": "trendmicro.trend_micro_tippingpoint_mss",
    "_solutionId": "[variables('solutionId')]",
    "workspaceResourceId": "[resourceId('microsoft.OperationalInsights/Workspaces', parameters('workspace'))]",
    "uiConfigId1": "TrendMicroTippingPoint",
    "_uiConfigId1": "[variables('uiConfigId1')]",
    "dataConnectorContentId1": "TrendMicroTippingPoint",
    "_dataConnectorContentId1": "[variables('dataConnectorContentId1')]",
    "dataConnectorId1": "[extensionResourceId(resourceId('Microsoft.OperationalInsights/workspaces', parameters('workspace')), 'Microsoft.SecurityInsights/dataConnectors', variables('_dataConnectorContentId1'))]",
    "_dataConnectorId1": "[variables('dataConnectorId1')]",
    "dataConnectorTemplateSpecName1": "[concat(parameters('workspace'),'-dc-',uniquestring(variables('_dataConnectorContentId1')))]",
    "dataConnectorVersion1": "1.0.0",
    "parserVersion1": "1.0.0",
    "parserContentId1": "TrendMicroTippingPoint-Parser",
    "_parserContentId1": "[variables('parserContentId1')]",
    "parserName1": "TrendMicroTippingPoint",
    "_parserName1": "[concat(parameters('workspace'),'/',variables('parserName1'))]",
    "parserId1": "[resourceId('Microsoft.OperationalInsights/workspaces/savedSearches', parameters('workspace'), variables('parserName1'))]",
    "_parserId1": "[variables('parserId1')]",
    "parserTemplateSpecName1": "[concat(parameters('workspace'),'-pr-',uniquestring(variables('_parserContentId1')))]"
  },
  "resources": [
    {
      "type": "Microsoft.Resources/templateSpecs",
      "apiVersion": "2021-05-01",
      "name": "[variables('dataConnectorTemplateSpecName1')]",
      "location": "[parameters('workspace-location')]",
      "tags": {
        "hidden-sentinelWorkspaceId": "[variables('workspaceResourceId')]",
        "hidden-sentinelContentType": "DataConnector"
      },
      "properties": {
        "description": "Trend Micro TippingPoint data connector with template",
        "displayName": "Trend Micro TippingPoint template"
      }
    },
    {
      "type": "Microsoft.Resources/templateSpecs/versions",
      "apiVersion": "2021-05-01",
      "name": "[concat(variables('dataConnectorTemplateSpecName1'),'/',variables('dataConnectorVersion1'))]",
      "location": "[parameters('workspace-location')]",
      "tags": {
        "hidden-sentinelWorkspaceId": "[variables('workspaceResourceId')]",
        "hidden-sentinelContentType": "DataConnector"
      },
      "dependsOn": [
        "[resourceId('Microsoft.Resources/templateSpecs', variables('dataConnectorTemplateSpecName1'))]"
      ],
      "properties": {
        "description": "Trend Micro TippingPoint data connector with template version 2.0.0",
        "mainTemplate": {
          "$schema": "https://schema.management.azure.com/schemas/2019-04-01/deploymentTemplate.json#",
          "contentVersion": "[variables('dataConnectorVersion1')]",
          "parameters": {},
          "variables": {},
          "resources": [
            {
              "name": "[concat(parameters('workspace'),'/Microsoft.SecurityInsights/',variables('_dataConnectorContentId1'))]",
              "apiVersion": "2021-03-01-preview",
              "type": "Microsoft.OperationalInsights/workspaces/providers/dataConnectors",
              "location": "[parameters('workspace-location')]",
              "kind": "GenericUI",
              "properties": {
                "connectorUiConfig": {
                  "id": "[variables('_uiConfigId1')]",
                  "title": "Trend Micro TippingPoint",
                  "publisher": "Trend Micro",
                  "descriptionMarkdown": "The Trend Micro TippingPoint connector allows you to easily connect your TippingPoint SMS IPS events with Microsoft Sentinel, to view dashboards, create custom alerts, and improve investigation. This gives you more insight into your organization's networks/systems and improves your security operation capabilities.",
                  "additionalRequirementBanner": "These queries and workbooks are dependent on Kusto functions to work as expected. Follow the steps to use the Kusto functions alias \"TrendMicroTippingPoint\" \nin queries and workbooks. [Follow these steps to get this Kusto function.](https://aka.ms/sentinel-trendmicrotippingpoint-function)",
                  "graphQueries": [
                    {
                      "metricName": "Total data received",
                      "legend": "TrendMicroTippingPoint",
                      "baseQuery": "\nTrendMicroTippingPoint\n"
                    }
                  ],
                  "sampleQueries": [
                    {
                      "description": "TippingPoint IPS Events",
                      "query": "\nTrendMicroTippingPoint\n\n            | sort by TimeGenerated"
                    },
                    {
                      "description": "Top IPS Events",
                      "query": "\nTrendMicroTippingPoint\n\n            | summarize EventCountTotal = sum(EventCount) by DeviceEventClassID, Activity, SimplifiedDeviceAction\n            | sort by EventCountTotal desc"
                    },
                    {
                      "description": "Top Source IP for IPS Events",
                      "query": "\nTrendMicroTippingPoint\n\n            | summarize EventCountTotal = sum(EventCount) by SourceIP\n            | sort by EventCountTotal desc"
                    },
                    {
                      "description": "Top Destination IP for IPS Events",
                      "query": "\nTrendMicroTippingPoint\n\n            | summarize EventCountTotal = sum(EventCount) by DestinationIP\n            | sort by EventCountTotal desc"
                    }
                  ],
                  "connectivityCriterias": [
                    {
                      "type": "IsConnectedQuery",
                      "value": [
                        "\nTrendMicroTippingPoint\n\n            | summarize LastLogReceived = max(TimeGenerated)\n            | project IsConnected = LastLogReceived > ago(30d)"
                      ]
                    }
                  ],
                  "dataTypes": [
                    {
                      "name": "CommonSecurityLog (TrendMicroTippingPoint)",
                      "lastDataReceivedQuery": "\nTrendMicroTippingPoint\n\n            | summarize Time = max(TimeGenerated)\n            | where isnotempty(Time)"
                    }
                  ],
                  "availability": {
                    "status": 1,
                    "isPreview": false
                  },
                  "permissions": {
                    "resourceProvider": [
                      {
                        "provider": "Microsoft.OperationalInsights/workspaces",
                        "permissionsDisplayText": "read and write permissions are required.",
                        "providerDisplayName": "Workspace",
                        "scope": "Workspace",
                        "requiredPermissions": {
                          "read": true,
                          "write": true,
                          "delete": true
                        }
                      },
                      {
                        "provider": "Microsoft.OperationalInsights/workspaces/sharedKeys",
                        "permissionsDisplayText": "read permissions to shared keys for the workspace are required. [See the documentation to learn more about workspace keys](https://docs.microsoft.com/azure/azure-monitor/platform/agent-windows#obtain-workspace-id-and-key).",
                        "providerDisplayName": "Keys",
                        "scope": "Workspace",
                        "requiredPermissions": {
                          "action": true
                        }
                      }
                    ]
                  },
                  "instructionSteps": [
                    {
                      "description": ">**NOTE:** This data connector depends on a parser based on a Kusto Function to work as expected. [Follow these steps](https://aka.ms/sentinel-trendmicrotippingpoint-function) to create the Kusto functions alias, **TrendMicroTippingPoint**"
                    },
                    {
                      "description": "Install and configure the Linux agent to collect your Common Event Format (CEF) Syslog messages and forward them to Microsoft Sentinel.\n\n> Notice that the data from all regions will be stored in the selected workspace",
                      "innerSteps": [
                        {
                          "title": "1.1 Select or create a Linux machine",
                          "description": "Select or create a Linux machine that Microsoft Sentinel will use as the proxy between your security solution and Microsoft Sentinel this machine can be on your on-prem environment, Azure or other clouds."
                        },
                        {
                          "title": "1.2 Install the CEF collector on the Linux machine",
                          "description": "Install the Microsoft Monitoring Agent on your Linux machine and configure the machine to listen on the necessary port and forward messages to your Microsoft Sentinel workspace. The CEF collector collects CEF messages on port 514 TCP.\n\n> 1. Make sure that you have Python on your machine using the following command: python -version.\n\n> 2. You must have elevated permissions (sudo) on your machine.",
                          "instructions": [
                            {
                              "parameters": {
                                "fillWith": [
                                  "WorkspaceId",
                                  "PrimaryKey"
                                ],
                                "label": "Run the following command to install and apply the CEF collector:",
                                "value": "sudo wget -O cef_installer.py https://raw.githubusercontent.com/Azure/Azure-Sentinel/master/DataConnectors/CEF/cef_installer.py&&sudo python cef_installer.py {0} {1}"
                              },
                              "type": "CopyableLabel"
                            }
                          ]
                        }
                      ],
                      "title": "1. Linux Syslog agent configuration"
                    },
                    {
                      "description": "Set your TippingPoint SMS to send Syslog messages in ArcSight CEF Format v4.2 format to the proxy machine. Make sure you to send the logs to port 514 TCP on the machine's IP address.",
                      "title": "2. Forward Trend Micro TippingPoint SMS logs to Syslog agent"
                    },
                    {
                      "description": "Follow the instructions to validate your connectivity:\n\nOpen Log Analytics to check if the logs are received using the CommonSecurityLog schema.\n\n>It may take about 20 minutes until the connection streams data to your workspace.\n\nIf the logs are not received, run the following connectivity validation script:\n\n> 1. Make sure that you have Python on your machine using the following command: python -version\n\n>2. You must have elevated permissions (sudo) on your machine",
                      "instructions": [
                        {
                          "parameters": {
                            "fillWith": [
                              "WorkspaceId"
                            ],
                            "label": "Run the following command to validate your connectivity:",
                            "value": "sudo wget  -O cef_troubleshoot.py https://raw.githubusercontent.com/Azure/Azure-Sentinel/master/DataConnectors/CEF/cef_troubleshoot.py&&sudo python cef_troubleshoot.py  {0}"
                          },
                          "type": "CopyableLabel"
                        }
                      ],
                      "title": "3. Validate connection"
                    },
                    {
                      "description": "Make sure to configure the machine's security according to your organization's security policy\n\n\n[Learn more >](https://aka.ms/SecureCEF)",
                      "title": "4. Secure your machine "
                    }
                  ],
                  "metadata": {
                    "id": "78cd5319-f6b0-4428-be45-5dea94c8ec83",
                    "version": "1.0.0",
                    "kind": "dataConnector",
                    "source": {
                      "kind": "community"
                    },
                    "author": {
                      "name": "Trend Micro"
                    },
                    "support": {
                      "name": "Trend Micro",
                      "link": "https://success.trendmicro.com/technical-support",
                      "tier": "developer"
                    }
                  }
                }
              }
            },
            {
              "type": "Microsoft.OperationalInsights/workspaces/providers/metadata",
              "apiVersion": "2022-01-01-preview",
              "name": "[concat(parameters('workspace'),'/Microsoft.SecurityInsights/',concat('DataConnector-', last(split(variables('_dataConnectorId1'),'/'))))]",
              "properties": {
                "parentId": "[extensionResourceId(resourceId('Microsoft.OperationalInsights/workspaces', parameters('workspace')), 'Microsoft.SecurityInsights/dataConnectors', variables('_dataConnectorContentId1'))]",
                "contentId": "[variables('_dataConnectorContentId1')]",
                "kind": "DataConnector",
                "version": "[variables('dataConnectorVersion1')]",
                "source": {
                  "kind": "Solution",
                  "name": "Trend Micro TippingPoint",
                  "sourceId": "[variables('_solutionId')]"
                },
                "author": {
                  "name": "Trend Micro"
                },
                "support": {
                  "name": "Trend Micro",
                  "tier": "Partner",
                  "link": "https://success.trendmicro.com/dcx/s/contactus?language=en_US"
                }
              }
            }
          ]
        }
      }
    },
    {
      "type": "Microsoft.OperationalInsights/workspaces/providers/metadata",
      "apiVersion": "2022-01-01-preview",
      "name": "[concat(parameters('workspace'),'/Microsoft.SecurityInsights/',concat('DataConnector-', last(split(variables('_dataConnectorId1'),'/'))))]",
      "dependsOn": [
        "[variables('_dataConnectorId1')]"
      ],
      "location": "[parameters('workspace-location')]",
      "properties": {
        "parentId": "[extensionResourceId(resourceId('Microsoft.OperationalInsights/workspaces', parameters('workspace')), 'Microsoft.SecurityInsights/dataConnectors', variables('_dataConnectorContentId1'))]",
        "contentId": "[variables('_dataConnectorContentId1')]",
        "kind": "DataConnector",
        "version": "[variables('dataConnectorVersion1')]",
        "source": {
          "kind": "Solution",
          "name": "Trend Micro TippingPoint",
          "sourceId": "[variables('_solutionId')]"
        },
        "author": {
          "name": "Trend Micro"
        },
        "support": {
          "name": "Trend Micro",
          "tier": "Partner",
          "link": "https://success.trendmicro.com/dcx/s/contactus?language=en_US"
        }
      }
    },
    {
      "name": "[concat(parameters('workspace'),'/Microsoft.SecurityInsights/',variables('_dataConnectorContentId1'))]",
      "apiVersion": "2021-03-01-preview",
      "type": "Microsoft.OperationalInsights/workspaces/providers/dataConnectors",
      "location": "[parameters('workspace-location')]",
      "kind": "GenericUI",
      "properties": {
        "connectorUiConfig": {
          "title": "Trend Micro TippingPoint",
          "publisher": "Trend Micro",
          "descriptionMarkdown": "The Trend Micro TippingPoint connector allows you to easily connect your TippingPoint SMS IPS events with Microsoft Sentinel, to view dashboards, create custom alerts, and improve investigation. This gives you more insight into your organization's networks/systems and improves your security operation capabilities.",
          "graphQueries": [
            {
              "metricName": "Total data received",
              "legend": "TrendMicroTippingPoint",
              "baseQuery": "\nTrendMicroTippingPoint\n"
            }
          ],
          "dataTypes": [
            {
              "name": "CommonSecurityLog (TrendMicroTippingPoint)",
              "lastDataReceivedQuery": "\nTrendMicroTippingPoint\n\n            | summarize Time = max(TimeGenerated)\n            | where isnotempty(Time)"
            }
          ],
          "connectivityCriterias": [
            {
              "type": "IsConnectedQuery",
              "value": [
                "\nTrendMicroTippingPoint\n\n            | summarize LastLogReceived = max(TimeGenerated)\n            | project IsConnected = LastLogReceived > ago(30d)"
              ]
            }
          ],
          "sampleQueries": [
            {
              "description": "TippingPoint IPS Events",
              "query": "\nTrendMicroTippingPoint\n\n            | sort by TimeGenerated"
            },
            {
              "description": "Top IPS Events",
              "query": "\nTrendMicroTippingPoint\n\n            | summarize EventCountTotal = sum(EventCount) by DeviceEventClassID, Activity, SimplifiedDeviceAction\n            | sort by EventCountTotal desc"
            },
            {
              "description": "Top Source IP for IPS Events",
              "query": "\nTrendMicroTippingPoint\n\n            | summarize EventCountTotal = sum(EventCount) by SourceIP\n            | sort by EventCountTotal desc"
            },
            {
              "description": "Top Destination IP for IPS Events",
              "query": "\nTrendMicroTippingPoint\n\n            | summarize EventCountTotal = sum(EventCount) by DestinationIP\n            | sort by EventCountTotal desc"
            }
          ],
          "availability": {
            "status": 1,
            "isPreview": false
          },
          "permissions": {
            "resourceProvider": [
              {
                "provider": "Microsoft.OperationalInsights/workspaces",
                "permissionsDisplayText": "read and write permissions are required.",
                "providerDisplayName": "Workspace",
                "scope": "Workspace",
                "requiredPermissions": {
                  "read": true,
                  "write": true,
                  "delete": true
                }
              },
              {
                "provider": "Microsoft.OperationalInsights/workspaces/sharedKeys",
                "permissionsDisplayText": "read permissions to shared keys for the workspace are required. [See the documentation to learn more about workspace keys](https://docs.microsoft.com/azure/azure-monitor/platform/agent-windows#obtain-workspace-id-and-key).",
                "providerDisplayName": "Keys",
                "scope": "Workspace",
                "requiredPermissions": {
                  "action": true
                }
              }
            ]
          },
          "instructionSteps": [
            {
              "description": ">**NOTE:** This data connector depends on a parser based on a Kusto Function to work as expected. [Follow these steps](https://aka.ms/sentinel-trendmicrotippingpoint-function) to create the Kusto functions alias, **TrendMicroTippingPoint**"
            },
            {
              "description": "Install and configure the Linux agent to collect your Common Event Format (CEF) Syslog messages and forward them to Microsoft Sentinel.\n\n> Notice that the data from all regions will be stored in the selected workspace",
              "innerSteps": [
                {
                  "title": "1.1 Select or create a Linux machine",
                  "description": "Select or create a Linux machine that Microsoft Sentinel will use as the proxy between your security solution and Microsoft Sentinel this machine can be on your on-prem environment, Azure or other clouds."
                },
                {
                  "title": "1.2 Install the CEF collector on the Linux machine",
                  "description": "Install the Microsoft Monitoring Agent on your Linux machine and configure the machine to listen on the necessary port and forward messages to your Microsoft Sentinel workspace. The CEF collector collects CEF messages on port 514 TCP.\n\n> 1. Make sure that you have Python on your machine using the following command: python -version.\n\n> 2. You must have elevated permissions (sudo) on your machine.",
                  "instructions": [
                    {
                      "parameters": {
                        "fillWith": [
                          "WorkspaceId",
                          "PrimaryKey"
                        ],
                        "label": "Run the following command to install and apply the CEF collector:",
                        "value": "sudo wget -O cef_installer.py https://raw.githubusercontent.com/Azure/Azure-Sentinel/master/DataConnectors/CEF/cef_installer.py&&sudo python cef_installer.py {0} {1}"
                      },
                      "type": "CopyableLabel"
                    }
                  ]
                }
              ],
              "title": "1. Linux Syslog agent configuration"
            },
            {
              "description": "Set your TippingPoint SMS to send Syslog messages in ArcSight CEF Format v4.2 format to the proxy machine. Make sure you to send the logs to port 514 TCP on the machine's IP address.",
              "title": "2. Forward Trend Micro TippingPoint SMS logs to Syslog agent"
            },
            {
              "description": "Follow the instructions to validate your connectivity:\n\nOpen Log Analytics to check if the logs are received using the CommonSecurityLog schema.\n\n>It may take about 20 minutes until the connection streams data to your workspace.\n\nIf the logs are not received, run the following connectivity validation script:\n\n> 1. Make sure that you have Python on your machine using the following command: python -version\n\n>2. You must have elevated permissions (sudo) on your machine",
              "instructions": [
                {
                  "parameters": {
                    "fillWith": [
                      "WorkspaceId"
                    ],
                    "label": "Run the following command to validate your connectivity:",
                    "value": "sudo wget  -O cef_troubleshoot.py https://raw.githubusercontent.com/Azure/Azure-Sentinel/master/DataConnectors/CEF/cef_troubleshoot.py&&sudo python cef_troubleshoot.py  {0}"
                  },
                  "type": "CopyableLabel"
                }
              ],
              "title": "3. Validate connection"
            },
            {
              "description": "Make sure to configure the machine's security according to your organization's security policy\n\n\n[Learn more >](https://aka.ms/SecureCEF)",
              "title": "4. Secure your machine "
            }
          ],
          "id": "[extensionResourceId(resourceId('Microsoft.OperationalInsights/workspaces', parameters('workspace')), 'Microsoft.SecurityInsights/dataConnectors', variables('_uiConfigId1'))]",
          "additionalRequirementBanner": "These queries and workbooks are dependent on Kusto functions to work as expected. Follow the steps to use the Kusto functions alias \"TrendMicroTippingPoint\" \nin queries and workbooks. [Follow these steps to get this Kusto function.](https://aka.ms/sentinel-trendmicrotippingpoint-function)"
        }
      }
    },
    {
      "type": "Microsoft.Resources/templateSpecs",
      "apiVersion": "2021-05-01",
      "name": "[variables('parserTemplateSpecName1')]",
      "location": "[parameters('workspace-location')]",
      "tags": {
        "hidden-sentinelWorkspaceId": "[variables('workspaceResourceId')]",
        "hidden-sentinelContentType": "Parser"
      },
      "properties": {
        "description": "TrendMicroTippingPoint Data Parser with template",
        "displayName": "TrendMicroTippingPoint Data Parser template"
      }
    },
    {
      "type": "Microsoft.Resources/templateSpecs/versions",
      "apiVersion": "2021-05-01",
      "name": "[concat(variables('parserTemplateSpecName1'),'/',variables('parserVersion1'))]",
      "location": "[parameters('workspace-location')]",
      "tags": {
        "hidden-sentinelWorkspaceId": "[variables('workspaceResourceId')]",
        "hidden-sentinelContentType": "Parser"
      },
      "dependsOn": [
        "[resourceId('Microsoft.Resources/templateSpecs', variables('parserTemplateSpecName1'))]"
      ],
      "properties": {
        "description": "TrendMicroTippingPoint Data Parser with template version 2.0.0",
        "mainTemplate": {
          "$schema": "https://schema.management.azure.com/schemas/2019-04-01/deploymentTemplate.json#",
          "contentVersion": "[variables('parserVersion1')]",
          "parameters": {},
          "variables": {},
          "resources": [
            {
              "name": "[variables('_parserName1')]",
              "apiVersion": "2020-08-01",
              "type": "Microsoft.OperationalInsights/workspaces/savedSearches",
              "location": "[parameters('workspace-location')]",
              "properties": {
                "eTag": "*",
                "displayName": "TrendMicroTippingPoint",
                "category": "Samples",
                "functionAlias": "TrendMicroTippingPoint",
                "query": "\nCommonSecurityLog\r\n| where DeviceProduct == \"UnityOne\"\r\n| extend DeviceCustomNumber1 = coalesce(column_ifexists(\"FieldDeviceCustomNumber1\", int(null)),DeviceCustomNumber1),\r\n         DeviceCustomNumber2 = coalesce(column_ifexists(\"FieldDeviceCustomNumber2\", int(null)),DeviceCustomNumber2),\r\n         DeviceCustomNumber3 = coalesce(column_ifexists(\"FieldDeviceCustomNumber3\", int(null)),DeviceCustomNumber3)\r\n| extend DeviceVendor = iff(DeviceVendor == \"TippingPoint\", \"Trend Micro\", DeviceVendor)\r\n| extend DeviceProduct = iff(DeviceProduct == \"UnityOne\", \"TippingPoint\", DeviceProduct)\r\n| parse AdditionalExtensions with \"cat=\" cat\r\n| extend cat = coalesce(column_ifexists(\"DeviceEventCategory\",\"\"),cat)\r\n| project-rename TippingPointVLAN = DeviceCustomNumber1, TippingPointTaxonomy = DeviceCustomNumber2, TippingPointPacketTrace = DeviceCustomNumber3, TippingPointProfileName = DeviceCustomString1, TippingPointPolicyUUID = DeviceCustomString2, TippingPointSignatureUUID = DeviceCustomString3, TippingPointZoneNames = DeviceCustomString4, TippingPointSMSName = DeviceCustomString5, TippingPointFilterMessageParms = DeviceCustomString6\r\n| project-away DeviceCustomIPv6Address1Label, DeviceCustomIPv6Address2Label, DeviceCustomIPv6Address3Label, DeviceCustomNumber1Label, DeviceCustomNumber2Label, DeviceCustomNumber3Label, DeviceCustomString1Label, DeviceCustomString2Label, DeviceCustomString3Label, DeviceCustomString4Label, DeviceCustomString5Label, DeviceCustomString6Label",
                "version": 1,
                "tags": [
                  {
                    "name": "description",
                    "value": "TrendMicroTippingPoint"
                  }
                ]
              }
            },
            {
              "type": "Microsoft.OperationalInsights/workspaces/providers/metadata",
              "apiVersion": "2022-01-01-preview",
              "name": "[concat(parameters('workspace'),'/Microsoft.SecurityInsights/',concat('Parser-', last(split(variables('_parserId1'),'/'))))]",
              "dependsOn": [
                "[variables('_parserName1')]"
              ],
              "properties": {
                "parentId": "[resourceId('Microsoft.OperationalInsights/workspaces/savedSearches', parameters('workspace'), variables('parserName1'))]",
                "contentId": "[variables('_parserContentId1')]",
                "kind": "Parser",
                "version": "[variables('parserVersion1')]",
                "source": {
                  "name": "Trend Micro TippingPoint",
                  "kind": "Solution",
                  "sourceId": "[variables('_solutionId')]"
                },
                "author": {
                  "name": "Trend Micro"
                },
                "support": {
                  "name": "Trend Micro",
                  "tier": "Partner",
                  "link": "https://success.trendmicro.com/dcx/s/contactus?language=en_US"
                }
              }
            }
          ]
        }
      }
    },
    {
      "type": "Microsoft.OperationalInsights/workspaces/savedSearches",
      "apiVersion": "2021-06-01",
      "name": "[variables('_parserName1')]",
      "location": "[parameters('workspace-location')]",
      "properties": {
        "eTag": "*",
        "displayName": "TrendMicroTippingPoint",
        "category": "Samples",
        "functionAlias": "TrendMicroTippingPoint",
        "query": "\nCommonSecurityLog\r\n| where DeviceProduct == \"UnityOne\"\r\n| extend DeviceCustomNumber1 = coalesce(column_ifexists(\"FieldDeviceCustomNumber1\", int(null)),DeviceCustomNumber1),\r\n         DeviceCustomNumber2 = coalesce(column_ifexists(\"FieldDeviceCustomNumber2\", int(null)),DeviceCustomNumber2),\r\n         DeviceCustomNumber3 = coalesce(column_ifexists(\"FieldDeviceCustomNumber3\", int(null)),DeviceCustomNumber3)\r\n| extend DeviceVendor = iff(DeviceVendor == \"TippingPoint\", \"Trend Micro\", DeviceVendor)\r\n| extend DeviceProduct = iff(DeviceProduct == \"UnityOne\", \"TippingPoint\", DeviceProduct)\r\n| parse AdditionalExtensions with \"cat=\" cat\r\n| extend cat = coalesce(column_ifexists(\"DeviceEventCategory\",\"\"),cat)\r\n| project-rename TippingPointVLAN = DeviceCustomNumber1, TippingPointTaxonomy = DeviceCustomNumber2, TippingPointPacketTrace = DeviceCustomNumber3, TippingPointProfileName = DeviceCustomString1, TippingPointPolicyUUID = DeviceCustomString2, TippingPointSignatureUUID = DeviceCustomString3, TippingPointZoneNames = DeviceCustomString4, TippingPointSMSName = DeviceCustomString5, TippingPointFilterMessageParms = DeviceCustomString6\r\n| project-away DeviceCustomIPv6Address1Label, DeviceCustomIPv6Address2Label, DeviceCustomIPv6Address3Label, DeviceCustomNumber1Label, DeviceCustomNumber2Label, DeviceCustomNumber3Label, DeviceCustomString1Label, DeviceCustomString2Label, DeviceCustomString3Label, DeviceCustomString4Label, DeviceCustomString5Label, DeviceCustomString6Label",
        "version": 1
      }
    },
    {
      "type": "Microsoft.OperationalInsights/workspaces/providers/metadata",
      "apiVersion": "2022-01-01-preview",
      "location": "[parameters('workspace-location')]",
      "name": "[concat(parameters('workspace'),'/Microsoft.SecurityInsights/',concat('Parser-', last(split(variables('_parserId1'),'/'))))]",
      "dependsOn": [
        "[variables('_parserId1')]"
      ],
      "properties": {
        "parentId": "[resourceId('Microsoft.OperationalInsights/workspaces/savedSearches', parameters('workspace'), variables('parserName1'))]",
        "contentId": "[variables('_parserContentId1')]",
        "kind": "Parser",
        "version": "[variables('parserVersion1')]",
        "source": {
          "kind": "Solution",
          "name": "Trend Micro TippingPoint",
          "sourceId": "[variables('_solutionId')]"
        },
        "author": {
          "name": "Trend Micro"
        },
        "support": {
          "name": "Trend Micro",
          "tier": "Partner",
          "link": "https://success.trendmicro.com/dcx/s/contactus?language=en_US"
        }
      }
    },
    {
      "type": "Microsoft.OperationalInsights/workspaces/providers/metadata",
      "apiVersion": "2022-01-01-preview",
      "location": "[parameters('workspace-location')]",
      "properties": {
        "version": "2.0.0",
        "kind": "Solution",
        "contentSchemaVersion": "2.0.0",
        "contentId": "[variables('_solutionId')]",
        "parentId": "[variables('_solutionId')]",
        "source": {
          "kind": "Solution",
          "name": "Trend Micro TippingPoint",
          "sourceId": "[variables('_solutionId')]"
        },
        "author": {
          "name": "Trend Micro"
        },
        "support": {
          "name": "Trend Micro",
          "tier": "Partner",
          "link": "https://success.trendmicro.com/dcx/s/contactus?language=en_US"
        },
        "dependencies": {
          "operator": "AND",
          "criteria": [
            {
              "kind": "DataConnector",
              "contentId": "[variables('_dataConnectorContentId1')]",
              "version": "[variables('dataConnectorVersion1')]"
            },
            {
              "kind": "Parser",
              "contentId": "[variables('_parserContentId1')]",
              "version": "[variables('parserVersion1')]"
            }
          ]
        },
        "firstPublishDate": "2022-05-02",
        "providers": [
          "Trend Micro"
        ],
        "categories": {
          "domains": [
            "Security - Threat Protection"
          ]
        }
      },
      "name": "[concat(parameters('workspace'),'/Microsoft.SecurityInsights/', variables('_solutionId'))]"
    }
  ],
  "outputs": {}
}
