{
  "$schema": "https://schema.management.azure.com/schemas/0.1.2-preview/CreateUIDefinition.MultiVm.json#",
  "handler": "Microsoft.Azure.CreateUIDef",
  "version": "0.1.2-preview",
  "parameters": {
    "config": {
      "isWizard": false,
      "basics": {
        "description": "<img src=\"https://raw.githubusercontent.com/Azure/Azure-Sentinel/master/Logos/joesandbox.svg\" width=\"75\" height=\"75\" >\n\n**Important:** _This Microsoft Sentinel Solution is currently in public preview. This feature is provided without a service level agreement, and it's not recommended for production workloads. Certain features might not be supported or might have constrained capabilities. For more information, see [Supplemental Terms of Use for Microsoft Azure Previews](https://azure.microsoft.com/support/legal/preview-supplemental-terms/)._\n\n**Note:** _There may be [known issues](https://aka.ms/sentinelsolutionsknownissues) pertaining to this Solution, please refer to them before installing._\n\n The JoeSandbox Connector for Microsoft Sentinel enhances security operations by providing enriched threat intelligence, enabling faster and more informed responses to security incidents. The integration has two main parts: first, URL detonation and enrichment, which provides detailed insights into suspicious URLs. Second, it automatically generates and feeds threat intelligence for all submissions to JoeSandbox, improving threat detection and incident response in Sentinel. This seamless integration empowers teams to proactively address emerging threats.\n\nMicrosoft Sentinel Solutions provide a consolidated way to acquire Microsoft Sentinel content like data connectors, workbooks, analytics, and automations in your workspace with a single deployment step.\n\n**Data Connectors:** 1, {{LogicAppCustomConnectorCount}}{{FunctionAppsCount}}**Playbooks:** 3\n\n[Learn more about Microsoft Sentinel](https://aka.ms/azuresentinel) | [Learn more about Solutions](https://aka.ms/azuresentinelsolutionsdoc)",
        "subscription": {
          "resourceProviders": [
            "Microsoft.OperationsManagement/solutions",
            "Microsoft.OperationalInsights/workspaces/providers/alertRules",
            "Microsoft.Insights/workbooks",
            "Microsoft.Logic/workflows"
          ]
        },
        "location": {
          "metadata": {
            "hidden": "Hiding location, we get it from the log analytics workspace"
          },
          "visible": false
        },
        "resourceGroup": {
          "allowExisting": true
        }
      }
    },
    "basics": [
      {
        "name": "getLAWorkspace",
        "type": "Microsoft.Solutions.ArmApiControl",
        "toolTip": "This filters by workspaces that exist in the Resource Group selected",
        "condition": "[greater(length(resourceGroup().name),0)]",
        "request": {
          "method": "GET",
          "path": "[concat(subscription().id,'/providers/Microsoft.OperationalInsights/workspaces?api-version=2020-08-01')]"
        }
      },
      {
        "name": "workspace",
        "type": "Microsoft.Common.DropDown",
        "label": "Workspace",
        "placeholder": "Select a workspace",
        "toolTip": "This dropdown will list only workspace that exists in the Resource Group selected",
        "constraints": {
          "allowedValues": "[map(filter(basics('getLAWorkspace').value, (filter) => contains(toLower(filter.id), toLower(resourceGroup().name))), (item) => parse(concat('{\"label\":\"', item.name, '\",\"value\":\"', item.name, '\"}')))]",
          "required": true
        },
        "visible": true
      }
    ],
    "steps": [
      {
        "name": "dataconnectors",
        "label": "Data Connectors",
        "bladeTitle": "Data Connectors",
        "elements": [
          {
            "name": "dataconnectors1-text",
            "type": "Microsoft.Common.TextBlock",
            "options": {
              "text": "This Solution installs the data connector for JoeSandbox. You can get JoeSandbox custom log data in your Microsoft Sentinel workspace. Configure and enable this data connector in the Data Connector gallery after this Solution deploys. This data connector creates custom log table(s) ThreatIntelligenceIndicator in your Microsoft Sentinel / Azure Log Analytics workspace."
            }
          },
          {
            "name": "dataconnectors-link1",
            "type": "Microsoft.Common.TextBlock",
            "options": {
              "link": {
                "label": "Learn more about normalized format",
                "uri": "https://docs.microsoft.com/azure/sentinel/normalization-schema"
              }
            }
          },
          {
            "name": "dataconnectors-link2",
            "type": "Microsoft.Common.TextBlock",
            "options": {
              "link": {
                "label": "Learn more about connecting data sources",
                "uri": "https://docs.microsoft.com/azure/sentinel/connect-data-sources"
              }
            }
          }
        ]
      },
      {
        "name": "playbooks",
        "label": "Playbooks",
        "subLabel": {
          "preValidation": "Configure the playbooks",
          "postValidation": "Done"
        },
        "bladeTitle": "Playbooks",
        "elements": [
          {
            "name": "playbooks-text",
            "type": "Microsoft.Common.TextBlock",
            "options": {
              "text": "This solution installs playbook resources.  A security playbook is a collection of procedures that can be run from Microsoft Sentinel in response to an alert. A security playbook can help automate and orchestrate your response, and can be run manually or set to run automatically when specific alerts are triggered. Security playbooks in Microsoft Sentinel are based on Azure Logic Apps, which means that you get all the power, customizability, and built-in templates of Logic Apps. Each playbook is created for the specific subscription you choose, but when you look at the Playbooks page, you will see all the playbooks across any selected subscriptions.",
              "link": {
                "label": "Learn more",
                "uri": "https://docs.microsoft.com/azure/sentinel/tutorial-respond-threats-playbook?WT.mc_id=Portal-Microsoft_Azure_CreateUIDef"
              }
            }
          },
          {
            "name": "playbook1",
            "type": "Microsoft.Common.Section",
            "label": null,
            "elements": [
              {
                "name": "playbook1-text",
                "type": "Microsoft.Common.TextBlock",
                "options": {
                  "text": "This playbook ingests events from JoeSandbox into Log Analytics using the API."
                }
              },
              {
                "name": "playbook1-JoeSandboxBaseURL",
                "type": "Microsoft.Common.TextBox",
                "label": "Joe Sandbox Base U R L",
                "defaultValue": "https://jbxcloud.joesecurity.org",
                "toolTip": "Please enter Joe Sandbox Base U R L",
                "constraints": {
                  "required": true,
                  "regex": "[a-z0-9A-Z]{1,256}$",
                  "validationMessage": "Please enter the Joe Sandbox Base U R L"
                }
              },
              {
                "name": "playbook1-JoeSandboxAPIKey",
                "type": "Microsoft.Common.PasswordBox",
                "label": {
                  "password": "ApiKey"
                },
                "toolTip": "ApiKey to connect to JoeSandbox API",
                "constraints": {
                  "required": true
                },
                "options": {
                  "hideConfirmation": true
                }
              },
              {
                "name": "playbook1-Resubmit",
                "type": "Microsoft.Common.TextBox",
                "label": "Resubmit",
                "defaultValue": true,
                "toolTip": "Please enter Resubmit",
                "constraints": {
                  "required": true,
                  "regex": "[a-z0-9A-Z]{1,256}$",
                  "validationMessage": "Please enter the Resubmit"
                }
              },
              {
                "name": "playbook1-FunctionAppName",
                "type": "Microsoft.Common.TextBox",
                "label": "Function App Name",
                "defaultValue": "joesandboxenrich",
                "toolTip": "Please enter Function App Name",
                "constraints": {
                  "required": true,
                  "regex": "[a-z0-9A-Z]{1,256}$",
                  "validationMessage": "Please enter the Function App Name"
                }
              },
              {
                "name": "playbook1-AppInsightsWorkspaceResourceID",
                "type": "Microsoft.Common.TextBox",
                "label": "App Insights Workspace Resource I D",
                "defaultValue": "",
                "toolTip": "Please enter App Insights Workspace Resource I D",
                "constraints": {
                  "required": true,
                  "regex": "[a-z0-9A-Z]{1,256}$",
                  "validationMessage": "Please enter the App Insights Workspace Resource I D"
                }
              }
            ]
          },
          {
            "name": "playbook2",
            "type": "Microsoft.Common.Section",
            "label": "JoeSandbox-Submit-Url-Sentinel-Incident",
            "elements": [
              {
                "name": "playbook2-text",
                "type": "Microsoft.Common.TextBlock",
                "options": {
                  "text": "This playbook ingests events from JoeSandbox into Log Analytics using the API."
                }
              },
              {
                "name": "playbook2-PlaybookName",
                "type": "Microsoft.Common.TextBox",
                "label": "Playbook Name",
                "defaultValue": "JoeSandbox-Submit-Url-Sentinel-Incident",
                "toolTip": "Resource name for the logic app playbook.  No spaces are allowed",
                "constraints": {
                  "required": true,
                  "regex": "[a-z0-9A-Z]{1,256}$",
                  "validationMessage": "Please enter a playbook resource name"
                }
              },
              {
                "name": "playbook2-WorkspaceID",
                "type": "Microsoft.Common.TextBox",
                "label": "Workspace I D",
                "defaultValue": "",
                "toolTip": "Please enter Workspace I D",
                "constraints": {
                  "required": true,
                  "regex": "[a-z0-9A-Z]{1,256}$",
                  "validationMessage": "Please enter the Workspace I D"
                }
              },
              {
                "name": "playbook2-FunctionAppName",
                "type": "Microsoft.Common.TextBox",
                "label": "Function App Name",
                "defaultValue": "joesandboxenrich",
                "toolTip": "Please enter Function App Name",
                "constraints": {
                  "required": true,
                  "regex": "[a-z0-9A-Z]{1,256}$",
                  "validationMessage": "Please enter the Function App Name"
                }
              }
            ]
          },
          {
            "name": "playbook3",
            "type": "Microsoft.Common.Section",
            "label": "JoeSandbox_Outlook_Attachment_Analysis",
            "elements": [
              {
                "name": "playbook3-text",
                "type": "Microsoft.Common.TextBlock",
                "options": {
                  "text": "This playbook ingests events from JoeSandbox into Log Analytics using the API."
                }
              },
              {
                "name": "playbook3-PlaybookName",
                "type": "Microsoft.Common.TextBox",
                "label": "Playbook Name",
                "defaultValue": "JoeSandbox_Outlook_Attachment_Analysis",
                "toolTip": "Resource name for the logic app playbook.  No spaces are allowed",
                "constraints": {
                  "required": true,
                  "regex": "[a-z0-9A-Z]{1,256}$",
                  "validationMessage": "Please enter a playbook resource name"
                }
              },
              {
                "name": "playbook3-WorkspaceName",
                "type": "Microsoft.Common.TextBox",
                "label": "Workspace Name",
                "defaultValue": "",
                "toolTip": "Please enter Workspace Name",
                "constraints": {
                  "required": true,
                  "regex": "[a-z0-9A-Z]{1,256}$",
                  "validationMessage": "Please enter the Workspace Name"
                }
              },
              {
                "name": "playbook3-WorkspaceID",
                "type": "Microsoft.Common.TextBox",
                "label": "Workspace I D",
                "defaultValue": "",
                "toolTip": "Please enter Workspace I D",
                "constraints": {
                  "required": true,
                  "regex": "[a-z0-9A-Z]{1,256}$",
                  "validationMessage": "Please enter the Workspace I D"
                }
              },
              {
                "name": "playbook3-FunctionAppName",
                "type": "Microsoft.Common.TextBox",
                "label": "Function App Name",
                "defaultValue": "joesandboxenrich",
                "toolTip": "Please enter Function App Name",
                "constraints": {
                  "required": true,
                  "regex": "[a-z0-9A-Z]{1,256}$",
                  "validationMessage": "Please enter the Function App Name"
                }
              }
            ]
          }
        ]
      }
    ],
    "outputs": {
      "workspace-location": "[first(map(filter(basics('getLAWorkspace').value, (filter) => and(contains(toLower(filter.id), toLower(resourceGroup().name)),equals(filter.name,basics('workspace')))), (item) => item.location))]",
      "location": "[location()]",
      "workspace": "[basics('workspace')]",
      "playbook1-JoeSandboxBaseURL": "[steps('playbooks').playbook1.playbook1-JoeSandboxBaseURL]",
      "playbook1-JoeSandboxAPIKey": "[steps('playbooks').playbook1.playbook1-JoeSandboxAPIKey]",
      "playbook1-Resubmit": "[steps('playbooks').playbook1.playbook1-Resubmit]",
      "playbook1-FunctionAppName": "[steps('playbooks').playbook1.playbook1-FunctionAppName]",
      "playbook1-AppInsightsWorkspaceResourceID": "[steps('playbooks').playbook1.playbook1-AppInsightsWorkspaceResourceID]",
      "playbook2-PlaybookName": "[steps('playbooks').playbook2.playbook2-PlaybookName]",
      "playbook2-WorkspaceID": "[steps('playbooks').playbook2.playbook2-WorkspaceID]",
      "playbook2-FunctionAppName": "[steps('playbooks').playbook2.playbook2-FunctionAppName]",
      "playbook3-PlaybookName": "[steps('playbooks').playbook3.playbook3-PlaybookName]",
      "playbook3-WorkspaceName": "[steps('playbooks').playbook3.playbook3-WorkspaceName]",
      "playbook3-WorkspaceID": "[steps('playbooks').playbook3.playbook3-WorkspaceID]",
      "playbook3-FunctionAppName": "[steps('playbooks').playbook3.playbook3-FunctionAppName]"
    }
  }
}
