{
  "generatedBy": "Microsoft.NET.Sdk.Functions.Generator-4.1.1",
  "configurationSource": "attributes",
  "bindings": [
    {
      "type": "timerTrigger",
      "schedule": "0 */5 * * * *",
      "useMonitor": true,
      "runOnStartup": false,
      "name": "myTimer"
    },
    {
      "type": "queue",
      "connection": "AzureWebJobsStorage",
      "queueName": "cohesity-incidents",
      "name": "outputQueueItem"
    }
  ],
  "disabled": false,
  "scriptFile": "../bin/Helios2Sentinel.dll",
  "entryPoint": "Helios2Sentinel.IncidentProducer.RunAsync"
}