{
  "$schema": "https://schema.management.azure.com/schemas/2019-04-01/deploymentTemplate.json#",
  "contentVersion": "1.0.0.0",
  "metadata": {
    "author": "WithSecure",
    "comments": "Solution template for WithSecureElementsViaFunction"
  },
  "parameters": {
    "location": {
      "type": "string",
      "minLength": 1,
      "defaultValue": "[resourceGroup().location]",
      "metadata": {
        "description": "Not used, but needed to pass arm-ttk test `Location-Should-Not-Be-Hardcoded`.  We instead use the `workspace-location` which is derived from the LA workspace"
      }
    },
    "workspace-location": {
      "type": "string",
      "defaultValue": "",
      "metadata": {
        "description": "[concat('Region to deploy solution resources -- separate from location selection',parameters('location'))]"
      }
    },
    "workspace": {
      "defaultValue": "",
      "type": "string",
      "metadata": {
        "description": "Workspace name for Log Analytics where Microsoft Sentinel is setup"
      }
    },
    "workbook1-name": {
      "type": "string",
      "defaultValue": "WithSecure - Top computers by infections",
      "minLength": 1,
      "metadata": {
        "description": "Name for the workbook"
      }
    }
  },
  "variables": {
    "_solutionName": "WithSecureElementsViaFunction",
    "_solutionVersion": "3.0.0",
    "solutionId": "withsecurecorporation.sentinel-solution-withsecure-via-function",
    "_solutionId": "[variables('solutionId')]",
    "workbookVersion1": "1.0",
    "workbookContentId1": "WithSecureTopComputersByInfection",
    "workbookId1": "[resourceId('Microsoft.Insights/workbooks', variables('workbookContentId1'))]",
    "workbookTemplateSpecName1": "[concat(parameters('workspace'),'/Microsoft.SecurityInsights/',concat(parameters('workspace'),'-wb-',uniquestring(variables('_workbookContentId1'))))]",
    "_workbookContentId1": "[variables('workbookContentId1')]",
    "workspaceResourceId": "[resourceId('microsoft.OperationalInsights/Workspaces', parameters('workspace'))]",
    "_workbookcontentProductId1": "[concat(take(variables('_solutionId'),50),'-','wb','-', uniqueString(concat(variables('_solutionId'),'-','Workbook','-',variables('_workbookContentId1'),'-', variables('workbookVersion1'))))]",
    "uiConfigId1": "WithSecureElementsViaFunction",
    "_uiConfigId1": "[variables('uiConfigId1')]",
    "dataConnectorContentId1": "WithSecureElementsViaFunction",
    "_dataConnectorContentId1": "[variables('dataConnectorContentId1')]",
    "dataConnectorId1": "[extensionResourceId(resourceId('Microsoft.OperationalInsights/workspaces', parameters('workspace')), 'Microsoft.SecurityInsights/dataConnectors', variables('_dataConnectorContentId1'))]",
    "_dataConnectorId1": "[variables('dataConnectorId1')]",
    "dataConnectorTemplateSpecName1": "[concat(parameters('workspace'),'/Microsoft.SecurityInsights/',concat(parameters('workspace'),'-dc-',uniquestring(variables('_dataConnectorContentId1'))))]",
    "dataConnectorVersion1": "1.0.0",
    "_dataConnectorcontentProductId1": "[concat(take(variables('_solutionId'),50),'-','dc','-', uniqueString(concat(variables('_solutionId'),'-','DataConnector','-',variables('_dataConnectorContentId1'),'-', variables('dataConnectorVersion1'))))]",
    "_solutioncontentProductId": "[concat(take(variables('_solutionId'),50),'-','sl','-', uniqueString(concat(variables('_solutionId'),'-','Solution','-',variables('_solutionId'),'-', variables('_solutionVersion'))))]"
  },
  "resources": [
    {
      "type": "Microsoft.OperationalInsights/workspaces/providers/contentTemplates",
      "apiVersion": "2023-04-01-preview",
      "name": "[variables('workbookTemplateSpecName1')]",
      "location": "[parameters('workspace-location')]",
      "dependsOn": [
        "[extensionResourceId(resourceId('Microsoft.OperationalInsights/workspaces', parameters('workspace')), 'Microsoft.SecurityInsights/contentPackages', variables('_solutionId'))]"
      ],
      "properties": {
        "description": "WithSecureTopComputersByInfections Workbook with template version 3.0.0",
        "mainTemplate": {
          "$schema": "https://schema.management.azure.com/schemas/2019-04-01/deploymentTemplate.json#",
          "contentVersion": "[variables('workbookVersion1')]",
          "parameters": {},
          "variables": {},
          "resources": [
            {
              "type": "Microsoft.Insights/workbooks",
              "name": "[variables('workbookContentId1')]",
              "location": "[parameters('workspace-location')]",
              "kind": "shared",
              "apiVersion": "2021-08-01",
              "metadata": {
                "description": "Top 3 computers by amount of infections."
              },
              "properties": {
                "displayName": "[parameters('workbook1-name')]",
                "serializedData": "{\"version\":\"Notebook/1.0\",\"items\":[{\"type\":1,\"content\":{\"json\":\"## Top computers by infections\\n---\\n\\nTop 3 computers by amount of infections. \"},\"name\":\"text - 2\"},{\"type\":3,\"content\":{\"version\":\"KqlItem/1.0\",\"query\":\"WsSecurityEvents_CL \\n| summarize Events = count() by Result = strcat('Host: ', SourceHostName)\\n| take 3\",\"size\":1,\"queryType\":0,\"resourceType\":\"microsoft.operationalinsights/workspaces\",\"visualization\":\"unstackedbar\"},\"name\":\"query - 2\"}],\"fromTemplateId\":\"sentinel-WithSecureTopComputersByInfection\",\"$schema\":\"https://github.com/Microsoft/Application-Insights-Workbooks/blob/master/schema/workbook.json\"}\n",
                "version": "1.0",
                "sourceId": "[variables('workspaceResourceId')]",
                "category": "sentinel"
              }
            },
            {
              "type": "Microsoft.OperationalInsights/workspaces/providers/metadata",
              "apiVersion": "2022-01-01-preview",
              "name": "[concat(parameters('workspace'),'/Microsoft.SecurityInsights/',concat('Workbook-', last(split(variables('workbookId1'),'/'))))]",
              "properties": {
                "description": "@{workbookKey=WithSecureTopComputersByInfection; logoFileName=WithSecure.svg; description=Top 3 computers by amount of infections.; dataTypesDependencies=System.Object[]; dataConnectorsDependencies=System.Object[]; previewImagesFileNames=System.Object[]; version=1.0; title=WithSecure - Top computers by infections; templateRelativePath=WithSecureTopComputersByInfections.json; subtitle=; provider=WithSecure}.description",
                "parentId": "[variables('workbookId1')]",
                "contentId": "[variables('_workbookContentId1')]",
                "kind": "Workbook",
                "version": "[variables('workbookVersion1')]",
                "source": {
                  "kind": "Solution",
                  "name": "WithSecureElementsViaFunction",
                  "sourceId": "[variables('_solutionId')]"
                },
                "author": {
                  "name": "WithSecure"
                },
                "support": {
                  "name": "WithSecure",
                  "tier": "Community",
                  "link": "https://www.withsecure.com/en/support"
                },
                "dependencies": {
                  "operator": "AND",
                  "criteria": [
                    {
                      "contentId": "WsSecurityEvents_CL",
                      "kind": "DataType"
                    },
                    {
                      "contentId": "WithSecureElementsViaFunction",
                      "kind": "DataConnector"
                    }
                  ]
                }
              }
            }
          ]
        },
        "packageKind": "Solution",
        "packageVersion": "[variables('_solutionVersion')]",
        "packageName": "[variables('_solutionName')]",
        "packageId": "[variables('_solutionId')]",
        "contentSchemaVersion": "3.0.0",
        "contentId": "[variables('_workbookContentId1')]",
        "contentKind": "Workbook",
        "displayName": "[parameters('workbook1-name')]",
        "contentProductId": "[variables('_workbookcontentProductId1')]",
        "id": "[variables('_workbookcontentProductId1')]",
        "version": "[variables('workbookVersion1')]"
      }
    },
    {
      "type": "Microsoft.OperationalInsights/workspaces/providers/contentTemplates",
      "apiVersion": "2023-04-01-preview",
      "name": "[variables('dataConnectorTemplateSpecName1')]",
      "location": "[parameters('workspace-location')]",
      "dependsOn": [
        "[extensionResourceId(resourceId('Microsoft.OperationalInsights/workspaces', parameters('workspace')), 'Microsoft.SecurityInsights/contentPackages', variables('_solutionId'))]"
      ],
      "properties": {
        "description": "WithSecureElementsViaFunction data connector with template version 3.0.0",
        "mainTemplate": {
          "$schema": "https://schema.management.azure.com/schemas/2019-04-01/deploymentTemplate.json#",
          "contentVersion": "[variables('dataConnectorVersion1')]",
          "parameters": {},
          "variables": {},
          "resources": [
            {
              "name": "[concat(parameters('workspace'),'/Microsoft.SecurityInsights/',variables('_dataConnectorContentId1'))]",
              "apiVersion": "2021-03-01-preview",
              "type": "Microsoft.OperationalInsights/workspaces/providers/dataConnectors",
              "location": "[parameters('workspace-location')]",
              "kind": "GenericUI",
              "properties": {
                "connectorUiConfig": {
                  "id": "[variables('_uiConfigId1')]",
                  "title": "WithSecure Elements API (Azure Function) (using Azure Functions)",
                  "publisher": "WithSecure",
                  "descriptionMarkdown": "WithSecure Elements is the unified cloud-based cyber security platform designed to reduce risk, complexity, and inefficiency.\n\nElevate your security from your endpoints to your cloud applications. Arm yourself against every type of cyber threat, from targeted attacks to zero-day ransomware.\n\nWithSecure Elements combines powerful predictive, preventive, and responsive security capabilities - all managed and monitored through a single security center. Our modular structure and flexible pricing models give you the freedom to evolve. With our expertise and insight, you'll always be empowered - and you'll never be alone.\n\nWith Microsoft Sentinel integration, you can correlate [security events](https://connect.withsecure.com/api-reference/security-events#overview) data from the WithSecure Elements solution with data from other sources, enabling a rich overview of your entire environment and faster reaction to threats.\n\nWith this solution Azure Function is deployed to your tenant, polling periodically for the WithSecure Elements security events.\n\nFor more information visit our website at: [https://www.withsecure.com](https://www.withsecure.com).",
                  "graphQueries": [
                    {
                      "metricName": "Total data received",
                      "legend": "WITH_SECURE_ELEMENTS_CONNECTOR",
                      "baseQuery": "WsSecurityEvents_CL"
                    }
                  ],
                  "sampleQueries": [
                    {
                      "description": "All logs",
                      "query": "WsSecurityEvents_CL\n| sort by TimeGenerated"
                    }
                  ],
                  "dataTypes": [
                    {
                      "name": "WsSecurityEvents_CL (WithSecure Events)",
                      "lastDataReceivedQuery": "WsSecurityEvents_CL\n| summarize Time = max(TimeGenerated)\n| where isnotempty(Time)"
                    }
                  ],
                  "connectivityCriterias": [
                    {
                      "type": "IsConnectedQuery",
                      "value": [
                        "WsSecurityEvents_CL\n| summarize LastLogReceived = max(TimeGenerated)\n| project IsConnected = LastLogReceived > ago(30d)"
                      ]
                    }
                  ],
                  "availability": {
                    "status": 1,
                    "isPreview": false
                  },
                  "permissions": {
                    "resourceProvider": [
                      {
                        "provider": "Microsoft.OperationalInsights/workspaces",
                        "permissionsDisplayText": "read and write permissions on the workspace are required.",
                        "providerDisplayName": "Workspace",
                        "scope": "Workspace",
                        "requiredPermissions": {
                          "write": true,
                          "read": true,
                          "delete": true
                        }
                      }
                    ],
                    "customs": [
                      {
                        "name": "Microsoft.Web/sites permissions",
                        "description": "Read and write permissions to Azure Functions to create a Function App is required. [See the documentation to learn more about Azure Functions](https://docs.microsoft.com/azure/azure-functions/)."
                      },
                      {
                        "name": "WithSecure Elements API client credentials",
                        "description": "Client credentials are required. [See the documentation to learn more.](https://connect.withsecure.com/getting-started/elements#getting-client-credentials)"
                      }
                    ]
                  },
                  "instructionSteps": [
                    {
                      "description": "Follow the [user guide](https://connect.withsecure.com/getting-started/elements#getting-client-credentials) to create Elements API credentials. Save credentials in a safe place.",
                      "title": "1. Create WithSecure Elements API credentials"
                    },
                    {
                      "description": "Create new Microsoft Entra application and credentials. Follow [the instructions](https://learn.microsoft.com/en-us/azure/azure-monitor/logs/tutorial-logs-ingestion-portal#create-microsoft-entra-application) and store values of **Directory (tenant) ID**, **Object ID**, **Application (client) ID** and **Client Secret** (from client credentials field). Remember to store Client Secret in a safe place.",
                      "title": "2. Create Microsoft Entra application"
                    },
                    {
                      "description": ">**NOTE:** This connector uses Azure Functions to pull logs from WithSecure Elements. This might result in additional data ingestion costs. Check the [Azure Functions pricing page](https://azure.microsoft.com/pricing/details/functions/) for details.",
                      "title": "3. Deploy Function App"
                    },
                    {
                      "description": ">**(Optional Step)** Securely store Microsoft Entra client credentials and WithSecure Elements API client credentials in Azure Key Vault. Azure Key Vault provides a secure mechanism to store and retrieve key values. [Follow these instructions](https://docs.microsoft.com/azure/app-service/app-service-key-vault-references) to use Azure Key Vault with an Azure Function App."
                    },
                    {
                      "description": ">**IMPORTANT:** Before deploying the WithSecure Elements connector, have the Workspace Name (can be copied from the following), data from Microsoft Entra (Directory (tenant) ID, Object ID, Application (client) ID and Client Secret), as well as the WithSecure Elements client credentials, readily available.",
                      "instructions": [
                        {
                          "parameters": {
                            "fillWith": [
                              "workspaceName"
                            ],
                            "label": "Workspace Name"
                          },
                          "type": "CopyableLabel"
                        }
                      ]
                    },
                    {
                      "description": "1. Click the **Deploy to Azure** button below. \n\n\t[![Deploy To Azure](https://aka.ms/deploytoazurebutton)](https://raw.githubusercontent.com/Azure/Azure-Sentinel/master/Solutions/WithSecureElementsViaFunction/Data%20Connectors/azuredeploy_Connector_WithSecureElements_AzureFunction.json)\n2. Select the preferred **Subscription**, **Resource Group** and **Location**. \n3. Enter the **Workspace ID**, **Entra Client ID**, **Entra Client Secret**, **Entra Tenant ID**, **Elements API Client ID**, **Elements API Client Secret**.\n>Note: If using Azure Key Vault secrets for any of the values above, use the`@Microsoft.KeyVault(SecretUri={Security Identifier})`schema in place of the string values. Refer to [Key Vault references documentation](https://docs.microsoft.com/azure/app-service/app-service-key-vault-references) for further details. \n4. You can also fill in optional fields: **Elements API url**, **Engine**, **Engine Group**. Use default value of **Elements API url** unless you have some special case. **Engine** and **Engine Group** map to [security events request parameters](https://connect.withsecure.com/api-reference/elements#post-/security-events/v1/security-events), fill in those parameters if you are interested only in events from specific engine or engine group, in case you want to receive all security events leave the fields with default values.\n5. Mark the checkbox labeled **I agree to the terms and conditions stated above**. \n6. Click **Purchase** to deploy.",
                      "title": "Deploy all the resources related to the connector"
                    }
                  ],
                  "metadata": {
                    "id": "Unique Identifier (GUID) used to identify dependencies and content from solutions or community.",
                    "version": "1.0.0",
                    "kind": "dataConnector",
                    "author": {
                      "name": "WithSecure"
                    },
                    "support": {
                      "tier": "developer",
                      "name": "WithSecure",
                      "link": "https://www.withsecure.com/en/support"
                    }
                  }
                }
              }
            },
            {
              "type": "Microsoft.OperationalInsights/workspaces/providers/metadata",
              "apiVersion": "2023-04-01-preview",
              "name": "[concat(parameters('workspace'),'/Microsoft.SecurityInsights/',concat('DataConnector-', last(split(variables('_dataConnectorId1'),'/'))))]",
              "properties": {
                "parentId": "[extensionResourceId(resourceId('Microsoft.OperationalInsights/workspaces', parameters('workspace')), 'Microsoft.SecurityInsights/dataConnectors', variables('_dataConnectorContentId1'))]",
                "contentId": "[variables('_dataConnectorContentId1')]",
                "kind": "DataConnector",
                "version": "[variables('dataConnectorVersion1')]",
                "source": {
                  "kind": "Solution",
                  "name": "WithSecureElementsViaFunction",
                  "sourceId": "[variables('_solutionId')]"
                },
                "author": {
                  "name": "WithSecure"
                },
                "support": {
                  "name": "WithSecure",
                  "tier": "Community",
                  "link": "https://www.withsecure.com/en/support"
                }
              }
            }
          ]
        },
        "packageKind": "Solution",
        "packageVersion": "[variables('_solutionVersion')]",
        "packageName": "[variables('_solutionName')]",
        "packageId": "[variables('_solutionId')]",
        "contentSchemaVersion": "3.0.0",
        "contentId": "[variables('_dataConnectorContentId1')]",
        "contentKind": "DataConnector",
        "displayName": "WithSecure Elements API (Azure Function) (using Azure Functions)",
        "contentProductId": "[variables('_dataConnectorcontentProductId1')]",
        "id": "[variables('_dataConnectorcontentProductId1')]",
        "version": "[variables('dataConnectorVersion1')]"
      }
    },
    {
      "type": "Microsoft.OperationalInsights/workspaces/providers/metadata",
      "apiVersion": "2023-04-01-preview",
      "name": "[concat(parameters('workspace'),'/Microsoft.SecurityInsights/',concat('DataConnector-', last(split(variables('_dataConnectorId1'),'/'))))]",
      "dependsOn": [
        "[variables('_dataConnectorId1')]"
      ],
      "location": "[parameters('workspace-location')]",
      "properties": {
        "parentId": "[extensionResourceId(resourceId('Microsoft.OperationalInsights/workspaces', parameters('workspace')), 'Microsoft.SecurityInsights/dataConnectors', variables('_dataConnectorContentId1'))]",
        "contentId": "[variables('_dataConnectorContentId1')]",
        "kind": "DataConnector",
        "version": "[variables('dataConnectorVersion1')]",
        "source": {
          "kind": "Solution",
          "name": "WithSecureElementsViaFunction",
          "sourceId": "[variables('_solutionId')]"
        },
        "author": {
          "name": "WithSecure"
        },
        "support": {
          "name": "WithSecure",
          "tier": "Community",
          "link": "https://www.withsecure.com/en/support"
        }
      }
    },
    {
      "name": "[concat(parameters('workspace'),'/Microsoft.SecurityInsights/',variables('_dataConnectorContentId1'))]",
      "apiVersion": "2021-03-01-preview",
      "type": "Microsoft.OperationalInsights/workspaces/providers/dataConnectors",
      "location": "[parameters('workspace-location')]",
      "kind": "GenericUI",
      "properties": {
        "connectorUiConfig": {
          "title": "WithSecure Elements API (Azure Function) (using Azure Functions)",
          "publisher": "WithSecure",
          "descriptionMarkdown": "WithSecure Elements is the unified cloud-based cyber security platform designed to reduce risk, complexity, and inefficiency.\n\nElevate your security from your endpoints to your cloud applications. Arm yourself against every type of cyber threat, from targeted attacks to zero-day ransomware.\n\nWithSecure Elements combines powerful predictive, preventive, and responsive security capabilities - all managed and monitored through a single security center. Our modular structure and flexible pricing models give you the freedom to evolve. With our expertise and insight, you'll always be empowered - and you'll never be alone.\n\nWith Microsoft Sentinel integration, you can correlate [security events](https://connect.withsecure.com/api-reference/security-events#overview) data from the WithSecure Elements solution with data from other sources, enabling a rich overview of your entire environment and faster reaction to threats.\n\nWith this solution Azure Function is deployed to your tenant, polling periodically for the WithSecure Elements security events.\n\nFor more information visit our website at: [https://www.withsecure.com](https://www.withsecure.com).",
          "graphQueries": [
            {
              "metricName": "Total data received",
              "legend": "WITH_SECURE_ELEMENTS_CONNECTOR",
              "baseQuery": "WsSecurityEvents_CL"
            }
          ],
          "dataTypes": [
            {
              "name": "WsSecurityEvents_CL (WithSecure Events)",
              "lastDataReceivedQuery": "WsSecurityEvents_CL\n| summarize Time = max(TimeGenerated)\n| where isnotempty(Time)"
            }
          ],
          "connectivityCriterias": [
            {
              "type": "IsConnectedQuery",
              "value": [
                "WsSecurityEvents_CL\n| summarize LastLogReceived = max(TimeGenerated)\n| project IsConnected = LastLogReceived > ago(30d)"
              ]
            }
          ],
          "sampleQueries": [
            {
              "description": "All logs",
              "query": "WsSecurityEvents_CL\n| sort by TimeGenerated"
            }
          ],
          "availability": {
            "status": 1,
            "isPreview": false
          },
          "permissions": {
            "resourceProvider": [
              {
                "provider": "Microsoft.OperationalInsights/workspaces",
                "permissionsDisplayText": "read and write permissions on the workspace are required.",
                "providerDisplayName": "Workspace",
                "scope": "Workspace",
                "requiredPermissions": {
                  "write": true,
                  "read": true,
                  "delete": true
                }
              }
            ],
            "customs": [
              {
                "name": "Microsoft.Web/sites permissions",
                "description": "Read and write permissions to Azure Functions to create a Function App is required. [See the documentation to learn more about Azure Functions](https://docs.microsoft.com/azure/azure-functions/)."
              },
              {
                "name": "WithSecure Elements API client credentials",
                "description": "Client credentials are required. [See the documentation to learn more.](https://connect.withsecure.com/getting-started/elements#getting-client-credentials)"
              }
            ]
          },
          "instructionSteps": [
            {
              "description": "Follow the [user guide](https://connect.withsecure.com/getting-started/elements#getting-client-credentials) to create Elements API credentials. Save credentials in a safe place.",
              "title": "1. Create WithSecure Elements API credentials"
            },
            {
              "description": "Create new Microsoft Entra application and credentials. Follow [the instructions](https://learn.microsoft.com/en-us/azure/azure-monitor/logs/tutorial-logs-ingestion-portal#create-microsoft-entra-application) and store values of **Directory (tenant) ID**, **Object ID**, **Application (client) ID** and **Client Secret** (from client credentials field). Remember to store Client Secret in a safe place.",
              "title": "2. Create Microsoft Entra application"
            },
            {
              "description": ">**NOTE:** This connector uses Azure Functions to pull logs from WithSecure Elements. This might result in additional data ingestion costs. Check the [Azure Functions pricing page](https://azure.microsoft.com/pricing/details/functions/) for details.",
              "title": "3. Deploy Function App"
            },
            {
              "description": ">**(Optional Step)** Securely store Microsoft Entra client credentials and WithSecure Elements API client credentials in Azure Key Vault. Azure Key Vault provides a secure mechanism to store and retrieve key values. [Follow these instructions](https://docs.microsoft.com/azure/app-service/app-service-key-vault-references) to use Azure Key Vault with an Azure Function App."
            },
            {
              "description": ">**IMPORTANT:** Before deploying the WithSecure Elements connector, have the Workspace Name (can be copied from the following), data from Microsoft Entra (Directory (tenant) ID, Object ID, Application (client) ID and Client Secret), as well as the WithSecure Elements client credentials, readily available.",
              "instructions": [
                {
                  "parameters": {
                    "fillWith": [
                      "workspaceName"
                    ],
                    "label": "Workspace Name"
                  },
                  "type": "CopyableLabel"
                }
              ]
            },
            {
              "description": "1. Click the **Deploy to Azure** button below. \n\n\t[![Deploy To Azure](https://aka.ms/deploytoazurebutton)](https://raw.githubusercontent.com/Azure/Azure-Sentinel/master/Solutions/WithSecureElementsViaFunction/Data%20Connectors/azuredeploy_Connector_WithSecureElements_AzureFunction.json)\n2. Select the preferred **Subscription**, **Resource Group** and **Location**. \n3. Enter the **Workspace ID**, **Entra Client ID**, **Entra Client Secret**, **Entra Tenant ID**, **Elements API Client ID**, **Elements API Client Secret**.\n>Note: If using Azure Key Vault secrets for any of the values above, use the`@Microsoft.KeyVault(SecretUri={Security Identifier})`schema in place of the string values. Refer to [Key Vault references documentation](https://docs.microsoft.com/azure/app-service/app-service-key-vault-references) for further details. \n4. You can also fill in optional fields: **Elements API url**, **Engine**, **Engine Group**. Use default value of **Elements API url** unless you have some special case. **Engine** and **Engine Group** map to [security events request parameters](https://connect.withsecure.com/api-reference/elements#post-/security-events/v1/security-events), fill in those parameters if you are interested only in events from specific engine or engine group, in case you want to receive all security events leave the fields with default values.\n5. Mark the checkbox labeled **I agree to the terms and conditions stated above**. \n6. Click **Purchase** to deploy.",
              "title": "Deploy all the resources related to the connector"
            }
          ],
          "id": "[variables('_uiConfigId1')]"
        }
      }
    },
    {
      "type": "Microsoft.OperationalInsights/workspaces/providers/contentPackages",
      "apiVersion": "2023-04-01-preview",
      "location": "[parameters('workspace-location')]",
      "properties": {
        "version": "3.0.0",
        "kind": "Solution",
        "contentSchemaVersion": "3.0.0",
        "displayName": "WithSecureElementsViaFunction",
        "publisherDisplayName": "WithSecure",
        "descriptionHtml": "<p><strong>Note:</strong> Please refer to the following before installing the solution:</p>\n<p>• Review the solution <a href=\"https://github.com/Azure/Azure-Sentinel/tree/master/Solutions/WithSecureElementsViaFunction/ReleaseNotes.md\">Release Notes</a></p>\n<p>• There may be <a href=\"https://aka.ms/sentinelsolutionsknownissues\">known issues</a> pertaining to this Solution, please refer to them before installing.</p>\n<p>WithSecure Elements is the unified cloud-based cyber security platform designed to reduce risk, complexity, and inefficiency.\nElevate your security from your endpoints to your cloud applications. Arm yourself against every type of cyber threat, from targeted attacks to zero-day ransomware.\nWithSecure Elements combines powerful predictive, preventive, and responsive security capabilities - all managed and monitored through a single security center. Our modular structure and flexible pricing models give you the freedom to evolve. With our expertise and insight, you'll always be empowered - and you'll never be alone.\nWith Microsoft Sentinel integration, you can correlate <a href=\"https://connect.withsecure.com/api-reference/security-events#overview\">security events</a> data from the WithSecure Elements solution with data from other sources, enabling a rich overview of your entire environment and faster reaction to threats.\nWith this solution Azure Function is deployed to your tenant, polling periodically for the WithSecure Elements security events.\nFor more information visit our website at: <a href=\"https://www.withsecure.com\">https://www.withsecure.com</a>.</p>\n<p><strong>Data Connectors:</strong> 1, <strong>Workbooks:</strong> 1</p>\n<p><a href=\"https://aka.ms/azuresentinel\">Learn more about Microsoft Sentinel</a> | <a href=\"https://aka.ms/azuresentinelsolutionsdoc\">Learn more about Solutions</a></p>\n",
        "contentKind": "Solution",
        "contentProductId": "[variables('_solutioncontentProductId')]",
        "id": "[variables('_solutioncontentProductId')]",
        "icon": "<img src=\"https://raw.githubusercontent.com/Azure/Azure-Sentinel/master/Logos/WithSecure.svg\" width=\"75px\" height=\"75px\">",
        "contentId": "[variables('_solutionId')]",
        "parentId": "[variables('_solutionId')]",
        "source": {
          "kind": "Solution",
          "name": "WithSecureElementsViaFunction",
          "sourceId": "[variables('_solutionId')]"
        },
        "author": {
          "name": "WithSecure"
        },
        "support": {
          "name": "WithSecure",
          "tier": "Community",
          "link": "https://www.withsecure.com/en/support"
        },
        "dependencies": {
          "operator": "AND",
          "criteria": [
            {
              "kind": "Workbook",
              "contentId": "[variables('_workbookContentId1')]",
              "version": "[variables('workbookVersion1')]"
            },
            {
              "kind": "DataConnector",
              "contentId": "[variables('_dataConnectorContentId1')]",
              "version": "[variables('dataConnectorVersion1')]"
            }
          ]
        },
        "firstPublishDate": "2024-02-22",
        "lastPublishDate": "2024-02-22",
        "providers": [
          "WithSecure"
        ],
        "categories": {
          "domains": [
            "Security - Threat Protection"
          ]
        }
      },
      "name": "[concat(parameters('workspace'),'/Microsoft.SecurityInsights/', variables('_solutionId'))]"
    }
  ],
  "outputs": {}
}
