{
  "$schema": "https://schema.management.azure.com/schemas/0.1.2-preview/CreateUIDefinition.MultiVm.json#",
  "handler": "Microsoft.Azure.CreateUIDef",
  "version": "0.1.2-preview",
  "parameters": {
    "config": {
      "isWizard": false,
      "basics": {
        "description": "<img src=\"https://raw.githubusercontent.com/Azure/Azure-Sentinel/master/Logos/Azure_Sentinel.svg\" width=\"75px\" height=\"75px\">\n\n**Note:** _There may be [known issues](https://aka.ms/sentinelsolutionsknownissues) pertaining to this Solution, please refer to them before installing._\n\nThe **Attacker Tools Threat Protection Essentials** solution contains security content that is relevant for detection of tools commonly used by attackers in various campaigns. These tools can be commercial, open-source, built-in or publicly available and have historically been seen used by adversaries in different phases of the ATTACK kill chain.  \r\n \r\n **Pre-requisites:** \r\n \r\n This is a [domain solution](https://learn.microsoft.com/en-us/azure/sentinel/sentinel-solutions-catalog#domain-solutions) and does not include any data connectors. The content in this solution supports the connectors listed below. Install one or more of the listed solutions, to unlock the value provided by this solution. \r\n \r\n 1. [Windows Security Events](https://ms.portal.azure.com/#create/azuresentinel.azure-sentinel-solution-securityeventsazure-sentinel-solution-securityevents) \n\n 2. [ Windows Server DNS ](https://ms.portal.azure.com/#create/azuresentinel.azure-sentinel-solution-dnsazure-sentinel-solution-dns) \n\n 3. [Windows Forwarded Events](https://ms.portal.azure.com/#create/azuresentinel.azure-sentinel-solution-windowsforwardedeventsazure-sentinel-solution-windowsforwardedevents) \n\n 4. [Azure Active Directory ](https://ms.portal.azure.com/#create/azuresentinel.azure-sentinel-solution-azureactivedirectoryazure-sentinel-solution-azureactivedirectory) \n\n **Keywords:** attack tools, penetration testing, Impacket, Powercat, Nishang, Cobalt Strike, ADFind, Credential Dumping, PowerShell Empire  \n\n**Analytic Rules:** 4, **Hunting Queries:** 2\n\n[Learn more about Microsoft Sentinel](https://aka.ms/azuresentinel) | [Learn more about Solutions](https://aka.ms/azuresentinelsolutionsdoc)",
        "subscription": {
          "resourceProviders": [
            "Microsoft.OperationsManagement/solutions",
            "Microsoft.OperationalInsights/workspaces/providers/alertRules",
            "Microsoft.Insights/workbooks",
            "Microsoft.Logic/workflows"
          ]
        },
        "location": {
          "metadata": {
            "hidden": "Hiding location, we get it from the log analytics workspace"
          },
          "visible": false
        },
        "resourceGroup": {
          "allowExisting": true
        }
      }
    },
    "basics": [
      {
        "name": "getLAWorkspace",
        "type": "Microsoft.Solutions.ArmApiControl",
        "toolTip": "This filters by workspaces that exist in the Resource Group selected",
        "condition": "[greater(length(resourceGroup().name),0)]",
        "request": {
          "method": "GET",
          "path": "[concat(subscription().id,'/providers/Microsoft.OperationalInsights/workspaces?api-version=2020-08-01')]"
        }
      },
      {
        "name": "workspace",
        "type": "Microsoft.Common.DropDown",
        "label": "Workspace",
        "placeholder": "Select a workspace",
        "toolTip": "This dropdown will list only workspace that exists in the Resource Group selected",
        "constraints": {
          "allowedValues": "[map(filter(basics('getLAWorkspace').value, (filter) => contains(toLower(filter.id), toLower(resourceGroup().name))), (item) => parse(concat('{\"label\":\"', item.name, '\",\"value\":\"', item.name, '\"}')))]",
          "required": true
        },
        "visible": true
      }
    ],
    "steps": [
      {
        "name": "analytics",
        "label": "Analytics",
        "subLabel": {
          "preValidation": "Configure the analytics",
          "postValidation": "Done"
        },
        "bladeTitle": "Analytics",
        "elements": [
          {
            "name": "analytics-text",
            "type": "Microsoft.Common.TextBlock",
            "options": {
              "text": "This solution installs the following analytic rule templates. After installing the solution, create and enable analytic rules in Manage solution view."
            }
          },
          {
            "name": "analytics-link",
            "type": "Microsoft.Common.TextBlock",
            "options": {
              "link": {
                "label": "Learn more",
                "uri": "https://docs.microsoft.com/azure/sentinel/tutorial-detect-threats-custom?WT.mc_id=Portal-Microsoft_Azure_CreateUIDef"
              }
            }
          },
          {
            "name": "analytic1",
            "type": "Microsoft.Common.Section",
            "label": "Probable AdFind Recon Tool Usage",
            "elements": [
              {
                "name": "analytic1-text",
                "type": "Microsoft.Common.TextBlock",
                "options": {
                  "text": "This query identifies the host and account that executed AdFind, by hash and filename, in addition to the flags commonly utilized by various threat actors during the reconnaissance phase."
                }
              }
            ]
          },
          {
            "name": "analytic2",
            "type": "Microsoft.Common.Section",
            "label": "Credential Dumping Tools - Service Installation",
            "elements": [
              {
                "name": "analytic2-text",
                "type": "Microsoft.Common.TextBlock",
                "options": {
                  "text": "This query detects the installation of a Windows service that contains artifacts from credential dumping tools such as Mimikatz."
                }
              }
            ]
          },
          {
            "name": "analytic3",
            "type": "Microsoft.Common.Section",
            "label": "Credential Dumping Tools - File Artifacts",
            "elements": [
              {
                "name": "analytic3-text",
                "type": "Microsoft.Common.TextBlock",
                "options": {
                  "text": "This query detects the creation of credential dumping tools files. Several credential dumping tools export files with hardcoded file names.\nRef: https://jpcertcc.github.io/ToolAnalysisResultSheet/"
                }
              }
            ]
          },
          {
            "name": "analytic4",
            "type": "Microsoft.Common.Section",
            "label": "Powershell Empire Cmdlets Executed in Command Line",
            "elements": [
              {
                "name": "analytic4-text",
                "type": "Microsoft.Common.TextBlock",
                "options": {
                  "text": "This query identifies use of PowerShell Empire's cmdlets within the command line data of the PowerShell process, indicating potential use of the post-exploitation tool."
                }
              }
            ]
          }
        ]
      },
      {
        "name": "huntingqueries",
        "label": "Hunting Queries",
        "bladeTitle": "Hunting Queries",
        "elements": [
          {
            "name": "huntingqueries-text",
            "type": "Microsoft.Common.TextBlock",
            "options": {
              "text": "This solution installs the following hunting queries. After installing the solution, run these hunting queries to hunt for threats in Manage solution view. "
            }
          },
          {
            "name": "huntingqueries-link",
            "type": "Microsoft.Common.TextBlock",
            "options": {
              "link": {
                "label": "Learn more",
                "uri": "https://docs.microsoft.com/azure/sentinel/hunting"
              }
            }
          },
          {
            "name": "huntingquery1",
            "type": "Microsoft.Common.Section",
            "label": "Cobalt Strike DNS Beaconing",
            "elements": [
              {
                "name": "huntingquery1-text",
                "type": "Microsoft.Common.TextBlock",
                "options": {
                  "text": "Cobalt Strike is a famous Pen Test tool that is used by pen testers as well as attackers alike To compromise an environment. \nThe query tries to detect suspicious DNS queries known from Cobalt Strike beacons.\nThis is based out of sigma rules described here: https://github.com/Neo23x0/sigma/blob/master/rules/network/net_mal_dns_cobaltstrike.yml This hunting query depends on DNS AzureMonitor(VMInsights) data connector (DnsEvents VMConnection Parser or Table)"
                }
              }
            ]
          },
          {
            "name": "huntingquery2",
            "type": "Microsoft.Common.Section",
            "label": "Potential Impacket Execution",
            "elements": [
              {
                "name": "huntingquery2-text",
                "type": "Microsoft.Common.TextBlock",
                "options": {
                  "text": "This hunting query identifies execution of Impacket tool. Impacket is a popular tool used by attackers for remote service execution, Kerberos manipulation and Windows credential dumping.\n Refrence: https://twitter.com/SBousseaden/status/1286750095296335883 This hunting query depends on SecurityEvents WindowsSecurityEvents data connector (SecurityEvent SecurityEvent Parser or Table)"
                }
              }
            ]
          }
        ]
      }
    ],
    "outputs": {
      "workspace-location": "[first(map(filter(basics('getLAWorkspace').value, (filter) => and(contains(toLower(filter.id), toLower(resourceGroup().name)),equals(filter.name,basics('workspace')))), (item) => item.location))]",
      "location": "[location()]",
      "workspace": "[basics('workspace')]"
    }
  }
}
