{
  "$schema": "https://schema.management.azure.com/schemas/2019-04-01/deploymentTemplate.json#",
  "contentVersion": "1.0.0.0",
  "metadata": {
    "author": "Cognyte",
    "comments": "Solution template for CognyteLuminar"
  },
  "parameters": {
    "location": {
      "type": "string",
      "minLength": 1,
      "defaultValue": "[resourceGroup().location]",
      "metadata": {
        "description": "Not used, but needed to pass arm-ttk test `Location-Should-Not-Be-Hardcoded`.  We instead use the `workspace-location` which is derived from the LA workspace"
      }
    },
    "workspace-location": {
      "type": "string",
      "defaultValue": "",
      "metadata": {
        "description": "[concat('Region to deploy solution resources -- separate from location selection',parameters('location'))]"
      }
    },
    "workspace": {
      "defaultValue": "",
      "type": "string",
      "metadata": {
        "description": "Workspace name for Log Analytics where Microsoft Sentinel is setup"
      }
    }
  },
  "variables": {
    "_solutionName": "CognyteLuminar",
    "_solutionVersion": "3.0.0",
    "solutionId": "cognytetechnologiesisraelltd.microsoft-sentinel-solution-cognyteluminar",
    "_solutionId": "[variables('solutionId')]",
    "uiConfigId1": "CognyteLuminar",
    "_uiConfigId1": "[variables('uiConfigId1')]",
    "dataConnectorContentId1": "CognyteLuminar",
    "_dataConnectorContentId1": "[variables('dataConnectorContentId1')]",
    "dataConnectorId1": "[extensionResourceId(resourceId('Microsoft.OperationalInsights/workspaces', parameters('workspace')), 'Microsoft.SecurityInsights/dataConnectors', variables('_dataConnectorContentId1'))]",
    "_dataConnectorId1": "[variables('dataConnectorId1')]",
    "dataConnectorTemplateSpecName1": "[concat(parameters('workspace'),'/Microsoft.SecurityInsights/',concat(concat(parameters('workspace'),'-dc-',uniquestring(variables('_dataConnectorContentId1'))),variables('dataConnectorVersion1')))]",
    "dataConnectorVersion1": "1.0.0",
    "_dataConnectorcontentProductId1": "[concat(take(variables('_solutionId'),50),'-','dc','-', uniqueString(concat(variables('_solutionId'),'-','DataConnector','-',variables('_dataConnectorContentId1'),'-', variables('dataConnectorVersion1'))))]",
    "_solutioncontentProductId": "[concat(take(variables('_solutionId'),50),'-','sl','-', uniqueString(concat(variables('_solutionId'),'-','Solution','-',variables('_solutionId'),'-', variables('_solutionVersion'))))]"
  },
  "resources": [
    {
      "type": "Microsoft.OperationalInsights/workspaces/providers/contentTemplates",
      "apiVersion": "2023-04-01-preview",
      "name": "[variables('dataConnectorTemplateSpecName1')]",
      "location": "[parameters('workspace-location')]",
      "dependsOn": [
        "[extensionResourceId(resourceId('Microsoft.OperationalInsights/workspaces', parameters('workspace')), 'Microsoft.SecurityInsights/contentPackages', variables('_solutionId'))]"
      ],
      "properties": {
        "description": "CognyteLuminar data connector with template version 3.0.0",
        "mainTemplate": {
          "$schema": "https://schema.management.azure.com/schemas/2019-04-01/deploymentTemplate.json#",
          "contentVersion": "[variables('dataConnectorVersion1')]",
          "parameters": {},
          "variables": {},
          "resources": [
            {
              "name": "[concat(parameters('workspace'),'/Microsoft.SecurityInsights/',variables('_dataConnectorContentId1'))]",
              "apiVersion": "2021-03-01-preview",
              "type": "Microsoft.OperationalInsights/workspaces/providers/dataConnectors",
              "location": "[parameters('workspace-location')]",
              "kind": "GenericUI",
              "properties": {
                "connectorUiConfig": {
                  "id": "[variables('_uiConfigId1')]",
                  "title": "Luminar IOCs and Leaked Credentials (using Azure Functions)",
                  "publisher": "Cognyte Technologies Israel Ltd",
                  "descriptionMarkdown": "Luminar IOCs and Leaked Credentials connector allows integration of intelligence-based IOC data and customer-related leaked records identified by Luminar.",
                  "graphQueries": [
                    {
                      "metricName": "Cognyte Luminar Threat Indicators data received",
                      "legend": "ThreatIntelligenceIndicator | where SourceSystem contains 'Luminar'",
                      "baseQuery": "ThreatIntelligenceIndicator | where SourceSystem contains 'Luminar'"
                    },
                    {
                      "metricName": "Non-Cognyte Luminar Threat Indicators data received",
                      "legend": "ThreatIntelligenceIndicator | where SourceSystem !contains 'Luminar'",
                      "baseQuery": "ThreatIntelligenceIndicator | where SourceSystem !contains 'Luminar'"
                    }
                  ],
                  "sampleQueries": [
                    {
                      "description": "Cognyte Luminar Based Indicators Events - All Cognyte Luminar indicators in Microsoft Sentinel Threat Intelligence.",
                      "query": "ThreatIntelligenceIndicator\n | where SourceSystem contains 'Luminar'\n | sort by TimeGenerated desc"
                    },
                    {
                      "description": "Non-Cognyte Luminar Based Indicators Events - All Non-Cognyte Luminar indicators in Microsoft Sentinel Threat Intelligence.",
                      "query": "ThreatIntelligenceIndicator\n | where SourceSystem !contains 'Luminar'\n | sort by TimeGenerated desc"
                    }
                  ],
                  "dataTypes": [
                    {
                      "name": "ThreatIntelligenceIndicator",
                      "lastDataReceivedQuery": "ThreatIntelligenceIndicator\n            | summarize Time = max(TimeGenerated)\n            | where isnotempty(Time)"
                    }
                  ],
                  "connectivityCriterias": [
                    {
                      "type": "IsConnectedQuery",
                      "value": [
                        "ThreatIntelligenceIndicator\n            | where SourceSystem contains 'Luminar'\n            | summarize LastLogReceived = max(TimeGenerated)\n            | project IsConnected = LastLogReceived > ago(30d)"
                      ]
                    },
                    {
                      "type": "IsConnectedQuery",
                      "value": [
                        "Report_links_data_CL\n            | summarize LastLogReceived = max(TimeGenerated)\n            | project IsConnected = LastLogReceived > ago(30d)"
                      ]
                    },
                    {
                      "type": "IsConnectedQuery",
                      "value": [
                        "ThreatIntelligenceIndicator\n             | where SourceSystem !contains 'Luminar'\n            | summarize LastLogReceived = max(TimeGenerated)\n            | project IsConnected = LastLogReceived > ago(30d)"
                      ]
                    }
                  ],
                  "availability": {
                    "status": 1,
                    "isPreview": false
                  },
                  "permissions": {
                    "resourceProvider": [
                      {
                        "provider": "Microsoft.OperationalInsights/workspaces",
                        "permissionsDisplayText": "read and write permissions on the workspace are required.",
                        "providerDisplayName": "Workspace",
                        "scope": "Workspace",
                        "requiredPermissions": {
                          "write": true,
                          "read": true,
                          "delete": true
                        }
                      },
                      {
                        "provider": "Microsoft.OperationalInsights/workspaces/sharedKeys",
                        "permissionsDisplayText": "read permissions to shared keys for the workspace are required. [See the documentation to learn more about workspace keys](https://docs.microsoft.com/azure/azure-monitor/platform/agent-windows#obtain-workspace-id-and-key).",
                        "providerDisplayName": "Keys",
                        "scope": "Workspace",
                        "requiredPermissions": {
                          "action": true
                        }
                      }
                    ],
                    "customs": [
                      {
                        "name": "Azure Subscription",
                        "description": "Azure Subscription with owner role is required to register an application in azure active directory() and assign role of contributor to app in resource group."
                      },
                      {
                        "name": "Microsoft.Web/sites permissions",
                        "description": "Read and write permissions to Azure Functions to create a Function App is required. [See the documentation to learn more about Azure Functions](https://docs.microsoft.com/azure/azure-functions/)."
                      },
                      {
                        "name": "REST API Credentials/permissions",
                        "description": "**Luminar Client ID**, **Luminar Client Secret** and **Luminar Account ID** are required."
                      }
                    ]
                  },
                  "instructionSteps": [
                    {
                      "description": ">**NOTE:** This connector uses Azure Functions to connect to the Cognyte Luminar API to pull Luminar IOCs and Leaked Credentials into Microsoft Sentinel. This might result in additional costs for data ingestion and for storing data in Azure Blob Storage costs. Check the [Azure Functions pricing page](https://azure.microsoft.com/pricing/details/functions/) and [Azure Blob Storage pricing page](https://azure.microsoft.com/pricing/details/storage/blobs/) for details."
                    },
                    {
                      "description": ">**(Optional Step)** Securely store workspace and API authorization key(s) or token(s) in Azure Key Vault. Azure Key Vault provides a secure mechanism to store and retrieve key values. [Follow these instructions](https://docs.microsoft.com/azure/app-service/app-service-key-vault-references) to use Azure Key Vault with an Azure Function App."
                    },
                    {
                      "instructions": [
                        {
                          "parameters": {
                            "fillWith": [
                              "WorkspaceId"
                            ],
                            "label": "Workspace ID"
                          },
                          "type": "CopyableLabel"
                        },
                        {
                          "parameters": {
                            "fillWith": [
                              "PrimaryKey"
                            ],
                            "label": "Primary Key"
                          },
                          "type": "CopyableLabel"
                        }
                      ]
                    },
                    {
                      "description": "Use this method for automated deployment of the data connector using an ARM Template.\n\n1. Click the **Deploy to Azure** button below. \n\n\t[![Deploy To Azure](https://portal.azure.com/#create/Microsoft.Template/uri/https%3A%2F%2Fgithub.com%2FAzure%2FAzure-Sentinel%2Fraw%2Fmaster%2FSolutions%2FCognyteLuminar%2FData%20Connectors%2Fazuredeploy_LuminarFuncApp_AzureFunction.json)\n2. Select the preferred **Subscription**, **Resource Group** and **Location**. \n3. Enter the **Application ID**, **Tenant ID**,**Client Secret**, **Luminar API Client ID**, **Luminar API Account ID**, **Luminar API Client Secret**, **Limit**, **TimeInterval** and deploy.\n4. Mark the checkbox labeled **I agree to the terms and conditions stated above**.\n5. Click **Purchase** to deploy.",
                      "title": "Option 1 - Azure Resource Manager (ARM) Template"
                    },
                    {
                      "description": "Use the following step-by-step instructions to deploy the Cognyte Luminar data connector manually with Azure Functions (Deployment via Visual Studio Code).",
                      "title": "Option 2 - Manual Deployment of Azure Functions"
                    },
                    {
                      "description": "**1. Deploy a Function App**\n\n> NOTE:You will need to [prepare VS code](https://docs.microsoft.com/azure/azure-functions/functions-create-first-function-python#prerequisites) for Azure function development.\n\n1. Download the [Azure Function App](https://github.com/Azure/Azure-Sentinel/blob/master/Solutions/CognyteLuminar/Data%20Connectors/Cognyte%20Luminar.zip?raw=true) file. Extract archive to your local development computer.\n2. Start VS Code. Choose File in the main menu and select Open Folder.\n3. Select the top level folder from extracted files.\n4. Choose the Azure icon in the Activity bar, then in the **Azure: Functions** area, choose the **Deploy to function app** button.\nIf you aren't already signed in, choose the Azure icon in the Activity bar, then in the **Azure: Functions** area, choose **Sign in to Azure**\nIf you're already signed in, go to the next step.\n5. Provide the following information at the prompts:\n\n\ta. **Select folder:** Choose a folder from your workspace or browse to one that contains your function app.\n\n\tb. **Select Subscription:** Choose the subscription to use.\n\n\tc. Select **Create new Function App in Azure** (Don't choose the Advanced option)\n\n\td. **Enter a globally unique name for the function app:** Type a name that is valid in a URL path. The name you type is validated to make sure that it's unique in Azure Functions. (e.g. CognyteLuminarXXX).\n\n\te. **Select a runtime:** Choose Python 3.8.\n\n\tf. Select a location for new resources. For better performance and lower costs choose the same [region](https://azure.microsoft.com/regions/) where Microsoft sentinel is located.\n\n6. Deployment will begin. A notification is displayed after your function app is created and the deployment package is applied.\n7. Go to Azure Portal for the Function App configuration."
                    },
                    {
                      "description": "**2. Configure the Function App**\n\n1. In the Function App, select the Function App Name and select **Configuration**.\n2. In the **Application settings** tab, select **+ New application setting**.\n3. Add each of the following application settings individually, with their respective string values (case-sensitive): \n\tApplication ID\n\tTenant ID\n\t\tClient Secret\n\t\tLuminar API Client ID\n\t\tLuminar API Account ID\n\t\tLuminar API Client Secret\n\t\tLimit\n\t\tTimeInterval - Use logAnalyticsUri to override the log analytics API endpoint for dedicated cloud. For example, for public cloud, leave the value empty; for Azure GovUS cloud environment, specify the value in the following format: `https://<CustomerId>.ods.opinsights.azure.us`\n3. Once all application settings have been entered, click **Save**."
                    }
                  ]
                }
              }
            },
            {
              "type": "Microsoft.OperationalInsights/workspaces/providers/metadata",
              "apiVersion": "2023-04-01-preview",
              "name": "[concat(parameters('workspace'),'/Microsoft.SecurityInsights/',concat('DataConnector-', last(split(variables('_dataConnectorId1'),'/'))))]",
              "properties": {
                "parentId": "[extensionResourceId(resourceId('Microsoft.OperationalInsights/workspaces', parameters('workspace')), 'Microsoft.SecurityInsights/dataConnectors', variables('_dataConnectorContentId1'))]",
                "contentId": "[variables('_dataConnectorContentId1')]",
                "kind": "DataConnector",
                "version": "[variables('dataConnectorVersion1')]",
                "source": {
                  "kind": "Solution",
                  "name": "CognyteLuminar",
                  "sourceId": "[variables('_solutionId')]"
                },
                "author": {
                  "name": "Cognyte"
                },
                "support": {
                  "name": "Cognyte Luminar",
                  "email": "luminar@congyte.com",
                  "tier": "Partner",
                  "link": "https://www.cognyte.com/contact/"
                }
              }
            }
          ]
        },
        "packageKind": "Solution",
        "packageVersion": "[variables('_solutionVersion')]",
        "packageName": "[variables('_solutionName')]",
        "packageId": "[variables('_solutionId')]",
        "contentSchemaVersion": "3.0.0",
        "contentId": "[variables('_dataConnectorContentId1')]",
        "contentKind": "DataConnector",
        "displayName": "Luminar IOCs and Leaked Credentials (using Azure Functions)",
        "contentProductId": "[variables('_dataConnectorcontentProductId1')]",
        "id": "[variables('_dataConnectorcontentProductId1')]",
        "version": "[variables('dataConnectorVersion1')]"
      }
    },
    {
      "type": "Microsoft.OperationalInsights/workspaces/providers/metadata",
      "apiVersion": "2023-04-01-preview",
      "name": "[concat(parameters('workspace'),'/Microsoft.SecurityInsights/',concat('DataConnector-', last(split(variables('_dataConnectorId1'),'/'))))]",
      "dependsOn": [
        "[variables('_dataConnectorId1')]"
      ],
      "location": "[parameters('workspace-location')]",
      "properties": {
        "parentId": "[extensionResourceId(resourceId('Microsoft.OperationalInsights/workspaces', parameters('workspace')), 'Microsoft.SecurityInsights/dataConnectors', variables('_dataConnectorContentId1'))]",
        "contentId": "[variables('_dataConnectorContentId1')]",
        "kind": "DataConnector",
        "version": "[variables('dataConnectorVersion1')]",
        "source": {
          "kind": "Solution",
          "name": "CognyteLuminar",
          "sourceId": "[variables('_solutionId')]"
        },
        "author": {
          "name": "Cognyte"
        },
        "support": {
          "name": "Cognyte Luminar",
          "email": "luminar@congyte.com",
          "tier": "Partner",
          "link": "https://www.cognyte.com/contact/"
        }
      }
    },
    {
      "name": "[concat(parameters('workspace'),'/Microsoft.SecurityInsights/',variables('_dataConnectorContentId1'))]",
      "apiVersion": "2021-03-01-preview",
      "type": "Microsoft.OperationalInsights/workspaces/providers/dataConnectors",
      "location": "[parameters('workspace-location')]",
      "kind": "GenericUI",
      "properties": {
        "connectorUiConfig": {
          "title": "Luminar IOCs and Leaked Credentials (using Azure Functions)",
          "publisher": "Cognyte Technologies Israel Ltd",
          "descriptionMarkdown": "Luminar IOCs and Leaked Credentials connector allows integration of intelligence-based IOC data and customer-related leaked records identified by Luminar.",
          "graphQueries": [
            {
              "metricName": "Cognyte Luminar Threat Indicators data received",
              "legend": "ThreatIntelligenceIndicator | where SourceSystem contains 'Luminar'",
              "baseQuery": "ThreatIntelligenceIndicator | where SourceSystem contains 'Luminar'"
            },
            {
              "metricName": "Non-Cognyte Luminar Threat Indicators data received",
              "legend": "ThreatIntelligenceIndicator | where SourceSystem !contains 'Luminar'",
              "baseQuery": "ThreatIntelligenceIndicator | where SourceSystem !contains 'Luminar'"
            }
          ],
          "dataTypes": [
            {
              "name": "ThreatIntelligenceIndicator",
              "lastDataReceivedQuery": "ThreatIntelligenceIndicator\n            | summarize Time = max(TimeGenerated)\n            | where isnotempty(Time)"
            }
          ],
          "connectivityCriterias": [
            {
              "type": "IsConnectedQuery",
              "value": [
                "ThreatIntelligenceIndicator\n            | where SourceSystem contains 'Luminar'\n            | summarize LastLogReceived = max(TimeGenerated)\n            | project IsConnected = LastLogReceived > ago(30d)"
              ]
            },
            {
              "type": "IsConnectedQuery",
              "value": [
                "Report_links_data_CL\n            | summarize LastLogReceived = max(TimeGenerated)\n            | project IsConnected = LastLogReceived > ago(30d)"
              ]
            },
            {
              "type": "IsConnectedQuery",
              "value": [
                "ThreatIntelligenceIndicator\n             | where SourceSystem !contains 'Luminar'\n            | summarize LastLogReceived = max(TimeGenerated)\n            | project IsConnected = LastLogReceived > ago(30d)"
              ]
            }
          ],
          "sampleQueries": [
            {
              "description": "Cognyte Luminar Based Indicators Events - All Cognyte Luminar indicators in Microsoft Sentinel Threat Intelligence.",
              "query": "ThreatIntelligenceIndicator\n | where SourceSystem contains 'Luminar'\n | sort by TimeGenerated desc"
            },
            {
              "description": "Non-Cognyte Luminar Based Indicators Events - All Non-Cognyte Luminar indicators in Microsoft Sentinel Threat Intelligence.",
              "query": "ThreatIntelligenceIndicator\n | where SourceSystem !contains 'Luminar'\n | sort by TimeGenerated desc"
            }
          ],
          "availability": {
            "status": 1,
            "isPreview": false
          },
          "permissions": {
            "resourceProvider": [
              {
                "provider": "Microsoft.OperationalInsights/workspaces",
                "permissionsDisplayText": "read and write permissions on the workspace are required.",
                "providerDisplayName": "Workspace",
                "scope": "Workspace",
                "requiredPermissions": {
                  "write": true,
                  "read": true,
                  "delete": true
                }
              },
              {
                "provider": "Microsoft.OperationalInsights/workspaces/sharedKeys",
                "permissionsDisplayText": "read permissions to shared keys for the workspace are required. [See the documentation to learn more about workspace keys](https://docs.microsoft.com/azure/azure-monitor/platform/agent-windows#obtain-workspace-id-and-key).",
                "providerDisplayName": "Keys",
                "scope": "Workspace",
                "requiredPermissions": {
                  "action": true
                }
              }
            ],
            "customs": [
              {
                "name": "Azure Subscription",
                "description": "Azure Subscription with owner role is required to register an application in azure active directory() and assign role of contributor to app in resource group."
              },
              {
                "name": "Microsoft.Web/sites permissions",
                "description": "Read and write permissions to Azure Functions to create a Function App is required. [See the documentation to learn more about Azure Functions](https://docs.microsoft.com/azure/azure-functions/)."
              },
              {
                "name": "REST API Credentials/permissions",
                "description": "**Luminar Client ID**, **Luminar Client Secret** and **Luminar Account ID** are required."
              }
            ]
          },
          "instructionSteps": [
            {
              "description": ">**NOTE:** This connector uses Azure Functions to connect to the Cognyte Luminar API to pull Luminar IOCs and Leaked Credentials into Microsoft Sentinel. This might result in additional costs for data ingestion and for storing data in Azure Blob Storage costs. Check the [Azure Functions pricing page](https://azure.microsoft.com/pricing/details/functions/) and [Azure Blob Storage pricing page](https://azure.microsoft.com/pricing/details/storage/blobs/) for details."
            },
            {
              "description": ">**(Optional Step)** Securely store workspace and API authorization key(s) or token(s) in Azure Key Vault. Azure Key Vault provides a secure mechanism to store and retrieve key values. [Follow these instructions](https://docs.microsoft.com/azure/app-service/app-service-key-vault-references) to use Azure Key Vault with an Azure Function App."
            },
            {
              "instructions": [
                {
                  "parameters": {
                    "fillWith": [
                      "WorkspaceId"
                    ],
                    "label": "Workspace ID"
                  },
                  "type": "CopyableLabel"
                },
                {
                  "parameters": {
                    "fillWith": [
                      "PrimaryKey"
                    ],
                    "label": "Primary Key"
                  },
                  "type": "CopyableLabel"
                }
              ]
            },
            {
              "description": "Use this method for automated deployment of the data connector using an ARM Template.\n\n1. Click the **Deploy to Azure** button below. \n\n\t[![Deploy To Azure](https://aka.ms/deploytoazurebutton)](https://portal.azure.com/#create/Microsoft.Template/uri/https%3A%2F%2Fgithub.com%2FAzure%2FAzure-Sentinel%2Fraw%2Fmaster%2FSolutions%2FCognyteLuminar%2FData%20Connectors%2Fazuredeploy_LuminarFuncApp_AzureFunction.json)\n2. Select the preferred **Subscription**, **Resource Group** and **Location**. \n3. Enter the **Application ID**, **Tenant ID**,**Client Secret**, **Luminar API Client ID**, **Luminar API Account ID**, **Luminar API Client Secret**, **Limit**, **TimeInterval** and deploy.\n4. Mark the checkbox labeled **I agree to the terms and conditions stated above**.\n5. Click **Purchase** to deploy.",
              "title": "Option 1 - Azure Resource Manager (ARM) Template"
            },
            {
              "description": "Use the following step-by-step instructions to deploy the Cognyte Luminar data connector manually with Azure Functions (Deployment via Visual Studio Code).",
              "title": "Option 2 - Manual Deployment of Azure Functions"
            },
            {
              "description": "**1. Deploy a Function App**\n\n> NOTE:You will need to [prepare VS code](https://docs.microsoft.com/azure/azure-functions/functions-create-first-function-python#prerequisites) for Azure function development.\n\n1. Download the [Azure Function App](https://github.com/Azure/Azure-Sentinel/blob/master/Solutions/CognyteLuminar/Data%20Connectors/Cognyte%20Luminar.zip?raw=true) file. Extract archive to your local development computer.\n2. Start VS Code. Choose File in the main menu and select Open Folder.\n3. Select the top level folder from extracted files.\n4. Choose the Azure icon in the Activity bar, then in the **Azure: Functions** area, choose the **Deploy to function app** button.\nIf you aren't already signed in, choose the Azure icon in the Activity bar, then in the **Azure: Functions** area, choose **Sign in to Azure**\nIf you're already signed in, go to the next step.\n5. Provide the following information at the prompts:\n\n\ta. **Select folder:** Choose a folder from your workspace or browse to one that contains your function app.\n\n\tb. **Select Subscription:** Choose the subscription to use.\n\n\tc. Select **Create new Function App in Azure** (Don't choose the Advanced option)\n\n\td. **Enter a globally unique name for the function app:** Type a name that is valid in a URL path. The name you type is validated to make sure that it's unique in Azure Functions. (e.g. CognyteLuminarXXX).\n\n\te. **Select a runtime:** Choose Python 3.8.\n\n\tf. Select a location for new resources. For better performance and lower costs choose the same [region](https://azure.microsoft.com/regions/) where Microsoft sentinel is located.\n\n6. Deployment will begin. A notification is displayed after your function app is created and the deployment package is applied.\n7. Go to Azure Portal for the Function App configuration."
            },
            {
              "description": "**2. Configure the Function App**\n\n1. In the Function App, select the Function App Name and select **Configuration**.\n2. In the **Application settings** tab, select **+ New application setting**.\n3. Add each of the following application settings individually, with their respective string values (case-sensitive): \n\tApplication ID\n\tTenant ID\n\t\tClient Secret\n\t\tLuminar API Client ID\n\t\tLuminar API Account ID\n\t\tLuminar API Client Secret\n\t\tLimit\n\t\tTimeInterval - Use logAnalyticsUri to override the log analytics API endpoint for dedicated cloud. For example, for public cloud, leave the value empty; for Azure GovUS cloud environment, specify the value in the following format: `https://<CustomerId>.ods.opinsights.azure.us`\n3. Once all application settings have been entered, click **Save**."
            }
          ],
          "id": "[variables('_uiConfigId1')]"
        }
      }
    },
    {
      "type": "Microsoft.OperationalInsights/workspaces/providers/contentPackages",
      "apiVersion": "2023-04-01-preview",
      "location": "[parameters('workspace-location')]",
      "properties": {
        "version": "3.0.0",
        "kind": "Solution",
        "contentSchemaVersion": "3.0.0",
        "displayName": "CognyteLuminar",
        "publisherDisplayName": "Cognyte Luminar",
        "descriptionHtml": "<p><strong>Note:</strong> <em>There may be <a href=\"https://aka.ms/sentinelsolutionsknownissues\">known issues</a> pertaining to this Solution, please refer to them before installing.</em></p>\n<p>Luminar IOCs and Leaked Credentials connector allows integration of intelligence-based IOC data and customer-related leaked records identified by Luminar.</p>\n<p><strong>Data Connectors:</strong> 1</p>\n<p><a href=\"https://aka.ms/azuresentinel\">Learn more about Microsoft Sentinel</a> | <a href=\"https://aka.ms/azuresentinelsolutionsdoc\">Learn more about Solutions</a></p>\n",
        "contentKind": "Solution",
        "contentProductId": "[variables('_solutioncontentProductId')]",
        "id": "[variables('_solutioncontentProductId')]",
        "icon": "<img src=\"https://raw.githubusercontent.com/azure/azure-Sentinel/master/Logos/CognyteLuminar.svg\" width=\"75\" height=\"75\" >",
        "contentId": "[variables('_solutionId')]",
        "parentId": "[variables('_solutionId')]",
        "source": {
          "kind": "Solution",
          "name": "CognyteLuminar",
          "sourceId": "[variables('_solutionId')]"
        },
        "author": {
          "name": "Cognyte"
        },
        "support": {
          "name": "Cognyte Luminar",
          "email": "luminar@congyte.com",
          "tier": "Partner",
          "link": "https://www.cognyte.com/contact/"
        },
        "dependencies": {
          "operator": "AND",
          "criteria": [
            {
              "kind": "DataConnector",
              "contentId": "[variables('_dataConnectorContentId1')]",
              "version": "[variables('dataConnectorVersion1')]"
            }
          ]
        },
        "providers": [
          "Cognyte Technologies Israel Ltd"
        ],
        "categories": {
          "domains": [
            "Security - Automation (SOAR)",
            "Security - Threat Intelligence"
          ]
        }
      },
      "name": "[concat(parameters('workspace'),'/Microsoft.SecurityInsights/', variables('_solutionId'))]"
    }
  ],
  "outputs": {}
}
