{
  "$schema": "https://schema.management.azure.com/schemas/2019-04-01/deploymentTemplate.json#",
  "contentVersion": "1.0.0.0",
  "metadata": {
    "author": "Ronald Czachara - ron@signl4.com",
    "comments": "Solution template for SIGNL4"
  },
  "parameters": {
    "location": {
      "type": "string",
      "minLength": 1,
      "defaultValue": "[resourceGroup().location]",
      "metadata": {
        "description": "Not used, but needed to pass arm-ttk test `Location-Should-Not-Be-Hardcoded`.  We instead use the `workspace-location` which is derived from the LA workspace"
      }
    },
    "workspace-location": {
      "type": "string",
      "defaultValue": "",
      "metadata": {
        "description": "[concat('Region to deploy solution resources -- separate from location selection',parameters('location'))]"
      }
    },
    "workspace": {
      "defaultValue": "",
      "type": "string",
      "metadata": {
        "description": "Workspace name for Log Analytics where Microsoft Sentinel is setup"
      }
    }
  },
  "variables": {
    "solutionId": "derdack.azure-sentinel-solution-signl4",
    "_solutionId": "[variables('solutionId')]",
    "email": "ron@signl4.com",
    "_email": "[variables('email')]",
    "Playbooks": "Playbooks",
    "_Playbooks": "[variables('Playbooks')]",
    "playbookVersion1": "1.0",
    "playbookContentId1": "Playbooks",
    "_playbookContentId1": "[variables('playbookContentId1')]",
    "playbookId1": "[resourceId('Microsoft.Logic/workflows', variables('playbookContentId1'))]",
    "playbookTemplateSpecName1": "[concat(parameters('workspace'),'-pl-',uniquestring(variables('_playbookContentId1')))]",
    "workspaceResourceId": "[resourceId('microsoft.OperationalInsights/Workspaces', parameters('workspace'))]",
    "uiConfigId1": "DerdackSIGNL4",
    "_uiConfigId1": "[variables('uiConfigId1')]",
    "dataConnectorContentId1": "DerdackSIGNL4",
    "_dataConnectorContentId1": "[variables('dataConnectorContentId1')]",
    "dataConnectorId1": "[extensionResourceId(resourceId('Microsoft.OperationalInsights/workspaces', parameters('workspace')), 'Microsoft.SecurityInsights/dataConnectors', variables('_dataConnectorContentId1'))]",
    "_dataConnectorId1": "[variables('dataConnectorId1')]",
    "dataConnectorTemplateSpecName1": "[concat(parameters('workspace'),'-dc-',uniquestring(variables('_dataConnectorContentId1')))]",
    "dataConnectorVersion1": "1.0.0"
  },
  "resources": [
    {
      "type": "Microsoft.Resources/templateSpecs",
      "apiVersion": "2021-05-01",
      "name": "[variables('playbookTemplateSpecName1')]",
      "location": "[parameters('workspace-location')]",
      "tags": {
        "hidden-sentinelWorkspaceId": "[variables('workspaceResourceId')]",
        "hidden-sentinelContentType": "Playbook"
      },
      "properties": {
        "description": "SIGNL4_Alerting_and_Response playbook",
        "displayName": "SIGNL4_Alerting_and_Response playbook"
      }
    },
    {
      "type": "Microsoft.Resources/templateSpecs/versions",
      "apiVersion": "2021-05-01",
      "name": "[concat(variables('playbookTemplateSpecName1'),'/',variables('playbookVersion1'))]",
      "location": "[parameters('workspace-location')]",
      "tags": {
        "hidden-sentinelWorkspaceId": "[variables('workspaceResourceId')]",
        "hidden-sentinelContentType": "Playbook"
      },
      "dependsOn": [
        "[resourceId('Microsoft.Resources/templateSpecs', variables('playbookTemplateSpecName1'))]"
      ],
      "properties": {
        "description": "SIGNL4_Alerting_and_Response Playbook with template version 2.0.1",
        "mainTemplate": {
          "$schema": "https://schema.management.azure.com/schemas/2019-04-01/deploymentTemplate.json#",
          "contentVersion": "[variables('playbookVersion1')]",
          "parameters": {
            "PlaybookName": {
              "defaultValue": "SIGNL4_Alerting_and_Response",
              "type": "string",
              "metadata": {
                "description": "Name of the playbook (Logic Apps resource) which will be created"
              }
            }
          },
          "variables": {
            "AzureSentinelConnectionName": "[[concat('azuresentinel-', parameters('PlaybookName'))]",
            "SIGNL4ConnectionName": "[[concat('signl4-', parameters('PlaybookName'))]",
            "connection-1": "[[concat('/subscriptions/', subscription().subscriptionId, '/providers/Microsoft.Web/locations/', variables('workspace-location-inline'), '/managedApis/azuresentinel')]",
            "_connection-1": "[[variables('connection-1')]",
            "connection-2": "[[concat('/subscriptions/', subscription().subscriptionId, '/providers/Microsoft.Web/locations/', variables('workspace-location-inline'), '/managedApis/signl4')]",
            "_connection-2": "[[variables('connection-2')]",
            "workspace-location-inline": "[concat('[resourceGroup().locatio', 'n]')]",
            "workspace-name": "[parameters('workspace')]",
            "workspaceResourceId": "[[resourceId('microsoft.OperationalInsights/Workspaces', variables('workspace-name'))]"
          },
          "resources": [
            {
              "type": "Microsoft.Web/connections",
              "apiVersion": "2016-06-01",
              "name": "[[variables('AzureSentinelConnectionName')]",
              "location": "[[variables('workspace-location-inline')]",
              "kind": "V1",
              "properties": {
                "displayName": "[[variables('AzureSentinelConnectionName')]",
                "parameterValueType": "Alternative",
                "api": {
                  "id": "[[variables('_connection-1')]"
                }
              }
            },
            {
              "type": "Microsoft.Web/connections",
              "apiVersion": "2016-06-01",
              "name": "[[variables('SIGNL4ConnectionName')]",
              "location": "[[variables('workspace-location-inline')]",
              "properties": {
                "displayName": "[[variables('SIGNL4ConnectionName')]",
                "api": {
                  "id": "[[variables('_connection-2')]"
                }
              }
            },
            {
              "type": "Microsoft.Logic/workflows",
              "apiVersion": "2017-07-01",
              "name": "[[parameters('PlaybookName')]",
              "location": "[[variables('workspace-location-inline')]",
              "tags": {
                "LogicAppsCategory": "security",
                "hidden-SentinelTemplateName": "SIGNL4",
                "hidden-SentinelTemplateVersion": "1.0",
                "hidden-SentinelWorkspaceId": "[[variables('workspaceResourceId')]"
              },
              "identity": {
                "type": "SystemAssigned"
              },
              "dependsOn": [
                "[[resourceId('Microsoft.Web/connections', variables('AzureSentinelConnectionName'))]",
                "[[resourceId('Microsoft.Web/connections', variables('SIGNL4ConnectionName'))]"
              ],
              "properties": {
                "state": "Enabled",
                "definition": {
                  "$schema": "https://schema.management.azure.com/providers/Microsoft.Logic/schemas/2016-06-01/workflowdefinition.json#",
                  "contentVersion": "1.0.0.0",
                  "parameters": {
                    "$connections": {
                      "type": "Object"
                    }
                  },
                  "triggers": {
                    "When_Azure_Sentinel_incident_creation_rule_was_triggered": {
                      "inputs": {
                        "body": {
                          "callback_url": "@{listCallbackUrl()}"
                        },
                        "host": {
                          "connection": {
                            "name": "@parameters('$connections')['azuresentinel']['connectionId']"
                          }
                        },
                        "path": "/incident-creation"
                      },
                      "type": "ApiConnectionWebhook"
                    }
                  },
                  "actions": {
                    "For_each": {
                      "foreach": "@triggerBody()?['object']?['properties']?['Alerts']",
                      "actions": {
                        "Trigger_Alert": {
                          "type": "ApiConnection",
                          "inputs": {
                            "body": {
                              "flags": 0,
                              "severity": 0,
                              "text": "@items('For_each')?['properties']?['description']",
                              "title": "Microsoft Sentinel Alert"
                            },
                            "host": {
                              "connection": {
                                "name": "@parameters('$connections')['signl4']['connectionId']"
                              }
                            },
                            "method": "post",
                            "path": "/alerts"
                          }
                        }
                      },
                      "type": "Foreach"
                    }
                  }
                },
                "parameters": {
                  "$connections": {
                    "value": {
                      "azuresentinel": {
                        "connectionId": "[[resourceId('Microsoft.Web/connections', variables('AzureSentinelConnectionName'))]",
                        "connectionName": "[[variables('AzureSentinelConnectionName')]",
                        "id": "[[concat('/subscriptions/', subscription().subscriptionId, '/providers/Microsoft.Web/locations/', variables('workspace-location-inline'), '/managedApis/azuresentinel')]",
                        "connectionProperties": {
                          "authentication": {
                            "type": "ManagedServiceIdentity"
                          }
                        }
                      },
                      "signl4": {
                        "connectionId": "[[resourceId('Microsoft.Web/connections', variables('SIGNL4ConnectionName'))]",
                        "connectionName": "[[variables('SIGNL4ConnectionName')]",
                        "id": "[[concat('/subscriptions/', subscription().subscriptionId, '/providers/Microsoft.Web/locations/', variables('workspace-location-inline'), '/managedApis/signl4')]"
                      }
                    }
                  }
                }
              }
            },
            {
              "type": "Microsoft.OperationalInsights/workspaces/providers/metadata",
              "apiVersion": "2022-01-01-preview",
              "name": "[concat(parameters('workspace'),'/Microsoft.SecurityInsights/',concat('Playbook-', last(split(variables('playbookId1'),'/'))))]",
              "properties": {
                "parentId": "[variables('playbookId1')]",
                "contentId": "[variables('_playbookContentId1')]",
                "kind": "Playbook",
                "version": "[variables('playbookVersion1')]",
                "source": {
                  "kind": "Solution",
                  "name": "SIGNL4",
                  "sourceId": "[variables('_solutionId')]"
                },
                "author": {
                  "name": "Ronald Czachara",
                  "email": "[variables('_email')]"
                },
                "support": {
                  "name": "Derdack",
                  "email": "success@signl4.com",
                  "tier": "Partner",
                  "link": "https://www.signl4.com"
                }
              }
            }
          ],
          "metadata": {
            "title": "SIGNL4 Alerting and Response",
            "description": "This playbook will be sending alerts with basic incidents to SIGNL4 teams when an incident is created in Microsoft Sentinel.",
            "mainSteps": [
              "When a new incident is created:",
              "1. Send alert to SIGNL4 team"
            ],
            "prerequisites": [
              "A [SIGNL4](https://www.signl4.com) account. \n\n [SIGNL4](https://www.signl4.com) is a mobile alerting and incident response service for operational teams. You can send alerts via app push, SMS text or voice calls including tracking, escalation, on-call planning and collaboration."
            ],
            "lastUpdateTime": "2022-08-02T00:00:00Z",
            "postDeployment": [
              "**Configure connections** \n\n Edit the Logic App or go to Logic app designer. \n\n Expand 'Trigger Alert' and connector to your SIGNL4 account by adding a new connection or signing-in to your existing one. \n\n You also adapt the alert details to be sent according to your needs. You also might want to add conditions or further processing or enrichment before submitting the alert. \n\n ** Attach the playbook ** \n\n After deployment, attach this playbook to an automation rule so it runs when the incident is created. \n\n [Learn more about automation rules](https://docs.microsoft.com/azure/sentinel/automate-incident-handling-with-automation-rules#creating-and-managing-automation-rules) \n\n Note: Playbook is disabled by default. Please enable it before assigning to the Automation rule!"
            ],
            "releaseNotes": [
              {
                "version": "1.0.0",
                "title": "SIGNL4 Alerting and Response",
                "notes": [
                  "Initial version"
                ]
              }
            ]
          }
        }
      }
    },
    {
      "type": "Microsoft.Resources/templateSpecs",
      "apiVersion": "2021-05-01",
      "name": "[variables('dataConnectorTemplateSpecName1')]",
      "location": "[parameters('workspace-location')]",
      "tags": {
        "hidden-sentinelWorkspaceId": "[variables('workspaceResourceId')]",
        "hidden-sentinelContentType": "DataConnector"
      },
      "properties": {
        "description": "SIGNL4 data connector with template",
        "displayName": "SIGNL4 template"
      }
    },
    {
      "type": "Microsoft.Resources/templateSpecs/versions",
      "apiVersion": "2021-05-01",
      "name": "[concat(variables('dataConnectorTemplateSpecName1'),'/',variables('dataConnectorVersion1'))]",
      "location": "[parameters('workspace-location')]",
      "tags": {
        "hidden-sentinelWorkspaceId": "[variables('workspaceResourceId')]",
        "hidden-sentinelContentType": "DataConnector"
      },
      "dependsOn": [
        "[resourceId('Microsoft.Resources/templateSpecs', variables('dataConnectorTemplateSpecName1'))]"
      ],
      "properties": {
        "description": "SIGNL4 data connector with template version 2.0.1",
        "mainTemplate": {
          "$schema": "https://schema.management.azure.com/schemas/2019-04-01/deploymentTemplate.json#",
          "contentVersion": "[variables('dataConnectorVersion1')]",
          "parameters": {},
          "variables": {},
          "resources": [
            {
              "name": "[concat(parameters('workspace'),'/Microsoft.SecurityInsights/',variables('_dataConnectorContentId1'))]",
              "apiVersion": "2021-03-01-preview",
              "type": "Microsoft.OperationalInsights/workspaces/providers/dataConnectors",
              "location": "[parameters('workspace-location')]",
              "kind": "GenericUI",
              "properties": {
                "connectorUiConfig": {
                  "id": "[variables('_uiConfigId1')]",
                  "title": "Derdack SIGNL4",
                  "publisher": "Derdack",
                  "descriptionMarkdown": "When critical systems fail or security incidents happen, SIGNL4 bridges the ‘last mile’ to your staff, engineers, IT admins and workers in the field. It adds real-time mobile alerting to your services, systems, and processes in no time. SIGNL4 notifies through persistent mobile push, SMS text and voice calls with acknowledgement, tracking and escalation. Integrated duty and shift scheduling ensure the right people are alerted at the right time.\n\n[Learn more >](https://www.signl4.com)",
                  "graphQueries": [
                    {
                      "metricName": "Total data received",
                      "legend": "SIGNL4_CL",
                      "baseQuery": "SecurityIncident"
                    }
                  ],
                  "sampleQueries": [
                    {
                      "description": "Get SIGNL4 alert and status information.",
                      "query": "SecurityIncident\n | where Labels contains \"SIGNL4\""
                    }
                  ],
                  "dataTypes": [
                    {
                      "name": "SIGNL4_CL",
                      "lastDataReceivedQuery": "SecurityIncident\n | where Labels contains \"SIGNL4\" | summarize Time = max(TimeGenerated) | where isnotempty(Time)"
                    }
                  ],
                  "connectivityCriterias": [
                    {
                      "type": "IsConnectedQuery",
                      "value": [
                        "SecurityIncident\n | where Labels contains \"SIGNL4\""
                      ]
                    }
                  ],
                  "availability": {
                    "status": 1,
                    "isPreview": false
                  },
                  "permissions": {
                    "resourceProvider": [
                      {
                        "provider": "Microsoft.OperationalInsights/workspaces",
                        "permissionsDisplayText": "read and write permissions are required.",
                        "providerDisplayName": "Workspace",
                        "scope": "Workspace",
                        "requiredPermissions": {
                          "write": true,
                          "read": true,
                          "delete": true
                        }
                      },
                      {
                        "provider": "Microsoft.OperationalInsights/workspaces/sharedKeys",
                        "permissionsDisplayText": "read permissions to shared keys for the workspace are required. [See the documentation to learn more about workspace keys](https://docs.microsoft.com/azure/azure-monitor/platform/agent-windows#obtain-workspace-id-and-key).",
                        "providerDisplayName": "Keys",
                        "scope": "Workspace",
                        "requiredPermissions": {
                          "action": true
                        }
                      }
                    ]
                  },
                  "instructionSteps": [
                    {
                      "description": ">**NOTE:** This data connector is mainly configured on the SIGNL4 side. You can find a description video here: [**Integrate SIGNL4 with Microsoft Sentinel**](https://www.signl4.com/blog/portfolio_item/azure-sentinel-mobile-alert-notification-duty-schedule-escalation/)."
                    },
                    {
                      "description": ">**SIGNL4 Connector:** The SIGNL4 connector for Microsoft Sentinel, Azure Security Center and other Azure Graph Security API providers provides seamless 2-way integration with your Azure Security solutions. Once added to your SIGNL4 team, the connector will read security alerts from Azure Graph Security API and fully automatically and trigger alert notifications to your team members on duty. It will also synchronize the alert status from SIGNL4 to Graph Security API, so that if alerts are acknowledged or closed, this status is also updated on the according Azure Graph Security API alert or the corresponding security provider. As mentioned, the connector mainly uses Azure Graph Security API, but for some security providers, such as Microsoft Sentinel, it also uses dedicated REST APIs from according Azure solutions."
                    },
                    {
                      "description": "Microsoft Sentinel is a cloud native SIEM solution from Microsoft and a security alert provider in Azure Graph Security API. However, the level of alert details available with the Graph Security API is limited for Microsoft Sentinel. The connector can therefore augment alerts with further details (insights rule search results), from the underlying Microsoft Sentinel Log Analytics workspace. To be able to do that, the connector communicates with Azure Log Analytics REST API and needs according permissions (see below). Furthermore, the app can also update the status of Microsoft Sentinel incidents, when all related security alerts are e.g. in progress or resolved. In order to be able to do that, the connector needs to be a member of the 'Microsoft Sentinel Contributors' group in your Azure Subscription.\n **Automated deployment in Azure**\n The credentials required to access the beforementioned APIs, are generated by a small PowerShell script that you can download below. The script performs the following tasks for you:\n - Logs you on to your Azure Subscription (please login with an administrator account)\n - Creates a new enterprise application for this connector in your Azure AD, also referred to as service principal\n - Creates a new role in your Azure IAM that grants read/query permission to only Azure Log Analytics workspaces.\n - Joins the enterprise application to that user role\n - Joins the enterprise application to the 'Microsoft Sentinel Contributors' role\n - Outputs some data that you need to configure app (see below)",
                      "title": "Microsoft Sentinel Features"
                    },
                    {
                      "description": "1. Download the PowerShell deployment script from [here](https://github.com/signl4/signl4-integration-azuresentinel/blob/master/registerSIGNL4Client.ps1).\n2. Review the script and the roles and permission scopes it deploys for the new app registration. If you don't want to use the connector with Microsoft Sentinel, you could remove all role creation and role assignment code and only use it to create the app registration (SPN) in your Azure Active Directory.\n3. Run the script. At the end it outputs information that you need to enter in the connector app configuration.\n4. In Azure AD, click on 'App Registrations'. Find the app with the name 'SIGNL4AzureSecurity' and open its details\n5. On the left menu blade click 'API Permissions'. Then click 'Add a permission'.\n6. On the blade that loads, under 'Microsoft APIs' click on the 'Microsoft Graph' tile, then click 'App permission'.\n7. In the table that is displayed expand 'SecurityEvents' and check 'SecurityEvents.Read.All' and 'SecurityEvents.ReadWrite.All'.\n8. Click 'Add permissions'.",
                      "title": "Deployment procedure"
                    },
                    {
                      "description": "Finally, enter the IDs, that the script has outputted in the connector configuration:\n - Azure Tenant ID\n - Azure Subscription ID\n - Client ID (of the enterprise application)\n - Client Secret (of the enterprise application)\n Once the app is enabled, it will start reading your Azure Graph Security API alerts.\n\n>**NOTE:** It will initially only read the alerts that have occurred within the last 24 hours.",
                      "instructions": [
                        {
                          "parameters": {
                            "fillWith": [
                              "WorkspaceId"
                            ],
                            "label": "Workspace ID"
                          },
                          "type": "CopyableLabel"
                        }
                      ],
                      "title": "Configuring the SIGNL4 connector app"
                    }
                  ]
                }
              }
            },
            {
              "type": "Microsoft.OperationalInsights/workspaces/providers/metadata",
              "apiVersion": "2022-01-01-preview",
              "name": "[concat(parameters('workspace'),'/Microsoft.SecurityInsights/',concat('DataConnector-', last(split(variables('_dataConnectorId1'),'/'))))]",
              "properties": {
                "parentId": "[extensionResourceId(resourceId('Microsoft.OperationalInsights/workspaces', parameters('workspace')), 'Microsoft.SecurityInsights/dataConnectors', variables('_dataConnectorContentId1'))]",
                "contentId": "[variables('_dataConnectorContentId1')]",
                "kind": "DataConnector",
                "version": "[variables('dataConnectorVersion1')]",
                "source": {
                  "kind": "Solution",
                  "name": "SIGNL4",
                  "sourceId": "[variables('_solutionId')]"
                },
                "author": {
                  "name": "Ronald Czachara",
                  "email": "[variables('_email')]"
                },
                "support": {
                  "name": "Derdack",
                  "email": "success@signl4.com",
                  "tier": "Partner",
                  "link": "https://www.signl4.com"
                }
              }
            }
          ]
        }
      }
    },
    {
      "type": "Microsoft.OperationalInsights/workspaces/providers/metadata",
      "apiVersion": "2022-01-01-preview",
      "name": "[concat(parameters('workspace'),'/Microsoft.SecurityInsights/',concat('DataConnector-', last(split(variables('_dataConnectorId1'),'/'))))]",
      "dependsOn": [
        "[variables('_dataConnectorId1')]"
      ],
      "location": "[parameters('workspace-location')]",
      "properties": {
        "parentId": "[extensionResourceId(resourceId('Microsoft.OperationalInsights/workspaces', parameters('workspace')), 'Microsoft.SecurityInsights/dataConnectors', variables('_dataConnectorContentId1'))]",
        "contentId": "[variables('_dataConnectorContentId1')]",
        "kind": "DataConnector",
        "version": "[variables('dataConnectorVersion1')]",
        "source": {
          "kind": "Solution",
          "name": "SIGNL4",
          "sourceId": "[variables('_solutionId')]"
        },
        "author": {
          "name": "Ronald Czachara",
          "email": "[variables('_email')]"
        },
        "support": {
          "name": "Derdack",
          "email": "success@signl4.com",
          "tier": "Partner",
          "link": "https://www.signl4.com"
        }
      }
    },
    {
      "name": "[concat(parameters('workspace'),'/Microsoft.SecurityInsights/',variables('_dataConnectorContentId1'))]",
      "apiVersion": "2021-03-01-preview",
      "type": "Microsoft.OperationalInsights/workspaces/providers/dataConnectors",
      "location": "[parameters('workspace-location')]",
      "kind": "GenericUI",
      "properties": {
        "connectorUiConfig": {
          "title": "Derdack SIGNL4",
          "publisher": "Derdack",
          "descriptionMarkdown": "When critical systems fail or security incidents happen, SIGNL4 bridges the ‘last mile’ to your staff, engineers, IT admins and workers in the field. It adds real-time mobile alerting to your services, systems, and processes in no time. SIGNL4 notifies through persistent mobile push, SMS text and voice calls with acknowledgement, tracking and escalation. Integrated duty and shift scheduling ensure the right people are alerted at the right time.\n\n[Learn more >](https://www.signl4.com)",
          "graphQueries": [
            {
              "metricName": "Total data received",
              "legend": "SIGNL4_CL",
              "baseQuery": "SecurityIncident"
            }
          ],
          "dataTypes": [
            {
              "name": "SIGNL4_CL",
              "lastDataReceivedQuery": "SecurityIncident\n | where Labels contains \"SIGNL4\" | summarize Time = max(TimeGenerated) | where isnotempty(Time)"
            }
          ],
          "connectivityCriterias": [
            {
              "type": "IsConnectedQuery",
              "value": [
                "SecurityIncident\n | where Labels contains \"SIGNL4\""
              ]
            }
          ],
          "sampleQueries": [
            {
              "description": "Get SIGNL4 alert and status information.",
              "query": "SecurityIncident\n | where Labels contains \"SIGNL4\""
            }
          ],
          "availability": {
            "status": 1,
            "isPreview": false
          },
          "permissions": {
            "resourceProvider": [
              {
                "provider": "Microsoft.OperationalInsights/workspaces",
                "permissionsDisplayText": "read and write permissions are required.",
                "providerDisplayName": "Workspace",
                "scope": "Workspace",
                "requiredPermissions": {
                  "write": true,
                  "read": true,
                  "delete": true
                }
              },
              {
                "provider": "Microsoft.OperationalInsights/workspaces/sharedKeys",
                "permissionsDisplayText": "read permissions to shared keys for the workspace are required. [See the documentation to learn more about workspace keys](https://docs.microsoft.com/azure/azure-monitor/platform/agent-windows#obtain-workspace-id-and-key).",
                "providerDisplayName": "Keys",
                "scope": "Workspace",
                "requiredPermissions": {
                  "action": true
                }
              }
            ]
          },
          "instructionSteps": [
            {
              "description": ">**NOTE:** This data connector is mainly configured on the SIGNL4 side. You can find a description video here: [**Integrate SIGNL4 with Microsoft Sentinel**](https://www.signl4.com/blog/portfolio_item/azure-sentinel-mobile-alert-notification-duty-schedule-escalation/)."
            },
            {
              "description": ">**SIGNL4 Connector:** The SIGNL4 connector for Microsoft Sentinel, Azure Security Center and other Azure Graph Security API providers provides seamless 2-way integration with your Azure Security solutions. Once added to your SIGNL4 team, the connector will read security alerts from Azure Graph Security API and fully automatically and trigger alert notifications to your team members on duty. It will also synchronize the alert status from SIGNL4 to Graph Security API, so that if alerts are acknowledged or closed, this status is also updated on the according Azure Graph Security API alert or the corresponding security provider. As mentioned, the connector mainly uses Azure Graph Security API, but for some security providers, such as Microsoft Sentinel, it also uses dedicated REST APIs from according Azure solutions."
            },
            {
              "description": "Microsoft Sentinel is a cloud native SIEM solution from Microsoft and a security alert provider in Azure Graph Security API. However, the level of alert details available with the Graph Security API is limited for Microsoft Sentinel. The connector can therefore augment alerts with further details (insights rule search results), from the underlying Microsoft Sentinel Log Analytics workspace. To be able to do that, the connector communicates with Azure Log Analytics REST API and needs according permissions (see below). Furthermore, the app can also update the status of Microsoft Sentinel incidents, when all related security alerts are e.g. in progress or resolved. In order to be able to do that, the connector needs to be a member of the 'Microsoft Sentinel Contributors' group in your Azure Subscription.\n **Automated deployment in Azure**\n The credentials required to access the beforementioned APIs, are generated by a small PowerShell script that you can download below. The script performs the following tasks for you:\n - Logs you on to your Azure Subscription (please login with an administrator account)\n - Creates a new enterprise application for this connector in your Azure AD, also referred to as service principal\n - Creates a new role in your Azure IAM that grants read/query permission to only Azure Log Analytics workspaces.\n - Joins the enterprise application to that user role\n - Joins the enterprise application to the 'Microsoft Sentinel Contributors' role\n - Outputs some data that you need to configure app (see below)",
              "title": "Microsoft Sentinel Features"
            },
            {
              "description": "1. Download the PowerShell deployment script from [here](https://github.com/signl4/signl4-integration-azuresentinel/blob/master/registerSIGNL4Client.ps1).\n2. Review the script and the roles and permission scopes it deploys for the new app registration. If you don't want to use the connector with Microsoft Sentinel, you could remove all role creation and role assignment code and only use it to create the app registration (SPN) in your Azure Active Directory.\n3. Run the script. At the end it outputs information that you need to enter in the connector app configuration.\n4. In Azure AD, click on 'App Registrations'. Find the app with the name 'SIGNL4AzureSecurity' and open its details\n5. On the left menu blade click 'API Permissions'. Then click 'Add a permission'.\n6. On the blade that loads, under 'Microsoft APIs' click on the 'Microsoft Graph' tile, then click 'App permission'.\n7. In the table that is displayed expand 'SecurityEvents' and check 'SecurityEvents.Read.All' and 'SecurityEvents.ReadWrite.All'.\n8. Click 'Add permissions'.",
              "title": "Deployment procedure"
            },
            {
              "description": "Finally, enter the IDs, that the script has outputted in the connector configuration:\n - Azure Tenant ID\n - Azure Subscription ID\n - Client ID (of the enterprise application)\n - Client Secret (of the enterprise application)\n Once the app is enabled, it will start reading your Azure Graph Security API alerts.\n\n>**NOTE:** It will initially only read the alerts that have occurred within the last 24 hours.",
              "instructions": [
                {
                  "parameters": {
                    "fillWith": [
                      "WorkspaceId"
                    ],
                    "label": "Workspace ID"
                  },
                  "type": "CopyableLabel"
                }
              ],
              "title": "Configuring the SIGNL4 connector app"
            }
          ],
          "id": "[variables('_uiConfigId1')]"
        }
      }
    },
    {
      "type": "Microsoft.OperationalInsights/workspaces/providers/metadata",
      "apiVersion": "2022-01-01-preview",
      "location": "[parameters('workspace-location')]",
      "properties": {
        "version": "2.0.1",
        "kind": "Solution",
        "contentSchemaVersion": "2.0.0",
        "contentId": "[variables('_solutionId')]",
        "parentId": "[variables('_solutionId')]",
        "source": {
          "kind": "Solution",
          "name": "SIGNL4",
          "sourceId": "[variables('_solutionId')]"
        },
        "author": {
          "name": "Ronald Czachara",
          "email": "[variables('_email')]"
        },
        "support": {
          "name": "Derdack",
          "email": "success@signl4.com",
          "tier": "Partner",
          "link": "https://www.signl4.com"
        },
        "dependencies": {
          "operator": "AND",
          "criteria": [
            {
              "kind": "Playbook",
              "contentId": "[variables('_Playbooks')]",
              "version": "[variables('playbookVersion1')]"
            },
            {
              "kind": "DataConnector",
              "contentId": "[variables('_dataConnectorContentId1')]",
              "version": "[variables('dataConnectorVersion1')]"
            }
          ]
        },
        "firstPublishDate": "2021-12-10",
        "lastPublishDate": "2021-12-10",
        "providers": [
          "Derdack"
        ],
        "categories": {
          "domains": [
            "DevOps",
            "IT Operations"
          ]
        }
      },
      "name": "[concat(parameters('workspace'),'/Microsoft.SecurityInsights/', variables('_solutionId'))]"
    }
  ],
  "outputs": {}
}
