{
  "$schema": "https://schema.management.azure.com/schemas/0.1.2-preview/CreateUIDefinition.MultiVm.json#",
  "handler": "Microsoft.Azure.CreateUIDef",
  "version": "0.1.2-preview",
  "parameters": {
    "config": {
      "isWizard": false,
      "basics": {
        "description": "<img src=\"https://raw.githubusercontent.com/Azure/Azure-Sentinel/master/Logos/Azure_Sentinel.svg\"width=\"75px\" height=\"75px\">\n\n**Note:** _There may be [known issues](https://aka.ms/sentinelsolutionsknownissues) pertaining to this Solution, please refer to them before installing._\n\nThe Threat Intelligence solution allows you to ingest threat indicators into Microsoft Sentinel. Threat indicators can be IP addresses, domains, URLs and file hashes and can be used to correlate across log sources for known indicators of compromise and/or indicators of active attack.\n\n**Underlying Microsoft Technologies used:**\n\nThis solution takes a dependency on the following technologies, and some of these dependencies either may be in [Preview](https://azure.microsoft.com/support/legal/preview-supplemental-terms/) state or might result in additional ingestion or operational costs:\n\na. [Azure Monitor HTTP Data Collector API](https://docs.microsoft.com/azure/azure-monitor/logs/data-collector-api)\n\n**Data Connectors:** 2, **Workbooks:** 1, **Analytic Rules:** 35, **Hunting Queries:** 5\n\n[Learn more about Microsoft Sentinel](https://aka.ms/azuresentinel) | [Learn more about Solutions](https://aka.ms/azuresentinelsolutionsdoc)",
        "subscription": {
          "resourceProviders": [
            "Microsoft.OperationsManagement/solutions",
            "Microsoft.OperationalInsights/workspaces/providers/alertRules",
            "Microsoft.Insights/workbooks",
            "Microsoft.Logic/workflows"
          ]
        },
        "location": {
          "metadata": {
            "hidden": "Hiding location, we get it from the log analytics workspace"
          },
          "visible": false
        },
        "resourceGroup": {
          "allowExisting": true
        }
      }
    },
    "basics": [
      {
        "name": "getLAWorkspace",
        "type": "Microsoft.Solutions.ArmApiControl",
        "toolTip": "This filters by workspaces that exist in the Resource Group selected",
        "condition": "[greater(length(resourceGroup().name),0)]",
        "request": {
          "method": "GET",
          "path": "[concat(subscription().id,'/providers/Microsoft.OperationalInsights/workspaces?api-version=2020-08-01')]"
        }
      },
      {
        "name": "workspace",
        "type": "Microsoft.Common.DropDown",
        "label": "Workspace",
        "placeholder": "Select a workspace",
        "toolTip": "This dropdown will list only workspace that exists in the Resource Group selected",
        "constraints": {
          "allowedValues": "[map(filter(basics('getLAWorkspace').value, (filter) => contains(toLower(filter.id), toLower(resourceGroup().name))), (item) => parse(concat('{\"label\":\"', item.name, '\",\"value\":\"', item.name, '\"}')))]",
          "required": true
        },
        "visible": true
      }
    ],
    "steps": [
      {
        "name": "dataconnectors",
        "label": "Data Connectors",
        "bladeTitle": "Data Connectors",
        "elements": [
          {
            "name": "dataconnectors1-text",
            "type": "Microsoft.Common.TextBlock",
            "options": {
              "text": "This solution installs two (2) data connectors for ingesting threat indicators (IP addresses, domains, URLs and file hashes) into Microsoft Sentinel. The ingested threat indicators can be used for correlation to enable monitoring, alerting, and hunting using your threat intelligence."
            }
          },
          {
            "name": "dataconnectors2-text",
            "type": "Microsoft.Common.TextBlock",
            "options": {
              "text": "The data connectors installed are:"
            }
          },
          {
            "name": "DC1",
            "type": "Microsoft.Common.Section",
            "label": "(1)\t\tThreat Intelligence Platforms",
            "elements": [
              {
                "name": "DC1-text",
                "type": "Microsoft.Common.TextBlock",
                "options": {
                  "text": "Use this connector to send threat indicators to Microsoft Sentinel from your Threat Intelligence Platform (TIP), such as Threat Connect, Palo Alto Networks MindMeld, MISP, or other integrated applications."
                }
              }
            ]
          },
          {
            "name": "DC2",
            "type": "Microsoft.Common.Section",
            "label": "(2)\t\tThreat Intelligence – TAXII",
            "elements": [
              {
                "name": "DC1-text",
                "type": "Microsoft.Common.TextBlock",
                "options": {
                  "text": "Use this connector to bring in threat intelligence to Microsoft Sentinel from a TAXII 2.0 or 2.1 server."
                }
              }
            ]
          },
          {
            "name": "dataconnectors3-text",
            "type": "Microsoft.Common.TextBlock",
            "options": {
              "text": "After installing the solution, configure and enable these data connectors by following guidance in Manage solution view."
            }
          },
          {
            "name": "dataconnectors-link2",
            "type": "Microsoft.Common.TextBlock",
            "options": {
              "link": {
                "label": "Learn more about connecting data sources",
                "uri": "https://docs.microsoft.com/azure/sentinel/connect-data-sources"
              }
            }
          }
        ]
      },
      {
        "name": "workbooks",
        "label": "Workbooks",
        "subLabel": {
          "preValidation": "Configure the workbooks",
          "postValidation": "Done"
        },
        "bladeTitle": "Workbooks",
        "elements": [
          {
            "name": "workbooks-text",
            "type": "Microsoft.Common.TextBlock",
            "options": {
              "text": "The workbook installed with this solution provides insights into the ingested threat indicators and correlated matches for threat activity and security alerts. After installing the solution, start using the workbook in Manage solution view."
            }
          },
          {
            "name": "workbooks-link",
            "type": "Microsoft.Common.TextBlock",
            "options": {
              "link": {
                "label": "Learn more",
                "uri": "https://docs.microsoft.com/azure/sentinel/tutorial-monitor-your-data"
              }
            }
          }
        ]
      },
      {
        "name": "analytics",
        "label": "Analytics",
        "subLabel": {
          "preValidation": "Configure the analytics",
          "postValidation": "Done"
        },
        "bladeTitle": "Analytics",
        "elements": [
          {
            "name": "analytics-text",
            "type": "Microsoft.Common.TextBlock",
            "options": {
              "text": "This solution installs the following analytic rule templates. After installing the solution, create and enable analytic rules in Manage solution view."
            }
          },
          {
            "name": "analytics-link",
            "type": "Microsoft.Common.TextBlock",
            "options": {
              "link": {
                "label": "Learn more",
                "uri": "https://docs.microsoft.com/azure/sentinel/tutorial-detect-threats-custom?WT.mc_id=Portal-Microsoft_Azure_CreateUIDef"
              }
            }
          },
          {
            "name": "analytic1",
            "type": "Microsoft.Common.Section",
            "label": "TI map Domain entity to CommonSecurityLog",
            "elements": [
              {
                "name": "analytic1-text",
                "type": "Microsoft.Common.TextBlock",
                "options": {
                  "text": "Identifies a match in CommonSecurityLog table from any Domain IOC from TI"
                }
              }
            ]
          },
          {
            "name": "analytic2",
            "type": "Microsoft.Common.Section",
            "label": "TI map Domain entity to DnsEvents",
            "elements": [
              {
                "name": "analytic2-text",
                "type": "Microsoft.Common.TextBlock",
                "options": {
                  "text": "Identifies a match in DnsEvents from any Domain IOC from TI"
                }
              }
            ]
          },
          {
            "name": "analytic3",
            "type": "Microsoft.Common.Section",
            "label": "(Preview) TI map Domain entity to Web Session Events (ASIM Web Session schema)",
            "elements": [
              {
                "name": "analytic3-text",
                "type": "Microsoft.Common.TextBlock",
                "options": {
                  "text": "This rule identifies Web Sessions for which the target URL hostname is a known IoC. This rule uses the Advanced Security Information Model (ASIM) and supports any web session source that complies with ASIM."
                }
              }
            ]
          },
          {
            "name": "analytic4",
            "type": "Microsoft.Common.Section",
            "label": "TI map Domain entity to PaloAlto",
            "elements": [
              {
                "name": "analytic4-text",
                "type": "Microsoft.Common.TextBlock",
                "options": {
                  "text": "Identifies a match in Palo Alto data in CommonSecurityLog table from any Domain IOC from TI"
                }
              }
            ]
          },
          {
            "name": "analytic5",
            "type": "Microsoft.Common.Section",
            "label": "TI map Domain entity to SecurityAlert",
            "elements": [
              {
                "name": "analytic5-text",
                "type": "Microsoft.Common.TextBlock",
                "options": {
                  "text": "Identifies a match in SecurityAlert table from any Domain IOC from TI"
                }
              }
            ]
          },
          {
            "name": "analytic6",
            "type": "Microsoft.Common.Section",
            "label": "TI map Domain entity to Syslog",
            "elements": [
              {
                "name": "analytic6-text",
                "type": "Microsoft.Common.TextBlock",
                "options": {
                  "text": "Identifies a match in Syslog table from any Domain IOC from TI"
                }
              }
            ]
          },
          {
            "name": "analytic7",
            "type": "Microsoft.Common.Section",
            "label": "TI map Email entity to AzureActivity",
            "elements": [
              {
                "name": "analytic7-text",
                "type": "Microsoft.Common.TextBlock",
                "options": {
                  "text": "Identifies a match in AzureActivity table from any Email IOC from TI"
                }
              }
            ]
          },
          {
            "name": "analytic8",
            "type": "Microsoft.Common.Section",
            "label": "TI map Email entity to OfficeActivity",
            "elements": [
              {
                "name": "analytic8-text",
                "type": "Microsoft.Common.TextBlock",
                "options": {
                  "text": "Identifies a match in OfficeActivity table from any Email IOC from TI"
                }
              }
            ]
          },
          {
            "name": "analytic9",
            "type": "Microsoft.Common.Section",
            "label": "TI map Email entity to CommonSecurityLog",
            "elements": [
              {
                "name": "analytic9-text",
                "type": "Microsoft.Common.TextBlock",
                "options": {
                  "text": "Identifies a match in CommonSecurityLog table from any Email IOC from TI"
                }
              }
            ]
          },
          {
            "name": "analytic10",
            "type": "Microsoft.Common.Section",
            "label": "TI map Email entity to SecurityAlert",
            "elements": [
              {
                "name": "analytic10-text",
                "type": "Microsoft.Common.TextBlock",
                "options": {
                  "text": "Identifies a match in SecurityAlert table from any Email IOC from TI which will extend coverage to datatypes such as MCAS, StorageThreatProtection and many others"
                }
              }
            ]
          },
          {
            "name": "analytic11",
            "type": "Microsoft.Common.Section",
            "label": "TI map Email entity to SecurityEvent",
            "elements": [
              {
                "name": "analytic11-text",
                "type": "Microsoft.Common.TextBlock",
                "options": {
                  "text": "Identifies a match in SecurityEvent table from any Email IOC from TI"
                }
              }
            ]
          },
          {
            "name": "analytic12",
            "type": "Microsoft.Common.Section",
            "label": "TI map Email entity to SigninLogs",
            "elements": [
              {
                "name": "analytic12-text",
                "type": "Microsoft.Common.TextBlock",
                "options": {
                  "text": "Identifies a match in SigninLogs table from any Email IOC from TI"
                }
              }
            ]
          },
          {
            "name": "analytic13",
            "type": "Microsoft.Common.Section",
            "label": "TI map File Hash to CommonSecurityLog Event",
            "elements": [
              {
                "name": "analytic13-text",
                "type": "Microsoft.Common.TextBlock",
                "options": {
                  "text": "Identifies a match in CommonSecurityLog Event data from any FileHash IOC from TI"
                }
              }
            ]
          },
          {
            "name": "analytic14",
            "type": "Microsoft.Common.Section",
            "label": "Microsoft COVID-19 file hash indicator matches",
            "elements": [
              {
                "name": "analytic14-text",
                "type": "Microsoft.Common.TextBlock",
                "options": {
                  "text": "Identifies a match in CommonSecurityLog Event data from any FileHash published in the Microsoft COVID-19 Threat Intel Feed - as described at https://www.microsoft.com/security/blog/2020/05/14/open-sourcing-covid-threat-intelligence/"
                }
              }
            ]
          },
          {
            "name": "analytic15",
            "type": "Microsoft.Common.Section",
            "label": "TI map File Hash to Security Event",
            "elements": [
              {
                "name": "analytic15-text",
                "type": "Microsoft.Common.TextBlock",
                "options": {
                  "text": "Identifies a match in Security Event data from any File Hash IOC from TI"
                }
              }
            ]
          },
          {
            "name": "analytic16",
            "type": "Microsoft.Common.Section",
            "label": "TI map IP entity to AppServiceHTTPLogs",
            "elements": [
              {
                "name": "analytic16-text",
                "type": "Microsoft.Common.TextBlock",
                "options": {
                  "text": "Identifies a match in AppServiceHTTPLogs from any IP IOC from TI"
                }
              }
            ]
          },
          {
            "name": "analytic17",
            "type": "Microsoft.Common.Section",
            "label": "TI map IP entity to AWSCloudTrail",
            "elements": [
              {
                "name": "analytic17-text",
                "type": "Microsoft.Common.TextBlock",
                "options": {
                  "text": "Identifies a match in AWSCloudTrail from any IP IOC from TI"
                }
              }
            ]
          },
          {
            "name": "analytic18",
            "type": "Microsoft.Common.Section",
            "label": "TI map IP entity to AzureActivity",
            "elements": [
              {
                "name": "analytic18-text",
                "type": "Microsoft.Common.TextBlock",
                "options": {
                  "text": "Identifies a match in AzureActivity from any IP IOC from TI"
                }
              }
            ]
          },
          {
            "name": "analytic19",
            "type": "Microsoft.Common.Section",
            "label": "TI map IP entity to AzureFirewall",
            "elements": [
              {
                "name": "analytic19-text",
                "type": "Microsoft.Common.TextBlock",
                "options": {
                  "text": "Identifies a match in AzureFirewall (NetworkRule & ApplicationRule Logs) from any IP IOC from TI"
                }
              }
            ]
          },
          {
            "name": "analytic20",
            "type": "Microsoft.Common.Section",
            "label": "TI map IP entity to Azure Key Vault logs",
            "elements": [
              {
                "name": "analytic20-text",
                "type": "Microsoft.Common.TextBlock",
                "options": {
                  "text": "Identifies a match in Azure Key Vault logsfrom any IP IOC from TI"
                }
              }
            ]
          },
          {
            "name": "analytic21",
            "type": "Microsoft.Common.Section",
            "label": "TI map IP entity to AzureNetworkAnalytics_CL (NSG Flow Logs)",
            "elements": [
              {
                "name": "analytic21-text",
                "type": "Microsoft.Common.TextBlock",
                "options": {
                  "text": "Identifies a match in AzureNetworkAnalytics_CL (NSG Flow Logs) from any IP IOC from TI that was Allowed"
                }
              }
            ]
          },
          {
            "name": "analytic22",
            "type": "Microsoft.Common.Section",
            "label": "TI map IP entity to Azure SQL Security Audit Events",
            "elements": [
              {
                "name": "analytic22-text",
                "type": "Microsoft.Common.TextBlock",
                "options": {
                  "text": "Identifies a match in SQLSecurityAuditEvents from any IP IOC from TI"
                }
              }
            ]
          },
          {
            "name": "analytic23",
            "type": "Microsoft.Common.Section",
            "label": "TI map IP entity to CommonSecurityLog",
            "elements": [
              {
                "name": "analytic23-text",
                "type": "Microsoft.Common.TextBlock",
                "options": {
                  "text": "Identifies a match in CommonSecurityLog from any IP IOC from TI"
                }
              }
            ]
          },
          {
            "name": "analytic24",
            "type": "Microsoft.Common.Section",
            "label": "TI map IP entity to DnsEvents",
            "elements": [
              {
                "name": "analytic24-text",
                "type": "Microsoft.Common.TextBlock",
                "options": {
                  "text": "Identifies a match in DnsEvents from any IP IOC from TI"
                }
              }
            ]
          },
          {
            "name": "analytic25",
            "type": "Microsoft.Common.Section",
            "label": "(Preview) TI map IP entity to Web Session Events (ASIM Web Session schema)",
            "elements": [
              {
                "name": "analytic25-text",
                "type": "Microsoft.Common.TextBlock",
                "options": {
                  "text": "This rule identifies Web Sessions for which the source IP address is a known IoC. This rule uses the Advanced Security Information Model (ASIM) and supports any web session source that complies with ASIM."
                }
              }
            ]
          },
          {
            "name": "analytic26",
            "type": "Microsoft.Common.Section",
            "label": "TI map IP entity to OfficeActivity",
            "elements": [
              {
                "name": "analytic26-text",
                "type": "Microsoft.Common.TextBlock",
                "options": {
                  "text": "Identifies a match in OfficeActivity from any IP IOC from TI"
                }
              }
            ]
          },
          {
            "name": "analytic27",
            "type": "Microsoft.Common.Section",
            "label": "TI map IP entity to SigninLogs",
            "elements": [
              {
                "name": "analytic27-text",
                "type": "Microsoft.Common.TextBlock",
                "options": {
                  "text": "Identifies a match in SigninLogs from any IP IOC from TI"
                }
              }
            ]
          },
          {
            "name": "analytic28",
            "type": "Microsoft.Common.Section",
            "label": "TI map IP entity to VMConnection",
            "elements": [
              {
                "name": "analytic28-text",
                "type": "Microsoft.Common.TextBlock",
                "options": {
                  "text": "Identifies a match in VMConnection from any IP IOC from TI"
                }
              }
            ]
          },
          {
            "name": "analytic29",
            "type": "Microsoft.Common.Section",
            "label": "TI map IP entity to W3CIISLog",
            "elements": [
              {
                "name": "analytic29-text",
                "type": "Microsoft.Common.TextBlock",
                "options": {
                  "text": "Identifies a match in W3CIISLog from any IP IOC from TI"
                }
              }
            ]
          },
          {
            "name": "analytic30",
            "type": "Microsoft.Common.Section",
            "label": "TI map IP entity to WireData",
            "elements": [
              {
                "name": "analytic30-text",
                "type": "Microsoft.Common.TextBlock",
                "options": {
                  "text": "Identifies a match in WireData from any IP IOC from TI"
                }
              }
            ]
          },
          {
            "name": "analytic31",
            "type": "Microsoft.Common.Section",
            "label": "TI map URL entity to AuditLogs",
            "elements": [
              {
                "name": "analytic31-text",
                "type": "Microsoft.Common.TextBlock",
                "options": {
                  "text": "Identifies a match in AuditLogs from any URL IOC from TI"
                }
              }
            ]
          },
          {
            "name": "analytic32",
            "type": "Microsoft.Common.Section",
            "label": "TI map URL entity to OfficeActivity data",
            "elements": [
              {
                "name": "analytic32-text",
                "type": "Microsoft.Common.TextBlock",
                "options": {
                  "text": "Identifies a match in OfficeActivity data from any URL IOC from TI"
                }
              }
            ]
          },
          {
            "name": "analytic33",
            "type": "Microsoft.Common.Section",
            "label": "TI map URL entity to PaloAlto data",
            "elements": [
              {
                "name": "analytic33-text",
                "type": "Microsoft.Common.TextBlock",
                "options": {
                  "text": "Identifies a match in PaloAlto data from any URL IOC from TI"
                }
              }
            ]
          },
          {
            "name": "analytic34",
            "type": "Microsoft.Common.Section",
            "label": "TI map URL entity to SecurityAlert data",
            "elements": [
              {
                "name": "analytic34-text",
                "type": "Microsoft.Common.TextBlock",
                "options": {
                  "text": "Identifies a match in SecurityAlert data from any URL IOC from TI"
                }
              }
            ]
          },
          {
            "name": "analytic35",
            "type": "Microsoft.Common.Section",
            "label": "TI map URL entity to Syslog data",
            "elements": [
              {
                "name": "analytic35-text",
                "type": "Microsoft.Common.TextBlock",
                "options": {
                  "text": "Identifies a match in Syslog data from any URL IOC from TI"
                }
              }
            ]
          }
        ]
      },
      {
        "name": "huntingqueries",
        "label": "Hunting Queries",
        "bladeTitle": "Hunting Queries",
        "elements": [
          {
            "name": "huntingqueries-text",
            "type": "Microsoft.Common.TextBlock",
            "options": {
              "text": "This solution installs the following hunting queries. After installing the solution, run these hunting queries to hunt for threats in Manage solution view. "
            }
          },
          {
            "name": "huntingqueries-link",
            "type": "Microsoft.Common.TextBlock",
            "options": {
              "link": {
                "label": "Learn more",
                "uri": "https://docs.microsoft.com/azure/sentinel/hunting"
              }
            }
          },
          {
            "name": "huntingquery1",
            "type": "Microsoft.Common.Section",
            "label": "Preview - TI map File entity to OfficeActivity Event",
            "elements": [
              {
                "name": "huntingquery1-text",
                "type": "Microsoft.Common.TextBlock",
                "options": {
                  "text": "Identifies a match in OfficeActivity Event data from any FileName IOC from TI.\nAs File name matches can create noise, this is best as hunting query."
                }
              }
            ]
          },
          {
            "name": "huntingquery2",
            "type": "Microsoft.Common.Section",
            "label": "Preview - TI map File entity to Security Event",
            "elements": [
              {
                "name": "huntingquery2-text",
                "type": "Microsoft.Common.TextBlock",
                "options": {
                  "text": "Identifies a match in Security Event data from any FileName IOC from TI.\nAs File name matches can create noise, this is best as hunting query."
                }
              }
            ]
          },
          {
            "name": "huntingquery3",
            "type": "Microsoft.Common.Section",
            "label": "Preview - TI map File entity to Syslog Event",
            "elements": [
              {
                "name": "huntingquery3-text",
                "type": "Microsoft.Common.TextBlock",
                "options": {
                  "text": "Identifies a match in Syslog Event data from any FileName IOC from TI.\nAs File name matches can create noise, this is best as hunting query."
                }
              }
            ]
          },
          {
            "name": "huntingquery4",
            "type": "Microsoft.Common.Section",
            "label": "Preview - TI map File entity to VMConnection Event",
            "elements": [
              {
                "name": "huntingquery4-text",
                "type": "Microsoft.Common.TextBlock",
                "options": {
                  "text": "Identifies a match in VMConnection Event data from any FileName IOC from TI.\nAs File name matches can create noise, this is best as hunting query."
                }
              }
            ]
          },
          {
            "name": "huntingquery5",
            "type": "Microsoft.Common.Section",
            "label": "Preview - TI map File entity to WireData Event",
            "elements": [
              {
                "name": "huntingquery5-text",
                "type": "Microsoft.Common.TextBlock",
                "options": {
                  "text": "Identifies a match in WireData Event data from any FileName IOC from TI.\nAs File name matches can create noise, this is best as hunting query."
                }
              }
            ]
          }
        ]
      }
    ],
    "outputs": {
      "workspace-location": "[first(map(filter(basics('getLAWorkspace').value, (filter) => and(contains(toLower(filter.id), toLower(resourceGroup().name)),equals(filter.name,basics('workspace')))), (item) => item.location))]",
      "location": "[location()]",
      "workspace": "[basics('workspace')]"
    }
  }
}