{
  "$schema": "https://schema.management.azure.com/schemas/2019-04-01/deploymentTemplate.json#",
  "contentVersion": "1.0.0.0",
  "metadata": {
    "author": "Morphisec",
    "comments": "Solution template for Morphisec"
  },
  "parameters": {
    "location": {
      "type": "string",
      "minLength": 1,
      "defaultValue": "[resourceGroup().location]",
      "metadata": {
        "description": "Not used, but needed to pass arm-ttk test `Location-Should-Not-Be-Hardcoded`.  We instead use the `workspace-location` which is derived from the LA workspace"
      }
    },
    "workspace-location": {
      "type": "string",
      "defaultValue": "",
      "metadata": {
        "description": "[concat('Region to deploy solution resources -- separate from location selection',parameters('location'))]"
      }
    },
    "workspace": {
      "defaultValue": "",
      "type": "string",
      "metadata": {
        "description": "Workspace name for Log Analytics where Microsoft Sentinel is setup"
      }
    }
  },
  "variables": {
    "solutionId": "morphisec.Morphisec_UTPP_MSS",
    "_solutionId": "[variables('solutionId')]",
    "workspaceResourceId": "[resourceId('microsoft.OperationalInsights/Workspaces', parameters('workspace'))]",
    "uiConfigId1": "MorphisecUTPP",
    "_uiConfigId1": "[variables('uiConfigId1')]",
    "dataConnectorContentId1": "MorphisecUTPP",
    "_dataConnectorContentId1": "[variables('dataConnectorContentId1')]",
    "dataConnectorId1": "[extensionResourceId(resourceId('Microsoft.OperationalInsights/workspaces', parameters('workspace')), 'Microsoft.SecurityInsights/dataConnectors', variables('_dataConnectorContentId1'))]",
    "_dataConnectorId1": "[variables('dataConnectorId1')]",
    "dataConnectorTemplateSpecName1": "[concat(parameters('workspace'),'-DataConnector-',variables('_dataConnectorContentId1'))]",
    "dataConnectorVersion1": "1.0.0",
    "parserVersion1": "1.0.0",
    "parserContentId1": "Morphisec-Parser",
    "_parserContentId1": "[variables('parserContentId1')]",
    "parserName1": "Morphisec",
    "_parserName1": "[concat(parameters('workspace'),'/',variables('parserName1'))]",
    "parserId1": "[resourceId('Microsoft.OperationalInsights/workspaces/savedSearches', parameters('workspace'), variables('parserName1'))]",
    "_parserId1": "[variables('parserId1')]",
    "parserTemplateSpecName1": "[concat(parameters('workspace'),'-Parser-',variables('_parserContentId1'))]"
  },
  "resources": [
    {
      "type": "Microsoft.Resources/templateSpecs",
      "apiVersion": "2021-05-01",
      "name": "[variables('dataConnectorTemplateSpecName1')]",
      "location": "[parameters('workspace-location')]",
      "tags": {
        "hidden-sentinelWorkspaceId": "[variables('workspaceResourceId')]",
        "hidden-sentinelContentType": "DataConnector"
      },
      "properties": {
        "description": "Morphisec data connector with template",
        "displayName": "Morphisec template"
      }
    },
    {
      "type": "Microsoft.Resources/templateSpecs/versions",
      "apiVersion": "2021-05-01",
      "name": "[concat(variables('dataConnectorTemplateSpecName1'),'/',variables('dataConnectorVersion1'))]",
      "location": "[parameters('workspace-location')]",
      "tags": {
        "hidden-sentinelWorkspaceId": "[variables('workspaceResourceId')]",
        "hidden-sentinelContentType": "DataConnector"
      },
      "dependsOn": [
        "[resourceId('Microsoft.Resources/templateSpecs', variables('dataConnectorTemplateSpecName1'))]"
      ],
      "properties": {
        "description": "Morphisec data connector with template version 2.0.0",
        "mainTemplate": {
          "$schema": "https://schema.management.azure.com/schemas/2019-04-01/deploymentTemplate.json#",
          "contentVersion": "[variables('dataConnectorVersion1')]",
          "parameters": {},
          "variables": {},
          "resources": [
            {
              "name": "[concat(parameters('workspace'),'/Microsoft.SecurityInsights/',variables('_dataConnectorContentId1'))]",
              "apiVersion": "2021-03-01-preview",
              "type": "Microsoft.OperationalInsights/workspaces/providers/dataConnectors",
              "location": "[parameters('workspace-location')]",
              "kind": "GenericUI",
              "properties": {
                "connectorUiConfig": {
                  "id": "[variables('_uiConfigId1')]",
                  "title": "Morphisec UTPP",
                  "publisher": "Morphisec",
                  "descriptionMarkdown": "Integrate vital insights from your security products with the Morphisec Data Connector for Azure Sentinel and expand your analytical capabilities with search and correlation, threat intelligence, and customized alerts. Morphisec's Data Connector provides visibility into today's most advanced threats including sophisticated fileless attacks, in-memory exploits and zero days. With a single, cross-product view, you can make real-time, data-backed decisions to protect your most important assets",
                  "additionalRequirementBanner": "These queries and workbooks are dependent on Kusto functions based on Kusto to work as expected. Follow the steps to use the Kusto functions alias \"Morphisec\" \nin queries and workbooks. [Follow steps to get this Kusto function.](https://aka.ms/sentinel-morphisecutpp-parser)",
                  "graphQueries": [
                    {
                      "metricName": "Total data received",
                      "legend": "Morphisec",
                      "baseQuery": "\nMorphisec\n"
                    }
                  ],
                  "sampleQueries": [
                    {
                      "description": "Threats count by host",
                      "query": "\nMorphisec\n\n            | summarize Times_Attacked=count() by SourceHostName"
                    },
                    {
                      "description": "Threats count by username",
                      "query": "\nMorphisec\n\n            | summarize Times_Attacked=count() by SourceUserName"
                    },
                    {
                      "description": "Threats with high severity",
                      "query": "\nMorphisec\n\n            | where toint( LogSeverity) > 7  | order by TimeGenerated"
                    }
                  ],
                  "dataTypes": [
                    {
                      "name": "CommonSecurityLog (Morphisec)",
                      "lastDataReceivedQuery": "\nMorphisec\n\n            | summarize Time = max(TimeGenerated)\n            | where isnotempty(Time)"
                    }
                  ],
                  "connectivityCriterias": [
                    {
                      "type": "IsConnectedQuery",
                      "value": [
                        "\nMorphisec\n\n            | summarize LastLogReceived = max(TimeGenerated)\n            | project IsConnected = LastLogReceived > ago(30d)"
                      ]
                    }
                  ],
                  "availability": {
                    "status": 1,
                    "isPreview": false
                  },
                  "permissions": {
                    "resourceProvider": [
                      {
                        "provider": "Microsoft.OperationalInsights/workspaces",
                        "permissionsDisplayText": "read and write permissions are required.",
                        "providerDisplayName": "Workspace",
                        "scope": "Workspace",
                        "requiredPermissions": {
                          "read": true,
                          "write": true,
                          "delete": true
                        }
                      },
                      {
                        "provider": "Microsoft.OperationalInsights/workspaces/sharedKeys",
                        "permissionsDisplayText": "read permissions to shared keys for the workspace are required. [See the documentation to learn more about workspace keys](https://docs.microsoft.com/azure/azure-monitor/platform/agent-windows#obtain-workspace-id-and-key).",
                        "providerDisplayName": "Keys",
                        "scope": "Workspace",
                        "requiredPermissions": {
                          "action": true
                        }
                      }
                    ]
                  },
                  "instructionSteps": [
                    {
                      "description": "These queries and workbooks are dependent on Kusto functions based on Kusto to work as expected. Follow the steps to use the Kusto functions alias \"Morphisec\" \nin queries and workbooks. [Follow steps to get this Kusto function.](https://aka.ms/sentinel-morphisecutpp-parser)"
                    },
                    {
                      "description": "Install and configure the Linux agent to collect your Common Event Format (CEF) Syslog messages and forward them to Azure Sentinel.\n\n> Notice that the data from all regions will be stored in the selected workspace",
                      "innerSteps": [
                        {
                          "title": "1.1 Select or create a Linux machine",
                          "description": "Select or create a Linux machine that Azure Sentinel will use as the proxy between your security solution and Azure Sentinel this machine can be on your on-prem environment, Azure or other clouds."
                        },
                        {
                          "title": "1.2 Install the CEF collector on the Linux machine",
                          "description": "Install the Microsoft Monitoring Agent on your Linux machine and configure the machine to listen on the necessary port and forward messages to your Azure Sentinel workspace. The CEF collector collects CEF messages on port 514 TCP.\n\n> 1. Make sure that you have Python on your machine using the following command: python -version.\n\n> 2. You must have elevated permissions (sudo) on your machine.",
                          "instructions": [
                            {
                              "parameters": {
                                "fillWith": [
                                  "WorkspaceId",
                                  "PrimaryKey"
                                ],
                                "label": "Run the following command to install and apply the CEF collector:",
                                "value": "sudo wget -O cef_installer.py https://raw.githubusercontent.com/Azure/Azure-Sentinel/master/DataConnectors/CEF/cef_installer.py&&sudo python cef_installer.py {0} {1}"
                              },
                              "type": "CopyableLabel"
                            }
                          ]
                        }
                      ],
                      "title": "1. Linux Syslog agent configuration"
                    },
                    {
                      "description": "Set your security solution to send Syslog messages in CEF format to the proxy machine. Make sure you to send the logs to port 514 TCP on the machine's IP address.",
                      "title": "2. Forward Common Event Format (CEF) logs to Syslog agent"
                    },
                    {
                      "description": "Follow the instructions to validate your connectivity:\n\nOpen Log Analytics to check if the logs are received using the CommonSecurityLog schema.\n\n>It may take about 20 minutes until the connection streams data to your workspace.\n\nIf the logs are not received, run the following connectivity validation script:\n\n> 1. Make sure that you have Python on your machine using the following command: python -version\n\n>2. You must have elevated permissions (sudo) on your machine",
                      "instructions": [
                        {
                          "parameters": {
                            "fillWith": [
                              "WorkspaceId"
                            ],
                            "label": "Run the following command to validate your connectivity:",
                            "value": "sudo wget  -O cef_troubleshoot.py https://raw.githubusercontent.com/Azure/Azure-Sentinel/master/DataConnectors/CEF/cef_troubleshoot.py&&sudo python cef_troubleshoot.py  {0}"
                          },
                          "type": "CopyableLabel"
                        }
                      ],
                      "title": "3. Validate connection"
                    },
                    {
                      "description": "Make sure to configure the machine's security according to your organization's security policy\n\n\n[Learn more >](https://aka.ms/SecureCEF)",
                      "title": "4. Secure your machine "
                    }
                  ]
                }
              }
            },
            {
              "type": "Microsoft.OperationalInsights/workspaces/providers/metadata",
              "apiVersion": "2022-01-01-preview",
              "name": "[concat(parameters('workspace'),'/Microsoft.SecurityInsights/',concat('DataConnector-', last(split(variables('_dataConnectorId1'),'/'))))]",
              "properties": {
                "parentId": "[extensionResourceId(resourceId('Microsoft.OperationalInsights/workspaces', parameters('workspace')), 'Microsoft.SecurityInsights/dataConnectors', variables('_dataConnectorContentId1'))]",
                "contentId": "[variables('_dataConnectorContentId1')]",
                "kind": "DataConnector",
                "version": "[variables('dataConnectorVersion1')]",
                "source": {
                  "kind": "Solution",
                  "name": "Morphisec",
                  "sourceId": "[variables('_solutionId')]"
                },
                "author": {
                  "name": "Morphisec"
                },
                "support": {
                  "name": "Morphisec",
                  "tier": "Partner",
                  "link": "https://support.morphisec.com/support/home"
                }
              }
            }
          ]
        }
      }
    },
    {
      "type": "Microsoft.OperationalInsights/workspaces/providers/metadata",
      "apiVersion": "2022-01-01-preview",
      "name": "[concat(parameters('workspace'),'/Microsoft.SecurityInsights/',concat('DataConnector-', last(split(variables('_dataConnectorId1'),'/'))))]",
      "dependsOn": [
        "[variables('_dataConnectorId1')]"
      ],
      "properties": {
        "parentId": "[extensionResourceId(resourceId('Microsoft.OperationalInsights/workspaces', parameters('workspace')), 'Microsoft.SecurityInsights/dataConnectors', variables('_dataConnectorContentId1'))]",
        "contentId": "[variables('_dataConnectorContentId1')]",
        "kind": "DataConnector",
        "version": "[variables('dataConnectorVersion1')]",
        "source": {
          "kind": "Solution",
          "name": "Morphisec",
          "sourceId": "[variables('_solutionId')]"
        },
        "author": {
          "name": "Morphisec"
        },
        "support": {
          "name": "Morphisec",
          "tier": "Partner",
          "link": "https://support.morphisec.com/support/home"
        }
      }
    },
    {
      "name": "[concat(parameters('workspace'),'/Microsoft.SecurityInsights/',variables('_dataConnectorContentId1'))]",
      "apiVersion": "2021-03-01-preview",
      "type": "Microsoft.OperationalInsights/workspaces/providers/dataConnectors",
      "location": "[parameters('workspace-location')]",
      "kind": "GenericUI",
      "properties": {
        "connectorUiConfig": {
          "title": "Morphisec UTPP",
          "publisher": "Morphisec",
          "descriptionMarkdown": "Integrate vital insights from your security products with the Morphisec Data Connector for Azure Sentinel and expand your analytical capabilities with search and correlation, threat intelligence, and customized alerts. Morphisec's Data Connector provides visibility into today's most advanced threats including sophisticated fileless attacks, in-memory exploits and zero days. With a single, cross-product view, you can make real-time, data-backed decisions to protect your most important assets",
          "graphQueries": [
            {
              "metricName": "Total data received",
              "legend": "Morphisec",
              "baseQuery": "\nMorphisec\n"
            }
          ],
          "dataTypes": [
            {
              "name": "CommonSecurityLog (Morphisec)",
              "lastDataReceivedQuery": "\nMorphisec\n\n            | summarize Time = max(TimeGenerated)\n            | where isnotempty(Time)"
            }
          ],
          "connectivityCriterias": [
            {
              "type": "IsConnectedQuery",
              "value": [
                "\nMorphisec\n\n            | summarize LastLogReceived = max(TimeGenerated)\n            | project IsConnected = LastLogReceived > ago(30d)"
              ]
            }
          ],
          "sampleQueries": [
            {
              "description": "Threats count by host",
              "query": "\nMorphisec\n\n            | summarize Times_Attacked=count() by SourceHostName"
            },
            {
              "description": "Threats count by username",
              "query": "\nMorphisec\n\n            | summarize Times_Attacked=count() by SourceUserName"
            },
            {
              "description": "Threats with high severity",
              "query": "\nMorphisec\n\n            | where toint( LogSeverity) > 7  | order by TimeGenerated"
            }
          ],
          "availability": {
            "status": 1,
            "isPreview": false
          },
          "permissions": {
            "resourceProvider": [
              {
                "provider": "Microsoft.OperationalInsights/workspaces",
                "permissionsDisplayText": "read and write permissions are required.",
                "providerDisplayName": "Workspace",
                "scope": "Workspace",
                "requiredPermissions": {
                  "read": true,
                  "write": true,
                  "delete": true
                }
              },
              {
                "provider": "Microsoft.OperationalInsights/workspaces/sharedKeys",
                "permissionsDisplayText": "read permissions to shared keys for the workspace are required. [See the documentation to learn more about workspace keys](https://docs.microsoft.com/azure/azure-monitor/platform/agent-windows#obtain-workspace-id-and-key).",
                "providerDisplayName": "Keys",
                "scope": "Workspace",
                "requiredPermissions": {
                  "action": true
                }
              }
            ]
          },
          "instructionSteps": [
            {
              "description": "These queries and workbooks are dependent on Kusto functions based on Kusto to work as expected. Follow the steps to use the Kusto functions alias \"Morphisec\" \nin queries and workbooks. [Follow steps to get this Kusto function.](https://aka.ms/sentinel-morphisecutpp-parser)"
            },
            {
              "description": "Install and configure the Linux agent to collect your Common Event Format (CEF) Syslog messages and forward them to Azure Sentinel.\n\n> Notice that the data from all regions will be stored in the selected workspace",
              "innerSteps": [
                {
                  "title": "1.1 Select or create a Linux machine",
                  "description": "Select or create a Linux machine that Azure Sentinel will use as the proxy between your security solution and Azure Sentinel this machine can be on your on-prem environment, Azure or other clouds."
                },
                {
                  "title": "1.2 Install the CEF collector on the Linux machine",
                  "description": "Install the Microsoft Monitoring Agent on your Linux machine and configure the machine to listen on the necessary port and forward messages to your Azure Sentinel workspace. The CEF collector collects CEF messages on port 514 TCP.\n\n> 1. Make sure that you have Python on your machine using the following command: python -version.\n\n> 2. You must have elevated permissions (sudo) on your machine.",
                  "instructions": [
                    {
                      "parameters": {
                        "fillWith": [
                          "WorkspaceId",
                          "PrimaryKey"
                        ],
                        "label": "Run the following command to install and apply the CEF collector:",
                        "value": "sudo wget -O cef_installer.py https://raw.githubusercontent.com/Azure/Azure-Sentinel/master/DataConnectors/CEF/cef_installer.py&&sudo python cef_installer.py {0} {1}"
                      },
                      "type": "CopyableLabel"
                    }
                  ]
                }
              ],
              "title": "1. Linux Syslog agent configuration"
            },
            {
              "description": "Set your security solution to send Syslog messages in CEF format to the proxy machine. Make sure you to send the logs to port 514 TCP on the machine's IP address.",
              "title": "2. Forward Common Event Format (CEF) logs to Syslog agent"
            },
            {
              "description": "Follow the instructions to validate your connectivity:\n\nOpen Log Analytics to check if the logs are received using the CommonSecurityLog schema.\n\n>It may take about 20 minutes until the connection streams data to your workspace.\n\nIf the logs are not received, run the following connectivity validation script:\n\n> 1. Make sure that you have Python on your machine using the following command: python -version\n\n>2. You must have elevated permissions (sudo) on your machine",
              "instructions": [
                {
                  "parameters": {
                    "fillWith": [
                      "WorkspaceId"
                    ],
                    "label": "Run the following command to validate your connectivity:",
                    "value": "sudo wget  -O cef_troubleshoot.py https://raw.githubusercontent.com/Azure/Azure-Sentinel/master/DataConnectors/CEF/cef_troubleshoot.py&&sudo python cef_troubleshoot.py  {0}"
                  },
                  "type": "CopyableLabel"
                }
              ],
              "title": "3. Validate connection"
            },
            {
              "description": "Make sure to configure the machine's security according to your organization's security policy\n\n\n[Learn more >](https://aka.ms/SecureCEF)",
              "title": "4. Secure your machine "
            }
          ],
          "id": "[variables('_uiConfigId1')]",
          "additionalRequirementBanner": "These queries and workbooks are dependent on Kusto functions based on Kusto to work as expected. Follow the steps to use the Kusto functions alias \"Morphisec\" \nin queries and workbooks. [Follow steps to get this Kusto function.](https://aka.ms/sentinel-morphisecutpp-parser)"
        }
      }
    },
    {
      "type": "Microsoft.Resources/templateSpecs",
      "apiVersion": "2021-05-01",
      "name": "[variables('parserTemplateSpecName1')]",
      "location": "[parameters('workspace-location')]",
      "tags": {
        "hidden-sentinelWorkspaceId": "[variables('workspaceResourceId')]",
        "hidden-sentinelContentType": "Parser"
      },
      "properties": {
        "description": "Morphisec Data Parser with template",
        "displayName": "Morphisec Data Parser template"
      }
    },
    {
      "type": "Microsoft.Resources/templateSpecs/versions",
      "apiVersion": "2021-05-01",
      "name": "[concat(variables('parserTemplateSpecName1'),'/',variables('parserVersion1'))]",
      "location": "[parameters('workspace-location')]",
      "tags": {
        "hidden-sentinelWorkspaceId": "[variables('workspaceResourceId')]",
        "hidden-sentinelContentType": "Parser"
      },
      "dependsOn": [
        "[resourceId('Microsoft.Resources/templateSpecs', variables('parserTemplateSpecName1'))]"
      ],
      "properties": {
        "description": "Morphisec Data Parser with template version 2.0.0",
        "mainTemplate": {
          "$schema": "https://schema.management.azure.com/schemas/2019-04-01/deploymentTemplate.json#",
          "contentVersion": "[variables('parserVersion1')]",
          "parameters": {},
          "variables": {},
          "resources": [
            {
              "name": "[variables('_parserName1')]",
              "apiVersion": "2020-08-01",
              "type": "Microsoft.OperationalInsights/workspaces/savedSearches",
              "location": "[parameters('workspace-location')]",
              "properties": {
                "eTag": "*",
                "displayName": "Morphisec",
                "category": "Samples",
                "functionAlias": "Morphisec",
                "query": "\n\r\nCommonSecurityLog\r\n| where DeviceVendor == 'Morphisec'\r\n| extend Start = extract(\"start=([^;]+)\",1,AdditionalExtensions)\r\n, AttackedModule = extract(\"AttackedModule=([^;]+)\",1,AdditionalExtensions)\r\n, MorphisecVersion = extract(\"MorphisecVersion=([^;]+)\",1,AdditionalExtensions)\r\n, AttackName = extract(\"AttackName=([^;]+)\",1,AdditionalExtensions)\r\n, AttackCategory = extract(\"AttackCategory=([^;]+)\",1,AdditionalExtensions)\r\n, Attackdescription = extract(\"Attackdescription=([^;]+)\",1,AdditionalExtensions)\r\n, ProcessSignature = extract(\"ProcessSignature=([^;]+)\",1,AdditionalExtensions)\r\n, ParentSignature = extract(\"ParentSignature=([^;]+)\",1,AdditionalExtensions)\r\n, LastStackFunctionCall = extract(\"LastStackFunctionCall=([^;]+)\",1,AdditionalExtensions)\r\n, LastModuleLoaded = extract(\"LastModuleLoaded=([^;]+)\",1,AdditionalExtensions)\r\n, CommandLine = extract(\"CommandLine=([^;]+)\",1,AdditionalExtensions)\r\n, ParentProcessCommandLine = extract(\"ParentProcessCommandLine=([^;]+)\",1,AdditionalExtensions)\r\n, CodeProcessed = extract(\"CodeProcessed=([^;]+)\",1,AdditionalExtensions)",
                "version": 1,
                "tags": [
                  {
                    "name": "description",
                    "value": "Morphisec"
                  }
                ]
              }
            },
            {
              "type": "Microsoft.OperationalInsights/workspaces/providers/metadata",
              "apiVersion": "2022-01-01-preview",
              "name": "[concat(parameters('workspace'),'/Microsoft.SecurityInsights/',concat('Parser-', last(split(variables('_parserId1'),'/'))))]",
              "dependsOn": [
                "[variables('_parserName1')]"
              ],
              "properties": {
                "parentId": "[resourceId('Microsoft.OperationalInsights/workspaces/savedSearches', parameters('workspace'), variables('parserName1'))]",
                "contentId": "[variables('_parserContentId1')]",
                "kind": "Parser",
                "version": "[variables('parserVersion1')]",
                "source": {
                  "name": "Morphisec",
                  "kind": "Solution",
                  "sourceId": "[variables('_solutionId')]"
                },
                "author": {
                  "name": "Morphisec"
                },
                "support": {
                  "name": "Morphisec",
                  "tier": "Partner",
                  "link": "https://support.morphisec.com/support/home"
                }
              }
            }
          ]
        }
      }
    },
    {
      "type": "Microsoft.OperationalInsights/workspaces/savedSearches",
      "apiVersion": "2021-06-01",
      "name": "[variables('_parserName1')]",
      "properties": {
        "eTag": "*",
        "displayName": "Morphisec",
        "category": "Samples",
        "functionAlias": "Morphisec",
        "query": "\n\r\nCommonSecurityLog\r\n| where DeviceVendor == 'Morphisec'\r\n| extend Start = extract(\"start=([^;]+)\",1,AdditionalExtensions)\r\n, AttackedModule = extract(\"AttackedModule=([^;]+)\",1,AdditionalExtensions)\r\n, MorphisecVersion = extract(\"MorphisecVersion=([^;]+)\",1,AdditionalExtensions)\r\n, AttackName = extract(\"AttackName=([^;]+)\",1,AdditionalExtensions)\r\n, AttackCategory = extract(\"AttackCategory=([^;]+)\",1,AdditionalExtensions)\r\n, Attackdescription = extract(\"Attackdescription=([^;]+)\",1,AdditionalExtensions)\r\n, ProcessSignature = extract(\"ProcessSignature=([^;]+)\",1,AdditionalExtensions)\r\n, ParentSignature = extract(\"ParentSignature=([^;]+)\",1,AdditionalExtensions)\r\n, LastStackFunctionCall = extract(\"LastStackFunctionCall=([^;]+)\",1,AdditionalExtensions)\r\n, LastModuleLoaded = extract(\"LastModuleLoaded=([^;]+)\",1,AdditionalExtensions)\r\n, CommandLine = extract(\"CommandLine=([^;]+)\",1,AdditionalExtensions)\r\n, ParentProcessCommandLine = extract(\"ParentProcessCommandLine=([^;]+)\",1,AdditionalExtensions)\r\n, CodeProcessed = extract(\"CodeProcessed=([^;]+)\",1,AdditionalExtensions)",
        "version": 1
      }
    },
    {
      "type": "Microsoft.OperationalInsights/workspaces/providers/metadata",
      "apiVersion": "2022-01-01-preview",
      "name": "[concat(parameters('workspace'),'/Microsoft.SecurityInsights/',concat('Parser-', last(split(variables('_parserId1'),'/'))))]",
      "dependsOn": [
        "[variables('_parserId1')]"
      ],
      "properties": {
        "parentId": "[resourceId('Microsoft.OperationalInsights/workspaces/savedSearches', parameters('workspace'), variables('parserName1'))]",
        "contentId": "[variables('_parserContentId1')]",
        "kind": "Parser",
        "version": "[variables('parserVersion1')]",
        "source": {
          "kind": "Solution",
          "name": "Morphisec",
          "sourceId": "[variables('_solutionId')]"
        },
        "author": {
          "name": "Morphisec"
        },
        "support": {
          "name": "Morphisec",
          "tier": "Partner",
          "link": "https://support.morphisec.com/support/home"
        }
      }
    },
    {
      "type": "Microsoft.OperationalInsights/workspaces/providers/metadata",
      "apiVersion": "2022-01-01-preview",
      "properties": {
        "version": "2.0.0",
        "kind": "Solution",
        "contentSchemaVersion": "2.0.0",
        "contentId": "[variables('_solutionId')]",
        "parentId": "[variables('_solutionId')]",
        "source": {
          "kind": "Solution",
          "name": "Morphisec",
          "sourceId": "[variables('_solutionId')]"
        },
        "author": {
          "name": "Morphisec"
        },
        "support": {
          "name": "Morphisec",
          "tier": "Partner",
          "link": "https://support.morphisec.com/support/home"
        },
        "dependencies": {
          "operator": "AND",
          "criteria": [
            {
              "kind": "DataConnector",
              "contentId": "[variables('_dataConnectorContentId1')]",
              "version": "[variables('dataConnectorVersion1')]"
            },
            {
              "kind": "Parser",
              "contentId": "[variables('_parserContentId1')]",
              "version": "[variables('parserVersion1')]"
            }
          ]
        },
        "firstPublishDate": "2022-05-05",
        "providers": [
          "Morphisec"
        ],
        "categories": {
          "domains": [
            "Security - Threat Protection"
          ]
        }
      },
      "name": "[concat(parameters('workspace'),'/Microsoft.SecurityInsights/', variables('_solutionId'))]"
    }
  ],
  "outputs": {}
}