{
  "$schema": "https://schema.management.azure.com/schemas/0.1.2-preview/CreateUIDefinition.MultiVm.json#",
  "handler": "Microsoft.Azure.CreateUIDef",
  "version": "0.1.2-preview",
  "parameters": {
    "config": {
      "isWizard": false,
      "basics": {
        "description": "<img src=\"https://raw.githubusercontent.com/Azure/Azure-Sentinel/master/Logos/Azure_Sentinel.svg\" width=\"75px\" height=\"75px\">\n\n**Note:** Please refer to the following before installing the solution: \r \n • Review the solution [Release Notes](https://github.com/Azure/Azure-Sentinel/tree/master/Solutions/Microsoft%20Defender%20XDR/ReleaseNotes.md)\r \n • There may be [known issues](https://aka.ms/sentinelsolutionsknownissues) pertaining to this Solution, please refer to them before installing.\n\nThe [Microsoft Defender XDR](https://www.microsoft.com/security/business/threat-protection/microsoft-365-defender) solution for Microsoft Sentinel enables you to ingest Security Alerts/Incidents and raw logs from the products within Microsoft Defender XDR suite into Microsoft Sentinel.\n\nAdditional Hunting Queries to support proactive and reactive hunting for the Microsoft Defender XDR solution can be found on [GitHub](https://github.com/Azure/Azure-Sentinel/tree/master/Hunting%20Queries/Microsoft%20365%20Defender). This repository has a collection of queries developed by Microsoft Security Research and Microsoft Sentinel community contributions.\n\n**Underlying Microsoft Technologies used:**\n\nThis solution takes a dependency on the following technologies, and some of these dependencies either may be in [Preview](https://azure.microsoft.com/support/legal/preview-supplemental-terms/) state or might result in additional ingestion or operational costs:\n\na. [Azure Monitor HTTP Data Collector API](https://docs.microsoft.com/azure/azure-monitor/logs/data-collector-api)\n\n**Data Connectors:** 1, **Workbooks:** 3, **Analytic Rules:** 10, **Hunting Queries:** 4\n\n[Learn more about Microsoft Sentinel](https://aka.ms/azuresentinel) | [Learn more about Solutions](https://aka.ms/azuresentinelsolutionsdoc)",
        "subscription": {
          "resourceProviders": [
            "Microsoft.OperationsManagement/solutions",
            "Microsoft.OperationalInsights/workspaces/providers/alertRules",
            "Microsoft.Insights/workbooks",
            "Microsoft.Logic/workflows"
          ]
        },
        "location": {
          "metadata": {
            "hidden": "Hiding location, we get it from the log analytics workspace"
          },
          "visible": false
        },
        "resourceGroup": {
          "allowExisting": true
        }
      }
    },
    "basics": [
      {
        "name": "getLAWorkspace",
        "type": "Microsoft.Solutions.ArmApiControl",
        "toolTip": "This filters by workspaces that exist in the Resource Group selected",
        "condition": "[greater(length(resourceGroup().name),0)]",
        "request": {
          "method": "GET",
          "path": "[concat(subscription().id,'/providers/Microsoft.OperationalInsights/workspaces?api-version=2020-08-01')]"
        }
      },
      {
        "name": "workspace",
        "type": "Microsoft.Common.DropDown",
        "label": "Workspace",
        "placeholder": "Select a workspace",
        "toolTip": "This dropdown will list only workspace that exists in the Resource Group selected",
        "constraints": {
          "allowedValues": "[map(filter(basics('getLAWorkspace').value, (filter) => contains(toLower(filter.id), toLower(resourceGroup().name))), (item) => parse(concat('{\"label\":\"', item.name, '\",\"value\":\"', item.name, '\"}')))]",
          "required": true
        },
        "visible": true
      }
    ],
    "steps": [
      {
        "name": "dataconnectors",
        "label": "Data Connectors",
        "bladeTitle": "Data Connectors",
        "elements": [
          {
            "name": "dataconnectors1-text",
            "type": "Microsoft.Common.TextBlock",
            "options": {
              "text": "This Solution installs the data connector for Microsoft Defender XDR. You can get Microsoft Defender XDR custom log data in your Microsoft Sentinel workspace. After installing the solution, configure and enable this data connector by following guidance in Manage solution view."
            }
          },
          {
            "name": "dataconnectors-link2",
            "type": "Microsoft.Common.TextBlock",
            "options": {
              "link": {
                "label": "Learn more about connecting data sources",
                "uri": "https://docs.microsoft.com/azure/sentinel/connect-data-sources"
              }
            }
          }
        ]
      },
      {
        "name": "workbooks",
        "label": "Workbooks",
        "subLabel": {
          "preValidation": "Configure the workbooks",
          "postValidation": "Done"
        },
        "bladeTitle": "Workbooks",
        "elements": [
          {
            "name": "workbooks-text",
            "type": "Microsoft.Common.TextBlock",
            "options": {
              "text": "This solution installs workbook(s) to help you gain insights into the telemetry collected in Microsoft Sentinel. After installing the solution, start using the workbook in Manage solution view."
            }
          },
          {
            "name": "workbooks-link",
            "type": "Microsoft.Common.TextBlock",
            "options": {
              "link": {
                "label": "Learn more",
                "uri": "https://docs.microsoft.com/azure/sentinel/tutorial-monitor-your-data"
              }
            }
          },
          {
            "name": "workbook1",
            "type": "Microsoft.Common.Section",
            "label": "Microsoft Defender XDR MDOWorkbook",
            "elements": [
              {
                "name": "workbook1-text",
                "type": "Microsoft.Common.TextBlock",
                "options": {
                  "text": "Gain extensive insight into your organization's Microsoft Defender for Office Activity by analyzing, and correlating events.\nYou can track malware and phishing detection over time."
                }
              }
            ]
          },
          {
            "name": "workbook2",
            "type": "Microsoft.Common.Section",
            "label": "Microsoft Defender For EndPoint",
            "elements": [
              {
                "name": "workbook2-text",
                "type": "Microsoft.Common.TextBlock",
                "options": {
                  "text": "A workbook to provide details about Microsoft Defender for Endpoint Advance Hunting to Overview & Analyse data brought through Microsoft Defender XDR Connector."
                }
              }
            ]
          },
          {
            "name": "workbook3",
            "type": "Microsoft.Common.Section",
            "label": "Microsoft Defender For Identity",
            "elements": [
              {
                "name": "workbook3-text",
                "type": "Microsoft.Common.TextBlock",
                "options": {
                  "text": "Use this workbook to analyse the advance hunting data ingested for Defender For Identity."
                }
              }
            ]
          }
        ]
      },
      {
        "name": "analytics",
        "label": "Analytics",
        "subLabel": {
          "preValidation": "Configure the analytics",
          "postValidation": "Done"
        },
        "bladeTitle": "Analytics",
        "elements": [
          {
            "name": "analytics-text",
            "type": "Microsoft.Common.TextBlock",
            "options": {
              "text": "This solution installs the following analytic rule templates. After installing the solution, create and enable analytic rules in Manage solution view."
            }
          },
          {
            "name": "analytics-link",
            "type": "Microsoft.Common.TextBlock",
            "options": {
              "link": {
                "label": "Learn more",
                "uri": "https://docs.microsoft.com/azure/sentinel/tutorial-detect-threats-custom?WT.mc_id=Portal-Microsoft_Azure_CreateUIDef"
              }
            }
          },
          {
            "name": "analytic1",
            "type": "Microsoft.Common.Section",
            "label": "Possible Phishing with CSL and Network Sessions",
            "elements": [
              {
                "name": "analytic1-text",
                "type": "Microsoft.Common.TextBlock",
                "options": {
                  "text": "This query looks for malicious URL clicks in phishing email recognized by MDO in correlation with CommonSecurityLogs(CSL) & NetworkSession events. \nIf your workspace doesnt have one of the many data sources required for ASIM it may give informational error which can be safely ignored."
                }
              }
            ]
          },
          {
            "name": "analytic2",
            "type": "Microsoft.Common.Section",
            "label": "SUNSPOT malware hashes",
            "elements": [
              {
                "name": "analytic2-text",
                "type": "Microsoft.Common.TextBlock",
                "options": {
                  "text": "This query uses Microsoft Defender for Endpoint data to look for IoCs associated with the SUNSPOT malware shared by Crowdstrike.\nMore details: \n  - https://www.crowdstrike.com/blog/sunspot-malware-technical-analysis/ \n  - https://techcommunity.microsoft.com/t5/azure-sentinel/monitoring-your-software-build-process-with-azure-sentinel/ba-p/2140807"
                }
              }
            ]
          },
          {
            "name": "analytic3",
            "type": "Microsoft.Common.Section",
            "label": "Potential Build Process Compromise - MDE",
            "elements": [
              {
                "name": "analytic3-text",
                "type": "Microsoft.Common.TextBlock",
                "options": {
                  "text": "The query looks for source code files being modified immediately after a build process is started. The purpose of this is to look for malicious code injection during the build process. This query uses Microsoft Defender for Endpoint telemetry.\nMore details: https://techcommunity.microsoft.com/t5/azure-sentinel/monitoring-the-software-supply-chain-with-azure-sentinel/ba-p/2176463"
                }
              }
            ]
          },
          {
            "name": "analytic4",
            "type": "Microsoft.Common.Section",
            "label": "TEARDROP memory-only dropper",
            "elements": [
              {
                "name": "analytic4-text",
                "type": "Microsoft.Common.TextBlock",
                "options": {
                  "text": "Identifies SolarWinds TEARDROP memory-only dropper IOCs in Window's defender Exploit Guard activity\nReferences:\n- https://www.fireeye.com/blog/threat-research/2020/12/evasive-attacker-leverages-solarwinds-supply-chain-compromises-with-sunburst-backdoor.html\n- https://gist.github.com/olafhartong/71ffdd4cab4b6acd5cbcd1a0691ff82f"
                }
              }
            ]
          },
          {
            "name": "analytic5",
            "type": "Microsoft.Common.Section",
            "label": "SUNBURST network beacons",
            "elements": [
              {
                "name": "analytic5-text",
                "type": "Microsoft.Common.TextBlock",
                "options": {
                  "text": "Identifies SolarWinds SUNBURST domain beacon IOCs in DeviceNetworkEvents\nReferences:\n- https://www.fireeye.com/blog/threat-research/2020/12/evasive-attacker-leverages-solarwinds-supply-chain-compromises-with-sunburst-backdoor.html\n- https://gist.github.com/olafhartong/71ffdd4cab4b6acd5cbcd1a0691ff82f"
                }
              }
            ]
          },
          {
            "name": "analytic6",
            "type": "Microsoft.Common.Section",
            "label": "SUNBURST and SUPERNOVA backdoor hashes",
            "elements": [
              {
                "name": "analytic6-text",
                "type": "Microsoft.Common.TextBlock",
                "options": {
                  "text": "Identifies SolarWinds SUNBURST and SUPERNOVA backdoor file hash IOCs in DeviceFileEvents\nReferences:\n- https://www.fireeye.com/blog/threat-research/2020/12/evasive-attacker-leverages-solarwinds-supply-chain-compromises-with-sunburst-backdoor.html\n- https://gist.github.com/olafhartong/71ffdd4cab4b6acd5cbcd1a0691ff82f"
                }
              }
            ]
          },
          {
            "name": "analytic7",
            "type": "Microsoft.Common.Section",
            "label": "AV detections related to Ukraine threats",
            "elements": [
              {
                "name": "analytic7-text",
                "type": "Microsoft.Common.TextBlock",
                "options": {
                  "text": "This query looks for Microsoft Defender AV detections for malware observed in relation to the war in Ukraine.\n  Ref: https://msrc-blog.microsoft.com/2022/02/28/analysis-resources-cyber-threat-activity-ukraine/ "
                }
              }
            ]
          },
          {
            "name": "analytic8",
            "type": "Microsoft.Common.Section",
            "label": "AV detections related to Tarrask malware",
            "elements": [
              {
                "name": "analytic8-text",
                "type": "Microsoft.Common.TextBlock",
                "options": {
                  "text": "This query looks for Microsoft Defender AV detections related to Tarrask malware. In Microsoft Sentinel, the SecurityAlerts table \n includes only the Device Name of the affected device, this query joins the DeviceInfo table to clearly connect other information such as Device group, ip, logged-on users etc. \n This would allow the Microsoft Sentinel analyst to have more context related to the alert, if available.\n Reference: https://www.microsoft.com/security/blog/2022/04/12/tarrask-malware-uses-scheduled-tasks-for-defense-evasion/"
                }
              }
            ]
          },
          {
            "name": "analytic9",
            "type": "Microsoft.Common.Section",
            "label": "AV detections related to SpringShell Vulnerability",
            "elements": [
              {
                "name": "analytic9-text",
                "type": "Microsoft.Common.TextBlock",
                "options": {
                  "text": "This query looks for Microsoft Defender AV detections related to the SpringShell vulnerability. In Microsoft Sentinel, the SecurityAlerts table includes only the Device Name of the affected device.\n  This query joins the DeviceInfo table to clearly connect other information such as device group, IP, logged-on users, etc. This would allow the Microsoft Sentinel analyst to have more context related to the alert, if available.\n  Reference: https://www.microsoft.com/security/blog/2022/04/04/springshell-rce-vulnerability-guidance-for-protecting-against-and-detecting-cve-2022-22965/"
                }
              }
            ]
          },
          {
            "name": "analytic10",
            "type": "Microsoft.Common.Section",
            "label": "Execution of software vulnerable to webp buffer overflow of CVE-2023-4863",
            "elements": [
              {
                "name": "analytic10-text",
                "type": "Microsoft.Common.TextBlock",
                "options": {
                  "text": "This query looks at device, process, and network events from Defender for Endpoint that may be vulnerable to buffer overflow defined in CVE-2023-4863. Results are not an indicator of malicious activity."
                }
              }
            ]
          }
        ]
      },
      {
        "name": "huntingqueries",
        "label": "Hunting Queries",
        "bladeTitle": "Hunting Queries",
        "elements": [
          {
            "name": "huntingqueries-text",
            "type": "Microsoft.Common.TextBlock",
            "options": {
              "text": "This solution installs the following hunting queries. After installing the solution, run these hunting queries to hunt for threats in Manage solution view. "
            }
          },
          {
            "name": "huntingqueries-link",
            "type": "Microsoft.Common.TextBlock",
            "options": {
              "link": {
                "label": "Learn more",
                "uri": "https://docs.microsoft.com/azure/sentinel/hunting"
              }
            }
          },
          {
            "name": "huntingquery1",
            "type": "Microsoft.Common.Section",
            "label": "Appspot Phishing Abuse",
            "elements": [
              {
                "name": "huntingquery1-text",
                "type": "Microsoft.Common.TextBlock",
                "options": {
                  "text": "This query helps surface phishing campaigns associated with Appspot abuse.These emails frequently contain phishing links that utilize the recipients' own email address as a unique identifier in the URI.\nThis campaign was published on Twitter by @MsftSecIntel at this link: https://twitter.com/MsftSecIntel/status/1374148156301004800\nReference - https://twitter.com/MsftSecIntel/status/1374148156301004800 This hunting query depends on MicrosoftThreatProtection data connector (EmailUrlInfo EmailEvents Parser or Table)"
                }
              }
            ]
          },
          {
            "name": "huntingquery2",
            "type": "Microsoft.Common.Section",
            "label": "Spoofing attempts from Specific Domains",
            "elements": [
              {
                "name": "huntingquery2-text",
                "type": "Microsoft.Common.TextBlock",
                "options": {
                  "text": "This query identifies potential phishing or spoofing attempts originating from specific domains with authentication failures. This hunting query depends on OfficeATP data connector (EmailEvents Parser or Table)"
                }
              }
            ]
          },
          {
            "name": "huntingquery3",
            "type": "Microsoft.Common.Section",
            "label": "Determine Successfully Delivered Phishing Emails by top IP Addresses",
            "elements": [
              {
                "name": "huntingquery3-text",
                "type": "Microsoft.Common.TextBlock",
                "options": {
                  "text": "This query identifies phishing emails sent that were successfully delivered, by top IP addressess. cutoff default value is 5, adjust the value as needed. This hunting query depends on OfficeATP data connector (EmailEvents Parser or Table)"
                }
              }
            ]
          },
          {
            "name": "huntingquery4",
            "type": "Microsoft.Common.Section",
            "label": "Determine Successfully Delivered Phishing Emails to Inbox/Junk folder.",
            "elements": [
              {
                "name": "huntingquery4-text",
                "type": "Microsoft.Common.TextBlock",
                "options": {
                  "text": "This query identifies threats which got successfully delivered to Inbox/Junk folder. This hunting query depends on OfficeATP data connector (EmailEvents Parser or Table)"
                }
              }
            ]
          }
        ]
      }
    ],
    "outputs": {
      "workspace-location": "[first(map(filter(basics('getLAWorkspace').value, (filter) => and(contains(toLower(filter.id), toLower(resourceGroup().name)),equals(filter.name,basics('workspace')))), (item) => item.location))]",
      "location": "[location()]",
      "workspace": "[basics('workspace')]"
    }
  }
}
