{
  "$schema": "https://schema.management.azure.com/schemas/0.1.2-preview/CreateUIDefinition.MultiVm.json#",
  "handler": "Microsoft.Azure.CreateUIDef",
  "version": "0.1.2-preview",
  "parameters": {
    "config": {
      "isWizard": false,
      "basics": {
        "description": "<img src=\"https://raw.githubusercontent.com/Azure/Azure-Sentinel/master/Workbooks/Images/Logos/Azure_Sentinel.svg\" width=\"75px\" height=\"75px\">\n\n**Important:** _This Microsoft Sentinel Solution is currently in public preview. This feature is provided without a service level agreement, and it's not recommended for production workloads. Certain features might not be supported or might have constrained capabilities. For more information, see [Supplemental Terms of Use for Microsoft Azure Previews](https://azure.microsoft.com/support/legal/preview-supplemental-terms/)._\n\n**Note:** _There may be [known issues](https://aka.ms/sentinelsolutionsknownissues) pertaining to this Solution, please refer to them before installing._\n\nThis solution is designed to enable Cloud Architects, Security Engineers, and Governance Risk Compliance Professionals to increase visibility before, during, and after a cybersecurity incident. The solution includes (1) workbook, (4) hunting queries, (8) analytics rules, and (3) playbooks providing a comprehensive approach to design, build, monitoring, and response in logging architectures. Information from logs on information systems1 (for both on-premises systems and connections hosted by third parties, such as cloud services providers (CSPs) is invaluable in the detection, investigation, and remediation of cyber threats. Executive Order 14028, Improving the Nation's Cybersecurity, directs decisive action to improve the Federal Government’s investigative and remediation capabilities. This memorandum was developed in accordance with and addresses the requirements in section 8 of the Executive Order for logging, log retention, and log management, with a focus on ensuring centralized access and visibility for the highest-level enterprise security operations center (SOC) of each agency. In addition, this memorandum establishes requirements for agencies3 to increase the sharing of such information, as needed and appropriate, to accelerate incident response efforts and to enable more effective defense of Federal information and executive branch departments and agencies.For more information, see (💡[Improving the Federal Government’s Investigative and Remediation Capabilities Related to Cybersecurity Incidents (M-21-31)](https://www.whitehouse.gov/wp-content/uploads/2021/08/M-21-31-Improving-the-Federal-Governments-Investigative-and-Remediation-Capabilities-Related-to-Cybersecurity-Incidents.pdf)).\n\nMicrosoft Sentinel Solutions provide a consolidated way to acquire Microsoft Sentinel content like data connectors, workbooks, analytics, and automations in your workspace with a single deployment step.\n\n**Workbooks:** 1, **Analytic Rules:** 8, **Hunting Queries:** 4, **Playbooks:** 3\n\n[Learn more about Microsoft Sentinel](https://aka.ms/azuresentinel) | [Learn more about Solutions](https://aka.ms/azuresentinelsolutionsdoc)",
        "subscription": {
          "resourceProviders": [
            "Microsoft.OperationsManagement/solutions",
            "Microsoft.OperationalInsights/workspaces/providers/alertRules",
            "Microsoft.Insights/workbooks",
            "Microsoft.Logic/workflows"
          ]
        },
        "location": {
          "metadata": {
            "hidden": "Hiding location, we get it from the log analytics workspace"
          },
          "visible": false
        },
        "resourceGroup": {
          "allowExisting": true
        }
      }
    },
    "basics": [
      {
        "name": "getLAWorkspace",
        "type": "Microsoft.Solutions.ArmApiControl",
        "toolTip": "This filters by workspaces that exist in the Resource Group selected",
        "condition": "[greater(length(resourceGroup().name),0)]",
        "request": {
          "method": "GET",
          "path": "[concat(subscription().id,'/providers/Microsoft.OperationalInsights/workspaces?api-version=2020-08-01')]"
        }
      },
      {
        "name": "workspace",
        "type": "Microsoft.Common.DropDown",
        "label": "Workspace",
        "placeholder": "Select a workspace",
        "toolTip": "This dropdown will list only workspace that exists in the Resource Group selected",
        "constraints": {
          "allowedValues": "[map(filter(basics('getLAWorkspace').value, (filter) => contains(toLower(filter.id), toLower(resourceGroup().name))), (item) => parse(concat('{\"label\":\"', item.name, '\",\"value\":\"', item.name, '\"}')))]",
          "required": true
        },
        "visible": true
      }
    ],
    "steps": [
      {
        "name": "workbooks",
        "label": "Workbooks",
        "subLabel": {
          "preValidation": "Configure the workbooks",
          "postValidation": "Done"
        },
        "bladeTitle": "Workbooks",
        "elements": [
          {
            "name": "workbooks-text",
            "type": "Microsoft.Common.TextBlock",
            "options": {
              "text": "This Azure Sentinel Solution installs workbooks. Workbooks provide a flexible canvas for data monitoring, analysis, and the creation of rich visual reports within the Azure portal. They allow you to tap into one or many data sources from Azure Sentinel and combine them into unified interactive experiences.",
              "link": {
                "label": "Learn more",
                "uri": "https://docs.microsoft.com/azure/sentinel/tutorial-monitor-your-data"
              }
            }
          },
          {
            "name": "workbook1",
            "type": "Microsoft.Common.Section",
            "label": "MaturityModelForEventLogManagementM2131",
            "elements": [
              {
                "name": "workbook1-text",
                "type": "Microsoft.Common.TextBlock"
              },
              {
                "name": "workbook1-name",
                "type": "Microsoft.Common.TextBox",
                "label": "Display Name",
                "defaultValue": "MaturityModelForEventLogManagementM2131",
                "toolTip": "Display name for the workbook.",
                "constraints": {
                  "required": true,
                  "regex": "[a-z0-9A-Z]{1,256}$",
                  "validationMessage": "Please enter a workbook name"
                }
              }
            ]
          }
        ]
      },
      {
        "name": "analytics",
        "label": "Analytics",
        "subLabel": {
          "preValidation": "Configure the analytics",
          "postValidation": "Done"
        },
        "bladeTitle": "Analytics",
        "elements": [
          {
            "name": "analytics-text",
            "type": "Microsoft.Common.TextBlock",
            "options": {
              "text": "This Azure Sentinel Solution installs analytic rules for MaturityModelForEventLogManagementM2131 that you can enable for custom alert generation in Azure Sentinel. These analytic rules will be deployed in disabled mode in the analytics rules gallery of your Azure Sentinel workspace. Configure and enable these rules in the analytic rules gallery after this Solution deploys.",
              "link": {
                "label": "Learn more",
                "uri": "https://docs.microsoft.com/azure/sentinel/tutorial-detect-threats-custom?WT.mc_id=Portal-Microsoft_Azure_CreateUIDef"
              }
            }
          },
          {
            "name": "analytic1",
            "type": "Microsoft.Common.Section",
            "label": "(Preview)M2131_AssetStoppedLogging",
            "elements": [
              {
                "name": "analytic1-text",
                "type": "Microsoft.Common.TextBlock",
                "options": {
                  "text": "This alert is designed to monitor assets within the Maturity Model for Event Log Management (M-21-31) standard. The alert triggers when a monitored asset fails to provide a heartbeat within 24 hours."
                }
              }
            ]
          },
          {
            "name": "analytic2",
            "type": "Microsoft.Common.Section",
            "label": "(Preview)M2131_DataConnectorAddedChangedRemoved",
            "elements": [
              {
                "name": "analytic2-text",
                "type": "Microsoft.Common.TextBlock",
                "options": {
                  "text": "This alert is designed to monitor data connector configurations. This alert is triggered when a data connector is added, updated, or deleted."
                }
              }
            ]
          },
          {
            "name": "analytic3",
            "type": "Microsoft.Common.Section",
            "label": "(Preview)M2131_EventLogManagementPostureChanged_EL0",
            "elements": [
              {
                "name": "analytic3-text",
                "type": "Microsoft.Common.TextBlock",
                "options": {
                  "text": "This alert is desinged to monitor Azure policies aligned with the Maturity Model for Event Log Management (M-21-31) standard. The alert triggers when EL0 policy compliance falls below 70% within a 1 week timeframe."
                }
              }
            ]
          },
          {
            "name": "analytic4",
            "type": "Microsoft.Common.Section",
            "label": "(Preview)M2131_EventLogManagementPostureChanged_EL1",
            "elements": [
              {
                "name": "analytic4-text",
                "type": "Microsoft.Common.TextBlock",
                "options": {
                  "text": "This alert is desinged to monitor Azure policies aligned with the Maturity Model for Event Log Management (M-21-31) standard. The alert triggers when EL1 policy compliance falls below 70% within a 1 week timeframe."
                }
              }
            ]
          },
          {
            "name": "analytic5",
            "type": "Microsoft.Common.Section",
            "label": "(Preview)M2131_EventLogManagementPostureChanged_EL2",
            "elements": [
              {
                "name": "analytic5-text",
                "type": "Microsoft.Common.TextBlock",
                "options": {
                  "text": "This alert is desinged to monitor Azure policies aligned with the Maturity Model for Event Log Management (M-21-31) standard. The alert triggers when EL2 policy compliance falls below 70% within a 1 week timeframe."
                }
              }
            ]
          },
          {
            "name": "analytic6",
            "type": "Microsoft.Common.Section",
            "label": "(Preview)M2131_EventLogManagementPostureChanged_EL3",
            "elements": [
              {
                "name": "analytic6-text",
                "type": "Microsoft.Common.TextBlock",
                "options": {
                  "text": "This alert is desinged to monitor Azure policies aligned with the Maturity Model for Event Log Management (M-21-31) standard. The alert triggers when EL3 policy compliance falls below 70% within a 1 week timeframe."
                }
              }
            ]
          },
          {
            "name": "analytic7",
            "type": "Microsoft.Common.Section",
            "label": "(Preview)M2131_LogRetentionLessThan1Year",
            "elements": [
              {
                "name": "analytic7-text",
                "type": "Microsoft.Common.TextBlock",
                "options": {
                  "text": "This alert is designed to monitor log retention within the Maturity Model for Event Log Management (M-21-31) standard. The alert triggers when a log analytics workspace in active storage is configured for less than 1 year."
                }
              }
            ]
          },
          {
            "name": "analytic8",
            "type": "Microsoft.Common.Section",
            "label": "(Preview)M2131_RecommendedDatatableUnhealthy",
            "elements": [
              {
                "name": "analytic8-text",
                "type": "Microsoft.Common.TextBlock",
                "options": {
                  "text": "This alert is designed to monitor recommended data tables aligned to the Maturity Model for Event Log Management (M-21-31) standard. The alert triggers when a recommended data table hasn't been observed in over 48 hours."
                }
              }
            ]
          }
        ]
      },
      {
        "name": "huntingqueries",
        "label": "Hunting Queries",
        "bladeTitle": "Hunting Queries",
        "elements": [
          {
            "name": "huntingqueries-text",
            "type": "Microsoft.Common.TextBlock",
            "options": {
              "text": "This Azure Sentinel Solution installs hunting queries for MaturityModelForEventLogManagementM2131 that you can run in Azure Sentinel. These hunting queries will be deployed in the Hunting gallery of your Azure Sentinel workspace. Run these hunting queries to hunt for threats in the Hunting gallery after this Solution deploys.",
              "link": {
                "label": "Learn more",
                "uri": "https://docs.microsoft.com/azure/sentinel/hunting"
              }
            }
          },
          {
            "name": "huntingquery1",
            "type": "Microsoft.Common.Section",
            "label": "M2131_RecommendedDatatableNotLogged_EL0",
            "elements": [
              {
                "name": "huntingquery1-text",
                "type": "Microsoft.Common.TextBlock",
                "options": {
                  "text": "This alert audits your logging architecture for recommended data tables aligned to Event Logging (EL0) of the Maturity Model for Event Log Management (M-21-31) standard. The alert triggers when recommended data tables in EL0 are not present. "
                }
              }
            ]
          },
          {
            "name": "huntingquery2",
            "type": "Microsoft.Common.Section",
            "label": "M2131_RecommendedDatatableNotLogged_EL1",
            "elements": [
              {
                "name": "huntingquery2-text",
                "type": "Microsoft.Common.TextBlock",
                "options": {
                  "text": "This alert audits your logging architecture for recommended data tables aligned to Basic Event Logging (EL1) of the Maturity Model for Event Log Management (M-21-31) standard. The alert triggers when recommended data tables in EL1 are not present. "
                }
              }
            ]
          },
          {
            "name": "huntingquery3",
            "type": "Microsoft.Common.Section",
            "label": "M2131_RecommendedDatatableNotLogged_EL2",
            "elements": [
              {
                "name": "huntingquery3-text",
                "type": "Microsoft.Common.TextBlock",
                "options": {
                  "text": "This alert audits your logging architecture for recommended data tables aligned to Intermediate Event Logging (EL2) of the Maturity Model for Event Log Management (M-21-31) standard. The alert triggers when recommended data tables in EL2 are not present. "
                }
              }
            ]
          },
          {
            "name": "huntingquery4",
            "type": "Microsoft.Common.Section",
            "label": "M2131_RecommendedDatatableNotLogged_EL3",
            "elements": [
              {
                "name": "huntingquery4-text",
                "type": "Microsoft.Common.TextBlock",
                "options": {
                  "text": "This alert audits your logging architecture for recommended data tables aligned to Advanced Event Logging (EL3) of the Maturity Model for Event Log Management (M-21-31) standard. The alert triggers when recommended data tables in EL3 are not present. "
                }
              }
            ]
          }
        ]
      },
      {
        "name": "playbooks",
        "label": "Playbooks",
        "subLabel": {
          "preValidation": "Configure the playbooks",
          "postValidation": "Done"
        },
        "bladeTitle": "Playbooks",
        "elements": [
          {
            "name": "playbooks-text",
            "type": "Microsoft.Common.TextBlock",
            "options": {
              "text": "This solution installs playbook resources.  A security playbook is a collection of procedures that can be run from Azure Sentinel in response to an alert. A security playbook can help automate and orchestrate your response, and can be run manually or set to run automatically when specific alerts are triggered. Security playbooks in Azure Sentinel are based on Azure Logic Apps, which means that you get all the power, customizability, and built-in templates of Logic Apps. Each playbook is created for the specific subscription you choose, but when you look at the Playbooks page, you will see all the playbooks across any selected subscriptions.",
              "link": {
                "label": "Learn more",
                "uri": "https://docs.microsoft.com/azure/sentinel/tutorial-respond-threats-playbook?WT.mc_id=Portal-Microsoft_Azure_CreateUIDef"
              }
            }
          },
          {
            "name": "playbook1",
            "type": "Microsoft.Common.Section",
            "label": "Notify-LogManagementTeam",
            "elements": [
              {
                "name": "playbook1-text",
                "type": "Microsoft.Common.TextBlock",
                "options": {
                  "text": "This playbook ingests events from MaturityModelForEventLogManagementM2131 into Log Analytics using the API."
                }
              },
              {
                "name": "playbook1-PlaybookName",
                "type": "Microsoft.Common.TextBox",
                "label": "Playbook Name",
                "defaultValue": "Notify-LogManagementTeam",
                "toolTip": "Resource name for the logic app playbook.  No spaces are allowed",
                "constraints": {
                  "required": true,
                  "regex": "[a-z0-9A-Z]{1,256}$",
                  "validationMessage": "Please enter a playbook resource name"
                }
              },
              {
                "name": "playbook1-Email",
                "type": "Microsoft.Common.TextBox",
                "label": "Email",
                "defaultValue": "LogManagementTeam@example.com",
                "toolTip": "Please enter Email",
                "constraints": {
                  "required": true,
                  "regex": "[a-z0-9A-Z]{1,256}$",
                  "validationMessage": "Please enter the Email"
                }
              },
              {
                "name": "playbook1-TeamschannelId",
                "type": "Microsoft.Common.TextBox",
                "label": "Teamschannel Id",
                "defaultValue": "LogManagementTeam",
                "toolTip": "Please enter Teamschannel Id",
                "constraints": {
                  "required": true,
                  "regex": "[a-z0-9A-Z]{1,256}$",
                  "validationMessage": "Please enter the Teamschannel Id"
                }
              },
              {
                "name": "playbook1-TeamsgroupId",
                "type": "Microsoft.Common.TextBox",
                "label": "Teamsgroup Id",
                "defaultValue": "LogManagementTeam",
                "toolTip": "Please enter Teamsgroup Id",
                "constraints": {
                  "required": true,
                  "regex": "[a-z0-9A-Z]{1,256}$",
                  "validationMessage": "Please enter the Teamsgroup Id"
                }
              }
            ]
          },
          {
            "name": "playbook2",
            "type": "Microsoft.Common.Section",
            "label": "Create-AzureDevOpsTask",
            "elements": [
              {
                "name": "playbook2-text",
                "type": "Microsoft.Common.TextBlock",
                "options": {
                  "text": "This playbook ingests events from MaturityModelForEventLogManagementM2131 into Log Analytics using the API."
                }
              },
              {
                "name": "playbook2-PlaybookName",
                "type": "Microsoft.Common.TextBox",
                "label": "Playbook Name",
                "defaultValue": "Create-AzureDevOpsTask",
                "toolTip": "Resource name for the logic app playbook.  No spaces are allowed",
                "constraints": {
                  "required": true,
                  "regex": "[a-z0-9A-Z]{1,256}$",
                  "validationMessage": "Please enter a playbook resource name"
                }
              }
            ]
          },
          {
            "name": "playbook3",
            "type": "Microsoft.Common.Section",
            "label": "CreateJiraIssue",
            "elements": [
              {
                "name": "playbook3-text",
                "type": "Microsoft.Common.TextBlock",
                "options": {
                  "text": "This playbook ingests events from MaturityModelForEventLogManagementM2131 into Log Analytics using the API."
                }
              },
              {
                "name": "playbook3-PlaybookName",
                "type": "Microsoft.Common.TextBox",
                "label": "Playbook Name",
                "defaultValue": "CreateJiraIssue",
                "toolTip": "Resource name for the logic app playbook.  No spaces are allowed",
                "constraints": {
                  "required": true,
                  "regex": "[a-z0-9A-Z]{1,256}$",
                  "validationMessage": "Please enter a playbook resource name"
                }
              }
            ]
          }
        ]
      }
    ],
    "outputs": {
      "workspace-location": "[first(map(filter(basics('getLAWorkspace').value, (filter) => and(contains(toLower(filter.id), toLower(resourceGroup().name)),equals(filter.name,basics('workspace')))), (item) => item.location))]",
      "location": "[location()]",
      "workspace": "[basics('workspace')]",
      "workbook1-name": "[steps('workbooks').workbook1.workbook1-name]",
      "playbook1-PlaybookName": "[steps('playbooks').playbook1.playbook1-PlaybookName]",
      "playbook1-Email": "[steps('playbooks').playbook1.playbook1-Email]",
      "playbook1-TeamschannelId": "[steps('playbooks').playbook1.playbook1-TeamschannelId]",
      "playbook1-TeamsgroupId": "[steps('playbooks').playbook1.playbook1-TeamsgroupId]",
      "playbook2-PlaybookName": "[steps('playbooks').playbook2.playbook2-PlaybookName]",
      "playbook3-PlaybookName": "[steps('playbooks').playbook3.playbook3-PlaybookName]"
    }
  }
}
