{
  "$schema": "https://schema.management.azure.com/schemas/2019-04-01/deploymentTemplate.json#",
  "contentVersion": "1.0.0.0",
  "metadata": {
    "author": "Microsoft",
    "comments": "Solution template for Blackberry CylancePROTECT"
  },
  "parameters": {
    "location": {
      "type": "string",
      "minLength": 1,
      "defaultValue": "[resourceGroup().location]",
      "metadata": {
        "description": "Not used, but needed to pass arm-ttk test `Location-Should-Not-Be-Hardcoded`.  We instead use the `workspace-location` which is derived from the LA workspace"
      }
    },
    "workspace-location": {
      "type": "string",
      "defaultValue": "",
      "metadata": {
        "description": "[concat('Region to deploy solution resources -- separate from location selection',parameters('location'))]"
      }
    },
    "workspace": {
      "defaultValue": "",
      "type": "string",
      "metadata": {
        "description": "Workspace name for Log Analytics where Microsoft Sentinel is setup"
      }
    }
  },
  "variables": {
    "_solutionName": "Blackberry CylancePROTECT",
    "_solutionVersion": "3.0.0",
    "solutionId": "azuresentinel.azure-sentinel-solution-blackberrycylanceprotect",
    "_solutionId": "[variables('solutionId')]",
    "uiConfigId1": "BlackberryCylancePROTECT",
    "_uiConfigId1": "[variables('uiConfigId1')]",
    "dataConnectorContentId1": "BlackberryCylancePROTECT",
    "_dataConnectorContentId1": "[variables('dataConnectorContentId1')]",
    "dataConnectorId1": "[extensionResourceId(resourceId('Microsoft.OperationalInsights/workspaces', parameters('workspace')), 'Microsoft.SecurityInsights/dataConnectors', variables('_dataConnectorContentId1'))]",
    "_dataConnectorId1": "[variables('dataConnectorId1')]",
    "dataConnectorTemplateSpecName1": "[concat(parameters('workspace'),'/Microsoft.SecurityInsights/',concat(parameters('workspace'),'-dc-',uniquestring(variables('_dataConnectorContentId1'))))]",
    "dataConnectorVersion1": "1.0.0",
    "_dataConnectorcontentProductId1": "[concat(take(variables('_solutionId'),50),'-','dc','-', uniqueString(concat(variables('_solutionId'),'-','DataConnector','-',variables('_dataConnectorContentId1'),'-', variables('dataConnectorVersion1'))))]",
    "parserObject1": {
      "_parserName1": "[concat(parameters('workspace'),'/','CylancePROTECT')]",
      "_parserId1": "[resourceId('Microsoft.OperationalInsights/workspaces/savedSearches', parameters('workspace'), 'CylancePROTECT')]",
      "parserTemplateSpecName1": "[concat(parameters('workspace'),'/Microsoft.SecurityInsights/',concat(parameters('workspace'),'-pr-',uniquestring('CylancePROTECT-Parser')))]",
      "parserVersion1": "1.0.0",
      "parserContentId1": "CylancePROTECT-Parser"
    },
    "_solutioncontentProductId": "[concat(take(variables('_solutionId'),50),'-','sl','-', uniqueString(concat(variables('_solutionId'),'-','Solution','-',variables('_solutionId'),'-', variables('_solutionVersion'))))]"
  },
  "resources": [
    {
      "type": "Microsoft.OperationalInsights/workspaces/providers/contentTemplates",
      "apiVersion": "2023-04-01-preview",
      "name": "[variables('dataConnectorTemplateSpecName1')]",
      "location": "[parameters('workspace-location')]",
      "dependsOn": [
        "[extensionResourceId(resourceId('Microsoft.OperationalInsights/workspaces', parameters('workspace')), 'Microsoft.SecurityInsights/contentPackages', variables('_solutionId'))]"
      ],
      "properties": {
        "description": "Blackberry CylancePROTECT data connector with template version 3.0.0",
        "mainTemplate": {
          "$schema": "https://schema.management.azure.com/schemas/2019-04-01/deploymentTemplate.json#",
          "contentVersion": "[variables('dataConnectorVersion1')]",
          "parameters": {},
          "variables": {},
          "resources": [
            {
              "name": "[concat(parameters('workspace'),'/Microsoft.SecurityInsights/',variables('_dataConnectorContentId1'))]",
              "apiVersion": "2021-03-01-preview",
              "type": "Microsoft.OperationalInsights/workspaces/providers/dataConnectors",
              "location": "[parameters('workspace-location')]",
              "kind": "GenericUI",
              "properties": {
                "connectorUiConfig": {
                  "id": "[variables('_uiConfigId1')]",
                  "title": "[Deprecated] Blackberry CylancePROTECT",
                  "publisher": "Blackberry",
                  "descriptionMarkdown": "The [Blackberry CylancePROTECT](https://www.blackberry.com/us/en/products/blackberry-protect) connector allows you to easily connect your CylancePROTECT logs with Microsoft Sentinel. This gives you more insight into your organization's network and improves your security operation capabilities.",
                  "additionalRequirementBanner": "These queries are dependent on a parser based on a Kusto Function deployed as part of the solution.",
                  "graphQueries": [
                    {
                      "metricName": "Total data received",
                      "legend": "CylancePROTECT",
                      "baseQuery": "CylancePROTECT​"
                    }
                  ],
                  "sampleQueries": [
                    {
                      "description": "Top 10 Event Types",
                      "query": "CylancePROTECT​\n            | summarize count() by EventName\n            | top 10 by count_"
                    },
                    {
                      "description": "Top 10 Triggered Policies",
                      "query": "CylancePROTECT​\n            | where EventType == \"Threat\" \n            | summarize count() by PolicyName \n            | top 10 by count_"
                    }
                  ],
                  "connectivityCriterias": [
                    {
                      "type": "IsConnectedQuery",
                      "value": [
                        "CylancePROTECT​\n |where TimeGenerated > ago(3d)\n    |take 1\n   | project IsConnected = true"
                      ]
                    }
                  ],
                  "dataTypes": [
                    {
                      "name": "Syslog (CylancePROTECT)",
                      "lastDataReceivedQuery": "CylancePROTECT​\n            | summarize Time = max(TimeGenerated)\n            | where isnotempty(Time)"
                    }
                  ],
                  "availability": {
                    "status": 1,
                    "isPreview": false
                  },
                  "permissions": {
                    "resourceProvider": [
                      {
                        "provider": "Microsoft.OperationalInsights/workspaces",
                        "permissionsDisplayText": "write permission.",
                        "providerDisplayName": "Workspace",
                        "scope": "Workspace",
                        "requiredPermissions": {
                          "write": true,
                          "delete": true
                        }
                      }
                    ],
                    "customs": [
                      {
                        "name": "CylancePROTECT",
                        "description": "must be configured to export logs via Syslog."
                      }
                    ]
                  },
                  "instructionSteps": [
                    {
                      "description": ">**NOTE:** This data connector depends on a parser based on a Kusto Function to work as expected which is deployed as part of the solution. To view the function code in Log Analytics, open Log Analytics/Microsoft Sentinel Logs blade, click Functions and search for the alias CyclanePROTECT and load the function code or click [here](https://github.com/Azure/Azure-Sentinel/blob/master/Solutions/Blackberry%20CylancePROTECT/Parsers/CylancePROTECT.txt), on the second line of the query, enter the hostname(s) of your CyclanePROTECT device(s) and any other unique identifiers for the logstream. The function usually takes 10-15 minutes to activate after solution installation/update."
                    },
                    {
                      "description": "Typically, you should install the agent on a different computer from the one on which the logs are generated.\n\n>  Syslog logs are collected only from **Linux** agents.",
                      "instructions": [
                        {
                          "parameters": {
                            "title": "Choose where to install the agent:",
                            "instructionSteps": [
                              {
                                "title": "Install agent on Azure Linux Virtual Machine",
                                "description": "Select the machine to install the agent on and then click **Connect**.",
                                "instructions": [
                                  {
                                    "parameters": {
                                      "linkType": "InstallAgentOnLinuxVirtualMachine"
                                    },
                                    "type": "InstallAgent"
                                  }
                                ]
                              },
                              {
                                "title": "Install agent on a non-Azure Linux Machine",
                                "description": "Download the agent on the relevant machine and follow the instructions.",
                                "instructions": [
                                  {
                                    "parameters": {
                                      "linkType": "InstallAgentOnLinuxNonAzure"
                                    },
                                    "type": "InstallAgent"
                                  }
                                ]
                              }
                            ]
                          },
                          "type": "InstructionStepsGroup"
                        }
                      ],
                      "title": "1. Install and onboard the agent for Linux"
                    },
                    {
                      "description": "Configure the facilities you want to collect and their severities.\n\n1.  Select the link below to open your workspace **agents configuration**, and select the **Syslog** tab.\n2.  Select **Add facility** and choose from the drop-down list of facilities. Repeat for all the facilities you want to add.\n3.  Mark the check boxes for the desired severities for each facility.\n4.  Click **Apply**.",
                      "instructions": [
                        {
                          "parameters": {
                            "linkType": "OpenSyslogSettings"
                          },
                          "type": "InstallAgent"
                        }
                      ],
                      "title": "2. Configure the logs to be collected"
                    },
                    {
                      "description": "[Follow these instructions](https://docs.blackberry.com/content/dam/docs-blackberry-com/release-pdfs/en/cylance-products/syslog-guides/Cylance%20Syslog%20Guide%20v2.0%20rev12.pdf) to configure the CylancePROTECT to forward syslog. Use the IP address or hostname for the Linux device with the Linux agent installed as the Destination IP address.",
                      "title": "3. Configure and connect the CylancePROTECT"
                    }
                  ]
                }
              }
            },
            {
              "type": "Microsoft.OperationalInsights/workspaces/providers/metadata",
              "apiVersion": "2023-04-01-preview",
              "name": "[concat(parameters('workspace'),'/Microsoft.SecurityInsights/',concat('DataConnector-', last(split(variables('_dataConnectorId1'),'/'))))]",
              "properties": {
                "parentId": "[extensionResourceId(resourceId('Microsoft.OperationalInsights/workspaces', parameters('workspace')), 'Microsoft.SecurityInsights/dataConnectors', variables('_dataConnectorContentId1'))]",
                "contentId": "[variables('_dataConnectorContentId1')]",
                "kind": "DataConnector",
                "version": "[variables('dataConnectorVersion1')]",
                "source": {
                  "kind": "Solution",
                  "name": "Blackberry CylancePROTECT",
                  "sourceId": "[variables('_solutionId')]"
                },
                "author": {
                  "name": "Microsoft"
                },
                "support": {
                  "name": "Microsoft Corporation",
                  "email": "support@microsoft.com",
                  "tier": "Microsoft",
                  "link": "https://support.microsoft.com"
                }
              }
            }
          ]
        },
        "packageKind": "Solution",
        "packageVersion": "[variables('_solutionVersion')]",
        "packageName": "[variables('_solutionName')]",
        "packageId": "[variables('_solutionId')]",
        "contentSchemaVersion": "3.0.0",
        "contentId": "[variables('_dataConnectorContentId1')]",
        "contentKind": "DataConnector",
        "displayName": "[Deprecated] Blackberry CylancePROTECT",
        "contentProductId": "[variables('_dataConnectorcontentProductId1')]",
        "id": "[variables('_dataConnectorcontentProductId1')]",
        "version": "[variables('dataConnectorVersion1')]"
      }
    },
    {
      "type": "Microsoft.OperationalInsights/workspaces/providers/metadata",
      "apiVersion": "2023-04-01-preview",
      "name": "[concat(parameters('workspace'),'/Microsoft.SecurityInsights/',concat('DataConnector-', last(split(variables('_dataConnectorId1'),'/'))))]",
      "dependsOn": [
        "[variables('_dataConnectorId1')]"
      ],
      "location": "[parameters('workspace-location')]",
      "properties": {
        "parentId": "[extensionResourceId(resourceId('Microsoft.OperationalInsights/workspaces', parameters('workspace')), 'Microsoft.SecurityInsights/dataConnectors', variables('_dataConnectorContentId1'))]",
        "contentId": "[variables('_dataConnectorContentId1')]",
        "kind": "DataConnector",
        "version": "[variables('dataConnectorVersion1')]",
        "source": {
          "kind": "Solution",
          "name": "Blackberry CylancePROTECT",
          "sourceId": "[variables('_solutionId')]"
        },
        "author": {
          "name": "Microsoft"
        },
        "support": {
          "name": "Microsoft Corporation",
          "email": "support@microsoft.com",
          "tier": "Microsoft",
          "link": "https://support.microsoft.com"
        }
      }
    },
    {
      "name": "[concat(parameters('workspace'),'/Microsoft.SecurityInsights/',variables('_dataConnectorContentId1'))]",
      "apiVersion": "2021-03-01-preview",
      "type": "Microsoft.OperationalInsights/workspaces/providers/dataConnectors",
      "location": "[parameters('workspace-location')]",
      "kind": "GenericUI",
      "properties": {
        "connectorUiConfig": {
          "title": "[Deprecated] Blackberry CylancePROTECT",
          "publisher": "Blackberry",
          "descriptionMarkdown": "The [Blackberry CylancePROTECT](https://www.blackberry.com/us/en/products/blackberry-protect) connector allows you to easily connect your CylancePROTECT logs with Microsoft Sentinel. This gives you more insight into your organization's network and improves your security operation capabilities.",
          "graphQueries": [
            {
              "metricName": "Total data received",
              "legend": "CylancePROTECT",
              "baseQuery": "CylancePROTECT​"
            }
          ],
          "dataTypes": [
            {
              "name": "Syslog (CylancePROTECT)",
              "lastDataReceivedQuery": "CylancePROTECT​\n            | summarize Time = max(TimeGenerated)\n            | where isnotempty(Time)"
            }
          ],
          "connectivityCriterias": [
            {
              "type": "IsConnectedQuery",
              "value": [
                "CylancePROTECT​\n |where TimeGenerated > ago(3d)\n    |take 1\n   | project IsConnected = true"
              ]
            }
          ],
          "sampleQueries": [
            {
              "description": "Top 10 Event Types",
              "query": "CylancePROTECT​\n            | summarize count() by EventName\n            | top 10 by count_"
            },
            {
              "description": "Top 10 Triggered Policies",
              "query": "CylancePROTECT​\n            | where EventType == \"Threat\" \n            | summarize count() by PolicyName \n            | top 10 by count_"
            }
          ],
          "availability": {
            "status": 1,
            "isPreview": false
          },
          "permissions": {
            "resourceProvider": [
              {
                "provider": "Microsoft.OperationalInsights/workspaces",
                "permissionsDisplayText": "write permission.",
                "providerDisplayName": "Workspace",
                "scope": "Workspace",
                "requiredPermissions": {
                  "write": true,
                  "delete": true
                }
              }
            ],
            "customs": [
              {
                "name": "CylancePROTECT",
                "description": "must be configured to export logs via Syslog."
              }
            ]
          },
          "instructionSteps": [
            {
              "description": ">**NOTE:** This data connector depends on a parser based on a Kusto Function to work as expected which is deployed as part of the solution. To view the function code in Log Analytics, open Log Analytics/Microsoft Sentinel Logs blade, click Functions and search for the alias CyclanePROTECT and load the function code or click [here](https://github.com/Azure/Azure-Sentinel/blob/master/Solutions/Blackberry%20CylancePROTECT/Parsers/CylancePROTECT.txt), on the second line of the query, enter the hostname(s) of your CyclanePROTECT device(s) and any other unique identifiers for the logstream. The function usually takes 10-15 minutes to activate after solution installation/update."
            },
            {
              "description": "Typically, you should install the agent on a different computer from the one on which the logs are generated.\n\n>  Syslog logs are collected only from **Linux** agents.",
              "instructions": [
                {
                  "parameters": {
                    "title": "Choose where to install the agent:",
                    "instructionSteps": [
                      {
                        "title": "Install agent on Azure Linux Virtual Machine",
                        "description": "Select the machine to install the agent on and then click **Connect**.",
                        "instructions": [
                          {
                            "parameters": {
                              "linkType": "InstallAgentOnLinuxVirtualMachine"
                            },
                            "type": "InstallAgent"
                          }
                        ]
                      },
                      {
                        "title": "Install agent on a non-Azure Linux Machine",
                        "description": "Download the agent on the relevant machine and follow the instructions.",
                        "instructions": [
                          {
                            "parameters": {
                              "linkType": "InstallAgentOnLinuxNonAzure"
                            },
                            "type": "InstallAgent"
                          }
                        ]
                      }
                    ]
                  },
                  "type": "InstructionStepsGroup"
                }
              ],
              "title": "1. Install and onboard the agent for Linux"
            },
            {
              "description": "Configure the facilities you want to collect and their severities.\n\n1.  Select the link below to open your workspace **agents configuration**, and select the **Syslog** tab.\n2.  Select **Add facility** and choose from the drop-down list of facilities. Repeat for all the facilities you want to add.\n3.  Mark the check boxes for the desired severities for each facility.\n4.  Click **Apply**.",
              "instructions": [
                {
                  "parameters": {
                    "linkType": "OpenSyslogSettings"
                  },
                  "type": "InstallAgent"
                }
              ],
              "title": "2. Configure the logs to be collected"
            },
            {
              "description": "[Follow these instructions](https://docs.blackberry.com/content/dam/docs-blackberry-com/release-pdfs/en/cylance-products/syslog-guides/Cylance%20Syslog%20Guide%20v2.0%20rev12.pdf) to configure the CylancePROTECT to forward syslog. Use the IP address or hostname for the Linux device with the Linux agent installed as the Destination IP address.",
              "title": "3. Configure and connect the CylancePROTECT"
            }
          ],
          "id": "[variables('_uiConfigId1')]",
          "additionalRequirementBanner": "These queries are dependent on a parser based on a Kusto Function deployed as part of the solution."
        }
      }
    },
    {
      "type": "Microsoft.OperationalInsights/workspaces/providers/contentTemplates",
      "apiVersion": "2023-04-01-preview",
      "name": "[variables('parserObject1').parserTemplateSpecName1]",
      "location": "[parameters('workspace-location')]",
      "dependsOn": [
        "[extensionResourceId(resourceId('Microsoft.OperationalInsights/workspaces', parameters('workspace')), 'Microsoft.SecurityInsights/contentPackages', variables('_solutionId'))]"
      ],
      "properties": {
        "description": "CylancePROTECT Data Parser with template version 3.0.0",
        "mainTemplate": {
          "$schema": "https://schema.management.azure.com/schemas/2019-04-01/deploymentTemplate.json#",
          "contentVersion": "[variables('parserObject1').parserVersion1]",
          "parameters": {},
          "variables": {},
          "resources": [
            {
              "name": "[variables('parserObject1')._parserName1]",
              "apiVersion": "2022-10-01",
              "type": "Microsoft.OperationalInsights/workspaces/savedSearches",
              "location": "[parameters('workspace-location')]",
              "properties": {
                "eTag": "*",
                "displayName": "CylancePROTECT",
                "category": "Microsoft Sentinel Parser",
                "functionAlias": "CylancePROTECT",
                "query": "let LogHeader = Syslog\n| where Computer in (\"sysloghost\") // Replace sysloghost with the name of your syslog server\n| extend EventType = extract(@\"^\\W*([\\w-]+),\",1,SyslogMessage),\n        EventName = extract(@\"Event Name: ([^,]+),\",1,SyslogMessage),\n        DeviceName = extract(@\"Device Name: ([^,]+),\",1,SyslogMessage);\nlet DeviceEvents = LogHeader\n| where SyslogMessage contains \"Device,\"\n| extend AgentVersion = extract(@\"Agent Version: ([^,]+),\",1,SyslogMessage),\n        SrcIpAddr = split(extract(@\"IP Address: \\(([^)]+)\\),\",1,SyslogMessage),\",\"),\n        SrcMacAddr = split(extract(@\"MAC Address: \\(([^)]+)\\),\",1,SyslogMessage),\",\"),\n        LoggedOnUsers = split(extract(@\"Logged On Users: \\(([^)]+)\\),\",1,SyslogMessage),\",\"),\n        OsVersion = extract(@\"OS: ([^,]+),\",1,SyslogMessage),\n        ZoneNames = split(extract(@\"Zone Names: \\(([^)]+)\\)(,|$)\",1,SyslogMessage),\",\");\nlet ScriptControlEvents = LogHeader\n| where SyslogMessage contains \"ScriptControl\"\n| extend FilePath = extract(@\"File Path: ([^,]+),\",1,SyslogMessage),\n        FileHashSha256 = extract(@\"SHA256: ([^,]+),\",1,SyslogMessage),\n        Interpreter = extract(@\"Interpreter: ([^,]+),\",1,SyslogMessage),\n        InterpreterVersion = extract(@\"Interpreter Version: ([^,]+),\",1,SyslogMessage),\n        UserName = extract(@\"User Name: ([^,]+),\",1,SyslogMessage),\n        DeviceId = extract(@\"Device Id: ([^,]+),\",1,SyslogMessage),\n        PolicyName = extract(@\"Policy Name: ([^,]+)(,|$)\",1,SyslogMessage);\nlet ThreatEvents = LogHeader\n| where SyslogMessage contains \"Threat\"\n| extend SrcIpAddr = split(extract(@\"IP Address: \\(([^)]+)\\),\",1,SyslogMessage),\",\"),\n        FileName = extract(@\"File Name: ([^,]+),\",1,SyslogMessage),\n        Path = extract(@\"Path: ([^,]+)(,|$)\",1,SyslogMessage),\n        DriveType = extract(@\"Drive Type: ([^,]+),\",1,SyslogMessage),\n        FileHashSha256 = extract(@\"SHA256: ([^,]+),\",1,SyslogMessage),\n        FileHashMd5 = extract(@\"MD5: ([^,]+),\",1,SyslogMessage),\n        Status = extract(@\"Status: ([^,]+),\",1,SyslogMessage),\n        CylanceScore = extract(@\"Cylance Score: ([^,]+),\",1,SyslogMessage),\n        FoundDate = extract(@\"Found Date: ([^,]+),\",1,SyslogMessage),\n        FileType = extract(@\"File Type: ([^,]+),\",1,SyslogMessage),\n        IsRunning = extract(@\"Is Running: ([^,]+),\",1,SyslogMessage),\n        AutoRun = extract(@\"Auto Run: ([^,]+),\",1,SyslogMessage),\n        DetectedBy = extract(@\"Detected By: ([^,]+),\",1,SyslogMessage),\n        ZoneNames = split(extract(@\"Zone Names: \\(([^)]+)\\),\",1,SyslogMessage),\",\"),\n        IsMalware = extract(@\"Is Malware: ([^,]+),\",1,SyslogMessage),\n        IsUniqueToCylance = extract(@\"Is Unique To Cylance: ([^,]+),\",1,SyslogMessage),\n        ThreatClassification = extract(@\"Threat Classification: ([^,]+),\",1,SyslogMessage),\n        DeviceId = extract(@\"Device Id: ([^,]+),\",1,SyslogMessage),\n        PolicyName = extract(@\"Policy Name: ([^,]+)(,|$)\",1,SyslogMessage);\nlet DeviceControlEvents = LogHeader\n| where SyslogMessage contains \"DeviceControl\"\n| extend ExtDeviceType = extract(@\"External Device Type: ([^,]+),\",1,SyslogMessage),\n        ExtDeviceVendorId = extract(@\"External Device Vendor ID: ([^,]+),\",1,SyslogMessage),\n        ExtDeviceName = extract(@\"External Device Name: ([^,]+),\",1,SyslogMessage),\n        ExtDeviceProductId = extract(@\"External Device Product ID: ([^,]+),\",1,SyslogMessage),\n        ExtDeviceSerialNumber = extract(@\"External Device Serial Number: ([^,]+),\",1,SyslogMessage),\n        ZoneNames = split(extract(@\"Zone Names: \\(([^)]+)\\)(,|$)\",1,SyslogMessage),\",\"),\n        DeviceId = extract(@\"Device Id: ([^,]+),\",1,SyslogMessage),\n        PolicyName = extract(@\"Policy Name: ([^,]+)(,|$)\",1,SyslogMessage);\nlet AuditLog = LogHeader\n| where SyslogMessage contains \"AuditLog\"\n| extend Provider = extract(@\"Provider: ([^,]+),\",1,SyslogMessage),\n        PolicyChanged = extract(@\"Policy Changed: ([^,]+),\",1,SyslogMessage),\n        ZoneNames = split(extract(@\"Zone: ([^,]+)(,|$)\",1,SyslogMessage),\",\"),\n        UserName = extract(@\"User: ([^,]+)(,|$)\",1,SyslogMessage),\n        DeviceName = extract(@\"Devices?:\\s([\\w\\d\\-\\_]+)\\,\",1,SyslogMessage),\n        SrcIpAddr = split(extract(@\"Source IP: ([\\w\\.\\:]+)\\,\",1,SyslogMessage),\",\");\nlet NoEventType = LogHeader\n| where isempty(SyslogMessage)\n| extend EventType = iif(isempty(EventType),\"Other\",EventType)\n| extend AgentVersion = tostring(parse_json(SyslogMessage).[\"Agent Version\"]),\n        BackgroundDetection = tostring(parse_json(SyslogMessage).[\"Background Detection\"]),\n        EventCreationTime = tostring(parse_json(SyslogMessage).Created),\n        DeviceName = tostring(parse_json(SyslogMessage).[\"Device Name\"]),\n        FilesAnalyzed = toint(parse_json(SyslogMessage).[\"Files Analyzed\"]),\n        SrcIpAddr = split(parse_json(SyslogMessage).[\"IP Addresses\"],\",\"),\n        IsOnline = tostring(parse_json(SyslogMessage).[\"Is Online\"]),\n        LastReportedUser = tostring(parse_json(SyslogMessage).[\"Last Reported User\"]),\n        SrcMacAddr = split(parse_json(SyslogMessage).[\"Mac Addresses\"],\",\"),\n        OsVersion = tostring(parse_json(SyslogMessage).[\"OS Version\"]),\n        OfflineDate = tostring(parse_json(SyslogMessage).[\"Offline Date\"]),\n        OnlineDate = tostring(parse_json(SyslogMessage).[\"Online Date\"]),\n        Policy = tostring(parse_json(SyslogMessage).Policy),\n        SerialNumber = tostring(parse_json(SyslogMessage).[\"Serial Number\"]), \n        Tenant = tostring(parse_json(SyslogMessage).Tenant),\n        ZoneNames = split(parse_json(SyslogMessage).Zones,\",\")\n| extend AvIndustry = tostring(parse_json(SyslogMessage).[\"AV Industry\"]),\n        AccessTime = tostring(parse_json(SyslogMessage).[\"Access Time\"]),\n        AutoRun = tostring(parse_json(SyslogMessage).[\"Auto Run\"]),\n        CertIssuer = tostring(parse_json(SyslogMessage).[\"Cert Issuer\"]),\n        CertPublisher = tostring(parse_json(SyslogMessage).[\"Cert Publisher\"]),\n        CertSubject = tostring(parse_json(SyslogMessage).[\"Cert Subject\"]),\n        CertTimestamp = tostring(parse_json(SyslogMessage).[\"Cert Timestamp\"]),\n        Classification_ = tostring(parse_json(SyslogMessage).Classification),\n        CompanyName = tostring(parse_json(SyslogMessage).[\"Company Name\"]),\n        Copyright = tostring(parse_json(SyslogMessage).Copyright),\n        CreateTime = tostring(parse_json(SyslogMessage).[\"Create Time\"]),\n        CylanceScore = tostring(parse_json(SyslogMessage).[\"Cylance Score\"]),\n        Description = tostring(parse_json(SyslogMessage).Description),\n        DetectedBy = tostring(parse_json(SyslogMessage).[\"Detected By\"]),\n        DriveType = tostring(parse_json(SyslogMessage).[\"Drive Type\"]),\n        EverRun = tostring(parse_json(SyslogMessage).[\"Ever Run\"]),\n        FileName = tostring(parse_json(SyslogMessage).[\"File Name\"]),\n        FileOwner = tostring(parse_json(SyslogMessage).[\"File Owner\"]),\n        FilePath = tostring(parse_json(SyslogMessage).[\"File Path\"]),\n        FileSize = tostring(parse_json(SyslogMessage).[\"File Size (bytes)\"]),\n        FileStatus = tostring(parse_json(SyslogMessage).[\"File Status\"]),\n        FileVersion = tostring(parse_json(SyslogMessage).[\"File Version\"]),\n        FirstFound = tostring(parse_json(SyslogMessage).[\"First Found\"]),\n        GlobalQuarantined = tostring(parse_json(SyslogMessage).[\"Global Quarantined\"]),\n        LastFound = tostring(parse_json(SyslogMessage).[\"Last Found\"]),\n        FileHashMd5 = tostring(parse_json(SyslogMessage).MD5),\n        ModificationTime = tostring(parse_json(SyslogMessage).[\"Modification Time\"]),\n        ProductName = tostring(parse_json(SyslogMessage).[\"Product Name\"]),\n        Running = tostring(parse_json(SyslogMessage).Running),\n        FileHashSha256 = tostring(parse_json(SyslogMessage).SHA256),\n        Safelisted = tostring(parse_json(SyslogMessage).Safelisted),\n        SerialNumber = tostring(parse_json(SyslogMessage).[\"Serial Number\"]),\n        SignatureStatus = tostring(parse_json(SyslogMessage).[\"Signature Status\"]),\n        Signed = tostring(parse_json(SyslogMessage).Signed);\nlet AllOtherEvents = LogHeader\n| where EventType !in (\"Device\", \"ScriptControl\", \"Threat\", \"DeviceControl\", \"AuditLog\", \"Other\");\nunion DeviceEvents, ScriptControlEvents, ThreatEvents, DeviceControlEvents, AuditLog, NoEventType, AllOtherEvents\n| where EventType != \"Other\"\n",
                "functionParameters": "",
                "version": 2,
                "tags": [
                  {
                    "name": "description",
                    "value": ""
                  }
                ]
              }
            },
            {
              "type": "Microsoft.OperationalInsights/workspaces/providers/metadata",
              "apiVersion": "2022-01-01-preview",
              "name": "[concat(parameters('workspace'),'/Microsoft.SecurityInsights/',concat('Parser-', last(split(variables('parserObject1')._parserId1,'/'))))]",
              "dependsOn": [
                "[variables('parserObject1')._parserId1]"
              ],
              "properties": {
                "parentId": "[resourceId('Microsoft.OperationalInsights/workspaces/savedSearches', parameters('workspace'), 'CylancePROTECT')]",
                "contentId": "[variables('parserObject1').parserContentId1]",
                "kind": "Parser",
                "version": "[variables('parserObject1').parserVersion1]",
                "source": {
                  "name": "Blackberry CylancePROTECT",
                  "kind": "Solution",
                  "sourceId": "[variables('_solutionId')]"
                },
                "author": {
                  "name": "Microsoft"
                },
                "support": {
                  "name": "Microsoft Corporation",
                  "email": "support@microsoft.com",
                  "tier": "Microsoft",
                  "link": "https://support.microsoft.com"
                }
              }
            }
          ]
        },
        "packageKind": "Solution",
        "packageVersion": "[variables('_solutionVersion')]",
        "packageName": "[variables('_solutionName')]",
        "packageId": "[variables('_solutionId')]",
        "contentSchemaVersion": "3.0.0",
        "contentId": "[variables('parserObject1').parserContentId1]",
        "contentKind": "Parser",
        "displayName": "CylancePROTECT",
        "contentProductId": "[concat(take(variables('_solutionId'),50),'-','pr','-', uniqueString(concat(variables('_solutionId'),'-','Parser','-',variables('parserObject1').parserContentId1,'-', '1.0.0')))]",
        "id": "[concat(take(variables('_solutionId'),50),'-','pr','-', uniqueString(concat(variables('_solutionId'),'-','Parser','-',variables('parserObject1').parserContentId1,'-', '1.0.0')))]",
        "version": "[variables('parserObject1').parserVersion1]"
      }
    },
    {
      "type": "Microsoft.OperationalInsights/workspaces/savedSearches",
      "apiVersion": "2022-10-01",
      "name": "[variables('parserObject1')._parserName1]",
      "location": "[parameters('workspace-location')]",
      "properties": {
        "eTag": "*",
        "displayName": "CylancePROTECT",
        "category": "Microsoft Sentinel Parser",
        "functionAlias": "CylancePROTECT",
        "query": "let LogHeader = Syslog\n| where Computer in (\"sysloghost\") // Replace sysloghost with the name of your syslog server\n| extend EventType = extract(@\"^\\W*([\\w-]+),\",1,SyslogMessage),\n        EventName = extract(@\"Event Name: ([^,]+),\",1,SyslogMessage),\n        DeviceName = extract(@\"Device Name: ([^,]+),\",1,SyslogMessage);\nlet DeviceEvents = LogHeader\n| where SyslogMessage contains \"Device,\"\n| extend AgentVersion = extract(@\"Agent Version: ([^,]+),\",1,SyslogMessage),\n        SrcIpAddr = split(extract(@\"IP Address: \\(([^)]+)\\),\",1,SyslogMessage),\",\"),\n        SrcMacAddr = split(extract(@\"MAC Address: \\(([^)]+)\\),\",1,SyslogMessage),\",\"),\n        LoggedOnUsers = split(extract(@\"Logged On Users: \\(([^)]+)\\),\",1,SyslogMessage),\",\"),\n        OsVersion = extract(@\"OS: ([^,]+),\",1,SyslogMessage),\n        ZoneNames = split(extract(@\"Zone Names: \\(([^)]+)\\)(,|$)\",1,SyslogMessage),\",\");\nlet ScriptControlEvents = LogHeader\n| where SyslogMessage contains \"ScriptControl\"\n| extend FilePath = extract(@\"File Path: ([^,]+),\",1,SyslogMessage),\n        FileHashSha256 = extract(@\"SHA256: ([^,]+),\",1,SyslogMessage),\n        Interpreter = extract(@\"Interpreter: ([^,]+),\",1,SyslogMessage),\n        InterpreterVersion = extract(@\"Interpreter Version: ([^,]+),\",1,SyslogMessage),\n        UserName = extract(@\"User Name: ([^,]+),\",1,SyslogMessage),\n        DeviceId = extract(@\"Device Id: ([^,]+),\",1,SyslogMessage),\n        PolicyName = extract(@\"Policy Name: ([^,]+)(,|$)\",1,SyslogMessage);\nlet ThreatEvents = LogHeader\n| where SyslogMessage contains \"Threat\"\n| extend SrcIpAddr = split(extract(@\"IP Address: \\(([^)]+)\\),\",1,SyslogMessage),\",\"),\n        FileName = extract(@\"File Name: ([^,]+),\",1,SyslogMessage),\n        Path = extract(@\"Path: ([^,]+)(,|$)\",1,SyslogMessage),\n        DriveType = extract(@\"Drive Type: ([^,]+),\",1,SyslogMessage),\n        FileHashSha256 = extract(@\"SHA256: ([^,]+),\",1,SyslogMessage),\n        FileHashMd5 = extract(@\"MD5: ([^,]+),\",1,SyslogMessage),\n        Status = extract(@\"Status: ([^,]+),\",1,SyslogMessage),\n        CylanceScore = extract(@\"Cylance Score: ([^,]+),\",1,SyslogMessage),\n        FoundDate = extract(@\"Found Date: ([^,]+),\",1,SyslogMessage),\n        FileType = extract(@\"File Type: ([^,]+),\",1,SyslogMessage),\n        IsRunning = extract(@\"Is Running: ([^,]+),\",1,SyslogMessage),\n        AutoRun = extract(@\"Auto Run: ([^,]+),\",1,SyslogMessage),\n        DetectedBy = extract(@\"Detected By: ([^,]+),\",1,SyslogMessage),\n        ZoneNames = split(extract(@\"Zone Names: \\(([^)]+)\\),\",1,SyslogMessage),\",\"),\n        IsMalware = extract(@\"Is Malware: ([^,]+),\",1,SyslogMessage),\n        IsUniqueToCylance = extract(@\"Is Unique To Cylance: ([^,]+),\",1,SyslogMessage),\n        ThreatClassification = extract(@\"Threat Classification: ([^,]+),\",1,SyslogMessage),\n        DeviceId = extract(@\"Device Id: ([^,]+),\",1,SyslogMessage),\n        PolicyName = extract(@\"Policy Name: ([^,]+)(,|$)\",1,SyslogMessage);\nlet DeviceControlEvents = LogHeader\n| where SyslogMessage contains \"DeviceControl\"\n| extend ExtDeviceType = extract(@\"External Device Type: ([^,]+),\",1,SyslogMessage),\n        ExtDeviceVendorId = extract(@\"External Device Vendor ID: ([^,]+),\",1,SyslogMessage),\n        ExtDeviceName = extract(@\"External Device Name: ([^,]+),\",1,SyslogMessage),\n        ExtDeviceProductId = extract(@\"External Device Product ID: ([^,]+),\",1,SyslogMessage),\n        ExtDeviceSerialNumber = extract(@\"External Device Serial Number: ([^,]+),\",1,SyslogMessage),\n        ZoneNames = split(extract(@\"Zone Names: \\(([^)]+)\\)(,|$)\",1,SyslogMessage),\",\"),\n        DeviceId = extract(@\"Device Id: ([^,]+),\",1,SyslogMessage),\n        PolicyName = extract(@\"Policy Name: ([^,]+)(,|$)\",1,SyslogMessage);\nlet AuditLog = LogHeader\n| where SyslogMessage contains \"AuditLog\"\n| extend Provider = extract(@\"Provider: ([^,]+),\",1,SyslogMessage),\n        PolicyChanged = extract(@\"Policy Changed: ([^,]+),\",1,SyslogMessage),\n        ZoneNames = split(extract(@\"Zone: ([^,]+)(,|$)\",1,SyslogMessage),\",\"),\n        UserName = extract(@\"User: ([^,]+)(,|$)\",1,SyslogMessage),\n        DeviceName = extract(@\"Devices?:\\s([\\w\\d\\-\\_]+)\\,\",1,SyslogMessage),\n        SrcIpAddr = split(extract(@\"Source IP: ([\\w\\.\\:]+)\\,\",1,SyslogMessage),\",\");\nlet NoEventType = LogHeader\n| where isempty(SyslogMessage)\n| extend EventType = iif(isempty(EventType),\"Other\",EventType)\n| extend AgentVersion = tostring(parse_json(SyslogMessage).[\"Agent Version\"]),\n        BackgroundDetection = tostring(parse_json(SyslogMessage).[\"Background Detection\"]),\n        EventCreationTime = tostring(parse_json(SyslogMessage).Created),\n        DeviceName = tostring(parse_json(SyslogMessage).[\"Device Name\"]),\n        FilesAnalyzed = toint(parse_json(SyslogMessage).[\"Files Analyzed\"]),\n        SrcIpAddr = split(parse_json(SyslogMessage).[\"IP Addresses\"],\",\"),\n        IsOnline = tostring(parse_json(SyslogMessage).[\"Is Online\"]),\n        LastReportedUser = tostring(parse_json(SyslogMessage).[\"Last Reported User\"]),\n        SrcMacAddr = split(parse_json(SyslogMessage).[\"Mac Addresses\"],\",\"),\n        OsVersion = tostring(parse_json(SyslogMessage).[\"OS Version\"]),\n        OfflineDate = tostring(parse_json(SyslogMessage).[\"Offline Date\"]),\n        OnlineDate = tostring(parse_json(SyslogMessage).[\"Online Date\"]),\n        Policy = tostring(parse_json(SyslogMessage).Policy),\n        SerialNumber = tostring(parse_json(SyslogMessage).[\"Serial Number\"]), \n        Tenant = tostring(parse_json(SyslogMessage).Tenant),\n        ZoneNames = split(parse_json(SyslogMessage).Zones,\",\")\n| extend AvIndustry = tostring(parse_json(SyslogMessage).[\"AV Industry\"]),\n        AccessTime = tostring(parse_json(SyslogMessage).[\"Access Time\"]),\n        AutoRun = tostring(parse_json(SyslogMessage).[\"Auto Run\"]),\n        CertIssuer = tostring(parse_json(SyslogMessage).[\"Cert Issuer\"]),\n        CertPublisher = tostring(parse_json(SyslogMessage).[\"Cert Publisher\"]),\n        CertSubject = tostring(parse_json(SyslogMessage).[\"Cert Subject\"]),\n        CertTimestamp = tostring(parse_json(SyslogMessage).[\"Cert Timestamp\"]),\n        Classification_ = tostring(parse_json(SyslogMessage).Classification),\n        CompanyName = tostring(parse_json(SyslogMessage).[\"Company Name\"]),\n        Copyright = tostring(parse_json(SyslogMessage).Copyright),\n        CreateTime = tostring(parse_json(SyslogMessage).[\"Create Time\"]),\n        CylanceScore = tostring(parse_json(SyslogMessage).[\"Cylance Score\"]),\n        Description = tostring(parse_json(SyslogMessage).Description),\n        DetectedBy = tostring(parse_json(SyslogMessage).[\"Detected By\"]),\n        DriveType = tostring(parse_json(SyslogMessage).[\"Drive Type\"]),\n        EverRun = tostring(parse_json(SyslogMessage).[\"Ever Run\"]),\n        FileName = tostring(parse_json(SyslogMessage).[\"File Name\"]),\n        FileOwner = tostring(parse_json(SyslogMessage).[\"File Owner\"]),\n        FilePath = tostring(parse_json(SyslogMessage).[\"File Path\"]),\n        FileSize = tostring(parse_json(SyslogMessage).[\"File Size (bytes)\"]),\n        FileStatus = tostring(parse_json(SyslogMessage).[\"File Status\"]),\n        FileVersion = tostring(parse_json(SyslogMessage).[\"File Version\"]),\n        FirstFound = tostring(parse_json(SyslogMessage).[\"First Found\"]),\n        GlobalQuarantined = tostring(parse_json(SyslogMessage).[\"Global Quarantined\"]),\n        LastFound = tostring(parse_json(SyslogMessage).[\"Last Found\"]),\n        FileHashMd5 = tostring(parse_json(SyslogMessage).MD5),\n        ModificationTime = tostring(parse_json(SyslogMessage).[\"Modification Time\"]),\n        ProductName = tostring(parse_json(SyslogMessage).[\"Product Name\"]),\n        Running = tostring(parse_json(SyslogMessage).Running),\n        FileHashSha256 = tostring(parse_json(SyslogMessage).SHA256),\n        Safelisted = tostring(parse_json(SyslogMessage).Safelisted),\n        SerialNumber = tostring(parse_json(SyslogMessage).[\"Serial Number\"]),\n        SignatureStatus = tostring(parse_json(SyslogMessage).[\"Signature Status\"]),\n        Signed = tostring(parse_json(SyslogMessage).Signed);\nlet AllOtherEvents = LogHeader\n| where EventType !in (\"Device\", \"ScriptControl\", \"Threat\", \"DeviceControl\", \"AuditLog\", \"Other\");\nunion DeviceEvents, ScriptControlEvents, ThreatEvents, DeviceControlEvents, AuditLog, NoEventType, AllOtherEvents\n| where EventType != \"Other\"\n",
        "functionParameters": "",
        "version": 2,
        "tags": [
          {
            "name": "description",
            "value": ""
          }
        ]
      }
    },
    {
      "type": "Microsoft.OperationalInsights/workspaces/providers/metadata",
      "apiVersion": "2022-01-01-preview",
      "location": "[parameters('workspace-location')]",
      "name": "[concat(parameters('workspace'),'/Microsoft.SecurityInsights/',concat('Parser-', last(split(variables('parserObject1')._parserId1,'/'))))]",
      "dependsOn": [
        "[variables('parserObject1')._parserId1]"
      ],
      "properties": {
        "parentId": "[resourceId('Microsoft.OperationalInsights/workspaces/savedSearches', parameters('workspace'), 'CylancePROTECT')]",
        "contentId": "[variables('parserObject1').parserContentId1]",
        "kind": "Parser",
        "version": "[variables('parserObject1').parserVersion1]",
        "source": {
          "kind": "Solution",
          "name": "Blackberry CylancePROTECT",
          "sourceId": "[variables('_solutionId')]"
        },
        "author": {
          "name": "Microsoft"
        },
        "support": {
          "name": "Microsoft Corporation",
          "email": "support@microsoft.com",
          "tier": "Microsoft",
          "link": "https://support.microsoft.com"
        }
      }
    },
    {
      "type": "Microsoft.OperationalInsights/workspaces/providers/contentPackages",
      "apiVersion": "2023-04-01-preview",
      "location": "[parameters('workspace-location')]",
      "properties": {
        "version": "3.0.0",
        "kind": "Solution",
        "contentSchemaVersion": "3.0.0",
        "displayName": "Blackberry CylancePROTECT",
        "publisherDisplayName": "Microsoft Sentinel, Microsoft Corporation",
        "descriptionHtml": "<p><strong>Note:</strong> Please refer to the following before installing the solution:</p>\n<p>• Review the solution <a href=\"https://github.com/Azure/Azure-Sentinel/tree/master/Solutions/Blackberry%20CylancePROTECT/ReleaseNotes.md\">Release Notes</a></p>\n<p>• There may be <a href=\"https://aka.ms/sentinelsolutionsknownissues\">known issues</a> pertaining to this Solution, please refer to them before installing.</p>\n<p>The <a href=\"https://www.blackberry.com/us/en/products/cylance-endpoint-security/cylance-protect\">Blackberry CylancePROTECT</a> connector allows you to easily connect your CylancePROTECT logs with Microsoft Sentinel.</p>\n<p>This solution is dependent on the Syslog solution containing the Syslog via AMA connector to collect the logs. The Syslog solution will be installed as part of this solution installation.</p>\n<p><strong>NOTE</strong>: Microsoft recommends installation of Syslog via AMA Connector. Legacy connector uses the Log Analytics agent which is about to be deprecated by <strong>Aug 31, 2024</strong>. Using MMA and AMA on same machine can cause log duplication and extra ingestion cost <a href=\"https://learn.microsoft.com/en-us/azure/sentinel/ama-migrate\">more details</a>.</p>\n<p><strong>Data Connectors:</strong> 1, <strong>Parsers:</strong> 1</p>\n<p><a href=\"https://aka.ms/azuresentinel\">Learn more about Microsoft Sentinel</a> | <a href=\"https://aka.ms/azuresentinelsolutionsdoc\">Learn more about Solutions</a></p>\n",
        "contentKind": "Solution",
        "contentProductId": "[variables('_solutioncontentProductId')]",
        "id": "[variables('_solutioncontentProductId')]",
        "icon": "<img src=\"https://raw.githubusercontent.com/Azure/Azure-Sentinel/master/Logos/Azure_Sentinel.svg\" width=\"75px\" height=\"75px\">",
        "contentId": "[variables('_solutionId')]",
        "parentId": "[variables('_solutionId')]",
        "source": {
          "kind": "Solution",
          "name": "Blackberry CylancePROTECT",
          "sourceId": "[variables('_solutionId')]"
        },
        "author": {
          "name": "Microsoft"
        },
        "support": {
          "name": "Microsoft Corporation",
          "email": "support@microsoft.com",
          "tier": "Microsoft",
          "link": "https://support.microsoft.com"
        },
        "dependencies": {
          "criteria": [
            {
              "kind": "DataConnector",
              "contentId": "[variables('_dataConnectorContentId1')]",
              "version": "[variables('dataConnectorVersion1')]"
            },
            {
              "kind": "Parser",
              "contentId": "[variables('parserObject1').parserContentId1]",
              "version": "[variables('parserObject1').parserVersion1]"
            },
            {
              "kind": "Solution",
              "contentId": "azuresentinel.azure-sentinel-solution-syslog"
            }
          ]
        },
        "firstPublishDate": "2022-05-20",
        "providers": [
          "Blackberry"
        ],
        "categories": {
          "domains": [
            "Security - Threat Protection"
          ]
        }
      },
      "name": "[concat(parameters('workspace'),'/Microsoft.SecurityInsights/', variables('_solutionId'))]"
    }
  ],
  "outputs": {}
}
