{
  "$schema": "https://schema.management.azure.com/schemas/2019-04-01/deploymentTemplate.json#",
  "contentVersion": "1.0.0.0",
  "metadata": {
    "author": "iboss",
    "comments": "Solution template for iboss"
  },
  "parameters": {
    "location": {
      "type": "string",
      "minLength": 1,
      "defaultValue": "[resourceGroup().location]",
      "metadata": {
        "description": "Not used, but needed to pass arm-ttk test `Location-Should-Not-Be-Hardcoded`.  We instead use the `workspace-location` which is derived from the LA workspace"
      }
    },
    "workspace-location": {
      "type": "string",
      "defaultValue": "",
      "metadata": {
        "description": "[concat('Region to deploy solution resources -- separate from location selection',parameters('location'))]"
      }
    },
    "workspace": {
      "defaultValue": "",
      "type": "string",
      "metadata": {
        "description": "Workspace name for Log Analytics where Microsoft Sentinel is setup"
      }
    },
    "workbook1-name": {
      "type": "string",
      "defaultValue": "iboss Malware and C2",
      "minLength": 1,
      "metadata": {
        "description": "Name for the workbook"
      }
    },
    "workbook2-name": {
      "type": "string",
      "defaultValue": "iboss Web Usage",
      "minLength": 1,
      "metadata": {
        "description": "Name for the workbook"
      }
    }
  },
  "variables": {
    "_solutionName": "iboss",
    "_solutionVersion": "3.0.1",
    "solutionId": "iboss.iboss-sentinel-connector",
    "_solutionId": "[variables('solutionId')]",
    "uiConfigId1": "iboss",
    "_uiConfigId1": "[variables('uiConfigId1')]",
    "dataConnectorContentId1": "iboss",
    "_dataConnectorContentId1": "[variables('dataConnectorContentId1')]",
    "dataConnectorId1": "[extensionResourceId(resourceId('Microsoft.OperationalInsights/workspaces', parameters('workspace')), 'Microsoft.SecurityInsights/dataConnectors', variables('_dataConnectorContentId1'))]",
    "_dataConnectorId1": "[variables('dataConnectorId1')]",
    "dataConnectorTemplateSpecName1": "[concat(parameters('workspace'),'/Microsoft.SecurityInsights/',concat(parameters('workspace'),'-dc-',uniquestring(variables('_dataConnectorContentId1'))))]",
    "dataConnectorVersion1": "1.0.0",
    "_dataConnectorcontentProductId1": "[concat(take(variables('_solutionId'),50),'-','dc','-', uniqueString(concat(variables('_solutionId'),'-','DataConnector','-',variables('_dataConnectorContentId1'),'-', variables('dataConnectorVersion1'))))]",
    "uiConfigId2": "ibossAma",
    "_uiConfigId2": "[variables('uiConfigId2')]",
    "dataConnectorContentId2": "ibossAma",
    "_dataConnectorContentId2": "[variables('dataConnectorContentId2')]",
    "dataConnectorId2": "[extensionResourceId(resourceId('Microsoft.OperationalInsights/workspaces', parameters('workspace')), 'Microsoft.SecurityInsights/dataConnectors', variables('_dataConnectorContentId2'))]",
    "_dataConnectorId2": "[variables('dataConnectorId2')]",
    "dataConnectorTemplateSpecName2": "[concat(parameters('workspace'),'/Microsoft.SecurityInsights/',concat(parameters('workspace'),'-dc-',uniquestring(variables('_dataConnectorContentId2'))))]",
    "dataConnectorVersion2": "1.0.0",
    "_dataConnectorcontentProductId2": "[concat(take(variables('_solutionId'),50),'-','dc','-', uniqueString(concat(variables('_solutionId'),'-','DataConnector','-',variables('_dataConnectorContentId2'),'-', variables('dataConnectorVersion2'))))]",
    "parserObject1": {
      "_parserName1": "[concat(parameters('workspace'),'/','ibossUrlEvent')]",
      "_parserId1": "[resourceId('Microsoft.OperationalInsights/workspaces/savedSearches', parameters('workspace'), 'ibossUrlEvent')]",
      "parserTemplateSpecName1": "[concat(parameters('workspace'),'/Microsoft.SecurityInsights/',concat(parameters('workspace'),'-pr-',uniquestring('ibossUrlEvent-Parser')))]",
      "parserVersion1": "1.0.0",
      "parserContentId1": "ibossUrlEvent-Parser"
    },
    "workbookVersion1": "1.0.0",
    "workbookContentId1": "ibossMalwareAndC2Workbook",
    "workbookId1": "[resourceId('Microsoft.Insights/workbooks', variables('workbookContentId1'))]",
    "workbookTemplateSpecName1": "[concat(parameters('workspace'),'/Microsoft.SecurityInsights/',concat(parameters('workspace'),'-wb-',uniquestring(variables('_workbookContentId1'))))]",
    "_workbookContentId1": "[variables('workbookContentId1')]",
    "workspaceResourceId": "[resourceId('microsoft.OperationalInsights/Workspaces', parameters('workspace'))]",
    "_workbookcontentProductId1": "[concat(take(variables('_solutionId'),50),'-','wb','-', uniqueString(concat(variables('_solutionId'),'-','Workbook','-',variables('_workbookContentId1'),'-', variables('workbookVersion1'))))]",
    "workbookVersion2": "1.0.0",
    "workbookContentId2": "ibossWebUsageWorkbook",
    "workbookId2": "[resourceId('Microsoft.Insights/workbooks', variables('workbookContentId2'))]",
    "workbookTemplateSpecName2": "[concat(parameters('workspace'),'/Microsoft.SecurityInsights/',concat(parameters('workspace'),'-wb-',uniquestring(variables('_workbookContentId2'))))]",
    "_workbookContentId2": "[variables('workbookContentId2')]",
    "_workbookcontentProductId2": "[concat(take(variables('_solutionId'),50),'-','wb','-', uniqueString(concat(variables('_solutionId'),'-','Workbook','-',variables('_workbookContentId2'),'-', variables('workbookVersion2'))))]",
    "_solutioncontentProductId": "[concat(take(variables('_solutionId'),50),'-','sl','-', uniqueString(concat(variables('_solutionId'),'-','Solution','-',variables('_solutionId'),'-', variables('_solutionVersion'))))]"
  },
  "resources": [
    {
      "type": "Microsoft.OperationalInsights/workspaces/providers/contentTemplates",
      "apiVersion": "2023-04-01-preview",
      "name": "[variables('dataConnectorTemplateSpecName1')]",
      "location": "[parameters('workspace-location')]",
      "dependsOn": [
        "[extensionResourceId(resourceId('Microsoft.OperationalInsights/workspaces', parameters('workspace')), 'Microsoft.SecurityInsights/contentPackages', variables('_solutionId'))]"
      ],
      "properties": {
        "description": "iboss data connector with template version 3.0.1",
        "mainTemplate": {
          "$schema": "https://schema.management.azure.com/schemas/2019-04-01/deploymentTemplate.json#",
          "contentVersion": "[variables('dataConnectorVersion1')]",
          "parameters": {},
          "variables": {},
          "resources": [
            {
              "name": "[concat(parameters('workspace'),'/Microsoft.SecurityInsights/',variables('_dataConnectorContentId1'))]",
              "apiVersion": "2021-03-01-preview",
              "type": "Microsoft.OperationalInsights/workspaces/providers/dataConnectors",
              "location": "[parameters('workspace-location')]",
              "kind": "GenericUI",
              "properties": {
                "connectorUiConfig": {
                  "id": "[variables('_uiConfigId1')]",
                  "title": "[Deprecated] iboss via Legacy Agent",
                  "publisher": "iboss",
                  "descriptionMarkdown": "The [iboss](https://www.iboss.com) data connector enables you to seamlessly connect your Threat Console to Microsoft Sentinel and enrich your instance with iboss URL event logs. Our logs are forwarded in Common Event Format (CEF) over Syslog and the configuration required can be completed on the iboss platform without the use of a proxy. Take advantage of our connector to garner critical data points and gain insight into security threats.",
                  "graphQueries": [
                    {
                      "metricName": "Total data received",
                      "legend": "ibossUrlEvent",
                      "baseQuery": "ibossUrlEvent"
                    }
                  ],
                  "sampleQueries": [
                    {
                      "description": "Logs Received from the past week",
                      "query": "ibossUrlEvent | where TimeGenerated > ago(7d)"
                    }
                  ],
                  "dataTypes": [
                    {
                      "name": "ibossUrlEvent",
                      "lastDataReceivedQuery": "ibossUrlEvent\n| summarize Time = max(TimeGenerated)\n| where isnotempty(Time)"
                    }
                  ],
                  "connectivityCriterias": [
                    {
                      "type": "IsConnectedQuery",
                      "value": [
                        "ibossUrlEvent\n | summarize LastLogReceived = max(TimeGenerated)\n| project IsConnected = LastLogReceived > ago(30d)"
                      ]
                    }
                  ],
                  "availability": {
                    "status": 1,
                    "isPreview": false
                  },
                  "permissions": {
                    "resourceProvider": [
                      {
                        "provider": "Microsoft.OperationalInsights/workspaces",
                        "permissionsDisplayText": "read and write permissions are required.",
                        "providerDisplayName": "Workspace",
                        "scope": "Workspace",
                        "requiredPermissions": {
                          "read": true,
                          "write": true,
                          "delete": true
                        }
                      },
                      {
                        "provider": "Microsoft.OperationalInsights/workspaces/sharedKeys",
                        "permissionsDisplayText": "read permissions to shared keys for the workspace are required. [See the documentation to learn more about workspace keys](https://docs.microsoft.com/azure/azure-monitor/platform/agent-windows#obtain-workspace-id-and-key).",
                        "providerDisplayName": "Keys",
                        "scope": "Workspace",
                        "requiredPermissions": {
                          "action": true
                        }
                      }
                    ]
                  },
                  "instructionSteps": [
                    {
                      "description": "If using the iboss gov environment or there is a preference to forward the logs to a dedicated proxy Linux machine, proceed with this step. In all other cases, please advance to step two.",
                      "innerSteps": [
                        {
                          "title": "1.1 Linux Syslog agent configuration",
                          "description": "Install and configure the Linux agent to collect your Common Event Format (CEF) Syslog messages and forward them to Microsoft Sentinel.\n\n> Notice that the data from all regions will be stored in the selected workspace"
                        },
                        {
                          "title": "1.2 Select or create a Linux machine",
                          "description": "Select or create a Linux machine that Microsoft Sentinel will use as the dedicated proxy Linux machine between your security solution and Microsoft Sentinel this machine can be on your on-prem environment, Azure or other clouds."
                        },
                        {
                          "title": "1.3 Install the CEF collector on the Linux machine",
                          "description": "Install the Microsoft Monitoring Agent on your Linux machine and configure the machine to listen on the necessary port and forward messages to your Microsoft Sentinel workspace. The CEF collector collects CEF messages on port 514 TCP.\n\n> 1. Make sure that you have Python on your machine using the following command: python -version\n\n> 2. You must have elevated permissions (sudo) on your machine",
                          "instructions": [
                            {
                              "parameters": {
                                "fillWith": [
                                  "WorkspaceId",
                                  "PrimaryKey"
                                ],
                                "label": "Run the following command to install and apply the CEF collector:",
                                "value": "sudo wget -O cef_installer.py https://raw.githubusercontent.com/Azure/Azure-Sentinel/master/DataConnectors/CEF/cef_installer.py&&sudo python cef_installer.py {0} {1}"
                              },
                              "type": "CopyableLabel"
                            }
                          ]
                        }
                      ],
                      "title": "1. Configure a dedicated proxy Linux machine"
                    },
                    {
                      "description": "Set your Threat Console to send Syslog messages in CEF format to your Azure workspace. Make note of your Workspace ID and Primary Key within your Log Analytics Workspace (Select the workspace from the Log Analytics workspaces menu in the Azure portal. Then select Agents management in the Settings section). \n\n>1. Navigate to Reporting & Analytics inside your iboss Console\n\n>2. Select Log Forwarding -> Forward From Reporter\n\n>3. Select Actions -> Add Service\n\n>4. Toggle to Microsoft Sentinel as a Service Type and input your Workspace ID/Primary Key along with other criteria. If a dedicated proxy Linux machine has been configured, toggle to Syslog as a Service Type and configure the settings to point to your dedicated proxy Linux machine\n\n>5. Wait one to two minutes for the setup to complete\n\n>6. Select your Microsoft Sentinel Service and verify the Microsoft Sentinel Setup Status is Successful. If a dedicated proxy Linux machine has been configured, you may proceed with validating your connection",
                      "title": "2. Forward Common Event Format (CEF) logs"
                    },
                    {
                      "description": "Open Log Analytics to check if the logs are received using the CommonSecurityLog schema.\n\n>It may take about 20 minutes until the connection streams data to your workspace",
                      "title": "3. Validate connection"
                    },
                    {
                      "description": "Make sure to configure the machine's security according to your organization's security policy (Only applicable if a dedicated proxy Linux machine has been configured).\n\n\n[Learn more >](https://aka.ms/SecureCEF)",
                      "title": "4. Secure your machine "
                    }
                  ],
                  "metadata": {
                    "id": "f8c448b1-3df4-444d-aded-63e4ad2aec08",
                    "version": "1.0.0",
                    "kind": "dataConnector",
                    "author": {
                      "name": "iboss"
                    },
                    "support": {
                      "tier": "Type of support for content item: microsoft | developer | community",
                      "name": "iboss",
                      "link": "https://www.iboss.com/"
                    }
                  }
                }
              }
            },
            {
              "type": "Microsoft.OperationalInsights/workspaces/providers/metadata",
              "apiVersion": "2023-04-01-preview",
              "name": "[concat(parameters('workspace'),'/Microsoft.SecurityInsights/',concat('DataConnector-', last(split(variables('_dataConnectorId1'),'/'))))]",
              "properties": {
                "parentId": "[extensionResourceId(resourceId('Microsoft.OperationalInsights/workspaces', parameters('workspace')), 'Microsoft.SecurityInsights/dataConnectors', variables('_dataConnectorContentId1'))]",
                "contentId": "[variables('_dataConnectorContentId1')]",
                "kind": "DataConnector",
                "version": "[variables('dataConnectorVersion1')]",
                "source": {
                  "kind": "Solution",
                  "name": "iboss",
                  "sourceId": "[variables('_solutionId')]"
                },
                "author": {
                  "name": "iboss"
                },
                "support": {
                  "name": "iboss",
                  "email": "support@iboss.com",
                  "tier": "Partner",
                  "link": "https://www.iboss.com/contact-us/"
                }
              }
            }
          ]
        },
        "packageKind": "Solution",
        "packageVersion": "[variables('_solutionVersion')]",
        "packageName": "[variables('_solutionName')]",
        "packageId": "[variables('_solutionId')]",
        "contentSchemaVersion": "3.0.0",
        "contentId": "[variables('_dataConnectorContentId1')]",
        "contentKind": "DataConnector",
        "displayName": "[Deprecated] iboss via Legacy Agent",
        "contentProductId": "[variables('_dataConnectorcontentProductId1')]",
        "id": "[variables('_dataConnectorcontentProductId1')]",
        "version": "[variables('dataConnectorVersion1')]"
      }
    },
    {
      "type": "Microsoft.OperationalInsights/workspaces/providers/metadata",
      "apiVersion": "2023-04-01-preview",
      "name": "[concat(parameters('workspace'),'/Microsoft.SecurityInsights/',concat('DataConnector-', last(split(variables('_dataConnectorId1'),'/'))))]",
      "dependsOn": [
        "[variables('_dataConnectorId1')]"
      ],
      "location": "[parameters('workspace-location')]",
      "properties": {
        "parentId": "[extensionResourceId(resourceId('Microsoft.OperationalInsights/workspaces', parameters('workspace')), 'Microsoft.SecurityInsights/dataConnectors', variables('_dataConnectorContentId1'))]",
        "contentId": "[variables('_dataConnectorContentId1')]",
        "kind": "DataConnector",
        "version": "[variables('dataConnectorVersion1')]",
        "source": {
          "kind": "Solution",
          "name": "iboss",
          "sourceId": "[variables('_solutionId')]"
        },
        "author": {
          "name": "iboss"
        },
        "support": {
          "name": "iboss",
          "email": "support@iboss.com",
          "tier": "Partner",
          "link": "https://www.iboss.com/contact-us/"
        }
      }
    },
    {
      "name": "[concat(parameters('workspace'),'/Microsoft.SecurityInsights/',variables('_dataConnectorContentId1'))]",
      "apiVersion": "2021-03-01-preview",
      "type": "Microsoft.OperationalInsights/workspaces/providers/dataConnectors",
      "location": "[parameters('workspace-location')]",
      "kind": "GenericUI",
      "properties": {
        "connectorUiConfig": {
          "title": "[Deprecated] iboss via Legacy Agent",
          "publisher": "iboss",
          "descriptionMarkdown": "The [iboss](https://www.iboss.com) data connector enables you to seamlessly connect your Threat Console to Microsoft Sentinel and enrich your instance with iboss URL event logs. Our logs are forwarded in Common Event Format (CEF) over Syslog and the configuration required can be completed on the iboss platform without the use of a proxy. Take advantage of our connector to garner critical data points and gain insight into security threats.",
          "graphQueries": [
            {
              "metricName": "Total data received",
              "legend": "ibossUrlEvent",
              "baseQuery": "ibossUrlEvent"
            }
          ],
          "dataTypes": [
            {
              "name": "ibossUrlEvent",
              "lastDataReceivedQuery": "ibossUrlEvent\n| summarize Time = max(TimeGenerated)\n| where isnotempty(Time)"
            }
          ],
          "connectivityCriterias": [
            {
              "type": "IsConnectedQuery",
              "value": [
                "ibossUrlEvent\n | summarize LastLogReceived = max(TimeGenerated)\n| project IsConnected = LastLogReceived > ago(30d)"
              ]
            }
          ],
          "sampleQueries": [
            {
              "description": "Logs Received from the past week",
              "query": "ibossUrlEvent | where TimeGenerated > ago(7d)"
            }
          ],
          "availability": {
            "status": 1,
            "isPreview": false
          },
          "permissions": {
            "resourceProvider": [
              {
                "provider": "Microsoft.OperationalInsights/workspaces",
                "permissionsDisplayText": "read and write permissions are required.",
                "providerDisplayName": "Workspace",
                "scope": "Workspace",
                "requiredPermissions": {
                  "read": true,
                  "write": true,
                  "delete": true
                }
              },
              {
                "provider": "Microsoft.OperationalInsights/workspaces/sharedKeys",
                "permissionsDisplayText": "read permissions to shared keys for the workspace are required. [See the documentation to learn more about workspace keys](https://docs.microsoft.com/azure/azure-monitor/platform/agent-windows#obtain-workspace-id-and-key).",
                "providerDisplayName": "Keys",
                "scope": "Workspace",
                "requiredPermissions": {
                  "action": true
                }
              }
            ]
          },
          "instructionSteps": [
            {
              "description": "If using the iboss gov environment or there is a preference to forward the logs to a dedicated proxy Linux machine, proceed with this step. In all other cases, please advance to step two.",
              "innerSteps": [
                {
                  "title": "1.1 Linux Syslog agent configuration",
                  "description": "Install and configure the Linux agent to collect your Common Event Format (CEF) Syslog messages and forward them to Microsoft Sentinel.\n\n> Notice that the data from all regions will be stored in the selected workspace"
                },
                {
                  "title": "1.2 Select or create a Linux machine",
                  "description": "Select or create a Linux machine that Microsoft Sentinel will use as the dedicated proxy Linux machine between your security solution and Microsoft Sentinel this machine can be on your on-prem environment, Azure or other clouds."
                },
                {
                  "title": "1.3 Install the CEF collector on the Linux machine",
                  "description": "Install the Microsoft Monitoring Agent on your Linux machine and configure the machine to listen on the necessary port and forward messages to your Microsoft Sentinel workspace. The CEF collector collects CEF messages on port 514 TCP.\n\n> 1. Make sure that you have Python on your machine using the following command: python -version\n\n> 2. You must have elevated permissions (sudo) on your machine",
                  "instructions": [
                    {
                      "parameters": {
                        "fillWith": [
                          "WorkspaceId",
                          "PrimaryKey"
                        ],
                        "label": "Run the following command to install and apply the CEF collector:",
                        "value": "sudo wget -O cef_installer.py https://raw.githubusercontent.com/Azure/Azure-Sentinel/master/DataConnectors/CEF/cef_installer.py&&sudo python cef_installer.py {0} {1}"
                      },
                      "type": "CopyableLabel"
                    }
                  ]
                }
              ],
              "title": "1. Configure a dedicated proxy Linux machine"
            },
            {
              "description": "Set your Threat Console to send Syslog messages in CEF format to your Azure workspace. Make note of your Workspace ID and Primary Key within your Log Analytics Workspace (Select the workspace from the Log Analytics workspaces menu in the Azure portal. Then select Agents management in the Settings section). \n\n>1. Navigate to Reporting & Analytics inside your iboss Console\n\n>2. Select Log Forwarding -> Forward From Reporter\n\n>3. Select Actions -> Add Service\n\n>4. Toggle to Microsoft Sentinel as a Service Type and input your Workspace ID/Primary Key along with other criteria. If a dedicated proxy Linux machine has been configured, toggle to Syslog as a Service Type and configure the settings to point to your dedicated proxy Linux machine\n\n>5. Wait one to two minutes for the setup to complete\n\n>6. Select your Microsoft Sentinel Service and verify the Microsoft Sentinel Setup Status is Successful. If a dedicated proxy Linux machine has been configured, you may proceed with validating your connection",
              "title": "2. Forward Common Event Format (CEF) logs"
            },
            {
              "description": "Open Log Analytics to check if the logs are received using the CommonSecurityLog schema.\n\n>It may take about 20 minutes until the connection streams data to your workspace",
              "title": "3. Validate connection"
            },
            {
              "description": "Make sure to configure the machine's security according to your organization's security policy (Only applicable if a dedicated proxy Linux machine has been configured).\n\n\n[Learn more >](https://aka.ms/SecureCEF)",
              "title": "4. Secure your machine "
            }
          ],
          "id": "[variables('_uiConfigId1')]"
        }
      }
    },
    {
      "type": "Microsoft.OperationalInsights/workspaces/providers/contentTemplates",
      "apiVersion": "2023-04-01-preview",
      "name": "[variables('dataConnectorTemplateSpecName2')]",
      "location": "[parameters('workspace-location')]",
      "dependsOn": [
        "[extensionResourceId(resourceId('Microsoft.OperationalInsights/workspaces', parameters('workspace')), 'Microsoft.SecurityInsights/contentPackages', variables('_solutionId'))]"
      ],
      "properties": {
        "description": "iboss data connector with template version 3.0.1",
        "mainTemplate": {
          "$schema": "https://schema.management.azure.com/schemas/2019-04-01/deploymentTemplate.json#",
          "contentVersion": "[variables('dataConnectorVersion2')]",
          "parameters": {},
          "variables": {},
          "resources": [
            {
              "name": "[concat(parameters('workspace'),'/Microsoft.SecurityInsights/',variables('_dataConnectorContentId2'))]",
              "apiVersion": "2021-03-01-preview",
              "type": "Microsoft.OperationalInsights/workspaces/providers/dataConnectors",
              "location": "[parameters('workspace-location')]",
              "kind": "GenericUI",
              "properties": {
                "connectorUiConfig": {
                  "id": "[variables('_uiConfigId2')]",
                  "title": "[Deprecated] iboss via AMA",
                  "publisher": "iboss",
                  "descriptionMarkdown": "The [iboss](https://www.iboss.com) data connector enables you to seamlessly connect your Threat Console to Microsoft Sentinel and enrich your instance with iboss URL event logs. Our logs are forwarded in Common Event Format (CEF) over Syslog and the configuration required can be completed on the iboss platform without the use of a proxy. Take advantage of our connector to garner critical data points and gain insight into security threats.",
                  "graphQueries": [
                    {
                      "metricName": "Total data received",
                      "legend": "ibossUrlEvent",
                      "baseQuery": "CommonSecurityLog\n |where DeviceVendor =~ 'iboss'\n  |extend sent_by_ama = column_ifexists('CollectorHostName','')\n |where isnotempty(sent_by_ama)"
                    }
                  ],
                  "sampleQueries": [
                    {
                      "description": "Logs Received from the past week",
                      "query": "ibossUrlEvent | where TimeGenerated > ago(7d)"
                    }
                  ],
                  "dataTypes": [
                    {
                      "name": "ibossUrlEvent",
                      "lastDataReceivedQuery": "CommonSecurityLog\n |where DeviceVendor =~ 'iboss'\n  |extend sent_by_ama = column_ifexists('CollectorHostName','')\n |where isnotempty(sent_by_ama)\n            | summarize Time = max(TimeGenerated)\n            | where isnotempty(Time)"
                    }
                  ],
                  "connectivityCriterias": [
                    {
                      "type": "IsConnectedQuery",
                      "value": [
                        "CommonSecurityLog\n |where DeviceVendor =~ 'iboss'\n  |extend sent_by_ama = column_ifexists('CollectorHostName','')\n |where isnotempty(sent_by_ama)\n | summarize LastLogReceived = max(TimeGenerated)\n | project IsConnected = LastLogReceived > ago(30d)"
                      ]
                    }
                  ],
                  "availability": {
                    "status": 1,
                    "isPreview": false
                  },
                  "permissions": {
                    "resourceProvider": [
                      {
                        "provider": "Microsoft.OperationalInsights/workspaces",
                        "permissionsDisplayText": "read and write permissions are required.",
                        "providerDisplayName": "Workspace",
                        "scope": "Workspace",
                        "requiredPermissions": {
                          "read": true,
                          "write": true,
                          "delete": true
                        }
                      },
                      {
                        "provider": "Microsoft.OperationalInsights/workspaces/sharedKeys",
                        "permissionsDisplayText": "read permissions to shared keys for the workspace are required. [See the documentation to learn more about workspace keys](https://docs.microsoft.com/azure/azure-monitor/platform/agent-windows#obtain-workspace-id-and-key).",
                        "providerDisplayName": "Keys",
                        "scope": "Workspace",
                        "requiredPermissions": {
                          "action": true
                        }
                      }
                    ],
                    "customs": [
                      {
                        "description": "To collect data from non-Azure VMs, they must have Azure Arc installed and enabled. [Learn more](https://docs.microsoft.com/azure/azure-monitor/agents/azure-monitor-agent-install?tabs=ARMAgentPowerShell,PowerShellWindows,PowerShellWindowsArc,CLIWindows,CLIWindowsArc)"
                      },
                      {
                        "description": "Common Event Format (CEF) via AMA and Syslog via AMA data connectors must be installed [Learn more](https://learn.microsoft.com/azure/sentinel/connect-cef-ama#open-the-connector-page-and-create-the-dcr)"
                      }
                    ]
                  },
                  "instructionSteps": [
                    {
                      "instructions": [
                        {
                          "parameters": {
                            "title": "1. Kindly follow the steps to configure the data connector",
                            "instructionSteps": [
                              {
                                "title": "Step A. Configure the Common Event Format (CEF) via AMA data connector",
                                "description": "_Note:- CEF logs are collected only from Linux Agents_\n\n1. Navigate to Microsoft Sentinel workspace ---> configuration ---> Data connector blade .\n\n2. Search for 'Common Event Format (CEF) via AMA' data connector and open it.\n\n3. Check If there is no existing DCR configured to collect required facility of logs, Create a new DCR (Data Collection Rule)\n\n\t_Note:- It is recommended to install minimum 1.27 version of AMA agent [Learn more](https://learn.microsoft.com/azure/azure-monitor/agents/azure-monitor-agent-manage?tabs=azure-portal ) and ensure there is no duplicate DCR as it can cause log duplicacy_\n\n4. Run the command provided in the CEF via AMA data connector page to configure the CEF collector on the machine"
                              },
                              {
                                "title": "Step B. Forward Common Event Format (CEF) logs",
                                "description": "Set your Threat Console to send Syslog messages in CEF format to your Azure workspace. Make note of your Workspace ID and Primary Key within your Log Analytics Workspace (Select the workspace from the Log Analytics workspaces menu in the Azure portal. Then select Agents management in the Settings section). \n\n>1. Navigate to Reporting & Analytics inside your iboss Console\n\n>2. Select Log Forwarding -> Forward From Reporter\n\n>3. Select Actions -> Add Service\n\n>4. Toggle to Microsoft Sentinel as a Service Type and input your Workspace ID/Primary Key along with other criteria. If a dedicated proxy Linux machine has been configured, toggle to Syslog as a Service Type and configure the settings to point to your dedicated proxy Linux machine\n\n>5. Wait one to two minutes for the setup to complete\n\n>6. Select your Microsoft Sentinel Service and verify the Microsoft Sentinel Setup Status is Successful. If a dedicated proxy Linux machine has been configured, you may proceed with validating your connection"
                              },
                              {
                                "title": "Step C. Validate connection",
                                "description": "Follow the instructions to validate your connectivity:\n\nOpen Log Analytics to check if the logs are received using the CommonSecurityLog schema.\n\nIt may take about 20 minutes until the connection streams data to your workspace.\n\nIf the logs are not received, run the following connectivity validation script:\n\n 1. Make sure that you have Python on your machine using the following command: python -version\n\n2. You must have elevated permissions (sudo) on your machine",
                                "instructions": [
                                  {
                                    "parameters": {
                                      "label": "Run the following command to validate your connectivity:",
                                      "value": "sudo wget -O Sentinel_AMA_troubleshoot.py https://raw.githubusercontent.com/Azure/Azure-Sentinel/master/DataConnectors/Syslog/Sentinel_AMA_troubleshoot.py&&sudo python Sentinel_AMA_troubleshoot.py --cef"
                                    },
                                    "type": "CopyableLabel"
                                  }
                                ]
                              }
                            ]
                          },
                          "type": "InstructionStepsGroup"
                        }
                      ]
                    },
                    {
                      "description": "Make sure to configure the machine's security according to your organization's security policy (Only applicable if a dedicated proxy Linux machine has been configured).\n\n\n[Learn more >](https://aka.ms/SecureCEF)",
                      "title": "2. Secure your machine "
                    }
                  ],
                  "metadata": {
                    "id": "f8c448b1-3df4-444d-aded-63e4ad2aec08",
                    "version": "1.0.0",
                    "kind": "dataConnector",
                    "author": {
                      "name": "iboss"
                    },
                    "support": {
                      "tier": "Type of support for content item: microsoft | developer | community",
                      "name": "iboss",
                      "link": "https://www.iboss.com/"
                    }
                  }
                }
              }
            },
            {
              "type": "Microsoft.OperationalInsights/workspaces/providers/metadata",
              "apiVersion": "2023-04-01-preview",
              "name": "[concat(parameters('workspace'),'/Microsoft.SecurityInsights/',concat('DataConnector-', last(split(variables('_dataConnectorId2'),'/'))))]",
              "properties": {
                "parentId": "[extensionResourceId(resourceId('Microsoft.OperationalInsights/workspaces', parameters('workspace')), 'Microsoft.SecurityInsights/dataConnectors', variables('_dataConnectorContentId2'))]",
                "contentId": "[variables('_dataConnectorContentId2')]",
                "kind": "DataConnector",
                "version": "[variables('dataConnectorVersion2')]",
                "source": {
                  "kind": "Solution",
                  "name": "iboss",
                  "sourceId": "[variables('_solutionId')]"
                },
                "author": {
                  "name": "iboss"
                },
                "support": {
                  "name": "iboss",
                  "email": "support@iboss.com",
                  "tier": "Partner",
                  "link": "https://www.iboss.com/contact-us/"
                }
              }
            }
          ]
        },
        "packageKind": "Solution",
        "packageVersion": "[variables('_solutionVersion')]",
        "packageName": "[variables('_solutionName')]",
        "packageId": "[variables('_solutionId')]",
        "contentSchemaVersion": "3.0.0",
        "contentId": "[variables('_dataConnectorContentId2')]",
        "contentKind": "DataConnector",
        "displayName": "[Deprecated] iboss via AMA",
        "contentProductId": "[variables('_dataConnectorcontentProductId2')]",
        "id": "[variables('_dataConnectorcontentProductId2')]",
        "version": "[variables('dataConnectorVersion2')]"
      }
    },
    {
      "type": "Microsoft.OperationalInsights/workspaces/providers/metadata",
      "apiVersion": "2023-04-01-preview",
      "name": "[concat(parameters('workspace'),'/Microsoft.SecurityInsights/',concat('DataConnector-', last(split(variables('_dataConnectorId2'),'/'))))]",
      "dependsOn": [
        "[variables('_dataConnectorId2')]"
      ],
      "location": "[parameters('workspace-location')]",
      "properties": {
        "parentId": "[extensionResourceId(resourceId('Microsoft.OperationalInsights/workspaces', parameters('workspace')), 'Microsoft.SecurityInsights/dataConnectors', variables('_dataConnectorContentId2'))]",
        "contentId": "[variables('_dataConnectorContentId2')]",
        "kind": "DataConnector",
        "version": "[variables('dataConnectorVersion2')]",
        "source": {
          "kind": "Solution",
          "name": "iboss",
          "sourceId": "[variables('_solutionId')]"
        },
        "author": {
          "name": "iboss"
        },
        "support": {
          "name": "iboss",
          "email": "support@iboss.com",
          "tier": "Partner",
          "link": "https://www.iboss.com/contact-us/"
        }
      }
    },
    {
      "name": "[concat(parameters('workspace'),'/Microsoft.SecurityInsights/',variables('_dataConnectorContentId2'))]",
      "apiVersion": "2021-03-01-preview",
      "type": "Microsoft.OperationalInsights/workspaces/providers/dataConnectors",
      "location": "[parameters('workspace-location')]",
      "kind": "GenericUI",
      "properties": {
        "connectorUiConfig": {
          "title": "[Deprecated] iboss via AMA",
          "publisher": "iboss",
          "descriptionMarkdown": "The [iboss](https://www.iboss.com) data connector enables you to seamlessly connect your Threat Console to Microsoft Sentinel and enrich your instance with iboss URL event logs. Our logs are forwarded in Common Event Format (CEF) over Syslog and the configuration required can be completed on the iboss platform without the use of a proxy. Take advantage of our connector to garner critical data points and gain insight into security threats.",
          "graphQueries": [
            {
              "metricName": "Total data received",
              "legend": "ibossUrlEvent",
              "baseQuery": "CommonSecurityLog\n |where DeviceVendor =~ 'iboss'\n  |extend sent_by_ama = column_ifexists('CollectorHostName','')\n |where isnotempty(sent_by_ama)"
            }
          ],
          "dataTypes": [
            {
              "name": "ibossUrlEvent",
              "lastDataReceivedQuery": "CommonSecurityLog\n |where DeviceVendor =~ 'iboss'\n  |extend sent_by_ama = column_ifexists('CollectorHostName','')\n |where isnotempty(sent_by_ama)\n            | summarize Time = max(TimeGenerated)\n            | where isnotempty(Time)"
            }
          ],
          "connectivityCriterias": [
            {
              "type": "IsConnectedQuery",
              "value": [
                "CommonSecurityLog\n |where DeviceVendor =~ 'iboss'\n  |extend sent_by_ama = column_ifexists('CollectorHostName','')\n |where isnotempty(sent_by_ama)\n | summarize LastLogReceived = max(TimeGenerated)\n | project IsConnected = LastLogReceived > ago(30d)"
              ]
            }
          ],
          "sampleQueries": [
            {
              "description": "Logs Received from the past week",
              "query": "ibossUrlEvent | where TimeGenerated > ago(7d)"
            }
          ],
          "availability": {
            "status": 1,
            "isPreview": false
          },
          "permissions": {
            "resourceProvider": [
              {
                "provider": "Microsoft.OperationalInsights/workspaces",
                "permissionsDisplayText": "read and write permissions are required.",
                "providerDisplayName": "Workspace",
                "scope": "Workspace",
                "requiredPermissions": {
                  "read": true,
                  "write": true,
                  "delete": true
                }
              },
              {
                "provider": "Microsoft.OperationalInsights/workspaces/sharedKeys",
                "permissionsDisplayText": "read permissions to shared keys for the workspace are required. [See the documentation to learn more about workspace keys](https://docs.microsoft.com/azure/azure-monitor/platform/agent-windows#obtain-workspace-id-and-key).",
                "providerDisplayName": "Keys",
                "scope": "Workspace",
                "requiredPermissions": {
                  "action": true
                }
              }
            ],
            "customs": [
              {
                "description": "To collect data from non-Azure VMs, they must have Azure Arc installed and enabled. [Learn more](https://docs.microsoft.com/azure/azure-monitor/agents/azure-monitor-agent-install?tabs=ARMAgentPowerShell,PowerShellWindows,PowerShellWindowsArc,CLIWindows,CLIWindowsArc)"
              },
              {
                "description": "Common Event Format (CEF) via AMA and Syslog via AMA data connectors must be installed [Learn more](https://learn.microsoft.com/azure/sentinel/connect-cef-ama#open-the-connector-page-and-create-the-dcr)"
              }
            ]
          },
          "instructionSteps": [
            {
              "instructions": [
                {
                  "parameters": {
                    "title": "1. Kindly follow the steps to configure the data connector",
                    "instructionSteps": [
                      {
                        "title": "Step A. Configure the Common Event Format (CEF) via AMA data connector",
                        "description": "_Note:- CEF logs are collected only from Linux Agents_\n\n1. Navigate to Microsoft Sentinel workspace ---> configuration ---> Data connector blade .\n\n2. Search for 'Common Event Format (CEF) via AMA' data connector and open it.\n\n3. Check If there is no existing DCR configured to collect required facility of logs, Create a new DCR (Data Collection Rule)\n\n\t_Note:- It is recommended to install minimum 1.27 version of AMA agent [Learn more](https://learn.microsoft.com/azure/azure-monitor/agents/azure-monitor-agent-manage?tabs=azure-portal ) and ensure there is no duplicate DCR as it can cause log duplicacy_\n\n4. Run the command provided in the CEF via AMA data connector page to configure the CEF collector on the machine"
                      },
                      {
                        "title": "Step B. Forward Common Event Format (CEF) logs",
                        "description": "Set your Threat Console to send Syslog messages in CEF format to your Azure workspace. Make note of your Workspace ID and Primary Key within your Log Analytics Workspace (Select the workspace from the Log Analytics workspaces menu in the Azure portal. Then select Agents management in the Settings section). \n\n>1. Navigate to Reporting & Analytics inside your iboss Console\n\n>2. Select Log Forwarding -> Forward From Reporter\n\n>3. Select Actions -> Add Service\n\n>4. Toggle to Microsoft Sentinel as a Service Type and input your Workspace ID/Primary Key along with other criteria. If a dedicated proxy Linux machine has been configured, toggle to Syslog as a Service Type and configure the settings to point to your dedicated proxy Linux machine\n\n>5. Wait one to two minutes for the setup to complete\n\n>6. Select your Microsoft Sentinel Service and verify the Microsoft Sentinel Setup Status is Successful. If a dedicated proxy Linux machine has been configured, you may proceed with validating your connection"
                      },
                      {
                        "title": "Step C. Validate connection",
                        "description": "Follow the instructions to validate your connectivity:\n\nOpen Log Analytics to check if the logs are received using the CommonSecurityLog schema.\n\nIt may take about 20 minutes until the connection streams data to your workspace.\n\nIf the logs are not received, run the following connectivity validation script:\n\n 1. Make sure that you have Python on your machine using the following command: python -version\n\n2. You must have elevated permissions (sudo) on your machine",
                        "instructions": [
                          {
                            "parameters": {
                              "label": "Run the following command to validate your connectivity:",
                              "value": "sudo wget -O Sentinel_AMA_troubleshoot.py https://raw.githubusercontent.com/Azure/Azure-Sentinel/master/DataConnectors/Syslog/Sentinel_AMA_troubleshoot.py&&sudo python Sentinel_AMA_troubleshoot.py --cef"
                            },
                            "type": "CopyableLabel"
                          }
                        ]
                      }
                    ]
                  },
                  "type": "InstructionStepsGroup"
                }
              ]
            },
            {
              "description": "Make sure to configure the machine's security according to your organization's security policy (Only applicable if a dedicated proxy Linux machine has been configured).\n\n\n[Learn more >](https://aka.ms/SecureCEF)",
              "title": "2. Secure your machine "
            }
          ],
          "id": "[variables('_uiConfigId2')]"
        }
      }
    },
    {
      "type": "Microsoft.OperationalInsights/workspaces/providers/contentTemplates",
      "apiVersion": "2023-04-01-preview",
      "name": "[variables('parserObject1').parserTemplateSpecName1]",
      "location": "[parameters('workspace-location')]",
      "dependsOn": [
        "[extensionResourceId(resourceId('Microsoft.OperationalInsights/workspaces', parameters('workspace')), 'Microsoft.SecurityInsights/contentPackages', variables('_solutionId'))]"
      ],
      "properties": {
        "description": "ibossUrlEvent Data Parser with template version 3.0.1",
        "mainTemplate": {
          "$schema": "https://schema.management.azure.com/schemas/2019-04-01/deploymentTemplate.json#",
          "contentVersion": "[variables('parserObject1').parserVersion1]",
          "parameters": {},
          "variables": {},
          "resources": [
            {
              "name": "[variables('parserObject1')._parserName1]",
              "apiVersion": "2022-10-01",
              "type": "Microsoft.OperationalInsights/workspaces/savedSearches",
              "location": "[parameters('workspace-location')]",
              "properties": {
                "eTag": "*",
                "displayName": "ibossUrlEvent",
                "category": "Microsoft Sentinel Parser",
                "functionAlias": "ibossUrlEvent",
                "query": "CommonSecurityLog\n| where DeviceVendor == \"iboss\" and FlexString2 == \"URL\"\n| extend DeviceCustomNumber1 = coalesce(column_ifexists(\"FieldDeviceCustomNumber1\", long(null)),DeviceCustomNumber1),\n         DeviceCustomNumber2 = coalesce(column_ifexists(\"FieldDeviceCustomNumber2\", long(null)),DeviceCustomNumber2)\n| project-rename EventVendor=DeviceVendor\n                , EventProduct=DeviceProduct\n                , EventProductVersion=DeviceVersion\n                , EventResult=DeviceEventClassID\n                , EventResultDetails=FlexNumber1\n                , DvcAction=DeviceAction\n                , RuleName=FlexString1\n                , SrcPortNumber=SourcePort\n                , SrcIpAddr=SourceIP\n                , SrcMacAddr=SourceMACAddress\n                , SrcUsername=SourceUserName\n                , SrcBytes=SentBytes\n                , DstPortNumber=DestinationPort\n                , DstIpAddr=DestinationIP\n                , DstBytes=ReceivedBytes\n                , Domain=DestinationHostName\n                , Url=RequestURL\n                , UrlCategory=DeviceCustomString2\n                , HttpRequestMethod=RequestMethod\n                , HttpUserAgent=RequestClientApplication\n                , FileSHA256=DeviceCustomString3\n                , ThreatName=DeviceCustomString1\n                , MalwareDetected=DeviceCustomNumber1\n                , CNCDetected=DeviceCustomNumber2\n| extend NetworkBytes=SrcBytes+DstBytes\n        , EventTime=todatetime(DeviceCustomDate1)\n| project-away DeviceCustom*\n            , FlexNumber*\n            , FlexString*\n",
                "functionParameters": "",
                "version": 2,
                "tags": [
                  {
                    "name": "description",
                    "value": ""
                  }
                ]
              }
            },
            {
              "type": "Microsoft.OperationalInsights/workspaces/providers/metadata",
              "apiVersion": "2022-01-01-preview",
              "name": "[concat(parameters('workspace'),'/Microsoft.SecurityInsights/',concat('Parser-', last(split(variables('parserObject1')._parserId1,'/'))))]",
              "dependsOn": [
                "[variables('parserObject1')._parserId1]"
              ],
              "properties": {
                "parentId": "[resourceId('Microsoft.OperationalInsights/workspaces/savedSearches', parameters('workspace'), 'ibossUrlEvent')]",
                "contentId": "[variables('parserObject1').parserContentId1]",
                "kind": "Parser",
                "version": "[variables('parserObject1').parserVersion1]",
                "source": {
                  "name": "iboss",
                  "kind": "Solution",
                  "sourceId": "[variables('_solutionId')]"
                },
                "author": {
                  "name": "iboss"
                },
                "support": {
                  "name": "iboss",
                  "email": "support@iboss.com",
                  "tier": "Partner",
                  "link": "https://www.iboss.com/contact-us/"
                }
              }
            }
          ]
        },
        "packageKind": "Solution",
        "packageVersion": "[variables('_solutionVersion')]",
        "packageName": "[variables('_solutionName')]",
        "packageId": "[variables('_solutionId')]",
        "contentSchemaVersion": "3.0.0",
        "contentId": "[variables('parserObject1').parserContentId1]",
        "contentKind": "Parser",
        "displayName": "ibossUrlEvent",
        "contentProductId": "[concat(take(variables('_solutionId'),50),'-','pr','-', uniqueString(concat(variables('_solutionId'),'-','Parser','-',variables('parserObject1').parserContentId1,'-', '1.0.0')))]",
        "id": "[concat(take(variables('_solutionId'),50),'-','pr','-', uniqueString(concat(variables('_solutionId'),'-','Parser','-',variables('parserObject1').parserContentId1,'-', '1.0.0')))]",
        "version": "[variables('parserObject1').parserVersion1]"
      }
    },
    {
      "type": "Microsoft.OperationalInsights/workspaces/savedSearches",
      "apiVersion": "2022-10-01",
      "name": "[variables('parserObject1')._parserName1]",
      "location": "[parameters('workspace-location')]",
      "properties": {
        "eTag": "*",
        "displayName": "ibossUrlEvent",
        "category": "Microsoft Sentinel Parser",
        "functionAlias": "ibossUrlEvent",
        "query": "CommonSecurityLog\n| where DeviceVendor == \"iboss\" and FlexString2 == \"URL\"\n| extend DeviceCustomNumber1 = coalesce(column_ifexists(\"FieldDeviceCustomNumber1\", long(null)),DeviceCustomNumber1),\n         DeviceCustomNumber2 = coalesce(column_ifexists(\"FieldDeviceCustomNumber2\", long(null)),DeviceCustomNumber2)\n| project-rename EventVendor=DeviceVendor\n                , EventProduct=DeviceProduct\n                , EventProductVersion=DeviceVersion\n                , EventResult=DeviceEventClassID\n                , EventResultDetails=FlexNumber1\n                , DvcAction=DeviceAction\n                , RuleName=FlexString1\n                , SrcPortNumber=SourcePort\n                , SrcIpAddr=SourceIP\n                , SrcMacAddr=SourceMACAddress\n                , SrcUsername=SourceUserName\n                , SrcBytes=SentBytes\n                , DstPortNumber=DestinationPort\n                , DstIpAddr=DestinationIP\n                , DstBytes=ReceivedBytes\n                , Domain=DestinationHostName\n                , Url=RequestURL\n                , UrlCategory=DeviceCustomString2\n                , HttpRequestMethod=RequestMethod\n                , HttpUserAgent=RequestClientApplication\n                , FileSHA256=DeviceCustomString3\n                , ThreatName=DeviceCustomString1\n                , MalwareDetected=DeviceCustomNumber1\n                , CNCDetected=DeviceCustomNumber2\n| extend NetworkBytes=SrcBytes+DstBytes\n        , EventTime=todatetime(DeviceCustomDate1)\n| project-away DeviceCustom*\n            , FlexNumber*\n            , FlexString*\n",
        "functionParameters": "",
        "version": 2,
        "tags": [
          {
            "name": "description",
            "value": ""
          }
        ]
      }
    },
    {
      "type": "Microsoft.OperationalInsights/workspaces/providers/metadata",
      "apiVersion": "2022-01-01-preview",
      "location": "[parameters('workspace-location')]",
      "name": "[concat(parameters('workspace'),'/Microsoft.SecurityInsights/',concat('Parser-', last(split(variables('parserObject1')._parserId1,'/'))))]",
      "dependsOn": [
        "[variables('parserObject1')._parserId1]"
      ],
      "properties": {
        "parentId": "[resourceId('Microsoft.OperationalInsights/workspaces/savedSearches', parameters('workspace'), 'ibossUrlEvent')]",
        "contentId": "[variables('parserObject1').parserContentId1]",
        "kind": "Parser",
        "version": "[variables('parserObject1').parserVersion1]",
        "source": {
          "kind": "Solution",
          "name": "iboss",
          "sourceId": "[variables('_solutionId')]"
        },
        "author": {
          "name": "iboss"
        },
        "support": {
          "name": "iboss",
          "email": "support@iboss.com",
          "tier": "Partner",
          "link": "https://www.iboss.com/contact-us/"
        }
      }
    },
    {
      "type": "Microsoft.OperationalInsights/workspaces/providers/contentTemplates",
      "apiVersion": "2023-04-01-preview",
      "name": "[variables('workbookTemplateSpecName1')]",
      "location": "[parameters('workspace-location')]",
      "dependsOn": [
        "[extensionResourceId(resourceId('Microsoft.OperationalInsights/workspaces', parameters('workspace')), 'Microsoft.SecurityInsights/contentPackages', variables('_solutionId'))]"
      ],
      "properties": {
        "description": "ibossMalwareAndC2 Workbook with template version 3.0.1",
        "mainTemplate": {
          "$schema": "https://schema.management.azure.com/schemas/2019-04-01/deploymentTemplate.json#",
          "contentVersion": "[variables('workbookVersion1')]",
          "parameters": {},
          "variables": {},
          "resources": [
            {
              "type": "Microsoft.Insights/workbooks",
              "name": "[variables('workbookContentId1')]",
              "location": "[parameters('workspace-location')]",
              "kind": "shared",
              "apiVersion": "2021-08-01",
              "metadata": {
                "description": "A workbook providing insights into malware and C2 activity detected by iboss."
              },
              "properties": {
                "displayName": "[parameters('workbook1-name')]",
                "serializedData": "{\"version\":\"Notebook/1.0\",\"items\":[{\"type\":1,\"content\":{\"json\":\"## iboss Malware and C2 Detections\\n\\n**NOTE:** This workbook uses a parser based on a Kusto Function to normalize fields. [Follow these steps](https://aka.ms/sentinel-iboss-parser) to create the Kusto function alias **ibossUrlEvent**.\"},\"name\":\"text - 2\"},{\"type\":9,\"content\":{\"version\":\"KqlParameterItem/1.0\",\"parameters\":[{\"id\":\"7cf056ef-64cd-41a5-85e0-90c0ec529434\",\"version\":\"KqlParameterItem/1.0\",\"name\":\"time_range_picker\",\"type\":4,\"isRequired\":true,\"value\":{\"durationMs\":604800000},\"typeSettings\":{\"selectableValues\":[{\"durationMs\":3600000},{\"durationMs\":86400000},{\"durationMs\":604800000},{\"durationMs\":2592000000},{\"durationMs\":5184000000},{\"durationMs\":7776000000}],\"allowCustom\":true},\"timeContext\":{\"durationMs\":86400000},\"label\":\"Time Range Picker\"}],\"style\":\"pills\",\"queryType\":0,\"resourceType\":\"microsoft.operationalinsights/workspaces\"},\"name\":\"parameters - 2\"},{\"type\":3,\"content\":{\"version\":\"KqlItem/1.0\",\"query\":\"ibossUrlEvent\\r\\n| where EventTime {time_range_picker}\\r\\n| where EventResult == 'Blocked' and MalwareDetected == 1\\r\\n| where isnotempty(ThreatName)\\r\\n| summarize count() by ThreatName\",\"size\":2,\"showAnalytics\":true,\"title\":\"Top Malware Detection Families\",\"showExportToExcel\":true,\"queryType\":0,\"resourceType\":\"microsoft.operationalinsights/workspaces\",\"visualization\":\"piechart\"},\"customWidth\":\"50\",\"name\":\"query - malware variants\",\"styleSettings\":{\"margin\":\"0px\"}},{\"type\":3,\"content\":{\"version\":\"KqlItem/1.0\",\"query\":\"ibossUrlEvent\\r\\n| where EventTime {time_range_picker}\\r\\n| where MalwareDetected == 1 or CNCDetected == 1\\r\\n| extend EventType = case(MalwareDetected == 1, \\\"Malware\\\", CNCDetected == 1, \\\"C2\\\", \\\"NA\\\")\\r\\n| make-series Detections = count() default = 0 on EventTime from {time_range_picker:start} to {time_range_picker:end} step {time_range_picker:grain} by EventType\",\"size\":0,\"showAnalytics\":true,\"title\":\"Malware & C2 Traffic\",\"showExportToExcel\":true,\"queryType\":0,\"resourceType\":\"microsoft.operationalinsights/workspaces\",\"visualization\":\"barchart\"},\"customWidth\":\"50\",\"name\":\"query - malware and c2 detections\"},{\"type\":3,\"content\":{\"version\":\"KqlItem/1.0\",\"query\":\"ibossUrlEvent\\r\\n| where EventTime {time_range_picker}\\r\\n| where MalwareDetected == 1\\r\\n| project EventTime\\r\\n        , SrcUsername\\r\\n        , SrcIpAddr\\r\\n        , SrcPortNumber\\r\\n        , DstIpAddr\\r\\n        , DstPortNumber\\r\\n        , FileName\\r\\n        , FileSHA256\\r\\n        , ThreatName\\r\\n| order by EventTime desc\\r\\n\\r\\n\\r\\n\\r\\n\",\"size\":0,\"showAnalytics\":true,\"title\":\"Malware Detections\",\"showExportToExcel\":true,\"queryType\":0,\"resourceType\":\"microsoft.operationalinsights/workspaces\"},\"name\":\"query - malware detections\"},{\"type\":3,\"content\":{\"version\":\"KqlItem/1.0\",\"query\":\"ibossUrlEvent\\r\\n| where EventTime {time_range_picker}\\r\\n| where CNCDetected == 1\\r\\n| project EventTime\\r\\n        , SrcUsername\\r\\n        , SrcIpAddr\\r\\n        , SrcPortNumber\\r\\n        , DstIpAddr\\r\\n        , DstPortNumber\\r\\n        , Url\\r\\n| order by EventTime desc\",\"size\":0,\"showAnalytics\":true,\"title\":\"C2 Detections\",\"showExportToExcel\":true,\"queryType\":0,\"resourceType\":\"microsoft.operationalinsights/workspaces\"},\"name\":\"query - c2 detections\"}],\"fromTemplateId\":\"sentinel-ibossMalwareAndC2Workbook\",\"$schema\":\"https://github.com/Microsoft/Application-Insights-Workbooks/blob/master/schema/workbook.json\"}\r\n",
                "version": "1.0",
                "sourceId": "[variables('workspaceResourceId')]",
                "category": "sentinel"
              }
            },
            {
              "type": "Microsoft.OperationalInsights/workspaces/providers/metadata",
              "apiVersion": "2022-01-01-preview",
              "name": "[concat(parameters('workspace'),'/Microsoft.SecurityInsights/',concat('Workbook-', last(split(variables('workbookId1'),'/'))))]",
              "properties": {
                "description": "@{workbookKey=ibossMalwareAndC2Workbook; logoFileName=iboss_logo.svg; description=A workbook providing insights into malware and C2 activity detected by iboss.; dataTypesDependencies=System.Object[]; dataConnectorsDependencies=System.Object[]; previewImagesFileNames=System.Object[]; version=1.0.0; title=iboss Malware and C2; templateRelativePath=ibossMalwareAndC2.json; subtitle=; provider=iboss}.description",
                "parentId": "[variables('workbookId1')]",
                "contentId": "[variables('_workbookContentId1')]",
                "kind": "Workbook",
                "version": "[variables('workbookVersion1')]",
                "source": {
                  "kind": "Solution",
                  "name": "iboss",
                  "sourceId": "[variables('_solutionId')]"
                },
                "author": {
                  "name": "iboss"
                },
                "support": {
                  "name": "iboss",
                  "email": "support@iboss.com",
                  "tier": "Partner",
                  "link": "https://www.iboss.com/contact-us/"
                },
                "dependencies": {
                  "operator": "AND",
                  "criteria": [
                    {
                      "contentId": "ibossAma",
                      "kind": "DataConnector"
                    }
                  ]
                }
              }
            }
          ]
        },
        "packageKind": "Solution",
        "packageVersion": "[variables('_solutionVersion')]",
        "packageName": "[variables('_solutionName')]",
        "packageId": "[variables('_solutionId')]",
        "contentSchemaVersion": "3.0.0",
        "contentId": "[variables('_workbookContentId1')]",
        "contentKind": "Workbook",
        "displayName": "[parameters('workbook1-name')]",
        "contentProductId": "[variables('_workbookcontentProductId1')]",
        "id": "[variables('_workbookcontentProductId1')]",
        "version": "[variables('workbookVersion1')]"
      }
    },
    {
      "type": "Microsoft.OperationalInsights/workspaces/providers/contentTemplates",
      "apiVersion": "2023-04-01-preview",
      "name": "[variables('workbookTemplateSpecName2')]",
      "location": "[parameters('workspace-location')]",
      "dependsOn": [
        "[extensionResourceId(resourceId('Microsoft.OperationalInsights/workspaces', parameters('workspace')), 'Microsoft.SecurityInsights/contentPackages', variables('_solutionId'))]"
      ],
      "properties": {
        "description": "ibossWebUsage Workbook with template version 3.0.1",
        "mainTemplate": {
          "$schema": "https://schema.management.azure.com/schemas/2019-04-01/deploymentTemplate.json#",
          "contentVersion": "[variables('workbookVersion2')]",
          "parameters": {},
          "variables": {},
          "resources": [
            {
              "type": "Microsoft.Insights/workbooks",
              "name": "[variables('workbookContentId2')]",
              "location": "[parameters('workspace-location')]",
              "kind": "shared",
              "apiVersion": "2021-08-01",
              "metadata": {
                "description": "A workbook providing insights into web usage activity detected by iboss."
              },
              "properties": {
                "displayName": "[parameters('workbook2-name')]",
                "serializedData": "{\"version\":\"Notebook/1.0\",\"items\":[{\"type\":1,\"content\":{\"json\":\"## iboss Web Usage\\r\\n\\r\\n**NOTE:** This workbook uses a parser based on a Kusto Function to normalize fields. [Follow these steps](https://aka.ms/sentinel-iboss-parser) to create the Kusto function alias **ibossUrlEvent**.\"},\"name\":\"text - 2\"},{\"type\":9,\"content\":{\"version\":\"KqlParameterItem/1.0\",\"parameters\":[{\"id\":\"7cf056ef-64cd-41a5-85e0-90c0ec529434\",\"version\":\"KqlParameterItem/1.0\",\"name\":\"time_range_picker\",\"type\":4,\"isRequired\":true,\"value\":{\"durationMs\":604800000},\"typeSettings\":{\"selectableValues\":[{\"durationMs\":3600000},{\"durationMs\":86400000},{\"durationMs\":604800000},{\"durationMs\":2592000000},{\"durationMs\":5184000000},{\"durationMs\":7776000000}],\"allowCustom\":true},\"timeContext\":{\"durationMs\":86400000},\"label\":\"Time Range Picker\"}],\"style\":\"pills\",\"queryType\":0,\"resourceType\":\"microsoft.operationalinsights/workspaces\"},\"name\":\"parameters - 2\"},{\"type\":3,\"content\":{\"version\":\"KqlItem/1.0\",\"query\":\"ibossUrlEvent\\r\\n| where EventTime {time_range_picker}\\r\\n| where isnotempty(UrlCategory) and UrlCategory != \\\"-\\\"\\r\\n| extend UrlCategory = split(UrlCategory, \\\", \\\")\\r\\n| mv-expand UrlCategory\\r\\n| summarize count() by tostring(UrlCategory)\",\"size\":3,\"showAnalytics\":true,\"title\":\"URL Categories\",\"showExportToExcel\":true,\"queryType\":0,\"resourceType\":\"microsoft.operationalinsights/workspaces\",\"visualization\":\"piechart\",\"tileSettings\":{\"showBorder\":false,\"titleContent\":{\"columnMatch\":\"UrlCategory\",\"formatter\":1},\"leftContent\":{\"columnMatch\":\"count_\",\"formatter\":12,\"formatOptions\":{\"palette\":\"auto\"},\"numberFormat\":{\"unit\":17,\"options\":{\"maximumSignificantDigits\":3,\"maximumFractionDigits\":2}}}}},\"customWidth\":\"50\",\"name\":\"query - categories query\"},{\"type\":3,\"content\":{\"version\":\"KqlItem/1.0\",\"query\":\"ibossUrlEvent\\r\\n| where EventTime {time_range_picker}\\r\\n| sort by EventTime\\r\\n| summarize sum(DstBytes), sum(SrcBytes) by bin(EventTime,{time_range_picker:grain})\\r\\n\",\"size\":0,\"showAnalytics\":true,\"title\":\"Bandwidth ({time_range_picker:grain} interval)\",\"showExportToExcel\":true,\"queryType\":0,\"resourceType\":\"microsoft.operationalinsights/workspaces\",\"visualization\":\"linechart\",\"chartSettings\":{\"seriesLabelSettings\":[{\"seriesName\":\"sum_DstBytes\",\"label\":\"Received Bytes\"},{\"seriesName\":\"sum_SrcBytes\",\"label\":\"Sent Bytes\"}],\"showDataPoints\":true,\"ySettings\":{\"numberFormatSettings\":{\"unit\":2,\"options\":{\"style\":\"decimal\",\"useGrouping\":true}}}}},\"customWidth\":\"50\",\"name\":\"query - bandwidth\"},{\"type\":3,\"content\":{\"version\":\"KqlItem/1.0\",\"query\":\"ibossUrlEvent\\r\\n| where EventTime {time_range_picker}\\r\\n| where isnotempty(Domain)\\r\\n| summarize count() by Domain\\r\\n| sort by count_ desc\\r\\n| project Domain = Domain, count = count_\\r\\n| limit 20\",\"size\":1,\"showAnalytics\":true,\"title\":\"Top 20 Domains\",\"showExportToExcel\":true,\"queryType\":0,\"resourceType\":\"microsoft.operationalinsights/workspaces\",\"visualization\":\"tiles\",\"tileSettings\":{\"titleContent\":{\"columnMatch\":\"Domain\",\"formatter\":1},\"leftContent\":{\"columnMatch\":\"count\",\"formatter\":12,\"formatOptions\":{\"palette\":\"auto\"},\"numberFormat\":{\"unit\":17,\"options\":{\"style\":\"decimal\",\"maximumFractionDigits\":2,\"maximumSignificantDigits\":3}}},\"showBorder\":false,\"rowLimit\":20,\"sortCriteriaField\":\"count\",\"size\":\"auto\"}},\"name\":\"query - top 20 domains\"},{\"type\":3,\"content\":{\"version\":\"KqlItem/1.0\",\"query\":\"ibossUrlEvent\\r\\n| where EventTime {time_range_picker} and DvcAction == \\\"Blocked\\\"\\r\\n| make-series Trend = count() default = 0 on EventTime step {time_range_picker:grain} by Domain\\r\\n| join kind = inner (ibossUrlEvent\\r\\n    | where EventTime {time_range_picker}\\r\\n    | where DvcAction == \\\"Blocked\\\"\\r\\n    | summarize Requests = count() by Domain\\r\\n    ) on Domain\\r\\n| project Domain, Requests, Trend\\r\\n| order by Requests desc\\r\\n\\r\\n\",\"size\":0,\"showAnalytics\":true,\"title\":\"Top Blocked Domains\",\"showExportToExcel\":true,\"queryType\":0,\"resourceType\":\"microsoft.operationalinsights/workspaces\",\"visualization\":\"table\",\"gridSettings\":{\"formatters\":[{\"columnMatch\":\"Requests\",\"formatter\":4,\"formatOptions\":{\"palette\":\"redBright\"},\"numberFormat\":{\"unit\":17,\"options\":{\"style\":\"decimal\"}}},{\"columnMatch\":\"Trend\",\"formatter\":9,\"formatOptions\":{\"palette\":\"redBright\",\"compositeBarSettings\":{\"labelText\":\"\"}},\"numberFormat\":{\"unit\":0,\"options\":{\"style\":\"decimal\"}}},{\"columnMatch\":\"count_\",\"formatter\":4,\"formatOptions\":{\"palette\":\"blue\"},\"numberFormat\":{\"unit\":17,\"options\":{\"style\":\"decimal\"}}},{\"columnMatch\":\"DeviceCustomDate1\",\"formatter\":5,\"formatOptions\":{\"aggregation\":\"Count\"}}]}},\"customWidth\":\"50\",\"name\":\"query - top blocked domains\"},{\"type\":3,\"content\":{\"version\":\"KqlItem/1.0\",\"query\":\"ibossUrlEvent\\r\\n| where EventTime {time_range_picker} and DvcAction == \\\"Blocked\\\"\\r\\n| make-series Trend = count() default = 0 on EventTime step {time_range_picker:grain} by SrcUsername\\r\\n| join kind = inner (ibossUrlEvent\\r\\n    | where EventTime {time_range_picker}\\r\\n    | where DvcAction == \\\"Blocked\\\"\\r\\n    | summarize Requests = count() by SrcUsername\\r\\n    ) on SrcUsername\\r\\n| extend User = SrcUsername\\r\\n| project User, Requests, Trend\\r\\n| order by Requests desc\",\"size\":0,\"showAnalytics\":true,\"title\":\"Top Blocked Users\",\"showExportToExcel\":true,\"queryType\":0,\"resourceType\":\"microsoft.operationalinsights/workspaces\",\"visualization\":\"table\",\"gridSettings\":{\"formatters\":[{\"columnMatch\":\"Requests\",\"formatter\":4,\"formatOptions\":{\"palette\":\"redBright\"},\"numberFormat\":{\"unit\":17,\"options\":{\"style\":\"decimal\"}}},{\"columnMatch\":\"Trend\",\"formatter\":9,\"formatOptions\":{\"palette\":\"redBright\"}}]}},\"customWidth\":\"50\",\"name\":\"query - top blocked users\"},{\"type\":3,\"content\":{\"version\":\"KqlItem/1.0\",\"query\":\"ibossUrlEvent\\r\\n| where EventTime {time_range_picker}\\r\\n| summarize sum(DstBytes), sum(SrcBytes), sum(NetworkBytes) by SrcUsername\\r\\n| join kind = inner (ibossUrlEvent\\r\\n    | where EventTime {time_range_picker}\\r\\n    | make-series Trend = sum(NetworkBytes) default = 0 on EventTime step {time_range_picker:grain} by SrcUsername\\r\\n    ) on SrcUsername\\r\\n| order by sum_NetworkBytes desc\\r\\n| project Username=SrcUsername\\r\\n, Received=sum_DstBytes\\r\\n, Sent=sum_SrcBytes\\r\\n, Total=sum_NetworkBytes\\r\\n, Trend\",\"size\":0,\"showAnalytics\":true,\"title\":\"Bandwidth By User\",\"showExportToExcel\":true,\"queryType\":0,\"resourceType\":\"microsoft.operationalinsights/workspaces\",\"visualization\":\"table\",\"gridSettings\":{\"formatters\":[{\"columnMatch\":\"Received\",\"formatter\":8,\"formatOptions\":{\"palette\":\"green\"},\"numberFormat\":{\"unit\":2,\"options\":{\"style\":\"decimal\"}}},{\"columnMatch\":\"Sent\",\"formatter\":8,\"formatOptions\":{\"palette\":\"green\"},\"numberFormat\":{\"unit\":2,\"options\":{\"style\":\"decimal\"}}},{\"columnMatch\":\"Total\",\"formatter\":8,\"formatOptions\":{\"palette\":\"green\"},\"numberFormat\":{\"unit\":2,\"options\":{\"style\":\"decimal\"}}},{\"columnMatch\":\"Trend\",\"formatter\":9,\"formatOptions\":{\"palette\":\"blue\"}}]}},\"customWidth\":\"50\",\"name\":\"query - bandwidth by user\"},{\"type\":3,\"content\":{\"version\":\"KqlItem/1.0\",\"query\":\"ibossUrlEvent\\r\\n| where EventTime {time_range_picker}\\r\\n| make-series Trend = count() default = 0 on EventTime step {time_range_picker:grain} by SrcUsername\\r\\n| join kind = inner (ibossUrlEvent\\r\\n    | where EventTime {time_range_picker}\\r\\n    | summarize Requests = count() by SrcUsername\\r\\n    ) on SrcUsername\\r\\n| extend User = SrcUsername\\r\\n| project User, Requests, Trend\\r\\n| order by Requests desc\",\"size\":0,\"showAnalytics\":true,\"title\":\"Connections by User\",\"showExportToExcel\":true,\"queryType\":0,\"resourceType\":\"microsoft.operationalinsights/workspaces\",\"visualization\":\"table\",\"gridSettings\":{\"formatters\":[{\"columnMatch\":\"Requests\",\"formatter\":4,\"formatOptions\":{\"palette\":\"blue\"},\"numberFormat\":{\"unit\":17,\"options\":{\"style\":\"decimal\"}}},{\"columnMatch\":\"Trend\",\"formatter\":9,\"formatOptions\":{\"palette\":\"blue\"}}]}},\"customWidth\":\"50\",\"name\":\"query - connections by user\"}],\"fromTemplateId\":\"sentinel-ibossWebUsageWorkbook\",\"$schema\":\"https://github.com/Microsoft/Application-Insights-Workbooks/blob/master/schema/workbook.json\"}\r\n",
                "version": "1.0",
                "sourceId": "[variables('workspaceResourceId')]",
                "category": "sentinel"
              }
            },
            {
              "type": "Microsoft.OperationalInsights/workspaces/providers/metadata",
              "apiVersion": "2022-01-01-preview",
              "name": "[concat(parameters('workspace'),'/Microsoft.SecurityInsights/',concat('Workbook-', last(split(variables('workbookId2'),'/'))))]",
              "properties": {
                "description": "@{workbookKey=ibossWebUsageWorkbook; logoFileName=iboss_logo.svg; description=A workbook providing insights into web usage activity detected by iboss.; dataTypesDependencies=System.Object[]; dataConnectorsDependencies=System.Object[]; previewImagesFileNames=System.Object[]; version=1.0.0; title=iboss Web Usage; templateRelativePath=ibossWebUsage.json; subtitle=; provider=iboss}.description",
                "parentId": "[variables('workbookId2')]",
                "contentId": "[variables('_workbookContentId2')]",
                "kind": "Workbook",
                "version": "[variables('workbookVersion2')]",
                "source": {
                  "kind": "Solution",
                  "name": "iboss",
                  "sourceId": "[variables('_solutionId')]"
                },
                "author": {
                  "name": "iboss"
                },
                "support": {
                  "name": "iboss",
                  "email": "support@iboss.com",
                  "tier": "Partner",
                  "link": "https://www.iboss.com/contact-us/"
                },
                "dependencies": {
                  "operator": "AND",
                  "criteria": [
                    {
                      "contentId": "ibossAma",
                      "kind": "DataConnector"
                    }
                  ]
                }
              }
            }
          ]
        },
        "packageKind": "Solution",
        "packageVersion": "[variables('_solutionVersion')]",
        "packageName": "[variables('_solutionName')]",
        "packageId": "[variables('_solutionId')]",
        "contentSchemaVersion": "3.0.0",
        "contentId": "[variables('_workbookContentId2')]",
        "contentKind": "Workbook",
        "displayName": "[parameters('workbook2-name')]",
        "contentProductId": "[variables('_workbookcontentProductId2')]",
        "id": "[variables('_workbookcontentProductId2')]",
        "version": "[variables('workbookVersion2')]"
      }
    },
    {
      "type": "Microsoft.OperationalInsights/workspaces/providers/contentPackages",
      "apiVersion": "2023-04-01-preview",
      "location": "[parameters('workspace-location')]",
      "properties": {
        "version": "3.0.1",
        "kind": "Solution",
        "contentSchemaVersion": "3.0.0",
        "displayName": "iboss",
        "publisherDisplayName": "iboss",
        "descriptionHtml": "<p><strong>Note:</strong> Please refer to the following before installing the solution:</p>\n<p>• Review the solution <a href=\"https://github.com/Azure/Azure-Sentinel/tree/master/Solutions/iboss/ReleaseNotes.md\">Release Notes</a></p>\n<p>• There may be <a href=\"https://aka.ms/sentinelsolutionsknownissues\">known issues</a> pertaining to this Solution, please refer to them before installing.</p>\n<p>The iboss Solution provides means to connect your Threat Console to Microsoft Sentinel and enrich your instance with iboss URL event logs. Our logs are forwarded in Common Event Format (CEF) over Syslog and the configuration required can be completed on the iboss platform without the use of a proxy. Take advantage of our connector to garner critical data points and gain insight into security threats.</p>\n<p>This solution is dependent on the Common Event Format solution containing the CEF via AMA connector to collect the logs. The CEF solution will be installed as part of this solution installation.</p>\n<p><strong>NOTE:</strong> Microsoft recommends installation of CEF via AMA Connector. The existing connectors are about to be deprecated by <strong>Aug 31, 2024.</strong></p>\n<p><strong>Data Connectors:</strong> 2, <strong>Parsers:</strong> 1, <strong>Workbooks:</strong> 2</p>\n<p><a href=\"https://aka.ms/azuresentinel\">Learn more about Microsoft Sentinel</a> | <a href=\"https://aka.ms/azuresentinelsolutionsdoc\">Learn more about Solutions</a></p>\n",
        "contentKind": "Solution",
        "contentProductId": "[variables('_solutioncontentProductId')]",
        "id": "[variables('_solutioncontentProductId')]",
        "icon": "<img src=\"https://raw.githubusercontent.com/Azure/Azure-Sentinel/master/Solutions/iboss/Workbooks/Images/Logo/iboss_full-logo_2020_vector_black.svg\" width=\"75px\" height=\"75px\">",
        "contentId": "[variables('_solutionId')]",
        "parentId": "[variables('_solutionId')]",
        "source": {
          "kind": "Solution",
          "name": "iboss",
          "sourceId": "[variables('_solutionId')]"
        },
        "author": {
          "name": "iboss"
        },
        "support": {
          "name": "iboss",
          "email": "support@iboss.com",
          "tier": "Partner",
          "link": "https://www.iboss.com/contact-us/"
        },
        "dependencies": {
          "criteria": [
            {
              "kind": "DataConnector",
              "contentId": "[variables('_dataConnectorContentId1')]",
              "version": "[variables('dataConnectorVersion1')]"
            },
            {
              "kind": "DataConnector",
              "contentId": "[variables('_dataConnectorContentId2')]",
              "version": "[variables('dataConnectorVersion2')]"
            },
            {
              "kind": "Parser",
              "contentId": "[variables('parserObject1').parserContentId1]",
              "version": "[variables('parserObject1').parserVersion1]"
            },
            {
              "kind": "Workbook",
              "contentId": "[variables('_workbookContentId1')]",
              "version": "[variables('workbookVersion1')]"
            },
            {
              "kind": "Workbook",
              "contentId": "[variables('_workbookContentId2')]",
              "version": "[variables('workbookVersion2')]"
            },
            {
              "kind": "Solution",
              "contentId": "azuresentinel.azure-sentinel-solution-commoneventformat"
            }
          ]
        },
        "firstPublishDate": "2022-02-15",
        "providers": [
          "iboss"
        ],
        "categories": {
          "domains": [
            "Security - Network"
          ]
        }
      },
      "name": "[concat(parameters('workspace'),'/Microsoft.SecurityInsights/', variables('_solutionId'))]"
    }
  ],
  "outputs": {}
}
