{
  "$schema": "https://schema.management.azure.com/schemas/2019-04-01/deploymentTemplate.json#",
  "contentVersion": "1.0.0.0",
  "metadata": {
    "author": "Nasuni - support@nasuni.com",
    "comments": "Solution template for Nasuni"
  },
  "parameters": {
    "location": {
      "type": "string",
      "minLength": 1,
      "defaultValue": "[resourceGroup().location]",
      "metadata": {
        "description": "Not used, but needed to pass arm-ttk test `Location-Should-Not-Be-Hardcoded`.  We instead use the `workspace-location` which is derived from the LA workspace"
      }
    },
    "workspace-location": {
      "type": "string",
      "defaultValue": "",
      "metadata": {
        "description": "[concat('Region to deploy solution resources -- separate from location selection',parameters('location'))]"
      }
    },
    "workspace": {
      "defaultValue": "",
      "type": "string",
      "metadata": {
        "description": "Workspace name for Log Analytics where Microsoft Sentinel is setup"
      }
    }
  },
  "variables": {
    "solutionId": "nasuni.azure-sentinel-solution-nasuni",
    "_solutionId": "[variables('solutionId')]",
    "email": "support@nasuni.com",
    "_email": "[variables('email')]",
    "analyticRuleVersion1": "1.0.0",
    "analyticRulecontentId1": "0c96a5a2-d60d-427d-8399-8df7fe8e6536",
    "_analyticRulecontentId1": "[variables('analyticRulecontentId1')]",
    "analyticRuleId1": "[resourceId('Microsoft.SecurityInsights/AlertRuleTemplates', variables('analyticRulecontentId1'))]",
    "analyticRuleTemplateSpecName1": "[concat(parameters('workspace'),'-ar-',uniquestring(variables('_analyticRulecontentId1')))]",
    "workspaceResourceId": "[resourceId('microsoft.OperationalInsights/Workspaces', parameters('workspace'))]",
    "analyticRuleVersion2": "1.0.0",
    "analyticRulecontentId2": "6c8770fb-c854-403e-a64d-0293ba344d5f",
    "_analyticRulecontentId2": "[variables('analyticRulecontentId2')]",
    "analyticRuleId2": "[resourceId('Microsoft.SecurityInsights/AlertRuleTemplates', variables('analyticRulecontentId2'))]",
    "analyticRuleTemplateSpecName2": "[concat(parameters('workspace'),'-ar-',uniquestring(variables('_analyticRulecontentId2')))]",
    "huntingQueryVersion1": "1.0.0",
    "huntingQuerycontentId1": "64a3477e-d06f-4491-86a5-6f99702e267f",
    "_huntingQuerycontentId1": "[variables('huntingQuerycontentId1')]",
    "huntingQueryId1": "[resourceId('Microsoft.OperationalInsights/savedSearches', variables('_huntingQuerycontentId1'))]",
    "huntingQueryTemplateSpecName1": "[concat(parameters('workspace'),'-hq-',uniquestring(variables('_huntingQuerycontentId1')))]",
    "uiConfigId1": "NasuniEdgeAppliance",
    "_uiConfigId1": "[variables('uiConfigId1')]",
    "dataConnectorContentId1": "NasuniEdgeAppliance",
    "_dataConnectorContentId1": "[variables('dataConnectorContentId1')]",
    "dataConnectorId1": "[extensionResourceId(resourceId('Microsoft.OperationalInsights/workspaces', parameters('workspace')), 'Microsoft.SecurityInsights/dataConnectors', variables('_dataConnectorContentId1'))]",
    "_dataConnectorId1": "[variables('dataConnectorId1')]",
    "dataConnectorTemplateSpecName1": "[concat(parameters('workspace'),'-dc-',uniquestring(variables('_dataConnectorContentId1')))]",
    "dataConnectorVersion1": "1.0.0"
  },
  "resources": [
    {
      "type": "Microsoft.Resources/templateSpecs",
      "apiVersion": "2022-02-01",
      "name": "[variables('analyticRuleTemplateSpecName1')]",
      "location": "[parameters('workspace-location')]",
      "tags": {
        "hidden-sentinelWorkspaceId": "[variables('workspaceResourceId')]",
        "hidden-sentinelContentType": "AnalyticsRule"
      },
      "properties": {
        "description": "Nasuni Analytics Rule 1 with template",
        "displayName": "Nasuni Analytics Rule template"
      }
    },
    {
      "type": "Microsoft.Resources/templateSpecs/versions",
      "apiVersion": "2022-02-01",
      "name": "[concat(variables('analyticRuleTemplateSpecName1'),'/',variables('analyticRuleVersion1'))]",
      "location": "[parameters('workspace-location')]",
      "tags": {
        "hidden-sentinelWorkspaceId": "[variables('workspaceResourceId')]",
        "hidden-sentinelContentType": "AnalyticsRule"
      },
      "dependsOn": [
        "[resourceId('Microsoft.Resources/templateSpecs', variables('analyticRuleTemplateSpecName1'))]"
      ],
      "properties": {
        "description": "RansomwareClientBlocked_AnalyticalRules Analytics Rule with template version 2.0.0",
        "mainTemplate": {
          "$schema": "https://schema.management.azure.com/schemas/2019-04-01/deploymentTemplate.json#",
          "contentVersion": "[variables('analyticRuleVersion1')]",
          "parameters": {},
          "variables": {},
          "resources": [
            {
              "type": "Microsoft.SecurityInsights/AlertRuleTemplates",
              "name": "[variables('AnalyticRulecontentId1')]",
              "apiVersion": "2022-04-01-preview",
              "kind": "Scheduled",
              "location": "[parameters('workspace-location')]",
              "properties": {
                "description": "Identifies malicious clients blocked by the Ransomware Protection service running on a Nasuni Edge Appliance.",
                "displayName": "Ransomware Client Blocked",
                "enabled": false,
                "query": "Syslog\n| project TimeGenerated, Computer, SyslogMessage\n| where SyslogMessage has \"The Filer has enforced the mitigation policy on volume\"\n| extend ipaddr_ = substring(SyslogMessage, indexof(SyslogMessage, \"(\")+1, indexof(SyslogMessage, \")\") - indexof(SyslogMessage,\"(\")-1)\n| extend volume_name_ = substring(SyslogMessage, indexof(SyslogMessage, \"volume\")+7, indexof(SyslogMessage,\"and\") - (indexof(SyslogMessage, \"volume\")+7))\n| sort by TimeGenerated desc",
                "queryFrequency": "PT5M",
                "queryPeriod": "PT5M",
                "severity": "High",
                "suppressionDuration": "PT1H",
                "suppressionEnabled": false,
                "triggerOperator": "GreaterThan",
                "triggerThreshold": 0,
                "status": "Available",
                "requiredDataConnectors": [
                  {
                    "connectorID": "NasuniEdgeAppliance",
                    "datatypes": [
                      "Syslog"
                    ]
                  }
                ],
                "tactics": [
                  "Impact"
                ],
                "techniques": [
                  "T1486"
                ],
                "entityMappings": [
                  {
                    "fieldMappings": [
                      {
                        "columnName": "ipaddr_",
                        "identifier": "Address"
                      }
                    ],
                    "entityType": "IP"
                  }
                ],
                "eventGroupingSettings": {
                  "aggregationKind": "AlertPerResult"
                },
                "customDetails": {
                  "VolumeName": "volume_name_"
                },
                "alertDetailsOverride": {
                  "alertDescriptionFormat": "Nasuni has blocked a client involved in a ransomware attack from accessing a Nasuni Edge Appliance at {{TimeGenerated}}",
                  "alertDynamicProperties": [],
                  "alertnameFormat": "Nasuni: Ransomware Client Blocked"
                },
                "incidentConfiguration": {
                  "groupingConfiguration": {
                    "matchingMethod": "AllEntities",
                    "reopenClosedIncident": false,
                    "lookbackDuration": "5h",
                    "enabled": false
                  },
                  "createIncident": true
                }
              }
            },
            {
              "type": "Microsoft.OperationalInsights/workspaces/providers/metadata",
              "apiVersion": "2022-01-01-preview",
              "name": "[concat(parameters('workspace'),'/Microsoft.SecurityInsights/',concat('AnalyticsRule-', last(split(variables('analyticRuleId1'),'/'))))]",
              "properties": {
                "description": "Nasuni Analytics Rule 1",
                "parentId": "[variables('analyticRuleId1')]",
                "contentId": "[variables('_analyticRulecontentId1')]",
                "kind": "AnalyticsRule",
                "version": "[variables('analyticRuleVersion1')]",
                "source": {
                  "kind": "Solution",
                  "name": "Nasuni",
                  "sourceId": "[variables('_solutionId')]"
                },
                "author": {
                  "name": "Nasuni",
                  "email": "[variables('_email')]"
                },
                "support": {
                  "name": "Nasuni",
                  "tier": "Nasuni Labs",
                  "link": "https://github.com/nasuni-labs/Azure-Sentinel"
                }
              }
            }
          ]
        }
      }
    },
    {
      "type": "Microsoft.Resources/templateSpecs",
      "apiVersion": "2022-02-01",
      "name": "[variables('analyticRuleTemplateSpecName2')]",
      "location": "[parameters('workspace-location')]",
      "tags": {
        "hidden-sentinelWorkspaceId": "[variables('workspaceResourceId')]",
        "hidden-sentinelContentType": "AnalyticsRule"
      },
      "properties": {
        "description": "Nasuni Analytics Rule 2 with template",
        "displayName": "Nasuni Analytics Rule template"
      }
    },
    {
      "type": "Microsoft.Resources/templateSpecs/versions",
      "apiVersion": "2022-02-01",
      "name": "[concat(variables('analyticRuleTemplateSpecName2'),'/',variables('analyticRuleVersion2'))]",
      "location": "[parameters('workspace-location')]",
      "tags": {
        "hidden-sentinelWorkspaceId": "[variables('workspaceResourceId')]",
        "hidden-sentinelContentType": "AnalyticsRule"
      },
      "dependsOn": [
        "[resourceId('Microsoft.Resources/templateSpecs', variables('analyticRuleTemplateSpecName2'))]"
      ],
      "properties": {
        "description": "RansomwareAttackDetected_AnalyticalRules Analytics Rule with template version 2.0.0",
        "mainTemplate": {
          "$schema": "https://schema.management.azure.com/schemas/2019-04-01/deploymentTemplate.json#",
          "contentVersion": "[variables('analyticRuleVersion2')]",
          "parameters": {},
          "variables": {},
          "resources": [
            {
              "type": "Microsoft.SecurityInsights/AlertRuleTemplates",
              "name": "[variables('AnalyticRulecontentId2')]",
              "apiVersion": "2022-04-01-preview",
              "kind": "Scheduled",
              "location": "[parameters('workspace-location')]",
              "properties": {
                "description": "Identifies ransomware attacks detected by the Ransomware Protection service running on a Nasuni Edge Appliance.",
                "displayName": "Ransomware Attack Detected",
                "enabled": false,
                "query": "Syslog\n| project TimeGenerated, Computer, SyslogMessage\n| where SyslogMessage has \"The Filer has detected a new ransomware attack\"\n| extend pattern_ = substring(SyslogMessage, indexof(SyslogMessage, \"(\")+1, indexof(SyslogMessage, \")\") - indexof(SyslogMessage,\"(\")-1)\n| extend volume_name_ = substring(SyslogMessage, indexof(SyslogMessage, \"volume\")+7, indexof(SyslogMessage,\". Visit\") - (indexof(SyslogMessage, \"volume\")+7))\n| sort by TimeGenerated desc",
                "queryFrequency": "PT5M",
                "queryPeriod": "PT5M",
                "severity": "High",
                "suppressionDuration": "PT1H",
                "suppressionEnabled": false,
                "triggerOperator": "GreaterThan",
                "triggerThreshold": 0,
                "status": "Available",
                "requiredDataConnectors": [
                  {
                    "connectorID": "NasuniEdgeAppliance",
                    "datatypes": [
                      "Syslog"
                    ]
                  }
                ],
                "tactics": [
                  "Impact"
                ],
                "techniques": [
                  "T1486"
                ],
                "entityMappings": [
                  {
                    "fieldMappings": [
                      {
                        "columnName": "pattern_",
                        "identifier": "Name"
                      }
                    ],
                    "entityType": "Malware"
                  }
                ],
                "eventGroupingSettings": {
                  "aggregationKind": "AlertPerResult"
                },
                "customDetails": {
                  "VolumeName": "volume_name_"
                },
                "alertDetailsOverride": {
                  "alertDescriptionFormat": "Ransomware attack detected by Nasuni at {{TimeGenerated}}.",
                  "alertDynamicProperties": [
                    {
                      "alertProperty": "RemediationSteps",
                      "value": "SyslogMessage"
                    }
                  ],
                  "alertnameFormat": "Nasuni: Ransomware Attack Detected"
                },
                "incidentConfiguration": {
                  "groupingConfiguration": {
                    "matchingMethod": "AllEntities",
                    "reopenClosedIncident": false,
                    "lookbackDuration": "5h",
                    "enabled": false
                  },
                  "createIncident": true
                }
              }
            },
            {
              "type": "Microsoft.OperationalInsights/workspaces/providers/metadata",
              "apiVersion": "2022-01-01-preview",
              "name": "[concat(parameters('workspace'),'/Microsoft.SecurityInsights/',concat('AnalyticsRule-', last(split(variables('analyticRuleId2'),'/'))))]",
              "properties": {
                "description": "Nasuni Analytics Rule 2",
                "parentId": "[variables('analyticRuleId2')]",
                "contentId": "[variables('_analyticRulecontentId2')]",
                "kind": "AnalyticsRule",
                "version": "[variables('analyticRuleVersion2')]",
                "source": {
                  "kind": "Solution",
                  "name": "Nasuni",
                  "sourceId": "[variables('_solutionId')]"
                },
                "author": {
                  "name": "Nasuni",
                  "email": "[variables('_email')]"
                },
                "support": {
                  "name": "Nasuni",
                  "tier": "Nasuni Labs",
                  "link": "https://github.com/nasuni-labs/Azure-Sentinel"
                }
              }
            }
          ]
        }
      }
    },
    {
      "type": "Microsoft.Resources/templateSpecs",
      "apiVersion": "2022-02-01",
      "name": "[variables('huntingQueryTemplateSpecName1')]",
      "location": "[parameters('workspace-location')]",
      "tags": {
        "hidden-sentinelWorkspaceId": "[variables('workspaceResourceId')]",
        "hidden-sentinelContentType": "HuntingQuery"
      },
      "properties": {
        "description": "Nasuni Hunting Query 1 with template",
        "displayName": "Nasuni Hunting Query template"
      }
    },
    {
      "type": "Microsoft.Resources/templateSpecs/versions",
      "apiVersion": "2022-02-01",
      "name": "[concat(variables('huntingQueryTemplateSpecName1'),'/',variables('huntingQueryVersion1'))]",
      "location": "[parameters('workspace-location')]",
      "tags": {
        "hidden-sentinelWorkspaceId": "[variables('workspaceResourceId')]",
        "hidden-sentinelContentType": "HuntingQuery"
      },
      "dependsOn": [
        "[resourceId('Microsoft.Resources/templateSpecs', variables('huntingQueryTemplateSpecName1'))]"
      ],
      "properties": {
        "description": "FileDeleteEvents_HuntingQueries Hunting Query with template version 2.0.0",
        "mainTemplate": {
          "$schema": "https://schema.management.azure.com/schemas/2019-04-01/deploymentTemplate.json#",
          "contentVersion": "[variables('huntingQueryVersion1')]",
          "parameters": {},
          "variables": {},
          "resources": [
            {
              "type": "Microsoft.OperationalInsights/savedSearches",
              "apiVersion": "2020-08-01",
              "name": "Nasuni_Hunting_Query_1",
              "location": "[parameters('workspace-location')]",
              "properties": {
                "eTag": "*",
                "displayName": "Nasuni File Delete Activity",
                "category": "Hunting Queries",
                "query": "Syslog \n| where SyslogMessage matches regex \"(nasuni.)([0-9A-Za-z]{8}-[0-9A-Za-z]{4}-[0-9A-Za-z]{4}-[0-9A-Za-z]{4}-[0-9A-Za-z]{1})\"\n| extend SyslogMessageJson = extract('{(.*?)}', 0, SyslogMessage)\n| extend event_details_ = parse_json(SyslogMessageJson)\n| extend path_parts_ = parse_path(tostring(event_details_.path))\n| where event_details_.event_type == \"AUDIT_UNLINK\"\n| project\n    TimeGenerated\n    ,HostName\n    ,event_type_ = event_details_.event_type\n    ,sAMAccountName_ = trim(@\"(?s)^.*\\\\\\s*\", tostring(event_details_.username))\n    ,domainName_ = trim_end(@\"[\\\\]\\S*\", tostring(event_details_.username))\n    ,filename_ = path_parts_.Filename\n    ,directorypath_ = path_parts_.DirectoryPath\n    ,ipaddr_ = event_details_.ipaddr\n    ,sid_ = event_details_.sid\n    ,volume_guid_ = event_details_.volume\n    ,access_point_ = event_details_.resource\n    ,primary_group_name_ = trim(@\"(?s)^.*\\\\\\s*\", tostring(event_details_.groupname))\n    ,new_path_ = event_details_.newpath\n",
                "version": 2,
                "tags": [
                  {
                    "name": "description",
                    "value": "This query looks for file delete audit events generated by a Nasuni Edge Appliance."
                  },
                  {
                    "name": "tactics",
                    "value": "Impact"
                  },
                  {
                    "name": "techniques",
                    "value": "T1485"
                  }
                ]
              }
            },
            {
              "type": "Microsoft.OperationalInsights/workspaces/providers/metadata",
              "apiVersion": "2022-01-01-preview",
              "name": "[concat(parameters('workspace'),'/Microsoft.SecurityInsights/',concat('HuntingQuery-', last(split(variables('huntingQueryId1'),'/'))))]",
              "properties": {
                "description": "Nasuni Hunting Query 1",
                "parentId": "[variables('huntingQueryId1')]",
                "contentId": "[variables('_huntingQuerycontentId1')]",
                "kind": "HuntingQuery",
                "version": "[variables('huntingQueryVersion1')]",
                "source": {
                  "kind": "Solution",
                  "name": "Nasuni",
                  "sourceId": "[variables('_solutionId')]"
                },
                "author": {
                  "name": "Nasuni",
                  "email": "[variables('_email')]"
                },
                "support": {
                  "name": "Nasuni",
                  "tier": "Nasuni Labs",
                  "link": "https://github.com/nasuni-labs/Azure-Sentinel"
                }
              }
            }
          ]
        }
      }
    },
    {
      "type": "Microsoft.Resources/templateSpecs",
      "apiVersion": "2022-02-01",
      "name": "[variables('dataConnectorTemplateSpecName1')]",
      "location": "[parameters('workspace-location')]",
      "tags": {
        "hidden-sentinelWorkspaceId": "[variables('workspaceResourceId')]",
        "hidden-sentinelContentType": "DataConnector"
      },
      "properties": {
        "description": "Nasuni data connector with template",
        "displayName": "Nasuni template"
      }
    },
    {
      "type": "Microsoft.Resources/templateSpecs/versions",
      "apiVersion": "2022-02-01",
      "name": "[concat(variables('dataConnectorTemplateSpecName1'),'/',variables('dataConnectorVersion1'))]",
      "location": "[parameters('workspace-location')]",
      "tags": {
        "hidden-sentinelWorkspaceId": "[variables('workspaceResourceId')]",
        "hidden-sentinelContentType": "DataConnector"
      },
      "dependsOn": [
        "[resourceId('Microsoft.Resources/templateSpecs', variables('dataConnectorTemplateSpecName1'))]"
      ],
      "properties": {
        "description": "Nasuni data connector with template version 2.0.0",
        "mainTemplate": {
          "$schema": "https://schema.management.azure.com/schemas/2019-04-01/deploymentTemplate.json#",
          "contentVersion": "[variables('dataConnectorVersion1')]",
          "parameters": {},
          "variables": {},
          "resources": [
            {
              "name": "[concat(parameters('workspace'),'/Microsoft.SecurityInsights/',variables('_dataConnectorContentId1'))]",
              "apiVersion": "2021-03-01-preview",
              "type": "Microsoft.OperationalInsights/workspaces/providers/dataConnectors",
              "location": "[parameters('workspace-location')]",
              "kind": "GenericUI",
              "properties": {
                "connectorUiConfig": {
                  "id": "[variables('_uiConfigId1')]",
                  "title": "Nasuni Edge Appliance",
                  "publisher": "Nasuni",
                  "descriptionMarkdown": "The [Nasuni](https://www.nasuni.com/) connector allows you to easily connect your Nasuni Edge Appliance Notifications and file system audit logs with Microsoft Sentinel. This gives you more insight into activity within your Nasuni infrastructure and improves your security operation capabilities.",
                  "graphQueries": [
                    {
                      "metricName": "Total events received",
                      "legend": "Nasuni",
                      "baseQuery": "Nasuni"
                    }
                  ],
                  "sampleQueries": [
                    {
                      "description": "Last 1000 generated events",
                      "query": "Syslog\n            | top 1000 by TimeGenerated"
                    },
                    {
                      "description": "All events by facility except for cron",
                      "query": "Syslog\n            | summarize count() by Facility | where Facility != \"cron\""
                    }
                  ],
                  "connectivityCriterias": [
                    {
                      "type": "IsConnectedQuery",
                      "value": [
                        "Syslog\n   | where TimeGenerated > ago(3d)\n       |take 1\n       | project IsConnected = true"
                      ]
                    }
                  ],
                  "dataTypes": [
                    {
                      "name": "Syslog",
                      "lastDataReceivedQuery": "Syslog\n            | summarize Time = max(TimeGenerated)\n            | where isnotempty(Time)"
                    }
                  ],
                  "availability": {
                    "status": 1,
                    "isPreview": false
                  },
                  "permissions": {
                    "resourceProvider": [
                      {
                        "provider": "Microsoft.OperationalInsights/workspaces",
                        "permissionsDisplayText": "write permission is required.",
                        "providerDisplayName": "Workspace",
                        "scope": "Workspace",
                        "requiredPermissions": {
                          "write": true,
                          "delete": true
                        }
                      }
                    ]
                  },
                  "customers": [
                    {
                      "name": "Nasuni Edge Appliances",
                      "description": "must be configured to export events via Syslog"
                    }
                  ],
                  "instructionSteps": [
                    {
                      "description": "Typically, you should install the agent on a different computer from the one on which the logs are generated.\n\n>  Syslog logs are collected only from **Linux** agents.",
                      "instructions": [
                        {
                          "parameters": {
                            "title": "Choose where to install the agent:",
                            "instructionSteps": [
                              {
                                "title": "Install agent on Azure Linux Virtual Machine",
                                "description": "Select the machine to install the agent on and then click **Connect**.",
                                "instructions": [
                                  {
                                    "parameters": {
                                      "linkType": "InstallAgentOnLinuxVirtualMachine"
                                    },
                                    "type": "InstallAgent"
                                  }
                                ]
                              },
                              {
                                "title": "Install agent on a non-Azure Linux Machine",
                                "description": "Download the agent on the relevant machine and follow the instructions.",
                                "instructions": [
                                  {
                                    "parameters": {
                                      "linkType": "InstallAgentOnLinuxNonAzure"
                                    },
                                    "type": "InstallAgent"
                                  }
                                ]
                              }
                            ]
                          },
                          "type": "InstructionStepsGroup"
                        }
                      ],
                      "title": "1. Install and onboard the agent for Linux"
                    },
                    {
                      "description": "Follow the configuration steps below to configure your Linux machine to send Nasuni event information to Microsoft Sentinel. Refer to the [Azure Monitor Agent documenation](https://learn.microsoft.com/en-us/azure/azure-monitor/agents/agents-overview) for additional details on these steps.\nConfigure the facilities you want to collect and their severities.\n1. Select the link below to open your workspace agents configuration, and select the Syslog tab.\n2. Select Add facility and choose from the drop-down list of facilities. Repeat for all the facilities you want to add.\n3. Mark the check boxes for the desired severities for each facility.\n4. Click Apply.\n",
                      "instructions": [
                        {
                          "parameters": {
                            "linkType": "OpenSyslogSettings"
                          },
                          "type": "InstallAgent"
                        }
                      ],
                      "title": "2. Configure the logs to be collected"
                    },
                    {
                      "description": "Follow the instructions in the [Nasuni Management Console Guide](https://view.highspot.com/viewer/629a633ae5b4caaf17018daa?iid=5e6fbfcbc7143309f69fcfcf) to configure Nasuni Edge Appliances to forward syslog events. Use the IP address or hostname of the Linux device running the Azure Monitor Agent in the Servers configuration field for the syslog settings.",
                      "title": "3. Configure Nasuni Edge Appliance settings"
                    }
                  ]
                }
              }
            },
            {
              "type": "Microsoft.OperationalInsights/workspaces/providers/metadata",
              "apiVersion": "2022-01-01-preview",
              "name": "[concat(parameters('workspace'),'/Microsoft.SecurityInsights/',concat('DataConnector-', last(split(variables('_dataConnectorId1'),'/'))))]",
              "properties": {
                "parentId": "[extensionResourceId(resourceId('Microsoft.OperationalInsights/workspaces', parameters('workspace')), 'Microsoft.SecurityInsights/dataConnectors', variables('_dataConnectorContentId1'))]",
                "contentId": "[variables('_dataConnectorContentId1')]",
                "kind": "DataConnector",
                "version": "[variables('dataConnectorVersion1')]",
                "source": {
                  "kind": "Solution",
                  "name": "Nasuni",
                  "sourceId": "[variables('_solutionId')]"
                },
                "author": {
                  "name": "Nasuni",
                  "email": "[variables('_email')]"
                },
                "support": {
                  "name": "Nasuni",
                  "tier": "Nasuni Labs",
                  "link": "https://github.com/nasuni-labs/Azure-Sentinel"
                }
              }
            }
          ]
        }
      }
    },
    {
      "type": "Microsoft.OperationalInsights/workspaces/providers/metadata",
      "apiVersion": "2022-01-01-preview",
      "name": "[concat(parameters('workspace'),'/Microsoft.SecurityInsights/',concat('DataConnector-', last(split(variables('_dataConnectorId1'),'/'))))]",
      "dependsOn": [
        "[variables('_dataConnectorId1')]"
      ],
      "location": "[parameters('workspace-location')]",
      "properties": {
        "parentId": "[extensionResourceId(resourceId('Microsoft.OperationalInsights/workspaces', parameters('workspace')), 'Microsoft.SecurityInsights/dataConnectors', variables('_dataConnectorContentId1'))]",
        "contentId": "[variables('_dataConnectorContentId1')]",
        "kind": "DataConnector",
        "version": "[variables('dataConnectorVersion1')]",
        "source": {
          "kind": "Solution",
          "name": "Nasuni",
          "sourceId": "[variables('_solutionId')]"
        },
        "author": {
          "name": "Nasuni",
          "email": "[variables('_email')]"
        },
        "support": {
          "name": "Nasuni",
          "tier": "Nasuni Labs",
          "link": "https://github.com/nasuni-labs/Azure-Sentinel"
        }
      }
    },
    {
      "name": "[concat(parameters('workspace'),'/Microsoft.SecurityInsights/',variables('_dataConnectorContentId1'))]",
      "apiVersion": "2021-03-01-preview",
      "type": "Microsoft.OperationalInsights/workspaces/providers/dataConnectors",
      "location": "[parameters('workspace-location')]",
      "kind": "GenericUI",
      "properties": {
        "connectorUiConfig": {
          "title": "Nasuni Edge Appliance",
          "publisher": "Nasuni",
          "descriptionMarkdown": "The [Nasuni](https://www.nasuni.com/) connector allows you to easily connect your Nasuni Edge Appliance Notifications and file system audit logs with Microsoft Sentinel. This gives you more insight into activity within your Nasuni infrastructure and improves your security operation capabilities.",
          "graphQueries": [
            {
              "metricName": "Total events received",
              "legend": "Nasuni",
              "baseQuery": "Nasuni"
            }
          ],
          "dataTypes": [
            {
              "name": "Syslog",
              "lastDataReceivedQuery": "Syslog\n            | summarize Time = max(TimeGenerated)\n            | where isnotempty(Time)"
            }
          ],
          "connectivityCriterias": [
            {
              "type": "IsConnectedQuery",
              "value": [
                "Syslog\n   | where TimeGenerated > ago(3d)\n       |take 1\n       | project IsConnected = true"
              ]
            }
          ],
          "sampleQueries": [
            {
              "description": "Last 1000 generated events",
              "query": "Syslog\n            | top 1000 by TimeGenerated"
            },
            {
              "description": "All events by facility except for cron",
              "query": "Syslog\n            | summarize count() by Facility | where Facility != \"cron\""
            }
          ],
          "availability": {
            "status": 1,
            "isPreview": false
          },
          "permissions": {
            "resourceProvider": [
              {
                "provider": "Microsoft.OperationalInsights/workspaces",
                "permissionsDisplayText": "write permission is required.",
                "providerDisplayName": "Workspace",
                "scope": "Workspace",
                "requiredPermissions": {
                  "write": true,
                  "delete": true
                }
              }
            ]
          },
          "instructionSteps": [
            {
              "description": "Typically, you should install the agent on a different computer from the one on which the logs are generated.\n\n>  Syslog logs are collected only from **Linux** agents.",
              "instructions": [
                {
                  "parameters": {
                    "title": "Choose where to install the agent:",
                    "instructionSteps": [
                      {
                        "title": "Install agent on Azure Linux Virtual Machine",
                        "description": "Select the machine to install the agent on and then click **Connect**.",
                        "instructions": [
                          {
                            "parameters": {
                              "linkType": "InstallAgentOnLinuxVirtualMachine"
                            },
                            "type": "InstallAgent"
                          }
                        ]
                      },
                      {
                        "title": "Install agent on a non-Azure Linux Machine",
                        "description": "Download the agent on the relevant machine and follow the instructions.",
                        "instructions": [
                          {
                            "parameters": {
                              "linkType": "InstallAgentOnLinuxNonAzure"
                            },
                            "type": "InstallAgent"
                          }
                        ]
                      }
                    ]
                  },
                  "type": "InstructionStepsGroup"
                }
              ],
              "title": "1. Install and onboard the agent for Linux"
            },
            {
              "description": "Follow the configuration steps below to configure your Linux machine to send Nasuni event information to Microsoft Sentinel. Refer to the [Azure Monitor Agent documenation](https://learn.microsoft.com/en-us/azure/azure-monitor/agents/agents-overview) for additional details on these steps.\nConfigure the facilities you want to collect and their severities.\n1. Select the link below to open your workspace agents configuration, and select the Syslog tab.\n2. Select Add facility and choose from the drop-down list of facilities. Repeat for all the facilities you want to add.\n3. Mark the check boxes for the desired severities for each facility.\n4. Click Apply.\n",
              "instructions": [
                {
                  "parameters": {
                    "linkType": "OpenSyslogSettings"
                  },
                  "type": "InstallAgent"
                }
              ],
              "title": "2. Configure the logs to be collected"
            },
            {
              "description": "Follow the instructions in the [Nasuni Management Console Guide](https://view.highspot.com/viewer/629a633ae5b4caaf17018daa?iid=5e6fbfcbc7143309f69fcfcf) to configure Nasuni Edge Appliances to forward syslog events. Use the IP address or hostname of the Linux device running the Azure Monitor Agent in the Servers configuration field for the syslog settings.",
              "title": "3. Configure Nasuni Edge Appliance settings"
            }
          ],
          "id": "[variables('_uiConfigId1')]"
        }
      }
    },
    {
      "type": "Microsoft.OperationalInsights/workspaces/providers/metadata",
      "apiVersion": "2022-01-01-preview",
      "location": "[parameters('workspace-location')]",
      "properties": {
        "version": "2.0.0",
        "kind": "Solution",
        "contentSchemaVersion": "2.0.0",
        "contentId": "[variables('_solutionId')]",
        "parentId": "[variables('_solutionId')]",
        "source": {
          "kind": "Solution",
          "name": "Nasuni",
          "sourceId": "[variables('_solutionId')]"
        },
        "author": {
          "name": "Nasuni",
          "email": "[variables('_email')]"
        },
        "support": {
          "name": "Nasuni",
          "tier": "Nasuni Labs",
          "link": "https://github.com/nasuni-labs/Azure-Sentinel"
        },
        "dependencies": {
          "operator": "AND",
          "criteria": [
            {
              "kind": "AnalyticsRule",
              "contentId": "[variables('analyticRulecontentId1')]",
              "version": "[variables('analyticRuleVersion1')]"
            },
            {
              "kind": "AnalyticsRule",
              "contentId": "[variables('analyticRulecontentId2')]",
              "version": "[variables('analyticRuleVersion2')]"
            },
            {
              "kind": "HuntingQuery",
              "contentId": "[variables('_huntingQuerycontentId1')]",
              "version": "[variables('huntingQueryVersion1')]"
            },
            {
              "kind": "DataConnector",
              "contentId": "[variables('_dataConnectorContentId1')]",
              "version": "[variables('dataConnectorVersion1')]"
            }
          ]
        },
        "firstPublishDate": "2023-06-12",
        "lastPublishDate": "2023-06-12",
        "providers": [
          "Nasuni"
        ],
        "categories": {
          "domains": [
            "Storage"
          ]
        }
      },
      "name": "[concat(parameters('workspace'),'/Microsoft.SecurityInsights/', variables('_solutionId'))]"
    }
  ],
  "outputs": {}
}
