{
  "$schema": "https://schema.management.azure.com/schemas/2019-04-01/deploymentTemplate.json#",
  "contentVersion": "1.0.0.0",
  "metadata": {
    "author": "Silverfort",
    "comments": "Solution template for Silverfort"
  },
  "parameters": {
    "location": {
      "type": "string",
      "minLength": 1,
      "defaultValue": "[resourceGroup().location]",
      "metadata": {
        "description": "Not used, but needed to pass arm-ttk test `Location-Should-Not-Be-Hardcoded`.  We instead use the `workspace-location` which is derived from the LA workspace"
      }
    },
    "workspace-location": {
      "type": "string",
      "defaultValue": "",
      "metadata": {
        "description": "[concat('Region to deploy solution resources -- separate from location selection',parameters('location'))]"
      }
    },
    "workspace": {
      "defaultValue": "",
      "type": "string",
      "metadata": {
        "description": "Workspace name for Log Analytics where Microsoft Sentinel is setup"
      }
    }
  },
  "variables": {
    "_solutionName": "Silverfort",
    "_solutionVersion": "3.0.0",
    "solutionId": "silverfort5120441444412.microsoft-sentinel-solution-silverfort",
    "_solutionId": "[variables('solutionId')]",
    "uiConfigId1": "SilverfortAma",
    "_uiConfigId1": "[variables('uiConfigId1')]",
    "dataConnectorContentId1": "SilverfortAma",
    "_dataConnectorContentId1": "[variables('dataConnectorContentId1')]",
    "dataConnectorId1": "[extensionResourceId(resourceId('Microsoft.OperationalInsights/workspaces', parameters('workspace')), 'Microsoft.SecurityInsights/dataConnectors', variables('_dataConnectorContentId1'))]",
    "_dataConnectorId1": "[variables('dataConnectorId1')]",
    "dataConnectorTemplateSpecName1": "[concat(parameters('workspace'),'/Microsoft.SecurityInsights/',concat(parameters('workspace'),'-dc-',uniquestring(variables('_dataConnectorContentId1'))))]",
    "dataConnectorVersion1": "4.8.x",
    "_dataConnectorcontentProductId1": "[concat(take(variables('_solutionId'),50),'-','dc','-', uniqueString(concat(variables('_solutionId'),'-','DataConnector','-',variables('_dataConnectorContentId1'),'-', variables('dataConnectorVersion1'))))]",
    "_solutioncontentProductId": "[concat(take(variables('_solutionId'),50),'-','sl','-', uniqueString(concat(variables('_solutionId'),'-','Solution','-',variables('_solutionId'),'-', variables('_solutionVersion'))))]"
  },
  "resources": [
    {
      "type": "Microsoft.OperationalInsights/workspaces/providers/contentTemplates",
      "apiVersion": "2023-04-01-preview",
      "name": "[variables('dataConnectorTemplateSpecName1')]",
      "location": "[parameters('workspace-location')]",
      "dependsOn": [
        "[extensionResourceId(resourceId('Microsoft.OperationalInsights/workspaces', parameters('workspace')), 'Microsoft.SecurityInsights/contentPackages', variables('_solutionId'))]"
      ],
      "properties": {
        "description": "Silverfort data connector with template version 3.0.0",
        "mainTemplate": {
          "$schema": "https://schema.management.azure.com/schemas/2019-04-01/deploymentTemplate.json#",
          "contentVersion": "[variables('dataConnectorVersion1')]",
          "parameters": {},
          "variables": {},
          "resources": [
            {
              "name": "[concat(parameters('workspace'),'/Microsoft.SecurityInsights/',variables('_dataConnectorContentId1'))]",
              "apiVersion": "2021-03-01-preview",
              "type": "Microsoft.OperationalInsights/workspaces/providers/dataConnectors",
              "location": "[parameters('workspace-location')]",
              "kind": "GenericUI",
              "properties": {
                "connectorUiConfig": {
                  "id": "[variables('_uiConfigId1')]",
                  "title": "Silverfort Admin Console",
                  "publisher": "Silverfort",
                  "descriptionMarkdown": "The [Silverfort](https://silverfort.com) ITDR Admin Console connector solution allows ingestion of Silverfort events and logging into Microsoft Sentinel.\n Silverfort provides syslog based events and logging using Common Event Format (CEF). By forwarding your Silverfort ITDR Admin Console CEF data into Microsoft Sentinel, you can take advantage of Sentinels's search & correlation, alerting, and threat intelligence enrichment on Silverfort data. \n Please contact Silverfort or consult the Silverfort documentation for more information.",
                  "graphQueries": [
                    {
                      "metricName": "Total data received",
                      "legend": "Silverfort Inc.",
                      "baseQuery": "CommonSecurityLog\n| where DeviceVendor == \"Silverfort\"\n| where DeviceProduct == \"Admin Console\""
                    }
                  ],
                  "sampleQueries": [
                    {
                      "description": "Get all User Brute Force incidents",
                      "query": "CommonSecurityLog \n  | where DeviceVendor has 'Silverfort'\n  | where DeviceProduct has 'Admin Console'\n  | where DeviceEventClassID == \"NewIncident\"\n  | where Message has \"UserBruteForce\"\n"
                    }
                  ],
                  "dataTypes": [
                    {
                      "name": "CommonSecurityLog (DATATYPE_NAME)",
                      "lastDataReceivedQuery": "CommonSecurityLog\n| where DeviceVendor == \"Silverfort\"\n| where DeviceProduct == \"Admin Console\"\n| summarize Time = max(TimeGenerated)\n| where isnotempty(Time)"
                    }
                  ],
                  "connectivityCriterias": [
                    {
                      "type": "IsConnectedQuery",
                      "value": [
                        "CommonSecurityLog\n| where DeviceVendor == \"Silverfort\"\n| where DeviceProduct == \"Admin Console\"\n| summarize LastLogReceived = max(TimeGenerated)\n| project IsConnected = LastLogReceived > ago(30d)"
                      ]
                    }
                  ],
                  "availability": {
                    "status": 1,
                    "isPreview": false
                  },
                  "permissions": {
                    "resourceProvider": [
                      {
                        "provider": "Microsoft.OperationalInsights/workspaces",
                        "permissionsDisplayText": "read and write permissions are required.",
                        "providerDisplayName": "Workspace",
                        "scope": "Workspace",
                        "requiredPermissions": {
                          "read": true,
                          "write": true,
                          "delete": true
                        }
                      },
                      {
                        "provider": "Microsoft.OperationalInsights/workspaces/sharedKeys",
                        "permissionsDisplayText": "read permissions to shared keys for the workspace are required. [See the documentation to learn more about workspace keys](https://docs.microsoft.com/azure/azure-monitor/platform/agent-windows#obtain-workspace-id-and-key).",
                        "providerDisplayName": "Keys",
                        "scope": "Workspace",
                        "requiredPermissions": {
                          "action": true
                        }
                      }
                    ]
                  },
                  "instructionSteps": [
                    {
                      "description": "Install and configure the Linux agent to collect your Common Event Format (CEF) Syslog messages and forward them to Azure Sentinel.\n\n> Notice that the data from all regions will be stored in the selected workspace",
                      "innerSteps": [
                        {
                          "title": "1.1 Select or create a Linux machine",
                          "description": "Select or create a Linux machine that Azure Sentinel will use as the proxy between your security solution and Azure Sentinel this machine can be on your on-prem environment, Azure or other clouds."
                        },
                        {
                          "title": "1.2 Install the CEF collector on the Linux machine",
                          "description": "Install the Microsoft Monitoring Agent on your Linux machine and configure the machine to listen on the necessary port and forward messages to your Azure Sentinel workspace. The CEF collector collects CEF messages on port 514 TCP.\n\n> 1. Make sure that you have Python on your machine using the following command: python -version.\n\n> 2. You must have elevated permissions (sudo) on your machine.",
                          "instructions": [
                            {
                              "parameters": {
                                "fillWith": [
                                  "WorkspaceId",
                                  "PrimaryKey"
                                ],
                                "label": "Run the following command to install and apply the CEF collector:",
                                "value": "sudo wget -O cef_installer.py https://raw.githubusercontent.com/Azure/Azure-Sentinel/master/DataConnectors/CEF/cef_installer.py&&sudo python cef_installer.py {0} {1}"
                              },
                              "type": "CopyableLabel"
                            }
                          ]
                        }
                      ],
                      "title": "1. Linux Syslog agent configuration"
                    },
                    {
                      "description": "Set your security solution to send Syslog messages in CEF format to the proxy machine. Make sure you to send the logs to port 514 TCP on the machine's IP address.",
                      "title": "2. Forward Common Event Format (CEF) logs to Syslog agent"
                    },
                    {
                      "description": "Follow the instructions to validate your connectivity:\n\nOpen Log Analytics to check if the logs are received using the CommonSecurityLog schema.\n\n>It may take about 20 minutes until the connection streams data to your workspace.\n\nIf the logs are not received, run the following connectivity validation script:\n\n> 1. Make sure that you have Python on your machine using the following command: python -version\n\n>2. You must have elevated permissions (sudo) on your machine",
                      "instructions": [
                        {
                          "parameters": {
                            "fillWith": [
                              "WorkspaceId"
                            ],
                            "label": "Run the following command to validate your connectivity:",
                            "value": "sudo wget  -O cef_troubleshoot.py https://raw.githubusercontent.com/Azure/Azure-Sentinel/master/DataConnectors/CEF/cef_troubleshoot.py&&sudo python cef_troubleshoot.py  {0}"
                          },
                          "type": "CopyableLabel"
                        }
                      ],
                      "title": "3. Validate connection"
                    },
                    {
                      "description": "Make sure to configure the machine's security according to your organization's security policy\n\n\n[Learn more >](https://aka.ms/SecureCEF)",
                      "title": "4. Secure your machine "
                    }
                  ],
                  "metadata": {
                    "id": "Unique Identifier (GUID) used to identify dependencies and content from solutions or community.",
                    "version": "4.8.x",
                    "kind": "dataConnector",
                    "source": {
                      "kind": "solution",
                      "name": "Silverfort"
                    },
                    "author": {
                      "name": "Mark Weeks - Technical Alliances Team"
                    },
                    "support": {
                      "tier": "developer",
                      "name": "Silverfort",
                      "email": "support@silverfort.com",
                      "link": "https://silverfort.com"
                    }
                  }
                }
              }
            },
            {
              "type": "Microsoft.OperationalInsights/workspaces/providers/metadata",
              "apiVersion": "2023-04-01-preview",
              "name": "[concat(parameters('workspace'),'/Microsoft.SecurityInsights/',concat('DataConnector-', last(split(variables('_dataConnectorId1'),'/'))))]",
              "properties": {
                "parentId": "[extensionResourceId(resourceId('Microsoft.OperationalInsights/workspaces', parameters('workspace')), 'Microsoft.SecurityInsights/dataConnectors', variables('_dataConnectorContentId1'))]",
                "contentId": "[variables('_dataConnectorContentId1')]",
                "kind": "DataConnector",
                "version": "[variables('dataConnectorVersion1')]",
                "source": {
                  "kind": "Solution",
                  "name": "Silverfort",
                  "sourceId": "[variables('_solutionId')]"
                },
                "author": {
                  "name": "Silverfort"
                },
                "support": {
                  "name": "Silverfort",
                  "email": "support@silverfort.com",
                  "tier": "Partner",
                  "link": "https://www.silverfort.com/customer-success/#support"
                }
              }
            }
          ]
        },
        "packageKind": "Solution",
        "packageVersion": "[variables('_solutionVersion')]",
        "packageName": "[variables('_solutionName')]",
        "packageId": "[variables('_solutionId')]",
        "contentSchemaVersion": "3.0.0",
        "contentId": "[variables('_dataConnectorContentId1')]",
        "contentKind": "DataConnector",
        "displayName": "Silverfort Admin Console",
        "contentProductId": "[variables('_dataConnectorcontentProductId1')]",
        "id": "[variables('_dataConnectorcontentProductId1')]",
        "version": "[variables('dataConnectorVersion1')]"
      }
    },
    {
      "type": "Microsoft.OperationalInsights/workspaces/providers/metadata",
      "apiVersion": "2023-04-01-preview",
      "name": "[concat(parameters('workspace'),'/Microsoft.SecurityInsights/',concat('DataConnector-', last(split(variables('_dataConnectorId1'),'/'))))]",
      "dependsOn": [
        "[variables('_dataConnectorId1')]"
      ],
      "location": "[parameters('workspace-location')]",
      "properties": {
        "parentId": "[extensionResourceId(resourceId('Microsoft.OperationalInsights/workspaces', parameters('workspace')), 'Microsoft.SecurityInsights/dataConnectors', variables('_dataConnectorContentId1'))]",
        "contentId": "[variables('_dataConnectorContentId1')]",
        "kind": "DataConnector",
        "version": "[variables('dataConnectorVersion1')]",
        "source": {
          "kind": "Solution",
          "name": "Silverfort",
          "sourceId": "[variables('_solutionId')]"
        },
        "author": {
          "name": "Silverfort"
        },
        "support": {
          "name": "Silverfort",
          "email": "support@silverfort.com",
          "tier": "Partner",
          "link": "https://www.silverfort.com/customer-success/#support"
        }
      }
    },
    {
      "name": "[concat(parameters('workspace'),'/Microsoft.SecurityInsights/',variables('_dataConnectorContentId1'))]",
      "apiVersion": "2021-03-01-preview",
      "type": "Microsoft.OperationalInsights/workspaces/providers/dataConnectors",
      "location": "[parameters('workspace-location')]",
      "kind": "GenericUI",
      "properties": {
        "connectorUiConfig": {
          "title": "Silverfort Admin Console",
          "publisher": "Silverfort",
          "descriptionMarkdown": "The [Silverfort](https://silverfort.com) ITDR Admin Console connector solution allows ingestion of Silverfort events and logging into Microsoft Sentinel.\n Silverfort provides syslog based events and logging using Common Event Format (CEF). By forwarding your Silverfort ITDR Admin Console CEF data into Microsoft Sentinel, you can take advantage of Sentinels's search & correlation, alerting, and threat intelligence enrichment on Silverfort data. \n Please contact Silverfort or consult the Silverfort documentation for more information.",
          "graphQueries": [
            {
              "metricName": "Total data received",
              "legend": "Silverfort Inc.",
              "baseQuery": "CommonSecurityLog\n| where DeviceVendor == \"Silverfort\"\n| where DeviceProduct == \"Admin Console\""
            }
          ],
          "dataTypes": [
            {
              "name": "CommonSecurityLog (DATATYPE_NAME)",
              "lastDataReceivedQuery": "CommonSecurityLog\n| where DeviceVendor == \"Silverfort\"\n| where DeviceProduct == \"Admin Console\"\n| summarize Time = max(TimeGenerated)\n| where isnotempty(Time)"
            }
          ],
          "connectivityCriterias": [
            {
              "type": "IsConnectedQuery",
              "value": [
                "CommonSecurityLog\n| where DeviceVendor == \"Silverfort\"\n| where DeviceProduct == \"Admin Console\"\n| summarize LastLogReceived = max(TimeGenerated)\n| project IsConnected = LastLogReceived > ago(30d)"
              ]
            }
          ],
          "sampleQueries": [
            {
              "description": "Get all User Brute Force incidents",
              "query": "CommonSecurityLog \n  | where DeviceVendor has 'Silverfort'\n  | where DeviceProduct has 'Admin Console'\n  | where DeviceEventClassID == \"NewIncident\"\n  | where Message has \"UserBruteForce\"\n"
            }
          ],
          "availability": {
            "status": 1,
            "isPreview": false
          },
          "permissions": {
            "resourceProvider": [
              {
                "provider": "Microsoft.OperationalInsights/workspaces",
                "permissionsDisplayText": "read and write permissions are required.",
                "providerDisplayName": "Workspace",
                "scope": "Workspace",
                "requiredPermissions": {
                  "read": true,
                  "write": true,
                  "delete": true
                }
              },
              {
                "provider": "Microsoft.OperationalInsights/workspaces/sharedKeys",
                "permissionsDisplayText": "read permissions to shared keys for the workspace are required. [See the documentation to learn more about workspace keys](https://docs.microsoft.com/azure/azure-monitor/platform/agent-windows#obtain-workspace-id-and-key).",
                "providerDisplayName": "Keys",
                "scope": "Workspace",
                "requiredPermissions": {
                  "action": true
                }
              }
            ]
          },
          "instructionSteps": [
            {
              "description": "Install and configure the Linux agent to collect your Common Event Format (CEF) Syslog messages and forward them to Azure Sentinel.\n\n> Notice that the data from all regions will be stored in the selected workspace",
              "innerSteps": [
                {
                  "title": "1.1 Select or create a Linux machine",
                  "description": "Select or create a Linux machine that Azure Sentinel will use as the proxy between your security solution and Azure Sentinel this machine can be on your on-prem environment, Azure or other clouds."
                },
                {
                  "title": "1.2 Install the CEF collector on the Linux machine",
                  "description": "Install the Microsoft Monitoring Agent on your Linux machine and configure the machine to listen on the necessary port and forward messages to your Azure Sentinel workspace. The CEF collector collects CEF messages on port 514 TCP.\n\n> 1. Make sure that you have Python on your machine using the following command: python -version.\n\n> 2. You must have elevated permissions (sudo) on your machine.",
                  "instructions": [
                    {
                      "parameters": {
                        "fillWith": [
                          "WorkspaceId",
                          "PrimaryKey"
                        ],
                        "label": "Run the following command to install and apply the CEF collector:",
                        "value": "sudo wget -O cef_installer.py https://raw.githubusercontent.com/Azure/Azure-Sentinel/master/DataConnectors/CEF/cef_installer.py&&sudo python cef_installer.py {0} {1}"
                      },
                      "type": "CopyableLabel"
                    }
                  ]
                }
              ],
              "title": "1. Linux Syslog agent configuration"
            },
            {
              "description": "Set your security solution to send Syslog messages in CEF format to the proxy machine. Make sure you to send the logs to port 514 TCP on the machine's IP address.",
              "title": "2. Forward Common Event Format (CEF) logs to Syslog agent"
            },
            {
              "description": "Follow the instructions to validate your connectivity:\n\nOpen Log Analytics to check if the logs are received using the CommonSecurityLog schema.\n\n>It may take about 20 minutes until the connection streams data to your workspace.\n\nIf the logs are not received, run the following connectivity validation script:\n\n> 1. Make sure that you have Python on your machine using the following command: python -version\n\n>2. You must have elevated permissions (sudo) on your machine",
              "instructions": [
                {
                  "parameters": {
                    "fillWith": [
                      "WorkspaceId"
                    ],
                    "label": "Run the following command to validate your connectivity:",
                    "value": "sudo wget  -O cef_troubleshoot.py https://raw.githubusercontent.com/Azure/Azure-Sentinel/master/DataConnectors/CEF/cef_troubleshoot.py&&sudo python cef_troubleshoot.py  {0}"
                  },
                  "type": "CopyableLabel"
                }
              ],
              "title": "3. Validate connection"
            },
            {
              "description": "Make sure to configure the machine's security according to your organization's security policy\n\n\n[Learn more >](https://aka.ms/SecureCEF)",
              "title": "4. Secure your machine "
            }
          ],
          "id": "[variables('_uiConfigId1')]"
        }
      }
    },
    {
      "type": "Microsoft.OperationalInsights/workspaces/providers/contentPackages",
      "apiVersion": "2023-04-01-preview",
      "location": "[parameters('workspace-location')]",
      "properties": {
        "version": "3.0.0",
        "kind": "Solution",
        "contentSchemaVersion": "3.0.0",
        "displayName": "Silverfort",
        "publisherDisplayName": "Silverfort",
        "descriptionHtml": "<p><strong>Note:</strong> Please refer to the following before installing the solution:</p>\n<p>• Review the solution <a href=\"https://github.com/Azure/Azure-Sentinel/tree/master/Solutions/Silverfort/ReleaseNotes.md\">Release Notes</a></p>\n<p>• There may be <a href=\"https://aka.ms/sentinelsolutionsknownissues\">known issues</a> pertaining to this Solution, please refer to them before installing.</p>\n<p>The <a href=\"https://silverfort.com\">Silverfort</a> ITDR Admin Console connector solution allows ingestion of Silverfort events and logging into Microsoft Sentinel.\nSilverfort provides syslog based events and logging using Common Event Format (CEF). By forwarding your Silverfort ITDR Admin Console CEF data into Microsoft Sentinel, you can take advantage of Sentinels's search &amp; correlation, alerting, and threat intelligence enrichment on Silverfort data.\nPlease contact Silverfort or consult the Silverfort documentation for more information.://www.agari.com/insights/solution-briefs/agari-brand-protection/), <a href=\"https://www.agari.com/products/phishing-defense/\">Agari Phishing Defense</a>, and <a href=\"https://www.agari.com/products/phishing-response/\">Agari Phishing Response</a>. Leveraging Agari data to enrich and share threat intelligence across multiple applications helps safeguard your entire infrastructure against email threats. For more details about this solution refer to <a href=\"https://www.agari.com/insights/solution-briefs/microsoft-azure-sentinel-integration/\">https://www.agari.com/insights/solution-briefs/microsoft-azure-sentinel-integration/</a></p>\n<p><strong>Underlying Microsoft Technologies used:</strong></p>\n<p>This solution takes a dependency on the following technologies, and some of these dependencies either may be in <a href=\"https://azure.microsoft.com/support/legal/preview-supplemental-terms/\">Preview</a> state or might result in additional ingestion or operational costs:</p>\n<ol type=\"a\">\n<li><a href=\"https://azure.microsoft.com/services/functions/#overview\">Azure Functions</a></li>\n<li><a href=\"https://docs.microsoft.com/azure/azure-monitor/logs/data-collector-api\">Azure Monitor HTTP Data Collector API</a></li>\n<li><a href=\"https://docs.microsoft.com/graph/api/resources/security-api-overview?view=graph-rest-1.0\">Microsoft Security Graph API</a></li>\n</ol>\n<p><strong>Data Connectors:</strong> 1</p>\n<p><a href=\"https://aka.ms/azuresentinel\">Learn more about Microsoft Sentinel</a> | <a href=\"https://aka.ms/azuresentinelsolutionsdoc\">Learn more about Solutions</a></p>\n",
        "contentKind": "Solution",
        "contentProductId": "[variables('_solutioncontentProductId')]",
        "id": "[variables('_solutioncontentProductId')]",
        "icon": "<img src=\"https://raw.githubusercontent.com/Azure/Azure-Sentinel/master/Logos/silverfort-logo.svg\" width=\"168px\" height=\"168px\">",
        "contentId": "[variables('_solutionId')]",
        "parentId": "[variables('_solutionId')]",
        "source": {
          "kind": "Solution",
          "name": "Silverfort",
          "sourceId": "[variables('_solutionId')]"
        },
        "author": {
          "name": "Silverfort"
        },
        "support": {
          "name": "Silverfort",
          "email": "support@silverfort.com",
          "tier": "Partner",
          "link": "https://www.silverfort.com/customer-success/#support"
        },
        "dependencies": {
          "operator": "AND",
          "criteria": [
            {
              "kind": "DataConnector",
              "contentId": "[variables('_dataConnectorContentId1')]",
              "version": "[variables('dataConnectorVersion1')]"
            }
          ]
        },
        "firstPublishDate": "2024-09-01",
        "providers": [
          "Silverfort"
        ],
        "categories": {
          "domains": [
            "Identity"
          ]
        }
      },
      "name": "[concat(parameters('workspace'),'/Microsoft.SecurityInsights/', variables('_solutionId'))]"
    }
  ],
  "outputs": {}
}
