{
  "$schema": "https://schema.management.azure.com/schemas/2019-04-01/deploymentTemplate.json#",
  "contentVersion": "1.0.0.0",
  "metadata": {
    "author": "RSA Security",
    "comments": "Solution template for RSAIDPlus_AdminLogs_Connector"
  },
  "parameters": {
    "location": {
      "type": "string",
      "minLength": 1,
      "defaultValue": "[resourceGroup().location]",
      "metadata": {
        "description": "Not used, but needed to pass arm-ttk test `Location-Should-Not-Be-Hardcoded`.  We instead use the `workspace-location` which is derived from the LA workspace"
      }
    },
    "workspace-location": {
      "type": "string",
      "defaultValue": "",
      "metadata": {
        "description": "[concat('Region to deploy solution resources -- separate from location selection',parameters('location'))]"
      }
    },
    "workspace": {
      "defaultValue": "",
      "type": "string",
      "metadata": {
        "description": "Workspace name for Log Analytics where Microsoft Sentinel is setup"
      }
    },
    "resourceGroupName": {
      "type": "string",
      "defaultValue": "[resourceGroup().name]",
      "metadata": {
        "description": "resource group name where Microsoft Sentinel is setup"
      }
    },
    "subscription": {
      "type": "string",
      "defaultValue": "[last(split(subscription().id, '/'))]",
      "metadata": {
        "description": "subscription id where Microsoft Sentinel is setup"
      }
    }
  },
  "variables": {
    "_solutionName": "RSAIDPlus_AdminLogs_Connector",
    "_solutionVersion": "3.0.0",
    "solutionId": "rsasecurity1687281258544.azure-sentinel-solution-rsa_id_plus_admin_log",
    "_solutionId": "[variables('solutionId')]",
    "analyticRuleObject1": {
      "analyticRuleVersion1": "1.0.0",
      "_analyticRulecontentId1": "488c759d-a82e-44cd-91bb-d766573918d7",
      "analyticRuleId1": "[resourceId('Microsoft.SecurityInsights/AlertRuleTemplates', '488c759d-a82e-44cd-91bb-d766573918d7')]",
      "analyticRuleTemplateSpecName1": "[concat(parameters('workspace'),'/Microsoft.SecurityInsights/',concat(parameters('workspace'),'-ar-',uniquestring('488c759d-a82e-44cd-91bb-d766573918d7')))]",
      "_analyticRulecontentProductId1": "[concat(take(variables('_solutionId'),50),'-','ar','-', uniqueString(concat(variables('_solutionId'),'-','AnalyticsRule','-','488c759d-a82e-44cd-91bb-d766573918d7','-', '1.0.0')))]"
    },
    "workspaceResourceId": "[resourceId('microsoft.OperationalInsights/Workspaces', parameters('workspace'))]",
    "dataConnectorCCPVersion": "1.0.0",
    "_dataConnectorContentIdConnectorDefinition1": "RSAIDPlus_AdmingLogs_Connector",
    "dataConnectorTemplateNameConnectorDefinition1": "[concat(parameters('workspace'),'-dc-',uniquestring(variables('_dataConnectorContentIdConnectorDefinition1')))]",
    "_dataConnectorContentIdConnections1": "RSAIDPlus_AdmingLogs_ConnectorConnections",
    "dataConnectorTemplateNameConnections1": "[concat(parameters('workspace'),'-dc-',uniquestring(variables('_dataConnectorContentIdConnections1')))]",
    "dataCollectionEndpointId1": "[concat('/subscriptions/',parameters('subscription'),'/resourceGroups/',parameters('resourceGroupName'),'/providers/Microsoft.Insights/dataCollectionEndpoints/',parameters('workspace'))]",
    "blanks": "[replace('b', 'b', '')]",
    "SendEmailOnRSAIDPlusAlert": "SendEmailOnRSAIDPlusAlert",
    "_SendEmailOnRSAIDPlusAlert": "[variables('SendEmailOnRSAIDPlusAlert')]",
    "playbookVersion1": "1.0",
    "playbookContentId1": "SendEmailOnRSAIDPlusAlert",
    "_playbookContentId1": "[variables('playbookContentId1')]",
    "playbookId1": "[resourceId('Microsoft.Logic/workflows', variables('playbookContentId1'))]",
    "playbookTemplateSpecName1": "[concat(parameters('workspace'),'/Microsoft.SecurityInsights/',concat(parameters('workspace'),'-pl-',uniquestring(variables('_playbookContentId1'))))]",
    "_playbookcontentProductId1": "[concat(take(variables('_solutionId'),50),'-','pl','-', uniqueString(concat(variables('_solutionId'),'-','Playbook','-',variables('_playbookContentId1'),'-', variables('playbookVersion1'))))]",
    "_solutioncontentProductId": "[concat(take(variables('_solutionId'),50),'-','sl','-', uniqueString(concat(variables('_solutionId'),'-','Solution','-',variables('_solutionId'),'-', variables('_solutionVersion'))))]"
  },
  "resources": [
    {
      "type": "Microsoft.OperationalInsights/workspaces/providers/contentTemplates",
      "apiVersion": "2023-04-01-preview",
      "name": "[variables('analyticRuleObject1').analyticRuleTemplateSpecName1]",
      "location": "[parameters('workspace-location')]",
      "dependsOn": [
        "[extensionResourceId(resourceId('Microsoft.OperationalInsights/workspaces', parameters('workspace')), 'Microsoft.SecurityInsights/contentPackages', variables('_solutionId'))]"
      ],
      "properties": {
        "description": "RSAIDPlus_AdminLockoutAlert_AnalyticalRules Analytics Rule with template version 3.0.0",
        "mainTemplate": {
          "$schema": "https://schema.management.azure.com/schemas/2019-04-01/deploymentTemplate.json#",
          "contentVersion": "[variables('analyticRuleObject1').analyticRuleVersion1]",
          "parameters": {},
          "variables": {},
          "resources": [
            {
              "type": "Microsoft.SecurityInsights/AlertRuleTemplates",
              "name": "[variables('analyticRuleObject1')._analyticRulecontentId1]",
              "apiVersion": "2023-02-01-preview",
              "kind": "Scheduled",
              "location": "[parameters('workspace-location')]",
              "properties": {
                "description": "Raises an alert when an admin account is locked out of the Admin console (RSAIDPlus Admin Events).",
                "displayName": "RSA ID Plus - Locked Administrator Account Detected",
                "enabled": false,
                "query": "RSAIDPlus_AdminLogs_CL\n|where activityKey == 'LOCKED_ADMIN_ACCOUNT'\n|project TimeGenerated, customerName, adminUserName, adminUserRole, activityKey, sourceIPAddress\n",
                "queryFrequency": "PT30M",
                "queryPeriod": "P1D",
                "severity": "Medium",
                "suppressionDuration": "PT1H",
                "suppressionEnabled": false,
                "triggerOperator": "GreaterThan",
                "triggerThreshold": 0,
                "status": "Available",
                "requiredDataConnectors": [
                  {
                    "connectorId": "RSAIDPlus_AdminLogs_Connector",
                    "dataTypes": [
                      "RSAIDPlus_AdminLogs_CL"
                    ]
                  }
                ],
                "tactics": [
                  "Impact",
                  "CredentialAccess"
                ],
                "entityMappings": [
                  {
                    "fieldMappings": [
                      {
                        "columnName": "sourceIPAddress",
                        "identifier": "Address"
                      }
                    ],
                    "entityType": "IP"
                  },
                  {
                    "fieldMappings": [
                      {
                        "columnName": "adminUserName",
                        "identifier": "Name"
                      }
                    ],
                    "entityType": "Account"
                  },
                  {
                    "fieldMappings": [
                      {
                        "columnName": "customerName",
                        "identifier": "HostName"
                      }
                    ],
                    "entityType": "Host"
                  }
                ],
                "eventGroupingSettings": {
                  "aggregationKind": "SingleAlert"
                },
                "customDetails": {
                  "Customer_Name": "customerName",
                  "Administrator": "adminUserName",
                  "Administrator_Type": "adminUserRole",
                  "Activity": "activityKey"
                },
                "alertDetailsOverride": {
                  "alertDisplayNameFormat": "RSA ID Plus Administrator - {{{adminUserName}} is locked out.",
                  "alertDescriptionFormat": "Administrator - {{{adminUserName}} with Role - {{{adminUserRole}} got locked out of Admin Console at: {{{TimeGenerated}}"
                },
                "incidentConfiguration": {
                  "groupingConfiguration": {
                    "reopenClosedIncident": false,
                    "lookbackDuration": "2h",
                    "matchingMethod": "AllEntities",
                    "enabled": true
                  },
                  "createIncident": true
                }
              }
            },
            {
              "type": "Microsoft.OperationalInsights/workspaces/providers/metadata",
              "apiVersion": "2022-01-01-preview",
              "name": "[concat(parameters('workspace'),'/Microsoft.SecurityInsights/',concat('AnalyticsRule-', last(split(variables('analyticRuleObject1').analyticRuleId1,'/'))))]",
              "properties": {
                "description": "RSAIDPlus_AdminLogs_Connector Analytics Rule 1",
                "parentId": "[variables('analyticRuleObject1').analyticRuleId1]",
                "contentId": "[variables('analyticRuleObject1')._analyticRulecontentId1]",
                "kind": "AnalyticsRule",
                "version": "[variables('analyticRuleObject1').analyticRuleVersion1]",
                "source": {
                  "kind": "Solution",
                  "name": "RSAIDPlus_AdminLogs_Connector",
                  "sourceId": "[variables('_solutionId')]"
                },
                "author": {
                  "name": "RSA Security"
                },
                "support": {
                  "name": "RSA Support Team",
                  "email": "support@rsa.com",
                  "tier": "Partner",
                  "link": "https://community.rsa.com/"
                }
              }
            }
          ]
        },
        "packageKind": "Solution",
        "packageVersion": "[variables('_solutionVersion')]",
        "packageName": "[variables('_solutionName')]",
        "packageId": "[variables('_solutionId')]",
        "contentSchemaVersion": "3.0.0",
        "contentId": "[variables('analyticRuleObject1')._analyticRulecontentId1]",
        "contentKind": "AnalyticsRule",
        "displayName": "RSA ID Plus - Locked Administrator Account Detected",
        "contentProductId": "[variables('analyticRuleObject1')._analyticRulecontentProductId1]",
        "id": "[variables('analyticRuleObject1')._analyticRulecontentProductId1]",
        "version": "[variables('analyticRuleObject1').analyticRuleVersion1]"
      }
    },
    {
      "type": "Microsoft.OperationalInsights/workspaces/providers/contentTemplates",
      "apiVersion": "2023-04-01-preview",
      "name": "[concat(parameters('workspace'),'/Microsoft.SecurityInsights/', variables('dataConnectorTemplateNameConnectorDefinition1'), variables('dataConnectorCCPVersion'))]",
      "location": "[parameters('workspace-location')]",
      "dependsOn": [
        "[extensionResourceId(resourceId('Microsoft.OperationalInsights/workspaces', parameters('workspace')), 'Microsoft.SecurityInsights/contentPackages', variables('_solutionId'))]"
      ],
      "properties": {
        "contentId": "[variables('_dataConnectorContentIdConnectorDefinition1')]",
        "displayName": "RSA ID Plus Admin Logs Connector",
        "contentKind": "DataConnector",
        "mainTemplate": {
          "$schema": "https://schema.management.azure.com/schemas/2019-04-01/deploymentTemplate.json#",
          "contentVersion": "[variables('dataConnectorCCPVersion')]",
          "parameters": {},
          "variables": {},
          "resources": [
            {
              "name": "[concat(parameters('workspace'),'/Microsoft.SecurityInsights/',variables('_dataConnectorContentIdConnectorDefinition1'))]",
              "apiVersion": "2022-09-01-preview",
              "type": "Microsoft.OperationalInsights/workspaces/providers/dataConnectorDefinitions",
              "location": "[parameters('workspace-location')]",
              "kind": "Customizable",
              "properties": {
                "connectorUiConfig": {
                  "id": "RSAIDPlus_AdmingLogs_Connector",
                  "title": "RSA ID Plus Admin Logs Connector",
                  "publisher": "RSA",
                  "descriptionMarkdown": "The RSA ID Plus AdminLogs Connector provides the capability to ingest [Cloud Admin Console Audit Events](https://community.rsa.com/s/article/Cloud-Administration-Event-Log-API-5d22ba17) into Microsoft Sentinel using Cloud Admin APIs.",
                  "graphQueriesTableName": "RSAIDPlus_AdminLogs_CL",
                  "graphQueries": [
                    {
                      "metricName": "Events Received",
                      "legend": "RSA ID Plus Admin Activity Events Received",
                      "baseQuery": "{{graphQueriesTableName}}"
                    }
                  ],
                  "sampleQueries": [
                    {
                      "description": "All RSA ID Plus Admin Activity Logs",
                      "query": "{{graphQueriesTableName}}\n| sort by TimeGenerated desc"
                    },
                    {
                      "description": "Total Events",
                      "query": "{{graphQueriesTableName}}\n| summarize count() by eventId"
                    }
                  ],
                  "dataTypes": [
                    {
                      "name": "{{graphQueriesTableName}}",
                      "lastDataReceivedQuery": "{{graphQueriesTableName}}\n| summarize Time = max(TimeGenerated)\n| where isnoempty(Time)"
                    }
                  ],
                  "connectivityCriteria": [
                    {
                      "type": "HasDataConnectors"
                    }
                  ],
                  "defaultDataCollectionConfiguration": {
                    "dataCollectionEndpoint": "{{dataCollectionEndpoint}}",
                    "dataCollectionRuleImmutableId": "{{dataCollectionRuleImmutableId}}"
                  },
                  "permissions": {
                    "resourceProvider": [
                      {
                        "provider": "Microsoft.OperationalInsights/workspaces",
                        "permissionsDisplayText": "Read and Write permissions are required.",
                        "providerDisplayName": "Workspace",
                        "scope": "Workspace",
                        "requiredPermissions": {
                          "write": true,
                          "read": true,
                          "delete": true
                        }
                      }
                    ],
                    "customs": [
                      {
                        "name": "RSA ID Plus API Authentication",
                        "description": "To access the Admin APIs, a valid Base64URL encoded JWT token, signed with the client's Legacy Administration API key is required."
                      }
                    ]
                  },
                  "instructionSteps": [
                    {
                      "description": ">**NOTE:** This connector uses Codeless Connector Framework (CCF) to connect to the RSA ID Plus Cloud Admin APIs to pull logs into Microsoft Sentinel."
                    },
                    {
                      "title": "**STEP 1** - Create Legacy Admin API Client in Cloud Admin Console.",
                      "description": "Follow steps mentioned in this [page](https://community.rsa.com/s/article/Manage-Legacy-Clients-API-Keys-a89c9cbc#)."
                    },
                    {
                      "title": "**STEP 2** - Generate the Base64URL encoded JWT Token.",
                      "description": "Follow the steps mentioned in this [page](https://community.rsa.com/s/article/Authentication-for-the-Cloud-Administration-APIs-a04e3fb9) under the header 'Legacy Administration API'."
                    },
                    {
                      "title": "**STEP 3** - Configure the Cloud Admin API to start ingesting Admin event logs into Microsoft Sentinel.",
                      "description": "Provide the required values below:\n",
                      "instructions": [
                        {
                          "type": "Textbox",
                          "parameters": {
                            "label": "Admin API URL",
                            "placeholder": "https://<tenantName>.access.securid.com/AdminInterface/restapi/v1/adminlog/exportLogs",
                            "type": "text",
                            "name": "Admin-API-URL"
                          }
                        },
                        {
                          "type": "Textbox",
                          "parameters": {
                            "label": "JWT Token",
                            "placeholder": "Enter your JWT Token",
                            "type": "password",
                            "name": "access_token"
                          }
                        }
                      ]
                    },
                    {
                      "title": "**STEP 4** - Click Connect",
                      "description": "Verify all the fields above were filled in correctly. Press Connect to start the connector.",
                      "instructions": [
                        {
                          "type": "ConnectionToggleButton",
                          "parameters": {
                            "connectLabel": "Connect",
                            "name": "connect"
                          }
                        }
                      ]
                    }
                  ]
                }
              }
            },
            {
              "name": "[concat(parameters('workspace'),'/Microsoft.SecurityInsights/',concat('DataConnector-', variables('_dataConnectorContentIdConnectorDefinition1')))]",
              "apiVersion": "2022-01-01-preview",
              "type": "Microsoft.OperationalInsights/workspaces/providers/metadata",
              "properties": {
                "parentId": "[extensionResourceId(resourceId('Microsoft.OperationalInsights/workspaces', parameters('workspace')), 'Microsoft.SecurityInsights/dataConnectorDefinitions', variables('_dataConnectorContentIdConnectorDefinition1'))]",
                "contentId": "[variables('_dataConnectorContentIdConnectorDefinition1')]",
                "kind": "DataConnector",
                "version": "[variables('dataConnectorCCPVersion')]",
                "source": {
                  "sourceId": "[variables('_solutionId')]",
                  "name": "[variables('_solutionName')]",
                  "kind": "Solution"
                },
                "author": {
                  "name": "RSA Security"
                },
                "support": {
                  "name": "RSA Support Team",
                  "email": "support@rsa.com",
                  "tier": "Partner",
                  "link": "https://community.rsa.com/"
                },
                "dependencies": {
                  "criteria": [
                    {
                      "version": "[variables('dataConnectorCCPVersion')]",
                      "contentId": "[variables('_dataConnectorContentIdConnections1')]",
                      "kind": "ResourcesDataConnector"
                    }
                  ]
                }
              }
            },
            {
              "name": "RSAIDPlus_AdminLogs_DCR",
              "apiVersion": "2022-06-01",
              "type": "Microsoft.Insights/dataCollectionRules",
              "location": "[parameters('workspace-location')]",
              "kind": "[variables('blanks')]",
              "properties": {
                "dataCollectionEndpointId": "[variables('dataCollectionEndpointId1')]",
                "streamDeclarations": {
                  "Custom-RSAIDPlus_AdminLogs_CL": {
                    "columns": [
                      {
                        "name": "eventId",
                        "type": "long"
                      },
                      {
                        "name": "eventLogDate",
                        "type": "datetime"
                      },
                      {
                        "name": "eventType",
                        "type": "string"
                      },
                      {
                        "name": "serverURL",
                        "type": "string"
                      },
                      {
                        "name": "serverIPAddress",
                        "type": "string"
                      },
                      {
                        "name": "application",
                        "type": "string"
                      },
                      {
                        "name": "customerId",
                        "type": "int"
                      },
                      {
                        "name": "customerName",
                        "type": "string"
                      },
                      {
                        "name": "sourceIPAddress",
                        "type": "string"
                      },
                      {
                        "name": "adminUserName",
                        "type": "string"
                      },
                      {
                        "name": "adminUserRole",
                        "type": "string"
                      },
                      {
                        "name": "activityKey",
                        "type": "string"
                      },
                      {
                        "name": "activityCode",
                        "type": "int"
                      },
                      {
                        "name": "result",
                        "type": "string"
                      },
                      {
                        "name": "reasonKey",
                        "type": "string"
                      },
                      {
                        "name": "message",
                        "type": "string"
                      },
                      {
                        "name": "requiresPublish",
                        "type": "boolean"
                      },
                      {
                        "name": "targetObject1Id",
                        "type": "dynamic"
                      },
                      {
                        "name": "targetObject1Name",
                        "type": "dynamic"
                      },
                      {
                        "name": "targetObject1Type",
                        "type": "dynamic"
                      },
                      {
                        "name": "targetObject2Id",
                        "type": "dynamic"
                      },
                      {
                        "name": "targetObject2Name",
                        "type": "dynamic"
                      },
                      {
                        "name": "targetObject2Type",
                        "type": "dynamic"
                      }
                    ]
                  }
                },
                "destinations": {
                  "logAnalytics": [
                    {
                      "workspaceResourceId": "[variables('workspaceResourceId')]",
                      "name": "clv2ws1"
                    }
                  ]
                },
                "dataFlows": [
                  {
                    "streams": [
                      "Custom-RSAIDPlus_AdminLogs_CL"
                    ],
                    "destinations": [
                      "clv2ws1"
                    ],
                    "transformKql": "source\n| extend TimeGenerated = todatetime(eventLogDate)\n| project-away eventLogDate\n",
                    "outputStream": "Custom-RSAIDPlus_AdminLogs_CL"
                  }
                ]
              }
            },
            {
              "name": "RSAIDPlus_AdminLogs_CL",
              "apiVersion": "2022-10-01",
              "type": "Microsoft.OperationalInsights/workspaces/tables",
              "location": "[parameters('workspace-location')]",
              "kind": null,
              "properties": {
                "schema": {
                  "name": "RSAIDPlus_AdminLogs_CL",
                  "description": "This table is used to store the admin audit event data.",
                  "columns": [
                    {
                      "isDefaultDisplay": false,
                      "isHidden": false,
                      "name": "activityCode",
                      "type": "int"
                    },
                    {
                      "isDefaultDisplay": false,
                      "isHidden": false,
                      "name": "activityKey",
                      "type": "string"
                    },
                    {
                      "isDefaultDisplay": false,
                      "isHidden": false,
                      "name": "adminUserName",
                      "type": "string"
                    },
                    {
                      "isDefaultDisplay": false,
                      "isHidden": false,
                      "name": "adminUserRole",
                      "type": "string"
                    },
                    {
                      "isDefaultDisplay": false,
                      "isHidden": false,
                      "name": "application",
                      "type": "string"
                    },
                    {
                      "isDefaultDisplay": false,
                      "isHidden": false,
                      "name": "customerId",
                      "type": "int"
                    },
                    {
                      "isDefaultDisplay": false,
                      "isHidden": false,
                      "name": "eventId",
                      "type": "long"
                    },
                    {
                      "isDefaultDisplay": false,
                      "isHidden": false,
                      "name": "eventType",
                      "type": "string"
                    },
                    {
                      "isDefaultDisplay": false,
                      "isHidden": false,
                      "name": "message",
                      "type": "string"
                    },
                    {
                      "isDefaultDisplay": false,
                      "isHidden": false,
                      "name": "reasonKey",
                      "type": "string"
                    },
                    {
                      "isDefaultDisplay": false,
                      "isHidden": false,
                      "name": "requiresPublish",
                      "type": "boolean"
                    },
                    {
                      "isDefaultDisplay": false,
                      "isHidden": false,
                      "name": "result",
                      "type": "string"
                    },
                    {
                      "isDefaultDisplay": false,
                      "isHidden": false,
                      "name": "serverIPAddress",
                      "type": "string"
                    },
                    {
                      "isDefaultDisplay": false,
                      "isHidden": false,
                      "name": "serverURL",
                      "type": "string"
                    },
                    {
                      "isDefaultDisplay": false,
                      "isHidden": false,
                      "name": "sourceIPAddress",
                      "type": "string"
                    },
                    {
                      "isDefaultDisplay": false,
                      "isHidden": false,
                      "name": "targetObject1Id",
                      "type": "dynamic"
                    },
                    {
                      "isDefaultDisplay": false,
                      "isHidden": false,
                      "name": "targetObject1Name",
                      "type": "dynamic"
                    },
                    {
                      "isDefaultDisplay": false,
                      "isHidden": false,
                      "name": "targetObject1Type",
                      "type": "dynamic"
                    },
                    {
                      "isDefaultDisplay": false,
                      "isHidden": false,
                      "name": "targetObject2Id",
                      "type": "dynamic"
                    },
                    {
                      "isDefaultDisplay": false,
                      "isHidden": false,
                      "name": "targetObject2Name",
                      "type": "dynamic"
                    },
                    {
                      "isDefaultDisplay": false,
                      "isHidden": false,
                      "name": "targetObject2Type",
                      "type": "dynamic"
                    },
                    {
                      "isDefaultDisplay": false,
                      "isHidden": false,
                      "name": "TimeGenerated",
                      "type": "datetime"
                    },
                    {
                      "description": "",
                      "isDefaultDisplay": false,
                      "isHidden": false,
                      "name": "customerName",
                      "type": "string"
                    }
                  ]
                }
              }
            }
          ]
        },
        "packageKind": "Solution",
        "packageVersion": "[variables('_solutionVersion')]",
        "packageName": "[variables('_solutionName')]",
        "contentProductId": "[concat(take(variables('_solutionId'), 50),'-','dc','-', uniqueString(concat(variables('_solutionId'),'-','DataConnector','-',variables('_dataConnectorContentIdConnectorDefinition1'),'-', variables('dataConnectorCCPVersion'))))]",
        "packageId": "[variables('_solutionId')]",
        "contentSchemaVersion": "3.0.0",
        "version": "[variables('dataConnectorCCPVersion')]"
      }
    },
    {
      "name": "[concat(parameters('workspace'),'/Microsoft.SecurityInsights/',variables('_dataConnectorContentIdConnectorDefinition1'))]",
      "apiVersion": "2022-09-01-preview",
      "type": "Microsoft.OperationalInsights/workspaces/providers/dataConnectorDefinitions",
      "location": "[parameters('workspace-location')]",
      "kind": "Customizable",
      "properties": {
        "connectorUiConfig": {
          "id": "RSAIDPlus_AdmingLogs_Connector",
          "title": "RSA ID Plus Admin Logs Connector",
          "publisher": "RSA",
          "descriptionMarkdown": "The RSA ID Plus AdminLogs Connector provides the capability to ingest [Cloud Admin Console Audit Events](https://community.rsa.com/s/article/Cloud-Administration-Event-Log-API-5d22ba17) into Microsoft Sentinel using Cloud Admin APIs.",
          "graphQueriesTableName": "RSAIDPlus_AdminLogs_CL",
          "graphQueries": [
            {
              "metricName": "Events Received",
              "legend": "RSA ID Plus Admin Activity Events Received",
              "baseQuery": "{{graphQueriesTableName}}"
            }
          ],
          "sampleQueries": [
            {
              "description": "All RSA ID Plus Admin Activity Logs",
              "query": "{{graphQueriesTableName}}\n| sort by TimeGenerated desc"
            },
            {
              "description": "Total Events",
              "query": "{{graphQueriesTableName}}\n| summarize count() by eventId"
            }
          ],
          "dataTypes": [
            {
              "name": "{{graphQueriesTableName}}",
              "lastDataReceivedQuery": "{{graphQueriesTableName}}\n| summarize Time = max(TimeGenerated)\n| where isnoempty(Time)"
            }
          ],
          "connectivityCriteria": [
            {
              "type": "HasDataConnectors"
            }
          ],
          "defaultDataCollectionConfiguration": {
            "dataCollectionEndpoint": "{{dataCollectionEndpoint}}",
            "dataCollectionRuleImmutableId": "{{dataCollectionRuleImmutableId}}"
          },
          "permissions": {
            "resourceProvider": [
              {
                "provider": "Microsoft.OperationalInsights/workspaces",
                "permissionsDisplayText": "Read and Write permissions are required.",
                "providerDisplayName": "Workspace",
                "scope": "Workspace",
                "requiredPermissions": {
                  "write": true,
                  "read": true,
                  "delete": true
                }
              }
            ],
            "customs": [
              {
                "name": "RSA ID Plus API Authentication",
                "description": "To access the Admin APIs, a valid Base64URL encoded JWT token, signed with the client's Legacy Administration API key is required."
              }
            ]
          },
          "instructionSteps": [
            {
              "description": ">**NOTE:** This connector uses Codeless Connector Framework (CCF) to connect to the RSA ID Plus Cloud Admin APIs to pull logs into Microsoft Sentinel."
            },
            {
              "title": "**STEP 1** - Create Legacy Admin API Client in Cloud Admin Console.",
              "description": "Follow steps mentioned in this [page](https://community.rsa.com/s/article/Manage-Legacy-Clients-API-Keys-a89c9cbc#)."
            },
            {
              "title": "**STEP 2** - Generate the Base64URL encoded JWT Token.",
              "description": "Follow the steps mentioned in this [page](https://community.rsa.com/s/article/Authentication-for-the-Cloud-Administration-APIs-a04e3fb9) under the header 'Legacy Administration API'."
            },
            {
              "title": "**STEP 3** - Configure the Cloud Admin API to start ingesting Admin event logs into Microsoft Sentinel.",
              "description": "Provide the required values below:\n",
              "instructions": [
                {
                  "type": "Textbox",
                  "parameters": {
                    "label": "Admin API URL",
                    "placeholder": "https://<tenantName>.access.securid.com/AdminInterface/restapi/v1/adminlog/exportLogs",
                    "type": "text",
                    "name": "Admin-API-URL"
                  }
                },
                {
                  "type": "Textbox",
                  "parameters": {
                    "label": "JWT Token",
                    "placeholder": "Enter your JWT Token",
                    "type": "password",
                    "name": "access_token"
                  }
                }
              ]
            },
            {
              "title": "**STEP 4** - Click Connect",
              "description": "Verify all the fields above were filled in correctly. Press Connect to start the connector.",
              "instructions": [
                {
                  "type": "ConnectionToggleButton",
                  "parameters": {
                    "connectLabel": "Connect",
                    "name": "connect"
                  }
                }
              ]
            }
          ]
        }
      }
    },
    {
      "name": "[concat(parameters('workspace'),'/Microsoft.SecurityInsights/',concat('DataConnector-', variables('_dataConnectorContentIdConnectorDefinition1')))]",
      "apiVersion": "2022-01-01-preview",
      "type": "Microsoft.OperationalInsights/workspaces/providers/metadata",
      "properties": {
        "parentId": "[extensionResourceId(resourceId('Microsoft.OperationalInsights/workspaces', parameters('workspace')), 'Microsoft.SecurityInsights/dataConnectorDefinitions', variables('_dataConnectorContentIdConnectorDefinition1'))]",
        "contentId": "[variables('_dataConnectorContentIdConnectorDefinition1')]",
        "kind": "DataConnector",
        "version": "[variables('dataConnectorCCPVersion')]",
        "source": {
          "sourceId": "[variables('_solutionId')]",
          "name": "[variables('_solutionName')]",
          "kind": "Solution"
        },
        "author": {
          "name": "RSA Security"
        },
        "support": {
          "name": "RSA Support Team",
          "email": "support@rsa.com",
          "tier": "Partner",
          "link": "https://community.rsa.com/"
        },
        "dependencies": {
          "criteria": [
            {
              "version": "[variables('dataConnectorCCPVersion')]",
              "contentId": "[variables('_dataConnectorContentIdConnections1')]",
              "kind": "ResourcesDataConnector"
            }
          ]
        }
      }
    },
    {
      "type": "Microsoft.OperationalInsights/workspaces/providers/contentTemplates",
      "apiVersion": "2023-04-01-preview",
      "name": "[concat(parameters('workspace'),'/Microsoft.SecurityInsights/', variables('dataConnectorTemplateNameConnections1'), variables('dataConnectorCCPVersion'))]",
      "location": "[parameters('workspace-location')]",
      "dependsOn": [
        "[extensionResourceId(resourceId('Microsoft.OperationalInsights/workspaces', parameters('workspace')), 'Microsoft.SecurityInsights/contentPackages', variables('_solutionId'))]"
      ],
      "properties": {
        "contentId": "[variables('_dataConnectorContentIdConnections1')]",
        "displayName": "RSA ID Plus Admin Logs Connector",
        "contentKind": "ResourcesDataConnector",
        "mainTemplate": {
          "$schema": "https://schema.management.azure.com/schemas/2019-04-01/deploymentTemplate.json#",
          "contentVersion": "[variables('dataConnectorCCPVersion')]",
          "parameters": {
            "guidValue": {
              "defaultValue": "[[newGuid()]",
              "type": "securestring"
            },
            "innerWorkspace": {
              "defaultValue": "[parameters('workspace')]",
              "type": "securestring"
            },
            "connectorDefinitionName": {
              "defaultValue": "RSA ID Plus Admin Logs Connector",
              "type": "securestring",
              "minLength": 1
            },
            "workspace": {
              "defaultValue": "[parameters('workspace')]",
              "type": "securestring"
            },
            "dcrConfig": {
              "defaultValue": {
                "dataCollectionEndpoint": "data collection Endpoint",
                "dataCollectionRuleImmutableId": "data collection rule immutableId"
              },
              "type": "object"
            },
            "Admin-API-URL": {
              "defaultValue": "Admin-API-URL",
              "type": "securestring",
              "minLength": 1
            },
            "access_token": {
              "defaultValue": "access_token",
              "type": "securestring",
              "minLength": 1
            }
          },
          "variables": {
            "_dataConnectorContentIdConnections1": "[variables('_dataConnectorContentIdConnections1')]"
          },
          "resources": [
            {
              "name": "[concat(parameters('workspace'),'/Microsoft.SecurityInsights/',concat('DataConnector-', variables('_dataConnectorContentIdConnections1')))]",
              "apiVersion": "2022-01-01-preview",
              "type": "Microsoft.OperationalInsights/workspaces/providers/metadata",
              "properties": {
                "parentId": "[extensionResourceId(resourceId('Microsoft.OperationalInsights/workspaces', parameters('workspace')), 'Microsoft.SecurityInsights/dataConnectors', variables('_dataConnectorContentIdConnections1'))]",
                "contentId": "[variables('_dataConnectorContentIdConnections1')]",
                "kind": "ResourcesDataConnector",
                "version": "[variables('dataConnectorCCPVersion')]",
                "source": {
                  "sourceId": "[variables('_solutionId')]",
                  "name": "[variables('_solutionName')]",
                  "kind": "Solution"
                },
                "author": {
                  "name": "RSA Security"
                },
                "support": {
                  "name": "RSA Support Team",
                  "email": "support@rsa.com",
                  "tier": "Partner",
                  "link": "https://community.rsa.com/"
                }
              }
            },
            {
              "name": "[[concat(parameters('innerWorkspace'),'/Microsoft.SecurityInsights/', 'RSAIDPlus_AdminLogs_Poller', parameters('guidValue'))]",
              "apiVersion": "2023-02-01-preview",
              "type": "Microsoft.OperationalInsights/workspaces/providers/dataConnectors",
              "location": "[parameters('workspace-location')]",
              "kind": "RestApiPoller",
              "properties": {
                "connectorDefinitionName": "RSAIDPlus_AdmingLogs_Connector",
                "dataType": "RSAIDPlus_AdminLogs_CL",
                "dcrConfig": {
                  "dataCollectionEndpoint": "[[parameters('dcrConfig').dataCollectionEndpoint]",
                  "dataCollectionRuleImmutableId": "[[parameters('dcrConfig').dataCollectionRuleImmutableId]",
                  "streamName": "Custom-RSAIDPlus_AdminLogs_CL"
                },
                "auth": {
                  "type": "APIKey",
                  "ApiKey": "[[parameters('access_token')]",
                  "ApiKeyName": "Authorization",
                  "ApiKeyIdentifier": "Bearer"
                },
                "request": {
                  "apiEndpoint": "[[parameters('Admin-API-URL')]",
                  "httpMethod": "GET",
                  "headers": {
                    "Accept": "application/json"
                  },
                  "retryCount": 3,
                  "timeoutInSeconds": 60,
                  "queryWindowInMin": 5,
                  "StartTimeAttributeName": "startTimeAfter",
                  "EndTimeAttributeName": "endTimeOnOrBefore"
                },
                "response": {
                  "eventsJsonPaths": [
                    "$.elements"
                  ]
                }
              }
            }
          ]
        },
        "packageKind": "Solution",
        "packageVersion": "[variables('_solutionVersion')]",
        "packageName": "[variables('_solutionName')]",
        "contentProductId": "[concat(take(variables('_solutionId'), 50),'-','rdc','-', uniqueString(concat(variables('_solutionId'),'-','ResourcesDataConnector','-',variables('_dataConnectorContentIdConnections1'),'-', variables('dataConnectorCCPVersion'))))]",
        "packageId": "[variables('_solutionId')]",
        "contentSchemaVersion": "3.0.0",
        "version": "[variables('dataConnectorCCPVersion')]"
      }
    },
    {
      "type": "Microsoft.OperationalInsights/workspaces/providers/contentTemplates",
      "apiVersion": "2023-04-01-preview",
      "name": "[variables('playbookTemplateSpecName1')]",
      "location": "[parameters('workspace-location')]",
      "dependsOn": [
        "[extensionResourceId(resourceId('Microsoft.OperationalInsights/workspaces', parameters('workspace')), 'Microsoft.SecurityInsights/contentPackages', variables('_solutionId'))]"
      ],
      "properties": {
        "description": "SendEmailonRSAIDPlusAlert Playbook with template version 3.0.0",
        "mainTemplate": {
          "$schema": "https://schema.management.azure.com/schemas/2019-04-01/deploymentTemplate.json#",
          "contentVersion": "[variables('playbookVersion1')]",
          "parameters": {
            "PlaybookName": {
              "defaultValue": "SendEmailonRSAIDPlusAlert",
              "type": "string",
              "metadata": {
                "description": "Enter the playbook name."
              }
            },
            "SenderEmailId": {
              "type": "string",
              "metadata": {
                "description": "Enter the sender email id."
              }
            },
            "ReceiverEmailId": {
              "type": "string",
              "metadata": {
                "description": "Enter the receiver email id to receive error mails."
              }
            }
          },
          "variables": {
            "AzureSentinelConnectionName": "[[concat('azuresentinel-', parameters('PlaybookName'))]",
            "o365ConnectionName": "[[concat('o365-', parameters('PlaybookName'))]",
            "connection-1": "[[concat('/subscriptions/', subscription().subscriptionId, '/providers/Microsoft.Web/locations/', variables('workspace-location-inline'), '/managedApis/azuresentinel')]",
            "_connection-1": "[[variables('connection-1')]",
            "connection-2": "[[concat('/subscriptions/', subscription().subscriptionId, '/providers/Microsoft.Web/locations/', variables('workspace-location-inline'), '/managedApis/office365')]",
            "_connection-2": "[[variables('connection-2')]",
            "workspace-location-inline": "[concat('[resourceGroup().locatio', 'n]')]",
            "workspace-name": "[parameters('workspace')]",
            "workspaceResourceId": "[[resourceId('microsoft.OperationalInsights/Workspaces', variables('workspace-name'))]"
          },
          "resources": [
            {
              "type": "Microsoft.Web/connections",
              "apiVersion": "2016-06-01",
              "name": "[[variables('AzureSentinelConnectionName')]",
              "location": "[[variables('workspace-location-inline')]",
              "properties": {
                "displayName": "[[parameters('PlaybookName')]",
                "parameterValueType": "Alternative",
                "api": {
                  "id": "[[variables('_connection-1')]"
                }
              }
            },
            {
              "type": "Microsoft.Web/connections",
              "apiVersion": "2016-06-01",
              "name": "[[variables('o365ConnectionName')]",
              "location": "[[variables('workspace-location-inline')]",
              "properties": {
                "displayName": "[[parameters('PlaybookName')]",
                "api": {
                  "id": "[[variables('_connection-2')]"
                }
              }
            },
            {
              "type": "Microsoft.Logic/workflows",
              "apiVersion": "2017-07-01",
              "name": "[[parameters('PlaybookName')]",
              "location": "[[variables('workspace-location-inline')]",
              "identity": {
                "type": "SystemAssigned"
              },
              "dependsOn": [
                "[[resourceId('Microsoft.Web/connections', variables('AzureSentinelConnectionName'))]",
                "[[resourceId('Microsoft.Web/connections', variables('o365ConnectionName'))]"
              ],
              "properties": {
                "provisioningState": "Succeeded",
                "state": "Enabled",
                "definition": {
                  "$schema": "https://schema.management.azure.com/providers/Microsoft.Logic/schemas/2016-06-01/workflowdefinition.json#",
                  "contentVersion": "1.0.0.0",
                  "parameters": {
                    "$connections": {
                      "type": "Object"
                    },
                    "from": {
                      "defaultValue": "[[parameters('SenderEmailId')]",
                      "type": "String"
                    },
                    "to": {
                      "defaultValue": "[[parameters('ReceiverEmailId')]",
                      "type": "String"
                    }
                  },
                  "triggers": {
                    "Microsoft_Sentinel_alert": {
                      "type": "ApiConnectionWebhook",
                      "inputs": {
                        "host": {
                          "connection": {
                            "name": "@parameters('$connections')['azuresentinel']['connectionId']"
                          }
                        },
                        "body": {
                          "callback_url": "@listCallbackUrl()"
                        },
                        "path": "/subscribe"
                      }
                    }
                  },
                  "actions": {
                    "Send_an_email_(V2)": {
                      "type": "ApiConnection",
                      "inputs": {
                        "host": {
                          "connection": {
                            "name": "@parameters('$connections')['office365']['connectionId']"
                          }
                        },
                        "method": "post",
                        "body": {
                          "To": "@parameters('to')",
                          "Body": "<p>Hello,<br>\n<br>\n@{triggerBody()?['Description']}<br>\n<br>\nThank you</p>",
                          "Subject": "@triggerBody()?['AlertDisplayName']",
                          "From": "@parameters('from')"
                        },
                        "path": "/v2/Mail"
                      }
                    }
                  }
                },
                "parameters": {
                  "$connections": {
                    "value": {
                      "azuresentinel": {
                        "connectionId": "[[resourceId('Microsoft.Web/connections', variables('AzureSentinelConnectionName'))]",
                        "connectionName": "[[variables('AzureSentinelConnectionName')]",
                        "connectionProperties": {
                          "authentication": {
                            "type": "ManagedServiceIdentity"
                          }
                        },
                        "id": "[[concat('/subscriptions/', subscription().subscriptionId, '/providers/Microsoft.Web/locations/', variables('workspace-location-inline'), '/managedApis/azuresentinel')]"
                      },
                      "office365": {
                        "connectionId": "[[resourceId('Microsoft.Web/connections', variables('o365ConnectionName'))]",
                        "connectionName": "[[variables('o365ConnectionName')]",
                        "id": "[[concat('/subscriptions/', subscription().subscriptionId, '/providers/Microsoft.Web/locations/', variables('workspace-location-inline'), '/managedApis/office365')]"
                      }
                    }
                  }
                }
              },
              "tags": {
                "hidden-SentinelWorkspaceId": "[[variables('workspaceResourceId')]"
              }
            },
            {
              "type": "Microsoft.OperationalInsights/workspaces/providers/metadata",
              "apiVersion": "2022-01-01-preview",
              "name": "[concat(parameters('workspace'),'/Microsoft.SecurityInsights/',concat('Playbook-', last(split(variables('playbookId1'),'/'))))]",
              "properties": {
                "parentId": "[variables('playbookId1')]",
                "contentId": "[variables('_playbookContentId1')]",
                "kind": "Playbook",
                "version": "[variables('playbookVersion1')]",
                "source": {
                  "kind": "Solution",
                  "name": "RSAIDPlus_AdminLogs_Connector",
                  "sourceId": "[variables('_solutionId')]"
                },
                "author": {
                  "name": "RSA Security"
                },
                "support": {
                  "name": "RSA Support Team",
                  "email": "support@rsa.com",
                  "tier": "Partner",
                  "link": "https://community.rsa.com/"
                }
              }
            }
          ],
          "metadata": {
            "title": "SendEmailonRSAIDPlusAlert",
            "description": "Sends an email notification when an RSA ID Plus analytic rule triggers. This playbook can be linked via automation rules.",
            "prerequisites": [
              "An O365 account to be used to send email notification. The user account will be used in O365 connector (Send an email)"
            ],
            "postDeployment": [
              "**In Microsoft Sentinel, analytics rules should be configured to trigger an Incident.**",
              "1. Select the **RSAIDPlus_LockedAdminAccount_AnalyticRule** analytic rule you have deployed.",
              "2. Click on **Edit**",
              "3. Go to **Automated response** tab",
              "4. Click on **Add new**",
              "5. Provide name for your rule, In Actions dropdown select **Run playbook**",
              "6. In second dropdown select your deployed playbook",
              "7. Click on **Apply**",
              "8. Save the Analytic rule."
            ],
            "tags": [
              "RSA ID Plus",
              "Email"
            ],
            "lastUpdateTime": "2025-10-23T02:04:08.746Z",
            "releaseNotes": {
              "version": "1.0",
              "title": "[variables('blanks')]",
              "notes": [
                "Initial version"
              ]
            }
          }
        },
        "packageKind": "Solution",
        "packageVersion": "[variables('_solutionVersion')]",
        "packageName": "[variables('_solutionName')]",
        "packageId": "[variables('_solutionId')]",
        "contentSchemaVersion": "3.0.0",
        "contentId": "[variables('_playbookContentId1')]",
        "contentKind": "Playbook",
        "displayName": "SendEmailonRSAIDPlusAlert",
        "contentProductId": "[variables('_playbookcontentProductId1')]",
        "id": "[variables('_playbookcontentProductId1')]",
        "version": "[variables('playbookVersion1')]"
      }
    },
    {
      "type": "Microsoft.OperationalInsights/workspaces/providers/contentPackages",
      "apiVersion": "2023-04-01-preview",
      "location": "[parameters('workspace-location')]",
      "properties": {
        "version": "3.0.0",
        "kind": "Solution",
        "contentSchemaVersion": "3.0.0",
        "displayName": "RSAIDPlus_AdminLogs_Connector",
        "publisherDisplayName": "RSA Support Team",
        "descriptionHtml": "<p><strong>Note:</strong> Please refer to the following before installing the solution:</p>\n<p>• Review the solution <a href=\"https://github.com/Azure/Azure-Sentinel/tree/master/Solutions/RSAIDPlus_AdminLogs_Connector/ReleaseNotes.md\">Release Notes</a></p>\n<p>• There may be <a href=\"https://aka.ms/sentinelsolutionsknownissues\">known issues</a> pertaining to this Solution, please refer to them before installing.</p>\n<p>The RSA ID Plus Admin Logs Data Connector enables seamless integration between RSA ID Plus and Microsoft Sentinel. This connector ingests Admin Events logs from RSA ID Plus Cloud Administration Console using the RSA Admin API and stores them securely in your Azure Log Analytics (ALA) workspace. These logs can then be used for monitoring, analysis, and threat detection within Microsoft Sentinel.</p>\n<p><strong>Data Connectors:</strong> 1, <strong>Analytic Rules:</strong> 1, <strong>Playbooks:</strong> 1</p>\n<p><a href=\"https://aka.ms/azuresentinel\">Learn more about Microsoft Sentinel</a> | <a href=\"https://aka.ms/azuresentinelsolutionsdoc\">Learn more about Solutions</a></p>\n",
        "contentKind": "Solution",
        "contentProductId": "[variables('_solutioncontentProductId')]",
        "id": "[variables('_solutioncontentProductId')]",
        "icon": "<img src=\"https://raw.githubusercontent.com/Azure/Azure-Sentinel/master/Logos/RSA_IDPlus.svg\" width=\"75px\" height=\"75px\">",
        "contentId": "[variables('_solutionId')]",
        "parentId": "[variables('_solutionId')]",
        "source": {
          "kind": "Solution",
          "name": "RSAIDPlus_AdminLogs_Connector",
          "sourceId": "[variables('_solutionId')]"
        },
        "author": {
          "name": "RSA Security"
        },
        "support": {
          "name": "RSA Support Team",
          "email": "support@rsa.com",
          "tier": "Partner",
          "link": "https://community.rsa.com/"
        },
        "dependencies": {
          "operator": "AND",
          "criteria": [
            {
              "kind": "AnalyticsRule",
              "contentId": "[variables('analyticRuleObject1')._analyticRulecontentId1]",
              "version": "[variables('analyticRuleObject1').analyticRuleVersion1]"
            },
            {
              "kind": "DataConnector",
              "contentId": "[variables('_dataConnectorContentIdConnections1')]",
              "version": "[variables('dataConnectorCCPVersion')]"
            },
            {
              "kind": "Playbook",
              "contentId": "[variables('_SendEmailOnRSAIDPlusAlert')]",
              "version": "[variables('playbookVersion1')]"
            }
          ]
        },
        "firstPublishDate": "2025-10-14",
        "providers": [
          "RSA Security"
        ],
        "categories": {
          "domains": [
            "Identity",
            "Security - Cloud Security"
          ],
          "verticals": [
            "Aeronautics",
            "Education",
            "Finance",
            "Healthcare",
            "Manufacturing",
            "Retail"
          ]
        }
      },
      "name": "[concat(parameters('workspace'),'/Microsoft.SecurityInsights/', variables('_solutionId'))]"
    }
  ],
  "outputs": {}
}
