{
	"id": "TenableIOAPI",
	"title": "Tenable.io Vulnerability Management",
	"publisher": "Tenable",
	"descriptionMarkdown": "The [Tenable.io](https://www.tenable.com/products/tenable-io) data connector provides the capability to ingest Asset and Vulnerability data into Microsoft Sentinel through the REST API from the Tenable.io platform (Managed in the cloud). Refer to [API documentation](https://developer.tenable.com/reference) for more information. The connector provides the ability to get data which helps to examine potential security risks, get insight into your computing assets, diagnose configuration problems and more",
	"additionalRequirementBanner": "These queries and workbooks are dependent on a [**Tenable.io parser for vulnerabilities**](https://aka.ms/sentinel-TenableIO-TenableIOVulnerabilities-parser) and a [**Tenable.io parser for assets**](https://aka.ms/sentinel-TenableIO-TenableIOAssets-parser) based on Kusto to work as expected which is deployed with the Microsoft Sentinel Solution.",
	"graphQueries": [
		{
			"metricName": "Total data received",
			"legend": "Tenable_IO_Assets_CL",
			"baseQuery": "Tenable_IO_Assets_CL"
		},
		{
			"metricName": "Total data received",
			"legend": "Tenable_IO_Vuln_CL",
			"baseQuery": "Tenable_IO_Vuln_CL"
		}
	],
	"sampleQueries": [
		{
			"description": "TenableIO VM Report - All Assets",
			"query": "Tenable_IO_Assets_CL\n | sort by TimeGenerated desc"
		},
		{
			"description": "TenableIO VM Report - All Vulns",
			"query": "Tenable_IO_Vuln_CL\n | sort by TimeGenerated desc"
		},
		{
			"description": "Select unique vulnerabilities by a specific asset.",
			"query": "Tenable_IO_Vuln_CL\n | where asset_fqdn_s has \"one.one.one.one\"\n | summarize any(asset_fqdn_s, plugin_id_d, plugin_cve_s) by plugin_id_d"
		},
		{
			"description": "Select all Azure assets.",
			"query": "Tenable_IO_Assets_CL\n | where isnotempty(azure_resource_id_s) or isnotempty(azure_vm_id_g)"
		}
	],
	"dataTypes": [
		{
			"name": "Tenable_IO_Assets_CL",
			"lastDataReceivedQuery": "Tenable_IO_Assets_CL\n            | summarize Time = max(TimeGenerated)\n            | where isnotempty(Time)"
		},
		{
			"name": "Tenable_IO_Vuln_CL",
			"lastDataReceivedQuery": "Tenable_IO_Vuln_CL\n            | summarize Time = max(TimeGenerated)\n            | where isnotempty(Time)"
		}
	],
	"connectivityCriterias": [
		{
			"type": "IsConnectedQuery",
			"value": [
				"Tenable_IO_Assets_CL\n            | summarize LastLogReceived = max(TimeGenerated)\n            | project IsConnected = LastLogReceived > ago(30d)"
			]
		},
		{
			"type": "IsConnectedQuery",
			"value": [
				"Tenable_IO_Vuln_CL\n            | summarize LastLogReceived = max(TimeGenerated)\n            | project IsConnected = LastLogReceived > ago(30d)"
			]
		}
	],
	"availability": {
		"status": 1,
		"isPreview": false
	},
	"permissions": {
		"resourceProvider": [
			{
				"provider": "Microsoft.OperationalInsights/workspaces",
				"permissionsDisplayText": "read and write permissions on the workspace are required.",
				"providerDisplayName": "Workspace",
				"scope": "Workspace",
				"requiredPermissions": {
					"write": true,
					"read": true,
					"delete": true
				}
			},
			{
				"provider": "Microsoft.OperationalInsights/workspaces/sharedKeys",
				"permissionsDisplayText": "read permissions to shared keys for the workspace are required. [See the documentation to learn more about workspace keys](https://docs.microsoft.com/azure/azure-monitor/platform/agent-windows#obtain-workspace-id-and-key).",
				"providerDisplayName": "Keys",
				"scope": "Workspace",
				"requiredPermissions": {
					"action": true
				}
			}
		],
		"customs": [
			{
				"name": "Microsoft.Web/sites permissions",
				"description": "Read and write permissions to Azure Functions to create a Function App is required. [See the documentation to learn more about Azure Functions](https://docs.microsoft.com/azure/azure-functions/)."
			},
			{
				"name": "REST API Credentials/permissions",
				"description": "Both a **TenableAccessKey** and a **TenableSecretKey** is required to access the Tenable REST API. [See the documentation to learn more about API](https://developer.tenable.com/reference#vulnerability-management). Check all [requirements and follow  the instructions](https://docs.tenable.com/tenableio/vulnerabilitymanagement/Content/Settings/GenerateAPIKey.htm) for obtaining credentials."
			}
		]
	},
	"instructionSteps": [
		{
			"title": "",
			"description": ">**NOTE:** This connector uses Azure Durable Functions to connect to the Tenable.io API to pull [assets](https://developer.tenable.com/reference#exports-assets-download-chunk) and [vulnerabilities](https://developer.tenable.com/reference#exports-vulns-request-export) at a regular interval into Microsoft Sentinel. This might result in additional data ingestion costs. Check the [Azure Functions pricing page](https://azure.microsoft.com/pricing/details/functions/) for details."
		},
		{
			"title": "",
			"description": ">**(Optional Step)** Securely store workspace and API authorization key(s) or token(s) in Azure Key Vault. Azure Key Vault provides a secure mechanism to store and retrieve key values. [Follow these instructions](https://docs.microsoft.com/azure/app-service/app-service-key-vault-references) to use Azure Key Vault with an Azure Function App."
		},
		{
			"description": ">**NOTE:** This data connector depends on a [**Tenable.io parser for vulnerabilities**](https://aka.ms/sentinel-TenableIO-TenableIOVulnerabilities-parser) and a [**Tenable.io parser for assets**](https://aka.ms/sentinel-TenableIO-TenableIOAssets-parser) based on a Kusto Function to work as expected which is deployed with the Microsoft Sentinel Solution."
		},
		{
			"title": "",
			"description": "**STEP 1 - Configuration steps for Tenable.io**\n\n [Follow the instructions](https://docs.tenable.com/tenableio/vulnerabilitymanagement/Content/Settings/GenerateAPIKey.htm) to obtain the required API credentials. \n"
		},
		{
			"title": "",
			"description": "**STEP 2 - Choose ONE from the following two deployment options to deploy the connector and the associated Azure Function App**\n\n>**IMPORTANT:** Before deploying the Workspace data connector, have the Workspace ID and Workspace Primary Key (can be copied from the following).",
			"instructions": [
				{
					"parameters": {
						"fillWith": [
							"WorkspaceId"
						],
						"label": "Workspace ID"
					},
					"type": "CopyableLabel"
				},
				{
					"parameters": {
						"fillWith": [
							"PrimaryKey"
						],
						"label": "Primary Key"
					},
					"type": "CopyableLabel"
				}
			]
		},
		{
			"title": "Option 1 - Azure Resource Manager (ARM) Template",
			"description": "Use this method for automated deployment of the Tenable.io Vulnerability Management Report data connector using an ARM Template.\n\n1. Click the **Deploy to Azure** button below. \n\n\t[![Deploy To Azure](https://aka.ms/deploytoazurebutton)](https://aka.ms/sentinel-TenableIO-azuredeploy)\n2. Select the preferred **Subscription**, **Resource Group** and **Location**. \n> **NOTE:** Within the same resource group, you can't mix Windows and Linux apps in the same region. Select existing resource group without Windows apps in it or create new resource group.\n3. Enter the **TenableAccessKey** and **TenableSecretKey** and deploy. \n4. Mark the checkbox labeled **I agree to the terms and conditions stated above**. \n5. Click **Purchase** to deploy."
		},
		{
			"title": "Option 2 - Manual Deployment of Azure Functions",
			"description": "Use the following step-by-step instructions to deploy the Tenable.io Vulnerability Management Report data connector manually with Azure Functions (Deployment via Visual Studio Code)."
		},
		{
			"title": "",
			"description": "**1. Deploy a Function App**\n\n> **NOTE:** You will need to [prepare VS code](https://docs.microsoft.com/azure/azure-functions/functions-create-first-function-python#prerequisites) for Azure function development.\n\n1. Download the [Azure Function App](https://aka.ms/sentinel-TenableIO-functionapp) file. Extract archive to your local development computer.\n2. Start VS Code. Choose File in the main menu and select Open Folder.\n3. Select the top level folder from extracted files.\n4. Choose the Azure icon in the Activity bar, then in the **Azure: Functions** area, choose the **Deploy to function app** button.\nIf you aren't already signed in, choose the Azure icon in the Activity bar, then in the **Azure: Functions** area, choose **Sign in to Azure**\nIf you're already signed in, go to the next step.\n5. Provide the following information at the prompts:\n\n\ta. **Select folder:** Choose a folder from your workspace or browse to one that contains your function app.\n\n\tb. **Select Subscription:** Choose the subscription to use.\n\n\tc. Select **Create new Function App in Azure** (Don't choose the Advanced option)\n\n\td. **Enter a globally unique name for the function app:** Type a name that is valid in a URL path. The name you type is validated to make sure that it's unique in Azure Functions. (e.g. TenableIOXXXXX).\n\n\te. **Select a runtime:** Choose Python 3.8.\n\n\tf. Select a location for new resources. For better performance and lower costs choose the same [region](https://azure.microsoft.com/regions/) where Microsoft Sentinel is located.\n\n6. Deployment will begin. A notification is displayed after your function app is created and the deployment package is applied.\n7. Go to Azure Portal for the Function App configuration."
		},
		{
			"title": "",
			"description": "**2. Configure the Function App**\n\n1. In the Function App, select the Function App Name and select **Configuration**.\n2. In the **Application settings** tab, select **New application setting**.\n3. Add each of the following application settings individually, with their respective string values (case-sensitive): \n\t\tTenableAccessKey\n\t\tTenableSecretKey\n\t\tWorkspaceID\n\t\tWorkspaceKey\n\t\tlogAnalyticsUri (optional)\n> - Use logAnalyticsUri to override the log analytics API endpoint for dedicated cloud. For example, for public cloud, leave the value empty; for Azure GovUS cloud environment, specify the value in the following format: `https://<WorkspaceID>.ods.opinsights.azure.us`.\n3. Once all application settings have been entered, click **Save**."
		}
	],
	"metadata": {
		"id": "87b003e3-ad99-4399-be20-ffcdafb8ac2b",
		"version": "1.0.0",
		"kind": "dataConnector",
		"source": {
			"kind": "solution",
			"name": "TenableIO"
		},
		"author": {
			"name": "Tenable"
		},
		"support": {
			"tier": "community",
			"name": "Tenable",
			"link": "https://www.tenable.com/support/technical-support"
		}
	}
}