{
    "$schema": "https://schema.management.azure.com/schemas/2019-04-01/deploymentTemplate.json#",
    "contentVersion": "1.0.0.0",
    "metadata": {
        "author": "IPinfo - support@ipinfo.io",
        "comments": "Solution template for IPinfo"
    },
    "parameters": {
        "location": {
            "type": "string",
            "defaultValue": "[resourceGroup().location]"
        },
        "workspace-location": {
            "type": "string",
            "defaultValue": "",
            "metadata": {
                "description": "[concat('Region to deploy solution resources -- separate from location selection',parameters('location'))]"
            }
        },
        "workspace": {
            "defaultValue": "",
            "type": "string",
            "metadata": {
                "description": "Workspace name for Log Analytics where Microsoft Sentinel is setup"
            }
        }
    },
    "variables": {
        "_solutionName": "IPinfo",
        "_solutionVersion": "3.0.0",
        "solutionId": "idbllc1687537942583.microsoft_sentinel_solution_ipinfo_ipintelligence",
        "_solutionId": "[variables('solutionId')]",
        "uiConfigId1": "IPinfoCompanyDataConnector",
        "_uiConfigId1": "[variables('uiConfigId1')]",
        "dataConnectorContentId1": "IPinfoCompanyDataConnector",
        "_dataConnectorContentId1": "[variables('dataConnectorContentId1')]",
        "dataConnectorId1": "[extensionResourceId(resourceId('Microsoft.OperationalInsights/workspaces', parameters('workspace')), 'Microsoft.SecurityInsights/dataConnectors', variables('_dataConnectorContentId1'))]",
        "_dataConnectorId1": "[variables('dataConnectorId1')]",
        "dataConnectorTemplateSpecName1": "[concat(parameters('workspace'),'/Microsoft.SecurityInsights/',concat(parameters('workspace'),'-dc-',uniquestring(variables('_dataConnectorContentId1'))))]",
        "dataConnectorVersion1": "1.0.0",
        "_dataConnectorcontentProductId1": "[concat(take(variables('_solutionId'),50),'-','dc','-', uniqueString(concat(variables('_solutionId'),'-','DataConnector','-',variables('_dataConnectorContentId1'),'-', variables('dataConnectorVersion1'))))]",
        "uiConfigId2": "IPinfoIplocationDataConnector",
        "_uiConfigId2": "[variables('uiConfigId2')]",
        "dataConnectorContentId2": "IPinfoIplocationDataConnector",
        "_dataConnectorContentId2": "[variables('dataConnectorContentId2')]",
        "dataConnectorId2": "[extensionResourceId(resourceId('Microsoft.OperationalInsights/workspaces', parameters('workspace')), 'Microsoft.SecurityInsights/dataConnectors', variables('_dataConnectorContentId2'))]",
        "_dataConnectorId2": "[variables('dataConnectorId2')]",
        "dataConnectorTemplateSpecName2": "[concat(parameters('workspace'),'/Microsoft.SecurityInsights/',concat(parameters('workspace'),'-dc-',uniquestring(variables('_dataConnectorContentId2'))))]",
        "dataConnectorVersion2": "1.0.0",
        "_dataConnectorcontentProductId2": "[concat(take(variables('_solutionId'),50),'-','dc','-', uniqueString(concat(variables('_solutionId'),'-','DataConnector','-',variables('_dataConnectorContentId2'),'-', variables('dataConnectorVersion2'))))]",
        "uiConfigId3": "IPinfoPrivacyDataConnector",
        "_uiConfigId3": "[variables('uiConfigId3')]",
        "dataConnectorContentId3": "IPinfoPrivacyDataConnector",
        "_dataConnectorContentId3": "[variables('dataConnectorContentId3')]",
        "dataConnectorId3": "[extensionResourceId(resourceId('Microsoft.OperationalInsights/workspaces', parameters('workspace')), 'Microsoft.SecurityInsights/dataConnectors', variables('_dataConnectorContentId3'))]",
        "_dataConnectorId3": "[variables('dataConnectorId3')]",
        "dataConnectorTemplateSpecName3": "[concat(parameters('workspace'),'/Microsoft.SecurityInsights/',concat(parameters('workspace'),'-dc-',uniquestring(variables('_dataConnectorContentId3'))))]",
        "dataConnectorVersion3": "1.0.0",
        "_dataConnectorcontentProductId3": "[concat(take(variables('_solutionId'),50),'-','dc','-', uniqueString(concat(variables('_solutionId'),'-','DataConnector','-',variables('_dataConnectorContentId3'),'-', variables('dataConnectorVersion3'))))]",
        "_solutioncontentProductId": "[concat(take(variables('_solutionId'),50),'-','sl','-', uniqueString(concat(variables('_solutionId'),'-','Solution','-',variables('_solutionId'),'-', variables('_solutionVersion'))))]"
    },
    "resources": [
        {
            "type": "Microsoft.OperationalInsights/workspaces/providers/contentTemplates",
            "apiVersion": "2023-04-01-preview",
            "name": "[variables('dataConnectorTemplateSpecName1')]",
            "location": "[parameters('workspace-location')]",
            "dependsOn": [
                "[extensionResourceId(resourceId('Microsoft.OperationalInsights/workspaces', parameters('workspace')), 'Microsoft.SecurityInsights/contentPackages', variables('_solutionId'))]"
            ],
            "properties": {
                "description": "IPinfo Company data connector with template version 3.0.0",
                "mainTemplate": {
                    "$schema": "https://schema.management.azure.com/schemas/2019-04-01/deploymentTemplate.json#",
                    "contentVersion": "[variables('dataConnectorVersion1')]",
                    "parameters": {},
                    "variables": {},
                    "resources": [
                        {
                            "name": "[concat(parameters('workspace'),'/Microsoft.SecurityInsights/',variables('_dataConnectorContentId1'))]",
                            "apiVersion": "2021-03-01-preview",
                            "type": "Microsoft.OperationalInsights/workspaces/providers/dataConnectors",
                            "location": "[parameters('workspace-location')]",
                            "kind": "GenericUI",
                            "properties": {
                                "connectorUiConfig": {
                                    "id": "[variables('_uiConfigId1')]",
                                    "title": "IPinfo Company (using Azure Functions)",
                                    "publisher": "IPinfo",
                                    "descriptionMarkdown": "This IPinfo data connector installs an Azure Function app to download standard_company datasets and insert them into custom log tables in Microsoft Sentinel.",
                                    "graphQueries": [
                                        {
                                            "metricName": "Company Data",
                                            "legend": "Ipinfo_Company_CL",
                                            "baseQuery": "Ipinfo_Company_CL"
                                        }
                                    ],
                                    "sampleQueries": [
                                        {
                                            "description": "Ipinfo_Company_CL",
                                            "query": "Ipinfo_Company_CL"
                                        }
                                    ],
                                    "dataTypes": [
                                        {
                                            "name": "Ipinfo_Company_CL",
                                            "lastDataReceivedQuery": "Ipinfo_Company_CL | summarize Time = max(TimeGenerated)"
                                        }
                                    ],
                                    "connectivityCriterias": [
                                        {
                                            "type": "IsConnectedQuery",
                                            "value": [
                                                "Ipinfo_Company_CL | summarize LastLogReceived = max(TimeGenerated) | project IsConnected = LastLogReceived > ago(30d)"
                                            ]
                                        }
                                    ],
                                    "availability": {
                                        "status": 1,
                                        "isPreview": true
                                    },
                                    "permissions": {
                                        "resourceProvider": [
                                            {
                                                "provider": "Microsoft.OperationalInsights/workspaces",
                                                "permissionsDisplayText": "read and write permissions on the workspace are required.",
                                                "providerDisplayName": "Workspace",
                                                "scope": "Workspace",
                                                "requiredPermissions": {
                                                    "write": true,
                                                    "read": true,
                                                    "delete": true
                                                }
                                            },
                                            {
                                                "provider": "Microsoft.OperationalInsights/workspaces/sharedKeys",
                                                "permissionsDisplayText": "read permissions to shared keys for the workspace are required. [See the documentation to learn more about workspace keys](https://docs.microsoft.com/azure/azure-monitor/platform/agent-windows#obtain-workspace-id-and-key).",
                                                "providerDisplayName": "Keys",
                                                "scope": "Workspace",
                                                "requiredPermissions": {
                                                    "action": true
                                                }
                                            }
                                        ],
                                        "customs": [
                                            {
                                                "name": "Microsoft.Web/sites permissions",
                                                "description": "Read and write permissions to Azure Functions to create a Function App is required. [See the documentation to learn more about Azure Functions](https://docs.microsoft.com/azure/azure-functions/)."
                                            },
                                            {
                                                "name": "IPinfo API Token",
                                                "description": "Retrieve your IPinfo API Token [here](https://ipinfo.io/)."
                                            }
                                        ]
                                    },
                                    "instructionSteps": [
                                        {
                                            "title": "1. Retrieve API Token",
                                            "description": "Retrieve your IPinfo API Token [here](https://ipinfo.io/)."
                                        },
                                        {
                                            "title": "2. In your Azure AD tenant, create an Azure Active Directory (AAD) application",
                                            "description": "In your Azure AD tenant, create an Azure Active Directory (AAD) application and acquire Tenant ID, Client ID, and Client Secret: Use this Link."
                                        },
                                        {
                                            "title": "3. Assign the AAD application the Microsoft Sentinel Contributor Role.",
                                            "description": "Assign the AAD application you just created to the Contributor(Privileged administrator roles) and Monitoring Metrics Publisher(Job function roles) in the same “Resource Group” you use for “Log Analytic Workspace” on which “Microsoft Sentinel” is added: Use this Link."
                                        },
                                        {
                                            "title": "4. Get Workspace Resource ID",
                                            "description": "Use the Log Analytic Workspace -> Properties blade having the 'Resource ID' property value. This is a fully qualified resourceId which is in the format '/subscriptions/{subscriptionId}/resourceGroups/{resourceGroupName}/providers/Microsoft.OperationalInsights/workspaces/{workspaceName}'"
                                        },
                                        {
                                            "title": "5. Deploy the Azure Function",
                                            "description": "Use this for automated deployment of the IPinfo data connector using an ARM Tempate.\n\n1. Click the **Deploy to Azure** button below. \n\n\t[![Deploy To Azure](https://aka.ms/deploytoazurebutton)](https://aka.ms/sentinel-IPinfo-Company-azuredeploy)\n2. Select the preferred **Subscription**, **Resource Group** and **Location**. \n3. Enter the **RESOURCE_ID**, **IPINFO_TOKEN**, **TENANT_ID**, **CLIENT_ID**, **CLIENT_SECRET**."
                                        },
                                        {
                                            "title": "Manual Deployment of Azure Functions",
                                            "description": "Use the following step-by-step instructions to deploy the IPinfo data connector manually with Azure Functions (Deployment via Visual Studio Code).",
                                            "instructions": [
                                                {
                                                    "parameters": {
                                                        "instructionSteps": [
                                                            {
                                                                "title": "Step 1 - Deploy a Function App",
                                                                "description": "1. Download the Azure Function App file. Extract the archive to your local development computer [Azure Function App](https://aka.ms/sentinel-IPinfo-Company-functionapp). \n2. Create Function App using Hosting Functions Premium or App service plan using advanced option using VSCode. \n3. Follow the function app manual deployment instructions to deploy the Azure Functions app using VSCode. \n4. After successful deployment of the function app, follow the next steps for configuring it."
                                                            },
                                                            {
                                                                "title": "Step 2 - Configure the Function App",
                                                                "description": "1. Go to Azure Portal for the Function App configuration.\n2. In the Function App, select the Function App Name and select **Settings** -> **Configuration** or **Environment variables**. \n3. In the **Application settings** tab, select **+ New application setting**.\n4. Add each of the following application settings individually, with their respective string values (case-sensitive):\n\t\tRESOURCE_ID\n\t\tIPINFO_TOKEN\n\t\tTENANT_ID\n\t\tCLIENT_ID\n\t\tCLIENT_SECRET\n\t\tSCHEDULE\n\t\tLOCATION \n5. Once all application settings have been entered, click **Save**."
                                                            }
                                                        ]
                                                    },
                                                    "type": "InstructionStepsGroup"
                                                }
                                            ]
                                        }
                                    ]
                                }
                            }
                        },
                        {
                            "type": "Microsoft.OperationalInsights/workspaces/providers/metadata",
                            "apiVersion": "2023-04-01-preview",
                            "name": "[concat(parameters('workspace'),'/Microsoft.SecurityInsights/',concat('DataConnector-', last(split(variables('_dataConnectorId1'),'/'))))]",
                            "properties": {
                                "parentId": "[extensionResourceId(resourceId('Microsoft.OperationalInsights/workspaces', parameters('workspace')), 'Microsoft.SecurityInsights/dataConnectors', variables('_dataConnectorContentId1'))]",
                                "contentId": "[variables('_dataConnectorContentId1')]",
                                "kind": "DataConnector",
                                "version": "[variables('dataConnectorVersion1')]",
                                "source": {
                                    "kind": "Solution",
                                    "name": "IPinfo",
                                    "sourceId": "[variables('_solutionId')]"
                                },
                                "author": {
                                    "name": "IPinfo"
                                },
                                "support": {
                                    "name": "IPinfo",
                                    "email": "support@ipinfo.io",
                                    "tier": "Partner",
                                    "link": "https://www.ipinfo.io/"
                                }
                            }
                        }
                    ]
                },
                "packageKind": "Solution",
                "packageVersion": "[variables('_solutionVersion')]",
                "packageName": "[variables('_solutionName')]",
                "packageId": "[variables('_solutionId')]",
                "contentSchemaVersion": "1.0.0",
                "contentId": "[variables('_dataConnectorContentId1')]",
                "contentKind": "DataConnector",
                "displayName": "IPinfo Company (using Azure Functions)",
                "contentProductId": "[variables('_dataConnectorcontentProductId1')]",
                "id": "[variables('_dataConnectorcontentProductId1')]",
                "version": "[variables('dataConnectorVersion1')]"
            }
        },
        {
            "type": "Microsoft.OperationalInsights/workspaces/providers/metadata",
            "apiVersion": "2023-04-01-preview",
            "name": "[concat(parameters('workspace'),'/Microsoft.SecurityInsights/',concat('DataConnector-', last(split(variables('_dataConnectorId1'),'/'))))]",
            "dependsOn": ["[variables('_dataConnectorId1')]"],
            "location": "[parameters('workspace-location')]",
            "properties": {
                "parentId": "[extensionResourceId(resourceId('Microsoft.OperationalInsights/workspaces', parameters('workspace')), 'Microsoft.SecurityInsights/dataConnectors', variables('_dataConnectorContentId1'))]",
                "contentId": "[variables('_dataConnectorContentId1')]",
                "kind": "DataConnector",
                "version": "[variables('dataConnectorVersion1')]",
                "source": {
                    "kind": "Solution",
                    "name": "IPinfo",
                    "sourceId": "[variables('_solutionId')]"
                },
                "author": {
                    "name": "IPinfo"
                },
                "support": {
                    "name": "IPinfo",
                    "email": "support@ipinfo.io",
                    "tier": "Partner",
                    "link": "https://www.ipinfo.io/"
                }
            }
        },
        {
            "name": "[concat(parameters('workspace'),'/Microsoft.SecurityInsights/',variables('_dataConnectorContentId1'))]",
            "apiVersion": "2021-03-01-preview",
            "type": "Microsoft.OperationalInsights/workspaces/providers/dataConnectors",
            "location": "[parameters('workspace-location')]",
            "kind": "GenericUI",
            "properties": {
                "connectorUiConfig": {
                    "title": "IPinfo Company (using Azure Functions)",
                    "publisher": "IPinfo",
                    "descriptionMarkdown": "This IPinfo data connector installs an Azure Function app to download standard_company datasets and insert them into custom log tables in Microsoft Sentinel.",
                    "graphQueries": [
                        {
                            "metricName": "Company Data",
                            "legend": "Ipinfo_Company_CL",
                            "baseQuery": "Ipinfo_Company_CL"
                        }
                    ],
                    "sampleQueries": [
                        {
                            "description": "Ipinfo_Company_CL",
                            "query": "Ipinfo_Company_CL"
                        }
                    ],
                    "dataTypes": [
                        {
                            "name": "Ipinfo_Company_CL",
                            "lastDataReceivedQuery": "Ipinfo_Company_CL | summarize Time = max(TimeGenerated)"
                        }
                    ],
                    "connectivityCriterias": [
                        {
                            "type": "IsConnectedQuery",
                            "value": [
                                "Ipinfo_Company_CL | summarize LastLogReceived = max(TimeGenerated) | project IsConnected = LastLogReceived > ago(30d)"
                            ]
                        }
                    ],
                    "availability": {
                        "status": 1,
                        "isPreview": true
                    },
                    "permissions": {
                        "resourceProvider": [
                            {
                                "provider": "Microsoft.OperationalInsights/workspaces",
                                "permissionsDisplayText": "read and write permissions on the workspace are required.",
                                "providerDisplayName": "Workspace",
                                "scope": "Workspace",
                                "requiredPermissions": {
                                    "write": true,
                                    "read": true,
                                    "delete": true
                                }
                            },
                            {
                                "provider": "Microsoft.OperationalInsights/workspaces/sharedKeys",
                                "permissionsDisplayText": "read permissions to shared keys for the workspace are required. [See the documentation to learn more about workspace keys](https://docs.microsoft.com/azure/azure-monitor/platform/agent-windows#obtain-workspace-id-and-key).",
                                "providerDisplayName": "Keys",
                                "scope": "Workspace",
                                "requiredPermissions": {
                                    "action": true
                                }
                            }
                        ],
                        "customs": [
                            {
                                "name": "Microsoft.Web/sites permissions",
                                "description": "Read and write permissions to Azure Functions to create a Function App is required. [See the documentation to learn more about Azure Functions](https://docs.microsoft.com/azure/azure-functions/)."
                            },
                            {
                                "name": "IPinfo API Token",
                                "description": "Retrieve your IPinfo API Token [here](https://ipinfo.io/)."
                            }
                        ]
                    },
                    "instructionSteps": [
                        {
                            "title": "1. Retrieve API Token",
                            "description": "Retrieve your IPinfo API Token [here](https://ipinfo.io/)."
                        },
                        {
                            "title": "2. In your Azure AD tenant, create an Azure Active Directory (AAD) application",
                            "description": "In your Azure AD tenant, create an Azure Active Directory (AAD) application and acquire Tenant ID, Client ID, and Client Secret: Use this Link."
                        },
                        {
                            "title": "3. Assign the AAD application the Microsoft Sentinel Contributor Role.",
                            "description": "Assign the AAD application you just created to the Contributor(Privileged administrator roles) and Monitoring Metrics Publisher(Job function roles) in the same “Resource Group” you use for “Log Analytic Workspace” on which “Microsoft Sentinel” is added: Use this Link."
                        },
                        {
                            "title": "4. Get Workspace Resource ID",
                            "description": "Use the Log Analytic Workspace -> Properties blade having the 'Resource ID' property value. This is a fully qualified resourceId which is in the format '/subscriptions/{subscriptionId}/resourceGroups/{resourceGroupName}/providers/Microsoft.OperationalInsights/workspaces/{workspaceName}'"
                        },
                        {
                            "title": "5. Deploy the Azure Function",
                            "description": "Use this for automated deployment of the IPinfo data connector using an ARM Tempate.\n\n1. Click the **Deploy to Azure** button below. \n\n\t[![Deploy To Azure](https://aka.ms/deploytoazurebutton)](https://aka.ms/sentinel-IPinfo-Company-azuredeploy)\n2. Select the preferred **Subscription**, **Resource Group** and **Location**. \n3. Enter the **RESOURCE_ID**, **IPINFO_TOKEN**, **TENANT_ID**, **CLIENT_ID**, **CLIENT_SECRET**."
                        },
                        {
                            "title": "Manual Deployment of Azure Functions",
                            "description": "Use the following step-by-step instructions to deploy the IPinfo data connector manually with Azure Functions (Deployment via Visual Studio Code).",
                            "instructions": [
                                {
                                    "parameters": {
                                        "instructionSteps": [
                                            {
                                                "title": "Step 1 - Deploy a Function App",
                                                "description": "1. Download the Azure Function App file. Extract the archive to your local development computer [Azure Function App](https://aka.ms/sentinel-IPinfo-Company-functionapp). \n2. Create Function App using Hosting Functions Premium or App service plan using advanced option using VSCode. \n3. Follow the function app manual deployment instructions to deploy the Azure Functions app using VSCode. \n4. After successful deployment of the function app, follow the next steps for configuring it."
                                            },
                                            {
                                                "title": "Step 2 - Configure the Function App",
                                                "description": "1. Go to Azure Portal for the Function App configuration.\n2. In the Function App, select the Function App Name and select **Settings** -> **Configuration** or **Environment variables**. \n3. In the **Application settings** tab, select **+ New application setting**.\n4. Add each of the following application settings individually, with their respective string values (case-sensitive):\n\t\tRESOURCE_ID\n\t\tIPINFO_TOKEN\n\t\tTENANT_ID\n\t\tCLIENT_ID\n\t\tCLIENT_SECRET\n\t\tSCHEDULE\n\t\tLOCATION \n5. Once all application settings have been entered, click **Save**."
                                            }
                                        ]
                                    },
                                    "type": "InstructionStepsGroup"
                                }
                            ]
                        }
                    ],
                    "id": "[variables('_uiConfigId1')]"
                }
            }
        },

        {
            "type": "Microsoft.OperationalInsights/workspaces/providers/contentTemplates",
            "apiVersion": "2023-04-01-preview",
            "name": "[variables('dataConnectorTemplateSpecName2')]",
            "location": "[parameters('workspace-location')]",
            "dependsOn": [
                "[extensionResourceId(resourceId('Microsoft.OperationalInsights/workspaces', parameters('workspace')), 'Microsoft.SecurityInsights/contentPackages', variables('_solutionId'))]"
            ],
            "properties": {
                "description": "IPinfo data connector with template version 3.0.0",
                "mainTemplate": {
                    "$schema": "https://schema.management.azure.com/schemas/2019-04-01/deploymentTemplate.json#",
                    "contentVersion": "[variables('dataConnectorVersion2')]",
                    "parameters": {},
                    "variables": {},
                    "resources": [
                        {
                            "name": "[concat(parameters('workspace'),'/Microsoft.SecurityInsights/',variables('_dataConnectorContentId2'))]",
                            "apiVersion": "2021-03-01-preview",
                            "type": "Microsoft.OperationalInsights/workspaces/providers/dataConnectors",
                            "location": "[parameters('workspace-location')]",
                            "kind": "GenericUI",
                            "properties": {
                                "connectorUiConfig": {
                                    "id": "[variables('_uiConfigId2')]",
                                    "title": "IPinfo Iplocation (using Azure Functions)",
                                    "publisher": "IPinfo",
                                    "descriptionMarkdown": "This IPinfo data connector installs an Azure Function app to download standard_location datasets and insert them into custom log tables in Microsoft Sentinel.",
                                    "graphQueries": [
                                        {
                                            "metricName": "Location Data",
                                            "legend": "Ipinfo_Location_CL",
                                            "baseQuery": "Ipinfo_Location_CL"
                                        }
                                    ],
                                    "sampleQueries": [
                                        {
                                            "description": "Ipinfo_Location_CL",
                                            "query": "Ipinfo_Location_CL"
                                        }
                                    ],
                                    "dataTypes": [
                                        {
                                            "name": "Ipinfo_Location_CL",
                                            "lastDataReceivedQuery": "Ipinfo_Location_CL | summarize Time = max(TimeGenerated)"
                                        }
                                    ],
                                    "connectivityCriterias": [
                                        {
                                            "type": "IsConnectedQuery",
                                            "value": [
                                                "Ipinfo_Location_CL | summarize LastLogReceived = max(TimeGenerated) | project IsConnected = LastLogReceived > ago(30d)"
                                            ]
                                        }
                                    ],
                                    "availability": {
                                        "status": 1,
                                        "isPreview": true
                                    },
                                    "permissions": {
                                        "resourceProvider": [
                                            {
                                                "provider": "Microsoft.OperationalInsights/workspaces",
                                                "permissionsDisplayText": "read and write permissions on the workspace are required.",
                                                "providerDisplayName": "Workspace",
                                                "scope": "Workspace",
                                                "requiredPermissions": {
                                                    "write": true,
                                                    "read": true,
                                                    "delete": true
                                                }
                                            },
                                            {
                                                "provider": "Microsoft.OperationalInsights/workspaces/sharedKeys",
                                                "permissionsDisplayText": "read permissions to shared keys for the workspace are required. [See the documentation to learn more about workspace keys](https://docs.microsoft.com/azure/azure-monitor/platform/agent-windows#obtain-workspace-id-and-key).",
                                                "providerDisplayName": "Keys",
                                                "scope": "Workspace",
                                                "requiredPermissions": {
                                                    "action": true
                                                }
                                            }
                                        ],
                                        "customs": [
                                            {
                                                "name": "Microsoft.Web/sites permissions",
                                                "description": "Read and write permissions to Azure Functions to create a Function App is required. [See the documentation to learn more about Azure Functions](https://docs.microsoft.com/azure/azure-functions/)."
                                            },
                                            {
                                                "name": "IPinfo API Token",
                                                "description": "Retrieve your IPinfo API Token [here](https://ipinfo.io/)."
                                            }
                                        ]
                                    },
                                    "instructionSteps": [
                                        {
                                            "title": "1. Retrieve API Token",
                                            "description": "Retrieve your IPinfo API Token [here](https://ipinfo.io/)."
                                        },
                                        {
                                            "title": "2. In your Azure AD tenant, create an Azure Active Directory (AAD) application",
                                            "description": "In your Azure AD tenant, create an Azure Active Directory (AAD) application and acquire Tenant ID, Client ID, and Client Secret: Use this Link."
                                        },
                                        {
                                            "title": "3. Assign the AAD application the Microsoft Sentinel Contributor Role.",
                                            "description": "Assign the AAD application you just created to the Contributor(Privileged administrator roles) and Monitoring Metrics Publisher(Job function roles) in the same “Resource Group” you use for “Log Analytic Workspace” on which “Microsoft Sentinel” is added: Use this Link."
                                        },
                                        {
                                            "title": "4. Get Workspace Resource ID",
                                            "description": "Use the Log Analytic Workspace -> Properties blade having the 'Resource ID' property value. This is a fully qualified resourceId which is in the format '/subscriptions/{subscriptionId}/resourceGroups/{resourceGroupName}/providers/Microsoft.OperationalInsights/workspaces/{workspaceName}'"
                                        },
                                        {
                                            "title": "5. Deploy the Azure Function",
                                            "description": "Use this for automated deployment of the IPinfo data connector using an ARM Tempate.\n\n1. Click the **Deploy to Azure** button below. \n\n\t[![Deploy To Azure](https://aka.ms/deploytoazurebutton)](https://aka.ms/sentinel-IPinfo-Iplocation-azuredeploy)\n2. Select the preferred **Subscription**, **Resource Group** and **Location**. \n3. Enter the **RESOURCE_ID**, **IPINFO_TOKEN**, **TENANT_ID**, **CLIENT_ID**, **CLIENT_SECRET**."
                                        },
                                        {
                                            "title": "Manual Deployment of Azure Functions",
                                            "description": "Use the following step-by-step instructions to deploy the IPinfo data connector manually with Azure Functions (Deployment via Visual Studio Code).",
                                            "instructions": [
                                                {
                                                    "parameters": {
                                                        "instructionSteps": [
                                                            {
                                                                "title": "Step 1 - Deploy a Function App",
                                                                "description": "1. Download the Azure Function App file. Extract the archive to your local development computer [Azure Function App](https://aka.ms/sentinel-IPinfo-Iplocation-functionapp). \n2. Create Function App using Hosting Functions Premium or App service plan using advanced option using VSCode. \n3. Follow the function app manual deployment instructions to deploy the Azure Functions app using VSCode. \n4. After successful deployment of the function app, follow the next steps for configuring it."
                                                            },
                                                            {
                                                                "title": "Step 2 - Configure the Function App",
                                                                "description": "1. Go to Azure Portal for the Function App configuration.\n2. In the Function App, select the Function App Name and select **Settings** -> **Configuration** or **Environment variables**. \n3. In the **Application settings** tab, select **+ New application setting**.\n4. Add each of the following application settings individually, with their respective string values (case-sensitive):\n\t\tRESOURCE_ID\n\t\tIPINFO_TOKEN\n\t\tTENANT_ID\n\t\tCLIENT_ID\n\t\tCLIENT_SECRET\n\t\tSCHEDULE\n\t\tLOCATION \n5. Once all application settings have been entered, click **Save**."
                                                            }
                                                        ]
                                                    },
                                                    "type": "InstructionStepsGroup"
                                                }
                                            ]
                                        }
                                    ]
                                }
                            }
                        },
                        {
                            "type": "Microsoft.OperationalInsights/workspaces/providers/metadata",
                            "apiVersion": "2023-04-01-preview",
                            "name": "[concat(parameters('workspace'),'/Microsoft.SecurityInsights/',concat('DataConnector-', last(split(variables('_dataConnectorId2'),'/'))))]",
                            "properties": {
                                "parentId": "[extensionResourceId(resourceId('Microsoft.OperationalInsights/workspaces', parameters('workspace')), 'Microsoft.SecurityInsights/dataConnectors', variables('_dataConnectorContentId2'))]",
                                "contentId": "[variables('_dataConnectorContentId2')]",
                                "kind": "DataConnector",
                                "version": "[variables('dataConnectorVersion2')]",
                                "source": {
                                    "kind": "Solution",
                                    "name": "IPinfo",
                                    "sourceId": "[variables('_solutionId')]"
                                },
                                "author": {
                                    "name": "IPinfo"
                                },
                                "support": {
                                    "name": "IPinfo",
                                    "email": "support@ipinfo.io",
                                    "tier": "Partner",
                                    "link": "https://www.ipinfo.io/"
                                }
                            }
                        }
                    ]
                },
                "packageKind": "Solution",
                "packageVersion": "[variables('_solutionVersion')]",
                "packageName": "[variables('_solutionName')]",
                "packageId": "[variables('_solutionId')]",
                "contentSchemaVersion": "1.0.0",
                "contentId": "[variables('_dataConnectorContentId2')]",
                "contentKind": "DataConnector",
                "displayName": "IPinfo Iplocation(using Azure Functions)",
                "contentProductId": "[variables('_dataConnectorcontentProductId2')]",
                "id": "[variables('_dataConnectorcontentProductId2')]",
                "version": "[variables('dataConnectorVersion2')]"
            }
        },
        {
            "type": "Microsoft.OperationalInsights/workspaces/providers/metadata",
            "apiVersion": "2023-04-01-preview",
            "name": "[concat(parameters('workspace'),'/Microsoft.SecurityInsights/',concat('DataConnector-', last(split(variables('_dataConnectorId2'),'/'))))]",
            "dependsOn": ["[variables('_dataConnectorId2')]"],
            "location": "[parameters('workspace-location')]",
            "properties": {
                "parentId": "[extensionResourceId(resourceId('Microsoft.OperationalInsights/workspaces', parameters('workspace')), 'Microsoft.SecurityInsights/dataConnectors', variables('_dataConnectorContentId2'))]",
                "contentId": "[variables('_dataConnectorContentId2')]",
                "kind": "DataConnector",
                "version": "[variables('dataConnectorVersion2')]",
                "source": {
                    "kind": "Solution",
                    "name": "IPinfo",
                    "sourceId": "[variables('_solutionId')]"
                },
                "author": {
                    "name": "IPinfo"
                },
                "support": {
                    "name": "IPinfo",
                    "email": "support@ipinfo.io",
                    "tier": "Partner",
                    "link": "https://www.ipinfo.io/"
                }
            }
        },
        {
            "name": "[concat(parameters('workspace'),'/Microsoft.SecurityInsights/',variables('_dataConnectorContentId2'))]",
            "apiVersion": "2021-03-01-preview",
            "type": "Microsoft.OperationalInsights/workspaces/providers/dataConnectors",
            "location": "[parameters('workspace-location')]",
            "kind": "GenericUI",
            "properties": {
                "connectorUiConfig": {
                    "title": "IPinfo Iplocation (using Azure Functions)",
                    "publisher": "IPinfo",
                    "descriptionMarkdown": "This IPinfo data connector installs an Azure Function app to download standard_location datasets and insert them into custom log tables in Microsoft Sentinel.",
                    "graphQueries": [
                        {
                            "metricName": "Location Data",
                            "legend": "Ipinfo_Location_CL",
                            "baseQuery": "Ipinfo_Location_CL"
                        }
                    ],
                    "sampleQueries": [
                        {
                            "description": "Ipinfo_Location_CL",
                            "query": "Ipinfo_Location_CL"
                        }
                    ],
                    "dataTypes": [
                        {
                            "name": "Ipinfo_Location_CL",
                            "lastDataReceivedQuery": "Ipinfo_Location_CL | summarize Time = max(TimeGenerated)"
                        }
                    ],
                    "connectivityCriterias": [
                        {
                            "type": "IsConnectedQuery",
                            "value": [
                                "Ipinfo_Location_CL | summarize LastLogReceived = max(TimeGenerated) | project IsConnected = LastLogReceived > ago(30d)"
                            ]
                        }
                    ],
                    "availability": {
                        "status": 1,
                        "isPreview": true
                    },
                    "permissions": {
                        "resourceProvider": [
                            {
                                "provider": "Microsoft.OperationalInsights/workspaces",
                                "permissionsDisplayText": "read and write permissions on the workspace are required.",
                                "providerDisplayName": "Workspace",
                                "scope": "Workspace",
                                "requiredPermissions": {
                                    "write": true,
                                    "read": true,
                                    "delete": true
                                }
                            },
                            {
                                "provider": "Microsoft.OperationalInsights/workspaces/sharedKeys",
                                "permissionsDisplayText": "read permissions to shared keys for the workspace are required. [See the documentation to learn more about workspace keys](https://docs.microsoft.com/azure/azure-monitor/platform/agent-windows#obtain-workspace-id-and-key).",
                                "providerDisplayName": "Keys",
                                "scope": "Workspace",
                                "requiredPermissions": {
                                    "action": true
                                }
                            }
                        ],
                        "customs": [
                            {
                                "name": "Microsoft.Web/sites permissions",
                                "description": "Read and write permissions to Azure Functions to create a Function App is required. [See the documentation to learn more about Azure Functions](https://docs.microsoft.com/azure/azure-functions/)."
                            },
                            {
                                "name": "IPinfo API Token",
                                "description": "Retrieve your IPinfo API Token [here](https://ipinfo.io/)."
                            }
                        ]
                    },
                    "instructionSteps": [
                        {
                            "title": "1. Retrieve API Token",
                            "description": "Retrieve your IPinfo API Token [here](https://ipinfo.io/)."
                        },
                        {
                            "title": "2. In your Azure AD tenant, create an Azure Active Directory (AAD) application",
                            "description": "In your Azure AD tenant, create an Azure Active Directory (AAD) application and acquire Tenant ID, Client ID, and Client Secret: Use this Link."
                        },
                        {
                            "title": "3. Assign the AAD application the Microsoft Sentinel Contributor Role.",
                            "description": "Assign the AAD application you just created to the Contributor(Privileged administrator roles) and Monitoring Metrics Publisher(Job function roles) in the same “Resource Group” you use for “Log Analytic Workspace” on which “Microsoft Sentinel” is added: Use this Link."
                        },
                        {
                            "title": "4. Get Workspace Resource ID",
                            "description": "Use the Log Analytic Workspace -> Properties blade having the 'Resource ID' property value. This is a fully qualified resourceId which is in the format '/subscriptions/{subscriptionId}/resourceGroups/{resourceGroupName}/providers/Microsoft.OperationalInsights/workspaces/{workspaceName}'"
                        },
                        {
                            "title": "5. Deploy the Azure Function",
                            "description": "Use this for automated deployment of the IPinfo data connector using an ARM Tempate.\n\n1. Click the **Deploy to Azure** button below. \n\n\t[![Deploy To Azure](https://aka.ms/deploytoazurebutton)](https://aka.ms/sentinel-IPinfo-Iplocation-azuredeploy)\n2. Select the preferred **Subscription**, **Resource Group** and **Location**. \n3. Enter the **RESOURCE_ID**, **IPINFO_TOKEN**, **TENANT_ID**, **CLIENT_ID**, **CLIENT_SECRET**."
                        },
                        {
                            "title": "Manual Deployment of Azure Functions",
                            "description": "Use the following step-by-step instructions to deploy the IPinfo data connector manually with Azure Functions (Deployment via Visual Studio Code).",
                            "instructions": [
                                {
                                    "parameters": {
                                        "instructionSteps": [
                                            {
                                                "title": "Step 1 - Deploy a Function App",
                                                "description": "1. Download the Azure Function App file. Extract the archive to your local development computer [Azure Function App](https://aka.ms/sentinel-IPinfo-Iplocation-functionapp). \n2. Create Function App using Hosting Functions Premium or App service plan using advanced option using VSCode. \n3. Follow the function app manual deployment instructions to deploy the Azure Functions app using VSCode. \n4. After successful deployment of the function app, follow the next steps for configuring it."
                                            },
                                            {
                                                "title": "Step 2 - Configure the Function App",
                                                "description": "1. Go to Azure Portal for the Function App configuration.\n2. In the Function App, select the Function App Name and select **Settings** -> **Configuration** or **Environment variables**. \n3. In the **Application settings** tab, select **+ New application setting**.\n4. Add each of the following application settings individually, with their respective string values (case-sensitive):\n\t\tRESOURCE_ID\n\t\tIPINFO_TOKEN\n\t\tTENANT_ID\n\t\tCLIENT_ID\n\t\tCLIENT_SECRET\n\t\tSCHEDULE\n\t\tLOCATION \n5. Once all application settings have been entered, click **Save**."
                                            }
                                        ]
                                    },
                                    "type": "InstructionStepsGroup"
                                }
                            ]
                        }
                    ],
                    "id": "[variables('_uiConfigId1')]"
                }
            }
        },

        {
            "type": "Microsoft.OperationalInsights/workspaces/providers/contentTemplates",
            "apiVersion": "2023-04-01-preview",
            "name": "[variables('dataConnectorTemplateSpecName3')]",
            "location": "[parameters('workspace-location')]",
            "dependsOn": [
                "[extensionResourceId(resourceId('Microsoft.OperationalInsights/workspaces', parameters('workspace')), 'Microsoft.SecurityInsights/contentPackages', variables('_solutionId'))]"
            ],
            "properties": {
                "description": "IPinfo data connector with template version 3.0.0",
                "mainTemplate": {
                    "$schema": "https://schema.management.azure.com/schemas/2019-04-01/deploymentTemplate.json#",
                    "contentVersion": "[variables('dataConnectorVersion3')]",
                    "parameters": {},
                    "variables": {},
                    "resources": [
                        {
                            "name": "[concat(parameters('workspace'),'/Microsoft.SecurityInsights/',variables('_dataConnectorContentId3'))]",
                            "apiVersion": "2021-03-01-preview",
                            "type": "Microsoft.OperationalInsights/workspaces/providers/dataConnectors",
                            "location": "[parameters('workspace-location')]",
                            "kind": "GenericUI",
                            "properties": {
                                "connectorUiConfig": {
                                    "id": "[variables('_uiConfigId3')]",
                                    "title": "IPinfo Privacy (using Azure Functions)",
                                    "publisher": "IPinfo",
                                    "descriptionMarkdown": "This IPinfo data connector installs an Azure Function app to download standard_privacy datasets and insert them into custom log tables in Microsoft Sentinel.",
                                    "graphQueries": [
                                        {
                                            "metricName": "Privacy Data",
                                            "legend": "Ipinfo_Privacy_CL",
                                            "baseQuery": "Ipinfo_Privacy_CL"
                                        }
                                    ],
                                    "sampleQueries": [
                                        {
                                            "description": "Ipinfo_Privacy_CL",
                                            "query": "Ipinfo_Privacy_CL"
                                        }
                                    ],
                                    "dataTypes": [
                                        {
                                            "name": "Ipinfo_Privacy_CL",
                                            "lastDataReceivedQuery": "Ipinfo_Privacy_CL | summarize Time = max(TimeGenerated)"
                                        }
                                    ],
                                    "connectivityCriterias": [
                                        {
                                            "type": "IsConnectedQuery",
                                            "value": [
                                                "Ipinfo_Privacy_CL | summarize LastLogReceived = max(TimeGenerated) | project IsConnected = LastLogReceived > ago(30d)"
                                            ]
                                        }
                                    ],
                                    "availability": {
                                        "status": 1,
                                        "isPreview": true
                                    },
                                    "permissions": {
                                        "resourceProvider": [
                                            {
                                                "provider": "Microsoft.OperationalInsights/workspaces",
                                                "permissionsDisplayText": "read and write permissions on the workspace are required.",
                                                "providerDisplayName": "Workspace",
                                                "scope": "Workspace",
                                                "requiredPermissions": {
                                                    "write": true,
                                                    "read": true,
                                                    "delete": true
                                                }
                                            },
                                            {
                                                "provider": "Microsoft.OperationalInsights/workspaces/sharedKeys",
                                                "permissionsDisplayText": "read permissions to shared keys for the workspace are required. [See the documentation to learn more about workspace keys](https://docs.microsoft.com/azure/azure-monitor/platform/agent-windows#obtain-workspace-id-and-key).",
                                                "providerDisplayName": "Keys",
                                                "scope": "Workspace",
                                                "requiredPermissions": {
                                                    "action": true
                                                }
                                            }
                                        ],
                                        "customs": [
                                            {
                                                "name": "Microsoft.Web/sites permissions",
                                                "description": "Read and write permissions to Azure Functions to create a Function App is required. [See the documentation to learn more about Azure Functions](https://docs.microsoft.com/azure/azure-functions/)."
                                            },
                                            {
                                                "name": "IPinfo API Token",
                                                "description": "Retrieve your IPinfo API Token [here](https://ipinfo.io/)."
                                            }
                                        ]
                                    },
                                    "instructionSteps": [
                                        {
                                            "title": "1. Retrieve API Token",
                                            "description": "Retrieve your IPinfo API Token [here](https://ipinfo.io/)."
                                        },
                                        {
                                            "title": "2. In your Azure AD tenant, create an Azure Active Directory (AAD) application",
                                            "description": "In your Azure AD tenant, create an Azure Active Directory (AAD) application and acquire Tenant ID, Client ID, and Client Secret: Use this Link."
                                        },
                                        {
                                            "title": "3. Assign the AAD application the Microsoft Sentinel Contributor Role.",
                                            "description": "Assign the AAD application you just created to the Contributor(Privileged administrator roles) and Monitoring Metrics Publisher(Job function roles) in the same “Resource Group” you use for “Log Analytic Workspace” on which “Microsoft Sentinel” is added: Use this Link."
                                        },
                                        {
                                            "title": "4. Get Workspace Resource ID",
                                            "description": "Use the Log Analytic Workspace -> Properties blade having the 'Resource ID' property value. This is a fully qualified resourceId which is in the format '/subscriptions/{subscriptionId}/resourceGroups/{resourceGroupName}/providers/Microsoft.OperationalInsights/workspaces/{workspaceName}'"
                                        },
                                        {
                                            "title": "5. Deploy the Azure Function",
                                            "description": "Use this for automated deployment of the IPinfo data connector using an ARM Tempate.\n\n1. Click the **Deploy to Azure** button below. \n\n\t[![Deploy To Azure](https://aka.ms/deploytoazurebutton)](https://aka.ms/sentinel-IPinfo-Privacy-azuredeploy)\n2. Select the preferred **Subscription**, **Resource Group** and **Location**. \n3. Enter the **RESOURCE_ID**, **IPINFO_TOKEN**, **TENANT_ID**, **CLIENT_ID**, **CLIENT_SECRET**."
                                        },
                                        {
                                            "title": "Manual Deployment of Azure Functions",
                                            "description": "Use the following step-by-step instructions to deploy the IPinfo data connector manually with Azure Functions (Deployment via Visual Studio Code).",
                                            "instructions": [
                                                {
                                                    "parameters": {
                                                        "instructionSteps": [
                                                            {
                                                                "title": "Step 1 - Deploy a Function App",
                                                                "description": "1. Download the Azure Function App file. Extract the archive to your local development computer [Azure Function App](https://aka.ms/sentinel-IPinfo-Privacy-functionapp). \n2. Create Function App using Hosting Functions Premium or App service plan using advanced option using VSCode. \n3. Follow the function app manual deployment instructions to deploy the Azure Functions app using VSCode. \n4. After successful deployment of the function app, follow the next steps for configuring it."
                                                            },
                                                            {
                                                                "title": "Step 2 - Configure the Function App",
                                                                "description": "1. Go to Azure Portal for the Function App configuration.\n2. In the Function App, select the Function App Name and select **Settings** -> **Configuration** or **Environment variables**. \n3. In the **Application settings** tab, select **+ New application setting**.\n4. Add each of the following application settings individually, with their respective string values (case-sensitive):\n\t\tRESOURCE_ID\n\t\tIPINFO_TOKEN\n\t\tTENANT_ID\n\t\tCLIENT_ID\n\t\tCLIENT_SECRET\n\t\tSCHEDULE\n\t\tLOCATION \n5. Once all application settings have been entered, click **Save**."
                                                            }
                                                        ]
                                                    },
                                                    "type": "InstructionStepsGroup"
                                                }
                                            ]
                                        }
                                    ]
                                }
                            }
                        },
                        {
                            "type": "Microsoft.OperationalInsights/workspaces/providers/metadata",
                            "apiVersion": "2023-04-01-preview",
                            "name": "[concat(parameters('workspace'),'/Microsoft.SecurityInsights/',concat('DataConnector-', last(split(variables('_dataConnectorId3'),'/'))))]",
                            "properties": {
                                "parentId": "[extensionResourceId(resourceId('Microsoft.OperationalInsights/workspaces', parameters('workspace')), 'Microsoft.SecurityInsights/dataConnectors', variables('_dataConnectorContentId3'))]",
                                "contentId": "[variables('_dataConnectorContentId3')]",
                                "kind": "DataConnector",
                                "version": "[variables('dataConnectorVersion3')]",
                                "source": {
                                    "kind": "Solution",
                                    "name": "IPinfo",
                                    "sourceId": "[variables('_solutionId')]"
                                },
                                "author": {
                                    "name": "IPinfo"
                                },
                                "support": {
                                    "name": "IPinfo",
                                    "email": "support@ipinfo.io",
                                    "tier": "Partner",
                                    "link": "https://www.ipinfo.io/"
                                }
                            }
                        }
                    ]
                },
                "packageKind": "Solution",
                "packageVersion": "[variables('_solutionVersion')]",
                "packageName": "[variables('_solutionName')]",
                "packageId": "[variables('_solutionId')]",
                "contentSchemaVersion": "1.0.0",
                "contentId": "[variables('_dataConnectorContentId3')]",
                "contentKind": "DataConnector",
                "displayName": "IPinfo Privacy (using Azure Functions)",
                "contentProductId": "[variables('_dataConnectorcontentProductId3')]",
                "id": "[variables('_dataConnectorcontentProductId3')]",
                "version": "[variables('dataConnectorVersion3')]"
            }
        },
        {
            "type": "Microsoft.OperationalInsights/workspaces/providers/metadata",
            "apiVersion": "2023-04-01-preview",
            "name": "[concat(parameters('workspace'),'/Microsoft.SecurityInsights/',concat('DataConnector-', last(split(variables('_dataConnectorId3'),'/'))))]",
            "dependsOn": ["[variables('_dataConnectorId3')]"],
            "location": "[parameters('workspace-location')]",
            "properties": {
                "parentId": "[extensionResourceId(resourceId('Microsoft.OperationalInsights/workspaces', parameters('workspace')), 'Microsoft.SecurityInsights/dataConnectors', variables('_dataConnectorContentId3'))]",
                "contentId": "[variables('_dataConnectorContentId3')]",
                "kind": "DataConnector",
                "version": "[variables('dataConnectorVersion3')]",
                "source": {
                    "kind": "Solution",
                    "name": "IPinfo",
                    "sourceId": "[variables('_solutionId')]"
                },
                "author": {
                    "name": "IPinfo"
                },
                "support": {
                    "name": "IPinfo",
                    "email": "support@ipinfo.io",
                    "tier": "Partner",
                    "link": "https://www.ipinfo.io/"
                }
            }
        },
        {
            "name": "[concat(parameters('workspace'),'/Microsoft.SecurityInsights/',variables('_dataConnectorContentId3'))]",
            "apiVersion": "2021-03-01-preview",
            "type": "Microsoft.OperationalInsights/workspaces/providers/dataConnectors",
            "location": "[parameters('workspace-location')]",
            "kind": "GenericUI",
            "properties": {
                "connectorUiConfig": {
                    "title": "IPinfo (using Azure Functions)",
                    "publisher": "IPinfo",
                    "descriptionMarkdown": "This IPinfo data connector installs an Azure Function app to download standard_privacy datasets and insert them into custom log tables in Microsoft Sentinel.",
                    "graphQueries": [
                        {
                            "metricName": "Privacy Data",
                            "legend": "Ipinfo_Privacy_CL",
                            "baseQuery": "Ipinfo_Privacy_CL"
                        }
                    ],
                    "sampleQueries": [
                        {
                            "description": "Ipinfo_Privacy_CL",
                            "query": "Ipinfo_Privacy_CL"
                        }
                    ],
                    "dataTypes": [
                        {
                            "name": "Ipinfo_Privacy_CL",
                            "lastDataReceivedQuery": "Ipinfo_Privacy_CL | summarize Time = max(TimeGenerated)"
                        }
                    ],
                    "connectivityCriterias": [
                        {
                            "type": "IsConnectedQuery",
                            "value": [
                                "Ipinfo_Privacy_CL | summarize LastLogReceived = max(TimeGenerated) | project IsConnected = LastLogReceived > ago(30d)"
                            ]
                        }
                    ],
                    "availability": {
                        "status": 1,
                        "isPreview": true
                    },
                    "permissions": {
                        "resourceProvider": [
                            {
                                "provider": "Microsoft.OperationalInsights/workspaces",
                                "permissionsDisplayText": "read and write permissions on the workspace are required.",
                                "providerDisplayName": "Workspace",
                                "scope": "Workspace",
                                "requiredPermissions": {
                                    "write": true,
                                    "read": true,
                                    "delete": true
                                }
                            },
                            {
                                "provider": "Microsoft.OperationalInsights/workspaces/sharedKeys",
                                "permissionsDisplayText": "read permissions to shared keys for the workspace are required. [See the documentation to learn more about workspace keys](https://docs.microsoft.com/azure/azure-monitor/platform/agent-windows#obtain-workspace-id-and-key).",
                                "providerDisplayName": "Keys",
                                "scope": "Workspace",
                                "requiredPermissions": {
                                    "action": true
                                }
                            }
                        ],
                        "customs": [
                            {
                                "name": "Microsoft.Web/sites permissions",
                                "description": "Read and write permissions to Azure Functions to create a Function App is required. [See the documentation to learn more about Azure Functions](https://docs.microsoft.com/azure/azure-functions/)."
                            },
                            {
                                "name": "IPinfo API Token",
                                "description": "Retrieve your IPinfo API Token [here](https://ipinfo.io/)."
                            }
                        ]
                    },
                    "instructionSteps": [
                        {
                            "title": "1. Retrieve API Token",
                            "description": "Retrieve your IPinfo API Token [here](https://ipinfo.io/)."
                        },
                        {
                            "title": "2. In your Azure AD tenant, create an Azure Active Directory (AAD) application",
                            "description": "In your Azure AD tenant, create an Azure Active Directory (AAD) application and acquire Tenant ID, Client ID, and Client Secret: Use this Link."
                        },
                        {
                            "title": "3. Assign the AAD application the Microsoft Sentinel Contributor Role.",
                            "description": "Assign the AAD application you just created to the Contributor(Privileged administrator roles) and Monitoring Metrics Publisher(Job function roles) in the same “Resource Group” you use for “Log Analytic Workspace” on which “Microsoft Sentinel” is added: Use this Link."
                        },
                        {
                            "title": "4. Get Workspace Resource ID",
                            "description": "Use the Log Analytic Workspace -> Properties blade having the 'Resource ID' property value. This is a fully qualified resourceId which is in the format '/subscriptions/{subscriptionId}/resourceGroups/{resourceGroupName}/providers/Microsoft.OperationalInsights/workspaces/{workspaceName}'"
                        },
                        {
                            "title": "5. Deploy the Azure Function",
                            "description": "Use this for automated deployment of the IPinfo data connector using an ARM Tempate.\n\n1. Click the **Deploy to Azure** button below. \n\n\t[![Deploy To Azure](https://aka.ms/deploytoazurebutton)](https://aka.ms/sentinel-IPinfo-Privacy-azuredeploy)\n2. Select the preferred **Subscription**, **Resource Group** and **Location**. \n3. Enter the **RESOURCE_ID**, **IPINFO_TOKEN**, **TENANT_ID**, **CLIENT_ID**, **CLIENT_SECRET**."
                        },
                        {
                            "title": "Manual Deployment of Azure Functions",
                            "description": "Use the following step-by-step instructions to deploy the IPinfo data connector manually with Azure Functions (Deployment via Visual Studio Code).",
                            "instructions": [
                                {
                                    "parameters": {
                                        "instructionSteps": [
                                            {
                                                "title": "Step 1 - Deploy a Function App",
                                                "description": "1. Download the Azure Function App file. Extract the archive to your local development computer [Azure Function App](https://aka.ms/sentinel-IPinfo-Privacy-functionapp). \n2. Create Function App using Hosting Functions Premium or App service plan using advanced option using VSCode. \n3. Follow the function app manual deployment instructions to deploy the Azure Functions app using VSCode. \n4. After successful deployment of the function app, follow the next steps for configuring it."
                                            },
                                            {
                                                "title": "Step 2 - Configure the Function App",
                                                "description": "1. Go to Azure Portal for the Function App configuration.\n2. In the Function App, select the Function App Name and select **Settings** -> **Configuration** or **Environment variables**. \n3. In the **Application settings** tab, select **+ New application setting**.\n4. Add each of the following application settings individually, with their respective string values (case-sensitive):\n\t\tRESOURCE_ID\n\t\tIPINFO_TOKEN\n\t\tTENANT_ID\n\t\tCLIENT_ID\n\t\tCLIENT_SECRET\n\t\tSCHEDULE\n\t\tLOCATION \n5. Once all application settings have been entered, click **Save**."
                                            }
                                        ]
                                    },
                                    "type": "InstructionStepsGroup"
                                }
                            ]
                        }
                    ],
                    "id": "[variables('_uiConfigId1')]"
                }
            }
        },

        {
            "type": "Microsoft.OperationalInsights/workspaces/providers/contentPackages",
            "apiVersion": "2023-04-01-preview",
            "location": "[parameters('workspace-location')]",
            "properties": {
                "version": "3.0.0",
                "kind": "Solution",
                "contentSchemaVersion": "3.0.0",
                "displayName": "IPinfo",
                "publisherDisplayName": "IPinfo",
                "descriptionHtml": "See Refrence",
                "contentKind": "Solution",
                "contentProductId": "[variables('_solutioncontentProductId')]",
                "id": "[variables('_solutioncontentProductId')]",
                "icon": "<img src=\"https://raw.githubusercontent.com/Azure/Azure-Sentinel/master/Logos/ipinfo.svg\" width=\"75px\" height=\"75px\">",
                "contentId": "[variables('_solutionId')]",
                "parentId": "[variables('_solutionId')]",
                "source": {
                    "kind": "Solution",
                    "name": "IPinfo",
                    "sourceId": "[variables('_solutionId')]"
                },
                "author": {
                    "name": "IPinfo"
                },
                "support": {
                    "name": "IPinfo",
                    "email": "support@ipinfo.io",
                    "tier": "Partner",
                    "link": "https://www.ipinfo.io/"
                },
                "dependencies": {
                    "operator": "AND",
                    "criteria": [
                        {
                            "kind": "DataConnector",
                            "contentId": "[variables('_dataConnectorContentId1')]",
                            "version": "[variables('dataConnectorVersion1')]"
                        },
                        {
                            "kind": "DataConnector",
                            "contentId": "[variables('_dataConnectorContentId2')]",
                            "version": "[variables('dataConnectorVersion2')]"
                        },
                        {
                            "kind": "DataConnector",
                            "contentId": "[variables('_dataConnectorContentId3')]",
                            "version": "[variables('dataConnectorVersion3')]"
                        }
                    ]
                },
                "firstPublishDate": "2024-05-01",
                "providers": ["IPinfo"],
                "categories": {
                    "domains": ["Storage", "Application"]
                }
            },
            "name": "[concat(parameters('workspace'),'/Microsoft.SecurityInsights/', variables('_solutionId'))]"
        }
    ],
    "outputs": {}
}
