{
  "$schema": "https://schema.management.azure.com/schemas/2019-04-01/deploymentTemplate.json#",
  "contentVersion": "1.0.0.0",
  "metadata": {
    "author": "Microsoft - support@microsoft.com",
    "comments": "Solution template for Zinc Open Source"
  },
  "parameters": {
    "location": {
      "type": "string",
      "minLength": 1,
      "defaultValue": "[resourceGroup().location]",
      "metadata": {
        "description": "Not used, but needed to pass arm-ttk test `Location-Should-Not-Be-Hardcoded`.  We instead use the `workspace-location` which is derived from the LA workspace"
      }
    },
    "workspace-location": {
      "type": "string",
      "defaultValue": "",
      "metadata": {
        "description": "[concat('Region to deploy solution resources -- separate from location selection',parameters('location'))]"
      }
    },
    "workspace": {
      "defaultValue": "",
      "type": "string",
      "metadata": {
        "description": "Workspace name for Log Analytics where Microsoft Sentinel is setup"
      }
    }
  },
  "variables": {
    "email": "support@microsoft.com",
    "_email": "[variables('email')]",
    "_solutionName": "Zinc Open Source",
    "_solutionVersion": "3.0.3",
    "solutionId": "azuresentinel.azure-sentinel-solution-zincopensource",
    "_solutionId": "[variables('solutionId')]",
    "analyticRuleObject1": {
      "analyticRuleVersion1": "1.0.2",
      "_analyticRulecontentId1": "3705158d-e008-49c9-92dd-e538e1549090",
      "analyticRuleId1": "[resourceId('Microsoft.SecurityInsights/AlertRuleTemplates', '3705158d-e008-49c9-92dd-e538e1549090')]",
      "analyticRuleTemplateSpecName1": "[concat(parameters('workspace'),'/Microsoft.SecurityInsights/',concat(parameters('workspace'),'-ar-',uniquestring('3705158d-e008-49c9-92dd-e538e1549090')))]",
      "_analyticRulecontentProductId1": "[concat(take(variables('_solutionId'),50),'-','ar','-', uniqueString(concat(variables('_solutionId'),'-','AnalyticsRule','-','3705158d-e008-49c9-92dd-e538e1549090','-', '1.0.2')))]"
    },
    "analyticRuleObject2": {
      "analyticRuleVersion2": "1.0.3",
      "_analyticRulecontentId2": "9a7f6651-801b-491c-a548-8b454b356eaa",
      "analyticRuleId2": "[resourceId('Microsoft.SecurityInsights/AlertRuleTemplates', '9a7f6651-801b-491c-a548-8b454b356eaa')]",
      "analyticRuleTemplateSpecName2": "[concat(parameters('workspace'),'/Microsoft.SecurityInsights/',concat(parameters('workspace'),'-ar-',uniquestring('9a7f6651-801b-491c-a548-8b454b356eaa')))]",
      "_analyticRulecontentProductId2": "[concat(take(variables('_solutionId'),50),'-','ar','-', uniqueString(concat(variables('_solutionId'),'-','AnalyticsRule','-','9a7f6651-801b-491c-a548-8b454b356eaa','-', '1.0.3')))]"
    },
    "analyticRuleObject3": {
      "analyticRuleVersion3": "1.0.4",
      "_analyticRulecontentId3": "95543d6d-f00d-4193-a63f-4edeefb7ec36",
      "analyticRuleId3": "[resourceId('Microsoft.SecurityInsights/AlertRuleTemplates', '95543d6d-f00d-4193-a63f-4edeefb7ec36')]",
      "analyticRuleTemplateSpecName3": "[concat(parameters('workspace'),'/Microsoft.SecurityInsights/',concat(parameters('workspace'),'-ar-',uniquestring('95543d6d-f00d-4193-a63f-4edeefb7ec36')))]",
      "_analyticRulecontentProductId3": "[concat(take(variables('_solutionId'),50),'-','ar','-', uniqueString(concat(variables('_solutionId'),'-','AnalyticsRule','-','95543d6d-f00d-4193-a63f-4edeefb7ec36','-', '1.0.4')))]"
    },
    "_solutioncontentProductId": "[concat(take(variables('_solutionId'),50),'-','sl','-', uniqueString(concat(variables('_solutionId'),'-','Solution','-',variables('_solutionId'),'-', variables('_solutionVersion'))))]"
  },
  "resources": [
    {
      "type": "Microsoft.OperationalInsights/workspaces/providers/contentTemplates",
      "apiVersion": "2023-04-01-preview",
      "name": "[variables('analyticRuleObject1').analyticRuleTemplateSpecName1]",
      "location": "[parameters('workspace-location')]",
      "dependsOn": [
        "[extensionResourceId(resourceId('Microsoft.OperationalInsights/workspaces', parameters('workspace')), 'Microsoft.SecurityInsights/contentPackages', variables('_solutionId'))]"
      ],
      "properties": {
        "description": "ZincOctober2022_AVHits_IOC_AnalyticalRules Analytics Rule with template version 3.0.3",
        "mainTemplate": {
          "$schema": "https://schema.management.azure.com/schemas/2019-04-01/deploymentTemplate.json#",
          "contentVersion": "[variables('analyticRuleObject1').analyticRuleVersion1]",
          "parameters": {},
          "variables": {},
          "resources": [
            {
              "type": "Microsoft.SecurityInsights/AlertRuleTemplates",
              "name": "[variables('analyticRuleObject1')._analyticRulecontentId1]",
              "apiVersion": "2023-02-01-preview",
              "kind": "Scheduled",
              "location": "[parameters('workspace-location')]",
              "properties": {
                "description": "This query looks for Microsoft Defender AV detections related to  Zinc threat actor. In Microsoft Sentinel the SecurityAlerts table includes only the Device Name of the affected device, this query joins the DeviceInfo table to clearly connect other information such as Device group, ip, etc. \n This would allow the Microsoft Sentinel analyst to have more context related to the alert, if available.\n Reference: https://www.microsoft.com/security/blog/2022/09/29/zinc-weaponizing-open-source-software/",
                "displayName": "AV detections related to Zinc actors",
                "enabled": false,
                "query": "let Zinc_threats = dynamic([\"Trojan:Win32/ZetaNile.A\", \"Trojan:Win32/EventHorizon.A\", \"Trojan:Win32/FoggyBrass.A\", \"Trojan:Win32/FoggyBrass.B\", \"Trojan:Win32/PhantomStar.A\",\"Trojan:Win32/PhantomStar.C\",\"TrojanDropper:Win32/PhantomStar.A\"]);\nDeviceInfo\n| extend DeviceName = tolower(DeviceName)\n| join kind=inner ( SecurityAlert\n| where ProviderName == \"MDATP\"\n| extend ThreatName = tostring(parse_json(ExtendedProperties).ThreatName)\n| extend ThreatFamilyName = tostring(parse_json(ExtendedProperties).ThreatFamilyName)\n| where ThreatName in~ (Zinc_threats) or ThreatFamilyName in~ (Zinc_threats)\n| extend CompromisedEntity = tolower(CompromisedEntity)\n) on $left.DeviceName == $right.CompromisedEntity\n| summarize by DisplayName, ThreatName, ThreatFamilyName, PublicIP, AlertSeverity, Description, tostring(LoggedOnUsers), DeviceId, TenantId , bin(TimeGenerated, 1d), CompromisedEntity, tostring(LoggedOnUsers), ProductName, Entities\n| extend HostName = tostring(split(CompromisedEntity, '.', 0)[0]), DnsDomain = tostring(strcat_array(array_slice(split(CompromisedEntity, '.'), 1, -1), '.'))\n",
                "queryFrequency": "P1D",
                "queryPeriod": "P1D",
                "severity": "High",
                "suppressionDuration": "PT1H",
                "suppressionEnabled": false,
                "triggerOperator": "GreaterThan",
                "triggerThreshold": 0,
                "status": "Available",
                "requiredDataConnectors": [
                  {
                    "dataTypes": [
                      "SecurityAlert",
                      "DeviceInfo"
                    ],
                    "connectorId": "MicrosoftThreatProtection"
                  }
                ],
                "tactics": [
                  "Impact"
                ],
                "techniques": [
                  "T1486"
                ],
                "entityMappings": [
                  {
                    "fieldMappings": [
                      {
                        "identifier": "HostName",
                        "columnName": "HostName"
                      },
                      {
                        "identifier": "DnsDomain",
                        "columnName": "DnsDomain"
                      }
                    ],
                    "entityType": "Host"
                  },
                  {
                    "fieldMappings": [
                      {
                        "identifier": "Address",
                        "columnName": "PublicIP"
                      }
                    ],
                    "entityType": "IP"
                  }
                ]
              }
            },
            {
              "type": "Microsoft.OperationalInsights/workspaces/providers/metadata",
              "apiVersion": "2022-01-01-preview",
              "name": "[concat(parameters('workspace'),'/Microsoft.SecurityInsights/',concat('AnalyticsRule-', last(split(variables('analyticRuleObject1').analyticRuleId1,'/'))))]",
              "properties": {
                "description": "Zinc Open Source Analytics Rule 1",
                "parentId": "[variables('analyticRuleObject1').analyticRuleId1]",
                "contentId": "[variables('analyticRuleObject1')._analyticRulecontentId1]",
                "kind": "AnalyticsRule",
                "version": "[variables('analyticRuleObject1').analyticRuleVersion1]",
                "source": {
                  "kind": "Solution",
                  "name": "Zinc Open Source",
                  "sourceId": "[variables('_solutionId')]"
                },
                "author": {
                  "name": "Microsoft",
                  "email": "[variables('_email')]"
                },
                "support": {
                  "tier": "Microsoft",
                  "name": "Microsoft Corporation",
                  "email": "support@microsoft.com",
                  "link": "https://support.microsoft.com/"
                }
              }
            }
          ]
        },
        "packageKind": "Solution",
        "packageVersion": "[variables('_solutionVersion')]",
        "packageName": "[variables('_solutionName')]",
        "packageId": "[variables('_solutionId')]",
        "contentSchemaVersion": "3.0.0",
        "contentId": "[variables('analyticRuleObject1')._analyticRulecontentId1]",
        "contentKind": "AnalyticsRule",
        "displayName": "AV detections related to Zinc actors",
        "contentProductId": "[variables('analyticRuleObject1')._analyticRulecontentProductId1]",
        "id": "[variables('analyticRuleObject1')._analyticRulecontentProductId1]",
        "version": "[variables('analyticRuleObject1').analyticRuleVersion1]"
      }
    },
    {
      "type": "Microsoft.OperationalInsights/workspaces/providers/contentTemplates",
      "apiVersion": "2023-04-01-preview",
      "name": "[variables('analyticRuleObject2').analyticRuleTemplateSpecName2]",
      "location": "[parameters('workspace-location')]",
      "dependsOn": [
        "[extensionResourceId(resourceId('Microsoft.OperationalInsights/workspaces', parameters('workspace')), 'Microsoft.SecurityInsights/contentPackages', variables('_solutionId'))]"
      ],
      "properties": {
        "description": "ZincOctober2022_Filename_Commandline_IOC_AnalyticalRules Analytics Rule with template version 3.0.3",
        "mainTemplate": {
          "$schema": "https://schema.management.azure.com/schemas/2019-04-01/deploymentTemplate.json#",
          "contentVersion": "[variables('analyticRuleObject2').analyticRuleVersion2]",
          "parameters": {},
          "variables": {},
          "resources": [
            {
              "type": "Microsoft.SecurityInsights/AlertRuleTemplates",
              "name": "[variables('analyticRuleObject2')._analyticRulecontentId2]",
              "apiVersion": "2023-02-01-preview",
              "kind": "Scheduled",
              "location": "[parameters('workspace-location')]",
              "properties": {
                "description": "Identifies a match across filename and commandline IOC's related to an actor tracked by Microsoft as Zinc.\nReference: https://www.microsoft.com/security/blog/2022/09/29/zinc-weaponizing-open-source-software/",
                "displayName": "Zinc Actor IOCs files - October 2022",
                "enabled": false,
                "query": "let iocs = externaldata(DateAdded:string,IoC:string,Type:string) [@\"https://raw.githubusercontent.com/Azure/Azure-Sentinel/master/Sample%20Data/Feeds/ZincOctober2022IOCs.csv\"] with (format=\"csv\", ignoreFirstRecord=True);\nlet file_path = (iocs | where Type =~ \"filepath\" | project IoC);\nlet commandline = (iocs | where Type =~ \"commandline\" | project IoC);\n(union isfuzzy=true \n(DeviceNetworkEvents\n| where  InitiatingProcessFolderPath has_any (file_path) or InitiatingProcessCommandLine has_any (commandline)\n| project TimeGenerated, ActionType, DeviceId, DeviceName, InitiatingProcessAccountDomain, InitiatingProcessAccountName, InitiatingProcessCommandLine, InitiatingProcessFolderPath, InitiatingProcessId, InitiatingProcessParentFileName, InitiatingProcessFileName, RemoteIP, RemoteUrl, LocalIP, Type\n| extend timestamp = TimeGenerated, HostEntity = DeviceName\n),\n(Event\n| where Source =~ \"Microsoft-Windows-Sysmon\"\n| where EventID == 1\n| extend EvData = parse_xml(EventData)\n| extend EventDetail = EvData.DataItem.EventData.Data\n| extend Image = EventDetail.[4].[\"#text\"],  CommandLine = EventDetail.[10].[\"#text\"]\n| where Image has_any (file_path)  or   CommandLine has_any (commandline)\n| project TimeGenerated, EventDetail, UserName, Computer, Type, Source, CommandLine, Image\n| extend Type = strcat(Type, \": \", Source)\n| extend timestamp = TimeGenerated, HostEntity = Computer , AccountEntity = UserName, ProcessEntity = tostring(split(Image, '\\\\', -1)[-1])\n),  \n(DeviceProcessEvents\n| where  ( InitiatingProcessCommandLine has_any (file_path)) or ( InitiatingProcessCommandLine has_any (commandline))  or (InitiatingProcessFolderPath has_any (file_path)) or (InitiatingProcessFolderPath has_any (commandline)) or (FolderPath  has_any (file_path)) or (FolderPath has_any (commandline))\n| project TimeGenerated, ActionType, DeviceId, DeviceName, InitiatingProcessAccountDomain, InitiatingProcessAccountName, InitiatingProcessCommandLine, InitiatingProcessFolderPath, InitiatingProcessId, InitiatingProcessParentFileName, InitiatingProcessFileName, InitiatingProcessSHA256, FolderPath, Type\n| extend timestamp = TimeGenerated, HostEntity = DeviceName , AccountEntity = InitiatingProcessAccountName, ProcessEntity = InitiatingProcessFileName\n),\n(DeviceFileEvents\n| where  (InitiatingProcessFolderPath has_any (file_path)) or (InitiatingProcessFolderPath has_any (commandline)) or (FolderPath  has_any (file_path)) or (FolderPath  has_any (commandline)) or ( InitiatingProcessCommandLine has_any (commandline)) or ( InitiatingProcessCommandLine has_any (file_path))\n| project TimeGenerated, ActionType, DeviceId, DeviceName, InitiatingProcessAccountDomain, InitiatingProcessAccountName, InitiatingProcessCommandLine, InitiatingProcessFolderPath, InitiatingProcessId, InitiatingProcessParentFileName, InitiatingProcessFileName, RequestAccountName, RequestSourceIP, InitiatingProcessSHA256, FolderPath, Type\n| extend timestamp = TimeGenerated, HostEntity = DeviceName , AccountEntity = RequestAccountName, ProcessEntity = InitiatingProcessFileName, AlgorithmEntity = \"SHA256\", FileHashEntity = InitiatingProcessSHA256\n),\n(DeviceEvents\n| where  ( InitiatingProcessCommandLine has_any (file_path)) or ( InitiatingProcessCommandLine has_any (commandline)) or (InitiatingProcessFolderPath has_any (file_path)) or (InitiatingProcessFolderPath has_any (commandline)) or (FolderPath  has_any (file_path)) or (FolderPath has_any (commandline))\n| project TimeGenerated, ActionType, DeviceId, DeviceName, InitiatingProcessAccountDomain, InitiatingProcessAccountName, InitiatingProcessCommandLine, InitiatingProcessFolderPath, InitiatingProcessId, InitiatingProcessParentFileName, InitiatingProcessFileName, FolderPath, Type\n| extend CommandLine = InitiatingProcessCommandLine\n| extend timestamp = TimeGenerated, HostEntity = DeviceName , AccountEntity = InitiatingProcessAccountName, ProcessEntity = InitiatingProcessFileName\n),\n(SecurityEvent\n| where EventID == 4688\n| where ( CommandLine has_any (file_path)) or ( CommandLine has_any (commandline))  or (NewProcessName has_any (file_path)) or (NewProcessName has_any (commandline)) or (ParentProcessName has_any (file_path)) or (ParentProcessName has_any (commandline))\n| project TimeGenerated, Computer, NewProcessName, ParentProcessName, Account, NewProcessId, Type\n| extend timestamp = TimeGenerated, HostEntity = Computer , AccountEntity = Account, ProcessEntity = NewProcessName\n)\n)\n| extend HostName = tostring(split(HostEntity, '.', 0)[0]), DnsDomain = tostring(strcat_array(array_slice(split(HostEntity, '.'), 1, -1), '.'))\n| extend Name = tostring(split(AccountEntity, '@', 0)[0]), UPNSuffix = tostring(split(AccountEntity, '@', 1)[0])\n",
                "queryFrequency": "PT6H",
                "queryPeriod": "PT6H",
                "severity": "High",
                "suppressionDuration": "PT1H",
                "suppressionEnabled": false,
                "triggerOperator": "GreaterThan",
                "triggerThreshold": 0,
                "status": "Available",
                "requiredDataConnectors": [
                  {
                    "dataTypes": [
                      "DeviceNetworkEvents",
                      "DeviceFileEvents",
                      "DeviceEvents",
                      "DeviceProcessEvents"
                    ],
                    "connectorId": "MicrosoftThreatProtection"
                  },
                  {
                    "dataTypes": [
                      "SecurityEvent"
                    ],
                    "connectorId": "SecurityEvents"
                  },
                  {
                    "dataTypes": [
                      "SecurityEvents"
                    ],
                    "connectorId": "WindowsSecurityEvents"
                  }
                ],
                "tactics": [
                  "Persistence"
                ],
                "techniques": [
                  "T1546"
                ],
                "entityMappings": [
                  {
                    "fieldMappings": [
                      {
                        "identifier": "Name",
                        "columnName": "Name"
                      },
                      {
                        "identifier": "UPNSuffix",
                        "columnName": "UPNSuffix"
                      }
                    ],
                    "entityType": "Account"
                  },
                  {
                    "fieldMappings": [
                      {
                        "identifier": "HostName",
                        "columnName": "HostName"
                      },
                      {
                        "identifier": "DnsDomain",
                        "columnName": "DnsDomain"
                      }
                    ],
                    "entityType": "Host"
                  },
                  {
                    "fieldMappings": [
                      {
                        "identifier": "Address",
                        "columnName": "RemoteIP"
                      }
                    ],
                    "entityType": "IP"
                  },
                  {
                    "fieldMappings": [
                      {
                        "identifier": "ProcessId",
                        "columnName": "ProcessEntity"
                      }
                    ],
                    "entityType": "Process"
                  },
                  {
                    "fieldMappings": [
                      {
                        "identifier": "Algorithm",
                        "columnName": "AlgorithmEntity"
                      },
                      {
                        "identifier": "Value",
                        "columnName": "FileHashEntity"
                      }
                    ],
                    "entityType": "FileHash"
                  }
                ]
              }
            },
            {
              "type": "Microsoft.OperationalInsights/workspaces/providers/metadata",
              "apiVersion": "2022-01-01-preview",
              "name": "[concat(parameters('workspace'),'/Microsoft.SecurityInsights/',concat('AnalyticsRule-', last(split(variables('analyticRuleObject2').analyticRuleId2,'/'))))]",
              "properties": {
                "description": "Zinc Open Source Analytics Rule 2",
                "parentId": "[variables('analyticRuleObject2').analyticRuleId2]",
                "contentId": "[variables('analyticRuleObject2')._analyticRulecontentId2]",
                "kind": "AnalyticsRule",
                "version": "[variables('analyticRuleObject2').analyticRuleVersion2]",
                "source": {
                  "kind": "Solution",
                  "name": "Zinc Open Source",
                  "sourceId": "[variables('_solutionId')]"
                },
                "author": {
                  "name": "Microsoft",
                  "email": "[variables('_email')]"
                },
                "support": {
                  "tier": "Microsoft",
                  "name": "Microsoft Corporation",
                  "email": "support@microsoft.com",
                  "link": "https://support.microsoft.com/"
                }
              }
            }
          ]
        },
        "packageKind": "Solution",
        "packageVersion": "[variables('_solutionVersion')]",
        "packageName": "[variables('_solutionName')]",
        "packageId": "[variables('_solutionId')]",
        "contentSchemaVersion": "3.0.0",
        "contentId": "[variables('analyticRuleObject2')._analyticRulecontentId2]",
        "contentKind": "AnalyticsRule",
        "displayName": "Zinc Actor IOCs files - October 2022",
        "contentProductId": "[variables('analyticRuleObject2')._analyticRulecontentProductId2]",
        "id": "[variables('analyticRuleObject2')._analyticRulecontentProductId2]",
        "version": "[variables('analyticRuleObject2').analyticRuleVersion2]"
      }
    },
    {
      "type": "Microsoft.OperationalInsights/workspaces/providers/contentTemplates",
      "apiVersion": "2023-04-01-preview",
      "name": "[variables('analyticRuleObject3').analyticRuleTemplateSpecName3]",
      "location": "[parameters('workspace-location')]",
      "dependsOn": [
        "[extensionResourceId(resourceId('Microsoft.OperationalInsights/workspaces', parameters('workspace')), 'Microsoft.SecurityInsights/contentPackages', variables('_solutionId'))]"
      ],
      "properties": {
        "description": "ZincOctober2022_IP_Domain_Hash_IOC_AnalyticalRules Analytics Rule with template version 3.0.3",
        "mainTemplate": {
          "$schema": "https://schema.management.azure.com/schemas/2019-04-01/deploymentTemplate.json#",
          "contentVersion": "[variables('analyticRuleObject3').analyticRuleVersion3]",
          "parameters": {},
          "variables": {},
          "resources": [
            {
              "type": "Microsoft.SecurityInsights/AlertRuleTemplates",
              "name": "[variables('analyticRuleObject3')._analyticRulecontentId3]",
              "apiVersion": "2023-02-01-preview",
              "kind": "Scheduled",
              "location": "[parameters('workspace-location')]",
              "properties": {
                "description": "Use Microsoft's up-to-date Threat Intelligence solution from the Content Hub to replace the deprecated query with outdated IoCs. Install it from: https://learn.microsoft.com/azure/sentinel/sentinel-solutions-deploy",
                "displayName": "[Deprecated] - Zinc Actor IOCs domains hashes IPs and useragent - October 2022",
                "enabled": false,
                "query": "let iocs = externaldata(DateAdded:string,IoC:string,Type:string) [@\"https://raw.githubusercontent.com/Azure/Azure-Sentinel/master/Sample%20Data/Feeds/ZincOctober2022IOCs.csv\"] with (format=\"csv\", ignoreFirstRecord=True);\nlet domains = (iocs | where Type =~ \"domainname\"| project IoC);\nlet IPList = (iocs | where Type =~ \"ip\"| project IoC);\nlet sha256Hashes = (iocs | where Type =~ \"sha256\" | project IoC);\nlet useragents = (iocs | where Type =~ \"useragent\" | project IoC);\n(union isfuzzy=true\n(CommonSecurityLog\n| where DestinationHostName has_any (domains) or RequestURL has_any (domains) or Message has_any (domains) or  SourceIP has_any (IPList) or DestinationIP  has_any (IPList)\n| parse Message with * '(' DNSName ')' *\n| project TimeGenerated, Message, SourceUserID, RequestURL, DestinationHostName, Type, SourceIP, DestinationIP, DNSName\n| extend timestamp = TimeGenerated, AccountEntity = SourceUserID, UrlEntity = RequestURL , IPEntity = DestinationIP, DNSCustomEntity = DNSName\n),\n(DnsEvents\n| where Name in~ (domains) or IPAddresses has_any (IPList)\n| project TimeGenerated, Computer, IPAddresses, Name, ClientIP, Type\n| extend DNSName = Name, Host = Computer\n| extend timestamp = TimeGenerated, HostEntity = Host, DNSCustomEntity = DNSName, IPEntity = IPAddresses\n),\n(VMConnection\n| where  RemoteDnsCanonicalNames has_any (domains)  or  SourceIp has_any (IPList) or DestinationIp has_any (IPList)\n| parse RemoteDnsCanonicalNames with * '[\"' DNSName '\"]' *\n| project TimeGenerated, Computer, Direction, RemoteDnsCanonicalNames, ProcessName, SourceIp, DestinationIp, DestinationPort, DNSName,BytesSent, BytesReceived, RemoteCountry, Type\n| extend timestamp = TimeGenerated, IPEntity = DestinationIp, HostEntity = Computer, ProcessEntity = ProcessName, DNSCustomEntity = DNSName\n),\n(Event\n| where Source =~ \"Microsoft-Windows-Sysmon\"\n| where EventID == 3\n| extend EvData = parse_xml(EventData)\n| extend EventDetail = EvData.DataItem.EventData.Data\n| extend SourceIP = tostring(EventDetail.[9].[\"#text\"]), DestinationIP = tostring(EventDetail.[14].[\"#text\"]), Image = EventDetail.[4].[\"#text\"]\n| where  SourceIP has_any (IPList) or DestinationIP has_any (IPList)\n| project TimeGenerated, SourceIP, DestinationIP, Image, UserName, Computer, EventDetail, Type\n| extend timestamp = TimeGenerated, AccountEntity = UserName, ProcessEntity = tostring(split(Image, '\\\\', -1)[-1]), HostEntity = Computer , IPEntity = DestinationIP\n),  \n(DeviceNetworkEvents\n| where RemoteUrl has_any (domains) or RemoteIP has_any (IPList) or InitiatingProcessSHA256 in (sha256Hashes) \n| project TimeGenerated, ActionType, DeviceId, DeviceName, InitiatingProcessAccountDomain, InitiatingProcessAccountName, InitiatingProcessCommandLine, InitiatingProcessFolderPath, InitiatingProcessId, InitiatingProcessParentFileName, InitiatingProcessFileName, RemoteIP, RemoteUrl, LocalIP, Type\n| extend timestamp = TimeGenerated, IPEntity = RemoteIP, HostEntity = DeviceName, UrlEntity =RemoteUrl\n),\n(AzureDiagnostics\n| where ResourceType =~ \"AZUREFIREWALLS\"\n| where Category =~ \"AzureFirewallDnsProxy\"\n| project TimeGenerated,Resource, msg_s, Type\n| parse msg_s with \"DNS Request: \" ClientIP \":\" ClientPort \" - \" QueryID \" \" Request_Type \" \" Request_Class \" \" Request_Name \". \" Request_Protocol \" \" Request_Size \" \" EDNSO_DO \" \" EDNS0_Buffersize \" \" Responce_Code \" \" Responce_Flags \" \" Responce_Size \" \" Response_Duration\n| where Request_Name has_any (domains) or ClientIP has_any (IPList)\n| extend timestamp = TimeGenerated, DNSName = Request_Name, IPEntity = ClientIP\n),\n(AzureDiagnostics\n| where ResourceType =~ \"AZUREFIREWALLS\"\n| where Category =~ \"AzureFirewallApplicationRule\"\n| project TimeGenerated,Resource, msg_s\n| parse msg_s with Protocol 'request from ' SourceHost ':' SourcePort 'to ' DestinationHost ':' DestinationPort '. Action:' Action\n| where DestinationHost has_any (domains) or SourceHost has_any (IPList)\n| extend timestamp = TimeGenerated, DNSName = DestinationHost, IPEntity = SourceHost\n),\n(Event\n| where Source =~ \"Microsoft-Windows-Sysmon\"\n| where EventID == 1\n| extend EvData = parse_xml(EventData)\n| extend EventDetail = EvData.DataItem.EventData.Data\n| parse EventDetail with * 'SHA256=' SHA256 '\",' *\n| extend Image = EventDetail.[4].[\"#text\"],  CommandLine = EventDetail.[10].[\"#text\"]\n| where SHA256 has_any (sha256Hashes)\n| project TimeGenerated, EventDetail, UserName, Computer, Type, Source, SHA256, CommandLine, Image\n| extend Type = strcat(Type, \": \", Source)\n| extend timestamp = TimeGenerated, HostEntity = Computer , AccountEntity = UserName, ProcessEntity = tostring(split(Image, '\\\\', -1)[-1]), AlgorithmEntity = \"SHA256\", FileHashEntity = SHA256\n),  \n(DeviceProcessEvents\n| where  InitiatingProcessSHA256 has_any (sha256Hashes)\n| project TimeGenerated, ActionType, DeviceId, DeviceName, InitiatingProcessAccountDomain, InitiatingProcessAccountName, InitiatingProcessCommandLine, InitiatingProcessFolderPath, InitiatingProcessId, InitiatingProcessParentFileName, InitiatingProcessFileName, InitiatingProcessSHA256, FolderPath, Type\n| extend timestamp = TimeGenerated, HostEntity = DeviceName , AccountEntity = InitiatingProcessAccountName, ProcessEntity = InitiatingProcessFileName, AlgorithmEntity = \"SHA256\", FileHashEntity = InitiatingProcessSHA256\n),\n(DeviceFileEvents\n| where  InitiatingProcessSHA256 has_any (sha256Hashes)\n| project TimeGenerated, ActionType, DeviceId, DeviceName, InitiatingProcessAccountDomain, InitiatingProcessAccountName, InitiatingProcessCommandLine, InitiatingProcessFolderPath, InitiatingProcessId, InitiatingProcessParentFileName, InitiatingProcessFileName, RequestAccountName, RequestSourceIP, InitiatingProcessSHA256, FolderPath, Type\n| extend timestamp = TimeGenerated, HostEntity = DeviceName , AccountEntity = RequestAccountName, ProcessEntity = InitiatingProcessFileName, AlgorithmEntity = \"SHA256\", FileHashEntity = InitiatingProcessSHA256\n),\n(DeviceEvents\n| where  InitiatingProcessSHA256 has_any (sha256Hashes)\n| project TimeGenerated, ActionType, DeviceId, DeviceName, InitiatingProcessAccountDomain, InitiatingProcessAccountName, InitiatingProcessCommandLine, InitiatingProcessFolderPath, InitiatingProcessId, InitiatingProcessParentFileName, InitiatingProcessFileName, InitiatingProcessSHA256, FolderPath, Type\n| extend CommandLine = InitiatingProcessCommandLine\n| extend timestamp = TimeGenerated, HostEntity = DeviceName , AccountEntity = InitiatingProcessAccountName, ProcessEntity = InitiatingProcessFileName, AlgorithmEntity = \"SHA256\", FileHashEntity = InitiatingProcessSHA256\n),\n(OfficeActivity\n| where ClientIP has_any (IPList) or UserAgent has_any (useragents)\n| project TimeGenerated, UserAgent, Operation, RecordType, UserId, ClientIP, Type\n| extend timestamp = TimeGenerated, IPEntity = ClientIP, AccountEntity = UserId\n)\n)\n| extend HostName = tostring(split(HostEntity, '.', 0)[0]), DnsDomain = tostring(strcat_array(array_slice(split(HostEntity, '.'), 1, -1), '.'))\n| extend Name = tostring(split(AccountEntity, '@', 0)[0]), UPNSuffix = tostring(split(AccountEntity, '@', 1)[0])\n",
                "queryFrequency": "PT6H",
                "queryPeriod": "PT6H",
                "severity": "High",
                "suppressionDuration": "PT1H",
                "suppressionEnabled": false,
                "triggerOperator": "GreaterThan",
                "triggerThreshold": 0,
                "status": "Available",
                "requiredDataConnectors": [
                  {
                    "dataTypes": [
                      "DnsEvents"
                    ],
                    "connectorId": "DNS"
                  },
                  {
                    "dataTypes": [
                      "VMConnection"
                    ],
                    "connectorId": "AzureMonitor(VMInsights)"
                  },
                  {
                    "dataTypes": [
                      "CommonSecurityLog"
                    ],
                    "connectorId": "F5"
                  },
                  {
                    "dataTypes": [
                      "CommonSecurityLog"
                    ],
                    "connectorId": "CiscoASA"
                  },
                  {
                    "dataTypes": [
                      "CommonSecurityLog"
                    ],
                    "connectorId": "PaloAltoNetworks"
                  },
                  {
                    "dataTypes": [
                      "CommonSecurityLog"
                    ],
                    "connectorId": "Fortinet"
                  },
                  {
                    "dataTypes": [
                      "CommonSecurityLog"
                    ],
                    "connectorId": "CheckPoint"
                  },
                  {
                    "dataTypes": [
                      "CommonSecurityLog"
                    ],
                    "connectorId": "CEF"
                  },
                  {
                    "dataTypes": [
                      "CommonSecurityLog"
                    ],
                    "connectorId": "CefAma"
                  },
                  {
                    "dataTypes": [
                      "DeviceNetworkEvents",
                      "DeviceFileEvents",
                      "DeviceEvents",
                      "DeviceProcessEvents"
                    ],
                    "connectorId": "MicrosoftThreatProtection"
                  },
                  {
                    "dataTypes": [
                      "SecurityEvent"
                    ],
                    "connectorId": "SecurityEvents"
                  },
                  {
                    "dataTypes": [
                      "OfficeActivity"
                    ],
                    "connectorId": "Office365"
                  },
                  {
                    "dataTypes": [
                      "AzureDiagnostics"
                    ],
                    "connectorId": "AzureFirewall"
                  },
                  {
                    "dataTypes": [
                      "WindowsFirewall"
                    ],
                    "connectorId": "WindowsFirewall"
                  },
                  {
                    "dataTypes": [
                      "SecurityEvents"
                    ],
                    "connectorId": "WindowsSecurityEvents"
                  },
                  {
                    "dataTypes": [
                      "WindowsEvent"
                    ],
                    "connectorId": "WindowsForwardedEvents"
                  }
                ],
                "tactics": [
                  "Persistence"
                ],
                "techniques": [
                  "T1546"
                ],
                "entityMappings": [
                  {
                    "fieldMappings": [
                      {
                        "identifier": "Name",
                        "columnName": "Name"
                      },
                      {
                        "identifier": "UPNSuffix",
                        "columnName": "UPNSuffix"
                      }
                    ],
                    "entityType": "Account"
                  },
                  {
                    "fieldMappings": [
                      {
                        "identifier": "HostName",
                        "columnName": "HostName"
                      },
                      {
                        "identifier": "DnsDomain",
                        "columnName": "DnsDomain"
                      }
                    ],
                    "entityType": "Host"
                  },
                  {
                    "fieldMappings": [
                      {
                        "identifier": "Address",
                        "columnName": "IPEntity"
                      }
                    ],
                    "entityType": "IP"
                  },
                  {
                    "fieldMappings": [
                      {
                        "identifier": "ProcessId",
                        "columnName": "ProcessEntity"
                      }
                    ],
                    "entityType": "Process"
                  },
                  {
                    "fieldMappings": [
                      {
                        "identifier": "Algorithm",
                        "columnName": "AlgorithmEntity"
                      },
                      {
                        "identifier": "Value",
                        "columnName": "FileHashEntity"
                      }
                    ],
                    "entityType": "FileHash"
                  }
                ]
              }
            },
            {
              "type": "Microsoft.OperationalInsights/workspaces/providers/metadata",
              "apiVersion": "2022-01-01-preview",
              "name": "[concat(parameters('workspace'),'/Microsoft.SecurityInsights/',concat('AnalyticsRule-', last(split(variables('analyticRuleObject3').analyticRuleId3,'/'))))]",
              "properties": {
                "description": "Zinc Open Source Analytics Rule 3",
                "parentId": "[variables('analyticRuleObject3').analyticRuleId3]",
                "contentId": "[variables('analyticRuleObject3')._analyticRulecontentId3]",
                "kind": "AnalyticsRule",
                "version": "[variables('analyticRuleObject3').analyticRuleVersion3]",
                "source": {
                  "kind": "Solution",
                  "name": "Zinc Open Source",
                  "sourceId": "[variables('_solutionId')]"
                },
                "author": {
                  "name": "Microsoft",
                  "email": "[variables('_email')]"
                },
                "support": {
                  "tier": "Microsoft",
                  "name": "Microsoft Corporation",
                  "email": "support@microsoft.com",
                  "link": "https://support.microsoft.com/"
                }
              }
            }
          ]
        },
        "packageKind": "Solution",
        "packageVersion": "[variables('_solutionVersion')]",
        "packageName": "[variables('_solutionName')]",
        "packageId": "[variables('_solutionId')]",
        "contentSchemaVersion": "3.0.0",
        "contentId": "[variables('analyticRuleObject3')._analyticRulecontentId3]",
        "contentKind": "AnalyticsRule",
        "displayName": "[Deprecated] - Zinc Actor IOCs domains hashes IPs and useragent - October 2022",
        "contentProductId": "[variables('analyticRuleObject3')._analyticRulecontentProductId3]",
        "id": "[variables('analyticRuleObject3')._analyticRulecontentProductId3]",
        "version": "[variables('analyticRuleObject3').analyticRuleVersion3]"
      }
    },
    {
      "type": "Microsoft.OperationalInsights/workspaces/providers/contentPackages",
      "apiVersion": "2023-04-01-preview",
      "location": "[parameters('workspace-location')]",
      "properties": {
        "version": "3.0.3",
        "kind": "Solution",
        "contentSchemaVersion": "3.0.0",
        "displayName": "Zinc Open Source",
        "publisherDisplayName": "Microsoft Sentinel, Microsoft Corporation",
        "descriptionHtml": "<p><strong>Note:</strong> Please refer to the following before installing the solution:</p>\n<p>• Review the solution <a href=\"https://github.com/Azure/Azure-Sentinel/tree/master/Solutions/Zinc%20Open%20Source/ReleaseNotes.md\">Release Notes</a></p>\n<p>• There may be <a href=\"https://aka.ms/sentinelsolutionsknownissues\">known issues</a> pertaining to this Solution, please refer to them before installing.</p>\n<p>Microsoft security research teams have detected a wide range of social engineering campaigns using weaponized legitimate open-source software by an actor tracked as ZINC.  ZINC employed traditional social engineering tactics by initially connecting with individuals on LinkedIn, followed by communication over WhatsApp, which acted as the means of delivery for their malicious payloads. ZINC was found weaponizing a wide range of open-source software including PuTTY, KiTTY, TightVNC, Sumatra PDF Reader etc. For more technical and in-depth information about the attack, please read the <a href=\"https://www.microsoft.com/security/blog/2022/09/29/zinc-weaponizing-open-source-software/\">Microsoft Security blog post</a>.This solution provides content to detect and investigate signals related to the attack in Microsoft Sentinel.</p>\n<p><strong>Pre-requisites:</strong></p>\n<p>This is a <a href=\"https://learn.microsoft.com/azure/sentinel/sentinel-solutions-catalog#domain-solutions\">domain solution</a> and does not include any data connectors. The content in this solution supports the connectors listed below. Install one or more of the listed solutions, to unlock the value provided by this solution.</p>\n<p>1.Windows Security Events</p>\n<p>2.Microsoft Defender XDR</p>\n<p>3.Windows Server DNS</p>\n<p>4.F5 Advanced WAF</p>\n<p>5.Cisco ASA</p>\n<p>6.Palo Alto Networks</p>\n<p>7.Common Event Format</p>\n<p>8.Fortinet FortiGate</p>\n<p>9.Check Point</p>\n<p>10.Microsoft 365</p>\n<p>11.Azure Firewall</p>\n<p>12.Microsoft Windows Firewall</p>\n<p>13.Windows Forwarded Events</p>\n<p><strong>Keywords:</strong> Zinc, Open Source, ZetaNile , Putty, Kitty, TightVNC , EventHorizon, FoggyBrass, PhantomStar, threat actor, Adversary.</p>\n<p><strong>Analytic Rules:</strong> 3</p>\n<p><a href=\"https://aka.ms/azuresentinel\">Learn more about Microsoft Sentinel</a> | <a href=\"https://aka.ms/azuresentinelsolutionsdoc\">Learn more about Solutions</a></p>\n",
        "contentKind": "Solution",
        "contentProductId": "[variables('_solutioncontentProductId')]",
        "id": "[variables('_solutioncontentProductId')]",
        "icon": "<img src=\"https://raw.githubusercontent.com/Azure/Azure-Sentinel/master/Logos/Azure_Sentinel.svg\" width=\"75px\" height=\"75px\">",
        "contentId": "[variables('_solutionId')]",
        "parentId": "[variables('_solutionId')]",
        "source": {
          "kind": "Solution",
          "name": "Zinc Open Source",
          "sourceId": "[variables('_solutionId')]"
        },
        "author": {
          "name": "Microsoft",
          "email": "[variables('_email')]"
        },
        "support": {
          "name": "Microsoft Corporation",
          "email": "support@microsoft.com",
          "tier": "Microsoft",
          "link": "https://support.microsoft.com/"
        },
        "dependencies": {
          "operator": "AND",
          "criteria": [
            {
              "kind": "AnalyticsRule",
              "contentId": "[variables('analyticRuleObject1')._analyticRulecontentId1]",
              "version": "[variables('analyticRuleObject1').analyticRuleVersion1]"
            },
            {
              "kind": "AnalyticsRule",
              "contentId": "[variables('analyticRuleObject2')._analyticRulecontentId2]",
              "version": "[variables('analyticRuleObject2').analyticRuleVersion2]"
            },
            {
              "kind": "AnalyticsRule",
              "contentId": "[variables('analyticRuleObject3')._analyticRulecontentId3]",
              "version": "[variables('analyticRuleObject3').analyticRuleVersion3]"
            }
          ]
        },
        "firstPublishDate": "2022-10-03",
        "providers": [
          "Microsoft"
        ],
        "categories": {
          "domains": [
            "Security - Threat Intelligence"
          ]
        }
      },
      "name": "[concat(parameters('workspace'),'/Microsoft.SecurityInsights/', variables('_solutionId'))]"
    }
  ],
  "outputs": {}
}
