{
  "$schema": "https://schema.management.azure.com/schemas/2019-04-01/deploymentTemplate.json#",
  "contentVersion": "1.0.0.0",
  "metadata": {
    "author": "SOC Prime - support@socprime.com",
    "comments": "Solution template for SOC Prime CCF"
  },
  "parameters": {
    "location": {
      "type": "string",
      "minLength": 1,
      "defaultValue": "[resourceGroup().location]",
      "metadata": {
        "description": "Not used, but needed to pass arm-ttk test `Location-Should-Not-Be-Hardcoded`.  We instead use the `workspace-location` which is derived from the LA workspace"
      }
    },
    "workspace-location": {
      "type": "string",
      "defaultValue": "",
      "metadata": {
        "description": "[concat('Region to deploy solution resources -- separate from location selection',parameters('location'))]"
      }
    },
    "workspace": {
      "defaultValue": "",
      "type": "string",
      "metadata": {
        "description": "Workspace name for Log Analytics where Microsoft Sentinel is setup"
      }
    },
    "resourceGroupName": {
      "type": "string",
      "defaultValue": "[resourceGroup().name]",
      "metadata": {
        "description": "resource group name where Microsoft Sentinel is setup"
      }
    },
    "subscription": {
      "type": "string",
      "defaultValue": "[last(split(subscription().id, '/'))]",
      "metadata": {
        "description": "subscription id where Microsoft Sentinel is setup"
      }
    }
  },
  "variables": {
    "email": "support@socprime.com",
    "_email": "[variables('email')]",
    "_solutionName": "SOC Prime CCF",
    "_solutionVersion": "3.0.1",
    "solutionId": "socprimeinc1666873751297.azure-sentinel-solution-socprimeauditccp",
    "_solutionId": "[variables('solutionId')]",
    "workspaceResourceId": "[resourceId('microsoft.OperationalInsights/Workspaces', parameters('workspace'))]",
    "dataConnectorCCPVersion": "3.0.1",
    "_dataConnectorContentIdConnectorDefinition1": "SOCPrimeAuditLogsDataConnector",
    "dataConnectorTemplateNameConnectorDefinition1": "[concat(parameters('workspace'),'-dc-',uniquestring(variables('_dataConnectorContentIdConnectorDefinition1')))]",
    "_dataConnectorContentIdConnections1": "SOCPrimeAuditLogsDataConnectorConnections",
    "dataConnectorTemplateNameConnections1": "[concat(parameters('workspace'),'-dc-',uniquestring(variables('_dataConnectorContentIdConnections1')))]",
    "blanks": "[replace('b', 'b', '')]",
    "analyticRuleObject1": {
      "analyticRuleVersion1": "1.0.0",
      "_analyticRulecontentId1": "a1b2c3d4-e5f6-4078-9012-3456789abcde",
      "analyticRuleId1": "[resourceId('Microsoft.SecurityInsights/AlertRuleTemplates', 'a1b2c3d4-e5f6-4078-9012-3456789abcde')]",
      "analyticRuleTemplateSpecName1": "[concat(parameters('workspace'),'/Microsoft.SecurityInsights/',concat(parameters('workspace'),'-ar-',uniquestring('a1b2c3d4-e5f6-4078-9012-3456789abcde')))]",
      "_analyticRulecontentProductId1": "[concat(take(variables('_solutionId'),50),'-','ar','-', uniqueString(concat(variables('_solutionId'),'-','AnalyticsRule','-','a1b2c3d4-e5f6-4078-9012-3456789abcde','-', '1.0.0')))]"
    },
    "analyticRuleObject2": {
      "analyticRuleVersion2": "1.0.0",
      "_analyticRulecontentId2": "7d4a2b91-8e5c-4f2a-9d6b-3c1f0e4a5d8b",
      "analyticRuleId2": "[resourceId('Microsoft.SecurityInsights/AlertRuleTemplates', '7d4a2b91-8e5c-4f2a-9d6b-3c1f0e4a5d8b')]",
      "analyticRuleTemplateSpecName2": "[concat(parameters('workspace'),'/Microsoft.SecurityInsights/',concat(parameters('workspace'),'-ar-',uniquestring('7d4a2b91-8e5c-4f2a-9d6b-3c1f0e4a5d8b')))]",
      "_analyticRulecontentProductId2": "[concat(take(variables('_solutionId'),50),'-','ar','-', uniqueString(concat(variables('_solutionId'),'-','AnalyticsRule','-','7d4a2b91-8e5c-4f2a-9d6b-3c1f0e4a5d8b','-', '1.0.0')))]"
    },
    "analyticRuleObject3": {
      "analyticRuleVersion3": "1.0.0",
      "_analyticRulecontentId3": "f8e7d6c5-b4a3-4122-8110-0987654321fe",
      "analyticRuleId3": "[resourceId('Microsoft.SecurityInsights/AlertRuleTemplates', 'f8e7d6c5-b4a3-4122-8110-0987654321fe')]",
      "analyticRuleTemplateSpecName3": "[concat(parameters('workspace'),'/Microsoft.SecurityInsights/',concat(parameters('workspace'),'-ar-',uniquestring('f8e7d6c5-b4a3-4122-8110-0987654321fe')))]",
      "_analyticRulecontentProductId3": "[concat(take(variables('_solutionId'),50),'-','ar','-', uniqueString(concat(variables('_solutionId'),'-','AnalyticsRule','-','f8e7d6c5-b4a3-4122-8110-0987654321fe','-', '1.0.0')))]"
    },
    "_solutioncontentProductId": "[concat(take(variables('_solutionId'),50),'-','sl','-', uniqueString(concat(variables('_solutionId'),'-','Solution','-',variables('_solutionId'),'-', variables('_solutionVersion'))))]"
  },
  "resources": [
    {
      "type": "Microsoft.OperationalInsights/workspaces/providers/contentTemplates",
      "apiVersion": "2023-04-01-preview",
      "name": "[concat(parameters('workspace'),'/Microsoft.SecurityInsights/', variables('dataConnectorTemplateNameConnectorDefinition1'), variables('dataConnectorCCPVersion'))]",
      "location": "[parameters('workspace-location')]",
      "dependsOn": [
        "[extensionResourceId(resourceId('Microsoft.OperationalInsights/workspaces', parameters('workspace')), 'Microsoft.SecurityInsights/contentPackages', variables('_solutionId'))]"
      ],
      "properties": {
        "contentId": "[variables('_dataConnectorContentIdConnectorDefinition1')]",
        "displayName": "SOC Prime Platform Audit Logs Data Connector",
        "contentKind": "DataConnector",
        "mainTemplate": {
          "$schema": "https://schema.management.azure.com/schemas/2019-04-01/deploymentTemplate.json#",
          "contentVersion": "[variables('dataConnectorCCPVersion')]",
          "parameters": {},
          "variables": {},
          "resources": [
            {
              "name": "[concat(parameters('workspace'),'/Microsoft.SecurityInsights/',variables('_dataConnectorContentIdConnectorDefinition1'))]",
              "apiVersion": "2022-09-01-preview",
              "type": "Microsoft.OperationalInsights/workspaces/providers/dataConnectorDefinitions",
              "location": "[parameters('workspace-location')]",
              "kind": "Customizable",
              "properties": {
                "connectorUiConfig": {
                  "id": "SOCPrimeAuditLogsDataConnector",
                  "title": "SOC Prime Platform Audit Logs Data Connector",
                  "publisher": "Microsoft",
                  "descriptionMarkdown": "The [SOC Prime Audit Logs](https://tdm.socprime.com/login) data connector allows ingesting logs from the SOC Prime Platform API into Microsoft Sentinel. The data connector is built on Microsoft Sentinel Codeless Connector Platform. It uses the SOC Prime Platform API to fetch SOC Prime platform audit logs and it supports DCR-based [ingestion time transformations](https://docs.microsoft.com/azure/azure-monitor/logs/custom-logs-overview) that parses the received security data into a custom table, thus resulting in better performance.",
                  "graphQueries": [
                    {
                      "metricName": "Total Audit Logs received",
                      "legend": "SOC Prime Audit Logs",
                      "baseQuery": "SOCPrimeAuditLogs_CL"
                    }
                  ],
                  "sampleQueries": [
                    {
                      "description": "Get Sample of SOC Prime  logs",
                      "query": "SOCPrimeAuditLogs_CL | take 10"
                    }
                  ],
                  "dataTypes": [
                    {
                      "name": "SOCPrimeAuditLogs_CL",
                      "lastDataReceivedQuery": "SOCPrimeAuditLogs_CL\n       | where TimeGenerated > ago(12h)                | summarize Time = max(TimeGenerated)\n            | where isnotempty(Time)"
                    }
                  ],
                  "connectivityCriteria": [
                    {
                      "type": "HasDataConnectors",
                      "value": null
                    }
                  ],
                  "availability": {
                    "status": 1,
                    "isPreview": false
                  },
                  "permissions": {
                    "resourceProvider": [
                      {
                        "provider": "Microsoft.OperationalInsights/workspaces",
                        "permissionsDisplayText": "Read and Write permissions are required.",
                        "providerDisplayName": "Workspace",
                        "scope": "Workspace",
                        "requiredPermissions": {
                          "read": true,
                          "write": true,
                          "delete": true,
                          "action": false
                        }
                      }
                    ]
                  },
                  "instructionSteps": [
                    {
                      "instructions": [
                        {
                          "type": "Markdown",
                          "parameters": {
                            "content": "#### Configuration steps for the SOC Prime Platform API \n Follow the instructions to obtain the credentials. you can also follow this [guide](https://tdm.socprime.com/login) to generate personal API key."
                          }
                        },
                        {
                          "type": "Markdown",
                          "parameters": {
                            "content": "#### Retrieve API Key\n   1. Log in to the SOC Prime Platform\n 2. Click [**Account**] icon -> [**Platform Settings**] -> [**API**] \n   3. Click [**Add New Key**] \n   4. In the modal that appears give your key a meaningful name, set expiration date and product APIs the key provides access to \n   5. Click on [**Generate**] \n   6. Copy the key and save it in a safe place. You won't be able to view it again once you close this modal "
                          }
                        },
                        {
                          "type": "Textbox",
                          "parameters": {
                            "label": "SOC Prime API Key",
                            "placeholder": "API Key",
                            "type": "password",
                            "name": "apitoken"
                          }
                        },
                        {
                          "parameters": {
                            "label": "toggle",
                            "name": "toggle"
                          },
                          "type": "ConnectionToggleButton"
                        }
                      ]
                    }
                  ],
                  "isConnectivityCriteriasMatchSome": false
                }
              }
            },
            {
              "name": "[concat(parameters('workspace'),'/Microsoft.SecurityInsights/',concat('DataConnector-', variables('_dataConnectorContentIdConnectorDefinition1')))]",
              "apiVersion": "2022-01-01-preview",
              "type": "Microsoft.OperationalInsights/workspaces/providers/metadata",
              "properties": {
                "parentId": "[extensionResourceId(resourceId('Microsoft.OperationalInsights/workspaces', parameters('workspace')), 'Microsoft.SecurityInsights/dataConnectorDefinitions', variables('_dataConnectorContentIdConnectorDefinition1'))]",
                "contentId": "[variables('_dataConnectorContentIdConnectorDefinition1')]",
                "kind": "DataConnector",
                "version": "[variables('dataConnectorCCPVersion')]",
                "source": {
                  "sourceId": "[variables('_solutionId')]",
                  "name": "[variables('_solutionName')]",
                  "kind": "Solution"
                },
                "author": {
                  "name": "SOC Prime",
                  "email": "[variables('_email')]"
                },
                "support": {
                  "tier": "Partner",
                  "name": "SOC Prime",
                  "email": "support@socprime.com",
                  "link": "https://socprime.com/"
                },
                "dependencies": {
                  "criteria": [
                    {
                      "version": "[variables('dataConnectorCCPVersion')]",
                      "contentId": "[variables('_dataConnectorContentIdConnections1')]",
                      "kind": "ResourcesDataConnector"
                    }
                  ]
                }
              }
            },
            {
              "name": "SOCPrimeLogsDCR",
              "apiVersion": "2022-06-01",
              "type": "Microsoft.Insights/dataCollectionRules",
              "location": "[parameters('workspace-location')]",
              "kind": "[variables('blanks')]",
              "properties": {
                "streamDeclarations": {
                  "Custom-SOCPrimeAuditLogsStreamAgent": {
                    "columns": [
                      {
                        "name": "timestamp",
                        "type": "datetime"
                      },
                      {
                        "name": "event_name",
                        "type": "string"
                      },
                      {
                        "name": "user_email",
                        "type": "string"
                      },
                      {
                        "name": "user_name",
                        "type": "string"
                      },
                      {
                        "name": "event_page",
                        "type": "string"
                      },
                      {
                        "name": "source_ip",
                        "type": "string"
                      },
                      {
                        "name": "user_agent",
                        "type": "string"
                      }
                    ]
                  }
                },
                "destinations": {
                  "logAnalytics": [
                    {
                      "workspaceResourceId": "[variables('workspaceResourceId')]",
                      "name": "clv2ws1"
                    }
                  ]
                },
                "dataFlows": [
                  {
                    "streams": [
                      "Custom-SOCPrimeAuditLogsStreamAgent"
                    ],
                    "destinations": [
                      "clv2ws1"
                    ],
                    "transformKql": "source | extend EventType = 'event'| extend EventVendor = 'SOC Prime' | extend EventProduct = 'TDM Audit Logs'| project TimeGenerated = timestamp, EventName = event_name, UserName=user_name, HttpUserAgent = user_agent, Uri=event_page, UserEmail=user_email, SourceIp=source_ip",
                    "outputStream": "Custom-SOCPrimeAuditLogs_CL"
                  }
                ],
                "dataCollectionEndpointId": "[concat('/subscriptions/',parameters('subscription'),'/resourceGroups/',parameters('resourceGroupName'),'/providers/Microsoft.Insights/dataCollectionEndpoints/',parameters('workspace'))]"
              }
            },
            {
              "name": "SOCPrimeAuditLogs_CL",
              "apiVersion": "2022-10-01",
              "type": "Microsoft.OperationalInsights/workspaces/tables",
              "location": "[parameters('workspace-location')]",
              "kind": null,
              "properties": {
                "schema": {
                  "name": "SOCPrimeAuditLogs_CL",
                  "columns": [
                    {
                      "name": "TimeGenerated",
                      "type": "Datetime",
                      "isDefaultDisplay": true,
                      "description": "The timestamp (UTC) reflecting the time in which the event was generated."
                    },
                    {
                      "name": "EventVendor",
                      "type": "string"
                    },
                    {
                      "name": "EventType",
                      "type": "string"
                    },
                    {
                      "name": "EventProduct",
                      "type": "string"
                    },
                    {
                      "name": "EventName",
                      "type": "string",
                      "description": "Event Name"
                    },
                    {
                      "name": "UserEmail",
                      "type": "string"
                    },
                    {
                      "name": "UserName",
                      "type": "string"
                    },
                    {
                      "name": "Uri",
                      "type": "string"
                    },
                    {
                      "name": "SourceIp",
                      "type": "string"
                    },
                    {
                      "name": "HttpUserAgent",
                      "type": "string"
                    }
                  ]
                }
              }
            }
          ]
        },
        "packageKind": "Solution",
        "packageVersion": "[variables('_solutionVersion')]",
        "packageName": "[variables('_solutionName')]",
        "contentProductId": "[concat(take(variables('_solutionId'), 50),'-','dc','-', uniqueString(concat(variables('_solutionId'),'-','DataConnector','-',variables('_dataConnectorContentIdConnectorDefinition1'),'-', variables('dataConnectorCCPVersion'))))]",
        "packageId": "[variables('_solutionId')]",
        "contentSchemaVersion": "3.0.0",
        "version": "[variables('dataConnectorCCPVersion')]"
      }
    },
    {
      "name": "[concat(parameters('workspace'),'/Microsoft.SecurityInsights/',variables('_dataConnectorContentIdConnectorDefinition1'))]",
      "apiVersion": "2022-09-01-preview",
      "type": "Microsoft.OperationalInsights/workspaces/providers/dataConnectorDefinitions",
      "location": "[parameters('workspace-location')]",
      "kind": "Customizable",
      "properties": {
        "connectorUiConfig": {
          "id": "SOCPrimeAuditLogsDataConnector",
          "title": "SOC Prime Platform Audit Logs Data Connector",
          "publisher": "Microsoft",
          "descriptionMarkdown": "The [SOC Prime Audit Logs](https://tdm.socprime.com/login) data connector allows ingesting logs from the SOC Prime Platform API into Microsoft Sentinel. The data connector is built on Microsoft Sentinel Codeless Connector Platform. It uses the SOC Prime Platform API to fetch SOC Prime platform audit logs and it supports DCR-based [ingestion time transformations](https://docs.microsoft.com/azure/azure-monitor/logs/custom-logs-overview) that parses the received security data into a custom table, thus resulting in better performance.",
          "graphQueries": [
            {
              "metricName": "Total Audit Logs received",
              "legend": "SOC Prime Audit Logs",
              "baseQuery": "SOCPrimeAuditLogs_CL"
            }
          ],
          "sampleQueries": [
            {
              "description": "Get Sample of SOC Prime  logs",
              "query": "SOCPrimeAuditLogs_CL | take 10"
            }
          ],
          "dataTypes": [
            {
              "name": "SOCPrimeAuditLogs_CL",
              "lastDataReceivedQuery": "SOCPrimeAuditLogs_CL\n       | where TimeGenerated > ago(12h)                | summarize Time = max(TimeGenerated)\n            | where isnotempty(Time)"
            }
          ],
          "connectivityCriteria": [
            {
              "type": "HasDataConnectors",
              "value": null
            }
          ],
          "availability": {
            "status": 1,
            "isPreview": false
          },
          "permissions": {
            "resourceProvider": [
              {
                "provider": "Microsoft.OperationalInsights/workspaces",
                "permissionsDisplayText": "Read and Write permissions are required.",
                "providerDisplayName": "Workspace",
                "scope": "Workspace",
                "requiredPermissions": {
                  "read": true,
                  "write": true,
                  "delete": true,
                  "action": false
                }
              }
            ]
          },
          "instructionSteps": [
            {
              "instructions": [
                {
                  "type": "Markdown",
                  "parameters": {
                    "content": "#### Configuration steps for the SOC Prime Platform API \n Follow the instructions to obtain the credentials. you can also follow this [guide](https://tdm.socprime.com/login) to generate personal API key."
                  }
                },
                {
                  "type": "Markdown",
                  "parameters": {
                    "content": "#### Retrieve API Key\n   1. Log in to the SOC Prime Platform\n 2. Click [**Account**] icon -> [**Platform Settings**] -> [**API**] \n   3. Click [**Add New Key**] \n   4. In the modal that appears give your key a meaningful name, set expiration date and product APIs the key provides access to \n   5. Click on [**Generate**] \n   6. Copy the key and save it in a safe place. You won't be able to view it again once you close this modal "
                  }
                },
                {
                  "type": "Textbox",
                  "parameters": {
                    "label": "SOC Prime API Key",
                    "placeholder": "API Key",
                    "type": "password",
                    "name": "apitoken"
                  }
                },
                {
                  "parameters": {
                    "label": "toggle",
                    "name": "toggle"
                  },
                  "type": "ConnectionToggleButton"
                }
              ]
            }
          ],
          "isConnectivityCriteriasMatchSome": false
        }
      }
    },
    {
      "name": "[concat(parameters('workspace'),'/Microsoft.SecurityInsights/',concat('DataConnector-', variables('_dataConnectorContentIdConnectorDefinition1')))]",
      "apiVersion": "2022-01-01-preview",
      "type": "Microsoft.OperationalInsights/workspaces/providers/metadata",
      "properties": {
        "parentId": "[extensionResourceId(resourceId('Microsoft.OperationalInsights/workspaces', parameters('workspace')), 'Microsoft.SecurityInsights/dataConnectorDefinitions', variables('_dataConnectorContentIdConnectorDefinition1'))]",
        "contentId": "[variables('_dataConnectorContentIdConnectorDefinition1')]",
        "kind": "DataConnector",
        "version": "[variables('dataConnectorCCPVersion')]",
        "source": {
          "sourceId": "[variables('_solutionId')]",
          "name": "[variables('_solutionName')]",
          "kind": "Solution"
        },
        "author": {
          "name": "SOC Prime",
          "email": "[variables('_email')]"
        },
        "support": {
          "tier": "Partner",
          "name": "SOC Prime",
          "email": "support@socprime.com",
          "link": "https://socprime.com/"
        },
        "dependencies": {
          "criteria": [
            {
              "version": "[variables('dataConnectorCCPVersion')]",
              "contentId": "[variables('_dataConnectorContentIdConnections1')]",
              "kind": "ResourcesDataConnector"
            }
          ]
        }
      }
    },
    {
      "type": "Microsoft.OperationalInsights/workspaces/providers/contentTemplates",
      "apiVersion": "2023-04-01-preview",
      "name": "[concat(parameters('workspace'),'/Microsoft.SecurityInsights/', variables('dataConnectorTemplateNameConnections1'), variables('dataConnectorCCPVersion'))]",
      "location": "[parameters('workspace-location')]",
      "dependsOn": [
        "[extensionResourceId(resourceId('Microsoft.OperationalInsights/workspaces', parameters('workspace')), 'Microsoft.SecurityInsights/contentPackages', variables('_solutionId'))]"
      ],
      "properties": {
        "contentId": "[variables('_dataConnectorContentIdConnections1')]",
        "displayName": "SOC Prime Platform Audit Logs Data Connector",
        "contentKind": "ResourcesDataConnector",
        "mainTemplate": {
          "$schema": "https://schema.management.azure.com/schemas/2019-04-01/deploymentTemplate.json#",
          "contentVersion": "[variables('dataConnectorCCPVersion')]",
          "parameters": {
            "guidValue": {
              "defaultValue": "[[newGuid()]",
              "type": "securestring"
            },
            "innerWorkspace": {
              "defaultValue": "[parameters('workspace')]",
              "type": "securestring"
            },
            "connectorDefinitionName": {
              "defaultValue": "SOC Prime Platform Audit Logs Data Connector",
              "type": "securestring",
              "minLength": 1
            },
            "workspace": {
              "defaultValue": "[parameters('workspace')]",
              "type": "securestring"
            },
            "dcrConfig": {
              "defaultValue": {
                "dataCollectionEndpoint": "data collection Endpoint",
                "dataCollectionRuleImmutableId": "data collection rule immutableId"
              },
              "type": "object"
            },
            "apitoken": {
              "defaultValue": "apitoken",
              "type": "securestring",
              "minLength": 1
            }
          },
          "variables": {
            "_dataConnectorContentIdConnections1": "[variables('_dataConnectorContentIdConnections1')]"
          },
          "resources": [
            {
              "name": "[concat(parameters('workspace'),'/Microsoft.SecurityInsights/',concat('DataConnector-', variables('_dataConnectorContentIdConnections1')))]",
              "apiVersion": "2022-01-01-preview",
              "type": "Microsoft.OperationalInsights/workspaces/providers/metadata",
              "properties": {
                "parentId": "[extensionResourceId(resourceId('Microsoft.OperationalInsights/workspaces', parameters('workspace')), 'Microsoft.SecurityInsights/dataConnectors', variables('_dataConnectorContentIdConnections1'))]",
                "contentId": "[variables('_dataConnectorContentIdConnections1')]",
                "kind": "ResourcesDataConnector",
                "version": "[variables('dataConnectorCCPVersion')]",
                "source": {
                  "sourceId": "[variables('_solutionId')]",
                  "name": "[variables('_solutionName')]",
                  "kind": "Solution"
                },
                "author": {
                  "name": "SOC Prime",
                  "email": "[variables('_email')]"
                },
                "support": {
                  "tier": "Partner",
                  "name": "SOC Prime",
                  "email": "support@socprime.com",
                  "link": "https://socprime.com/"
                }
              }
            },
            {
              "name": "[[concat(parameters('innerWorkspace'),'/Microsoft.SecurityInsights/', 'SOCPrimeAuditLogs', parameters('guidValue'))]",
              "apiVersion": "2023-02-01-preview",
              "type": "Microsoft.OperationalInsights/workspaces/providers/dataConnectors",
              "location": "[parameters('workspace-location')]",
              "kind": "RestApiPoller",
              "properties": {
                "connectorDefinitionName": "SOCPrimeAuditLogsDataConnector",
                "dataType": "SOCPrimeAuditLogs_CL",
                "auth": {
                  "type": "APIKey",
                  "ApiKey": "[[parameters('apitoken')]",
                  "ApiKeyName": "client_secret_id"
                },
                "request": {
                  "apiEndpoint": "https://api.tdm.socprime.com/v1/audit-logs",
                  "headers": {
                    "Accept": "application/json",
                    "User-Agent": "SOCPrime_UA"
                  },
                  "httpMethod": "Get",
                  "queryWindowInMin": 10,
                  "retryCount": 3,
                  "rateLimitQPS": 1,
                  "StartTimeAttributeName": "date_from",
                  "EndTimeAttributeName": "date_to"
                },
                "response": {
                  "format": "json",
                  "eventsJsonPaths": [
                    "$.events"
                  ]
                },
                "dcrConfig": {
                  "streamName": "Custom-SOCPrimeAuditLogsStreamAgent",
                  "dataCollectionEndpoint": "[[parameters('dcrConfig').dataCollectionEndpoint]",
                  "dataCollectionRuleImmutableId": "[[parameters('dcrConfig').dataCollectionRuleImmutableId]"
                },
                "paging": {
                  "pagingType": "NextPageToken",
                  "pageSizeParameterName": "size",
                  "pageSize": 100,
                  "nextPageTokenJsonPath": "$.next_page_token",
                  "nextPageParaName": "next_page_token"
                }
              }
            }
          ]
        },
        "packageKind": "Solution",
        "packageVersion": "[variables('_solutionVersion')]",
        "packageName": "[variables('_solutionName')]",
        "contentProductId": "[concat(take(variables('_solutionId'), 50),'-','rdc','-', uniqueString(concat(variables('_solutionId'),'-','ResourcesDataConnector','-',variables('_dataConnectorContentIdConnections1'),'-', variables('dataConnectorCCPVersion'))))]",
        "packageId": "[variables('_solutionId')]",
        "contentSchemaVersion": "3.0.0",
        "version": "[variables('dataConnectorCCPVersion')]"
      }
    },
    {
      "type": "Microsoft.OperationalInsights/workspaces/providers/contentTemplates",
      "apiVersion": "2023-04-01-preview",
      "name": "[variables('analyticRuleObject1').analyticRuleTemplateSpecName1]",
      "location": "[parameters('workspace-location')]",
      "dependsOn": [
        "[extensionResourceId(resourceId('Microsoft.OperationalInsights/workspaces', parameters('workspace')), 'Microsoft.SecurityInsights/contentPackages', variables('_solutionId'))]"
      ],
      "properties": {
        "description": "SOCPrimeDeletedCustomFieldMappingProfile_AnalyticalRules Analytics Rule with template version 3.0.1",
        "mainTemplate": {
          "$schema": "https://schema.management.azure.com/schemas/2019-04-01/deploymentTemplate.json#",
          "contentVersion": "[variables('analyticRuleObject1').analyticRuleVersion1]",
          "parameters": {},
          "variables": {},
          "resources": [
            {
              "type": "Microsoft.SecurityInsights/AlertRuleTemplates",
              "name": "[variables('analyticRuleObject1')._analyticRulecontentId1]",
              "apiVersion": "2023-02-01-preview",
              "kind": "Scheduled",
              "location": "[parameters('workspace-location')]",
              "properties": {
                "description": "Deleted a Custom Field Mapping profile from SOC Prime platform",
                "displayName": "Deleted a Custom Field Mapping profile",
                "enabled": false,
                "query": "SOCPrimeAuditLogs_CL \n| where EventName ==\"Deleted a Custom Field Mapping profile\"\n",
                "queryFrequency": "PT1H",
                "queryPeriod": "PT1H",
                "severity": "Medium",
                "suppressionDuration": "PT1H",
                "suppressionEnabled": false,
                "triggerOperator": "GreaterThan",
                "triggerThreshold": 0,
                "status": "Available",
                "requiredDataConnectors": [
                  {
                    "connectorId": "SOCPrimeAuditLogsDataConnector",
                    "dataTypes": [
                      "SOCPrimeAuditLogs_CL"
                    ]
                  }
                ],
                "tactics": [
                  "DefenseEvasion"
                ],
                "subTechniques": [
                  "T1562.001"
                ],
                "techniques": [
                  "T1562"
                ]
              }
            },
            {
              "type": "Microsoft.OperationalInsights/workspaces/providers/metadata",
              "apiVersion": "2022-01-01-preview",
              "name": "[concat(parameters('workspace'),'/Microsoft.SecurityInsights/',concat('AnalyticsRule-', last(split(variables('analyticRuleObject1').analyticRuleId1,'/'))))]",
              "properties": {
                "description": "SOC Prime CCF Analytics Rule 1",
                "parentId": "[variables('analyticRuleObject1').analyticRuleId1]",
                "contentId": "[variables('analyticRuleObject1')._analyticRulecontentId1]",
                "kind": "AnalyticsRule",
                "version": "[variables('analyticRuleObject1').analyticRuleVersion1]",
                "source": {
                  "kind": "Solution",
                  "name": "SOC Prime CCF",
                  "sourceId": "[variables('_solutionId')]"
                },
                "author": {
                  "name": "SOC Prime",
                  "email": "[variables('_email')]"
                },
                "support": {
                  "tier": "Partner",
                  "name": "SOC Prime",
                  "email": "support@socprime.com",
                  "link": "https://socprime.com/"
                }
              }
            }
          ]
        },
        "packageKind": "Solution",
        "packageVersion": "[variables('_solutionVersion')]",
        "packageName": "[variables('_solutionName')]",
        "packageId": "[variables('_solutionId')]",
        "contentSchemaVersion": "3.0.0",
        "contentId": "[variables('analyticRuleObject1')._analyticRulecontentId1]",
        "contentKind": "AnalyticsRule",
        "displayName": "Deleted a Custom Field Mapping profile",
        "contentProductId": "[variables('analyticRuleObject1')._analyticRulecontentProductId1]",
        "id": "[variables('analyticRuleObject1')._analyticRulecontentProductId1]",
        "version": "[variables('analyticRuleObject1').analyticRuleVersion1]"
      }
    },
    {
      "type": "Microsoft.OperationalInsights/workspaces/providers/contentTemplates",
      "apiVersion": "2023-04-01-preview",
      "name": "[variables('analyticRuleObject2').analyticRuleTemplateSpecName2]",
      "location": "[parameters('workspace-location')]",
      "dependsOn": [
        "[extensionResourceId(resourceId('Microsoft.OperationalInsights/workspaces', parameters('workspace')), 'Microsoft.SecurityInsights/contentPackages', variables('_solutionId'))]"
      ],
      "properties": {
        "description": "SOCPrimeDeletedTenant_AnalyticalRules Analytics Rule with template version 3.0.1",
        "mainTemplate": {
          "$schema": "https://schema.management.azure.com/schemas/2019-04-01/deploymentTemplate.json#",
          "contentVersion": "[variables('analyticRuleObject2').analyticRuleVersion2]",
          "parameters": {},
          "variables": {},
          "resources": [
            {
              "type": "Microsoft.SecurityInsights/AlertRuleTemplates",
              "name": "[variables('analyticRuleObject2')._analyticRulecontentId2]",
              "apiVersion": "2023-02-01-preview",
              "kind": "Scheduled",
              "location": "[parameters('workspace-location')]",
              "properties": {
                "description": "Deleted a Tenant from SOC Prime platform",
                "displayName": "Deleted a Tenant",
                "enabled": false,
                "query": "SOCPrimeAuditLogs_CL \n| where EventName ==\"Deleted a Tenant\"\n",
                "queryFrequency": "PT1H",
                "queryPeriod": "PT1H",
                "severity": "Medium",
                "suppressionDuration": "PT1H",
                "suppressionEnabled": false,
                "triggerOperator": "GreaterThan",
                "triggerThreshold": 0,
                "status": "Available",
                "requiredDataConnectors": [
                  {
                    "connectorId": "SOCPrimeAuditLogsDataConnector",
                    "dataTypes": [
                      "SOCPrimeAuditLogs_CL"
                    ]
                  }
                ],
                "tactics": [
                  "DefenseEvasion"
                ],
                "subTechniques": [
                  "T1562.001"
                ],
                "techniques": [
                  "T1562"
                ]
              }
            },
            {
              "type": "Microsoft.OperationalInsights/workspaces/providers/metadata",
              "apiVersion": "2022-01-01-preview",
              "name": "[concat(parameters('workspace'),'/Microsoft.SecurityInsights/',concat('AnalyticsRule-', last(split(variables('analyticRuleObject2').analyticRuleId2,'/'))))]",
              "properties": {
                "description": "SOC Prime CCF Analytics Rule 2",
                "parentId": "[variables('analyticRuleObject2').analyticRuleId2]",
                "contentId": "[variables('analyticRuleObject2')._analyticRulecontentId2]",
                "kind": "AnalyticsRule",
                "version": "[variables('analyticRuleObject2').analyticRuleVersion2]",
                "source": {
                  "kind": "Solution",
                  "name": "SOC Prime CCF",
                  "sourceId": "[variables('_solutionId')]"
                },
                "author": {
                  "name": "SOC Prime",
                  "email": "[variables('_email')]"
                },
                "support": {
                  "tier": "Partner",
                  "name": "SOC Prime",
                  "email": "support@socprime.com",
                  "link": "https://socprime.com/"
                }
              }
            }
          ]
        },
        "packageKind": "Solution",
        "packageVersion": "[variables('_solutionVersion')]",
        "packageName": "[variables('_solutionName')]",
        "packageId": "[variables('_solutionId')]",
        "contentSchemaVersion": "3.0.0",
        "contentId": "[variables('analyticRuleObject2')._analyticRulecontentId2]",
        "contentKind": "AnalyticsRule",
        "displayName": "Deleted a Tenant",
        "contentProductId": "[variables('analyticRuleObject2')._analyticRulecontentProductId2]",
        "id": "[variables('analyticRuleObject2')._analyticRulecontentProductId2]",
        "version": "[variables('analyticRuleObject2').analyticRuleVersion2]"
      }
    },
    {
      "type": "Microsoft.OperationalInsights/workspaces/providers/contentTemplates",
      "apiVersion": "2023-04-01-preview",
      "name": "[variables('analyticRuleObject3').analyticRuleTemplateSpecName3]",
      "location": "[parameters('workspace-location')]",
      "dependsOn": [
        "[extensionResourceId(resourceId('Microsoft.OperationalInsights/workspaces', parameters('workspace')), 'Microsoft.SecurityInsights/contentPackages', variables('_solutionId'))]"
      ],
      "properties": {
        "description": "SuccessLoginFromBadIp_AnalyticalRules Analytics Rule with template version 3.0.1",
        "mainTemplate": {
          "$schema": "https://schema.management.azure.com/schemas/2019-04-01/deploymentTemplate.json#",
          "contentVersion": "[variables('analyticRuleObject3').analyticRuleVersion3]",
          "parameters": {},
          "variables": {},
          "resources": [
            {
              "type": "Microsoft.SecurityInsights/AlertRuleTemplates",
              "name": "[variables('analyticRuleObject3')._analyticRulecontentId3]",
              "apiVersion": "2023-02-01-preview",
              "kind": "Scheduled",
              "location": "[parameters('workspace-location')]",
              "properties": {
                "description": "This rule identifies successful logins from IP addresses previously flagged as malicious (e.g., botnets, TOR exit nodes, or known malicious IPs)",
                "displayName": "Successful logins to SOC PRime platform from bad IP addresses",
                "enabled": false,
                "query": "let blacklistIPs = _GetWatchlist('blacklistOfIps')\n| project IPAddress = column_ifexists('ip', 'IPAddress');\nSOCPrimeAuditLogs_CL\n| where EventName == \"Logged in to the SOC Prime Platform\"\n| where IPAddress in (blacklistIPs)\n| project TimeGenerated, EventName, UserEmail, UserName, SourceIP, Uri, Type\n",
                "queryFrequency": "PT1H",
                "queryPeriod": "PT1H",
                "severity": "Medium",
                "suppressionDuration": "PT1H",
                "suppressionEnabled": false,
                "triggerOperator": "GreaterThan",
                "triggerThreshold": 0,
                "status": "Available",
                "requiredDataConnectors": [
                  {
                    "connectorId": "SOCPrimeAuditLogsDataConnector",
                    "dataTypes": [
                      "SOCPrimeAuditLogs_CL"
                    ]
                  }
                ],
                "tactics": [
                  "InitialAccess"
                ],
                "techniques": [
                  "T1078"
                ]
              }
            },
            {
              "type": "Microsoft.OperationalInsights/workspaces/providers/metadata",
              "apiVersion": "2022-01-01-preview",
              "name": "[concat(parameters('workspace'),'/Microsoft.SecurityInsights/',concat('AnalyticsRule-', last(split(variables('analyticRuleObject3').analyticRuleId3,'/'))))]",
              "properties": {
                "description": "SOC Prime CCF Analytics Rule 3",
                "parentId": "[variables('analyticRuleObject3').analyticRuleId3]",
                "contentId": "[variables('analyticRuleObject3')._analyticRulecontentId3]",
                "kind": "AnalyticsRule",
                "version": "[variables('analyticRuleObject3').analyticRuleVersion3]",
                "source": {
                  "kind": "Solution",
                  "name": "SOC Prime CCF",
                  "sourceId": "[variables('_solutionId')]"
                },
                "author": {
                  "name": "SOC Prime",
                  "email": "[variables('_email')]"
                },
                "support": {
                  "tier": "Partner",
                  "name": "SOC Prime",
                  "email": "support@socprime.com",
                  "link": "https://socprime.com/"
                }
              }
            }
          ]
        },
        "packageKind": "Solution",
        "packageVersion": "[variables('_solutionVersion')]",
        "packageName": "[variables('_solutionName')]",
        "packageId": "[variables('_solutionId')]",
        "contentSchemaVersion": "3.0.0",
        "contentId": "[variables('analyticRuleObject3')._analyticRulecontentId3]",
        "contentKind": "AnalyticsRule",
        "displayName": "Successful logins to SOC PRime platform from bad IP addresses",
        "contentProductId": "[variables('analyticRuleObject3')._analyticRulecontentProductId3]",
        "id": "[variables('analyticRuleObject3')._analyticRulecontentProductId3]",
        "version": "[variables('analyticRuleObject3').analyticRuleVersion3]"
      }
    },
    {
      "type": "Microsoft.OperationalInsights/workspaces/providers/contentPackages",
      "apiVersion": "2023-04-01-preview",
      "location": "[parameters('workspace-location')]",
      "properties": {
        "version": "3.0.1",
        "kind": "Solution",
        "contentSchemaVersion": "3.0.0",
        "displayName": "SOC Prime CCF",
        "publisherDisplayName": "SOC Prime",
        "descriptionHtml": "<p><strong>Note:</strong> Please refer to the following before installing the solution:</p>\n<p>• Review the solution <a href=\"https://github.com/Azure/Azure-Sentinel/tree/master/Solutions/SOC%20Prime%20CCF/ReleaseNotes.md\">Release Notes</a></p>\n<p>• There may be <a href=\"https://aka.ms/sentinelsolutionsknownissues\">known issues</a> pertaining to this Solution, please refer to them before installing.</p>\n<p>The <a href=\"https://tdm.socprime.com/login\">SOC Prime Audit Logs</a> data connector allows ingesting logs from the SOC Prime Platform API into Microsoft Sentinel. The data connector is built on Microsoft Sentinel Codeless Connector Platform. It uses the SOC Prime Platform API to fetch SOC Prime platform audit logs and it supports DCR-based <a href=\"https://docs.microsoft.com/azure/azure-monitor/logs/custom-logs-overview\">ingestion time transformations</a> that parses the received security data into a custom table, thus resulting in better performance.</p>\n<p><strong>Data Connectors:</strong> 1, <strong>Analytic Rules:</strong> 3</p>\n<p><a href=\"https://aka.ms/azuresentinel\">Learn more about Microsoft Sentinel</a> | <a href=\"https://aka.ms/azuresentinelsolutionsdoc\">Learn more about Solutions</a></p>\n",
        "contentKind": "Solution",
        "contentProductId": "[variables('_solutioncontentProductId')]",
        "id": "[variables('_solutioncontentProductId')]",
        "icon": "<img src=\"https://raw.githubusercontent.com/Azure/Azure-Sentinel/master/Logos/SOCPrime_Logo.svg\" width=\"75px\" height=\"75px\">",
        "contentId": "[variables('_solutionId')]",
        "parentId": "[variables('_solutionId')]",
        "source": {
          "kind": "Solution",
          "name": "SOC Prime CCF",
          "sourceId": "[variables('_solutionId')]"
        },
        "author": {
          "name": "SOC Prime",
          "email": "[variables('_email')]"
        },
        "support": {
          "name": "SOC Prime",
          "email": "support@socprime.com",
          "tier": "Partner",
          "link": "https://socprime.com/"
        },
        "dependencies": {
          "operator": "AND",
          "criteria": [
            {
              "kind": "DataConnector",
              "contentId": "[variables('_dataConnectorContentIdConnections1')]",
              "version": "[variables('dataConnectorCCPVersion')]"
            },
            {
              "kind": "AnalyticsRule",
              "contentId": "[variables('analyticRuleObject1')._analyticRulecontentId1]",
              "version": "[variables('analyticRuleObject1').analyticRuleVersion1]"
            },
            {
              "kind": "AnalyticsRule",
              "contentId": "[variables('analyticRuleObject2')._analyticRulecontentId2]",
              "version": "[variables('analyticRuleObject2').analyticRuleVersion2]"
            },
            {
              "kind": "AnalyticsRule",
              "contentId": "[variables('analyticRuleObject3')._analyticRulecontentId3]",
              "version": "[variables('analyticRuleObject3').analyticRuleVersion3]"
            }
          ]
        },
        "firstPublishDate": "2025-09-25",
        "providers": [
          "SOC Prime"
        ],
        "categories": {
          "domains": [
            "Security - Threat Protection"
          ]
        }
      },
      "name": "[concat(parameters('workspace'),'/Microsoft.SecurityInsights/', variables('_solutionId'))]"
    }
  ],
  "outputs": {}
}
