{
  "$schema": "https://schema.management.azure.com/schemas/2019-04-01/deploymentTemplate.json#",
  "contentVersion": "1.0.0.0",
  "metadata": {
    "author": "Sonrai support@sonraisecurity.com",
    "comments": "Solution template for SonraiSecurity"
  },
  "parameters": {
    "location": {
      "type": "string",
      "minLength": 1,
      "defaultValue": "[resourceGroup().location]",
      "metadata": {
        "description": "Not used, but needed to pass arm-ttk test `Location-Should-Not-Be-Hardcoded`.  We instead use the `workspace-location` which is derived from the LA workspace"
      }
    },
    "workspace-location": {
      "type": "string",
      "defaultValue": "",
      "metadata": {
        "description": "[concat('Region to deploy solution resources -- separate from location selection',parameters('location'))]"
      }
    },
    "workspace": {
      "defaultValue": "",
      "type": "string",
      "metadata": {
        "description": "Workspace name for Log Analytics where Microsoft Sentinel is setup"
      }
    },
    "workbook1-name": {
      "type": "string",
      "defaultValue": "Sonrai",
      "minLength": 1,
      "metadata": {
        "description": "Name for the workbook"
      }
    }
  },
  "variables": {
    "solutionId": "azuresentinel.azure-sentinel-solution-isvtesting4-preview",
    "_solutionId": "[variables('solutionId')]",
    "workspaceResourceId": "[resourceId('microsoft.OperationalInsights/Workspaces', parameters('workspace'))]",
    "uiConfigId1": "SonraiDataConnector",
    "_uiConfigId1": "[variables('uiConfigId1')]",
    "dataConnectorContentId1": "SonraiDataConnector",
    "_dataConnectorContentId1": "[variables('dataConnectorContentId1')]",
    "dataConnectorId1": "[extensionResourceId(resourceId('Microsoft.OperationalInsights/workspaces', parameters('workspace')), 'Microsoft.SecurityInsights/dataConnectors', variables('_dataConnectorContentId1'))]",
    "_dataConnectorId1": "[variables('dataConnectorId1')]",
    "dataConnectorTemplateSpecName1": "[concat(parameters('workspace'),'-dc-',uniquestring(variables('_dataConnectorContentId1')))]",
    "dataConnectorVersion1": "1.0.0",
    "analyticRuleVersion1": "1.0.0",
    "analyticRulecontentId1": "bcc3362d-b6f9-4de0-b41c-707fafd5a416",
    "_analyticRulecontentId1": "[variables('analyticRulecontentId1')]",
    "analyticRuleId1": "[resourceId('Microsoft.SecurityInsights/AlertRuleTemplates', variables('analyticRulecontentId1'))]",
    "analyticRuleTemplateSpecName1": "[concat(parameters('workspace'),'-ar-',uniquestring(variables('_analyticRulecontentId1')))]",
    "analyticRuleVersion2": "1.0.0",
    "analyticRulecontentId2": "37a8d052-a3db-4dc6-9dca-9390cac6f486",
    "_analyticRulecontentId2": "[variables('analyticRulecontentId2')]",
    "analyticRuleId2": "[resourceId('Microsoft.SecurityInsights/AlertRuleTemplates', variables('analyticRulecontentId2'))]",
    "analyticRuleTemplateSpecName2": "[concat(parameters('workspace'),'-ar-',uniquestring(variables('_analyticRulecontentId2')))]",
    "analyticRuleVersion3": "1.0.0",
    "analyticRulecontentId3": "f5d467de-b5a2-4b4f-96db-55e27c733594",
    "_analyticRulecontentId3": "[variables('analyticRulecontentId3')]",
    "analyticRuleId3": "[resourceId('Microsoft.SecurityInsights/AlertRuleTemplates', variables('analyticRulecontentId3'))]",
    "analyticRuleTemplateSpecName3": "[concat(parameters('workspace'),'-ar-',uniquestring(variables('_analyticRulecontentId3')))]",
    "analyticRuleVersion4": "1.0.0",
    "analyticRulecontentId4": "0d29c93e-b83f-4dfb-bbbb-76824b77eeca",
    "_analyticRulecontentId4": "[variables('analyticRulecontentId4')]",
    "analyticRuleId4": "[resourceId('Microsoft.SecurityInsights/AlertRuleTemplates', variables('analyticRulecontentId4'))]",
    "analyticRuleTemplateSpecName4": "[concat(parameters('workspace'),'-ar-',uniquestring(variables('_analyticRulecontentId4')))]",
    "analyticRuleVersion5": "1.0.0",
    "analyticRulecontentId5": "822fff15-ea68-4d0f-94ee-b4482ddb6f3a",
    "_analyticRulecontentId5": "[variables('analyticRulecontentId5')]",
    "analyticRuleId5": "[resourceId('Microsoft.SecurityInsights/AlertRuleTemplates', variables('analyticRulecontentId5'))]",
    "analyticRuleTemplateSpecName5": "[concat(parameters('workspace'),'-ar-',uniquestring(variables('_analyticRulecontentId5')))]",
    "analyticRuleVersion6": "1.0.0",
    "analyticRulecontentId6": "b60129ab-ce22-4b76-858d-3204932a13cc",
    "_analyticRulecontentId6": "[variables('analyticRulecontentId6')]",
    "analyticRuleId6": "[resourceId('Microsoft.SecurityInsights/AlertRuleTemplates', variables('analyticRulecontentId6'))]",
    "analyticRuleTemplateSpecName6": "[concat(parameters('workspace'),'-ar-',uniquestring(variables('_analyticRulecontentId6')))]",
    "analyticRuleVersion7": "1.0.0",
    "analyticRulecontentId7": "080191e8-271d-4ae6-85ce-c7bcd4b06b40",
    "_analyticRulecontentId7": "[variables('analyticRulecontentId7')]",
    "analyticRuleId7": "[resourceId('Microsoft.SecurityInsights/AlertRuleTemplates', variables('analyticRulecontentId7'))]",
    "analyticRuleTemplateSpecName7": "[concat(parameters('workspace'),'-ar-',uniquestring(variables('_analyticRulecontentId7')))]",
    "analyticRuleVersion8": "1.0.0",
    "analyticRulecontentId8": "10e6c454-5cad-4f86-81ce-800235cb050a",
    "_analyticRulecontentId8": "[variables('analyticRulecontentId8')]",
    "analyticRuleId8": "[resourceId('Microsoft.SecurityInsights/AlertRuleTemplates', variables('analyticRulecontentId8'))]",
    "analyticRuleTemplateSpecName8": "[concat(parameters('workspace'),'-ar-',uniquestring(variables('_analyticRulecontentId8')))]",
    "analyticRuleVersion9": "1.0.0",
    "analyticRulecontentId9": "af9b8eb1-a8ef-40aa-92a4-1fc73a1479c7",
    "_analyticRulecontentId9": "[variables('analyticRulecontentId9')]",
    "analyticRuleId9": "[resourceId('Microsoft.SecurityInsights/AlertRuleTemplates', variables('analyticRulecontentId9'))]",
    "analyticRuleTemplateSpecName9": "[concat(parameters('workspace'),'-ar-',uniquestring(variables('_analyticRulecontentId9')))]",
    "workbookVersion1": "1.0.0",
    "workbookContentId1": "SonraiSecurityWorkbook",
    "workbookId1": "[resourceId('Microsoft.Insights/workbooks', variables('workbookContentId1'))]",
    "workbookTemplateSpecName1": "[concat(parameters('workspace'),'-wb-',uniquestring(variables('_workbookContentId1')))]",
    "_workbookContentId1": "[variables('workbookContentId1')]"
  },
  "resources": [
    {
      "type": "Microsoft.Resources/templateSpecs",
      "apiVersion": "2021-05-01",
      "name": "[variables('dataConnectorTemplateSpecName1')]",
      "location": "[parameters('workspace-location')]",
      "tags": {
        "hidden-sentinelWorkspaceId": "[variables('workspaceResourceId')]",
        "hidden-sentinelContentType": "DataConnector"
      },
      "properties": {
        "description": "SonraiSecurity data connector with template",
        "displayName": "SonraiSecurity template"
      }
    },
    {
      "type": "Microsoft.Resources/templateSpecs/versions",
      "apiVersion": "2021-05-01",
      "name": "[concat(variables('dataConnectorTemplateSpecName1'),'/',variables('dataConnectorVersion1'))]",
      "location": "[parameters('workspace-location')]",
      "tags": {
        "hidden-sentinelWorkspaceId": "[variables('workspaceResourceId')]",
        "hidden-sentinelContentType": "DataConnector"
      },
      "dependsOn": [
        "[resourceId('Microsoft.Resources/templateSpecs', variables('dataConnectorTemplateSpecName1'))]"
      ],
      "properties": {
        "description": "SonraiSecurity data connector with template version 2.0.0",
        "mainTemplate": {
          "$schema": "https://schema.management.azure.com/schemas/2019-04-01/deploymentTemplate.json#",
          "contentVersion": "[variables('dataConnectorVersion1')]",
          "parameters": {},
          "variables": {},
          "resources": [
            {
              "name": "[concat(parameters('workspace'),'/Microsoft.SecurityInsights/',variables('_dataConnectorContentId1'))]",
              "apiVersion": "2021-03-01-preview",
              "type": "Microsoft.OperationalInsights/workspaces/providers/dataConnectors",
              "location": "[parameters('workspace-location')]",
              "kind": "GenericUI",
              "properties": {
                "connectorUiConfig": {
                  "id": "[variables('_uiConfigId1')]",
                  "title": "Sonrai Data Connector",
                  "publisher": "Sonrai",
                  "descriptionMarkdown": "Use this data connector to integrate with Sonrai Security and get Sonrai tickets sent directly to Microsoft Sentinel.",
                  "graphQueries": [
                    {
                      "metricName": "Sonrai Tickets",
                      "legend": "Sonrai_Tickets_CL",
                      "baseQuery": "Sonrai_Tickets_CL"
                    }
                  ],
                  "sampleQueries": [
                    {
                      "description": "Query for tickets with AWSS3ObjectFingerprint resource type.",
                      "query": "Sonrai_Tickets_CL \n| where digest_resourceType_s == \"AWSS3ObjectFingerprint\"\n| limit 10"
                    }
                  ],
                  "dataTypes": [
                    {
                      "name": "Sonrai_Tickets_CL",
                      "lastDataReceivedQuery": "Sonrai_Tickets_CL\n            | summarize Time = max(TimeGenerated)\n            | where isnotempty(Time)"
                    }
                  ],
                  "connectivityCriterias": [
                    {
                      "type": "IsConnectedQuery",
                      "value": [
                        "Sonrai_Tickets_CL\n            | summarize LastLogReceived = max(TimeGenerated)\n            | project IsConnected = LastLogReceived > ago(30d)"
                      ]
                    }
                  ],
                  "availability": {
                    "status": 1,
                    "isPreview": false
                  },
                  "permissions": {
                    "resourceProvider": [
                      {
                        "provider": "Microsoft.OperationalInsights/workspaces",
                        "permissionsDisplayText": "read and write permissions are required.",
                        "providerDisplayName": "Workspace",
                        "scope": "Workspace",
                        "requiredPermissions": {
                          "write": true,
                          "read": true,
                          "delete": true
                        }
                      },
                      {
                        "provider": "Microsoft.OperationalInsights/workspaces/sharedKeys",
                        "permissionsDisplayText": "read permissions to shared keys for the workspace are required. [See the documentation to learn more about workspace keys](https://docs.microsoft.com/azure/azure-monitor/platform/agent-windows#obtain-workspace-id-and-key).",
                        "providerDisplayName": "Keys",
                        "scope": "Workspace",
                        "requiredPermissions": {
                          "action": true
                        }
                      }
                    ]
                  },
                  "instructionSteps": [
                    {
                      "description": "1. Navigate to Sonrai Security dashboard.\n2. On the bottom left panel, click on integrations.\n3. Select Microsoft Sentinel from the list of available Integrations.\n4. Fill in the form using the information provided below.",
                      "instructions": [
                        {
                          "parameters": {
                            "fillWith": [
                              "WorkspaceId"
                            ],
                            "label": "Workspace ID"
                          },
                          "type": "CopyableLabel"
                        },
                        {
                          "parameters": {
                            "fillWith": [
                              "PrimaryKey"
                            ],
                            "label": "Primary Key"
                          },
                          "type": "CopyableLabel"
                        }
                      ],
                      "title": "Sonrai Security Data Connector"
                    }
                  ],
                  "metadata": {
                    "id": "08ecd257-473b-43e5-83ed-6fdd1f0df413",
                    "version": "1.0.0",
                    "kind": "dataConnector",
                    "source": {
                      "kind": "solution",
                      "name": "SonraiSecuritySolution"
                    },
                    "author": {
                      "name": "SonraiSecurity"
                    },
                    "support": {
                      "tier": "developer",
                      "name": "Sonrai",
                      "email": "support@sonraisecurity.com"
                    }
                  }
                }
              }
            },
            {
              "type": "Microsoft.OperationalInsights/workspaces/providers/metadata",
              "apiVersion": "2022-01-01-preview",
              "name": "[concat(parameters('workspace'),'/Microsoft.SecurityInsights/',concat('DataConnector-', last(split(variables('_dataConnectorId1'),'/'))))]",
              "properties": {
                "parentId": "[extensionResourceId(resourceId('Microsoft.OperationalInsights/workspaces', parameters('workspace')), 'Microsoft.SecurityInsights/dataConnectors', variables('_dataConnectorContentId1'))]",
                "contentId": "[variables('_dataConnectorContentId1')]",
                "kind": "DataConnector",
                "version": "[variables('dataConnectorVersion1')]",
                "source": {
                  "kind": "Solution",
                  "name": "SonraiSecurity",
                  "sourceId": "[variables('_solutionId')]"
                },
                "author": {
                  "name": "Sonrai support@sonraisecurity.com"
                },
                "support": {
                  "name": "Sonrai",
                  "tier": "Partner",
                  "email": "support@sonraisecurity.com"
                }
              }
            }
          ]
        }
      }
    },
    {
      "type": "Microsoft.OperationalInsights/workspaces/providers/metadata",
      "apiVersion": "2022-01-01-preview",
      "name": "[concat(parameters('workspace'),'/Microsoft.SecurityInsights/',concat('DataConnector-', last(split(variables('_dataConnectorId1'),'/'))))]",
      "dependsOn": [
        "[variables('_dataConnectorId1')]"
      ],
      "location": "[parameters('workspace-location')]",
      "properties": {
        "parentId": "[extensionResourceId(resourceId('Microsoft.OperationalInsights/workspaces', parameters('workspace')), 'Microsoft.SecurityInsights/dataConnectors', variables('_dataConnectorContentId1'))]",
        "contentId": "[variables('_dataConnectorContentId1')]",
        "kind": "DataConnector",
        "version": "[variables('dataConnectorVersion1')]",
        "source": {
          "kind": "Solution",
          "name": "SonraiSecurity",
          "sourceId": "[variables('_solutionId')]"
        },
        "author": {
          "name": "Sonrai support@sonraisecurity.com"
        },
        "support": {
          "name": "Sonrai",
          "tier": "Partner",
          "email": "support@sonraisecurity.com"
        }
      }
    },
    {
      "name": "[concat(parameters('workspace'),'/Microsoft.SecurityInsights/',variables('_dataConnectorContentId1'))]",
      "apiVersion": "2021-03-01-preview",
      "type": "Microsoft.OperationalInsights/workspaces/providers/dataConnectors",
      "location": "[parameters('workspace-location')]",
      "kind": "GenericUI",
      "properties": {
        "connectorUiConfig": {
          "title": "Sonrai Data Connector",
          "publisher": "Sonrai",
          "descriptionMarkdown": "Use this data connector to integrate with Sonrai Security and get Sonrai tickets sent directly to Microsoft Sentinel.",
          "graphQueries": [
            {
              "metricName": "Sonrai Tickets",
              "legend": "Sonrai_Tickets_CL",
              "baseQuery": "Sonrai_Tickets_CL"
            }
          ],
          "dataTypes": [
            {
              "name": "Sonrai_Tickets_CL",
              "lastDataReceivedQuery": "Sonrai_Tickets_CL\n            | summarize Time = max(TimeGenerated)\n            | where isnotempty(Time)"
            }
          ],
          "connectivityCriterias": [
            {
              "type": "IsConnectedQuery",
              "value": [
                "Sonrai_Tickets_CL\n            | summarize LastLogReceived = max(TimeGenerated)\n            | project IsConnected = LastLogReceived > ago(30d)"
              ]
            }
          ],
          "sampleQueries": [
            {
              "description": "Query for tickets with AWSS3ObjectFingerprint resource type.",
              "query": "Sonrai_Tickets_CL \n| where digest_resourceType_s == \"AWSS3ObjectFingerprint\"\n| limit 10"
            }
          ],
          "availability": {
            "status": 1,
            "isPreview": false
          },
          "permissions": {
            "resourceProvider": [
              {
                "provider": "Microsoft.OperationalInsights/workspaces",
                "permissionsDisplayText": "read and write permissions are required.",
                "providerDisplayName": "Workspace",
                "scope": "Workspace",
                "requiredPermissions": {
                  "write": true,
                  "read": true,
                  "delete": true
                }
              },
              {
                "provider": "Microsoft.OperationalInsights/workspaces/sharedKeys",
                "permissionsDisplayText": "read permissions to shared keys for the workspace are required. [See the documentation to learn more about workspace keys](https://docs.microsoft.com/azure/azure-monitor/platform/agent-windows#obtain-workspace-id-and-key).",
                "providerDisplayName": "Keys",
                "scope": "Workspace",
                "requiredPermissions": {
                  "action": true
                }
              }
            ]
          },
          "instructionSteps": [
            {
              "description": "1. Navigate to Sonrai Security dashboard.\n2. On the bottom left panel, click on integrations.\n3. Select Microsoft Sentinel from the list of available Integrations.\n4. Fill in the form using the information provided below.",
              "instructions": [
                {
                  "parameters": {
                    "fillWith": [
                      "WorkspaceId"
                    ],
                    "label": "Workspace ID"
                  },
                  "type": "CopyableLabel"
                },
                {
                  "parameters": {
                    "fillWith": [
                      "PrimaryKey"
                    ],
                    "label": "Primary Key"
                  },
                  "type": "CopyableLabel"
                }
              ],
              "title": "Sonrai Security Data Connector"
            }
          ],
          "id": "[extensionResourceId(resourceId('Microsoft.OperationalInsights/workspaces', parameters('workspace')), 'Microsoft.SecurityInsights/dataConnectors', variables('_uiConfigId1'))]"
        }
      }
    },
    {
      "type": "Microsoft.Resources/templateSpecs",
      "apiVersion": "2021-05-01",
      "name": "[variables('analyticRuleTemplateSpecName1')]",
      "location": "[parameters('workspace-location')]",
      "tags": {
        "hidden-sentinelWorkspaceId": "[variables('workspaceResourceId')]",
        "hidden-sentinelContentType": "AnalyticsRule"
      },
      "properties": {
        "description": "SonraiSecurity Analytics Rule 1 with template",
        "displayName": "SonraiSecurity Analytics Rule template"
      }
    },
    {
      "type": "Microsoft.Resources/templateSpecs/versions",
      "apiVersion": "2021-05-01",
      "name": "[concat(variables('analyticRuleTemplateSpecName1'),'/',variables('analyticRuleVersion1'))]",
      "location": "[parameters('workspace-location')]",
      "tags": {
        "hidden-sentinelWorkspaceId": "[variables('workspaceResourceId')]",
        "hidden-sentinelContentType": "AnalyticsRule"
      },
      "dependsOn": [
        "[resourceId('Microsoft.Resources/templateSpecs', variables('analyticRuleTemplateSpecName1'))]"
      ],
      "properties": {
        "description": "SonraiNewTicket_AnalyticalRules Analytics Rule with template version 2.0.0",
        "mainTemplate": {
          "$schema": "https://schema.management.azure.com/schemas/2019-04-01/deploymentTemplate.json#",
          "contentVersion": "[variables('analyticRuleVersion1')]",
          "parameters": {},
          "variables": {},
          "resources": [
            {
              "type": "Microsoft.SecurityInsights/AlertRuleTemplates",
              "name": "[variables('AnalyticRulecontentId1')]",
              "apiVersion": "2022-04-01-preview",
              "kind": "Scheduled",
              "location": "[parameters('workspace-location')]",
              "properties": {
                "description": "Checks for new Sonrai tickets. \nIt uses the action type to check if a ticket has been created",
                "displayName": "New Sonrai Ticket",
                "enabled": false,
                "query": "Sonrai_Tickets_CL\n| where action_d == 1\n",
                "queryFrequency": "PT5M",
                "queryPeriod": "PT5M",
                "severity": "Medium",
                "suppressionDuration": "PT1H",
                "suppressionEnabled": false,
                "triggerOperator": "GreaterThan",
                "triggerThreshold": 0,
                "status": "Available",
                "requiredDataConnectors": [
                  {
                    "dataTypes": [
                      "Sonrai_Tickets_CL"
                    ],
                    "connectorId": "SonraiDataConnector"
                  }
                ],
                "eventGroupingSettings": {
                  "aggregationKind": "AlertPerResult"
                },
                "customDetails": {
                  "resourceLabel": "digest_resourceLabel_s",
                  "ticketOrg": "digest_org_s",
                  "resourceType": "digest_resourceType_s",
                  "criticalResource": "digest_criticalResourceName_s",
                  "ticketName": "digest_title_s",
                  "ticketStatus": "digest_status_s"
                },
                "alertDetailsOverride": {
                  "alertDescriptionFormat": "digest_ticketKeyDescription_s",
                  "alertDisplayNameFormat": "New - {{digest_ticketSrn_s}} - {{digest_ticketKeyName_s}}",
                  "alertSeverityColumnName": "digest_severityCategory_s"
                }
              }
            },
            {
              "type": "Microsoft.OperationalInsights/workspaces/providers/metadata",
              "apiVersion": "2022-01-01-preview",
              "name": "[concat(parameters('workspace'),'/Microsoft.SecurityInsights/',concat('AnalyticsRule-', last(split(variables('analyticRuleId1'),'/'))))]",
              "properties": {
                "description": "SonraiSecurity Analytics Rule 1",
                "parentId": "[variables('analyticRuleId1')]",
                "contentId": "[variables('_analyticRulecontentId1')]",
                "kind": "AnalyticsRule",
                "version": "[variables('analyticRuleVersion1')]",
                "source": {
                  "kind": "Solution",
                  "name": "SonraiSecurity",
                  "sourceId": "[variables('_solutionId')]"
                },
                "author": {
                  "name": "Sonrai support@sonraisecurity.com"
                },
                "support": {
                  "name": "Sonrai",
                  "tier": "Partner",
                  "email": "support@sonraisecurity.com"
                }
              }
            }
          ]
        }
      }
    },
    {
      "type": "Microsoft.Resources/templateSpecs",
      "apiVersion": "2021-05-01",
      "name": "[variables('analyticRuleTemplateSpecName2')]",
      "location": "[parameters('workspace-location')]",
      "tags": {
        "hidden-sentinelWorkspaceId": "[variables('workspaceResourceId')]",
        "hidden-sentinelContentType": "AnalyticsRule"
      },
      "properties": {
        "description": "SonraiSecurity Analytics Rule 2 with template",
        "displayName": "SonraiSecurity Analytics Rule template"
      }
    },
    {
      "type": "Microsoft.Resources/templateSpecs/versions",
      "apiVersion": "2021-05-01",
      "name": "[concat(variables('analyticRuleTemplateSpecName2'),'/',variables('analyticRuleVersion2'))]",
      "location": "[parameters('workspace-location')]",
      "tags": {
        "hidden-sentinelWorkspaceId": "[variables('workspaceResourceId')]",
        "hidden-sentinelContentType": "AnalyticsRule"
      },
      "dependsOn": [
        "[resourceId('Microsoft.Resources/templateSpecs', variables('analyticRuleTemplateSpecName2'))]"
      ],
      "properties": {
        "description": "SonraiTicketAssigned_AnalyticalRules Analytics Rule with template version 2.0.0",
        "mainTemplate": {
          "$schema": "https://schema.management.azure.com/schemas/2019-04-01/deploymentTemplate.json#",
          "contentVersion": "[variables('analyticRuleVersion2')]",
          "parameters": {},
          "variables": {},
          "resources": [
            {
              "type": "Microsoft.SecurityInsights/AlertRuleTemplates",
              "name": "[variables('AnalyticRulecontentId2')]",
              "apiVersion": "2022-04-01-preview",
              "kind": "Scheduled",
              "location": "[parameters('workspace-location')]",
              "properties": {
                "description": "Checks if Sonrai tickets have been assigned. \nIt uses the action type to check if a ticket has been assigned",
                "displayName": "Sonrai Ticket Assigned",
                "enabled": false,
                "query": "Sonrai_Tickets_CL\n| where action_d == 4\n",
                "queryFrequency": "PT5M",
                "queryPeriod": "PT5M",
                "severity": "Medium",
                "suppressionDuration": "PT1H",
                "suppressionEnabled": false,
                "triggerOperator": "GreaterThan",
                "triggerThreshold": 0,
                "status": "Available",
                "requiredDataConnectors": [
                  {
                    "dataTypes": [
                      "Sonrai_Tickets_CL"
                    ],
                    "connectorId": "SonraiDataConnector"
                  }
                ],
                "eventGroupingSettings": {
                  "aggregationKind": "AlertPerResult"
                },
                "customDetails": {
                  "assignedTo": "digest_assignedTo_s",
                  "resourceLabel": "digest_resourceLabel_s",
                  "ticketSeverity": "digest_severityCategory_s",
                  "ticketOrg": "digest_org_s",
                  "resourceType": "digest_resourceType_s",
                  "criticalResource": "digest_criticalResourceName_s",
                  "ticketName": "digest_title_s",
                  "ticketStatus": "digest_status_s"
                },
                "alertDetailsOverride": {
                  "alertDescriptionFormat": "digest_ticketKeyDescription_s",
                  "alertDisplayNameFormat": "Assigned - {{digest_ticketSrn_s}} - {{digest_ticketKeyName_s}}",
                  "alertSeverityColumnName": "digest_severityCategory_s"
                }
              }
            },
            {
              "type": "Microsoft.OperationalInsights/workspaces/providers/metadata",
              "apiVersion": "2022-01-01-preview",
              "name": "[concat(parameters('workspace'),'/Microsoft.SecurityInsights/',concat('AnalyticsRule-', last(split(variables('analyticRuleId2'),'/'))))]",
              "properties": {
                "description": "SonraiSecurity Analytics Rule 2",
                "parentId": "[variables('analyticRuleId2')]",
                "contentId": "[variables('_analyticRulecontentId2')]",
                "kind": "AnalyticsRule",
                "version": "[variables('analyticRuleVersion2')]",
                "source": {
                  "kind": "Solution",
                  "name": "SonraiSecurity",
                  "sourceId": "[variables('_solutionId')]"
                },
                "author": {
                  "name": "Sonrai support@sonraisecurity.com"
                },
                "support": {
                  "name": "Sonrai",
                  "tier": "Partner",
                  "email": "support@sonraisecurity.com"
                }
              }
            }
          ]
        }
      }
    },
    {
      "type": "Microsoft.Resources/templateSpecs",
      "apiVersion": "2021-05-01",
      "name": "[variables('analyticRuleTemplateSpecName3')]",
      "location": "[parameters('workspace-location')]",
      "tags": {
        "hidden-sentinelWorkspaceId": "[variables('workspaceResourceId')]",
        "hidden-sentinelContentType": "AnalyticsRule"
      },
      "properties": {
        "description": "SonraiSecurity Analytics Rule 3 with template",
        "displayName": "SonraiSecurity Analytics Rule template"
      }
    },
    {
      "type": "Microsoft.Resources/templateSpecs/versions",
      "apiVersion": "2021-05-01",
      "name": "[concat(variables('analyticRuleTemplateSpecName3'),'/',variables('analyticRuleVersion3'))]",
      "location": "[parameters('workspace-location')]",
      "tags": {
        "hidden-sentinelWorkspaceId": "[variables('workspaceResourceId')]",
        "hidden-sentinelContentType": "AnalyticsRule"
      },
      "dependsOn": [
        "[resourceId('Microsoft.Resources/templateSpecs', variables('analyticRuleTemplateSpecName3'))]"
      ],
      "properties": {
        "description": "SonraiTicketClosed_AnalyticalRules Analytics Rule with template version 2.0.0",
        "mainTemplate": {
          "$schema": "https://schema.management.azure.com/schemas/2019-04-01/deploymentTemplate.json#",
          "contentVersion": "[variables('analyticRuleVersion3')]",
          "parameters": {},
          "variables": {},
          "resources": [
            {
              "type": "Microsoft.SecurityInsights/AlertRuleTemplates",
              "name": "[variables('AnalyticRulecontentId3')]",
              "apiVersion": "2022-04-01-preview",
              "kind": "Scheduled",
              "location": "[parameters('workspace-location')]",
              "properties": {
                "description": "Checks if Sonrai tickets have been closed. \nIt uses the action type to check if a ticket has been closed",
                "displayName": "Sonrai Ticket Closed",
                "enabled": false,
                "query": "Sonrai_Tickets_CL\n| where action_d == 2\n",
                "queryFrequency": "PT5M",
                "queryPeriod": "PT5M",
                "severity": "Low",
                "suppressionDuration": "PT1H",
                "suppressionEnabled": false,
                "triggerOperator": "GreaterThan",
                "triggerThreshold": 0,
                "status": "Available",
                "requiredDataConnectors": [
                  {
                    "dataTypes": [
                      "Sonrai_Tickets_CL"
                    ],
                    "connectorId": "SonraiDataConnector"
                  }
                ],
                "eventGroupingSettings": {
                  "aggregationKind": "AlertPerResult"
                },
                "customDetails": {
                  "resourceLabel": "digest_resourceLabel_s",
                  "ticketSeverity": "digest_severityCategory_s",
                  "ticketOrg": "digest_org_s",
                  "resourceType": "digest_resourceType_s",
                  "criticalResource": "digest_criticalResourceName_s",
                  "ticketName": "digest_title_s",
                  "ticketStatus": "digest_status_s"
                },
                "alertDetailsOverride": {
                  "alertDescriptionFormat": "digest_ticketKeyDescription_s",
                  "alertDisplayNameFormat": "Closed - {{digest_ticketSrn_s}} - {{digest_ticketKeyName_s}}",
                  "alertSeverityColumnName": "digest_severityCategory_s"
                }
              }
            },
            {
              "type": "Microsoft.OperationalInsights/workspaces/providers/metadata",
              "apiVersion": "2022-01-01-preview",
              "name": "[concat(parameters('workspace'),'/Microsoft.SecurityInsights/',concat('AnalyticsRule-', last(split(variables('analyticRuleId3'),'/'))))]",
              "properties": {
                "description": "SonraiSecurity Analytics Rule 3",
                "parentId": "[variables('analyticRuleId3')]",
                "contentId": "[variables('_analyticRulecontentId3')]",
                "kind": "AnalyticsRule",
                "version": "[variables('analyticRuleVersion3')]",
                "source": {
                  "kind": "Solution",
                  "name": "SonraiSecurity",
                  "sourceId": "[variables('_solutionId')]"
                },
                "author": {
                  "name": "Sonrai support@sonraisecurity.com"
                },
                "support": {
                  "name": "Sonrai",
                  "tier": "Partner",
                  "email": "support@sonraisecurity.com"
                }
              }
            }
          ]
        }
      }
    },
    {
      "type": "Microsoft.Resources/templateSpecs",
      "apiVersion": "2021-05-01",
      "name": "[variables('analyticRuleTemplateSpecName4')]",
      "location": "[parameters('workspace-location')]",
      "tags": {
        "hidden-sentinelWorkspaceId": "[variables('workspaceResourceId')]",
        "hidden-sentinelContentType": "AnalyticsRule"
      },
      "properties": {
        "description": "SonraiSecurity Analytics Rule 4 with template",
        "displayName": "SonraiSecurity Analytics Rule template"
      }
    },
    {
      "type": "Microsoft.Resources/templateSpecs/versions",
      "apiVersion": "2021-05-01",
      "name": "[concat(variables('analyticRuleTemplateSpecName4'),'/',variables('analyticRuleVersion4'))]",
      "location": "[parameters('workspace-location')]",
      "tags": {
        "hidden-sentinelWorkspaceId": "[variables('workspaceResourceId')]",
        "hidden-sentinelContentType": "AnalyticsRule"
      },
      "dependsOn": [
        "[resourceId('Microsoft.Resources/templateSpecs', variables('analyticRuleTemplateSpecName4'))]"
      ],
      "properties": {
        "description": "SonraiTicketCommentAdded_AnalyticalRules Analytics Rule with template version 2.0.0",
        "mainTemplate": {
          "$schema": "https://schema.management.azure.com/schemas/2019-04-01/deploymentTemplate.json#",
          "contentVersion": "[variables('analyticRuleVersion4')]",
          "parameters": {},
          "variables": {},
          "resources": [
            {
              "type": "Microsoft.SecurityInsights/AlertRuleTemplates",
              "name": "[variables('AnalyticRulecontentId4')]",
              "apiVersion": "2022-04-01-preview",
              "kind": "Scheduled",
              "location": "[parameters('workspace-location')]",
              "properties": {
                "description": "Checks if Sonrai tickets have had a comment added. \nIt uses the action type to check if a ticket has had a comment added",
                "displayName": "Sonrai Ticket Escalation Executed",
                "enabled": false,
                "query": "Sonrai_Tickets_CL\n| where action_d == 9\n",
                "queryFrequency": "PT5M",
                "queryPeriod": "PT5M",
                "severity": "Medium",
                "suppressionDuration": "PT1H",
                "suppressionEnabled": false,
                "triggerOperator": "GreaterThan",
                "triggerThreshold": 0,
                "status": "Available",
                "requiredDataConnectors": [
                  {
                    "dataTypes": [
                      "Sonrai_Tickets_CL"
                    ],
                    "connectorId": "SonraiDataConnector"
                  }
                ],
                "eventGroupingSettings": {
                  "aggregationKind": "AlertPerResult"
                },
                "customDetails": {
                  "resourceLabel": "digest_resourceLabel_s",
                  "ticketSeverity": "digest_severityCategory_s",
                  "ticketOrg": "digest_org_s",
                  "resourceType": "digest_resourceType_s",
                  "criticalResource": "digest_criticalResourceName_s",
                  "ticketName": "digest_title_s",
                  "ticketStatus": "digest_status_s"
                },
                "alertDetailsOverride": {
                  "alertDescriptionFormat": "digest_ticketKeyDescription_s",
                  "alertDisplayNameFormat": "Comment Added - {{digest_ticketSrn_s}} - {{digest_ticketKeyName_s}}",
                  "alertSeverityColumnName": "digest_severityCategory_s"
                }
              }
            },
            {
              "type": "Microsoft.OperationalInsights/workspaces/providers/metadata",
              "apiVersion": "2022-01-01-preview",
              "name": "[concat(parameters('workspace'),'/Microsoft.SecurityInsights/',concat('AnalyticsRule-', last(split(variables('analyticRuleId4'),'/'))))]",
              "properties": {
                "description": "SonraiSecurity Analytics Rule 4",
                "parentId": "[variables('analyticRuleId4')]",
                "contentId": "[variables('_analyticRulecontentId4')]",
                "kind": "AnalyticsRule",
                "version": "[variables('analyticRuleVersion4')]",
                "source": {
                  "kind": "Solution",
                  "name": "SonraiSecurity",
                  "sourceId": "[variables('_solutionId')]"
                },
                "author": {
                  "name": "Sonrai support@sonraisecurity.com"
                },
                "support": {
                  "name": "Sonrai",
                  "tier": "Partner",
                  "email": "support@sonraisecurity.com"
                }
              }
            }
          ]
        }
      }
    },
    {
      "type": "Microsoft.Resources/templateSpecs",
      "apiVersion": "2021-05-01",
      "name": "[variables('analyticRuleTemplateSpecName5')]",
      "location": "[parameters('workspace-location')]",
      "tags": {
        "hidden-sentinelWorkspaceId": "[variables('workspaceResourceId')]",
        "hidden-sentinelContentType": "AnalyticsRule"
      },
      "properties": {
        "description": "SonraiSecurity Analytics Rule 5 with template",
        "displayName": "SonraiSecurity Analytics Rule template"
      }
    },
    {
      "type": "Microsoft.Resources/templateSpecs/versions",
      "apiVersion": "2021-05-01",
      "name": "[concat(variables('analyticRuleTemplateSpecName5'),'/',variables('analyticRuleVersion5'))]",
      "location": "[parameters('workspace-location')]",
      "tags": {
        "hidden-sentinelWorkspaceId": "[variables('workspaceResourceId')]",
        "hidden-sentinelContentType": "AnalyticsRule"
      },
      "dependsOn": [
        "[resourceId('Microsoft.Resources/templateSpecs', variables('analyticRuleTemplateSpecName5'))]"
      ],
      "properties": {
        "description": "SonraiTicketEscalationExecuted_AnalyticalRules Analytics Rule with template version 2.0.0",
        "mainTemplate": {
          "$schema": "https://schema.management.azure.com/schemas/2019-04-01/deploymentTemplate.json#",
          "contentVersion": "[variables('analyticRuleVersion5')]",
          "parameters": {},
          "variables": {},
          "resources": [
            {
              "type": "Microsoft.SecurityInsights/AlertRuleTemplates",
              "name": "[variables('AnalyticRulecontentId5')]",
              "apiVersion": "2022-04-01-preview",
              "kind": "Scheduled",
              "location": "[parameters('workspace-location')]",
              "properties": {
                "description": "Checks if Sonrai tickets have had an escalation executed. \nIt uses the action type to check if a ticket has had an escalation executed",
                "displayName": "Sonrai Ticket Escalation Executed",
                "enabled": false,
                "query": "Sonrai_Tickets_CL\n| where action_d == 8\n",
                "queryFrequency": "PT5M",
                "queryPeriod": "PT5M",
                "severity": "Medium",
                "suppressionDuration": "PT1H",
                "suppressionEnabled": false,
                "triggerOperator": "GreaterThan",
                "triggerThreshold": 0,
                "status": "Available",
                "requiredDataConnectors": [
                  {
                    "dataTypes": [
                      "Sonrai_Tickets_CL"
                    ],
                    "connectorId": "SonraiDataConnector"
                  }
                ],
                "eventGroupingSettings": {
                  "aggregationKind": "AlertPerResult"
                },
                "customDetails": {
                  "resourceLabel": "digest_resourceLabel_s",
                  "ticketSeverity": "digest_severityCategory_s",
                  "ticketOrg": "digest_org_s",
                  "resourceType": "digest_resourceType_s",
                  "criticalResource": "digest_criticalResourceName_s",
                  "ticketName": "digest_title_s",
                  "ticketStatus": "digest_status_s"
                },
                "alertDetailsOverride": {
                  "alertDescriptionFormat": "digest_ticketKeyDescription_s",
                  "alertDisplayNameFormat": "Escalation Executed - {{digest_ticketSrn_s}} - {{digest_ticketKeyName_s}}",
                  "alertSeverityColumnName": "digest_severityCategory_s"
                }
              }
            },
            {
              "type": "Microsoft.OperationalInsights/workspaces/providers/metadata",
              "apiVersion": "2022-01-01-preview",
              "name": "[concat(parameters('workspace'),'/Microsoft.SecurityInsights/',concat('AnalyticsRule-', last(split(variables('analyticRuleId5'),'/'))))]",
              "properties": {
                "description": "SonraiSecurity Analytics Rule 5",
                "parentId": "[variables('analyticRuleId5')]",
                "contentId": "[variables('_analyticRulecontentId5')]",
                "kind": "AnalyticsRule",
                "version": "[variables('analyticRuleVersion5')]",
                "source": {
                  "kind": "Solution",
                  "name": "SonraiSecurity",
                  "sourceId": "[variables('_solutionId')]"
                },
                "author": {
                  "name": "Sonrai support@sonraisecurity.com"
                },
                "support": {
                  "name": "Sonrai",
                  "tier": "Partner",
                  "email": "support@sonraisecurity.com"
                }
              }
            }
          ]
        }
      }
    },
    {
      "type": "Microsoft.Resources/templateSpecs",
      "apiVersion": "2021-05-01",
      "name": "[variables('analyticRuleTemplateSpecName6')]",
      "location": "[parameters('workspace-location')]",
      "tags": {
        "hidden-sentinelWorkspaceId": "[variables('workspaceResourceId')]",
        "hidden-sentinelContentType": "AnalyticsRule"
      },
      "properties": {
        "description": "SonraiSecurity Analytics Rule 6 with template",
        "displayName": "SonraiSecurity Analytics Rule template"
      }
    },
    {
      "type": "Microsoft.Resources/templateSpecs/versions",
      "apiVersion": "2021-05-01",
      "name": "[concat(variables('analyticRuleTemplateSpecName6'),'/',variables('analyticRuleVersion6'))]",
      "location": "[parameters('workspace-location')]",
      "tags": {
        "hidden-sentinelWorkspaceId": "[variables('workspaceResourceId')]",
        "hidden-sentinelContentType": "AnalyticsRule"
      },
      "dependsOn": [
        "[resourceId('Microsoft.Resources/templateSpecs', variables('analyticRuleTemplateSpecName6'))]"
      ],
      "properties": {
        "description": "SonraiTicketReopened_AnalyticalRules Analytics Rule with template version 2.0.0",
        "mainTemplate": {
          "$schema": "https://schema.management.azure.com/schemas/2019-04-01/deploymentTemplate.json#",
          "contentVersion": "[variables('analyticRuleVersion6')]",
          "parameters": {},
          "variables": {},
          "resources": [
            {
              "type": "Microsoft.SecurityInsights/AlertRuleTemplates",
              "name": "[variables('AnalyticRulecontentId6')]",
              "apiVersion": "2022-04-01-preview",
              "kind": "Scheduled",
              "location": "[parameters('workspace-location')]",
              "properties": {
                "description": "Checks if Sonrai tickets have been reopened. \nIt uses the action type to check if a ticket has been reopened",
                "displayName": "Sonrai Ticket Reopened",
                "enabled": false,
                "query": "Sonrai_Tickets_CL\n| where action_d == 3\n",
                "queryFrequency": "PT5M",
                "queryPeriod": "PT5M",
                "severity": "Medium",
                "suppressionDuration": "PT1H",
                "suppressionEnabled": false,
                "triggerOperator": "GreaterThan",
                "triggerThreshold": 0,
                "status": "Available",
                "requiredDataConnectors": [
                  {
                    "dataTypes": [
                      "Sonrai_Tickets_CL"
                    ],
                    "connectorId": "SonraiDataConnector"
                  }
                ],
                "eventGroupingSettings": {
                  "aggregationKind": "AlertPerResult"
                },
                "customDetails": {
                  "resourceLabel": "digest_resourceLabel_s",
                  "ticketSeverity": "digest_severityCategory_s",
                  "ticketOrg": "digest_org_s",
                  "resourceType": "digest_resourceType_s",
                  "criticalResource": "digest_criticalResourceName_s",
                  "ticketName": "digest_title_s",
                  "reopenedDate": "digest_lastReopenDate_d",
                  "ticketStatus": "digest_status_s"
                },
                "alertDetailsOverride": {
                  "alertDescriptionFormat": "digest_ticketKeyDescription_s",
                  "alertDisplayNameFormat": "Reopened - {{digest_ticketSrn_s}} - {{digest_ticketKeyName_s}}",
                  "alertSeverityColumnName": "digest_severityCategory_s"
                }
              }
            },
            {
              "type": "Microsoft.OperationalInsights/workspaces/providers/metadata",
              "apiVersion": "2022-01-01-preview",
              "name": "[concat(parameters('workspace'),'/Microsoft.SecurityInsights/',concat('AnalyticsRule-', last(split(variables('analyticRuleId6'),'/'))))]",
              "properties": {
                "description": "SonraiSecurity Analytics Rule 6",
                "parentId": "[variables('analyticRuleId6')]",
                "contentId": "[variables('_analyticRulecontentId6')]",
                "kind": "AnalyticsRule",
                "version": "[variables('analyticRuleVersion6')]",
                "source": {
                  "kind": "Solution",
                  "name": "SonraiSecurity",
                  "sourceId": "[variables('_solutionId')]"
                },
                "author": {
                  "name": "Sonrai support@sonraisecurity.com"
                },
                "support": {
                  "name": "Sonrai",
                  "tier": "Partner",
                  "email": "support@sonraisecurity.com"
                }
              }
            }
          ]
        }
      }
    },
    {
      "type": "Microsoft.Resources/templateSpecs",
      "apiVersion": "2021-05-01",
      "name": "[variables('analyticRuleTemplateSpecName7')]",
      "location": "[parameters('workspace-location')]",
      "tags": {
        "hidden-sentinelWorkspaceId": "[variables('workspaceResourceId')]",
        "hidden-sentinelContentType": "AnalyticsRule"
      },
      "properties": {
        "description": "SonraiSecurity Analytics Rule 7 with template",
        "displayName": "SonraiSecurity Analytics Rule template"
      }
    },
    {
      "type": "Microsoft.Resources/templateSpecs/versions",
      "apiVersion": "2021-05-01",
      "name": "[concat(variables('analyticRuleTemplateSpecName7'),'/',variables('analyticRuleVersion7'))]",
      "location": "[parameters('workspace-location')]",
      "tags": {
        "hidden-sentinelWorkspaceId": "[variables('workspaceResourceId')]",
        "hidden-sentinelContentType": "AnalyticsRule"
      },
      "dependsOn": [
        "[resourceId('Microsoft.Resources/templateSpecs', variables('analyticRuleTemplateSpecName7'))]"
      ],
      "properties": {
        "description": "SonraiTicketRiskAccepted_AnalyticalRules Analytics Rule with template version 2.0.0",
        "mainTemplate": {
          "$schema": "https://schema.management.azure.com/schemas/2019-04-01/deploymentTemplate.json#",
          "contentVersion": "[variables('analyticRuleVersion7')]",
          "parameters": {},
          "variables": {},
          "resources": [
            {
              "type": "Microsoft.SecurityInsights/AlertRuleTemplates",
              "name": "[variables('AnalyticRulecontentId7')]",
              "apiVersion": "2022-04-01-preview",
              "kind": "Scheduled",
              "location": "[parameters('workspace-location')]",
              "properties": {
                "description": "Checks if Sonrai tickets have had their risk accepted. \nIt uses the action type to check if a ticket has had it's risk accepted",
                "displayName": "Sonrai Ticket Risk Accepted",
                "enabled": false,
                "query": "Sonrai_Tickets_CL\n| where action_d == 7\n",
                "queryFrequency": "PT5M",
                "queryPeriod": "PT5M",
                "severity": "Medium",
                "suppressionDuration": "PT1H",
                "suppressionEnabled": false,
                "triggerOperator": "GreaterThan",
                "triggerThreshold": 0,
                "status": "Available",
                "requiredDataConnectors": [
                  {
                    "dataTypes": [
                      "Sonrai_Tickets_CL"
                    ],
                    "connectorId": "SonraiDataConnector"
                  }
                ],
                "eventGroupingSettings": {
                  "aggregationKind": "AlertPerResult"
                },
                "customDetails": {
                  "resourceLabel": "digest_resourceLabel_s",
                  "ticketSeverity": "digest_severityCategory_s",
                  "ticketOrg": "digest_org_s",
                  "resourceType": "digest_resourceType_s",
                  "criticalResource": "digest_criticalResourceName_s",
                  "ticketName": "digest_title_s",
                  "ticketStatus": "digest_status_s"
                },
                "alertDetailsOverride": {
                  "alertDescriptionFormat": "digest_ticketKeyDescription_s",
                  "alertDisplayNameFormat": "Risk Accepted - {{digest_ticketSrn_s}} - {{digest_ticketKeyName_s}}",
                  "alertSeverityColumnName": "digest_severityCategory_s"
                }
              }
            },
            {
              "type": "Microsoft.OperationalInsights/workspaces/providers/metadata",
              "apiVersion": "2022-01-01-preview",
              "name": "[concat(parameters('workspace'),'/Microsoft.SecurityInsights/',concat('AnalyticsRule-', last(split(variables('analyticRuleId7'),'/'))))]",
              "properties": {
                "description": "SonraiSecurity Analytics Rule 7",
                "parentId": "[variables('analyticRuleId7')]",
                "contentId": "[variables('_analyticRulecontentId7')]",
                "kind": "AnalyticsRule",
                "version": "[variables('analyticRuleVersion7')]",
                "source": {
                  "kind": "Solution",
                  "name": "SonraiSecurity",
                  "sourceId": "[variables('_solutionId')]"
                },
                "author": {
                  "name": "Sonrai support@sonraisecurity.com"
                },
                "support": {
                  "name": "Sonrai",
                  "tier": "Partner",
                  "email": "support@sonraisecurity.com"
                }
              }
            }
          ]
        }
      }
    },
    {
      "type": "Microsoft.Resources/templateSpecs",
      "apiVersion": "2021-05-01",
      "name": "[variables('analyticRuleTemplateSpecName8')]",
      "location": "[parameters('workspace-location')]",
      "tags": {
        "hidden-sentinelWorkspaceId": "[variables('workspaceResourceId')]",
        "hidden-sentinelContentType": "AnalyticsRule"
      },
      "properties": {
        "description": "SonraiSecurity Analytics Rule 8 with template",
        "displayName": "SonraiSecurity Analytics Rule template"
      }
    },
    {
      "type": "Microsoft.Resources/templateSpecs/versions",
      "apiVersion": "2021-05-01",
      "name": "[concat(variables('analyticRuleTemplateSpecName8'),'/',variables('analyticRuleVersion8'))]",
      "location": "[parameters('workspace-location')]",
      "tags": {
        "hidden-sentinelWorkspaceId": "[variables('workspaceResourceId')]",
        "hidden-sentinelContentType": "AnalyticsRule"
      },
      "dependsOn": [
        "[resourceId('Microsoft.Resources/templateSpecs', variables('analyticRuleTemplateSpecName8'))]"
      ],
      "properties": {
        "description": "SonraiTicketSnoozed_AnalyticalRules Analytics Rule with template version 2.0.0",
        "mainTemplate": {
          "$schema": "https://schema.management.azure.com/schemas/2019-04-01/deploymentTemplate.json#",
          "contentVersion": "[variables('analyticRuleVersion8')]",
          "parameters": {},
          "variables": {},
          "resources": [
            {
              "type": "Microsoft.SecurityInsights/AlertRuleTemplates",
              "name": "[variables('AnalyticRulecontentId8')]",
              "apiVersion": "2022-04-01-preview",
              "kind": "Scheduled",
              "location": "[parameters('workspace-location')]",
              "properties": {
                "description": "Checks if Sonrai tickets have been snoozed. \nIt uses the action type to check if a ticket has been snoozed",
                "displayName": "Sonrai Ticket Snoozed",
                "enabled": false,
                "query": "Sonrai_Tickets_CL\n| where action_d == 6\n",
                "queryFrequency": "PT5M",
                "queryPeriod": "PT5M",
                "severity": "Medium",
                "suppressionDuration": "PT1H",
                "suppressionEnabled": false,
                "triggerOperator": "GreaterThan",
                "triggerThreshold": 0,
                "status": "Available",
                "requiredDataConnectors": [
                  {
                    "dataTypes": [
                      "Sonrai_Tickets_CL"
                    ],
                    "connectorId": "SonraiDataConnector"
                  }
                ],
                "eventGroupingSettings": {
                  "aggregationKind": "AlertPerResult"
                },
                "customDetails": {
                  "resourceLabel": "digest_resourceLabel_s",
                  "ticketSeverity": "digest_severityCategory_s",
                  "ticketOrg": "digest_org_s",
                  "resourceType": "digest_resourceType_s",
                  "criticalResource": "digest_criticalResourceName_s",
                  "ticketName": "digest_title_s",
                  "ticketStatus": "digest_status_s"
                },
                "alertDetailsOverride": {
                  "alertDescriptionFormat": "digest_ticketKeyDescription_s",
                  "alertDisplayNameFormat": "Snoozed - {{digest_ticketSrn_s}} - {{digest_ticketKeyName_s}}",
                  "alertSeverityColumnName": "digest_severityCategory_s"
                }
              }
            },
            {
              "type": "Microsoft.OperationalInsights/workspaces/providers/metadata",
              "apiVersion": "2022-01-01-preview",
              "name": "[concat(parameters('workspace'),'/Microsoft.SecurityInsights/',concat('AnalyticsRule-', last(split(variables('analyticRuleId8'),'/'))))]",
              "properties": {
                "description": "SonraiSecurity Analytics Rule 8",
                "parentId": "[variables('analyticRuleId8')]",
                "contentId": "[variables('_analyticRulecontentId8')]",
                "kind": "AnalyticsRule",
                "version": "[variables('analyticRuleVersion8')]",
                "source": {
                  "kind": "Solution",
                  "name": "SonraiSecurity",
                  "sourceId": "[variables('_solutionId')]"
                },
                "author": {
                  "name": "Sonrai support@sonraisecurity.com"
                },
                "support": {
                  "name": "Sonrai",
                  "tier": "Partner",
                  "email": "support@sonraisecurity.com"
                }
              }
            }
          ]
        }
      }
    },
    {
      "type": "Microsoft.Resources/templateSpecs",
      "apiVersion": "2021-05-01",
      "name": "[variables('analyticRuleTemplateSpecName9')]",
      "location": "[parameters('workspace-location')]",
      "tags": {
        "hidden-sentinelWorkspaceId": "[variables('workspaceResourceId')]",
        "hidden-sentinelContentType": "AnalyticsRule"
      },
      "properties": {
        "description": "SonraiSecurity Analytics Rule 9 with template",
        "displayName": "SonraiSecurity Analytics Rule template"
      }
    },
    {
      "type": "Microsoft.Resources/templateSpecs/versions",
      "apiVersion": "2021-05-01",
      "name": "[concat(variables('analyticRuleTemplateSpecName9'),'/',variables('analyticRuleVersion9'))]",
      "location": "[parameters('workspace-location')]",
      "tags": {
        "hidden-sentinelWorkspaceId": "[variables('workspaceResourceId')]",
        "hidden-sentinelContentType": "AnalyticsRule"
      },
      "dependsOn": [
        "[resourceId('Microsoft.Resources/templateSpecs', variables('analyticRuleTemplateSpecName9'))]"
      ],
      "properties": {
        "description": "SonraiTicketUpdated_AnalyticalRules Analytics Rule with template version 2.0.0",
        "mainTemplate": {
          "$schema": "https://schema.management.azure.com/schemas/2019-04-01/deploymentTemplate.json#",
          "contentVersion": "[variables('analyticRuleVersion9')]",
          "parameters": {},
          "variables": {},
          "resources": [
            {
              "type": "Microsoft.SecurityInsights/AlertRuleTemplates",
              "name": "[variables('AnalyticRulecontentId9')]",
              "apiVersion": "2022-04-01-preview",
              "kind": "Scheduled",
              "location": "[parameters('workspace-location')]",
              "properties": {
                "description": "Checks if Sonrai tickets have been updated. \nIt uses the action type to check if a ticket has been updated",
                "displayName": "Sonrai Ticket Updated",
                "enabled": false,
                "query": "Sonrai_Tickets_CL\n| where action_d == 5\n",
                "queryFrequency": "PT5M",
                "queryPeriod": "PT5M",
                "severity": "Medium",
                "suppressionDuration": "PT1H",
                "suppressionEnabled": false,
                "triggerOperator": "GreaterThan",
                "triggerThreshold": 0,
                "status": "Available",
                "requiredDataConnectors": [
                  {
                    "dataTypes": [
                      "Sonrai_Tickets_CL"
                    ],
                    "connectorId": "SonraiDataConnector"
                  }
                ],
                "eventGroupingSettings": {
                  "aggregationKind": "AlertPerResult"
                },
                "customDetails": {
                  "resourceLabel": "digest_resourceLabel_s",
                  "ticketSeverity": "digest_severityCategory_s",
                  "ticketOrg": "digest_org_s",
                  "resourceType": "digest_resourceType_s",
                  "criticalResource": "digest_criticalResourceName_s",
                  "ticketName": "digest_title_s",
                  "ticketStatus": "digest_status_s"
                },
                "alertDetailsOverride": {
                  "alertDescriptionFormat": "digest_ticketKeyDescription_s",
                  "alertDisplayNameFormat": "Updated - {{digest_ticketSrn_s}} - {{digest_ticketKeyName_s}}",
                  "alertSeverityColumnName": "digest_severityCategory_s"
                }
              }
            },
            {
              "type": "Microsoft.OperationalInsights/workspaces/providers/metadata",
              "apiVersion": "2022-01-01-preview",
              "name": "[concat(parameters('workspace'),'/Microsoft.SecurityInsights/',concat('AnalyticsRule-', last(split(variables('analyticRuleId9'),'/'))))]",
              "properties": {
                "description": "SonraiSecurity Analytics Rule 9",
                "parentId": "[variables('analyticRuleId9')]",
                "contentId": "[variables('_analyticRulecontentId9')]",
                "kind": "AnalyticsRule",
                "version": "[variables('analyticRuleVersion9')]",
                "source": {
                  "kind": "Solution",
                  "name": "SonraiSecurity",
                  "sourceId": "[variables('_solutionId')]"
                },
                "author": {
                  "name": "Sonrai support@sonraisecurity.com"
                },
                "support": {
                  "name": "Sonrai",
                  "tier": "Partner",
                  "email": "support@sonraisecurity.com"
                }
              }
            }
          ]
        }
      }
    },
    {
      "type": "Microsoft.Resources/templateSpecs",
      "apiVersion": "2021-05-01",
      "name": "[variables('workbookTemplateSpecName1')]",
      "location": "[parameters('workspace-location')]",
      "tags": {
        "hidden-sentinelWorkspaceId": "[variables('workspaceResourceId')]",
        "hidden-sentinelContentType": "Workbook"
      },
      "properties": {
        "description": "SonraiSecurity Workbook with template",
        "displayName": "SonraiSecurity workbook template"
      }
    },
    {
      "type": "Microsoft.Resources/templateSpecs/versions",
      "apiVersion": "2021-05-01",
      "name": "[concat(variables('workbookTemplateSpecName1'),'/',variables('workbookVersion1'))]",
      "location": "[parameters('workspace-location')]",
      "tags": {
        "hidden-sentinelWorkspaceId": "[variables('workspaceResourceId')]",
        "hidden-sentinelContentType": "Workbook"
      },
      "dependsOn": [
        "[resourceId('Microsoft.Resources/templateSpecs', variables('workbookTemplateSpecName1'))]"
      ],
      "properties": {
        "description": "SonraiWorkbook Workbook with template version 2.0.0",
        "mainTemplate": {
          "$schema": "https://schema.management.azure.com/schemas/2019-04-01/deploymentTemplate.json#",
          "contentVersion": "[variables('workbookVersion1')]",
          "parameters": {},
          "variables": {},
          "resources": [
            {
              "type": "Microsoft.Insights/workbooks",
              "name": "[variables('workbookContentId1')]",
              "location": "[parameters('workspace-location')]",
              "kind": "shared",
              "apiVersion": "2021-08-01",
              "metadata": {
                "description": "Sets the time name for analysis"
              },
              "properties": {
                "displayName": "[parameters('workbook1-name')]",
                "serializedData": "{\"version\":\"Notebook/1.0\",\"items\":[{\"type\":3,\"content\":{\"version\":\"KqlItem/1.0\",\"query\":\"Sonrai_Tickets_CL\\n| summarize count() by digest_criticalResourceName_s\",\"size\":0,\"title\":\"Tickets per Resource (last 30 days)\",\"noDataMessage\":\"No tickets found\",\"noDataMessageStyle\":3,\"timeContext\":{\"durationMs\":2592000000},\"queryType\":0,\"resourceType\":\"microsoft.operationalinsights/workspaces\",\"visualization\":\"piechart\"},\"customWidth\":\"50\",\"name\":\"query - 2\",\"styleSettings\":{\"maxWidth\":\"30%\"}},{\"type\":3,\"content\":{\"version\":\"KqlItem/1.0\",\"query\":\"Sonrai_Tickets_CL\\n| where digest_status_s == \\\"NEW\\\"\\n| summarize count() by digest_ticketKeyName_s\",\"size\":0,\"title\":\"Ticket Key Name (last 30 days)\",\"noDataMessage\":\"No tickets found\",\"noDataMessageStyle\":3,\"timeContext\":{\"durationMs\":2592000000},\"queryType\":0,\"resourceType\":\"microsoft.operationalinsights/workspaces\",\"visualization\":\"piechart\"},\"customWidth\":\"50\",\"name\":\"query - 2\",\"styleSettings\":{\"maxWidth\":\"30%\"}},{\"type\":3,\"content\":{\"version\":\"KqlItem/1.0\",\"query\":\"Sonrai_Tickets_CL\\n| summarize Count=count() by Date = startofweek(TimeGenerated)\\n| render timechart\",\"size\":1,\"title\":\"Logs over time\",\"noDataMessage\":\"No Tickets Found\",\"noDataMessageStyle\":3,\"queryType\":0,\"resourceType\":\"microsoft.operationalinsights/workspaces\"},\"customWidth\":\"50\",\"name\":\"query - 2\",\"styleSettings\":{\"maxWidth\":\"50%\"}}],\"fromTemplateId\":\"sentinel-SonraiSecurityWorkbook\",\"$schema\":\"https://github.com/Microsoft/Application-Insights-Workbooks/blob/master/schema/workbook.json\"}\r\n",
                "version": "1.0",
                "sourceId": "[variables('workspaceResourceId')]",
                "category": "sentinel"
              }
            },
            {
              "type": "Microsoft.OperationalInsights/workspaces/providers/metadata",
              "apiVersion": "2022-01-01-preview",
              "name": "[concat(parameters('workspace'),'/Microsoft.SecurityInsights/',concat('Workbook-', last(split(variables('workbookId1'),'/'))))]",
              "properties": {
                "description": "@{workbookKey=SonraiSecurityWorkbook; logoFileName=Sonrai.svg; description=Sets the time name for analysis; dataTypesDependencies=System.Object[]; dataConnectorsDependencies=System.Object[]; previewImagesFileNames=System.Object[]; version=1.0.0; title=Sonrai; templateRelativePath=Sonrai.json; subtitle=; provider=Sonrai}.description",
                "parentId": "[variables('workbookId1')]",
                "contentId": "[variables('_workbookContentId1')]",
                "kind": "Workbook",
                "version": "[variables('workbookVersion1')]",
                "source": {
                  "kind": "Solution",
                  "name": "SonraiSecurity",
                  "sourceId": "[variables('_solutionId')]"
                },
                "author": {
                  "name": "Sonrai support@sonraisecurity.com"
                },
                "support": {
                  "name": "Sonrai",
                  "tier": "Partner",
                  "email": "support@sonraisecurity.com"
                },
                "dependencies": {
                  "operator": "AND",
                  "criteria": [
                    {
                      "contentId": "Sonrai_Tickets_CL",
                      "kind": "DataType"
                    },
                    {
                      "contentId": "SonraiDataConnector",
                      "kind": "DataConnector"
                    }
                  ]
                }
              }
            }
          ]
        }
      }
    },
    {
      "type": "Microsoft.OperationalInsights/workspaces/providers/metadata",
      "apiVersion": "2022-01-01-preview",
      "location": "[parameters('workspace-location')]",
      "properties": {
        "version": "2.0.0",
        "kind": "Solution",
        "contentSchemaVersion": "2.0.0",
        "contentId": "[variables('_solutionId')]",
        "parentId": "[variables('_solutionId')]",
        "source": {
          "kind": "Solution",
          "name": "SonraiSecurity",
          "sourceId": "[variables('_solutionId')]"
        },
        "author": {
          "name": "Sonrai support@sonraisecurity.com"
        },
        "support": {
          "name": "Sonrai",
          "tier": "Partner",
          "email": "support@sonraisecurity.com"
        },
        "dependencies": {
          "operator": "AND",
          "criteria": [
            {
              "kind": "DataConnector",
              "contentId": "[variables('_dataConnectorContentId1')]",
              "version": "[variables('dataConnectorVersion1')]"
            },
            {
              "kind": "AnalyticsRule",
              "contentId": "[variables('analyticRulecontentId1')]",
              "version": "[variables('analyticRuleVersion1')]"
            },
            {
              "kind": "AnalyticsRule",
              "contentId": "[variables('analyticRulecontentId2')]",
              "version": "[variables('analyticRuleVersion2')]"
            },
            {
              "kind": "AnalyticsRule",
              "contentId": "[variables('analyticRulecontentId3')]",
              "version": "[variables('analyticRuleVersion3')]"
            },
            {
              "kind": "AnalyticsRule",
              "contentId": "[variables('analyticRulecontentId4')]",
              "version": "[variables('analyticRuleVersion4')]"
            },
            {
              "kind": "AnalyticsRule",
              "contentId": "[variables('analyticRulecontentId5')]",
              "version": "[variables('analyticRuleVersion5')]"
            },
            {
              "kind": "AnalyticsRule",
              "contentId": "[variables('analyticRulecontentId6')]",
              "version": "[variables('analyticRuleVersion6')]"
            },
            {
              "kind": "AnalyticsRule",
              "contentId": "[variables('analyticRulecontentId7')]",
              "version": "[variables('analyticRuleVersion7')]"
            },
            {
              "kind": "AnalyticsRule",
              "contentId": "[variables('analyticRulecontentId8')]",
              "version": "[variables('analyticRuleVersion8')]"
            },
            {
              "kind": "AnalyticsRule",
              "contentId": "[variables('analyticRulecontentId9')]",
              "version": "[variables('analyticRuleVersion9')]"
            },
            {
              "kind": "Workbook",
              "contentId": "[variables('_workbookContentId1')]",
              "version": "[variables('workbookVersion1')]"
            }
          ]
        },
        "firstPublishDate": "2021-10-18",
        "providers": [
          "Sonrai"
        ],
        "categories": {
          "domains": [
            "Compliance"
          ]
        }
      },
      "name": "[concat(parameters('workspace'),'/Microsoft.SecurityInsights/', variables('_solutionId'))]"
    }
  ],
  "outputs": {}
}
