{
  "$schema": "https://schema.management.azure.com/schemas/2019-04-01/deploymentTemplate.json#",
  "contentVersion": "1.0.0.0",
  "metadata": {
    "author": "Semperis",
    "comments": "Solution template for Semperis Directory Services Protector"
  },
  "parameters": {
    "location": {
      "type": "string",
      "minLength": 1,
      "defaultValue": "[resourceGroup().location]",
      "metadata": {
        "description": "Not used, but needed to pass arm-ttk test `Location-Should-Not-Be-Hardcoded`.  We instead use the `workspace-location` which is derived from the LA workspace"
      }
    },
    "workspace-location": {
      "type": "string",
      "defaultValue": "",
      "metadata": {
        "description": "[concat('Region to deploy solution resources -- separate from location selection',parameters('location'))]"
      }
    },
    "workspace": {
      "defaultValue": "",
      "type": "string",
      "metadata": {
        "description": "Workspace name for Log Analytics where Microsoft Sentinel is setup"
      }
    },
    "workbook1-name": {
      "type": "string",
      "defaultValue": "Semperis Directory Services Protector",
      "minLength": 1,
      "metadata": {
        "description": "Name for the workbook"
      }
    }
  },
  "variables": {
    "solutionId": "semperis.directory-services-protector-solution",
    "_solutionId": "[variables('solutionId')]",
    "workbookVersion1": "1.0.0",
    "workbookContentId1": "SemperisDSPWorkbook",
    "workbookId1": "[resourceId('Microsoft.Insights/workbooks', variables('workbookContentId1'))]",
    "workbookTemplateSpecName1": "[concat(parameters('workspace'),'-wb-',uniquestring(variables('_workbookContentId1')))]",
    "_workbookContentId1": "[variables('workbookContentId1')]",
    "workspaceResourceId": "[resourceId('microsoft.OperationalInsights/Workspaces', parameters('workspace'))]",
    "parserVersion1": "1.0.0",
    "parserContentId1": "dsp_parser-Parser",
    "_parserContentId1": "[variables('parserContentId1')]",
    "parserName1": "dsp_parser",
    "_parserName1": "[concat(parameters('workspace'),'/',variables('parserName1'))]",
    "parserId1": "[resourceId('Microsoft.OperationalInsights/workspaces/savedSearches', parameters('workspace'), variables('parserName1'))]",
    "_parserId1": "[variables('parserId1')]",
    "parserTemplateSpecName1": "[concat(parameters('workspace'),'-pr-',uniquestring(variables('_parserContentId1')))]",
    "analyticRuleVersion1": "1.0.0",
    "analyticRulecontentId1": "1a6d0a49-64b3-4ca1-96c3-f154c16c218c",
    "_analyticRulecontentId1": "[variables('analyticRulecontentId1')]",
    "analyticRuleId1": "[resourceId('Microsoft.SecurityInsights/AlertRuleTemplates', variables('analyticRulecontentId1'))]",
    "analyticRuleTemplateSpecName1": "[concat(parameters('workspace'),'-ar-',uniquestring(variables('_analyticRulecontentId1')))]",
    "analyticRuleVersion2": "1.0.0",
    "analyticRulecontentId2": "9ff3b26b-7636-412e-ac46-072b084b94cb",
    "_analyticRulecontentId2": "[variables('analyticRulecontentId2')]",
    "analyticRuleId2": "[resourceId('Microsoft.SecurityInsights/AlertRuleTemplates', variables('analyticRulecontentId2'))]",
    "analyticRuleTemplateSpecName2": "[concat(parameters('workspace'),'-ar-',uniquestring(variables('_analyticRulecontentId2')))]",
    "analyticRuleVersion3": "1.0.0",
    "analyticRulecontentId3": "64796da3-6383-4de2-9c97-866c83c459ae",
    "_analyticRulecontentId3": "[variables('analyticRulecontentId3')]",
    "analyticRuleId3": "[resourceId('Microsoft.SecurityInsights/AlertRuleTemplates', variables('analyticRulecontentId3'))]",
    "analyticRuleTemplateSpecName3": "[concat(parameters('workspace'),'-ar-',uniquestring(variables('_analyticRulecontentId3')))]",
    "analyticRuleVersion4": "1.0.0",
    "analyticRulecontentId4": "ddd75d93-5b8b-4349-babe-c4e15343c5a3",
    "_analyticRulecontentId4": "[variables('analyticRulecontentId4')]",
    "analyticRuleId4": "[resourceId('Microsoft.SecurityInsights/AlertRuleTemplates', variables('analyticRulecontentId4'))]",
    "analyticRuleTemplateSpecName4": "[concat(parameters('workspace'),'-ar-',uniquestring(variables('_analyticRulecontentId4')))]",
    "analyticRuleVersion5": "1.0.0",
    "analyticRulecontentId5": "85c1f9e4-6f14-46bf-82d5-dbe495b92aab",
    "_analyticRulecontentId5": "[variables('analyticRulecontentId5')]",
    "analyticRuleId5": "[resourceId('Microsoft.SecurityInsights/AlertRuleTemplates', variables('analyticRulecontentId5'))]",
    "analyticRuleTemplateSpecName5": "[concat(parameters('workspace'),'-ar-',uniquestring(variables('_analyticRulecontentId5')))]",
    "uiConfigId1": "SemperisDSP",
    "_uiConfigId1": "[variables('uiConfigId1')]",
    "dataConnectorContentId1": "SemperisDSP",
    "_dataConnectorContentId1": "[variables('dataConnectorContentId1')]",
    "dataConnectorId1": "[extensionResourceId(resourceId('Microsoft.OperationalInsights/workspaces', parameters('workspace')), 'Microsoft.SecurityInsights/dataConnectors', variables('_dataConnectorContentId1'))]",
    "_dataConnectorId1": "[variables('dataConnectorId1')]",
    "dataConnectorTemplateSpecName1": "[concat(parameters('workspace'),'-dc-',uniquestring(variables('_dataConnectorContentId1')))]",
    "dataConnectorVersion1": "1.0.0"
  },
  "resources": [
    {
      "type": "Microsoft.Resources/templateSpecs",
      "apiVersion": "2021-05-01",
      "name": "[variables('workbookTemplateSpecName1')]",
      "location": "[parameters('workspace-location')]",
      "tags": {
        "hidden-sentinelWorkspaceId": "[variables('workspaceResourceId')]",
        "hidden-sentinelContentType": "Workbook"
      },
      "properties": {
        "description": "Semperis Directory Services Protector Workbook with template",
        "displayName": "Semperis Directory Services Protector workbook template"
      }
    },
    {
      "type": "Microsoft.Resources/templateSpecs/versions",
      "apiVersion": "2021-05-01",
      "name": "[concat(variables('workbookTemplateSpecName1'),'/',variables('workbookVersion1'))]",
      "location": "[parameters('workspace-location')]",
      "tags": {
        "hidden-sentinelWorkspaceId": "[variables('workspaceResourceId')]",
        "hidden-sentinelContentType": "Workbook"
      },
      "dependsOn": [
        "[resourceId('Microsoft.Resources/templateSpecs', variables('workbookTemplateSpecName1'))]"
      ],
      "properties": {
        "description": "SemperisDSPWorkbookWorkbook Workbook with template version 2.0.0",
        "mainTemplate": {
          "$schema": "https://schema.management.azure.com/schemas/2019-04-01/deploymentTemplate.json#",
          "contentVersion": "[variables('workbookVersion1')]",
          "parameters": {},
          "variables": {},
          "resources": [
            {
              "type": "Microsoft.Insights/workbooks",
              "name": "[variables('workbookContentId1')]",
              "location": "[parameters('workspace-location')]",
              "kind": "shared",
              "apiVersion": "2021-08-01",
              "metadata": {
                "description": "Specify the time range on which to query the data"
              },
              "properties": {
                "displayName": "[parameters('workbook1-name')]",
                "serializedData": "{\"version\":\"Notebook/1.0\",\"items\":[{\"type\":1,\"content\":{\"json\":\"# Semperis Directory Services Protector\\r\\n\\r\\n**Semperis Directory Services Protector** (DSP) provides valuable insight into your Active Directory security posture. It queries your Active Directory environment and performs a set of tests against many aspects of Active Directory's security posture, including AD Delegation, Account security, AD Infrastructure security, Group Policy security, and Kerberos security.\\r\\n\\r\\nEach security indicator is mapped to MITRE ATT&CK® framework categories, explains what was evaluated, and indicates how likely an exposure will compromise Active Directory. \\r\\n\\r\\nEach IoE found highlights weak Active Directory configurations and provides actionable guidance on how to close gaps before they are exploited by attackers. Using this workbook, you can determine how you are doing from a security perspective, compared to best practice environments.\\r\\n\\r\\nIn case of security regressions, Semperis Directory Services Protector will trigger alerts through Azure Sentinel.\"},\"name\":\"text - 2\"},{\"type\":1,\"content\":{\"json\":\"# Security Indicators mapped to MITRE ATT&CK® Framework Categories:\"},\"name\":\"text - 5\"},{\"type\":9,\"content\":{\"version\":\"KqlParameterItem/1.0\",\"parameters\":[{\"id\":\"83787f1b-6573-47c6-8def-36bceb9a8afe\",\"version\":\"KqlParameterItem/1.0\",\"name\":\"TimeRange\",\"label\":\"Time Range\",\"type\":4,\"description\":\" Specify the time range on which to query the data\",\"isRequired\":true,\"value\":{\"durationMs\":604800000},\"typeSettings\":{\"selectableValues\":[{\"durationMs\":300000},{\"durationMs\":900000},{\"durationMs\":1800000},{\"durationMs\":3600000},{\"durationMs\":14400000},{\"durationMs\":43200000},{\"durationMs\":86400000},{\"durationMs\":172800000},{\"durationMs\":259200000},{\"durationMs\":604800000},{\"durationMs\":1209600000},{\"durationMs\":2419200000},{\"durationMs\":2592000000},{\"durationMs\":5184000000},{\"durationMs\":7776000000}]},\"timeContext\":{\"durationMs\":86400000}},{\"id\":\"d46aac4d-bcb8-4dbf-a331-3a3538226bc3\",\"version\":\"KqlParameterItem/1.0\",\"name\":\"MitreFramework\",\"label\":\"MITRE ATT&CK Framework\",\"type\":2,\"isRequired\":true,\"multiSelect\":true,\"quote\":\"'\",\"delimiter\":\",\",\"query\":\"dsp_parser\\r\\n| where isnotempty(SecurityFrameworkTags)\\r\\n| mv-expand bagexpansion=array parse_csv(SecurityFrameworkTagsCsv) to typeof(string)\\r\\n| summarize Count = count() by SecurityFrameworkTagsCsv\\r\\n| order by Count desc, SecurityFrameworkTagsCsv asc\\r\\n| project Value = SecurityFrameworkTagsCsv, Label = strcat(SecurityFrameworkTagsCsv)\",\"typeSettings\":{\"additionalResourceOptions\":[\"value::all\"],\"selectAllValue\":\"\",\"showDefault\":false},\"timeContext\":{\"durationMs\":0},\"timeContextFromParameter\":\"TimeRange\",\"defaultValue\":\"value::all\",\"queryType\":0,\"resourceType\":\"microsoft.operationalinsights/workspaces\"},{\"id\":\"cf84c455-c1b9-4785-a592-54834be54097\",\"version\":\"KqlParameterItem/1.0\",\"name\":\"Status\",\"type\":2,\"isRequired\":true,\"multiSelect\":true,\"quote\":\"'\",\"delimiter\":\",\",\"query\":\"dsp_parser\\r\\n| where isnotempty(Result)\\r\\n| summarize Count = count() by tostring(Result)\\r\\n| order by Count desc, Result asc\\r\\n| project Value = Result, Label = strcat(Result)\",\"value\":[\"value::all\"],\"typeSettings\":{\"additionalResourceOptions\":[\"value::all\"],\"showDefault\":false},\"timeContext\":{\"durationMs\":0},\"timeContextFromParameter\":\"TimeRange\",\"queryType\":0,\"resourceType\":\"microsoft.operationalinsights/workspaces\"}],\"style\":\"pills\",\"queryType\":0,\"resourceType\":\"microsoft.operationalinsights/workspaces\"},\"name\":\"parameters - 3\"},{\"type\":3,\"content\":{\"version\":\"KqlItem/1.0\",\"query\":\"dsp_parser\\r\\n| where isnotempty(SecurityFrameworkTags) \\r\\n| where Result in ({Status})\\r\\n| extend SecurityFrameworkTagList = parse_csv(SecurityFrameworkTagsCsv)\\r\\n| mv-expand bagexpansion=array SecurityFrameworkTagList to typeof(string)\\r\\n| where SecurityFrameworkTagList in ({MitreFramework})\\r\\n| summarize event_count=count() by SecurityFrameworkTagList\\r\\n\",\"size\":0,\"title\":\"Amount of Generated Events per Category\",\"timeContext\":{\"durationMs\":604800000},\"timeContextFromParameter\":\"TimeRange\",\"queryType\":0,\"resourceType\":\"microsoft.operationalinsights/workspaces\",\"visualization\":\"barchart\",\"graphSettings\":{\"type\":0,\"topContent\":{\"columnMatch\":\"securityFrameworkTags\",\"formatter\":1},\"centerContent\":{\"columnMatch\":\"event_count\",\"formatter\":1,\"numberFormat\":{\"unit\":17,\"options\":{\"maximumSignificantDigits\":3,\"maximumFractionDigits\":2}}}},\"mapSettings\":{\"locInfo\":\"LatLong\",\"sizeSettings\":\"event_count\",\"sizeAggregation\":\"Sum\",\"legendMetric\":\"event_count\",\"legendAggregation\":\"Sum\",\"itemColorSettings\":{\"type\":\"heatmap\",\"colorAggregation\":\"Sum\",\"nodeColorField\":\"event_count\",\"heatmapPalette\":\"greenRed\"}}},\"name\":\"query - 5\",\"styleSettings\":{\"showBorder\":true}},{\"type\":12,\"content\":{\"version\":\"NotebookGroup/1.0\",\"groupType\":\"editable\",\"items\":[{\"type\":3,\"content\":{\"version\":\"KqlItem/1.0\",\"query\":\"dsp_parser\\r\\n| where isnotempty(SecurityFrameworkTags) \\r\\n| where Result in ({Status})\\r\\n| extend SecurityFrameworkTagList = parse_csv(SecurityFrameworkTagsCsv)\\r\\n| extend MitreFramework = pack_array({MitreFramework})\\r\\n| extend FilterIntersection = set_intersect(SecurityFrameworkTagList, MitreFramework)\\r\\n| extend FilterIntersectionCount = array_length(FilterIntersection)\\r\\n| where FilterIntersectionCount > 0\\r\\n| summarize Requests = count() by tostring(SecurityIndicatorName)\\r\\n| order by Requests\\r\\n\",\"size\":3,\"title\":\"Breakdown by Indicators of Exposure (IoEs)\",\"noDataMessageStyle\":4,\"timeContext\":{\"durationMs\":604800000},\"timeContextFromParameter\":\"TimeRange\",\"queryType\":0,\"resourceType\":\"microsoft.operationalinsights/workspaces\",\"visualization\":\"tiles\",\"tileSettings\":{\"titleContent\":{\"columnMatch\":\"SecurityIndicatorName\",\"formatter\":1},\"subtitleContent\":{\"columnMatch\":\"Requests\",\"formatter\":12,\"formatOptions\":{\"palette\":\"auto\"}},\"showBorder\":false,\"size\":\"auto\"},\"chartSettings\":{\"group\":\"securityIndicatorName\",\"createOtherGroup\":10,\"showMetrics\":false},\"mapSettings\":{\"locInfo\":\"LatLong\",\"sizeSettings\":\"Requests\",\"sizeAggregation\":\"Sum\",\"legendMetric\":\"Requests\",\"legendAggregation\":\"Sum\",\"itemColorSettings\":{\"type\":\"heatmap\",\"colorAggregation\":\"Sum\",\"nodeColorField\":\"Requests\",\"heatmapPalette\":\"greenRed\"}}},\"name\":\"query - 2\",\"styleSettings\":{\"showBorder\":true}},{\"type\":3,\"content\":{\"version\":\"KqlItem/1.0\",\"query\":\"dsp_parser\\r\\n| where isnotempty(SecurityFrameworkTags) \\r\\n| where Result in ({Status})\\r\\n| extend SecurityFrameworkTagList = parse_csv(SecurityFrameworkTagsCsv)\\r\\n| extend MitreFramework = pack_array({MitreFramework})\\r\\n| extend FilterIntersection = set_intersect(SecurityFrameworkTagList, MitreFramework)\\r\\n| extend FilterIntersectionCount = array_length(FilterIntersection)\\r\\n| where FilterIntersectionCount > 0\\r\\n| summarize Count = count() by tostring(SecurityFrameworkTags), tostring(SecurityIndicatorName), tostring(SecurityIndicatorDescription), tostring(LikelihoodOfCompromise), tostring(Remediation), tostring(Result), tostring(FirstFound), tostring(Score)\\r\\n| order by Count\\r\\n\",\"size\":0,\"title\":\"Indicators of Exposure (IoEs) Details:\",\"timeContext\":{\"durationMs\":604800000},\"timeContextFromParameter\":\"TimeRange\",\"showExportToExcel\":true,\"queryType\":0,\"resourceType\":\"microsoft.operationalinsights/workspaces\",\"visualization\":\"table\",\"gridSettings\":{\"sortBy\":[{\"itemKey\":\"SecurityFrameworkTags\",\"sortOrder\":1}],\"labelSettings\":[{\"columnId\":\"SecurityFrameworkTags\",\"label\":\"MITRE ATT&CK Framework\"},{\"columnId\":\"SecurityIndicatorName\",\"label\":\"Indicator of Exposure\"},{\"columnId\":\"SecurityIndicatorDescription\",\"label\":\"Description\"},{\"columnId\":\"LikelihoodOfCompromise\",\"label\":\"Likelihood of Compromise\"},{\"columnId\":\"FirstFound\",\"label\":\"First Time Found\"},{\"columnId\":\"Count\"}]},\"sortBy\":[{\"itemKey\":\"SecurityFrameworkTags\",\"sortOrder\":1}],\"tileSettings\":{\"showBorder\":false,\"titleContent\":{\"columnMatch\":\"securityIndicatorName\",\"formatter\":1},\"leftContent\":{\"columnMatch\":\"Count\",\"formatter\":12,\"formatOptions\":{\"palette\":\"auto\"},\"numberFormat\":{\"unit\":17,\"options\":{\"maximumSignificantDigits\":3,\"maximumFractionDigits\":2}}}}},\"name\":\"query - 1\",\"styleSettings\":{\"showBorder\":true}}]},\"name\":\"group - 6\"},{\"type\":12,\"content\":{\"version\":\"NotebookGroup/1.0\",\"groupType\":\"editable\",\"items\":[{\"type\":3,\"content\":{\"version\":\"KqlItem/1.0\",\"query\":\"dsp_parser\\r\\n| where isnotempty(SecurityFrameworkTags) \\r\\n| where Result in ({Status})\\r\\n| extend SecurityFrameworkTagList = parse_csv(SecurityFrameworkTagsCsv)\\r\\n| extend MitreFramework = pack_array({MitreFramework})\\r\\n| extend FilterIntersection = set_intersect(SecurityFrameworkTagList, MitreFramework)\\r\\n| extend FilterIntersectionCount = array_length(FilterIntersection)\\r\\n| where FilterIntersectionCount > 0\\r\\n| summarize Count = count() by tostring(SecurityIndicatorName)\\r\\n| top 10 by Count desc\",\"size\":3,\"title\":\"Top 10 Indicators of Exposure (IoEs)\",\"timeContext\":{\"durationMs\":604800000},\"timeContextFromParameter\":\"TimeRange\",\"queryType\":0,\"resourceType\":\"microsoft.operationalinsights/workspaces\",\"visualization\":\"piechart\",\"chartSettings\":{\"group\":\"SecurityIndicatorName\",\"createOtherGroup\":10,\"showMetrics\":false,\"showLegend\":true,\"ySettings\":{\"numberFormatSettings\":{\"unit\":0,\"options\":{\"style\":\"decimal\",\"useGrouping\":false}}}}},\"customWidth\":\"40\",\"name\":\"query - 4\",\"styleSettings\":{\"showBorder\":true}},{\"type\":3,\"content\":{\"version\":\"KqlItem/1.0\",\"query\":\"dsp_parser\\r\\n| where isnotempty(SecurityFrameworkTags) \\r\\n| where Result in ({Status})\\r\\n| extend SecurityFrameworkTagList = parse_csv(SecurityFrameworkTagsCsv)\\r\\n| extend MitreFramework = pack_array({MitreFramework})\\r\\n| extend FilterIntersection = set_intersect(SecurityFrameworkTagList, MitreFramework)\\r\\n| extend FilterIntersectionCount = array_length(FilterIntersection)\\r\\n| where FilterIntersectionCount > 0\\r\\n| summarize Count = count() by tostring(SecurityFrameworkTags), tostring(SecurityIndicatorName), tostring(FirstFound), tostring(Remediation)\\r\\n| top 10 by Count desc\\r\\n| project-away Count\",\"size\":0,\"title\":\"Top 10 Indicators of Exposure (IoEs) Details:\",\"timeContext\":{\"durationMs\":0},\"timeContextFromParameter\":\"TimeRange\",\"queryType\":0,\"resourceType\":\"microsoft.operationalinsights/workspaces\",\"visualization\":\"table\"},\"customWidth\":\"60\",\"name\":\"query - 1\",\"styleSettings\":{\"showBorder\":true}}]},\"name\":\"group - 5\",\"styleSettings\":{\"showBorder\":true}}],\"fromTemplateId\":\"sentinel-SemperisDSPWorkbook\",\"$schema\":\"https://github.com/Microsoft/Application-Insights-Workbooks/blob/master/schema/workbook.json\"}\r\n",
                "version": "1.0",
                "sourceId": "[variables('workspaceResourceId')]",
                "category": "sentinel"
              }
            },
            {
              "type": "Microsoft.OperationalInsights/workspaces/providers/metadata",
              "apiVersion": "2022-01-01-preview",
              "name": "[concat(parameters('workspace'),'/Microsoft.SecurityInsights/',concat('Workbook-', last(split(variables('workbookId1'),'/'))))]",
              "properties": {
                "description": "@{workbookKey=SemperisDSPWorkbook; logoFileName=Semperis.svg; description=Specify the time range on which to query the data; dataTypesDependencies=System.Object[]; dataConnectorsDependencies=System.Object[]; previewImagesFileNames=System.Object[]; version=1.0.0; title=Semperis Directory Services Protector; templateRelativePath=SemperisDSPWorkbook.json; subtitle=; provider=Semperis}.description",
                "parentId": "[variables('workbookId1')]",
                "contentId": "[variables('_workbookContentId1')]",
                "kind": "Workbook",
                "version": "[variables('workbookVersion1')]",
                "source": {
                  "kind": "Solution",
                  "name": "Semperis Directory Services Protector",
                  "sourceId": "[variables('_solutionId')]"
                },
                "author": {
                  "name": "Semperis"
                },
                "support": {
                  "name": "Semperis",
                  "tier": "Partner",
                  "link": "https://www.semperis.com/contact-us/"
                },
                "dependencies": {
                  "operator": "AND",
                  "criteria": [
                    {
                      "contentId": "dsp_parser",
                      "kind": "DataType"
                    },
                    {
                      "contentId": "SemperisDSP",
                      "kind": "DataConnector"
                    }
                  ]
                }
              }
            }
          ]
        }
      }
    },
    {
      "type": "Microsoft.Resources/templateSpecs",
      "apiVersion": "2021-05-01",
      "name": "[variables('parserTemplateSpecName1')]",
      "location": "[parameters('workspace-location')]",
      "tags": {
        "hidden-sentinelWorkspaceId": "[variables('workspaceResourceId')]",
        "hidden-sentinelContentType": "Parser"
      },
      "properties": {
        "description": "dsp_parser Data Parser with template",
        "displayName": "dsp_parser Data Parser template"
      }
    },
    {
      "type": "Microsoft.Resources/templateSpecs/versions",
      "apiVersion": "2021-05-01",
      "name": "[concat(variables('parserTemplateSpecName1'),'/',variables('parserVersion1'))]",
      "location": "[parameters('workspace-location')]",
      "tags": {
        "hidden-sentinelWorkspaceId": "[variables('workspaceResourceId')]",
        "hidden-sentinelContentType": "Parser"
      },
      "dependsOn": [
        "[resourceId('Microsoft.Resources/templateSpecs', variables('parserTemplateSpecName1'))]"
      ],
      "properties": {
        "description": "dsp_parser Data Parser with template version 2.0.0",
        "mainTemplate": {
          "$schema": "https://schema.management.azure.com/schemas/2019-04-01/deploymentTemplate.json#",
          "contentVersion": "[variables('parserVersion1')]",
          "parameters": {},
          "variables": {},
          "resources": [
            {
              "name": "[variables('_parserName1')]",
              "apiVersion": "2020-08-01",
              "type": "Microsoft.OperationalInsights/workspaces/savedSearches",
              "location": "[parameters('workspace-location')]",
              "properties": {
                "eTag": "*",
                "displayName": "dsp_parser",
                "category": "Samples",
                "functionAlias": "dsp_parser",
                "query": "\nEvent\r\n| where Source == \"Semperis-DSP-Security\"\r\n| where EventID in (\"9211\",\"9212\",\"9208\")\r\n| parse EventData with \r\n    '<DataItem type=\"' EventDataType \r\n    '\" time=\"' EventDataTime \r\n    '\" sourceHealthServiceId=\"' EventDataSourceHealthServiceId \r\n    '\"><EventData ' * '>' DSPData '</EventData></DataItem>'\r\n| parse DSPData with \r\n    *\r\n    '<Data Name=\"firstFound\">' FirstFound '</Data>'\r\n    * \r\n| parse DSPData with \r\n    '<Data Name=\"generationTime\">' GenerationTime '</Data>'\r\n    '<Data Name=\"securityIndicatorName\">' SecurityIndicatorName '</Data>'\r\n\t'<Data Name=\"result\">' Result '</Data>' \r\n    *\r\n\t'<Data Name=\"score\">' Score '</Data>'\r\n\t'<Data Name=\"forestName\">' ForestName '</Data>'\r\n\t'<Data Name=\"domains\">' Domains '</Data>'\r\n\t'<Data Name=\"severity\">' Severity '</Data>'\r\n\t'<Data Name=\"weight\">' Weight '</Data>'\r\n\t'<Data Name=\"securityFrameworkTags\">' SecurityFrameworkTags '</Data>'\r\n\t'<Data Name=\"securityIndicatorDescription\">' SecurityIndicatorDescription '</Data>'\r\n\t'<Data Name=\"likelihoodOfCompromise\">' LikelihoodOfCompromise '</Data>'\r\n\t'<Data Name=\"resultMessage\">' ResultMessage '</Data>'\r\n\t'<Data Name=\"numberOfResults\">' NumberOfResults '</Data>'\r\n\t'<Data Name=\"remediation\">' Remediation '</Data>'\r\n\t'<Data Name=\"schedule\">' Schedule '</Data>'\r\n    * \r\n| extend SecurityFrameworkTagsCsv = replace(@' Mitre:', @'', tostring(SecurityFrameworkTags))\r\n| extend SecurityFrameworkTagsCsv = replace(@'Mitre:', @'', tostring(SecurityFrameworkTagsCsv))\r\n| extend SecurityFrameworkTags = replace(@'Mitre:', @'', tostring(SecurityFrameworkTags))\r\n",
                "version": 1,
                "tags": [
                  {
                    "name": "description",
                    "value": "dsp_parser"
                  }
                ]
              }
            },
            {
              "type": "Microsoft.OperationalInsights/workspaces/providers/metadata",
              "apiVersion": "2022-01-01-preview",
              "name": "[concat(parameters('workspace'),'/Microsoft.SecurityInsights/',concat('Parser-', last(split(variables('_parserId1'),'/'))))]",
              "dependsOn": [
                "[variables('_parserName1')]"
              ],
              "properties": {
                "parentId": "[resourceId('Microsoft.OperationalInsights/workspaces/savedSearches', parameters('workspace'), variables('parserName1'))]",
                "contentId": "[variables('_parserContentId1')]",
                "kind": "Parser",
                "version": "[variables('parserVersion1')]",
                "source": {
                  "name": "Semperis Directory Services Protector",
                  "kind": "Solution",
                  "sourceId": "[variables('_solutionId')]"
                },
                "author": {
                  "name": "Semperis"
                },
                "support": {
                  "name": "Semperis",
                  "tier": "Partner",
                  "link": "https://www.semperis.com/contact-us/"
                }
              }
            }
          ]
        }
      }
    },
    {
      "type": "Microsoft.OperationalInsights/workspaces/savedSearches",
      "apiVersion": "2021-06-01",
      "name": "[variables('_parserName1')]",
      "location": "[parameters('workspace-location')]",
      "properties": {
        "eTag": "*",
        "displayName": "dsp_parser",
        "category": "Samples",
        "functionAlias": "dsp_parser",
        "query": "\nEvent\r\n| where Source == \"Semperis-DSP-Security\"\r\n| where EventID in (\"9211\",\"9212\",\"9208\")\r\n| parse EventData with \r\n    '<DataItem type=\"' EventDataType \r\n    '\" time=\"' EventDataTime \r\n    '\" sourceHealthServiceId=\"' EventDataSourceHealthServiceId \r\n    '\"><EventData ' * '>' DSPData '</EventData></DataItem>'\r\n| parse DSPData with \r\n    *\r\n    '<Data Name=\"firstFound\">' FirstFound '</Data>'\r\n    * \r\n| parse DSPData with \r\n    '<Data Name=\"generationTime\">' GenerationTime '</Data>'\r\n    '<Data Name=\"securityIndicatorName\">' SecurityIndicatorName '</Data>'\r\n\t'<Data Name=\"result\">' Result '</Data>' \r\n    *\r\n\t'<Data Name=\"score\">' Score '</Data>'\r\n\t'<Data Name=\"forestName\">' ForestName '</Data>'\r\n\t'<Data Name=\"domains\">' Domains '</Data>'\r\n\t'<Data Name=\"severity\">' Severity '</Data>'\r\n\t'<Data Name=\"weight\">' Weight '</Data>'\r\n\t'<Data Name=\"securityFrameworkTags\">' SecurityFrameworkTags '</Data>'\r\n\t'<Data Name=\"securityIndicatorDescription\">' SecurityIndicatorDescription '</Data>'\r\n\t'<Data Name=\"likelihoodOfCompromise\">' LikelihoodOfCompromise '</Data>'\r\n\t'<Data Name=\"resultMessage\">' ResultMessage '</Data>'\r\n\t'<Data Name=\"numberOfResults\">' NumberOfResults '</Data>'\r\n\t'<Data Name=\"remediation\">' Remediation '</Data>'\r\n\t'<Data Name=\"schedule\">' Schedule '</Data>'\r\n    * \r\n| extend SecurityFrameworkTagsCsv = replace(@' Mitre:', @'', tostring(SecurityFrameworkTags))\r\n| extend SecurityFrameworkTagsCsv = replace(@'Mitre:', @'', tostring(SecurityFrameworkTagsCsv))\r\n| extend SecurityFrameworkTags = replace(@'Mitre:', @'', tostring(SecurityFrameworkTags))\r\n",
        "version": 1
      }
    },
    {
      "type": "Microsoft.OperationalInsights/workspaces/providers/metadata",
      "apiVersion": "2022-01-01-preview",
      "location": "[parameters('workspace-location')]",
      "name": "[concat(parameters('workspace'),'/Microsoft.SecurityInsights/',concat('Parser-', last(split(variables('_parserId1'),'/'))))]",
      "dependsOn": [
        "[variables('_parserId1')]"
      ],
      "properties": {
        "parentId": "[resourceId('Microsoft.OperationalInsights/workspaces/savedSearches', parameters('workspace'), variables('parserName1'))]",
        "contentId": "[variables('_parserContentId1')]",
        "kind": "Parser",
        "version": "[variables('parserVersion1')]",
        "source": {
          "kind": "Solution",
          "name": "Semperis Directory Services Protector",
          "sourceId": "[variables('_solutionId')]"
        },
        "author": {
          "name": "Semperis"
        },
        "support": {
          "name": "Semperis",
          "tier": "Partner",
          "link": "https://www.semperis.com/contact-us/"
        }
      }
    },
    {
      "type": "Microsoft.Resources/templateSpecs",
      "apiVersion": "2021-05-01",
      "name": "[variables('analyticRuleTemplateSpecName1')]",
      "location": "[parameters('workspace-location')]",
      "tags": {
        "hidden-sentinelWorkspaceId": "[variables('workspaceResourceId')]",
        "hidden-sentinelContentType": "AnalyticsRule"
      },
      "properties": {
        "description": "Semperis Directory Services Protector Analytics Rule 1 with template",
        "displayName": "Semperis Directory Services Protector Analytics Rule template"
      }
    },
    {
      "type": "Microsoft.Resources/templateSpecs/versions",
      "apiVersion": "2021-05-01",
      "name": "[concat(variables('analyticRuleTemplateSpecName1'),'/',variables('analyticRuleVersion1'))]",
      "location": "[parameters('workspace-location')]",
      "tags": {
        "hidden-sentinelWorkspaceId": "[variables('workspaceResourceId')]",
        "hidden-sentinelContentType": "AnalyticsRule"
      },
      "dependsOn": [
        "[resourceId('Microsoft.Resources/templateSpecs', variables('analyticRuleTemplateSpecName1'))]"
      ],
      "properties": {
        "description": "SemperisDSP_EvidenceOfMimikatzDCShadowAttack_AnalyticalRules Analytics Rule with template version 2.0.0",
        "mainTemplate": {
          "$schema": "https://schema.management.azure.com/schemas/2019-04-01/deploymentTemplate.json#",
          "contentVersion": "[variables('analyticRuleVersion1')]",
          "parameters": {},
          "variables": {},
          "resources": [
            {
              "type": "Microsoft.SecurityInsights/AlertRuleTemplates",
              "name": "[variables('AnalyticRulecontentId1')]",
              "apiVersion": "2022-04-01-preview",
              "kind": "Scheduled",
              "location": "[parameters('workspace-location')]",
              "properties": {
                "description": "Mimikatz's DCShadow switch allows a user who has compromised an AD domain, to inject arbitrary changes into AD using a \"fake\" domain controller. These changes bypass the security event log and can't be spotted using normal AD tools. This rule looks for evidence that a machine has been used in this capacity.",
                "displayName": "Semperis DSP Mimikatz's DCShadow Alert",
                "enabled": false,
                "query": "dsp_parser\n| where EventID == 9212\n| where SecurityIndicatorName == \"Evidence of Mimikatz DCShadow attack\"\n",
                "queryFrequency": "PT1H",
                "queryPeriod": "PT1H",
                "severity": "High",
                "suppressionDuration": "PT1H",
                "suppressionEnabled": false,
                "triggerOperator": "GreaterThan",
                "triggerThreshold": 0,
                "status": "Available",
                "requiredDataConnectors": [
                  {
                    "connectorId": "SemperisDSP",
                    "dataTypes": [
                      "dsp_parser"
                    ]
                  }
                ],
                "tactics": [
                  "DefenseEvasion"
                ]
              }
            },
            {
              "type": "Microsoft.OperationalInsights/workspaces/providers/metadata",
              "apiVersion": "2022-01-01-preview",
              "name": "[concat(parameters('workspace'),'/Microsoft.SecurityInsights/',concat('AnalyticsRule-', last(split(variables('analyticRuleId1'),'/'))))]",
              "properties": {
                "description": "Semperis Directory Services Protector Analytics Rule 1",
                "parentId": "[variables('analyticRuleId1')]",
                "contentId": "[variables('_analyticRulecontentId1')]",
                "kind": "AnalyticsRule",
                "version": "[variables('analyticRuleVersion1')]",
                "source": {
                  "kind": "Solution",
                  "name": "Semperis Directory Services Protector",
                  "sourceId": "[variables('_solutionId')]"
                },
                "author": {
                  "name": "Semperis"
                },
                "support": {
                  "name": "Semperis",
                  "tier": "Partner",
                  "link": "https://www.semperis.com/contact-us/"
                }
              }
            }
          ]
        }
      }
    },
    {
      "type": "Microsoft.Resources/templateSpecs",
      "apiVersion": "2021-05-01",
      "name": "[variables('analyticRuleTemplateSpecName2')]",
      "location": "[parameters('workspace-location')]",
      "tags": {
        "hidden-sentinelWorkspaceId": "[variables('workspaceResourceId')]",
        "hidden-sentinelContentType": "AnalyticsRule"
      },
      "properties": {
        "description": "Semperis Directory Services Protector Analytics Rule 2 with template",
        "displayName": "Semperis Directory Services Protector Analytics Rule template"
      }
    },
    {
      "type": "Microsoft.Resources/templateSpecs/versions",
      "apiVersion": "2021-05-01",
      "name": "[concat(variables('analyticRuleTemplateSpecName2'),'/',variables('analyticRuleVersion2'))]",
      "location": "[parameters('workspace-location')]",
      "tags": {
        "hidden-sentinelWorkspaceId": "[variables('workspaceResourceId')]",
        "hidden-sentinelContentType": "AnalyticsRule"
      },
      "dependsOn": [
        "[resourceId('Microsoft.Resources/templateSpecs', variables('analyticRuleTemplateSpecName2'))]"
      ],
      "properties": {
        "description": "SemperisDSP_KerberoskrbtgtAccount_AnalyticalRules Analytics Rule with template version 2.0.0",
        "mainTemplate": {
          "$schema": "https://schema.management.azure.com/schemas/2019-04-01/deploymentTemplate.json#",
          "contentVersion": "[variables('analyticRuleVersion2')]",
          "parameters": {},
          "variables": {},
          "resources": [
            {
              "type": "Microsoft.SecurityInsights/AlertRuleTemplates",
              "name": "[variables('AnalyticRulecontentId2')]",
              "apiVersion": "2022-04-01-preview",
              "kind": "Scheduled",
              "location": "[parameters('workspace-location')]",
              "properties": {
                "description": "The krbtgt user account is a special (disabled) user account in every Active Directory domain that has a special role in Kerberos function. If this account's password is compromised, Golden Ticket attacks can be performed to get access to any resource in the AD domain. This indicator looks for a krbtgt user account whose password hasn't been changed in the past 180 days. While Microsoft recommends changing the password every year, STIG recommends changing it every 180 days.",
                "displayName": "Semperis DSP Kerberos krbtgt account with old password",
                "enabled": false,
                "query": "dsp_parser\n| where EventID == 9212\n| where SecurityIndicatorName == \"Kerberos krbtgt account with old password\"\n",
                "queryFrequency": "PT1H",
                "queryPeriod": "PT1H",
                "severity": "Medium",
                "suppressionDuration": "PT1H",
                "suppressionEnabled": false,
                "triggerOperator": "GreaterThan",
                "triggerThreshold": 0,
                "status": "Available",
                "requiredDataConnectors": [
                  {
                    "connectorId": "SemperisDSP",
                    "dataTypes": [
                      "dsp_parser"
                    ]
                  }
                ],
                "tactics": [
                  "CredentialAccess"
                ]
              }
            },
            {
              "type": "Microsoft.OperationalInsights/workspaces/providers/metadata",
              "apiVersion": "2022-01-01-preview",
              "name": "[concat(parameters('workspace'),'/Microsoft.SecurityInsights/',concat('AnalyticsRule-', last(split(variables('analyticRuleId2'),'/'))))]",
              "properties": {
                "description": "Semperis Directory Services Protector Analytics Rule 2",
                "parentId": "[variables('analyticRuleId2')]",
                "contentId": "[variables('_analyticRulecontentId2')]",
                "kind": "AnalyticsRule",
                "version": "[variables('analyticRuleVersion2')]",
                "source": {
                  "kind": "Solution",
                  "name": "Semperis Directory Services Protector",
                  "sourceId": "[variables('_solutionId')]"
                },
                "author": {
                  "name": "Semperis"
                },
                "support": {
                  "name": "Semperis",
                  "tier": "Partner",
                  "link": "https://www.semperis.com/contact-us/"
                }
              }
            }
          ]
        }
      }
    },
    {
      "type": "Microsoft.Resources/templateSpecs",
      "apiVersion": "2021-05-01",
      "name": "[variables('analyticRuleTemplateSpecName3')]",
      "location": "[parameters('workspace-location')]",
      "tags": {
        "hidden-sentinelWorkspaceId": "[variables('workspaceResourceId')]",
        "hidden-sentinelContentType": "AnalyticsRule"
      },
      "properties": {
        "description": "Semperis Directory Services Protector Analytics Rule 3 with template",
        "displayName": "Semperis Directory Services Protector Analytics Rule template"
      }
    },
    {
      "type": "Microsoft.Resources/templateSpecs/versions",
      "apiVersion": "2021-05-01",
      "name": "[concat(variables('analyticRuleTemplateSpecName3'),'/',variables('analyticRuleVersion3'))]",
      "location": "[parameters('workspace-location')]",
      "tags": {
        "hidden-sentinelWorkspaceId": "[variables('workspaceResourceId')]",
        "hidden-sentinelContentType": "AnalyticsRule"
      },
      "dependsOn": [
        "[resourceId('Microsoft.Resources/templateSpecs', variables('analyticRuleTemplateSpecName3'))]"
      ],
      "properties": {
        "description": "SemperisDSP_RecentsIDHistoryChangesOnADObjects_AnalyticalRules Analytics Rule with template version 2.0.0",
        "mainTemplate": {
          "$schema": "https://schema.management.azure.com/schemas/2019-04-01/deploymentTemplate.json#",
          "contentVersion": "[variables('analyticRuleVersion3')]",
          "parameters": {},
          "variables": {},
          "resources": [
            {
              "type": "Microsoft.SecurityInsights/AlertRuleTemplates",
              "name": "[variables('AnalyticRulecontentId3')]",
              "apiVersion": "2022-04-01-preview",
              "kind": "Scheduled",
              "location": "[parameters('workspace-location')]",
              "properties": {
                "description": "This indicator detects any recent changes to sIDHistory on AD objects, including changes to non-privileged accounts where privileged SIDs are added.",
                "displayName": "Semperis DSP Recent sIDHistory changes on AD objects",
                "enabled": false,
                "query": "dsp_parser\n| where EventID == 9212\n| where SecurityIndicatorName == \"Recent sIDHistory changes on objects\"\n",
                "queryFrequency": "PT1H",
                "queryPeriod": "PT1H",
                "severity": "High",
                "suppressionDuration": "PT1H",
                "suppressionEnabled": false,
                "triggerOperator": "GreaterThan",
                "triggerThreshold": 0,
                "status": "Available",
                "requiredDataConnectors": [
                  {
                    "connectorId": "SemperisDSP",
                    "dataTypes": [
                      "dsp_parser"
                    ]
                  }
                ],
                "tactics": [
                  "PrivilegeEscalation"
                ]
              }
            },
            {
              "type": "Microsoft.OperationalInsights/workspaces/providers/metadata",
              "apiVersion": "2022-01-01-preview",
              "name": "[concat(parameters('workspace'),'/Microsoft.SecurityInsights/',concat('AnalyticsRule-', last(split(variables('analyticRuleId3'),'/'))))]",
              "properties": {
                "description": "Semperis Directory Services Protector Analytics Rule 3",
                "parentId": "[variables('analyticRuleId3')]",
                "contentId": "[variables('_analyticRulecontentId3')]",
                "kind": "AnalyticsRule",
                "version": "[variables('analyticRuleVersion3')]",
                "source": {
                  "kind": "Solution",
                  "name": "Semperis Directory Services Protector",
                  "sourceId": "[variables('_solutionId')]"
                },
                "author": {
                  "name": "Semperis"
                },
                "support": {
                  "name": "Semperis",
                  "tier": "Partner",
                  "link": "https://www.semperis.com/contact-us/"
                }
              }
            }
          ]
        }
      }
    },
    {
      "type": "Microsoft.Resources/templateSpecs",
      "apiVersion": "2021-05-01",
      "name": "[variables('analyticRuleTemplateSpecName4')]",
      "location": "[parameters('workspace-location')]",
      "tags": {
        "hidden-sentinelWorkspaceId": "[variables('workspaceResourceId')]",
        "hidden-sentinelContentType": "AnalyticsRule"
      },
      "properties": {
        "description": "Semperis Directory Services Protector Analytics Rule 4 with template",
        "displayName": "Semperis Directory Services Protector Analytics Rule template"
      }
    },
    {
      "type": "Microsoft.Resources/templateSpecs/versions",
      "apiVersion": "2021-05-01",
      "name": "[concat(variables('analyticRuleTemplateSpecName4'),'/',variables('analyticRuleVersion4'))]",
      "location": "[parameters('workspace-location')]",
      "tags": {
        "hidden-sentinelWorkspaceId": "[variables('workspaceResourceId')]",
        "hidden-sentinelContentType": "AnalyticsRule"
      },
      "dependsOn": [
        "[resourceId('Microsoft.Resources/templateSpecs', variables('analyticRuleTemplateSpecName4'))]"
      ],
      "properties": {
        "description": "SemperisDSP_WellKnownPrivilegedSIDsInsIDHistory_AnalyticalRules Analytics Rule with template version 2.0.0",
        "mainTemplate": {
          "$schema": "https://schema.management.azure.com/schemas/2019-04-01/deploymentTemplate.json#",
          "contentVersion": "[variables('analyticRuleVersion4')]",
          "parameters": {},
          "variables": {},
          "resources": [
            {
              "type": "Microsoft.SecurityInsights/AlertRuleTemplates",
              "name": "[variables('AnalyticRulecontentId4')]",
              "apiVersion": "2022-04-01-preview",
              "kind": "Scheduled",
              "location": "[parameters('workspace-location')]",
              "properties": {
                "description": "This indicator looks for security principals that contain specific SIDs of accounts from built-in privileged groups within their sIDHistory attribute. This would allow those security principals to have the same privileges as those privileged accounts, but in a way that is not obvious to monitor (e.g. through group membership).",
                "displayName": "Semperis DSP Well-known privileged SIDs in sIDHistory",
                "enabled": false,
                "query": "dsp_parser\n| where EventID == 9212\n| where SecurityIndicatorName == \"Well-known privileged SIDs in sIDHistory\"\n",
                "queryFrequency": "PT1H",
                "queryPeriod": "PT1H",
                "severity": "Medium",
                "suppressionDuration": "PT1H",
                "suppressionEnabled": false,
                "triggerOperator": "GreaterThan",
                "triggerThreshold": 0,
                "status": "Available",
                "requiredDataConnectors": [
                  {
                    "connectorId": "SemperisDSP",
                    "dataTypes": [
                      "dsp_parser"
                    ]
                  }
                ],
                "tactics": [
                  "PrivilegeEscalation",
                  "DefenseEvasion"
                ]
              }
            },
            {
              "type": "Microsoft.OperationalInsights/workspaces/providers/metadata",
              "apiVersion": "2022-01-01-preview",
              "name": "[concat(parameters('workspace'),'/Microsoft.SecurityInsights/',concat('AnalyticsRule-', last(split(variables('analyticRuleId4'),'/'))))]",
              "properties": {
                "description": "Semperis Directory Services Protector Analytics Rule 4",
                "parentId": "[variables('analyticRuleId4')]",
                "contentId": "[variables('_analyticRulecontentId4')]",
                "kind": "AnalyticsRule",
                "version": "[variables('analyticRuleVersion4')]",
                "source": {
                  "kind": "Solution",
                  "name": "Semperis Directory Services Protector",
                  "sourceId": "[variables('_solutionId')]"
                },
                "author": {
                  "name": "Semperis"
                },
                "support": {
                  "name": "Semperis",
                  "tier": "Partner",
                  "link": "https://www.semperis.com/contact-us/"
                }
              }
            }
          ]
        }
      }
    },
    {
      "type": "Microsoft.Resources/templateSpecs",
      "apiVersion": "2021-05-01",
      "name": "[variables('analyticRuleTemplateSpecName5')]",
      "location": "[parameters('workspace-location')]",
      "tags": {
        "hidden-sentinelWorkspaceId": "[variables('workspaceResourceId')]",
        "hidden-sentinelContentType": "AnalyticsRule"
      },
      "properties": {
        "description": "Semperis Directory Services Protector Analytics Rule 5 with template",
        "displayName": "Semperis Directory Services Protector Analytics Rule template"
      }
    },
    {
      "type": "Microsoft.Resources/templateSpecs/versions",
      "apiVersion": "2021-05-01",
      "name": "[concat(variables('analyticRuleTemplateSpecName5'),'/',variables('analyticRuleVersion5'))]",
      "location": "[parameters('workspace-location')]",
      "tags": {
        "hidden-sentinelWorkspaceId": "[variables('workspaceResourceId')]",
        "hidden-sentinelContentType": "AnalyticsRule"
      },
      "dependsOn": [
        "[resourceId('Microsoft.Resources/templateSpecs', variables('analyticRuleTemplateSpecName5'))]"
      ],
      "properties": {
        "description": "SemperisDSP_ZerologonVulnerability_AnalyticalRules Analytics Rule with template version 2.0.0",
        "mainTemplate": {
          "$schema": "https://schema.management.azure.com/schemas/2019-04-01/deploymentTemplate.json#",
          "contentVersion": "[variables('analyticRuleVersion5')]",
          "parameters": {},
          "variables": {},
          "resources": [
            {
              "type": "Microsoft.SecurityInsights/AlertRuleTemplates",
              "name": "[variables('AnalyticRulecontentId5')]",
              "apiVersion": "2022-04-01-preview",
              "kind": "Scheduled",
              "location": "[parameters('workspace-location')]",
              "properties": {
                "description": "This indicator looks for security vulnerability to CVE-2020-1472, which was patched by Microsoft in August 2020. Without this patch, an unauthenticated attacker can exploit CVE-2020-1472 to elevate their privileges and get administrative access on the domain.",
                "displayName": "Semperis DSP Zerologon vulnerability",
                "enabled": false,
                "query": "dsp_parser\n| where EventID == 9212\n| where SecurityIndicatorName == \"Zerologon vulnerability\"\n",
                "queryFrequency": "PT1H",
                "queryPeriod": "PT1H",
                "severity": "Medium",
                "suppressionDuration": "PT1H",
                "suppressionEnabled": false,
                "triggerOperator": "GreaterThan",
                "triggerThreshold": 0,
                "status": "Available",
                "requiredDataConnectors": [
                  {
                    "connectorId": "SemperisDSP",
                    "dataTypes": [
                      "dsp_parser"
                    ]
                  }
                ],
                "tactics": [
                  "PrivilegeEscalation"
                ]
              }
            },
            {
              "type": "Microsoft.OperationalInsights/workspaces/providers/metadata",
              "apiVersion": "2022-01-01-preview",
              "name": "[concat(parameters('workspace'),'/Microsoft.SecurityInsights/',concat('AnalyticsRule-', last(split(variables('analyticRuleId5'),'/'))))]",
              "properties": {
                "description": "Semperis Directory Services Protector Analytics Rule 5",
                "parentId": "[variables('analyticRuleId5')]",
                "contentId": "[variables('_analyticRulecontentId5')]",
                "kind": "AnalyticsRule",
                "version": "[variables('analyticRuleVersion5')]",
                "source": {
                  "kind": "Solution",
                  "name": "Semperis Directory Services Protector",
                  "sourceId": "[variables('_solutionId')]"
                },
                "author": {
                  "name": "Semperis"
                },
                "support": {
                  "name": "Semperis",
                  "tier": "Partner",
                  "link": "https://www.semperis.com/contact-us/"
                }
              }
            }
          ]
        }
      }
    },
    {
      "type": "Microsoft.Resources/templateSpecs",
      "apiVersion": "2021-05-01",
      "name": "[variables('dataConnectorTemplateSpecName1')]",
      "location": "[parameters('workspace-location')]",
      "tags": {
        "hidden-sentinelWorkspaceId": "[variables('workspaceResourceId')]",
        "hidden-sentinelContentType": "DataConnector"
      },
      "properties": {
        "description": "Semperis Directory Services Protector data connector with template",
        "displayName": "Semperis Directory Services Protector template"
      }
    },
    {
      "type": "Microsoft.Resources/templateSpecs/versions",
      "apiVersion": "2021-05-01",
      "name": "[concat(variables('dataConnectorTemplateSpecName1'),'/',variables('dataConnectorVersion1'))]",
      "location": "[parameters('workspace-location')]",
      "tags": {
        "hidden-sentinelWorkspaceId": "[variables('workspaceResourceId')]",
        "hidden-sentinelContentType": "DataConnector"
      },
      "dependsOn": [
        "[resourceId('Microsoft.Resources/templateSpecs', variables('dataConnectorTemplateSpecName1'))]"
      ],
      "properties": {
        "description": "Semperis Directory Services Protector data connector with template version 2.0.0",
        "mainTemplate": {
          "$schema": "https://schema.management.azure.com/schemas/2019-04-01/deploymentTemplate.json#",
          "contentVersion": "[variables('dataConnectorVersion1')]",
          "parameters": {},
          "variables": {},
          "resources": [
            {
              "name": "[concat(parameters('workspace'),'/Microsoft.SecurityInsights/',variables('_dataConnectorContentId1'))]",
              "apiVersion": "2021-03-01-preview",
              "type": "Microsoft.OperationalInsights/workspaces/providers/dataConnectors",
              "location": "[parameters('workspace-location')]",
              "kind": "GenericUI",
              "properties": {
                "connectorUiConfig": {
                  "id": "[variables('_uiConfigId1')]",
                  "title": "Semperis Directory Services Protector",
                  "publisher": "SEMPERIS",
                  "descriptionMarkdown": "Semperis Directory Services Protector data connector allows for the export of its Windows event logs (i.e. Indicators of Exposure and Indicators of Compromise) to Microsoft Sentinel in real time.\nIt provides a data parser to manipulate the Windows event logs more easily. The different workbooks ease your Active Directory security monitoring and provide different ways to visualize the data. The analytic templates allow to automate responses regarding different events, exposures, or attacks.",
                  "additionalRequirementBanner": "This data connector depends on a parser based on a Kusto Function to work as expected [**dsp_parser**](https://aka.ms/sentinel-SemperisDSP-parser) which is deployed with the Microsoft Sentinel Solution.",
                  "graphQueries": [
                    {
                      "metricName": "Total data received",
                      "legend": "Semperis-DSP-Security",
                      "baseQuery": "dsp_parser"
                    }
                  ],
                  "sampleQueries": [
                    {
                      "description": "Get all Indicators of Exposure (IoEs) failed alerts for the last hour",
                      "query": "dsp_parser\n | where EventID == 9212\n | where TimeGenerated >= ago(1h)\n | summarize count() by TimeGenerated, tostring(ForestName), tostring(Domains), tostring(SecurityIndicatorName), tostring(SecurityIndicatorDescription), tostring(ResultMessage), tostring(SecurityFrameworkTags), tostring(LikelihoodOfCompromise), tostring(FirstFound), tostring(Remediation), tostring(Score)"
                    },
                    {
                      "description": "Get Indicators of Exposure (IoEs) failed alerts for the last 24 hours",
                      "query": "dsp_parser\n | where EventID == 9212\n | where TimeGenerated >= ago(24h)\n | summarize count() by TimeGenerated, tostring(ForestName), tostring(Domains), tostring(SecurityIndicatorName), tostring(SecurityIndicatorDescription), tostring(ResultMessage), tostring(SecurityFrameworkTags), tostring(LikelihoodOfCompromise), tostring(FirstFound), tostring(Remediation), tostring(Score)"
                    },
                    {
                      "description": "Get all Indicators of Exposure (IoEs) failed alerts for the last 7 days",
                      "query": "dsp_parser\n | where EventID == 9212\n | where TimeGenerated >= ago(7d)\n | summarize count() by TimeGenerated, tostring(ForestName), tostring(Domains), tostring(SecurityIndicatorName), tostring(SecurityIndicatorDescription), tostring(ResultMessage), tostring(SecurityFrameworkTags), tostring(LikelihoodOfCompromise), tostring(FirstFound), tostring(Remediation), tostring(Score)"
                    },
                    {
                      "description": "Get all Indicators of Exposure (IoEs) tested and passed for the last hour",
                      "query": "dsp_parser\n | where EventID == 9211\n | where TimeGenerated >= ago(1h)\n | summarize count() by TimeGenerated, tostring(ForestName), tostring(Domains), tostring(SecurityIndicatorName), tostring(SecurityIndicatorDescription), tostring(ResultMessage), tostring(SecurityFrameworkTags), tostring(LikelihoodOfCompromise), tostring(Score)"
                    },
                    {
                      "description": "Get all Indicators of Exposure (IoEs) tested and passed for the last 24 hours",
                      "query": "dsp_parser\n | where EventID == 9211\n | where TimeGenerated >= ago(24h)\n | summarize count() by TimeGenerated, tostring(ForestName), tostring(Domains), tostring(SecurityIndicatorName), tostring(SecurityIndicatorDescription), tostring(ResultMessage), tostring(SecurityFrameworkTags), tostring(LikelihoodOfCompromise), tostring(Score)"
                    },
                    {
                      "description": "Get all Indicators of Exposure (IoEs) tested and passed for the last 7 days",
                      "query": "dsp_parser\n | where EventID == 9211\n | where TimeGenerated >= ago(7d)\n | summarize count() by TimeGenerated, tostring(ForestName), tostring(Domains), tostring(SecurityIndicatorName), tostring(SecurityIndicatorDescription), tostring(ResultMessage), tostring(SecurityFrameworkTags), tostring(LikelihoodOfCompromise), tostring(Score)"
                    }
                  ],
                  "dataTypes": [
                    {
                      "name": "Event (Semperis-DSP-Security)",
                      "lastDataReceivedQuery": "dsp_parser\n            | summarize Time = max(TimeGenerated)\n            | where isnotempty(Time)"
                    }
                  ],
                  "connectivityCriterias": [
                    {
                      "type": "IsConnectedQuery",
                      "value": [
                        "dsp_parser\n            | summarize LastLogReceived = max(TimeGenerated)\n            | project IsConnected = LastLogReceived > ago(30d)"
                      ]
                    }
                  ],
                  "availability": {
                    "status": 1,
                    "isPreview": false
                  },
                  "permissions": {
                    "resourceProvider": [
                      {
                        "provider": "Microsoft.OperationalInsights/workspaces",
                        "permissionsDisplayText": "read and write permissions are required.",
                        "providerDisplayName": "Workspace",
                        "scope": "Workspace",
                        "requiredPermissions": {
                          "write": true,
                          "read": true,
                          "delete": true
                        }
                      },
                      {
                        "provider": "Microsoft.OperationalInsights/workspaces/sharedKeys",
                        "permissionsDisplayText": "read permissions to shared keys for the workspace are required. [See the documentation to learn more about workspace keys](https://docs.microsoft.com/azure/azure-monitor/platform/agent-windows#obtain-workspace-id-and-key).",
                        "providerDisplayName": "Keys",
                        "scope": "Workspace",
                        "requiredPermissions": {
                          "action": true
                        }
                      }
                    ]
                  },
                  "instructionSteps": [
                    {
                      "description": "**NOTE:** This data connector depends on a parser based on a Kusto Function to work as expected [**dsp_parser**](https://aka.ms/sentinel-SemperisDSP-parser) which is deployed with the Microsoft Sentinel Solution."
                    },
                    {
                      "description": "On your **Semperis DSP Management Server** install the Microsoft agent for Windows.",
                      "title": "1. Configure Semperis DSP Management Server to send Windows event logs to your Microsoft Sentinel Workspace"
                    },
                    {
                      "description": "You can skip this step if you have already installed the Microsoft agent for Windows",
                      "instructions": [
                        {
                          "parameters": {
                            "title": "Choose where to install the agent:",
                            "instructionSteps": [
                              {
                                "title": "Install agent on Semperis DSP Management Server",
                                "description": "Download the agent on the relevant machine and follow the instructions.",
                                "instructions": [
                                  {
                                    "parameters": {
                                      "linkType": "InstallAgentOnNonAzure"
                                    },
                                    "type": "InstallAgent"
                                  }
                                ]
                              }
                            ]
                          },
                          "type": "InstructionStepsGroup"
                        }
                      ],
                      "title": "2. Install and onboard the Microsoft agent for Windows"
                    },
                    {
                      "description": "Configure the agent to collect the logs.\n\n1. Under workspace advanced settings **Configuration**, select **Data** and then **Windows Event Logs**.\n2. Select **Go to Agents configuration** and click **Add Windows event log**.\n3. Enter **Semperis-DSP-Security/Operational** as the log name to be collected and click **Apply**",
                      "instructions": [
                        {
                          "parameters": {
                            "linkType": "OpenAdvancedWorkspaceSettings"
                          },
                          "type": "InstallAgent"
                        }
                      ],
                      "title": "3. Configure the Semperis DSP Windows event logs to be collected by the agent"
                    },
                    {
                      "description": "> You should now be able to receive logs in the *Windows event log* table, log data can be parsed using the **dsp_parser()** function, used by all query samples, workbooks and analytic templates."
                    }
                  ],
                  "metadata": {
                    "id": "TBD",
                    "version": "1.0.0",
                    "kind": "dataConnector",
                    "source": {
                      "kind": "community"
                    },
                    "author": {
                      "name": "Semperis"
                    },
                    "support": {
                      "name": "Semperis",
                      "link": "https://www.semperis.com/contact-us/",
                      "tier": "developer"
                    }
                  }
                }
              }
            },
            {
              "type": "Microsoft.OperationalInsights/workspaces/providers/metadata",
              "apiVersion": "2022-01-01-preview",
              "name": "[concat(parameters('workspace'),'/Microsoft.SecurityInsights/',concat('DataConnector-', last(split(variables('_dataConnectorId1'),'/'))))]",
              "properties": {
                "parentId": "[extensionResourceId(resourceId('Microsoft.OperationalInsights/workspaces', parameters('workspace')), 'Microsoft.SecurityInsights/dataConnectors', variables('_dataConnectorContentId1'))]",
                "contentId": "[variables('_dataConnectorContentId1')]",
                "kind": "DataConnector",
                "version": "[variables('dataConnectorVersion1')]",
                "source": {
                  "kind": "Solution",
                  "name": "Semperis Directory Services Protector",
                  "sourceId": "[variables('_solutionId')]"
                },
                "author": {
                  "name": "Semperis"
                },
                "support": {
                  "name": "Semperis",
                  "tier": "Partner",
                  "link": "https://www.semperis.com/contact-us/"
                }
              }
            }
          ]
        }
      }
    },
    {
      "type": "Microsoft.OperationalInsights/workspaces/providers/metadata",
      "apiVersion": "2022-01-01-preview",
      "name": "[concat(parameters('workspace'),'/Microsoft.SecurityInsights/',concat('DataConnector-', last(split(variables('_dataConnectorId1'),'/'))))]",
      "dependsOn": [
        "[variables('_dataConnectorId1')]"
      ],
      "location": "[parameters('workspace-location')]",
      "properties": {
        "parentId": "[extensionResourceId(resourceId('Microsoft.OperationalInsights/workspaces', parameters('workspace')), 'Microsoft.SecurityInsights/dataConnectors', variables('_dataConnectorContentId1'))]",
        "contentId": "[variables('_dataConnectorContentId1')]",
        "kind": "DataConnector",
        "version": "[variables('dataConnectorVersion1')]",
        "source": {
          "kind": "Solution",
          "name": "Semperis Directory Services Protector",
          "sourceId": "[variables('_solutionId')]"
        },
        "author": {
          "name": "Semperis"
        },
        "support": {
          "name": "Semperis",
          "tier": "Partner",
          "link": "https://www.semperis.com/contact-us/"
        }
      }
    },
    {
      "name": "[concat(parameters('workspace'),'/Microsoft.SecurityInsights/',variables('_dataConnectorContentId1'))]",
      "apiVersion": "2021-03-01-preview",
      "type": "Microsoft.OperationalInsights/workspaces/providers/dataConnectors",
      "location": "[parameters('workspace-location')]",
      "kind": "GenericUI",
      "properties": {
        "connectorUiConfig": {
          "title": "Semperis Directory Services Protector",
          "publisher": "SEMPERIS",
          "descriptionMarkdown": "Semperis Directory Services Protector data connector allows for the export of its Windows event logs (i.e. Indicators of Exposure and Indicators of Compromise) to Microsoft Sentinel in real time.\nIt provides a data parser to manipulate the Windows event logs more easily. The different workbooks ease your Active Directory security monitoring and provide different ways to visualize the data. The analytic templates allow to automate responses regarding different events, exposures, or attacks.",
          "graphQueries": [
            {
              "metricName": "Total data received",
              "legend": "Semperis-DSP-Security",
              "baseQuery": "dsp_parser"
            }
          ],
          "dataTypes": [
            {
              "name": "Event (Semperis-DSP-Security)",
              "lastDataReceivedQuery": "dsp_parser\n            | summarize Time = max(TimeGenerated)\n            | where isnotempty(Time)"
            }
          ],
          "connectivityCriterias": [
            {
              "type": "IsConnectedQuery",
              "value": [
                "dsp_parser\n            | summarize LastLogReceived = max(TimeGenerated)\n            | project IsConnected = LastLogReceived > ago(30d)"
              ]
            }
          ],
          "sampleQueries": [
            {
              "description": "Get all Indicators of Exposure (IoEs) failed alerts for the last hour",
              "query": "dsp_parser\n | where EventID == 9212\n | where TimeGenerated >= ago(1h)\n | summarize count() by TimeGenerated, tostring(ForestName), tostring(Domains), tostring(SecurityIndicatorName), tostring(SecurityIndicatorDescription), tostring(ResultMessage), tostring(SecurityFrameworkTags), tostring(LikelihoodOfCompromise), tostring(FirstFound), tostring(Remediation), tostring(Score)"
            },
            {
              "description": "Get Indicators of Exposure (IoEs) failed alerts for the last 24 hours",
              "query": "dsp_parser\n | where EventID == 9212\n | where TimeGenerated >= ago(24h)\n | summarize count() by TimeGenerated, tostring(ForestName), tostring(Domains), tostring(SecurityIndicatorName), tostring(SecurityIndicatorDescription), tostring(ResultMessage), tostring(SecurityFrameworkTags), tostring(LikelihoodOfCompromise), tostring(FirstFound), tostring(Remediation), tostring(Score)"
            },
            {
              "description": "Get all Indicators of Exposure (IoEs) failed alerts for the last 7 days",
              "query": "dsp_parser\n | where EventID == 9212\n | where TimeGenerated >= ago(7d)\n | summarize count() by TimeGenerated, tostring(ForestName), tostring(Domains), tostring(SecurityIndicatorName), tostring(SecurityIndicatorDescription), tostring(ResultMessage), tostring(SecurityFrameworkTags), tostring(LikelihoodOfCompromise), tostring(FirstFound), tostring(Remediation), tostring(Score)"
            },
            {
              "description": "Get all Indicators of Exposure (IoEs) tested and passed for the last hour",
              "query": "dsp_parser\n | where EventID == 9211\n | where TimeGenerated >= ago(1h)\n | summarize count() by TimeGenerated, tostring(ForestName), tostring(Domains), tostring(SecurityIndicatorName), tostring(SecurityIndicatorDescription), tostring(ResultMessage), tostring(SecurityFrameworkTags), tostring(LikelihoodOfCompromise), tostring(Score)"
            },
            {
              "description": "Get all Indicators of Exposure (IoEs) tested and passed for the last 24 hours",
              "query": "dsp_parser\n | where EventID == 9211\n | where TimeGenerated >= ago(24h)\n | summarize count() by TimeGenerated, tostring(ForestName), tostring(Domains), tostring(SecurityIndicatorName), tostring(SecurityIndicatorDescription), tostring(ResultMessage), tostring(SecurityFrameworkTags), tostring(LikelihoodOfCompromise), tostring(Score)"
            },
            {
              "description": "Get all Indicators of Exposure (IoEs) tested and passed for the last 7 days",
              "query": "dsp_parser\n | where EventID == 9211\n | where TimeGenerated >= ago(7d)\n | summarize count() by TimeGenerated, tostring(ForestName), tostring(Domains), tostring(SecurityIndicatorName), tostring(SecurityIndicatorDescription), tostring(ResultMessage), tostring(SecurityFrameworkTags), tostring(LikelihoodOfCompromise), tostring(Score)"
            }
          ],
          "availability": {
            "status": 1,
            "isPreview": false
          },
          "permissions": {
            "resourceProvider": [
              {
                "provider": "Microsoft.OperationalInsights/workspaces",
                "permissionsDisplayText": "read and write permissions are required.",
                "providerDisplayName": "Workspace",
                "scope": "Workspace",
                "requiredPermissions": {
                  "write": true,
                  "read": true,
                  "delete": true
                }
              },
              {
                "provider": "Microsoft.OperationalInsights/workspaces/sharedKeys",
                "permissionsDisplayText": "read permissions to shared keys for the workspace are required. [See the documentation to learn more about workspace keys](https://docs.microsoft.com/azure/azure-monitor/platform/agent-windows#obtain-workspace-id-and-key).",
                "providerDisplayName": "Keys",
                "scope": "Workspace",
                "requiredPermissions": {
                  "action": true
                }
              }
            ]
          },
          "instructionSteps": [
            {
              "description": "**NOTE:** This data connector depends on a parser based on a Kusto Function to work as expected [**dsp_parser**](https://aka.ms/sentinel-SemperisDSP-parser) which is deployed with the Microsoft Sentinel Solution."
            },
            {
              "description": "On your **Semperis DSP Management Server** install the Microsoft agent for Windows.",
              "title": "1. Configure Semperis DSP Management Server to send Windows event logs to your Microsoft Sentinel Workspace"
            },
            {
              "description": "You can skip this step if you have already installed the Microsoft agent for Windows",
              "instructions": [
                {
                  "parameters": {
                    "title": "Choose where to install the agent:",
                    "instructionSteps": [
                      {
                        "title": "Install agent on Semperis DSP Management Server",
                        "description": "Download the agent on the relevant machine and follow the instructions.",
                        "instructions": [
                          {
                            "parameters": {
                              "linkType": "InstallAgentOnNonAzure"
                            },
                            "type": "InstallAgent"
                          }
                        ]
                      }
                    ]
                  },
                  "type": "InstructionStepsGroup"
                }
              ],
              "title": "2. Install and onboard the Microsoft agent for Windows"
            },
            {
              "description": "Configure the agent to collect the logs.\n\n1. Under workspace advanced settings **Configuration**, select **Data** and then **Windows Event Logs**.\n2. Select **Go to Agents configuration** and click **Add Windows event log**.\n3. Enter **Semperis-DSP-Security/Operational** as the log name to be collected and click **Apply**",
              "instructions": [
                {
                  "parameters": {
                    "linkType": "OpenAdvancedWorkspaceSettings"
                  },
                  "type": "InstallAgent"
                }
              ],
              "title": "3. Configure the Semperis DSP Windows event logs to be collected by the agent"
            },
            {
              "description": "> You should now be able to receive logs in the *Windows event log* table, log data can be parsed using the **dsp_parser()** function, used by all query samples, workbooks and analytic templates."
            }
          ],
          "id": "[extensionResourceId(resourceId('Microsoft.OperationalInsights/workspaces', parameters('workspace')), 'Microsoft.SecurityInsights/dataConnectors', variables('_uiConfigId1'))]",
          "additionalRequirementBanner": "This data connector depends on a parser based on a Kusto Function to work as expected [**dsp_parser**](https://aka.ms/sentinel-SemperisDSP-parser) which is deployed with the Microsoft Sentinel Solution."
        }
      }
    },
    {
      "type": "Microsoft.OperationalInsights/workspaces/providers/metadata",
      "apiVersion": "2022-01-01-preview",
      "location": "[parameters('workspace-location')]",
      "properties": {
        "version": "2.0.0",
        "kind": "Solution",
        "contentSchemaVersion": "2.0.0",
        "contentId": "[variables('_solutionId')]",
        "parentId": "[variables('_solutionId')]",
        "source": {
          "kind": "Solution",
          "name": "Semperis Directory Services Protector",
          "sourceId": "[variables('_solutionId')]"
        },
        "author": {
          "name": "Semperis"
        },
        "support": {
          "name": "Semperis",
          "tier": "Partner",
          "link": "https://www.semperis.com/contact-us/"
        },
        "dependencies": {
          "operator": "AND",
          "criteria": [
            {
              "kind": "Workbook",
              "contentId": "[variables('_workbookContentId1')]",
              "version": "[variables('workbookVersion1')]"
            },
            {
              "kind": "Parser",
              "contentId": "[variables('_parserContentId1')]",
              "version": "[variables('parserVersion1')]"
            },
            {
              "kind": "AnalyticsRule",
              "contentId": "[variables('analyticRulecontentId1')]",
              "version": "[variables('analyticRuleVersion1')]"
            },
            {
              "kind": "AnalyticsRule",
              "contentId": "[variables('analyticRulecontentId2')]",
              "version": "[variables('analyticRuleVersion2')]"
            },
            {
              "kind": "AnalyticsRule",
              "contentId": "[variables('analyticRulecontentId3')]",
              "version": "[variables('analyticRuleVersion3')]"
            },
            {
              "kind": "AnalyticsRule",
              "contentId": "[variables('analyticRulecontentId4')]",
              "version": "[variables('analyticRuleVersion4')]"
            },
            {
              "kind": "AnalyticsRule",
              "contentId": "[variables('analyticRulecontentId5')]",
              "version": "[variables('analyticRuleVersion5')]"
            },
            {
              "kind": "DataConnector",
              "contentId": "[variables('_dataConnectorContentId1')]",
              "version": "[variables('dataConnectorVersion1')]"
            }
          ]
        },
        "firstPublishDate": "2021-10-18",
        "providers": [
          "Semperis"
        ],
        "categories": {
          "domains": [
            "Security - Threat Protection",
            "Identity"
          ]
        }
      },
      "name": "[concat(parameters('workspace'),'/Microsoft.SecurityInsights/', variables('_solutionId'))]"
    }
  ],
  "outputs": {}
}
