{
  "$schema": "https://schema.management.azure.com/schemas/2019-04-01/deploymentTemplate.json#",
  "contentVersion": "1.0.0.0",
  "metadata": {
    "author": "TacitRed - support@tacitred.com",
    "comments": "Solution template for Tacitred-CCF-Hub-v2ThreatIntelligence"
  },
  "parameters": {
    "location": {
      "type": "string",
      "minLength": 1,
      "defaultValue": "[resourceGroup().location]",
      "metadata": {
        "description": "Not used, but needed to pass arm-ttk test `Location-Should-Not-Be-Hardcoded`.  We instead use the `workspace-location` which is derived from the LA workspace"
      }
    },
    "workspace-location": {
      "type": "string",
      "defaultValue": "",
      "metadata": {
        "description": "[concat('Region to deploy solution resources -- separate from location selection',parameters('location'))]"
      }
    },
    "workspace": {
      "defaultValue": "",
      "type": "string",
      "metadata": {
        "description": "Workspace name for Log Analytics where Microsoft Sentinel is setup"
      }
    },
    "resourceGroupName": {
      "type": "string",
      "defaultValue": "[resourceGroup().name]",
      "metadata": {
        "description": "resource group name where Microsoft Sentinel is setup"
      }
    },
    "subscription": {
      "type": "string",
      "defaultValue": "[last(split(subscription().id, '/'))]",
      "metadata": {
        "description": "subscription id where Microsoft Sentinel is setup"
      }
    },
    "workbook1-name": {
      "type": "string",
      "defaultValue": "TacitRed SecOps - Compromised Credentials",
      "minLength": 1,
      "metadata": {
        "description": "Name for the workbook"
      }
    }
  },
  "variables": {
    "email": "support@tacitred.com",
    "_email": "[variables('email')]",
    "_solutionName": "Tacitred-CCF-Hub-v2ThreatIntelligence",
    "_solutionVersion": "3.0.0",
    "solutionId": "tacitred.azure-sentinel-solution-tacitredcompromisedcredentials",
    "_solutionId": "[variables('solutionId')]",
    "workspaceResourceId": "[resourceId('microsoft.OperationalInsights/Workspaces', parameters('workspace'))]",
    "dataConnectorCCPVersion": "1.0.0",
    "_dataConnectorContentIdConnectorDefinition1": "TacitRedThreatIntel",
    "dataConnectorTemplateNameConnectorDefinition1": "[concat(parameters('workspace'),'-dc-',uniquestring(variables('_dataConnectorContentIdConnectorDefinition1')))]",
    "_dataConnectorContentIdConnections1": "TacitRedThreatIntelConnections",
    "dataConnectorTemplateNameConnections1": "[concat(parameters('workspace'),'-dc-',uniquestring(variables('_dataConnectorContentIdConnections1')))]",
    "dataCollectionEndpointId1": "[concat('/subscriptions/',parameters('subscription'),'/resourceGroups/',parameters('resourceGroupName'),'/providers/Microsoft.Insights/dataCollectionEndpoints/',parameters('workspace'))]",
    "blanks": "[replace('b', 'b', '')]",
    "analyticRuleObject1": {
      "analyticRuleVersion1": "1.0.0",
      "_analyticRulecontentId1": "7c0b2f5d-4e7f-4d5c-9b58-3fbaaf74ab12",
      "analyticRuleId1": "[resourceId('Microsoft.SecurityInsights/AlertRuleTemplates', '7c0b2f5d-4e7f-4d5c-9b58-3fbaaf74ab12')]",
      "analyticRuleTemplateSpecName1": "[concat(parameters('workspace'),'/Microsoft.SecurityInsights/',concat(parameters('workspace'),'-ar-',uniquestring('7c0b2f5d-4e7f-4d5c-9b58-3fbaaf74ab12')))]",
      "_analyticRulecontentProductId1": "[concat(take(variables('_solutionId'),50),'-','ar','-', uniqueString(concat(variables('_solutionId'),'-','AnalyticsRule','-','7c0b2f5d-4e7f-4d5c-9b58-3fbaaf74ab12','-', '1.0.0')))]"
    },
    "workbookVersion1": "1.0.0",
    "workbookContentId1": "TacitRedSecOps-CompromisedCredentials",
    "workbookId1": "[resourceId('Microsoft.Insights/workbooks', variables('workbookContentId1'))]",
    "workbookTemplateSpecName1": "[concat(parameters('workspace'),'/Microsoft.SecurityInsights/',concat(parameters('workspace'),'-wb-',uniquestring(variables('_workbookContentId1'))))]",
    "_workbookContentId1": "[variables('workbookContentId1')]",
    "_workbookcontentProductId1": "[concat(take(variables('_solutionId'),50),'-','wb','-', uniqueString(concat(variables('_solutionId'),'-','Workbook','-',variables('_workbookContentId1'),'-', variables('workbookVersion1'))))]",
    "_solutioncontentProductId": "[concat(take(variables('_solutionId'),50),'-','sl','-', uniqueString(concat(variables('_solutionId'),'-','Solution','-',variables('_solutionId'),'-', variables('_solutionVersion'))))]"
  },
  "resources": [
    {
      "type": "Microsoft.OperationalInsights/workspaces/providers/contentTemplates",
      "apiVersion": "2023-04-01-preview",
      "name": "[concat(parameters('workspace'),'/Microsoft.SecurityInsights/', variables('dataConnectorTemplateNameConnectorDefinition1'), variables('dataConnectorCCPVersion'))]",
      "location": "[parameters('workspace-location')]",
      "dependsOn": [
        "[extensionResourceId(resourceId('Microsoft.OperationalInsights/workspaces', parameters('workspace')), 'Microsoft.SecurityInsights/contentPackages', variables('_solutionId'))]"
      ],
      "properties": {
        "contentId": "[variables('_dataConnectorContentIdConnectorDefinition1')]",
        "displayName": "TacitRed Compromised Credentials",
        "contentKind": "DataConnector",
        "mainTemplate": {
          "$schema": "https://schema.management.azure.com/schemas/2019-04-01/deploymentTemplate.json#",
          "contentVersion": "[variables('dataConnectorCCPVersion')]",
          "parameters": {},
          "variables": {},
          "resources": [
            {
              "name": "[concat(parameters('workspace'),'/Microsoft.SecurityInsights/',variables('_dataConnectorContentIdConnectorDefinition1'))]",
              "apiVersion": "2025-09-01",
              "type": "Microsoft.OperationalInsights/workspaces/providers/dataConnectorDefinitions",
              "location": "[parameters('workspace-location')]",
              "kind": "Customizable",
              "properties": {
                "connectorUiConfig": {
                  "id": "TacitRedThreatIntel",
                  "title": "TacitRed Compromised Credentials",
                  "publisher": "TacitRed",
                  "descriptionMarkdown": "Ingest compromised credential findings from TacitRed using the Common Connector Framework (CCF).",
                  "graphQueriesTableName": "TacitRed_Findings_CL",
                  "graphQueries": [
                    {
                      "metricName": "Total TacitRed findings received",
                      "legend": "TacitRed Findings",
                      "baseQuery": "TacitRed_Findings_CL"
                    }
                  ],
                  "sampleQueries": [
                    {
                      "description": "Recent compromised credentials",
                      "query": "TacitRed_Findings_CL | where TimeGenerated >= ago(7d) | project TimeGenerated, email_s, domain_s, confidence_d, source_s"
                    }
                  ],
                  "dataTypes": [
                    {
                      "name": "TacitRed_Findings_CL",
                      "lastDataReceivedQuery": "TacitRed_Findings_CL | summarize Time = max(TimeGenerated) | where isnotempty(Time)"
                    }
                  ],
                  "connectivityCriteria": [
                    {
                      "type": "HasDataConnectors",
                      "value": []
                    }
                  ],
                  "availability": {
                    "status": "Available",
                    "isPreview": false
                  },
                  "permissions": {
                    "resourceProvider": [
                      {
                        "provider": "Microsoft.OperationalInsights/workspaces",
                        "permissionsDisplayText": "Read and write permissions required",
                        "providerDisplayName": "Workspace",
                        "scope": "Workspace",
                        "requiredPermissions": {
                          "write": true,
                          "read": true,
                          "delete": false
                        }
                      }
                    ],
                    "customs": [
                      {
                        "name": "TacitRed API Key",
                        "description": "API key stored in Azure Key Vault or provided at deployment time."
                      }
                    ]
                  },
                  "instructionSteps": [
                    {
                      "title": "Cost Considerations",
                      "description": "**Recommended:** Set up a Budget Alert in Azure Cost Management to monitor ingestion costs. This connector polls hourly and filters data by time window to minimize duplicate ingestion."
                    },
                    {
                      "title": "Provide API Key",
                      "description": "For enhanced security, enable Key Vault integration to store and retrieve the API key."
                    }
                  ]
                }
              }
            },
            {
              "name": "[concat(parameters('workspace'),'/Microsoft.SecurityInsights/',concat('DataConnector-', variables('_dataConnectorContentIdConnectorDefinition1')))]",
              "apiVersion": "2022-01-01-preview",
              "type": "Microsoft.OperationalInsights/workspaces/providers/metadata",
              "properties": {
                "parentId": "[extensionResourceId(resourceId('Microsoft.OperationalInsights/workspaces', parameters('workspace')), 'Microsoft.SecurityInsights/dataConnectorDefinitions', variables('_dataConnectorContentIdConnectorDefinition1'))]",
                "contentId": "[variables('_dataConnectorContentIdConnectorDefinition1')]",
                "kind": "DataConnector",
                "version": "[variables('dataConnectorCCPVersion')]",
                "source": {
                  "sourceId": "[variables('_solutionId')]",
                  "name": "[variables('_solutionName')]",
                  "kind": "Solution"
                },
                "author": {
                  "name": "TacitRed",
                  "email": "[variables('_email')]"
                },
                "support": {
                  "name": "TacitRed",
                  "email": "support@tacitred.com",
                  "tier": "Partner",
                  "link": "https://www.tacitred.com/support"
                },
                "dependencies": {
                  "criteria": [
                    {
                      "version": "[variables('dataConnectorCCPVersion')]",
                      "contentId": "[variables('_dataConnectorContentIdConnections1')]",
                      "kind": "ResourcesDataConnector"
                    }
                  ]
                }
              }
            },
            {
              "name": "dcr-tacitred-findings",
              "apiVersion": "2024-03-11",
              "type": "Microsoft.Insights/dataCollectionRules",
              "location": "[parameters('workspace-location')]",
              "kind": "[variables('blanks')]",
              "properties": {
                "dataCollectionEndpointId": "[variables('dataCollectionEndpointId1')]",
                "streamDeclarations": {
                  "Custom-TacitRed_Findings_Raw": {
                    "columns": [
                      {
                        "name": "finding",
                        "type": "dynamic"
                      },
                      {
                        "name": "severity",
                        "type": "string"
                      }
                    ]
                  }
                },
                "destinations": {
                  "logAnalytics": [
                    {
                      "workspaceResourceId": "[variables('workspaceResourceId')]",
                      "name": "clv2ws1"
                    }
                  ]
                },
                "dataFlows": [
                  {
                    "streams": [
                      "Custom-TacitRed_Findings_Raw"
                    ],
                    "destinations": [
                      "clv2ws1"
                    ],
                    "transformKql": "source | extend f = todynamic(finding) | extend TimeGenerated = todatetime(f['time']), email_s = tostring(iif(isnotempty(f['email']), f['email'], f['supporting_data']['credential']['email'])), domain_s = tostring(f['supporting_data']['credential']['domain']), findingType_s = tostring(f['type']), confidence_d = toint(f['confidence']), firstSeen_t = todatetime(f['first_seen']), lastSeen_t = todatetime(f['last_seen']), notes_s = tostring(f['notes']), source_s = tostring(f['source']), severity_s = tostring(f['severity']), status_s = tostring(f['status']), campaign_id_s = tostring(iif(isnotempty(f['campaign_id']), f['campaign_id'], f['campaign']['id'])), user_id_s = tostring(iif(isnotempty(f['user_id']), f['user_id'], f['user']['id'])), username_s = tostring(iif(isnotempty(f['username']), f['username'], f['user']['username'])), detection_ts_t = todatetime(f['detection_ts']), metadata_s = tostring(f) | project TimeGenerated, email_s, domain_s, findingType_s, confidence_d, firstSeen_t, lastSeen_t, notes_s, source_s, severity_s, status_s, campaign_id_s, user_id_s, username_s, detection_ts_t, metadata_s",
                    "outputStream": "Custom-TacitRed_Findings_CL"
                  }
                ]
              }
            },
            {
              "name": "TacitRed_Findings_CL",
              "apiVersion": "2025-07-01",
              "type": "Microsoft.OperationalInsights/workspaces/tables",
              "location": "[parameters('workspace-location')]",
              "kind": null,
              "properties": {
                "schema": {
                  "name": "TacitRed_Findings_CL",
                  "columns": [
                    {
                      "name": "TimeGenerated",
                      "type": "datetime"
                    },
                    {
                      "name": "email_s",
                      "type": "string"
                    },
                    {
                      "name": "domain_s",
                      "type": "string"
                    },
                    {
                      "name": "findingType_s",
                      "type": "string"
                    },
                    {
                      "name": "confidence_d",
                      "type": "int"
                    },
                    {
                      "name": "firstSeen_t",
                      "type": "datetime"
                    },
                    {
                      "name": "lastSeen_t",
                      "type": "datetime"
                    },
                    {
                      "name": "notes_s",
                      "type": "string"
                    },
                    {
                      "name": "source_s",
                      "type": "string"
                    },
                    {
                      "name": "severity_s",
                      "type": "string"
                    },
                    {
                      "name": "status_s",
                      "type": "string"
                    },
                    {
                      "name": "campaign_id_s",
                      "type": "string"
                    },
                    {
                      "name": "user_id_s",
                      "type": "string"
                    },
                    {
                      "name": "username_s",
                      "type": "string"
                    },
                    {
                      "name": "detection_ts_t",
                      "type": "datetime"
                    },
                    {
                      "name": "metadata_s",
                      "type": "string"
                    }
                  ]
                }
              }
            }
          ]
        },
        "packageKind": "Solution",
        "packageVersion": "[variables('_solutionVersion')]",
        "packageName": "[variables('_solutionName')]",
        "contentProductId": "[concat(take(variables('_solutionId'), 50),'-','dc','-', uniqueString(concat(variables('_solutionId'),'-','DataConnector','-',variables('_dataConnectorContentIdConnectorDefinition1'),'-', variables('dataConnectorCCPVersion'))))]",
        "packageId": "[variables('_solutionId')]",
        "contentSchemaVersion": "3.0.0",
        "version": "[variables('dataConnectorCCPVersion')]"
      }
    },
    {
      "name": "[concat(parameters('workspace'),'/Microsoft.SecurityInsights/',variables('_dataConnectorContentIdConnectorDefinition1'))]",
      "apiVersion": "2025-09-01",
      "type": "Microsoft.OperationalInsights/workspaces/providers/dataConnectorDefinitions",
      "location": "[parameters('workspace-location')]",
      "kind": "Customizable",
      "properties": {
        "connectorUiConfig": {
          "id": "TacitRedThreatIntel",
          "title": "TacitRed Compromised Credentials",
          "publisher": "TacitRed",
          "descriptionMarkdown": "Ingest compromised credential findings from TacitRed using the Common Connector Framework (CCF).",
          "graphQueriesTableName": "TacitRed_Findings_CL",
          "graphQueries": [
            {
              "metricName": "Total TacitRed findings received",
              "legend": "TacitRed Findings",
              "baseQuery": "TacitRed_Findings_CL"
            }
          ],
          "sampleQueries": [
            {
              "description": "Recent compromised credentials",
              "query": "TacitRed_Findings_CL | where TimeGenerated >= ago(7d) | project TimeGenerated, email_s, domain_s, confidence_d, source_s"
            }
          ],
          "dataTypes": [
            {
              "name": "TacitRed_Findings_CL",
              "lastDataReceivedQuery": "TacitRed_Findings_CL | summarize Time = max(TimeGenerated) | where isnotempty(Time)"
            }
          ],
          "connectivityCriteria": [
            {
              "type": "HasDataConnectors",
              "value": []
            }
          ],
          "availability": {
            "status": "Available",
            "isPreview": false
          },
          "permissions": {
            "resourceProvider": [
              {
                "provider": "Microsoft.OperationalInsights/workspaces",
                "permissionsDisplayText": "Read and write permissions required",
                "providerDisplayName": "Workspace",
                "scope": "Workspace",
                "requiredPermissions": {
                  "write": true,
                  "read": true,
                  "delete": false
                }
              }
            ],
            "customs": [
              {
                "name": "TacitRed API Key",
                "description": "API key stored in Azure Key Vault or provided at deployment time."
              }
            ]
          },
          "instructionSteps": [
            {
              "title": "Cost Considerations",
              "description": "**Recommended:** Set up a Budget Alert in Azure Cost Management to monitor ingestion costs. This connector polls hourly and filters data by time window to minimize duplicate ingestion."
            },
            {
              "title": "Provide API Key",
              "description": "For enhanced security, enable Key Vault integration to store and retrieve the API key."
            }
          ]
        }
      }
    },
    {
      "name": "[concat(parameters('workspace'),'/Microsoft.SecurityInsights/',concat('DataConnector-', variables('_dataConnectorContentIdConnectorDefinition1')))]",
      "apiVersion": "2022-01-01-preview",
      "type": "Microsoft.OperationalInsights/workspaces/providers/metadata",
      "properties": {
        "parentId": "[extensionResourceId(resourceId('Microsoft.OperationalInsights/workspaces', parameters('workspace')), 'Microsoft.SecurityInsights/dataConnectorDefinitions', variables('_dataConnectorContentIdConnectorDefinition1'))]",
        "contentId": "[variables('_dataConnectorContentIdConnectorDefinition1')]",
        "kind": "DataConnector",
        "version": "[variables('dataConnectorCCPVersion')]",
        "source": {
          "sourceId": "[variables('_solutionId')]",
          "name": "[variables('_solutionName')]",
          "kind": "Solution"
        },
        "author": {
          "name": "TacitRed",
          "email": "[variables('_email')]"
        },
        "support": {
          "name": "TacitRed",
          "email": "support@tacitred.com",
          "tier": "Partner",
          "link": "https://www.tacitred.com/support"
        },
        "dependencies": {
          "criteria": [
            {
              "version": "[variables('dataConnectorCCPVersion')]",
              "contentId": "[variables('_dataConnectorContentIdConnections1')]",
              "kind": "ResourcesDataConnector"
            }
          ]
        }
      }
    },
    {
      "type": "Microsoft.OperationalInsights/workspaces/providers/contentTemplates",
      "apiVersion": "2023-04-01-preview",
      "name": "[concat(parameters('workspace'),'/Microsoft.SecurityInsights/', variables('dataConnectorTemplateNameConnections1'), variables('dataConnectorCCPVersion'))]",
      "location": "[parameters('workspace-location')]",
      "dependsOn": [
        "[extensionResourceId(resourceId('Microsoft.OperationalInsights/workspaces', parameters('workspace')), 'Microsoft.SecurityInsights/contentPackages', variables('_solutionId'))]"
      ],
      "properties": {
        "contentId": "[variables('_dataConnectorContentIdConnections1')]",
        "displayName": "TacitRed Compromised Credentials",
        "contentKind": "ResourcesDataConnector",
        "mainTemplate": {
          "$schema": "https://schema.management.azure.com/schemas/2019-04-01/deploymentTemplate.json#",
          "contentVersion": "[variables('dataConnectorCCPVersion')]",
          "parameters": {
            "guidValue": {
              "defaultValue": "[[newGuid()]",
              "type": "securestring"
            },
            "innerWorkspace": {
              "defaultValue": "[parameters('workspace')]",
              "type": "securestring"
            },
            "tacitRedApiKey": {
              "defaultValue": "-NA-",
              "type": "securestring",
              "minLength": 4
            },
            "connectorDefinitionName": {
              "defaultValue": "TacitRed Compromised Credentials",
              "type": "securestring",
              "minLength": 1
            },
            "workspace": {
              "defaultValue": "[parameters('workspace')]",
              "type": "securestring"
            },
            "dcrConfig": {
              "defaultValue": {
                "dataCollectionEndpoint": "data collection Endpoint",
                "dataCollectionRuleImmutableId": "data collection rule immutableId"
              },
              "type": "object"
            }
          },
          "variables": {
            "_dataConnectorContentIdConnections1": "[variables('_dataConnectorContentIdConnections1')]"
          },
          "resources": [
            {
              "name": "[concat(parameters('workspace'),'/Microsoft.SecurityInsights/',concat('DataConnector-', variables('_dataConnectorContentIdConnections1')))]",
              "apiVersion": "2022-01-01-preview",
              "type": "Microsoft.OperationalInsights/workspaces/providers/metadata",
              "properties": {
                "parentId": "[extensionResourceId(resourceId('Microsoft.OperationalInsights/workspaces', parameters('workspace')), 'Microsoft.SecurityInsights/dataConnectors', variables('_dataConnectorContentIdConnections1'))]",
                "contentId": "[variables('_dataConnectorContentIdConnections1')]",
                "kind": "ResourcesDataConnector",
                "version": "[variables('dataConnectorCCPVersion')]",
                "source": {
                  "sourceId": "[variables('_solutionId')]",
                  "name": "[variables('_solutionName')]",
                  "kind": "Solution"
                },
                "author": {
                  "name": "TacitRed",
                  "email": "[variables('_email')]"
                },
                "support": {
                  "name": "TacitRed",
                  "email": "support@tacitred.com",
                  "tier": "Partner",
                  "link": "https://www.tacitred.com/support"
                }
              }
            },
            {
              "name": "[[concat(parameters('innerWorkspace'),'/Microsoft.SecurityInsights/', 'TacitRedFindings', parameters('guidValue'))]",
              "apiVersion": "2025-09-01",
              "type": "Microsoft.OperationalInsights/workspaces/providers/dataConnectors",
              "location": "[parameters('workspace-location')]",
              "kind": "RestApiPoller",
              "properties": {
                "connectorDefinitionName": "TacitRedThreatIntel",
                "dataType": "TacitRed_Findings_CL",
                "dcrConfig": {
                  "streamName": "Custom-TacitRed_Findings_Raw",
                  "dataCollectionEndpoint": "[[parameters('dcrConfig').dataCollectionEndpoint]",
                  "dataCollectionRuleImmutableId": "[[parameters('dcrConfig').dataCollectionRuleImmutableId]"
                },
                "auth": {
                  "type": "APIKey",
                  "ApiKeyName": "Authorization",
                  "ApiKey": "[[parameters('tacitRedApiKey')]"
                },
                "request": {
                  "apiEndpoint": "https://app.tacitred.com/api/v1/findings",
                  "httpMethod": "GET",
                  "queryParameters": {
                    "page_size": 50
                  },
                  "queryWindowInMin": 600,
                  "queryTimeFormat": "yyyy-MM-ddTHH:mm:ssZ",
                  "startTimeAttributeName": "from",
                  "endTimeAttributeName": "until",
                  "rateLimitQps": 10,
                  "retryCount": 3,
                  "timeoutInSeconds": 60,
                  "headers": {
                    "Accept": "application/json",
                    "User-Agent": "Microsoft-Sentinel-TacitRed/1.0"
                  }
                },
                "paging": {
                  "pagingType": "LinkHeader",
                  "linkHeaderTokenJsonPath": "$.next"
                },
                "response": {
                  "eventsJsonPaths": [
                    "$.results"
                  ],
                  "format": "json"
                },
                "shouldJoinNestedData": true
              }
            }
          ]
        },
        "packageKind": "Solution",
        "packageVersion": "[variables('_solutionVersion')]",
        "packageName": "[variables('_solutionName')]",
        "contentProductId": "[concat(take(variables('_solutionId'), 50),'-','rdc','-', uniqueString(concat(variables('_solutionId'),'-','ResourcesDataConnector','-',variables('_dataConnectorContentIdConnections1'),'-', variables('dataConnectorCCPVersion'))))]",
        "packageId": "[variables('_solutionId')]",
        "contentSchemaVersion": "3.0.0",
        "version": "[variables('dataConnectorCCPVersion')]"
      }
    },
    {
      "type": "Microsoft.OperationalInsights/workspaces/providers/contentTemplates",
      "apiVersion": "2023-04-01-preview",
      "name": "[variables('analyticRuleObject1').analyticRuleTemplateSpecName1]",
      "location": "[parameters('workspace-location')]",
      "dependsOn": [
        "[extensionResourceId(resourceId('Microsoft.OperationalInsights/workspaces', parameters('workspace')), 'Microsoft.SecurityInsights/contentPackages', variables('_solutionId'))]"
      ],
      "properties": {
        "description": "TacitRed - Repeat Compromise Detection_AnalyticalRules Analytics Rule with template version 3.0.0",
        "mainTemplate": {
          "$schema": "https://schema.management.azure.com/schemas/2019-04-01/deploymentTemplate.json#",
          "contentVersion": "[variables('analyticRuleObject1').analyticRuleVersion1]",
          "parameters": {},
          "variables": {},
          "resources": [
            {
              "type": "Microsoft.SecurityInsights/AlertRuleTemplates",
              "name": "[variables('analyticRuleObject1')._analyticRulecontentId1]",
              "apiVersion": "2023-02-01-preview",
              "kind": "Scheduled",
              "location": "[parameters('workspace-location')]",
              "properties": {
                "description": "Detects users who have been compromised multiple times within a 7-day window.\nMultiple compromises of the same user indicate persistent targeting or ongoing credential theft.\n\nRef: https://tacitred.com/",
                "displayName": "TacitRed - Repeat Compromise Detection",
                "enabled": false,
                "query": "let lookbackPeriod = 7d;\nlet threshold = 2;\nTacitRed_Findings_CL\n| where TimeGenerated >= ago(lookbackPeriod)\n| extend\n    Email = tostring(email_s),\n    Username = tostring(username_s),\n    Domain = tostring(domain_s),\n    FindingType = tostring(findingType_s),\n    Confidence = todouble(confidence_d),\n    FirstSeen = todatetime(firstSeen_t),\n    LastSeen = todatetime(lastSeen_t)\n| summarize \n    CompromiseCount = count(),\n    FindingTypes = make_set(FindingType),\n    FirstCompromise = min(FirstSeen),\n    LatestCompromise = max(LastSeen),\n    AverageConfidence = avg(Confidence),\n    Domains = make_set(Domain)\n    by Email, Username\n| where CompromiseCount >= threshold\n| extend\n    Severity = case(\n        CompromiseCount >= 5, \"Critical\",\n        CompromiseCount >= 3, \"High\",\n        \"Medium\"\n    )\n| project\n    Email,\n    Username,\n    CompromiseCount,\n    Severity,\n    FirstCompromise,\n    LatestCompromise,\n    AverageConfidence,\n    FindingTypes,\n    Domains",
                "queryFrequency": "PT1H",
                "queryPeriod": "P7D",
                "severity": "High",
                "suppressionDuration": "PT1H",
                "suppressionEnabled": false,
                "triggerOperator": "GreaterThan",
                "triggerThreshold": 0,
                "status": "Available",
                "requiredDataConnectors": [
                  {
                    "connectorId": "TacitRedThreatIntel",
                    "dataTypes": [
                      "TacitRed_Findings_CL"
                    ]
                  }
                ],
                "tactics": [
                  "CredentialAccess",
                  "InitialAccess"
                ],
                "techniques": [
                  "T1078",
                  "T1110"
                ],
                "entityMappings": [
                  {
                    "entityType": "Account",
                    "fieldMappings": [
                      {
                        "columnName": "Username",
                        "identifier": "Name"
                      },
                      {
                        "columnName": "Email",
                        "identifier": "UPNSuffix"
                      }
                    ]
                  }
                ],
                "eventGroupingSettings": {
                  "aggregationKind": "SingleAlert"
                },
                "incidentConfiguration": {
                  "groupingConfiguration": {
                    "reopenClosedIncident": false,
                    "lookbackDuration": "5h",
                    "matchingMethod": "Selected",
                    "groupByEntities": [
                      "Account"
                    ],
                    "enabled": true
                  },
                  "createIncident": true
                }
              }
            },
            {
              "type": "Microsoft.OperationalInsights/workspaces/providers/metadata",
              "apiVersion": "2022-01-01-preview",
              "name": "[concat(parameters('workspace'),'/Microsoft.SecurityInsights/',concat('AnalyticsRule-', last(split(variables('analyticRuleObject1').analyticRuleId1,'/'))))]",
              "properties": {
                "description": "Tacitred-CCF-Hub-v2ThreatIntelligence Analytics Rule 1",
                "parentId": "[variables('analyticRuleObject1').analyticRuleId1]",
                "contentId": "[variables('analyticRuleObject1')._analyticRulecontentId1]",
                "kind": "AnalyticsRule",
                "version": "[variables('analyticRuleObject1').analyticRuleVersion1]",
                "source": {
                  "kind": "Solution",
                  "name": "Tacitred-CCF-Hub-v2ThreatIntelligence",
                  "sourceId": "[variables('_solutionId')]"
                },
                "author": {
                  "name": "TacitRed",
                  "email": "[variables('_email')]"
                },
                "support": {
                  "name": "TacitRed",
                  "email": "support@tacitred.com",
                  "tier": "Partner",
                  "link": "https://www.tacitred.com/support"
                }
              }
            }
          ]
        },
        "packageKind": "Solution",
        "packageVersion": "[variables('_solutionVersion')]",
        "packageName": "[variables('_solutionName')]",
        "packageId": "[variables('_solutionId')]",
        "contentSchemaVersion": "3.0.0",
        "contentId": "[variables('analyticRuleObject1')._analyticRulecontentId1]",
        "contentKind": "AnalyticsRule",
        "displayName": "TacitRed - Repeat Compromise Detection",
        "contentProductId": "[variables('analyticRuleObject1')._analyticRulecontentProductId1]",
        "id": "[variables('analyticRuleObject1')._analyticRulecontentProductId1]",
        "version": "[variables('analyticRuleObject1').analyticRuleVersion1]"
      }
    },
    {
      "type": "Microsoft.OperationalInsights/workspaces/providers/contentTemplates",
      "apiVersion": "2023-04-01-preview",
      "name": "[variables('workbookTemplateSpecName1')]",
      "location": "[parameters('workspace-location')]",
      "dependsOn": [
        "[extensionResourceId(resourceId('Microsoft.OperationalInsights/workspaces', parameters('workspace')), 'Microsoft.SecurityInsights/contentPackages', variables('_solutionId'))]"
      ],
      "properties": {
        "description": "TacitRedSecOps-CompromisedCredentials Workbook with template version 3.0.0",
        "mainTemplate": {
          "$schema": "https://schema.management.azure.com/schemas/2019-04-01/deploymentTemplate.json#",
          "contentVersion": "[variables('workbookVersion1')]",
          "parameters": {},
          "variables": {},
          "resources": [
            {
              "type": "Microsoft.Insights/workbooks",
              "name": "[variables('workbookContentId1')]",
              "location": "[parameters('workspace-location')]",
              "kind": "shared",
              "apiVersion": "2021-08-01",
              "metadata": {
                "description": "TacitRed SecOps - Compromised Credentials workbook provides visibility into compromised credentials detected by TacitRed, helping security teams triage and monitor credential theft incidents."
              },
              "properties": {
                "displayName": "[parameters('workbook1-name')]",
                "serializedData": "{\"version\":\"Notebook/1.0\",\"items\":[{\"type\":1,\"content\":{\"json\":\"# TacitRed SecOps - Compromised Credentials\\n\\n**Purpose:** Triage and monitor compromised accounts detected by TacitRed.\\n\\n---\"}},{\"type\":9,\"content\":{\"version\":\"KqlParameterItem/1.0\",\"parameters\":[{\"id\":\"time-param\",\"name\":\"TimeRange\",\"type\":4,\"isRequired\":true,\"value\":{\"durationMs\":604800000},\"typeSettings\":{\"selectableValues\":[{\"durationMs\":86400000},{\"durationMs\":604800000},{\"durationMs\":2592000000}],\"allowCustom\":true},\"label\":\"Time Range\"}],\"style\":\"pills\",\"queryType\":0,\"resourceType\":\"microsoft.operationalinsights/workspaces\"}},{\"type\":3,\"content\":{\"version\":\"KqlItem/1.0\",\"query\":\"TacitRed_Findings_CL\\n| where TimeGenerated >= ago(7d)\\n| summarize\\n    Total = count(),\\n    HasEmail = countif(isnotempty(email_s)),\\n    HasDomain = countif(isnotempty(domain_s)),\\n    HasConfidence = countif(isnotnull(confidence_d)),\\n    HasStatus = countif(isnotempty(status_s))\\n| extend\\n    EmailPct = round(HasEmail * 100.0 / Total, 2),\\n    DomainPct = round(HasDomain * 100.0 / Total, 2),\\n    ConfidencePct = round(HasConfidence * 100.0 / Total, 2),\\n    StatusPct = round(HasStatus * 100.0 / Total, 2)\",\"size\":0,\"title\":\"Data Quality - TacitRed Findings\",\"timeContext\":{\"durationMs\":0},\"timeContextFromParameter\":\"TimeRange\",\"queryType\":0,\"resourceType\":\"microsoft.operationalinsights/workspaces\",\"visualization\":\"table\"}},{\"type\":3,\"content\":{\"version\":\"KqlItem/1.0\",\"query\":\"TacitRed_Findings_CL\\n| where TimeGenerated >= ago(7d)\\n| extend Confidence = toint(confidence_d)\\n| summarize\\n    TotalFindings = count(),\\n    UniqueEmails = dcount(email_s),\\n    UniqueDomains = dcount(domain_s),\\n    HighConfidence = countif(Confidence >= 80),\\n    MediumConfidence = countif(Confidence >= 60 and Confidence < 80),\\n    LowConfidence = countif(Confidence < 60)\",\"size\":0,\"title\":\"Compromised Credentials Overview\",\"timeContext\":{\"durationMs\":0},\"timeContextFromParameter\":\"TimeRange\",\"queryType\":0,\"resourceType\":\"microsoft.operationalinsights/workspaces\",\"visualization\":\"table\"}},{\"type\":3,\"content\":{\"version\":\"KqlItem/1.0\",\"query\":\"TacitRed_Findings_CL\\n| where TimeGenerated >= ago(7d)\\n| extend Confidence = toint(confidence_d)\\n| where isnotempty(domain_s)\\n| summarize\\n    Count = count(),\\n    MaxConfidence = max(Confidence),\\n    UniqueEmails = dcount(email_s),\\n    EarliestSeen = min(TimeGenerated),\\n    LatestSeen = max(TimeGenerated)\\n    by Domain = tolower(domain_s)\\n| top 20 by Count desc\\n| project Domain, Count, UniqueEmails, MaxConfidence, EarliestSeen, LatestSeen\",\"size\":0,\"title\":\"Top Compromised Domains\",\"timeContext\":{\"durationMs\":0},\"timeContextFromParameter\":\"TimeRange\",\"queryType\":0,\"resourceType\":\"microsoft.operationalinsights/workspaces\",\"visualization\":\"table\"}},{\"type\":3,\"content\":{\"version\":\"KqlItem/1.0\",\"query\":\"TacitRed_Findings_CL\\n| where TimeGenerated >= ago(7d)\\n| extend Confidence = toint(confidence_d)\\n| extend Account = case(\\n    isnotempty(email_s), email_s,\\n    isnotempty(username_s), username_s,\\n    isnotempty(user_id_s), user_id_s,\\n    'Unknown'\\n)\\n| where Account != 'Unknown'\\n| summarize\\n    Findings = count(),\\n    MaxConfidence = max(Confidence),\\n    DistinctDomains = dcount(domain_s),\\n    Campaigns = dcount(campaign_id_s),\\n    EarliestSeen = min(TimeGenerated),\\n    LatestSeen = max(TimeGenerated),\\n    Statuses = make_set(status_s)\\n  by Account\\n| top 50 by Findings desc\\n| project Account, Findings, DistinctDomains, Campaigns, MaxConfidence, EarliestSeen, LatestSeen, Statuses\",\"size\":0,\"title\":\"Top Compromised Accounts\",\"timeContext\":{\"durationMs\":0},\"timeContextFromParameter\":\"TimeRange\",\"queryType\":0,\"resourceType\":\"microsoft.operationalinsights/workspaces\",\"visualization\":\"table\"}},{\"type\":3,\"content\":{\"version\":\"KqlItem/1.0\",\"query\":\"TacitRed_Findings_CL\\n| where TimeGenerated >= ago(7d)\\n| extend Confidence = toint(confidence_d)\\n| extend Account = case(\\n    isnotempty(email_s), email_s,\\n    isnotempty(username_s), username_s,\\n    isnotempty(user_id_s), user_id_s,\\n    'Unknown'\\n)\\n| project TimeGenerated,\\n          Account,\\n          domain_s,\\n          findingType_s,\\n          severity_s,\\n          Confidence,\\n          status_s,\\n          campaign_id_s,\\n          source_s\\n| order by TimeGenerated desc\\n| take 100\",\"size\":0,\"title\":\"Latest TacitRed Findings (Triage Queue)\",\"timeContext\":{\"durationMs\":0},\"timeContextFromParameter\":\"TimeRange\",\"queryType\":0,\"resourceType\":\"microsoft.operationalinsights/workspaces\",\"visualization\":\"table\"}},{\"type\":3,\"content\":{\"version\":\"KqlItem/1.0\",\"query\":\"TacitRed_Findings_CL\\n| where TimeGenerated >= ago(7d)\\n| extend Confidence = toint(confidence_d)\\n| extend Account = case(\\n    isnotempty(email_s), email_s,\\n    isnotempty(username_s), username_s,\\n    isnotempty(user_id_s), user_id_s,\\n    'Unknown'\\n)\\n| where Account != 'Unknown'\\n| summarize\\n    TotalFindings = count(),\\n    Last24hFindings = countif(TimeGenerated >= ago(24h)),\\n    MaxConfidence = max(Confidence),\\n    FirstSeen = min(TimeGenerated),\\n    LastSeen = max(TimeGenerated),\\n    DistinctDomains = dcount(domain_s)\\n  by Account\\n| extend LifetimeHours = datetime_diff('hour', LastSeen, FirstSeen)\\n| where TotalFindings >= 2\\n| order by Last24hFindings desc, TotalFindings desc, MaxConfidence desc\\n| take 50\",\"size\":0,\"title\":\"Repeated / Rapid Re-Compromise\",\"timeContext\":{\"durationMs\":0},\"timeContextFromParameter\":\"TimeRange\",\"queryType\":0,\"resourceType\":\"microsoft.operationalinsights/workspaces\",\"visualization\":\"table\"}},{\"type\":3,\"content\":{\"version\":\"KqlItem/1.0\",\"query\":\"TacitRed_Findings_CL\\n| where TimeGenerated >= ago(7d)\\n| where isnotempty(campaign_id_s)\\n| extend Confidence = toint(confidence_d)\\n| summarize\\n    TotalFindings = count(),\\n    DistinctAccounts = dcount(email_s),\\n    DistinctDomains = dcount(domain_s),\\n    MaxConfidence = max(Confidence),\\n    Severities = make_set(severity_s),\\n    Statuses = make_set(status_s),\\n    FirstSeen = min(TimeGenerated),\\n    LastSeen = max(TimeGenerated)\\n  by CampaignId = campaign_id_s\\n| order by TotalFindings desc\\n| take 50\",\"size\":0,\"title\":\"Campaign View - TacitRed Campaigns\",\"timeContext\":{\"durationMs\":0},\"timeContextFromParameter\":\"TimeRange\",\"queryType\":0,\"resourceType\":\"microsoft.operationalinsights/workspaces\",\"visualization\":\"table\"}},{\"type\":3,\"content\":{\"version\":\"KqlItem/1.0\",\"query\":\"TacitRed_Findings_CL\\n| where TimeGenerated >= ago(7d)\\n| extend Confidence = toint(confidence_d)\\n| extend ConfidenceBucket = case(\\n    Confidence >= 90, \\\"Critical (90-100)\\\",\\n    Confidence >= 70, \\\"High (70-89)\\\",\\n    Confidence >= 50, \\\"Medium (50-69)\\\",\\n    \\\"Low (<50)\\\"\\n)\\n| summarize Count = count() by ConfidenceBucket, bin(TimeGenerated, 1h)\\n| order by TimeGenerated asc\",\"size\":0,\"title\":\"Confidence Bucket Trend (Last 7 Days)\",\"timeContext\":{\"durationMs\":0},\"timeContextFromParameter\":\"TimeRange\",\"queryType\":0,\"resourceType\":\"microsoft.operationalinsights/workspaces\",\"visualization\":\"areachart\"}}],\"$schema\":\"https://github.com/Microsoft/Application-Insights-Workbooks/blob/master/schema/workbook.json\"}\n",
                "version": "1.0",
                "sourceId": "[variables('workspaceResourceId')]",
                "category": "sentinel"
              }
            },
            {
              "type": "Microsoft.OperationalInsights/workspaces/providers/metadata",
              "apiVersion": "2022-01-01-preview",
              "name": "[concat(parameters('workspace'),'/Microsoft.SecurityInsights/',concat('Workbook-', last(split(variables('workbookId1'),'/'))))]",
              "properties": {
                "description": "@{workbookKey=TacitRedSecOps-CompromisedCredentials; logoFileName=; description=TacitRed SecOps - Compromised Credentials workbook provides visibility into compromised credentials detected by TacitRed, helping security teams triage and monitor credential theft incidents.; dataTypesDependencies=System.Object[]; dataConnectorsDependencies=System.Object[]; previewImagesFileNames=System.Object[]; version=1.0.0; title=TacitRed SecOps - Compromised Credentials; templateRelativePath=TacitRedSecOps-CompromisedCredentials.json; subtitle=; provider=TacitRed}.description",
                "parentId": "[variables('workbookId1')]",
                "contentId": "[variables('_workbookContentId1')]",
                "kind": "Workbook",
                "version": "[variables('workbookVersion1')]",
                "source": {
                  "kind": "Solution",
                  "name": "Tacitred-CCF-Hub-v2ThreatIntelligence",
                  "sourceId": "[variables('_solutionId')]"
                },
                "author": {
                  "name": "TacitRed",
                  "email": "[variables('_email')]"
                },
                "support": {
                  "name": "TacitRed",
                  "email": "support@tacitred.com",
                  "tier": "Partner",
                  "link": "https://www.tacitred.com/support"
                },
                "dependencies": {
                  "operator": "AND",
                  "criteria": [
                    {
                      "contentId": "TacitRed_Findings_CL",
                      "kind": "DataType"
                    },
                    {
                      "contentId": "TacitRedThreatIntel",
                      "kind": "DataConnector"
                    }
                  ]
                }
              }
            }
          ]
        },
        "packageKind": "Solution",
        "packageVersion": "[variables('_solutionVersion')]",
        "packageName": "[variables('_solutionName')]",
        "packageId": "[variables('_solutionId')]",
        "contentSchemaVersion": "3.0.0",
        "contentId": "[variables('_workbookContentId1')]",
        "contentKind": "Workbook",
        "displayName": "[parameters('workbook1-name')]",
        "contentProductId": "[variables('_workbookcontentProductId1')]",
        "id": "[variables('_workbookcontentProductId1')]",
        "version": "[variables('workbookVersion1')]"
      }
    },
    {
      "type": "Microsoft.OperationalInsights/workspaces/providers/contentPackages",
      "apiVersion": "2023-04-01-preview",
      "location": "[parameters('workspace-location')]",
      "properties": {
        "version": "3.0.0",
        "kind": "Solution",
        "contentSchemaVersion": "3.0.0",
        "displayName": "Tacitred-CCF-Hub-v2ThreatIntelligence",
        "publisherDisplayName": "TacitRed",
        "descriptionHtml": "<p><strong>Note:</strong> Please refer to the following before installing the solution:</p>\n<p>• Review the solution <a href=\"https://github.com/Azure/Azure-Sentinel/tree/master/Solutions/Tacitred-CCF-Hub-v2ThreatIntelligence/ReleaseNotes.md\">Release Notes</a></p>\n<p>• There may be <a href=\"https://aka.ms/sentinelsolutionsknownissues\">known issues</a> pertaining to this Solution, please refer to them before installing.</p>\n<p>The <a href=\"https://www.tacitred.com/\">TacitRed Compromised Credentials</a> solution integrates TacitRed's compromised credential and identity threat intelligence into Microsoft Sentinel using the Codeless Connector Framework (CCF). The solution deploys a REST API poller connector, a custom log table (TacitRed_Findings_CL), analytics rule, and visualization workbook to help security teams detect and investigate credential compromise.</p>\n<p><strong>Data Connectors:</strong> 1, <strong>Workbooks:</strong> 1, <strong>Analytic Rules:</strong> 1</p>\n<p><a href=\"https://aka.ms/azuresentinel\">Learn more about Microsoft Sentinel</a> | <a href=\"https://aka.ms/azuresentinelsolutionsdoc\">Learn more about Solutions</a></p>\n",
        "contentKind": "Solution",
        "contentProductId": "[variables('_solutioncontentProductId')]",
        "id": "[variables('_solutioncontentProductId')]",
        "icon": "<img src=\"https://raw.githubusercontent.com/Azure/Azure-Sentinel/master/Logos/Azure_Sentinel.svg\"width=\"75px\"height=\"75px\">",
        "contentId": "[variables('_solutionId')]",
        "parentId": "[variables('_solutionId')]",
        "source": {
          "kind": "Solution",
          "name": "Tacitred-CCF-Hub-v2ThreatIntelligence",
          "sourceId": "[variables('_solutionId')]"
        },
        "author": {
          "name": "TacitRed",
          "email": "[variables('_email')]"
        },
        "support": {
          "name": "TacitRed",
          "email": "support@tacitred.com",
          "tier": "Partner",
          "link": "https://www.tacitred.com/support"
        },
        "dependencies": {
          "operator": "AND",
          "criteria": [
            {
              "kind": "DataConnector",
              "contentId": "[variables('_dataConnectorContentIdConnections1')]",
              "version": "[variables('dataConnectorCCPVersion')]"
            },
            {
              "kind": "AnalyticsRule",
              "contentId": "[variables('analyticRuleObject1')._analyticRulecontentId1]",
              "version": "[variables('analyticRuleObject1').analyticRuleVersion1]"
            },
            {
              "kind": "Workbook",
              "contentId": "[variables('_workbookContentId1')]",
              "version": "[variables('workbookVersion1')]"
            }
          ]
        },
        "firstPublishDate": "2025-01-01",
        "providers": [
          "TacitRed"
        ],
        "categories": {
          "domains": [
            "Security - Threat Intelligence"
          ]
        }
      },
      "name": "[concat(parameters('workspace'),'/Microsoft.SecurityInsights/', variables('_solutionId'))]"
    }
  ],
  "outputs": {}
}
