{
  "$schema": "https://schema.management.azure.com/schemas/2019-04-01/deploymentTemplate.json#",
  "contentVersion": "1.0.0.0",
  "metadata": {
    "author": "Data443 Risk Mitigation, Inc. - support@data443.com",
    "comments": "Solution template for TacitRedThreatIntelligence"
  },
  "parameters": {
    "location": {
      "type": "string",
      "minLength": 1,
      "defaultValue": "[resourceGroup().location]",
      "metadata": {
        "description": "Not used, but needed to pass arm-ttk test `Location-Should-Not-Be-Hardcoded`.  We instead use the `workspace-location` which is derived from the LA workspace"
      }
    },
    "workspace-location": {
      "type": "string",
      "defaultValue": "",
      "metadata": {
        "description": "[concat('Region to deploy solution resources -- separate from location selection',parameters('location'))]"
      }
    },
    "workspace": {
      "defaultValue": "",
      "type": "string",
      "metadata": {
        "description": "Workspace name for Log Analytics where Microsoft Sentinel is setup"
      }
    },
    "resourceGroupName": {
      "type": "string",
      "defaultValue": "[resourceGroup().name]",
      "metadata": {
        "description": "resource group name where Microsoft Sentinel is setup"
      }
    },
    "subscription": {
      "type": "string",
      "defaultValue": "[last(split(subscription().id, '/'))]",
      "metadata": {
        "description": "subscription id where Microsoft Sentinel is setup"
      }
    },
    "workbook1-name": {
      "type": "string",
      "defaultValue": "TacitRed SecOps Workbook",
      "minLength": 1,
      "metadata": {
        "description": "Name for the workbook"
      }
    }
  },
  "variables": {
    "email": "support@data443.com",
    "_email": "[variables('email')]",
    "_solutionName": "TacitRedThreatIntelligence",
    "_solutionVersion": "3.0.0",
    "solutionId": "data443.azure-sentinel-solution-tacitred-threat-intelligence",
    "_solutionId": "[variables('solutionId')]",
    "workspaceResourceId": "[resourceId('microsoft.OperationalInsights/Workspaces', parameters('workspace'))]",
    "dataConnectorCCPVersion": "1.0.0",
    "_dataConnectorContentIdConnectorDefinition1": "TacitRedThreatIntel",
    "dataConnectorTemplateNameConnectorDefinition1": "[concat(parameters('workspace'),'-dc-',uniquestring(variables('_dataConnectorContentIdConnectorDefinition1')))]",
    "_dataConnectorContentIdConnections1": "TacitRedThreatIntelConnections",
    "dataConnectorTemplateNameConnections1": "[concat(parameters('workspace'),'-dc-',uniquestring(variables('_dataConnectorContentIdConnections1')))]",
    "dataCollectionEndpointId1": "[concat('/subscriptions/',parameters('subscription'),'/resourceGroups/',parameters('resourceGroupName'),'/providers/Microsoft.Insights/dataCollectionEndpoints/',parameters('workspace'))]",
    "blanks": "[replace('b', 'b', '')]",
    "analyticRuleObject1": {
      "analyticRuleVersion1": "1.0.0",
      "_analyticRulecontentId1": "b2c3d4e5-f6a7-8901-bcde-f23456789012",
      "analyticRuleId1": "[resourceId('Microsoft.SecurityInsights/AlertRuleTemplates', 'b2c3d4e5-f6a7-8901-bcde-f23456789012')]",
      "analyticRuleTemplateSpecName1": "[concat(parameters('workspace'),'/Microsoft.SecurityInsights/',concat(parameters('workspace'),'-ar-',uniquestring('b2c3d4e5-f6a7-8901-bcde-f23456789012')))]",
      "_analyticRulecontentProductId1": "[concat(take(variables('_solutionId'),50),'-','ar','-', uniqueString(concat(variables('_solutionId'),'-','AnalyticsRule','-','b2c3d4e5-f6a7-8901-bcde-f23456789012','-', '1.0.0')))]"
    },
    "analyticRuleObject2": {
      "analyticRuleVersion2": "1.0.0",
      "_analyticRulecontentId2": "a1b2c3d4-e5f6-7890-abcd-ef1234567890",
      "analyticRuleId2": "[resourceId('Microsoft.SecurityInsights/AlertRuleTemplates', 'a1b2c3d4-e5f6-7890-abcd-ef1234567890')]",
      "analyticRuleTemplateSpecName2": "[concat(parameters('workspace'),'/Microsoft.SecurityInsights/',concat(parameters('workspace'),'-ar-',uniquestring('a1b2c3d4-e5f6-7890-abcd-ef1234567890')))]",
      "_analyticRulecontentProductId2": "[concat(take(variables('_solutionId'),50),'-','ar','-', uniqueString(concat(variables('_solutionId'),'-','AnalyticsRule','-','a1b2c3d4-e5f6-7890-abcd-ef1234567890','-', '1.0.0')))]"
    },
    "workbookVersion1": "1.0.0",
    "workbookContentId1": "TacitRedSecOpsWorkbook",
    "workbookId1": "[resourceId('Microsoft.Insights/workbooks', variables('workbookContentId1'))]",
    "workbookTemplateSpecName1": "[concat(parameters('workspace'),'/Microsoft.SecurityInsights/',concat(parameters('workspace'),'-wb-',uniquestring(variables('_workbookContentId1'))))]",
    "_workbookContentId1": "[variables('workbookContentId1')]",
    "_workbookcontentProductId1": "[concat(take(variables('_solutionId'),50),'-','wb','-', uniqueString(concat(variables('_solutionId'),'-','Workbook','-',variables('_workbookContentId1'),'-', variables('workbookVersion1'))))]",
    "_solutioncontentProductId": "[concat(take(variables('_solutionId'),50),'-','sl','-', uniqueString(concat(variables('_solutionId'),'-','Solution','-',variables('_solutionId'),'-', variables('_solutionVersion'))))]"
  },
  "resources": [
    {
      "type": "Microsoft.OperationalInsights/workspaces/providers/contentTemplates",
      "apiVersion": "2025-09-01",
      "name": "[concat(parameters('workspace'),'/Microsoft.SecurityInsights/', variables('dataConnectorTemplateNameConnectorDefinition1'), variables('dataConnectorCCPVersion'))]",
      "location": "[parameters('workspace-location')]",
      "dependsOn": [
        "[extensionResourceId(resourceId('Microsoft.OperationalInsights/workspaces', parameters('workspace')), 'Microsoft.SecurityInsights/contentPackages', variables('_solutionId'))]"
      ],
      "properties": {
        "contentId": "[variables('_dataConnectorContentIdConnectorDefinition1')]",
        "displayName": "TacitRed Compromised Credentials",
        "contentKind": "DataConnector",
        "mainTemplate": {
          "$schema": "https://schema.management.azure.com/schemas/2019-04-01/deploymentTemplate.json#",
          "contentVersion": "[variables('dataConnectorCCPVersion')]",
          "parameters": {},
          "variables": {},
          "resources": [
            {
              "name": "[concat(parameters('workspace'),'/Microsoft.SecurityInsights/',variables('_dataConnectorContentIdConnectorDefinition1'))]",
              "apiVersion": "2025-09-01",
              "type": "Microsoft.OperationalInsights/workspaces/providers/dataConnectorDefinitions",
              "location": "[parameters('workspace-location')]",
              "kind": "Customizable",
              "properties": {
                "connectorUiConfig": {
                  "id": "TacitRedThreatIntel",
                  "connectorId": "TacitRedThreatIntel",
                  "title": "TacitRed Compromised Credentials",
                  "publisher": "TacitRed",
                  "descriptionMarkdown": "Ingest compromised credential findings from TacitRed using the Common Connector Framework (CCF).",
                  "graphQueriesTableName": "TacitRed_Findings_CL",
                  "graphQueries": [
                    {
                      "metricName": "Total TacitRed findings received",
                      "legend": "TacitRed Findings",
                      "baseQuery": "TacitRed_Findings_CL"
                    }
                  ],
                  "sampleQueries": [
                    {
                      "description": "Recent compromised credentials",
                      "query": "TacitRed_Findings_CL | where TimeGenerated >= ago(7d) | project TimeGenerated, email_s, domain_s, confidence_d, source_s"
                    }
                  ],
                  "dataTypes": [
                    {
                      "name": "TacitRed_Findings_CL",
                      "lastDataReceivedQuery": "TacitRed_Findings_CL | summarize Time = max(TimeGenerated) | where isnotempty(Time)"
                    }
                  ],
                  "connectivityCriteria": [
                    {
                      "type": "HasDataConnectors"
                    }
                  ],
                  "availability": {
                    "status": "Available",
                    "isPreview": false
                  },
                  "permissions": {
                    "resourceProvider": [
                      {
                        "provider": "Microsoft.OperationalInsights/workspaces",
                        "permissionsDisplayText": "Read and write permissions required",
                        "providerDisplayName": "Workspace",
                        "scope": "Workspace",
                        "requiredPermissions": {
                          "write": true,
                          "read": true,
                          "delete": false
                        }
                      }
                    ],
                    "customs": [
                      {
                        "name": "TacitRed API Key",
                        "description": "API key stored in Azure Key Vault or provided at deployment time."
                      }
                    ]
                  },
                  "instructionSteps": [
                    {
                      "title": "Connect TacitRed Compromised Credentials",
                      "description": "To enable the TacitRed connector, provide your API key below and click Connect.\n\n>For enhanced security, you can enable Key Vault integration to store and retrieve the API key.",
                      "instructions": [
                        {
                          "type": "Textbox",
                          "parameters": {
                            "label": "TacitRed API Key",
                            "placeholder": "Enter your TacitRed API key",
                            "type": "password",
                            "name": "tacitRedApiKey"
                          }
                        },
                        {
                          "type": "ConnectionToggleButton",
                          "parameters": {
                            "connectLabel": "Connect",
                            "name": "connect"
                          }
                        }
                      ]
                    }
                  ]
                }
              }
            },
            {
              "name": "[concat(parameters('workspace'),'/Microsoft.SecurityInsights/',concat('DataConnector-', variables('_dataConnectorContentIdConnectorDefinition1')))]",
              "apiVersion": "2025-09-01",
              "type": "Microsoft.OperationalInsights/workspaces/providers/metadata",
              "properties": {
                "parentId": "[extensionResourceId(resourceId('Microsoft.OperationalInsights/workspaces', parameters('workspace')), 'Microsoft.SecurityInsights/dataConnectorDefinitions', variables('_dataConnectorContentIdConnectorDefinition1'))]",
                "contentId": "[variables('_dataConnectorContentIdConnectorDefinition1')]",
                "kind": "DataConnector",
                "version": "[variables('dataConnectorCCPVersion')]",
                "source": {
                  "sourceId": "[variables('_solutionId')]",
                  "name": "[variables('_solutionName')]",
                  "kind": "Solution"
                },
                "author": {
                  "name": "Data443 Risk Mitigation, Inc.",
                  "email": "[variables('_email')]"
                },
                "support": {
                  "name": "Data443 Risk Mitigation, Inc.",
                  "email": "support@data443.com",
                  "tier": "Partner",
                  "link": "https://www.data443.com"
                },
                "dependencies": {
                  "criteria": [
                    {
                      "version": "[variables('dataConnectorCCPVersion')]",
                      "contentId": "[variables('_dataConnectorContentIdConnections1')]",
                      "kind": "ResourcesDataConnector"
                    }
                  ]
                }
              }
            },
            {
              "name": "dcr-tacitred-findings",
              "apiVersion": "2024-03-11",
              "type": "Microsoft.Insights/dataCollectionRules",
              "location": "[parameters('workspace-location')]",
              "kind": "[variables('blanks')]",
              "properties": {
                "dataCollectionEndpointId": "[variables('dataCollectionEndpointId1')]",
                "streamDeclarations": {
                  "Custom-TacitRed_Findings_Raw": {
                    "columns": [
                      {
                        "name": "finding",
                        "type": "dynamic"
                      },
                      {
                        "name": "severity",
                        "type": "string"
                      }
                    ]
                  },
                  "Custom-TacitRed_Findings_CL": {
                    "columns": [
                      {
                        "name": "TimeGenerated",
                        "type": "datetime"
                      },
                      {
                        "name": "email_s",
                        "type": "string"
                      },
                      {
                        "name": "domain_s",
                        "type": "string"
                      },
                      {
                        "name": "findingType_s",
                        "type": "string"
                      },
                      {
                        "name": "confidence_d",
                        "type": "int"
                      },
                      {
                        "name": "firstSeen_t",
                        "type": "datetime"
                      },
                      {
                        "name": "lastSeen_t",
                        "type": "datetime"
                      },
                      {
                        "name": "notes_s",
                        "type": "string"
                      },
                      {
                        "name": "source_s",
                        "type": "string"
                      },
                      {
                        "name": "severity_s",
                        "type": "string"
                      },
                      {
                        "name": "status_s",
                        "type": "string"
                      },
                      {
                        "name": "campaign_id_s",
                        "type": "string"
                      },
                      {
                        "name": "user_id_s",
                        "type": "string"
                      },
                      {
                        "name": "username_s",
                        "type": "string"
                      },
                      {
                        "name": "detection_ts_t",
                        "type": "datetime"
                      },
                      {
                        "name": "metadata_s",
                        "type": "string"
                      }
                    ]
                  }
                },
                "destinations": {
                  "logAnalytics": [
                    {
                      "workspaceResourceId": "[variables('workspaceResourceId')]",
                      "name": "clv2ws1"
                    }
                  ]
                },
                "dataFlows": [
                  {
                    "streams": [
                      "Custom-TacitRed_Findings_Raw"
                    ],
                    "destinations": [
                      "clv2ws1"
                    ],
                    "transformKql": "source | extend p = parse_json(finding) | extend s = p.supporting_data | extend TimeGenerated = datetime(null) | project TimeGenerated, email_s=tostring(s.credential), domain_s=tostring(s.domain), findingType_s='credential', confidence_d=int(75), firstSeen_t=TimeGenerated, lastSeen_t=TimeGenerated, notes_s='test', source_s='test', severity_s=tostring(severity), status_s='test', campaign_id_s='test', user_id_s='test', username_s='test', detection_ts_t=TimeGenerated, metadata_s=tostring(finding)",
                    "outputStream": "Custom-TacitRed_Findings_CL"
                  }
                ]
              }
            },
            {
              "name": "TacitRed_Findings_CL",
              "apiVersion": "2025-07-01",
              "type": "Microsoft.OperationalInsights/workspaces/tables",
              "location": "[parameters('workspace-location')]",
              "kind": "CustomLog",
              "properties": {
                "schema": {
                  "name": "TacitRed_Findings_CL",
                  "columns": [
                    {
                      "name": "TimeGenerated",
                      "type": "datetime"
                    },
                    {
                      "name": "email_s",
                      "type": "string"
                    },
                    {
                      "name": "domain_s",
                      "type": "string"
                    },
                    {
                      "name": "findingType_s",
                      "type": "string"
                    },
                    {
                      "name": "confidence_d",
                      "type": "int"
                    },
                    {
                      "name": "firstSeen_t",
                      "type": "datetime"
                    },
                    {
                      "name": "lastSeen_t",
                      "type": "datetime"
                    },
                    {
                      "name": "notes_s",
                      "type": "string"
                    },
                    {
                      "name": "source_s",
                      "type": "string"
                    },
                    {
                      "name": "severity_s",
                      "type": "string"
                    },
                    {
                      "name": "status_s",
                      "type": "string"
                    },
                    {
                      "name": "campaign_id_s",
                      "type": "string"
                    },
                    {
                      "name": "user_id_s",
                      "type": "string"
                    },
                    {
                      "name": "username_s",
                      "type": "string"
                    },
                    {
                      "name": "detection_ts_t",
                      "type": "datetime"
                    },
                    {
                      "name": "metadata_s",
                      "type": "string"
                    }
                  ]
                }
              }
            }
          ]
        },
        "packageKind": "Solution",
        "packageVersion": "[variables('_solutionVersion')]",
        "packageName": "[variables('_solutionName')]",
        "contentProductId": "[concat(take(variables('_solutionId'), 50),'-','dc','-', uniqueString(concat(variables('_solutionId'),'-','DataConnector','-',variables('_dataConnectorContentIdConnectorDefinition1'),'-', variables('dataConnectorCCPVersion'))))]",
        "packageId": "[variables('_solutionId')]",
        "contentSchemaVersion": "3.0.0",
        "version": "[variables('dataConnectorCCPVersion')]"
      }
    },
    {
      "name": "[concat(parameters('workspace'),'/Microsoft.SecurityInsights/',variables('_dataConnectorContentIdConnectorDefinition1'))]",
      "apiVersion": "2025-09-01",
      "type": "Microsoft.OperationalInsights/workspaces/providers/dataConnectorDefinitions",
      "location": "[parameters('workspace-location')]",
      "kind": "Customizable",
      "properties": {
        "connectorUiConfig": {
          "id": "TacitRedThreatIntel",
          "connectorId": "TacitRedThreatIntel",
          "title": "TacitRed Compromised Credentials",
          "publisher": "TacitRed",
          "descriptionMarkdown": "Ingest compromised credential findings from TacitRed using the Common Connector Framework (CCF).",
          "graphQueriesTableName": "TacitRed_Findings_CL",
          "graphQueries": [
            {
              "metricName": "Total TacitRed findings received",
              "legend": "TacitRed Findings",
              "baseQuery": "TacitRed_Findings_CL"
            }
          ],
          "sampleQueries": [
            {
              "description": "Recent compromised credentials",
              "query": "TacitRed_Findings_CL | where TimeGenerated >= ago(7d) | project TimeGenerated, email_s, domain_s, confidence_d, source_s"
            }
          ],
          "dataTypes": [
            {
              "name": "TacitRed_Findings_CL",
              "lastDataReceivedQuery": "TacitRed_Findings_CL | summarize Time = max(TimeGenerated) | where isnotempty(Time)"
            }
          ],
          "connectivityCriteria": [
            {
              "type": "HasDataConnectors"
            }
          ],
          "availability": {
            "status": "Available",
            "isPreview": false
          },
          "permissions": {
            "resourceProvider": [
              {
                "provider": "Microsoft.OperationalInsights/workspaces",
                "permissionsDisplayText": "Read and write permissions required",
                "providerDisplayName": "Workspace",
                "scope": "Workspace",
                "requiredPermissions": {
                  "write": true,
                  "read": true,
                  "delete": false
                }
              }
            ],
            "customs": [
              {
                "name": "TacitRed API Key",
                "description": "API key stored in Azure Key Vault or provided at deployment time."
              }
            ]
          },
          "instructionSteps": [
            {
              "title": "Connect TacitRed Compromised Credentials",
              "description": "To enable the TacitRed connector, provide your API key below and click Connect.\n\n>For enhanced security, you can enable Key Vault integration to store and retrieve the API key.",
              "instructions": [
                {
                  "type": "Textbox",
                  "parameters": {
                    "label": "TacitRed API Key",
                    "placeholder": "Enter your TacitRed API key",
                    "type": "password",
                    "name": "tacitRedApiKey"
                  }
                },
                {
                  "type": "ConnectionToggleButton",
                  "parameters": {
                    "connectLabel": "Connect",
                    "name": "connect"
                  }
                }
              ]
            }
          ]
        }
      }
    },
    {
      "name": "[concat(parameters('workspace'),'/Microsoft.SecurityInsights/',concat('DataConnector-', variables('_dataConnectorContentIdConnectorDefinition1')))]",
      "apiVersion": "2025-09-01",
      "type": "Microsoft.OperationalInsights/workspaces/providers/metadata",
      "properties": {
        "parentId": "[extensionResourceId(resourceId('Microsoft.OperationalInsights/workspaces', parameters('workspace')), 'Microsoft.SecurityInsights/dataConnectorDefinitions', variables('_dataConnectorContentIdConnectorDefinition1'))]",
        "contentId": "[variables('_dataConnectorContentIdConnectorDefinition1')]",
        "kind": "DataConnector",
        "version": "[variables('dataConnectorCCPVersion')]",
        "source": {
          "sourceId": "[variables('_solutionId')]",
          "name": "[variables('_solutionName')]",
          "kind": "Solution"
        },
        "author": {
          "name": "Data443 Risk Mitigation, Inc.",
          "email": "[variables('_email')]"
        },
        "support": {
          "name": "Data443 Risk Mitigation, Inc.",
          "email": "support@data443.com",
          "tier": "Partner",
          "link": "https://www.data443.com"
        },
        "dependencies": {
          "criteria": [
            {
              "version": "[variables('dataConnectorCCPVersion')]",
              "contentId": "[variables('_dataConnectorContentIdConnections1')]",
              "kind": "ResourcesDataConnector"
            }
          ]
        }
      }
    },
    {
      "type": "Microsoft.OperationalInsights/workspaces/providers/contentTemplates",
      "apiVersion": "2025-09-01",
      "name": "[concat(parameters('workspace'),'/Microsoft.SecurityInsights/', variables('dataConnectorTemplateNameConnections1'), variables('dataConnectorCCPVersion'))]",
      "location": "[parameters('workspace-location')]",
      "dependsOn": [
        "[extensionResourceId(resourceId('Microsoft.OperationalInsights/workspaces', parameters('workspace')), 'Microsoft.SecurityInsights/contentPackages', variables('_solutionId'))]"
      ],
      "properties": {
        "contentId": "[variables('_dataConnectorContentIdConnections1')]",
        "displayName": "TacitRed Compromised Credentials",
        "contentKind": "ResourcesDataConnector",
        "mainTemplate": {
          "$schema": "https://schema.management.azure.com/schemas/2019-04-01/deploymentTemplate.json#",
          "contentVersion": "[variables('dataConnectorCCPVersion')]",
          "parameters": {
            "guidValue": {
              "defaultValue": "[[newGuid()]",
              "type": "securestring"
            },
            "innerWorkspace": {
              "defaultValue": "[parameters('workspace')]",
              "type": "securestring"
            },
            "connectorDefinitionName": {
              "defaultValue": "TacitRed Compromised Credentials",
              "type": "securestring",
              "minLength": 1
            },
            "workspace": {
              "defaultValue": "[parameters('workspace')]",
              "type": "securestring"
            },
            "dcrConfig": {
              "defaultValue": {
                "dataCollectionEndpoint": "data collection Endpoint",
                "dataCollectionRuleImmutableId": "data collection rule immutableId"
              },
              "type": "object"
            },
            "tacitRedApiKey": {
              "defaultValue": "tacitRedApiKey",
              "type": "securestring",
              "minLength": 1
            }
          },
          "variables": {
            "_dataConnectorContentIdConnections1": "[variables('_dataConnectorContentIdConnections1')]"
          },
          "resources": [
            {
              "name": "[concat(parameters('workspace'),'/Microsoft.SecurityInsights/',concat('DataConnector-', variables('_dataConnectorContentIdConnections1')))]",
              "apiVersion": "2025-09-01",
              "type": "Microsoft.OperationalInsights/workspaces/providers/metadata",
              "properties": {
                "parentId": "[extensionResourceId(resourceId('Microsoft.OperationalInsights/workspaces', parameters('workspace')), 'Microsoft.SecurityInsights/dataConnectors', variables('_dataConnectorContentIdConnections1'))]",
                "contentId": "[variables('_dataConnectorContentIdConnections1')]",
                "kind": "ResourcesDataConnector",
                "version": "[variables('dataConnectorCCPVersion')]",
                "source": {
                  "sourceId": "[variables('_solutionId')]",
                  "name": "[variables('_solutionName')]",
                  "kind": "Solution"
                },
                "author": {
                  "name": "Data443 Risk Mitigation, Inc.",
                  "email": "[variables('_email')]"
                },
                "support": {
                  "name": "Data443 Risk Mitigation, Inc.",
                  "email": "support@data443.com",
                  "tier": "Partner",
                  "link": "https://www.data443.com"
                }
              }
            },
            {
              "name": "[[concat(parameters('innerWorkspace'),'/Microsoft.SecurityInsights/', 'TacitRedFindings', parameters('guidValue'))]",
              "apiVersion": "2025-09-01",
              "type": "Microsoft.OperationalInsights/workspaces/providers/dataConnectors",
              "location": "[parameters('workspace-location')]",
              "kind": "RestApiPoller",
              "properties": {
                "connectorDefinitionName": "TacitRedThreatIntel",
                "dataType": "TacitRed_Findings_CL",
                "dcrConfig": {
                  "streamName": "Custom-TacitRed_Findings_Raw",
                  "dataCollectionEndpoint": "[[parameters('dcrConfig').dataCollectionEndpoint]",
                  "dataCollectionRuleImmutableId": "[[parameters('dcrConfig').dataCollectionRuleImmutableId]"
                },
                "auth": {
                  "type": "APIKey",
                  "ApiKeyName": "Authorization",
                  "ApiKey": "[[parameters('tacitRedApiKey')]"
                },
                "request": {
                  "apiEndpoint": "https://app.tacitred.com/api/v1/findings",
                  "httpMethod": "GET",
                  "queryParameters": {
                    "page_size": 100
                  },
                  "queryWindowInMin": 10080,
                  "queryTimeFormat": "yyyy-MM-ddTHH:mm:ssZ",
                  "startTimeAttributeName": "from",
                  "endTimeAttributeName": "until",
                  "rateLimitQps": 10,
                  "retryCount": 3,
                  "timeoutInSeconds": 60,
                  "headers": {
                    "Accept": "application/json",
                    "User-Agent": "Microsoft-Sentinel-TacitRed/1.0"
                  }
                },
                "paging": {
                  "pagingType": "LinkHeader",
                  "linkHeaderTokenJsonPath": "$.next"
                },
                "response": {
                  "eventsJsonPaths": [
                    "$.results"
                  ],
                  "format": "json"
                },
                "shouldJoinNestedData": true
              }
            }
          ]
        },
        "packageKind": "Solution",
        "packageVersion": "[variables('_solutionVersion')]",
        "packageName": "[variables('_solutionName')]",
        "contentProductId": "[concat(take(variables('_solutionId'), 50),'-','rdc','-', uniqueString(concat(variables('_solutionId'),'-','ResourcesDataConnector','-',variables('_dataConnectorContentIdConnections1'),'-', variables('dataConnectorCCPVersion'))))]",
        "packageId": "[variables('_solutionId')]",
        "contentSchemaVersion": "3.0.0",
        "version": "[variables('dataConnectorCCPVersion')]"
      }
    },
    {
      "type": "Microsoft.OperationalInsights/workspaces/providers/contentTemplates",
      "apiVersion": "2025-09-01",
      "name": "[variables('analyticRuleObject1').analyticRuleTemplateSpecName1]",
      "location": "[parameters('workspace-location')]",
      "dependsOn": [
        "[extensionResourceId(resourceId('Microsoft.OperationalInsights/workspaces', parameters('workspace')), 'Microsoft.SecurityInsights/contentPackages', variables('_solutionId'))]"
      ],
      "properties": {
        "description": "TacitRed - High Confidence Compromise_AnalyticalRules Analytics Rule with template version 3.0.0",
        "mainTemplate": {
          "$schema": "https://schema.management.azure.com/schemas/2019-04-01/deploymentTemplate.json#",
          "contentVersion": "[variables('analyticRuleObject1').analyticRuleVersion1]",
          "parameters": {},
          "variables": {},
          "resources": [
            {
              "type": "Microsoft.SecurityInsights/AlertRuleTemplates",
              "name": "[variables('analyticRuleObject1')._analyticRulecontentId1]",
              "apiVersion": "2025-09-01",
              "kind": "Scheduled",
              "location": "[parameters('workspace-location')]",
              "properties": {
                "description": "Detects compromised credentials with high confidence scores.\nHigh confidence findings indicate verified credential compromises that require immediate attention.\n\nRef: https://data443.com/tacitred-attack-surface-intelligence/",
                "displayName": "TacitRed - High Confidence Compromise",
                "enabled": false,
                "query": "TacitRed_Findings_CL\n| where TimeGenerated >= ago(1h)\n| where confidence_d >= 80\n| extend\n    Email = tostring(email_s),\n    Username = tostring(username_s),\n    Domain = tostring(domain_s),\n    FindingType = tostring(findingType_s),\n    Confidence = todouble(confidence_d),\n    Source = tostring(source_s),\n    Severity = tostring(severity_s)\n| project\n    TimeGenerated,\n    Email,\n    Username,\n    Domain,\n    FindingType,\n    Confidence,\n    Source,\n    Severity",
                "queryFrequency": "PT1H",
                "queryPeriod": "PT1H",
                "severity": "High",
                "suppressionDuration": "PT1H",
                "suppressionEnabled": false,
                "triggerOperator": "GreaterThan",
                "triggerThreshold": 0,
                "status": "Available",
                "requiredDataConnectors": [
                  {
                    "connectorId": "TacitRedThreatIntel",
                    "dataTypes": [
                      "TacitRed_Findings_CL"
                    ]
                  }
                ],
                "tactics": [
                  "CredentialAccess",
                  "InitialAccess",
                  "Reconnaissance"
                ],
                "techniques": [
                  "T1078",
                  "T1589"
                ],
                "entityMappings": [
                  {
                    "fieldMappings": [
                      {
                        "identifier": "Name",
                        "columnName": "Username"
                      },
                      {
                        "identifier": "UPNSuffix",
                        "columnName": "Email"
                      }
                    ],
                    "entityType": "Account"
                  },
                  {
                    "fieldMappings": [
                      {
                        "identifier": "DomainName",
                        "columnName": "Domain"
                      }
                    ],
                    "entityType": "DNS"
                  }
                ],
                "eventGroupingSettings": {
                  "aggregationKind": "AlertPerResult"
                },
                "incidentConfiguration": {
                  "createIncident": true,
                  "groupingConfiguration": {
                    "matchingMethod": "Selected",
                    "groupByEntities": [
                      "Account"
                    ],
                    "lookbackDuration": "5h",
                    "enabled": true,
                    "reopenClosedIncident": false
                  }
                }
              }
            },
            {
              "type": "Microsoft.OperationalInsights/workspaces/providers/metadata",
              "apiVersion": "2025-09-01",
              "name": "[concat(parameters('workspace'),'/Microsoft.SecurityInsights/',concat('AnalyticsRule-', last(split(variables('analyticRuleObject1').analyticRuleId1,'/'))))]",
              "properties": {
                "description": "TacitRedThreatIntelligence Analytics Rule 1",
                "parentId": "[variables('analyticRuleObject1').analyticRuleId1]",
                "contentId": "[variables('analyticRuleObject1')._analyticRulecontentId1]",
                "kind": "AnalyticsRule",
                "version": "[variables('analyticRuleObject1').analyticRuleVersion1]",
                "source": {
                  "kind": "Solution",
                  "name": "TacitRedThreatIntelligence",
                  "sourceId": "[variables('_solutionId')]"
                },
                "author": {
                  "name": "Data443 Risk Mitigation, Inc.",
                  "email": "[variables('_email')]"
                },
                "support": {
                  "name": "Data443 Risk Mitigation, Inc.",
                  "email": "support@data443.com",
                  "tier": "Partner",
                  "link": "https://www.data443.com"
                }
              }
            }
          ]
        },
        "packageKind": "Solution",
        "packageVersion": "[variables('_solutionVersion')]",
        "packageName": "[variables('_solutionName')]",
        "packageId": "[variables('_solutionId')]",
        "contentSchemaVersion": "3.0.0",
        "contentId": "[variables('analyticRuleObject1')._analyticRulecontentId1]",
        "contentKind": "AnalyticsRule",
        "displayName": "TacitRed - High Confidence Compromise",
        "contentProductId": "[variables('analyticRuleObject1')._analyticRulecontentProductId1]",
        "id": "[variables('analyticRuleObject1')._analyticRulecontentProductId1]",
        "version": "[variables('analyticRuleObject1').analyticRuleVersion1]"
      }
    },
    {
      "type": "Microsoft.OperationalInsights/workspaces/providers/contentTemplates",
      "apiVersion": "2025-09-01",
      "name": "[variables('analyticRuleObject2').analyticRuleTemplateSpecName2]",
      "location": "[parameters('workspace-location')]",
      "dependsOn": [
        "[extensionResourceId(resourceId('Microsoft.OperationalInsights/workspaces', parameters('workspace')), 'Microsoft.SecurityInsights/contentPackages', variables('_solutionId'))]"
      ],
      "properties": {
        "description": "TacitRed - Repeat Compromise Detection_AnalyticalRules Analytics Rule with template version 3.0.0",
        "mainTemplate": {
          "$schema": "https://schema.management.azure.com/schemas/2019-04-01/deploymentTemplate.json#",
          "contentVersion": "[variables('analyticRuleObject2').analyticRuleVersion2]",
          "parameters": {},
          "variables": {},
          "resources": [
            {
              "type": "Microsoft.SecurityInsights/AlertRuleTemplates",
              "name": "[variables('analyticRuleObject2')._analyticRulecontentId2]",
              "apiVersion": "2025-09-01",
              "kind": "Scheduled",
              "location": "[parameters('workspace-location')]",
              "properties": {
                "description": "Detects users who have been compromised multiple times within a 7-day window.\nThis may indicate a persistent threat or inadequate remediation.\n\nRef: https://data443.com/tacitred-attack-surface-intelligence/",
                "displayName": "TacitRed - Repeat Compromise Detection",
                "enabled": false,
                "query": "let lookback = 7d;\nTacitRed_Findings_CL\n| where TimeGenerated >= ago(lookback)\n| summarize\n    CompromiseCount = count(),\n    FirstSeen = min(TimeGenerated),\n    LastSeen = max(TimeGenerated),\n    Sources = make_set(source_s),\n    AvgConfidence = avg(confidence_d)\n  by email_s, domain_s\n| where CompromiseCount > 1\n| extend\n    Email = tostring(email_s),\n    Domain = tostring(domain_s)\n| project\n    Email,\n    Domain,\n    CompromiseCount,\n    FirstSeen,\n    LastSeen,\n    Sources,\n    AvgConfidence",
                "queryFrequency": "PT1H",
                "queryPeriod": "P7D",
                "severity": "High",
                "suppressionDuration": "PT1H",
                "suppressionEnabled": false,
                "triggerOperator": "GreaterThan",
                "triggerThreshold": 0,
                "status": "Available",
                "requiredDataConnectors": [
                  {
                    "connectorId": "TacitRedThreatIntel",
                    "dataTypes": [
                      "TacitRed_Findings_CL"
                    ]
                  }
                ],
                "tactics": [
                  "CredentialAccess",
                  "Persistence"
                ],
                "techniques": [
                  "T1078"
                ],
                "entityMappings": [
                  {
                    "fieldMappings": [
                      {
                        "identifier": "Name",
                        "columnName": "Email"
                      }
                    ],
                    "entityType": "Account"
                  },
                  {
                    "fieldMappings": [
                      {
                        "identifier": "DomainName",
                        "columnName": "Domain"
                      }
                    ],
                    "entityType": "DNS"
                  }
                ],
                "eventGroupingSettings": {
                  "aggregationKind": "AlertPerResult"
                },
                "incidentConfiguration": {
                  "createIncident": true,
                  "groupingConfiguration": {
                    "matchingMethod": "Selected",
                    "groupByEntities": [
                      "Account"
                    ],
                    "lookbackDuration": "5h",
                    "enabled": true,
                    "reopenClosedIncident": false
                  }
                }
              }
            },
            {
              "type": "Microsoft.OperationalInsights/workspaces/providers/metadata",
              "apiVersion": "2025-09-01",
              "name": "[concat(parameters('workspace'),'/Microsoft.SecurityInsights/',concat('AnalyticsRule-', last(split(variables('analyticRuleObject2').analyticRuleId2,'/'))))]",
              "properties": {
                "description": "TacitRedThreatIntelligence Analytics Rule 2",
                "parentId": "[variables('analyticRuleObject2').analyticRuleId2]",
                "contentId": "[variables('analyticRuleObject2')._analyticRulecontentId2]",
                "kind": "AnalyticsRule",
                "version": "[variables('analyticRuleObject2').analyticRuleVersion2]",
                "source": {
                  "kind": "Solution",
                  "name": "TacitRedThreatIntelligence",
                  "sourceId": "[variables('_solutionId')]"
                },
                "author": {
                  "name": "Data443 Risk Mitigation, Inc.",
                  "email": "[variables('_email')]"
                },
                "support": {
                  "name": "Data443 Risk Mitigation, Inc.",
                  "email": "support@data443.com",
                  "tier": "Partner",
                  "link": "https://www.data443.com"
                }
              }
            }
          ]
        },
        "packageKind": "Solution",
        "packageVersion": "[variables('_solutionVersion')]",
        "packageName": "[variables('_solutionName')]",
        "packageId": "[variables('_solutionId')]",
        "contentSchemaVersion": "3.0.0",
        "contentId": "[variables('analyticRuleObject2')._analyticRulecontentId2]",
        "contentKind": "AnalyticsRule",
        "displayName": "TacitRed - Repeat Compromise Detection",
        "contentProductId": "[variables('analyticRuleObject2')._analyticRulecontentProductId2]",
        "id": "[variables('analyticRuleObject2')._analyticRulecontentProductId2]",
        "version": "[variables('analyticRuleObject2').analyticRuleVersion2]"
      }
    },
    {
      "type": "Microsoft.OperationalInsights/workspaces/providers/contentTemplates",
      "apiVersion": "2025-09-01",
      "name": "[variables('workbookTemplateSpecName1')]",
      "location": "[parameters('workspace-location')]",
      "dependsOn": [
        "[extensionResourceId(resourceId('Microsoft.OperationalInsights/workspaces', parameters('workspace')), 'Microsoft.SecurityInsights/contentPackages', variables('_solutionId'))]"
      ],
      "properties": {
        "description": "TacitRedSecOpsWorkbook Workbook with template version 3.0.0",
        "mainTemplate": {
          "$schema": "https://schema.management.azure.com/schemas/2019-04-01/deploymentTemplate.json#",
          "contentVersion": "[variables('workbookVersion1')]",
          "parameters": {},
          "variables": {},
          "resources": [
            {
              "type": "Microsoft.Insights/workbooks",
              "name": "[variables('workbookContentId1')]",
              "location": "[parameters('workspace-location')]",
              "kind": "shared",
              "apiVersion": "2021-08-01",
              "metadata": {
                "description": "Comprehensive visualization of TacitRed compromised credential findings, including high-confidence compromises, domain-level threat analysis, and trending patterns for SecOps teams."
              },
              "properties": {
                "displayName": "[parameters('workbook1-name')]",
                "serializedData": "{\"version\":\"Notebook/1.0\",\"items\":[{\"type\":1,\"content\":{\"json\":\"# TacitRed SecOps - Compromised Credentials\\\\n\\\\n**Purpose:** Triage and monitor compromised accounts detected by TacitRed.\\\\n\\\\nUse this workbook to validate data quality, understand volume and confidence of findings, and support SecOps investigations.\"},\"name\":\"header\"},{\"type\":9,\"content\":{\"version\":\"KqlParameterItem/1.0\",\"parameters\":[{\"id\":\"time-range\",\"version\":\"KqlParameterItem/1.0\",\"name\":\"TimeRange\",\"type\":4,\"isRequired\":true,\"value\":{\"durationMs\":604800000},\"typeSettings\":{\"selectableValues\":[{\"durationMs\":86400000,\"label\":\"24 hours\"},{\"durationMs\":604800000,\"label\":\"7 days\"},{\"durationMs\":2592000000,\"label\":\"30 days\"}],\"allowCustom\":true},\"label\":\"Time Range\"}],\"style\":\"pills\",\"queryType\":0,\"resourceType\":\"microsoft.operationalinsights/workspaces\"},\"name\":\"parameters\"},{\"type\":3,\"content\":{\"version\":\"KqlItem/1.0\",\"query\":\"TacitRed_Findings_CL | where TimeGenerated >= ago(7d) | summarize Total = count(), HasEmail = countif(isnotempty(email_s)), HasDomain = countif(isnotempty(domain_s)), HasConfidence = countif(isnotnull(confidence_d)), HasStatus = countif(isnotempty(status_s)) | extend EmailPct = round(HasEmail * 100.0 / Total, 2), DomainPct = round(HasDomain * 100.0 / Total, 2), ConfidencePct = round(HasConfidence * 100.0 / Total, 2), StatusPct = round(HasStatus * 100.0 / Total, 2)\",\"size\":0,\"title\":\"Data Quality - TacitRed Findings\",\"queryType\":0,\"resourceType\":\"microsoft.operationalinsights/workspaces\",\"visualization\":\"table\"},\"name\":\"data-quality\"},{\"type\":3,\"content\":{\"version\":\"KqlItem/1.0\",\"query\":\"TacitRed_Findings_CL | where TimeGenerated {TimeRange} | extend Confidence = toint(confidence_d) | summarize TotalFindings = count(), UniqueEmails = dcount(email_s), UniqueDomains = dcount(domain_s), HighConfidence = countif(Confidence >= 80), MediumConfidence = countif(Confidence >= 60 and Confidence < 80), LowConfidence = countif(Confidence < 60)\",\"size\":0,\"title\":\"Compromised Credentials Overview\",\"queryType\":0,\"resourceType\":\"microsoft.operationalinsights/workspaces\",\"visualization\":\"table\"},\"name\":\"overview\"}]}\n",
                "version": "1.0",
                "sourceId": "[variables('workspaceResourceId')]",
                "category": "sentinel"
              }
            },
            {
              "type": "Microsoft.OperationalInsights/workspaces/providers/metadata",
              "apiVersion": "2025-09-01",
              "name": "[concat(parameters('workspace'),'/Microsoft.SecurityInsights/',concat('Workbook-', last(split(variables('workbookId1'),'/'))))]",
              "properties": {
                "description": "@{workbookKey=TacitRedSecOpsWorkbook; logoFileName=Azure_Sentinel.svg; description=Comprehensive visualization of TacitRed compromised credential findings, including high-confidence compromises, domain-level threat analysis, and trending patterns for SecOps teams.; dataTypesDependencies=System.Object[]; dataConnectorsDependencies=System.Object[]; previewImagesFileNames=System.Object[]; version=1.0.0; title=TacitRed SecOps Workbook; templateRelativePath=TacitRedSecOpsWorkbook.json; subtitle=; provider=Data443 Risk Mitigation, Inc.}.description",
                "parentId": "[variables('workbookId1')]",
                "contentId": "[variables('_workbookContentId1')]",
                "kind": "Workbook",
                "version": "[variables('workbookVersion1')]",
                "source": {
                  "kind": "Solution",
                  "name": "TacitRedThreatIntelligence",
                  "sourceId": "[variables('_solutionId')]"
                },
                "author": {
                  "name": "Data443 Risk Mitigation, Inc.",
                  "email": "[variables('_email')]"
                },
                "support": {
                  "name": "Data443 Risk Mitigation, Inc.",
                  "email": "support@data443.com",
                  "tier": "Partner",
                  "link": "https://www.data443.com"
                },
                "dependencies": {
                  "operator": "AND",
                  "criteria": [
                    {
                      "contentId": "TacitRed_Findings_CL",
                      "kind": "DataType"
                    },
                    {
                      "contentId": "TacitRedThreatIntel",
                      "kind": "DataConnector"
                    }
                  ]
                }
              },
              "description": "This workbook provides SecOps visibility into TacitRed compromised credential findings, including breach trends, domain analysis, and credential exposure metrics."
            }
          ]
        },
        "packageKind": "Solution",
        "packageVersion": "[variables('_solutionVersion')]",
        "packageName": "[variables('_solutionName')]",
        "packageId": "[variables('_solutionId')]",
        "contentSchemaVersion": "3.0.0",
        "contentId": "[variables('_workbookContentId1')]",
        "contentKind": "Workbook",
        "displayName": "[parameters('workbook1-name')]",
        "contentProductId": "[variables('_workbookcontentProductId1')]",
        "id": "[variables('_workbookcontentProductId1')]",
        "version": "[variables('workbookVersion1')]"
      }
    },
    {
      "type": "Microsoft.OperationalInsights/workspaces/providers/contentPackages",
      "apiVersion": "2025-09-01",
      "location": "[parameters('workspace-location')]",
      "properties": {
        "version": "3.0.0",
        "kind": "Solution",
        "contentSchemaVersion": "3.0.0",
        "displayName": "TacitRedThreatIntelligence",
        "publisherDisplayName": "Data443 Risk Mitigation, Inc.",
        "descriptionHtml": "<p><strong>Note:</strong> Please refer to the following before installing the solution:</p>\n<p>• Review the solution <a href=\"https://github.com/Azure/Azure-Sentinel/tree/master/Solutions/TacitRedThreatIntelligence/ReleaseNotes.md\">Release Notes</a></p>\n<p>• There may be <a href=\"https://aka.ms/sentinelsolutionsknownissues\">known issues</a> pertaining to this Solution, please refer to them before installing.</p>\n<p>The <a href=\"https://data443.com/tacitred-attack-surface-intelligence/\">TacitRed Compromised Credentials</a> solution integrates TacitRed's compromised credential and identity threat intelligence into Microsoft Sentinel using the Codeless Connector Framework (CCF). The solution deploys a REST API poller connector, a custom log table (TacitRed_Findings_CL), analytics rule, and visualization workbook to help security teams detect and investigate credential compromise.</p>\n<p><strong>Data Connectors:</strong> 1, <strong>Workbooks:</strong> 1, <strong>Analytic Rules:</strong> 2</p>\n<p><a href=\"https://aka.ms/azuresentinel\">Learn more about Microsoft Sentinel</a> | <a href=\"https://aka.ms/azuresentinelsolutionsdoc\">Learn more about Solutions</a></p>\n",
        "contentKind": "Solution",
        "contentProductId": "[variables('_solutioncontentProductId')]",
        "id": "[variables('_solutioncontentProductId')]",
        "icon": "<img src=\"https://raw.githubusercontent.com/Azure/Azure-Sentinel/master/Logos/tacitred_logo.svg\"width=\"75px\"height=\"75px\">",
        "contentId": "[variables('_solutionId')]",
        "parentId": "[variables('_solutionId')]",
        "source": {
          "kind": "Solution",
          "name": "TacitRedThreatIntelligence",
          "sourceId": "[variables('_solutionId')]"
        },
        "author": {
          "name": "Data443 Risk Mitigation, Inc.",
          "email": "[variables('_email')]"
        },
        "support": {
          "name": "Data443 Risk Mitigation, Inc.",
          "email": "support@data443.com",
          "tier": "Partner",
          "link": "https://www.data443.com"
        },
        "dependencies": {
          "operator": "AND",
          "criteria": [
            {
              "kind": "DataConnector",
              "contentId": "[variables('_dataConnectorContentIdConnections1')]",
              "version": "[variables('dataConnectorCCPVersion')]"
            },
            {
              "kind": "AnalyticsRule",
              "contentId": "[variables('analyticRuleObject1')._analyticRulecontentId1]",
              "version": "[variables('analyticRuleObject1').analyticRuleVersion1]"
            },
            {
              "kind": "AnalyticsRule",
              "contentId": "[variables('analyticRuleObject2')._analyticRulecontentId2]",
              "version": "[variables('analyticRuleObject2').analyticRuleVersion2]"
            },
            {
              "kind": "Workbook",
              "contentId": "[variables('_workbookContentId1')]",
              "version": "[variables('workbookVersion1')]"
            }
          ]
        },
        "firstPublishDate": "2025-01-01",
        "providers": [
          "Data443 Risk Mitigation, Inc."
        ],
        "categories": {
          "domains": [
            "Security - Threat Intelligence",
            "Identity"
          ]
        }
      },
      "name": "[concat(parameters('workspace'),'/Microsoft.SecurityInsights/', variables('_solutionId'))]"
    }
  ],
  "outputs": {}
}
