{
  "$schema": "https://schema.management.azure.com/schemas/2019-04-01/deploymentTemplate.json#",
  "contentVersion": "1.0.0.0",
  "metadata": {
    "author": "Microsoft",
    "comments": "Solution template for MicrosoftDefenderForEndpoint"
  },
  "parameters": {
    "location": {
      "type": "string",
      "minLength": 1,
      "defaultValue": "[resourceGroup().location]",
      "metadata": {
        "description": "Not used, but needed to pass arm-ttk test `Location-Should-Not-Be-Hardcoded`.  We instead use the `workspace-location` which is derived from the LA workspace"
      }
    },
    "workspace-location": {
      "type": "string",
      "defaultValue": "",
      "metadata": {
        "description": "[concat('Region to deploy solution resources -- separate from location selection',parameters('location'))]"
      }
    },
    "workspace": {
      "defaultValue": "",
      "type": "string",
      "metadata": {
        "description": "Workspace name for Log Analytics where Microsoft Sentinel is setup"
      }
    }
  },
  "variables": {
    "solutionId": "azuresentinel.azure-sentinel-solution-microsoftdefenderendpoint-preview",
    "_solutionId": "[variables('solutionId')]",
    "workspaceResourceId": "[resourceId('microsoft.OperationalInsights/Workspaces', parameters('workspace'))]",
    "uiConfigId1": "MicrosoftDefenderAdvancedThreatProtection",
    "_uiConfigId1": "[variables('uiConfigId1')]",
    "dataConnectorContentId1": "MicrosoftDefenderAdvancedThreatProtection",
    "_dataConnectorContentId1": "[variables('dataConnectorContentId1')]",
    "dataConnectorId1": "[extensionResourceId(resourceId('Microsoft.OperationalInsights/workspaces', parameters('workspace')), 'Microsoft.SecurityInsights/dataConnectors', variables('_dataConnectorContentId1'))]",
    "_dataConnectorId1": "[variables('dataConnectorId1')]",
    "dataConnectorTemplateSpecName1": "[concat(parameters('workspace'),'-dc-',uniquestring(variables('_dataConnectorContentId1')))]",
    "dataConnectorVersion1": "1.0.0",
    "analyticRuleVersion1": "1.0.0",
    "analyticRulecontentId1": "18dbdc22-b69f-4109-9e39-723d9465f45f",
    "_analyticRulecontentId1": "[variables('analyticRulecontentId1')]",
    "analyticRuleId1": "[resourceId('Microsoft.SecurityInsights/AlertRuleTemplates', variables('analyticRulecontentId1'))]",
    "analyticRuleTemplateSpecName1": "[concat(parameters('workspace'),'-ar-',uniquestring(variables('_analyticRulecontentId1')))]",
    "parserVersion1": "1.0.0",
    "parserContentId1": "AssignedIPAddress-Parser",
    "_parserContentId1": "[variables('parserContentId1')]",
    "parserName1": "AssignedIPAddress",
    "_parserName1": "[concat(parameters('workspace'),'/',variables('parserName1'))]",
    "parserId1": "[resourceId('Microsoft.OperationalInsights/workspaces/savedSearches', parameters('workspace'), variables('parserName1'))]",
    "_parserId1": "[variables('parserId1')]",
    "parserTemplateSpecName1": "[concat(parameters('workspace'),'-pr-',uniquestring(variables('_parserContentId1')))]",
    "parserVersion2": "1.0.0",
    "parserContentId2": "Devicefromip-Parser",
    "_parserContentId2": "[variables('parserContentId2')]",
    "parserName2": "Devicefromip",
    "_parserName2": "[concat(parameters('workspace'),'/',variables('parserName2'))]",
    "parserId2": "[resourceId('Microsoft.OperationalInsights/workspaces/savedSearches', parameters('workspace'), variables('parserName2'))]",
    "_parserId2": "[variables('parserId2')]",
    "parserTemplateSpecName2": "[concat(parameters('workspace'),'-pr-',uniquestring(variables('_parserContentId2')))]",
    "huntingQueryVersion1": "1.0.1",
    "huntingQuerycontentId1": "c63ae777-d5e0-4113-8c9a-c2c9d3d09fcd",
    "_huntingQuerycontentId1": "[variables('huntingQuerycontentId1')]",
    "huntingQueryId1": "[resourceId('Microsoft.OperationalInsights/savedSearches', variables('_huntingQuerycontentId1'))]",
    "huntingQueryTemplateSpecName1": "[concat(parameters('workspace'),'-hq-',uniquestring(variables('_huntingQuerycontentId1')))]",
    "huntingQueryVersion2": "1.0.0",
    "huntingQuerycontentId2": "4a3073ac-7383-48a9-90a8-eb6716183a54",
    "_huntingQuerycontentId2": "[variables('huntingQuerycontentId2')]",
    "huntingQueryId2": "[resourceId('Microsoft.OperationalInsights/savedSearches', variables('_huntingQuerycontentId2'))]",
    "huntingQueryTemplateSpecName2": "[concat(parameters('workspace'),'-hq-',uniquestring(variables('_huntingQuerycontentId2')))]"
  },
  "resources": [
    {
      "type": "Microsoft.Resources/templateSpecs",
      "apiVersion": "2021-05-01",
      "name": "[variables('dataConnectorTemplateSpecName1')]",
      "location": "[parameters('workspace-location')]",
      "tags": {
        "hidden-sentinelWorkspaceId": "[variables('workspaceResourceId')]",
        "hidden-sentinelContentType": "DataConnector"
      },
      "properties": {
        "description": "MicrosoftDefenderForEndpoint data connector with template",
        "displayName": "MicrosoftDefenderForEndpoint template"
      }
    },
    {
      "type": "Microsoft.Resources/templateSpecs/versions",
      "apiVersion": "2021-05-01",
      "name": "[concat(variables('dataConnectorTemplateSpecName1'),'/',variables('dataConnectorVersion1'))]",
      "location": "[parameters('workspace-location')]",
      "tags": {
        "hidden-sentinelWorkspaceId": "[variables('workspaceResourceId')]",
        "hidden-sentinelContentType": "DataConnector"
      },
      "dependsOn": [
        "[resourceId('Microsoft.Resources/templateSpecs', variables('dataConnectorTemplateSpecName1'))]"
      ],
      "properties": {
        "description": "MicrosoftDefenderForEndpoint data connector with template version 2.0.0",
        "mainTemplate": {
          "$schema": "https://schema.management.azure.com/schemas/2019-04-01/deploymentTemplate.json#",
          "contentVersion": "[variables('dataConnectorVersion1')]",
          "parameters": {},
          "variables": {},
          "resources": [
            {
              "name": "[concat(parameters('workspace'),'/Microsoft.SecurityInsights/',variables('_dataConnectorContentId1'))]",
              "apiVersion": "2021-03-01-preview",
              "type": "Microsoft.OperationalInsights/workspaces/providers/dataConnectors",
              "location": "[parameters('workspace-location')]",
              "kind": "StaticUI",
              "properties": {
                "connectorUiConfig": {
                  "id": "[variables('_uiConfigId1')]",
                  "title": "Microsoft Defender for Endpoint",
                  "publisher": "Microsoft",
                  "descriptionMarkdown": "Microsoft Defender for Endpoint is a security platform designed to prevent, detect, investigate, and respond to advanced threats. The platform creates alerts when suspicious security events are seen in an organization. Fetch alerts generated in Microsoft Defender for Endpoint to Microsoft Sentinel so that you can effectively analyze security events. You can create rules, build dashboards and author playbooks for immediate response.",
                  "graphQueries": [
                    {
                      "metricName": "Total data received",
                      "legend": "SecurityAlert (MDATP)",
                      "baseQuery": "SecurityAlert | where ProviderName == \"MDATP\""
                    }
                  ],
                  "connectivityCriterias": [
                    {
                      "type": "SentinelKinds",
                      "value": [
                        "MicrosoftDefenderAdvancedThreatProtection"
                      ]
                    }
                  ],
                  "dataTypes": [
                    {
                      "name": "SecurityAlert (MDATP)",
                      "lastDataReceivedQuery": "SecurityAlert | where ProviderName == \"MDATP\"\n            | summarize Time = max(TimeGenerated)\n            | where isnotempty(Time)"
                    }
                  ]
                }
              }
            },
            {
              "type": "Microsoft.OperationalInsights/workspaces/providers/metadata",
              "apiVersion": "2022-01-01-preview",
              "name": "[concat(parameters('workspace'),'/Microsoft.SecurityInsights/',concat('DataConnector-', last(split(variables('_dataConnectorId1'),'/'))))]",
              "properties": {
                "parentId": "[extensionResourceId(resourceId('Microsoft.OperationalInsights/workspaces', parameters('workspace')), 'Microsoft.SecurityInsights/dataConnectors', variables('_dataConnectorContentId1'))]",
                "contentId": "[variables('_dataConnectorContentId1')]",
                "kind": "DataConnector",
                "version": "[variables('dataConnectorVersion1')]",
                "source": {
                  "kind": "Solution",
                  "name": "MicrosoftDefenderForEndpoint",
                  "sourceId": "[variables('_solutionId')]"
                },
                "author": {
                  "name": "Microsoft"
                },
                "support": {
                  "name": "Microsoft Corporation",
                  "email": "support@microsoft.com",
                  "tier": "Microsoft",
                  "link": "https://support.microsoft.com"
                }
              }
            }
          ]
        }
      }
    },
    {
      "type": "Microsoft.OperationalInsights/workspaces/providers/metadata",
      "apiVersion": "2022-01-01-preview",
      "name": "[concat(parameters('workspace'),'/Microsoft.SecurityInsights/',concat('DataConnector-', last(split(variables('_dataConnectorId1'),'/'))))]",
      "dependsOn": [
        "[variables('_dataConnectorId1')]"
      ],
      "location": "[parameters('workspace-location')]",
      "properties": {
        "parentId": "[extensionResourceId(resourceId('Microsoft.OperationalInsights/workspaces', parameters('workspace')), 'Microsoft.SecurityInsights/dataConnectors', variables('_dataConnectorContentId1'))]",
        "contentId": "[variables('_dataConnectorContentId1')]",
        "kind": "DataConnector",
        "version": "[variables('dataConnectorVersion1')]",
        "source": {
          "kind": "Solution",
          "name": "MicrosoftDefenderForEndpoint",
          "sourceId": "[variables('_solutionId')]"
        },
        "author": {
          "name": "Microsoft"
        },
        "support": {
          "name": "Microsoft Corporation",
          "email": "support@microsoft.com",
          "tier": "Microsoft",
          "link": "https://support.microsoft.com"
        }
      }
    },
    {
      "name": "[concat(parameters('workspace'),'/Microsoft.SecurityInsights/',variables('_dataConnectorContentId1'))]",
      "apiVersion": "2021-03-01-preview",
      "type": "Microsoft.OperationalInsights/workspaces/providers/dataConnectors",
      "location": "[parameters('workspace-location')]",
      "kind": "StaticUI",
      "properties": {
        "connectorUiConfig": {
          "title": "Microsoft Defender for Endpoint",
          "publisher": "Microsoft",
          "descriptionMarkdown": "Microsoft Defender for Endpoint is a security platform designed to prevent, detect, investigate, and respond to advanced threats. The platform creates alerts when suspicious security events are seen in an organization. Fetch alerts generated in Microsoft Defender for Endpoint to Microsoft Sentinel so that you can effectively analyze security events. You can create rules, build dashboards and author playbooks for immediate response.",
          "graphQueries": [
            {
              "metricName": "Total data received",
              "legend": "SecurityAlert (MDATP)",
              "baseQuery": "SecurityAlert | where ProviderName == \"MDATP\""
            }
          ],
          "dataTypes": [
            {
              "name": "SecurityAlert (MDATP)",
              "lastDataReceivedQuery": "SecurityAlert | where ProviderName == \"MDATP\"\n            | summarize Time = max(TimeGenerated)\n            | where isnotempty(Time)"
            }
          ],
          "connectivityCriterias": [
            {
              "type": "SentinelKinds",
              "value": [
                "MicrosoftDefenderAdvancedThreatProtection"
              ]
            }
          ],
          "id": "[variables('_uiConfigId1')]"
        }
      }
    },
    {
      "type": "Microsoft.Resources/templateSpecs",
      "apiVersion": "2021-05-01",
      "name": "[variables('analyticRuleTemplateSpecName1')]",
      "location": "[parameters('workspace-location')]",
      "tags": {
        "hidden-sentinelWorkspaceId": "[variables('workspaceResourceId')]",
        "hidden-sentinelContentType": "AnalyticsRule"
      },
      "properties": {
        "description": "MicrosoftDefenderForEndpoint Analytics Rule 1 with template",
        "displayName": "MicrosoftDefenderForEndpoint Analytics Rule template"
      }
    },
    {
      "type": "Microsoft.Resources/templateSpecs/versions",
      "apiVersion": "2021-05-01",
      "name": "[concat(variables('analyticRuleTemplateSpecName1'),'/',variables('analyticRuleVersion1'))]",
      "location": "[parameters('workspace-location')]",
      "tags": {
        "hidden-sentinelWorkspaceId": "[variables('workspaceResourceId')]",
        "hidden-sentinelContentType": "AnalyticsRule"
      },
      "dependsOn": [
        "[resourceId('Microsoft.Resources/templateSpecs', variables('analyticRuleTemplateSpecName1'))]"
      ],
      "properties": {
        "description": "ActiniumAVHits_AnalyticalRules Analytics Rule with template version 2.0.0",
        "mainTemplate": {
          "$schema": "https://schema.management.azure.com/schemas/2019-04-01/deploymentTemplate.json#",
          "contentVersion": "[variables('analyticRuleVersion1')]",
          "parameters": {},
          "variables": {},
          "resources": [
            {
              "type": "Microsoft.SecurityInsights/AlertRuleTemplates",
              "name": "[variables('AnalyticRulecontentId1')]",
              "apiVersion": "2022-04-01-preview",
              "kind": "Scheduled",
              "location": "[parameters('workspace-location')]",
              "properties": {
                "description": "Identifies a match in the Security Alert table for MDATP hits related to the ACTINIUM actor",
                "displayName": "ACTINIUM AV hits - Feb 2022",
                "enabled": false,
                "query": "let iocs = externaldata(DateAdded:string,IoC:string,Type:string) [@\"https://raw.githubusercontent.com/Azure/Azure-Sentinel/master/Sample%20Data/Feeds/ActiniumIOC.csv\"] with (format=\"csv\", ignoreFirstRecord=True);\nlet AVHits = (iocs | where Type =~ \"AVDetection\"| project IoC);\nSecurityAlert\n| where ProviderName == 'MDATP'\n| extend ThreatName_ = tostring(parse_json(ExtendedProperties).ThreatName)\n| where ThreatName_ has_any (AVHits)\n| extend Directory = tostring(parse_json(Entities)[0].Directory), SHA256 = tostring(parse_json(tostring(parse_json(Entities)[0].FileHashes))[2].Value), FileName = tostring(parse_json(Entities)[0].Name), Hostname = tostring(parse_json(Entities)[6].FQDN)| extend AccountName = tostring(parse_json(tostring(parse_json(Entities)[6].LoggedOnUsers))[0].AccountName)\n| project TimeGenerated, AlertName, ThreatName_, ProviderName, AlertSeverity, Description, RemediationSteps, ExtendedProperties, Entities, FileName,SHA256, Directory, Hostname, AccountName\n| extend timestamp = TimeGenerated, HostCustomEntity = Hostname , AccountCustomEntity = AccountName,  FileHashCustomEntity = SHA256\n",
                "queryFrequency": "PT6H",
                "queryPeriod": "PT6H",
                "severity": "High",
                "suppressionDuration": "PT1H",
                "suppressionEnabled": false,
                "triggerOperator": "GreaterThan",
                "triggerThreshold": 0,
                "status": "Available",
                "requiredDataConnectors": [
                  {
                    "dataTypes": [
                      "SecurityAlert (MDATP)"
                    ],
                    "connectorId": "MicrosoftDefenderAdvancedThreatProtection"
                  }
                ],
                "tactics": [
                  "Persistence"
                ],
                "entityMappings": [
                  {
                    "entityType": "Account",
                    "fieldMappings": [
                      {
                        "identifier": "FullName",
                        "columnName": "AccountCustomEntity"
                      }
                    ]
                  },
                  {
                    "entityType": "Host",
                    "fieldMappings": [
                      {
                        "identifier": "FullName",
                        "columnName": "HostCustomEntity"
                      }
                    ]
                  },
                  {
                    "entityType": "FileHash",
                    "fieldMappings": [
                      {
                        "identifier": "Algorithm",
                        "columnName": "FileHashType"
                      },
                      {
                        "identifier": "Value",
                        "columnName": "FileHashCustomEntity"
                      }
                    ]
                  }
                ]
              }
            },
            {
              "type": "Microsoft.OperationalInsights/workspaces/providers/metadata",
              "apiVersion": "2022-01-01-preview",
              "name": "[concat(parameters('workspace'),'/Microsoft.SecurityInsights/',concat('AnalyticsRule-', last(split(variables('analyticRuleId1'),'/'))))]",
              "properties": {
                "description": "MicrosoftDefenderForEndpoint Analytics Rule 1",
                "parentId": "[variables('analyticRuleId1')]",
                "contentId": "[variables('_analyticRulecontentId1')]",
                "kind": "AnalyticsRule",
                "version": "[variables('analyticRuleVersion1')]",
                "source": {
                  "kind": "Solution",
                  "name": "MicrosoftDefenderForEndpoint",
                  "sourceId": "[variables('_solutionId')]"
                },
                "author": {
                  "name": "Microsoft"
                },
                "support": {
                  "name": "Microsoft Corporation",
                  "email": "support@microsoft.com",
                  "tier": "Microsoft",
                  "link": "https://support.microsoft.com"
                }
              }
            }
          ]
        }
      }
    },
    {
      "type": "Microsoft.Resources/templateSpecs",
      "apiVersion": "2021-05-01",
      "name": "[variables('parserTemplateSpecName1')]",
      "location": "[parameters('workspace-location')]",
      "tags": {
        "hidden-sentinelWorkspaceId": "[variables('workspaceResourceId')]",
        "hidden-sentinelContentType": "Parser"
      },
      "properties": {
        "description": "AssignedIPAddress Data Parser with template",
        "displayName": "AssignedIPAddress Data Parser template"
      }
    },
    {
      "type": "Microsoft.Resources/templateSpecs/versions",
      "apiVersion": "2021-05-01",
      "name": "[concat(variables('parserTemplateSpecName1'),'/',variables('parserVersion1'))]",
      "location": "[parameters('workspace-location')]",
      "tags": {
        "hidden-sentinelWorkspaceId": "[variables('workspaceResourceId')]",
        "hidden-sentinelContentType": "Parser"
      },
      "dependsOn": [
        "[resourceId('Microsoft.Resources/templateSpecs', variables('parserTemplateSpecName1'))]"
      ],
      "properties": {
        "description": "AssignedIPAddress Data Parser with template version 2.0.0",
        "mainTemplate": {
          "$schema": "https://schema.management.azure.com/schemas/2019-04-01/deploymentTemplate.json#",
          "contentVersion": "[variables('parserVersion1')]",
          "parameters": {},
          "variables": {},
          "resources": [
            {
              "name": "[variables('_parserName1')]",
              "apiVersion": "2020-08-01",
              "type": "Microsoft.OperationalInsights/workspaces/savedSearches",
              "location": "[parameters('workspace-location')]",
              "properties": {
                "eTag": "*",
                "displayName": "AssignedIPAddress",
                "category": "Samples",
                "functionAlias": "AssignedIPAddress",
                "query": "\nlet AssignedIPAddresses = (Device:string, Timestamp:datetime = datetime(null))\r\n{\r\nlet t = coalesce(Timestamp, now());\r\nlet adapters = materialize(\r\n    DeviceNetworkInfo \r\n    | where Timestamp between(max_of(t - 1d, ago(30d)) .. t)\r\n    | where DeviceId == Device or DeviceName == Device\r\n    | top 500 by Timestamp);\r\nlet lastReportId = tolong(toscalar(adapters | summarize arg_max(Timestamp, ReportId) | project ReportId));\r\nadapters | where ReportId == lastReportId\r\n| project Timestamp, NetworkAdapterType, IpAddresses = todynamic(tostring(IPAddresses)), ConnectedNetworks\r\n| mv-expand IpAddresses\r\n| project Timestamp, IPAddress = tostring(IpAddresses.IPAddress), IPType = tostring(IpAddresses.AddressType), NetworkAdapterType, ConnectedNetworks\r\n};\r\n",
                "version": 1,
                "tags": [
                  {
                    "name": "description",
                    "value": "AssignedIPAddress"
                  }
                ]
              }
            },
            {
              "type": "Microsoft.OperationalInsights/workspaces/providers/metadata",
              "apiVersion": "2022-01-01-preview",
              "name": "[concat(parameters('workspace'),'/Microsoft.SecurityInsights/',concat('Parser-', last(split(variables('_parserId1'),'/'))))]",
              "dependsOn": [
                "[variables('_parserName1')]"
              ],
              "properties": {
                "parentId": "[resourceId('Microsoft.OperationalInsights/workspaces/savedSearches', parameters('workspace'), variables('parserName1'))]",
                "contentId": "[variables('_parserContentId1')]",
                "kind": "Parser",
                "version": "[variables('parserVersion1')]",
                "source": {
                  "name": "MicrosoftDefenderForEndpoint",
                  "kind": "Solution",
                  "sourceId": "[variables('_solutionId')]"
                },
                "author": {
                  "name": "Microsoft"
                },
                "support": {
                  "name": "Microsoft Corporation",
                  "email": "support@microsoft.com",
                  "tier": "Microsoft",
                  "link": "https://support.microsoft.com"
                }
              }
            }
          ]
        }
      }
    },
    {
      "type": "Microsoft.OperationalInsights/workspaces/savedSearches",
      "apiVersion": "2021-06-01",
      "name": "[variables('_parserName1')]",
      "location": "[parameters('workspace-location')]",
      "properties": {
        "eTag": "*",
        "displayName": "AssignedIPAddress",
        "category": "Samples",
        "functionAlias": "AssignedIPAddress",
        "query": "\nlet AssignedIPAddresses = (Device:string, Timestamp:datetime = datetime(null))\r\n{\r\nlet t = coalesce(Timestamp, now());\r\nlet adapters = materialize(\r\n    DeviceNetworkInfo \r\n    | where Timestamp between(max_of(t - 1d, ago(30d)) .. t)\r\n    | where DeviceId == Device or DeviceName == Device\r\n    | top 500 by Timestamp);\r\nlet lastReportId = tolong(toscalar(adapters | summarize arg_max(Timestamp, ReportId) | project ReportId));\r\nadapters | where ReportId == lastReportId\r\n| project Timestamp, NetworkAdapterType, IpAddresses = todynamic(tostring(IPAddresses)), ConnectedNetworks\r\n| mv-expand IpAddresses\r\n| project Timestamp, IPAddress = tostring(IpAddresses.IPAddress), IPType = tostring(IpAddresses.AddressType), NetworkAdapterType, ConnectedNetworks\r\n};\r\n",
        "version": 1
      }
    },
    {
      "type": "Microsoft.OperationalInsights/workspaces/providers/metadata",
      "apiVersion": "2022-01-01-preview",
      "location": "[parameters('workspace-location')]",
      "name": "[concat(parameters('workspace'),'/Microsoft.SecurityInsights/',concat('Parser-', last(split(variables('_parserId1'),'/'))))]",
      "dependsOn": [
        "[variables('_parserId1')]"
      ],
      "properties": {
        "parentId": "[resourceId('Microsoft.OperationalInsights/workspaces/savedSearches', parameters('workspace'), variables('parserName1'))]",
        "contentId": "[variables('_parserContentId1')]",
        "kind": "Parser",
        "version": "[variables('parserVersion1')]",
        "source": {
          "kind": "Solution",
          "name": "MicrosoftDefenderForEndpoint",
          "sourceId": "[variables('_solutionId')]"
        },
        "author": {
          "name": "Microsoft"
        },
        "support": {
          "name": "Microsoft Corporation",
          "email": "support@microsoft.com",
          "tier": "Microsoft",
          "link": "https://support.microsoft.com"
        }
      }
    },
    {
      "type": "Microsoft.Resources/templateSpecs",
      "apiVersion": "2021-05-01",
      "name": "[variables('parserTemplateSpecName2')]",
      "location": "[parameters('workspace-location')]",
      "tags": {
        "hidden-sentinelWorkspaceId": "[variables('workspaceResourceId')]",
        "hidden-sentinelContentType": "Parser"
      },
      "properties": {
        "description": "Devicefromip Data Parser with template",
        "displayName": "Devicefromip Data Parser template"
      }
    },
    {
      "type": "Microsoft.Resources/templateSpecs/versions",
      "apiVersion": "2021-05-01",
      "name": "[concat(variables('parserTemplateSpecName2'),'/',variables('parserVersion2'))]",
      "location": "[parameters('workspace-location')]",
      "tags": {
        "hidden-sentinelWorkspaceId": "[variables('workspaceResourceId')]",
        "hidden-sentinelContentType": "Parser"
      },
      "dependsOn": [
        "[resourceId('Microsoft.Resources/templateSpecs', variables('parserTemplateSpecName2'))]"
      ],
      "properties": {
        "description": "Devicefromip Data Parser with template version 2.0.0",
        "mainTemplate": {
          "$schema": "https://schema.management.azure.com/schemas/2019-04-01/deploymentTemplate.json#",
          "contentVersion": "[variables('parserVersion2')]",
          "parameters": {},
          "variables": {},
          "resources": [
            {
              "name": "[variables('_parserName2')]",
              "apiVersion": "2020-08-01",
              "type": "Microsoft.OperationalInsights/workspaces/savedSearches",
              "location": "[parameters('workspace-location')]",
              "properties": {
                "eTag": "*",
                "displayName": "Devicefromip",
                "category": "Samples",
                "functionAlias": "Devicefromip",
                "query": "\nlet DeviceFromIP2 = (T:(IP:string), Timestamp:datetime = datetime(null))\r\n{\r\nlet t = coalesce(Timestamp, now());\r\nlet lastReportIds = DeviceNetworkInfo \r\n    | where Timestamp between(max_of(t - 1d, ago(30d)) .. t)\r\n    | summarize arg_max(Timestamp, ReportId) by DeviceId;\r\nlet adapters = DeviceNetworkInfo\r\n    | where Timestamp between(max_of(t - 1d, ago(30d)) .. t)\r\n    | lookup kind = inner lastReportIds on ReportId, DeviceId\r\n    | mv-expand todynamic(IPAddresses)\r\n    | project DeviceId, IP = tostring(IPAddresses.IPAddress);\r\nT | join adapters on IP | project-away IP1\r\n};\r\n",
                "version": 1,
                "tags": [
                  {
                    "name": "description",
                    "value": "Devicefromip"
                  }
                ]
              }
            },
            {
              "type": "Microsoft.OperationalInsights/workspaces/providers/metadata",
              "apiVersion": "2022-01-01-preview",
              "name": "[concat(parameters('workspace'),'/Microsoft.SecurityInsights/',concat('Parser-', last(split(variables('_parserId2'),'/'))))]",
              "dependsOn": [
                "[variables('_parserName2')]"
              ],
              "properties": {
                "parentId": "[resourceId('Microsoft.OperationalInsights/workspaces/savedSearches', parameters('workspace'), variables('parserName2'))]",
                "contentId": "[variables('_parserContentId2')]",
                "kind": "Parser",
                "version": "[variables('parserVersion2')]",
                "source": {
                  "name": "MicrosoftDefenderForEndpoint",
                  "kind": "Solution",
                  "sourceId": "[variables('_solutionId')]"
                },
                "author": {
                  "name": "Microsoft"
                },
                "support": {
                  "name": "Microsoft Corporation",
                  "email": "support@microsoft.com",
                  "tier": "Microsoft",
                  "link": "https://support.microsoft.com"
                }
              }
            }
          ]
        }
      }
    },
    {
      "type": "Microsoft.OperationalInsights/workspaces/savedSearches",
      "apiVersion": "2021-06-01",
      "name": "[variables('_parserName2')]",
      "location": "[parameters('workspace-location')]",
      "properties": {
        "eTag": "*",
        "displayName": "Devicefromip",
        "category": "Samples",
        "functionAlias": "Devicefromip",
        "query": "\nlet DeviceFromIP2 = (T:(IP:string), Timestamp:datetime = datetime(null))\r\n{\r\nlet t = coalesce(Timestamp, now());\r\nlet lastReportIds = DeviceNetworkInfo \r\n    | where Timestamp between(max_of(t - 1d, ago(30d)) .. t)\r\n    | summarize arg_max(Timestamp, ReportId) by DeviceId;\r\nlet adapters = DeviceNetworkInfo\r\n    | where Timestamp between(max_of(t - 1d, ago(30d)) .. t)\r\n    | lookup kind = inner lastReportIds on ReportId, DeviceId\r\n    | mv-expand todynamic(IPAddresses)\r\n    | project DeviceId, IP = tostring(IPAddresses.IPAddress);\r\nT | join adapters on IP | project-away IP1\r\n};\r\n",
        "version": 1
      }
    },
    {
      "type": "Microsoft.OperationalInsights/workspaces/providers/metadata",
      "apiVersion": "2022-01-01-preview",
      "location": "[parameters('workspace-location')]",
      "name": "[concat(parameters('workspace'),'/Microsoft.SecurityInsights/',concat('Parser-', last(split(variables('_parserId2'),'/'))))]",
      "dependsOn": [
        "[variables('_parserId2')]"
      ],
      "properties": {
        "parentId": "[resourceId('Microsoft.OperationalInsights/workspaces/savedSearches', parameters('workspace'), variables('parserName2'))]",
        "contentId": "[variables('_parserContentId2')]",
        "kind": "Parser",
        "version": "[variables('parserVersion2')]",
        "source": {
          "kind": "Solution",
          "name": "MicrosoftDefenderForEndpoint",
          "sourceId": "[variables('_solutionId')]"
        },
        "author": {
          "name": "Microsoft"
        },
        "support": {
          "name": "Microsoft Corporation",
          "email": "support@microsoft.com",
          "tier": "Microsoft",
          "link": "https://support.microsoft.com"
        }
      }
    },
    {
      "type": "Microsoft.Resources/templateSpecs",
      "apiVersion": "2021-05-01",
      "name": "[variables('huntingQueryTemplateSpecName1')]",
      "location": "[parameters('workspace-location')]",
      "tags": {
        "hidden-sentinelWorkspaceId": "[variables('workspaceResourceId')]",
        "hidden-sentinelContentType": "HuntingQuery"
      },
      "properties": {
        "description": "MicrosoftDefenderForEndpoint Hunting Query 1 with template",
        "displayName": "MicrosoftDefenderForEndpoint Hunting Query template"
      }
    },
    {
      "type": "Microsoft.Resources/templateSpecs/versions",
      "apiVersion": "2021-05-01",
      "name": "[concat(variables('huntingQueryTemplateSpecName1'),'/',variables('huntingQueryVersion1'))]",
      "location": "[parameters('workspace-location')]",
      "tags": {
        "hidden-sentinelWorkspaceId": "[variables('workspaceResourceId')]",
        "hidden-sentinelContentType": "HuntingQuery"
      },
      "dependsOn": [
        "[resourceId('Microsoft.Resources/templateSpecs', variables('huntingQueryTemplateSpecName1'))]"
      ],
      "properties": {
        "description": "MDE_Usage_HuntingQueries Hunting Query with template version 2.0.0",
        "mainTemplate": {
          "$schema": "https://schema.management.azure.com/schemas/2019-04-01/deploymentTemplate.json#",
          "contentVersion": "[variables('huntingQueryVersion1')]",
          "parameters": {},
          "variables": {},
          "resources": [
            {
              "type": "Microsoft.OperationalInsights/savedSearches",
              "apiVersion": "2020-08-01",
              "name": "MicrosoftDefenderForEndpoint_Hunting_Query_1",
              "location": "[parameters('workspace-location')]",
              "properties": {
                "eTag": "*",
                "displayName": "Probable AdFind Recon Tool Usage",
                "category": "Hunting Queries",
                "query": "\nlet args = dynamic([\"objectcategory\",\"domainlist\",\"dcmodes\",\"adinfo\",\"trustdmp\",\"computers_pwdnotreqd\",\"Domain Admins\", \"objectcategory=person\", \"objectcategory=computer\", \"objectcategory=*\",\"dclist\"]);\nlet parentProcesses = dynamic([\"pwsh.exe\",\"powershell.exe\",\"cmd.exe\"]);\nDeviceProcessEvents\n//looks for execution from a shell\n| where InitiatingProcessFileName in (parentProcesses)\n// main filter\n| where FileName =~ \"AdFind.exe\" or SHA256 == \"c92c158d7c37fea795114fa6491fe5f145ad2f8c08776b18ae79db811e8e36a3\"\n   // AdFind common Flags to check for from various threat actor TTPs\n    or ProcessCommandLine has_any (args)\n| extend AccountCustomEntity = AccountName, HostCustomEntity = DeviceName, ProcessCustomEntity = InitiatingProcessFileName, CommandLineCustomEntity = ProcessCommandLine, AlgorithmCustomEntity = \"SHA256\", FileHashCustomEntity = SHA256\n",
                "version": 2,
                "tags": [
                  {
                    "name": "description",
                    "value": "Identifies the host and account that executed AdFind by hash and filename in addition to common and unique flags that are used by many threat actors in discovery."
                  },
                  {
                    "name": "tactics",
                    "value": "Discovery"
                  },
                  {
                    "name": "techniques",
                    "value": "T1018"
                  }
                ]
              }
            },
            {
              "type": "Microsoft.OperationalInsights/workspaces/providers/metadata",
              "apiVersion": "2022-01-01-preview",
              "name": "[concat(parameters('workspace'),'/Microsoft.SecurityInsights/',concat('HuntingQuery-', last(split(variables('huntingQueryId1'),'/'))))]",
              "properties": {
                "description": "MicrosoftDefenderForEndpoint Hunting Query 1",
                "parentId": "[variables('huntingQueryId1')]",
                "contentId": "[variables('_huntingQuerycontentId1')]",
                "kind": "HuntingQuery",
                "version": "[variables('huntingQueryVersion1')]",
                "source": {
                  "kind": "Solution",
                  "name": "MicrosoftDefenderForEndpoint",
                  "sourceId": "[variables('_solutionId')]"
                },
                "author": {
                  "name": "Microsoft"
                },
                "support": {
                  "name": "Microsoft Corporation",
                  "email": "support@microsoft.com",
                  "tier": "Microsoft",
                  "link": "https://support.microsoft.com"
                }
              }
            }
          ]
        }
      }
    },
    {
      "type": "Microsoft.Resources/templateSpecs",
      "apiVersion": "2021-05-01",
      "name": "[variables('huntingQueryTemplateSpecName2')]",
      "location": "[parameters('workspace-location')]",
      "tags": {
        "hidden-sentinelWorkspaceId": "[variables('workspaceResourceId')]",
        "hidden-sentinelContentType": "HuntingQuery"
      },
      "properties": {
        "description": "MicrosoftDefenderForEndpoint Hunting Query 2 with template",
        "displayName": "MicrosoftDefenderForEndpoint Hunting Query template"
      }
    },
    {
      "type": "Microsoft.Resources/templateSpecs/versions",
      "apiVersion": "2021-05-01",
      "name": "[concat(variables('huntingQueryTemplateSpecName2'),'/',variables('huntingQueryVersion2'))]",
      "location": "[parameters('workspace-location')]",
      "tags": {
        "hidden-sentinelWorkspaceId": "[variables('workspaceResourceId')]",
        "hidden-sentinelContentType": "HuntingQuery"
      },
      "dependsOn": [
        "[resourceId('Microsoft.Resources/templateSpecs', variables('huntingQueryTemplateSpecName2'))]"
      ],
      "properties": {
        "description": "MDE_Process-IOCs_HuntingQueries Hunting Query with template version 2.0.0",
        "mainTemplate": {
          "$schema": "https://schema.management.azure.com/schemas/2019-04-01/deploymentTemplate.json#",
          "contentVersion": "[variables('huntingQueryVersion2')]",
          "parameters": {},
          "variables": {},
          "resources": [
            {
              "type": "Microsoft.OperationalInsights/savedSearches",
              "apiVersion": "2020-08-01",
              "name": "MicrosoftDefenderForEndpoint_Hunting_Query_2",
              "location": "[parameters('workspace-location')]",
              "properties": {
                "eTag": "*",
                "displayName": "SUNBURST suspicious SolarWinds child processes",
                "category": "Hunting Queries",
                "query": "\nlet excludeProcs = dynamic([@\"\\SolarWinds\\Orion\\APM\\APMServiceControl.exe\", @\"\\SolarWinds\\Orion\\ExportToPDFCmd.Exe\", @\"\\SolarWinds.Credentials\\SolarWinds.Credentials.Orion.WebApi.exe\", @\"\\SolarWinds\\Orion\\Topology\\SolarWinds.Orion.Topology.Calculator.exe\", @\"\\SolarWinds\\Orion\\Database-Maint.exe\", @\"\\SolarWinds.Orion.ApiPoller.Service\\SolarWinds.Orion.ApiPoller.Service.exe\", @\"\\Windows\\SysWOW64\\WerFault.exe\"]);\nDeviceProcessEvents\n| where InitiatingProcessFileName =~ \"solarwinds.businesslayerhost.exe\"\n| where not(FolderPath has_any (excludeProcs))\n| extend\n    timestamp = TimeGenerated,\n    AccountCustomEntity = iff(isnotempty(InitiatingProcessAccountUpn), InitiatingProcessAccountUpn, InitiatingProcessAccountName),\n    HostCustomEntity = DeviceName,\n    FileHashCustomEntity = MD5\n",
                "version": 2,
                "tags": [
                  {
                    "name": "description",
                    "value": "Identifies suspicious child processes of SolarWinds.Orion.Core.BusinessLayer.dll that may be evidence of the SUNBURST backdoor"
                  },
                  {
                    "name": "tactics",
                    "value": "Execution,Persistence"
                  }
                ]
              }
            },
            {
              "type": "Microsoft.OperationalInsights/workspaces/providers/metadata",
              "apiVersion": "2022-01-01-preview",
              "name": "[concat(parameters('workspace'),'/Microsoft.SecurityInsights/',concat('HuntingQuery-', last(split(variables('huntingQueryId2'),'/'))))]",
              "properties": {
                "description": "MicrosoftDefenderForEndpoint Hunting Query 2",
                "parentId": "[variables('huntingQueryId2')]",
                "contentId": "[variables('_huntingQuerycontentId2')]",
                "kind": "HuntingQuery",
                "version": "[variables('huntingQueryVersion2')]",
                "source": {
                  "kind": "Solution",
                  "name": "MicrosoftDefenderForEndpoint",
                  "sourceId": "[variables('_solutionId')]"
                },
                "author": {
                  "name": "Microsoft"
                },
                "support": {
                  "name": "Microsoft Corporation",
                  "email": "support@microsoft.com",
                  "tier": "Microsoft",
                  "link": "https://support.microsoft.com"
                }
              }
            }
          ]
        }
      }
    },
    {
      "type": "Microsoft.OperationalInsights/workspaces/providers/metadata",
      "apiVersion": "2022-01-01-preview",
      "location": "[parameters('workspace-location')]",
      "properties": {
        "version": "2.0.0",
        "kind": "Solution",
        "contentSchemaVersion": "2.0.0",
        "contentId": "[variables('_solutionId')]",
        "parentId": "[variables('_solutionId')]",
        "source": {
          "kind": "Solution",
          "name": "MicrosoftDefenderForEndpoint",
          "sourceId": "[variables('_solutionId')]"
        },
        "author": {
          "name": "Microsoft"
        },
        "support": {
          "name": "Microsoft Corporation",
          "email": "support@microsoft.com",
          "tier": "Microsoft",
          "link": "https://support.microsoft.com"
        },
        "dependencies": {
          "operator": "AND",
          "criteria": [
            {
              "kind": "DataConnector",
              "contentId": "[variables('_dataConnectorContentId1')]",
              "version": "[variables('dataConnectorVersion1')]"
            },
            {
              "kind": "AnalyticsRule",
              "contentId": "[variables('analyticRulecontentId1')]",
              "version": "[variables('analyticRuleVersion1')]"
            },
            {
              "kind": "Parser",
              "contentId": "[variables('_parserContentId1')]",
              "version": "[variables('parserVersion1')]"
            },
            {
              "kind": "Parser",
              "contentId": "[variables('_parserContentId2')]",
              "version": "[variables('parserVersion2')]"
            },
            {
              "kind": "HuntingQuery",
              "contentId": "[variables('_huntingQuerycontentId1')]",
              "version": "[variables('huntingQueryVersion1')]"
            },
            {
              "kind": "HuntingQuery",
              "contentId": "[variables('_huntingQuerycontentId2')]",
              "version": "[variables('huntingQueryVersion2')]"
            }
          ]
        },
        "firstPublishDate": "2022-01-31",
        "providers": [
          "Microsoft"
        ],
        "categories": {
          "domains": [
            "Security - Threat Protection"
          ]
        }
      },
      "name": "[concat(parameters('workspace'),'/Microsoft.SecurityInsights/', variables('_solutionId'))]"
    }
  ],
  "outputs": {}
}
