{
  "$schema": "https://schema.management.azure.com/schemas/2019-04-01/deploymentTemplate.json#",
  "contentVersion": "1.0.0.0",
  "metadata": {
    "author": "AIShield - AIShield.Contact@bosch.com",
    "comments": "Solution template for AIShield AI Security Monitoring"
  },
  "parameters": {
    "location": {
      "type": "string",
      "minLength": 1,
      "defaultValue": "[resourceGroup().location]",
      "metadata": {
        "description": "Not used, but needed to pass arm-ttk test `Location-Should-Not-Be-Hardcoded`.  We instead use the `workspace-location` which is derived from the LA workspace"
      }
    },
    "workspace-location": {
      "type": "string",
      "defaultValue": "",
      "metadata": {
        "description": "[concat('Region to deploy solution resources -- separate from location selection',parameters('location'))]"
      }
    },
    "workspace": {
      "defaultValue": "",
      "type": "string",
      "metadata": {
        "description": "Workspace name for Log Analytics where Microsoft Sentinel is setup"
      }
    }
  },
  "variables": {
    "solutionId": "rbei.bgsw_aishield_sentinel",
    "_solutionId": "[variables('solutionId')]",
    "email": "AIShield.Contact@bosch.com",
    "_email": "[variables('email')]",
    "analyticRuleVersion1": "1.0.1",
    "analyticRulecontentId1": "910b7d93-f1a0-4b76-9e32-593004c0fe85",
    "_analyticRulecontentId1": "[variables('analyticRulecontentId1')]",
    "analyticRuleId1": "[resourceId('Microsoft.SecurityInsights/AlertRuleTemplates', variables('analyticRulecontentId1'))]",
    "analyticRuleTemplateSpecName1": "[concat(parameters('workspace'),'-ar-',uniquestring(variables('_analyticRulecontentId1')))]",
    "workspaceResourceId": "[resourceId('microsoft.OperationalInsights/Workspaces', parameters('workspace'))]",
    "uiConfigId1": "BoschAIShield",
    "_uiConfigId1": "[variables('uiConfigId1')]",
    "dataConnectorContentId1": "BoschAIShield",
    "_dataConnectorContentId1": "[variables('dataConnectorContentId1')]",
    "dataConnectorId1": "[extensionResourceId(resourceId('Microsoft.OperationalInsights/workspaces', parameters('workspace')), 'Microsoft.SecurityInsights/dataConnectors', variables('_dataConnectorContentId1'))]",
    "_dataConnectorId1": "[variables('dataConnectorId1')]",
    "dataConnectorTemplateSpecName1": "[concat(parameters('workspace'),'-dc-',uniquestring(variables('_dataConnectorContentId1')))]",
    "dataConnectorVersion1": "1.0.0",
    "parserVersion1": "1.0.0",
    "parserContentId1": "AIShield-Parser",
    "_parserContentId1": "[variables('parserContentId1')]",
    "parserName1": "AIShield",
    "_parserName1": "[concat(parameters('workspace'),'/',variables('parserName1'))]",
    "parserId1": "[resourceId('Microsoft.OperationalInsights/workspaces/savedSearches', parameters('workspace'), variables('parserName1'))]",
    "_parserId1": "[variables('parserId1')]",
    "parserTemplateSpecName1": "[concat(parameters('workspace'),'-pr-',uniquestring(variables('_parserContentId1')))]"
  },
  "resources": [
    {
      "type": "Microsoft.Resources/templateSpecs",
      "apiVersion": "2021-05-01",
      "name": "[variables('analyticRuleTemplateSpecName1')]",
      "location": "[parameters('workspace-location')]",
      "tags": {
        "hidden-sentinelWorkspaceId": "[variables('workspaceResourceId')]",
        "hidden-sentinelContentType": "AnalyticsRule"
      },
      "properties": {
        "description": "AIShield AI Security Monitoring Analytics Rule 1 with template",
        "displayName": "AIShield AI Security Monitoring Analytics Rule template"
      }
    },
    {
      "type": "Microsoft.Resources/templateSpecs/versions",
      "apiVersion": "2021-05-01",
      "name": "[concat(variables('analyticRuleTemplateSpecName1'),'/',variables('analyticRuleVersion1'))]",
      "location": "[parameters('workspace-location')]",
      "tags": {
        "hidden-sentinelWorkspaceId": "[variables('workspaceResourceId')]",
        "hidden-sentinelContentType": "AnalyticsRule"
      },
      "dependsOn": [
        "[resourceId('Microsoft.Resources/templateSpecs', variables('analyticRuleTemplateSpecName1'))]"
      ],
      "properties": {
        "description": "ImageClassficationModelTheftVulnDetection_AnalyticalRules Analytics Rule with template version 2.0.2",
        "mainTemplate": {
          "$schema": "https://schema.management.azure.com/schemas/2019-04-01/deploymentTemplate.json#",
          "contentVersion": "[variables('analyticRuleVersion1')]",
          "parameters": {},
          "variables": {},
          "resources": [
            {
              "type": "Microsoft.SecurityInsights/AlertRuleTemplates",
              "name": "[variables('AnalyticRulecontentId1')]",
              "apiVersion": "2022-04-01-preview",
              "kind": "Scheduled",
              "location": "[parameters('workspace-location')]",
              "properties": {
                "description": "This alert creates an incident when Image classification model theft vulnerability detected from the AIShield.",
                "displayName": "AIShield - Image classification model theft vulnerability detection",
                "enabled": false,
                "query": "AIShield\n| where ServiceName has 'image_classification'\n| where Severity =~ 'High'\n",
                "queryFrequency": "PT1H",
                "queryPeriod": "PT1H",
                "severity": "High",
                "suppressionDuration": "PT1H",
                "suppressionEnabled": false,
                "triggerOperator": "GreaterThan",
                "triggerThreshold": 0,
                "status": "Available",
                "requiredDataConnectors": [
                  {
                    "dataTypes": [
                      "AIShield"
                    ],
                    "connectorId": "BoschAIShield"
                  }
                ],
                "eventGroupingSettings": {
                  "aggregationKind": "SingleAlert"
                },
                "alertDetailsOverride": {
                  "alertSeverityColumnName": "Severity",
                  "alertDisplayNameFormat": "AIShield - Image classification model theft vulnerability detected.",
                  "alertDescriptionFormat": "This query detects Image classification model theft vulnerability alert from {{EventProduct}} generated at {{TimeGenerated}}\\n\\nPlease check the source for more information and investigate further.\n"
                }
              }
            },
            {
              "type": "Microsoft.OperationalInsights/workspaces/providers/metadata",
              "apiVersion": "2022-01-01-preview",
              "name": "[concat(parameters('workspace'),'/Microsoft.SecurityInsights/',concat('AnalyticsRule-', last(split(variables('analyticRuleId1'),'/'))))]",
              "properties": {
                "description": "AIShield AI Security Monitoring Analytics Rule 1",
                "parentId": "[variables('analyticRuleId1')]",
                "contentId": "[variables('_analyticRulecontentId1')]",
                "kind": "AnalyticsRule",
                "version": "[variables('analyticRuleVersion1')]",
                "source": {
                  "kind": "Solution",
                  "name": "AIShield AI Security Monitoring",
                  "sourceId": "[variables('_solutionId')]"
                },
                "author": {
                  "name": "AIShield",
                  "email": "[variables('_email')]"
                },
                "support": {
                  "name": "AIShield",
                  "tier": "Partner",
                  "email": "AIShield.Contact@bosch.com",
                  "link": "https://azuremarketplace.microsoft.com/marketplace/apps/rbei.bgsw_aishield_product/"
                }
              }
            }
          ]
        }
      }
    },
    {
      "type": "Microsoft.Resources/templateSpecs",
      "apiVersion": "2021-05-01",
      "name": "[variables('dataConnectorTemplateSpecName1')]",
      "location": "[parameters('workspace-location')]",
      "tags": {
        "hidden-sentinelWorkspaceId": "[variables('workspaceResourceId')]",
        "hidden-sentinelContentType": "DataConnector"
      },
      "properties": {
        "description": "AIShield AI Security Monitoring data connector with template",
        "displayName": "AIShield AI Security Monitoring template"
      }
    },
    {
      "type": "Microsoft.Resources/templateSpecs/versions",
      "apiVersion": "2021-05-01",
      "name": "[concat(variables('dataConnectorTemplateSpecName1'),'/',variables('dataConnectorVersion1'))]",
      "location": "[parameters('workspace-location')]",
      "tags": {
        "hidden-sentinelWorkspaceId": "[variables('workspaceResourceId')]",
        "hidden-sentinelContentType": "DataConnector"
      },
      "dependsOn": [
        "[resourceId('Microsoft.Resources/templateSpecs', variables('dataConnectorTemplateSpecName1'))]"
      ],
      "properties": {
        "description": "AIShield AI Security Monitoring data connector with template version 2.0.2",
        "mainTemplate": {
          "$schema": "https://schema.management.azure.com/schemas/2019-04-01/deploymentTemplate.json#",
          "contentVersion": "[variables('dataConnectorVersion1')]",
          "parameters": {},
          "variables": {},
          "resources": [
            {
              "name": "[concat(parameters('workspace'),'/Microsoft.SecurityInsights/',variables('_dataConnectorContentId1'))]",
              "apiVersion": "2021-03-01-preview",
              "type": "Microsoft.OperationalInsights/workspaces/providers/dataConnectors",
              "location": "[parameters('workspace-location')]",
              "kind": "GenericUI",
              "properties": {
                "connectorUiConfig": {
                  "id": "[variables('_uiConfigId1')]",
                  "title": "AIShield",
                  "publisher": "Bosch",
                  "descriptionMarkdown": "[AIShield](https://www.boschaishield.com/) connector allows users to connect with AIShield custom defense mechanism logs with Microsoft Sentinel, allowing the creation of dynamic Dashboards, Workbooks, Notebooks and tailored Alerts to improve investigation and thwart attacks on AI systems. It gives users more insight into their organization's AI assets security posturing and improves their AI systems security operation capabilities.",
                  "additionalRequirementBanner": "This data connector depends on a parser based on Kusto Function to work as expected [**AIShield**](https://aka.ms/sentinel-boschaishield-parser) which is deployed with the Microsoft Sentinel Solution.",
                  "graphQueries": [
                    {
                      "metricName": "Total data received",
                      "legend": "AIShield_CL",
                      "baseQuery": "AIShield_CL"
                    }
                  ],
                  "sampleQueries": [
                    {
                      "description": "Get all incidents order by time",
                      "query": "AIShield\n            | order by TimeGenerated desc "
                    },
                    {
                      "description": "Get high risk incidents",
                      "query": "AIShield\n            |  where Severity =~ 'High'"
                    }
                  ],
                  "dataTypes": [
                    {
                      "name": "AIShield_CL",
                      "lastDataReceivedQuery": "AIShield_CL\n            | summarize Time = max(TimeGenerated)\n| where isnotempty(Time)"
                    }
                  ],
                  "connectivityCriterias": [
                    {
                      "type": "IsConnectedQuery",
                      "value": [
                        "AIShield_CL\n            | summarize LastLogReceived = max(TimeGenerated)\n            | project IsConnected = LastLogReceived > ago(30d)"
                      ]
                    }
                  ],
                  "availability": {
                    "status": 1,
                    "isPreview": false
                  },
                  "permissions": {
                    "resourceProvider": [
                      {
                        "provider": "Microsoft.OperationalInsights/workspaces",
                        "permissionsDisplayText": "read and write permissions are required.",
                        "providerDisplayName": "Workspace",
                        "scope": "Workspace",
                        "requiredPermissions": {
                          "write": true,
                          "read": true,
                          "delete": true
                        }
                      },
                      {
                        "provider": "Microsoft.OperationalInsights/workspaces/sharedKeys",
                        "permissionsDisplayText": "read permissions to shared keys for the workspace are required. [See the documentation to learn more about workspace keys](https://docs.microsoft.com/azure/azure-monitor/platform/agent-windows#obtain-workspace-id-and-key).",
                        "providerDisplayName": "Keys",
                        "scope": "Workspace",
                        "requiredPermissions": {
                          "action": true
                        }
                      }
                    ],
                    "customs": [
                      {
                        "name": "Note",
                        "description": "Users should have utilized AIShield SaaS offering to conduct vulnerability analysis and deployed custom defense mechanisms generated along with their AI asset. [**Click here**](https://azuremarketplace.microsoft.com/marketplace/apps/rbei.bgsw_aishield_product) to know more or get in touch."
                      }
                    ]
                  },
                  "instructionSteps": [
                    {
                      "description": ">**NOTE:** This data connector depends on a parser based on a Kusto Function to work as expected [**AIShield**](https://aka.ms/sentinel-boschaishield-parser) which is deployed with the Microsoft Sentinel Solution."
                    },
                    {
                      "description": "\n>**IMPORTANT:** Before deploying the AIShield Connector, have the Workspace ID and Workspace Primary Key (can be copied from the following).",
                      "instructions": [
                        {
                          "parameters": {
                            "fillWith": [
                              "WorkspaceId"
                            ],
                            "label": "Workspace ID"
                          },
                          "type": "CopyableLabel"
                        },
                        {
                          "parameters": {
                            "fillWith": [
                              "PrimaryKey"
                            ],
                            "label": "Primary Key"
                          },
                          "type": "CopyableLabel"
                        }
                      ]
                    }
                  ],
                  "metadata": {
                    "id": "cb950e71-d52e-4333-8637-96e3a5aaf70d",
                    "version": "1.0.0",
                    "kind": "dataConnector",
                    "source": {
                      "kind": "solution",
                      "name": "AIShield"
                    },
                    "author": {
                      "name": "AIShield"
                    },
                    "support": {
                      "name": "AIShield",
                      "link": "mailto:AIShield.Contact@bosch.com",
                      "tier": "developer"
                    }
                  }
                }
              }
            },
            {
              "type": "Microsoft.OperationalInsights/workspaces/providers/metadata",
              "apiVersion": "2022-01-01-preview",
              "name": "[concat(parameters('workspace'),'/Microsoft.SecurityInsights/',concat('DataConnector-', last(split(variables('_dataConnectorId1'),'/'))))]",
              "properties": {
                "parentId": "[extensionResourceId(resourceId('Microsoft.OperationalInsights/workspaces', parameters('workspace')), 'Microsoft.SecurityInsights/dataConnectors', variables('_dataConnectorContentId1'))]",
                "contentId": "[variables('_dataConnectorContentId1')]",
                "kind": "DataConnector",
                "version": "[variables('dataConnectorVersion1')]",
                "source": {
                  "kind": "Solution",
                  "name": "AIShield AI Security Monitoring",
                  "sourceId": "[variables('_solutionId')]"
                },
                "author": {
                  "name": "AIShield",
                  "email": "[variables('_email')]"
                },
                "support": {
                  "name": "AIShield",
                  "tier": "Partner",
                  "email": "AIShield.Contact@bosch.com",
                  "link": "https://azuremarketplace.microsoft.com/marketplace/apps/rbei.bgsw_aishield_product/"
                }
              }
            }
          ]
        }
      }
    },
    {
      "type": "Microsoft.OperationalInsights/workspaces/providers/metadata",
      "apiVersion": "2022-01-01-preview",
      "name": "[concat(parameters('workspace'),'/Microsoft.SecurityInsights/',concat('DataConnector-', last(split(variables('_dataConnectorId1'),'/'))))]",
      "dependsOn": [
        "[variables('_dataConnectorId1')]"
      ],
      "location": "[parameters('workspace-location')]",
      "properties": {
        "parentId": "[extensionResourceId(resourceId('Microsoft.OperationalInsights/workspaces', parameters('workspace')), 'Microsoft.SecurityInsights/dataConnectors', variables('_dataConnectorContentId1'))]",
        "contentId": "[variables('_dataConnectorContentId1')]",
        "kind": "DataConnector",
        "version": "[variables('dataConnectorVersion1')]",
        "source": {
          "kind": "Solution",
          "name": "AIShield AI Security Monitoring",
          "sourceId": "[variables('_solutionId')]"
        },
        "author": {
          "name": "AIShield",
          "email": "[variables('_email')]"
        },
        "support": {
          "name": "AIShield",
          "tier": "Partner",
          "email": "AIShield.Contact@bosch.com",
          "link": "https://azuremarketplace.microsoft.com/marketplace/apps/rbei.bgsw_aishield_product/"
        }
      }
    },
    {
      "name": "[concat(parameters('workspace'),'/Microsoft.SecurityInsights/',variables('_dataConnectorContentId1'))]",
      "apiVersion": "2021-03-01-preview",
      "type": "Microsoft.OperationalInsights/workspaces/providers/dataConnectors",
      "location": "[parameters('workspace-location')]",
      "kind": "GenericUI",
      "properties": {
        "connectorUiConfig": {
          "title": "AIShield",
          "publisher": "Bosch",
          "descriptionMarkdown": "[AIShield](https://www.boschaishield.com/) connector allows users to connect with AIShield custom defense mechanism logs with Microsoft Sentinel, allowing the creation of dynamic Dashboards, Workbooks, Notebooks and tailored Alerts to improve investigation and thwart attacks on AI systems. It gives users more insight into their organization's AI assets security posturing and improves their AI systems security operation capabilities.",
          "graphQueries": [
            {
              "metricName": "Total data received",
              "legend": "AIShield_CL",
              "baseQuery": "AIShield_CL"
            }
          ],
          "dataTypes": [
            {
              "name": "AIShield_CL",
              "lastDataReceivedQuery": "AIShield_CL\n            | summarize Time = max(TimeGenerated)\n| where isnotempty(Time)"
            }
          ],
          "connectivityCriterias": [
            {
              "type": "IsConnectedQuery",
              "value": [
                "AIShield_CL\n            | summarize LastLogReceived = max(TimeGenerated)\n            | project IsConnected = LastLogReceived > ago(30d)"
              ]
            }
          ],
          "sampleQueries": [
            {
              "description": "Get all incidents order by time",
              "query": "AIShield\n            | order by TimeGenerated desc "
            },
            {
              "description": "Get high risk incidents",
              "query": "AIShield\n            |  where Severity =~ 'High'"
            }
          ],
          "availability": {
            "status": 1,
            "isPreview": false
          },
          "permissions": {
            "resourceProvider": [
              {
                "provider": "Microsoft.OperationalInsights/workspaces",
                "permissionsDisplayText": "read and write permissions are required.",
                "providerDisplayName": "Workspace",
                "scope": "Workspace",
                "requiredPermissions": {
                  "write": true,
                  "read": true,
                  "delete": true
                }
              },
              {
                "provider": "Microsoft.OperationalInsights/workspaces/sharedKeys",
                "permissionsDisplayText": "read permissions to shared keys for the workspace are required. [See the documentation to learn more about workspace keys](https://docs.microsoft.com/azure/azure-monitor/platform/agent-windows#obtain-workspace-id-and-key).",
                "providerDisplayName": "Keys",
                "scope": "Workspace",
                "requiredPermissions": {
                  "action": true
                }
              }
            ],
            "customs": [
              {
                "name": "Note",
                "description": "Users should have utilized AIShield SaaS offering to conduct vulnerability analysis and deployed custom defense mechanisms generated along with their AI asset. [**Click here**](https://azuremarketplace.microsoft.com/marketplace/apps/rbei.bgsw_aishield_product) to know more or get in touch."
              }
            ]
          },
          "instructionSteps": [
            {
              "description": ">**NOTE:** This data connector depends on a parser based on a Kusto Function to work as expected [**AIShield**](https://aka.ms/sentinel-boschaishield-parser) which is deployed with the Microsoft Sentinel Solution."
            },
            {
              "description": "\n>**IMPORTANT:** Before deploying the AIShield Connector, have the Workspace ID and Workspace Primary Key (can be copied from the following).",
              "instructions": [
                {
                  "parameters": {
                    "fillWith": [
                      "WorkspaceId"
                    ],
                    "label": "Workspace ID"
                  },
                  "type": "CopyableLabel"
                },
                {
                  "parameters": {
                    "fillWith": [
                      "PrimaryKey"
                    ],
                    "label": "Primary Key"
                  },
                  "type": "CopyableLabel"
                }
              ]
            }
          ],
          "id": "[variables('_uiConfigId1')]",
          "additionalRequirementBanner": "This data connector depends on a parser based on Kusto Function to work as expected [**AIShield**](https://aka.ms/sentinel-boschaishield-parser) which is deployed with the Microsoft Sentinel Solution."
        }
      }
    },
    {
      "type": "Microsoft.Resources/templateSpecs",
      "apiVersion": "2021-05-01",
      "name": "[variables('parserTemplateSpecName1')]",
      "location": "[parameters('workspace-location')]",
      "tags": {
        "hidden-sentinelWorkspaceId": "[variables('workspaceResourceId')]",
        "hidden-sentinelContentType": "Parser"
      },
      "properties": {
        "description": "AIShield Data Parser with template",
        "displayName": "AIShield Data Parser template"
      }
    },
    {
      "type": "Microsoft.Resources/templateSpecs/versions",
      "apiVersion": "2021-05-01",
      "name": "[concat(variables('parserTemplateSpecName1'),'/',variables('parserVersion1'))]",
      "location": "[parameters('workspace-location')]",
      "tags": {
        "hidden-sentinelWorkspaceId": "[variables('workspaceResourceId')]",
        "hidden-sentinelContentType": "Parser"
      },
      "dependsOn": [
        "[resourceId('Microsoft.Resources/templateSpecs', variables('parserTemplateSpecName1'))]"
      ],
      "properties": {
        "description": "AIShield Data Parser with template version 2.0.2",
        "mainTemplate": {
          "$schema": "https://schema.management.azure.com/schemas/2019-04-01/deploymentTemplate.json#",
          "contentVersion": "[variables('parserVersion1')]",
          "parameters": {},
          "variables": {},
          "resources": [
            {
              "name": "[variables('_parserName1')]",
              "apiVersion": "2020-08-01",
              "type": "Microsoft.OperationalInsights/workspaces/savedSearches",
              "location": "[parameters('workspace-location')]",
              "properties": {
                "eTag": "*",
                "displayName": "AIShield",
                "category": "Samples",
                "functionAlias": "AIShield",
                "query": "\n\r\nAIShield_CL\r\n| extend EventVendor = 'Bosch'\r\n| extend EventProduct = 'AIShield'\r\n| extend Severity = iff(probablity_d between (0.85..1.0),\"High\",iff(probablity_d between\r\n  (0.7..0.84), \"Medium\", iff(probablity_d < (0.7),\"Low\",\"Unknown\")))\r\n| project-rename\r\n    AttackName = attack_name_s,\r\n    Message = RawMessage_s,\r\n    ServiceName = service_name_s,\r\n    AssetId = asset_id_s,\r\n    EventTimestamp = timestamp_t,\r\n    SourceName = source_name_s\r\n| project-away probablity_d\r\n",
                "version": 1,
                "tags": [
                  {
                    "name": "description",
                    "value": "AIShield"
                  }
                ]
              }
            },
            {
              "type": "Microsoft.OperationalInsights/workspaces/providers/metadata",
              "apiVersion": "2022-01-01-preview",
              "name": "[concat(parameters('workspace'),'/Microsoft.SecurityInsights/',concat('Parser-', last(split(variables('_parserId1'),'/'))))]",
              "dependsOn": [
                "[variables('_parserName1')]"
              ],
              "properties": {
                "parentId": "[resourceId('Microsoft.OperationalInsights/workspaces/savedSearches', parameters('workspace'), variables('parserName1'))]",
                "contentId": "[variables('_parserContentId1')]",
                "kind": "Parser",
                "version": "[variables('parserVersion1')]",
                "source": {
                  "name": "AIShield AI Security Monitoring",
                  "kind": "Solution",
                  "sourceId": "[variables('_solutionId')]"
                },
                "author": {
                  "name": "AIShield",
                  "email": "[variables('_email')]"
                },
                "support": {
                  "name": "AIShield",
                  "tier": "Partner",
                  "email": "AIShield.Contact@bosch.com",
                  "link": "https://azuremarketplace.microsoft.com/marketplace/apps/rbei.bgsw_aishield_product/"
                }
              }
            }
          ]
        }
      }
    },
    {
      "type": "Microsoft.OperationalInsights/workspaces/savedSearches",
      "apiVersion": "2021-06-01",
      "name": "[variables('_parserName1')]",
      "location": "[parameters('workspace-location')]",
      "properties": {
        "eTag": "*",
        "displayName": "AIShield",
        "category": "Samples",
        "functionAlias": "AIShield",
        "query": "\n\r\nAIShield_CL\r\n| extend EventVendor = 'Bosch'\r\n| extend EventProduct = 'AIShield'\r\n| extend Severity = iff(probablity_d between (0.85..1.0),\"High\",iff(probablity_d between\r\n  (0.7..0.84), \"Medium\", iff(probablity_d < (0.7),\"Low\",\"Unknown\")))\r\n| project-rename\r\n    AttackName = attack_name_s,\r\n    Message = RawMessage_s,\r\n    ServiceName = service_name_s,\r\n    AssetId = asset_id_s,\r\n    EventTimestamp = timestamp_t,\r\n    SourceName = source_name_s\r\n| project-away probablity_d\r\n",
        "version": 1
      }
    },
    {
      "type": "Microsoft.OperationalInsights/workspaces/providers/metadata",
      "apiVersion": "2022-01-01-preview",
      "location": "[parameters('workspace-location')]",
      "name": "[concat(parameters('workspace'),'/Microsoft.SecurityInsights/',concat('Parser-', last(split(variables('_parserId1'),'/'))))]",
      "dependsOn": [
        "[variables('_parserId1')]"
      ],
      "properties": {
        "parentId": "[resourceId('Microsoft.OperationalInsights/workspaces/savedSearches', parameters('workspace'), variables('parserName1'))]",
        "contentId": "[variables('_parserContentId1')]",
        "kind": "Parser",
        "version": "[variables('parserVersion1')]",
        "source": {
          "kind": "Solution",
          "name": "AIShield AI Security Monitoring",
          "sourceId": "[variables('_solutionId')]"
        },
        "author": {
          "name": "AIShield",
          "email": "[variables('_email')]"
        },
        "support": {
          "name": "AIShield",
          "tier": "Partner",
          "email": "AIShield.Contact@bosch.com",
          "link": "https://azuremarketplace.microsoft.com/marketplace/apps/rbei.bgsw_aishield_product/"
        }
      }
    },
    {
      "type": "Microsoft.OperationalInsights/workspaces/providers/metadata",
      "apiVersion": "2022-01-01-preview",
      "location": "[parameters('workspace-location')]",
      "properties": {
        "version": "2.0.2",
        "kind": "Solution",
        "contentSchemaVersion": "2.0.0",
        "contentId": "[variables('_solutionId')]",
        "parentId": "[variables('_solutionId')]",
        "source": {
          "kind": "Solution",
          "name": "AIShield AI Security Monitoring",
          "sourceId": "[variables('_solutionId')]"
        },
        "author": {
          "name": "AIShield",
          "email": "[variables('_email')]"
        },
        "support": {
          "name": "AIShield",
          "email": "AIShield.Contact@bosch.com",
          "tier": "Partner",
          "link": "https://azuremarketplace.microsoft.com/marketplace/apps/rbei.bgsw_aishield_product/"
        },
        "dependencies": {
          "operator": "AND",
          "criteria": [
            {
              "kind": "AnalyticsRule",
              "contentId": "[variables('analyticRulecontentId1')]",
              "version": "[variables('analyticRuleVersion1')]"
            },
            {
              "kind": "DataConnector",
              "contentId": "[variables('_dataConnectorContentId1')]",
              "version": "[variables('dataConnectorVersion1')]"
            },
            {
              "kind": "Parser",
              "contentId": "[variables('_parserContentId1')]",
              "version": "[variables('parserVersion1')]"
            }
          ]
        },
        "firstPublishDate": "2022-01-11",
        "providers": [
          "AIShield"
        ],
        "categories": {
          "domains": [
            "Security - Threat Protection"
          ]
        }
      },
      "name": "[concat(parameters('workspace'),'/Microsoft.SecurityInsights/', variables('_solutionId'))]"
    }
  ],
  "outputs": {}
}
