{
  "$schema": "https://schema.management.azure.com/schemas/0.1.2-preview/CreateUIDefinition.MultiVm.json#",
  "handler": "Microsoft.Azure.CreateUIDef",
  "version": "0.1.2-preview",
  "parameters": {
    "config": {
      "isWizard": false,
      "basics": {
        "description": "<img src=\"https://raw.githubusercontent.com/Azure/Azure-Sentinel/master/Logos/Azure_Sentinel.svg\" width=\"75px\" height=\"75px\">\n\n**Note:** _There may be [known issues](https://aka.ms/sentinelsolutionsknownissues) pertaining to this Solution, please refer to them before installing._\n\nThe [Azure DevOps](https://azure.microsoft.com/products/devops/) Auditing solution for Microsoft Sentinel allows monitoring Azure DevOps [audit events](https://docs.microsoft.com/azure/devops/organizations/audit/azure-devops-auditing?view=azure-devops&tabs=preview-page#review-audit-log) to enable detection of malicious and/or unauthorized access and modification in the repository or pipelines.  The streaming of [Azure DevOps Audit logs to Azure Monitor](https://docs.microsoft.com/azure/devops/organizations/audit/auditing-streaming?view=azure-devops) must be configured to start ingesting audit events.\n\n**Analytic Rules:** 18, **Hunting Queries:** 17\n\n[Learn more about Microsoft Sentinel](https://aka.ms/azuresentinel) | [Learn more about Solutions](https://aka.ms/azuresentinelsolutionsdoc)",
        "subscription": {
          "resourceProviders": [
            "Microsoft.OperationsManagement/solutions",
            "Microsoft.OperationalInsights/workspaces/providers/alertRules",
            "Microsoft.Insights/workbooks",
            "Microsoft.Logic/workflows"
          ]
        },
        "location": {
          "metadata": {
            "hidden": "Hiding location, we get it from the log analytics workspace"
          },
          "visible": false
        },
        "resourceGroup": {
          "allowExisting": true
        }
      }
    },
    "basics": [
      {
        "name": "getLAWorkspace",
        "type": "Microsoft.Solutions.ArmApiControl",
        "toolTip": "This filters by workspaces that exist in the Resource Group selected",
        "condition": "[greater(length(resourceGroup().name),0)]",
        "request": {
          "method": "GET",
          "path": "[concat(subscription().id,'/providers/Microsoft.OperationalInsights/workspaces?api-version=2020-08-01')]"
        }
      },
      {
        "name": "workspace",
        "type": "Microsoft.Common.DropDown",
        "label": "Workspace",
        "placeholder": "Select a workspace",
        "toolTip": "This dropdown will list only workspace that exists in the Resource Group selected",
        "constraints": {
          "allowedValues": "[map(filter(basics('getLAWorkspace').value, (filter) => contains(toLower(filter.id), toLower(resourceGroup().name))), (item) => parse(concat('{\"label\":\"', item.name, '\",\"value\":\"', item.name, '\"}')))]",
          "required": true
        },
        "visible": true
      }
    ],
    "steps": [
      {
        "name": "analytics",
        "label": "Analytics",
        "subLabel": {
          "preValidation": "Configure the analytics",
          "postValidation": "Done"
        },
        "bladeTitle": "Analytics",
        "elements": [
          {
            "name": "analytics-text",
            "type": "Microsoft.Common.TextBlock",
            "options": {
              "text": "This solution installs the following analytic rule templates. After installing the solution, create and enable analytic rules in Manage solution view."
            }
          },
          {
            "name": "analytics-link",
            "type": "Microsoft.Common.TextBlock",
            "options": {
              "link": {
                "label": "Learn more",
                "uri": "https://docs.microsoft.com/azure/sentinel/tutorial-detect-threats-custom?WT.mc_id=Portal-Microsoft_Azure_CreateUIDef"
              }
            }
          },
          {
            "name": "analytic1",
            "type": "Microsoft.Common.Section",
            "label": "Azure DevOps Agent Pool Created Then Deleted",
            "elements": [
              {
                "name": "analytic1-text",
                "type": "Microsoft.Common.TextBlock",
                "options": {
                  "text": "As well as adding build agents to an existing pool to execute malicious activity within a pipeline, an attacker could create a complete new agent pool and use this for execution.\nAzure DevOps allows for the creation of agent pools with Azure hosted infrastructure or self-hosted infrastructure. Given the additional customizability of self-hosted agents this \ndetection focuses on the creation of new self-hosted pools. To further reduce false positive rates the detection looks for pools created and deleted relatively quickly (within 7 days by default), \nas an attacker is likely to remove a malicious pool once used in order to reduce/remove evidence of their activity."
                }
              }
            ]
          },
          {
            "name": "analytic2",
            "type": "Microsoft.Common.Section",
            "label": "Azure DevOps Audit Stream Disabled",
            "elements": [
              {
                "name": "analytic2-text",
                "type": "Microsoft.Common.TextBlock",
                "options": {
                  "text": "Azure DevOps allow for audit logs to be streamed to external storage solutions such as SIEM solutions. An attacker looking to hide malicious Azure DevOps activity from defenders may look to disable data streams \nbefore conducting activity and then re-enabling the stream after (so as not to raise data threshold-based alarms). Looking for disabled audit streams can identify this activity, and due to the nature of the action \nits unlikely to have a high false positive rate."
                }
              }
            ]
          },
          {
            "name": "analytic3",
            "type": "Microsoft.Common.Section",
            "label": "Azure DevOps New Extension Added",
            "elements": [
              {
                "name": "analytic3-text",
                "type": "Microsoft.Common.TextBlock",
                "options": {
                  "text": "Extensions add additional features to Azure DevOps. An attacker could use a malicious extension to conduct malicious activity. \nThis query looks for new extensions that are not from a configurable list of approved publishers."
                }
              }
            ]
          },
          {
            "name": "analytic4",
            "type": "Microsoft.Common.Section",
            "label": "Azure DevOps PAT used with Browser.",
            "elements": [
              {
                "name": "analytic4-text",
                "type": "Microsoft.Common.TextBlock",
                "options": {
                  "text": "Personal Access Tokens (PATs) are used as an alternate password to authenticate into Azure DevOps. PATs are intended for programmatic access use in code or applications. \nThis can be prone to attacker theft if not adequately secured. This query looks for the use of a PAT in authentication but from a User Agent indicating a browser. \nThis should not be normal activity and could be an indicator of an attacker using a stolen PAT."
                }
              }
            ]
          },
          {
            "name": "analytic5",
            "type": "Microsoft.Common.Section",
            "label": "Azure DevOps Pipeline modified by a new user.",
            "elements": [
              {
                "name": "analytic5-text",
                "type": "Microsoft.Common.TextBlock",
                "options": {
                  "text": "There are several potential pipeline steps that could be modified by an attacker to inject malicious code into the build cycle. A likely attacker path is the modification to an existing pipeline that they have access to. \nThis detection looks for users modifying a pipeline when they have not previously been observed modifying or creating that pipeline before. This query also joins events with data to Azure AD Identity Protection (AAD IdP) \nin order to show if the user conducting the action has any associated AAD IdP alerts. You can also choose to filter this detection to only alert when the user also has AAD IdP alerts associated with them."
                }
              }
            ]
          },
          {
            "name": "analytic6",
            "type": "Microsoft.Common.Section",
            "label": "Azure DevOps Retention Reduced",
            "elements": [
              {
                "name": "analytic6-text",
                "type": "Microsoft.Common.TextBlock",
                "options": {
                  "text": "AzureDevOps retains items such as run records and produced artifacts for a configurable amount of time. An attacker looking to reduce the footprint left by their malicious activity may look to reduce the retention time for artifacts and runs.\nThis query will look for where retention has been reduced to the minimum level - 1, or reduced by more than half."
                }
              }
            ]
          },
          {
            "name": "analytic7",
            "type": "Microsoft.Common.Section",
            "label": "Azure DevOps Variable Secret Not Secured",
            "elements": [
              {
                "name": "analytic7-text",
                "type": "Microsoft.Common.TextBlock",
                "options": {
                  "text": "Credentials used in the build process may be stored as Azure DevOps variables. To secure these variables they should be stored in KeyVault or marked as Secrets. \nThis detection looks for new variables added with names that suggest they are credentials but where they are not set as Secrets or stored in KeyVault."
                }
              }
            ]
          },
          {
            "name": "analytic8",
            "type": "Microsoft.Common.Section",
            "label": "Azure DevOps Build Variable Modified by New User.",
            "elements": [
              {
                "name": "analytic8-text",
                "type": "Microsoft.Common.TextBlock",
                "options": {
                  "text": "Variables can be configured and used at any stage of the build process in Azure DevOps to inject values. An attacker with the required permissions could modify \nor add to these variables to conduct malicious activity such as changing paths or remote endpoints called during the build. As variables are often changed by users, \njust detecting these changes would have a high false positive rate. This detection looks for modifications to variable groups where that user has not been observed \nmodifying them before."
                }
              }
            ]
          },
          {
            "name": "analytic9",
            "type": "Microsoft.Common.Section",
            "label": "Azure DevOps Administrator Group Monitoring",
            "elements": [
              {
                "name": "analytic9-text",
                "type": "Microsoft.Common.TextBlock",
                "options": {
                  "text": "This detection monitors for additions to projects or project collection administration groups in an Azure DevOps Organization."
                }
              }
            ]
          },
          {
            "name": "analytic10",
            "type": "Microsoft.Common.Section",
            "label": "Azure DevOps Pull Request Policy Bypassing - Historic allow list",
            "elements": [
              {
                "name": "analytic10-text",
                "type": "Microsoft.Common.TextBlock",
                "options": {
                  "text": "This detection builds an allow list of historic PR policy bypasses and compares to recent history, flagging pull request bypasses that are not manually in the allow list and not historically included in the allow list."
                }
              }
            ]
          },
          {
            "name": "analytic11",
            "type": "Microsoft.Common.Section",
            "label": "Azure DevOps Service Connection Addition/Abuse - Historic allow list",
            "elements": [
              {
                "name": "analytic11-text",
                "type": "Microsoft.Common.TextBlock",
                "options": {
                  "text": "This detection builds an allow list of historic service connection use by Builds and Releases and compares to recent history, flagging growth of service connection use which are not manually included in the allow list and \nnot historically included in the allow list Build/Release runs.  This is to determine if someone is hijacking a build/release and adding many service connections in order to abuse or dump credentials from service connections."
                }
              }
            ]
          },
          {
            "name": "analytic12",
            "type": "Microsoft.Common.Section",
            "label": "Azure DevOps Personal Access Token (PAT) misuse",
            "elements": [
              {
                "name": "analytic12-text",
                "type": "Microsoft.Common.TextBlock",
                "options": {
                  "text": "This Alert detects whenever a PAT is used in ways that PATs are not normally used. May require an allow list and baselining.\nReference - https://docs.microsoft.com/azure/devops/organizations/accounts/use-personal-access-tokens-to-authenticate?view=azure-devops&tabs=preview-page\nUse this query for baselining:\nAzureDevOpsAuditing\n| distinct OperationName"
                }
              }
            ]
          },
          {
            "name": "analytic13",
            "type": "Microsoft.Common.Section",
            "label": "Azure DevOps Pipeline Created and Deleted on the Same Day",
            "elements": [
              {
                "name": "analytic13-text",
                "type": "Microsoft.Common.TextBlock",
                "options": {
                  "text": "An attacker with access to Azure DevOps could create a pipeline to inject artifacts used by other pipelines, \nor to create a malicious software build that looks legitimate by using a pipeline that incorporates legitimate elements. \nAn attacker would also likely want to cover their tracks once conducting such activity. This query looks for Pipelines \ncreated and deleted within the same day, this is unlikely to be legitimate user activity in the majority of cases."
                }
              }
            ]
          },
          {
            "name": "analytic14",
            "type": "Microsoft.Common.Section",
            "label": "Azure DevOps Service Connection Abuse",
            "elements": [
              {
                "name": "analytic14-text",
                "type": "Microsoft.Common.TextBlock",
                "options": {
                  "text": "Flags builds/releases that use a large number of service connections if they aren't manually in the allow list.\nThis is to determine if someone is hijacking a build/release and adding many service connections in order to abuse \nor dump credentials from service connections."
                }
              }
            ]
          },
          {
            "name": "analytic15",
            "type": "Microsoft.Common.Section",
            "label": "External Upstream Source Added to Azure DevOps Feed",
            "elements": [
              {
                "name": "analytic15-text",
                "type": "Microsoft.Common.TextBlock",
                "options": {
                  "text": "The detection looks for new external sources added to an Azure DevOps feed. An allow list can be customized to explicitly allow known good sources. \nAn attacker could look to add a malicious feed in order to inject malicious packages into a build pipeline."
                }
              }
            ]
          },
          {
            "name": "analytic16",
            "type": "Microsoft.Common.Section",
            "label": "New Agent Added to Pool by New User or Added to a New OS Type.",
            "elements": [
              {
                "name": "analytic16-text",
                "type": "Microsoft.Common.TextBlock",
                "options": {
                  "text": "As seen in attacks such as SolarWinds attackers can look to subvert a build process by controlling build servers. Azure DevOps uses agent pools to execute pipeline tasks. \nAn attacker could insert compromised agents that they control into the pools in order to execute malicious code. This query looks for users adding agents to pools they have \nnot added agents to before, or adding agents to a pool of an OS that has not been added to that pool before. This detection has potential for false positives so has a \nconfigurable allow list to allow for certain users to be excluded from the logic."
                }
              }
            ]
          },
          {
            "name": "analytic17",
            "type": "Microsoft.Common.Section",
            "label": "New PA, PCA, or PCAS added to Azure DevOps",
            "elements": [
              {
                "name": "analytic17-text",
                "type": "Microsoft.Common.TextBlock",
                "options": {
                  "text": "In order for an attacker to be able to conduct many potential attacks against Azure DevOps they will need to gain elevated permissions. \nThis detection looks for users being granted key administrative permissions. If the principal of least privilege is applied, the number of \nusers granted these permissions should be small. Note that permissions can also be granted via Azure AD groups and monitoring of these \nshould also be conducted."
                }
              }
            ]
          },
          {
            "name": "analytic18",
            "type": "Microsoft.Common.Section",
            "label": "NRT Azure DevOps Audit Stream Disabled",
            "elements": [
              {
                "name": "analytic18-text",
                "type": "Microsoft.Common.TextBlock",
                "options": {
                  "text": "Azure DevOps allow for audit logs to be streamed to external storage solutions such as SIEM solutions. An attacker looking to hide malicious Azure DevOps activity from defenders may look to disable data streams \n before conducting activity and then re-enabling the stream after (so as not to raise data threshold-based alarms). Looking for disabled audit streams can identify this activity, and due to the nature of the action \n its unlikely to have a high false positive rate."
                }
              }
            ]
          }
        ]
      },
      {
        "name": "huntingqueries",
        "label": "Hunting Queries",
        "bladeTitle": "Hunting Queries",
        "elements": [
          {
            "name": "huntingqueries-text",
            "type": "Microsoft.Common.TextBlock",
            "options": {
              "text": "This solution installs the following hunting queries. After installing the solution, run these hunting queries to hunt for threats in Manage solution view. "
            }
          },
          {
            "name": "huntingqueries-link",
            "type": "Microsoft.Common.TextBlock",
            "options": {
              "link": {
                "label": "Learn more",
                "uri": "https://docs.microsoft.com/azure/sentinel/hunting"
              }
            }
          },
          {
            "name": "huntingquery1",
            "type": "Microsoft.Common.Section",
            "label": "Azure DevOps- AAD Conditional Access Disabled",
            "elements": [
              {
                "name": "huntingquery1-text",
                "type": "Microsoft.Common.TextBlock",
                "options": {
                  "text": "This hunting query identifies Azure DevOps activities where organization AADConditionalAccess policy disable by the admin It depends on the AzureMonitor data connector and AzureDevOpsAuditing data type and AzureMonitor parser."
                }
              }
            ]
          },
          {
            "name": "huntingquery2",
            "type": "Microsoft.Common.Section",
            "label": "Azure DevOps- Addtional Org Admin added",
            "elements": [
              {
                "name": "huntingquery2-text",
                "type": "Microsoft.Common.TextBlock",
                "options": {
                  "text": "This hunting query identifies Azure DevOps activities where additional organization admin is added It depends on the AzureMonitor data connector and AzureDevOpsAuditing data type and AzureMonitor parser."
                }
              }
            ]
          },
          {
            "name": "huntingquery3",
            "type": "Microsoft.Common.Section",
            "label": "Azure DevOps - Build Check Deleted.",
            "elements": [
              {
                "name": "huntingquery3-text",
                "type": "Microsoft.Common.TextBlock",
                "options": {
                  "text": "Build checks can be built into a pipeline in order control the release process, these can include things such as the successful passing of certain steps, or an explicit user approval. An attacker who has altered a build process may look to remove a check in order to ensure a compromised build is released. This hunting query simply looks for all check removal events,  these should be relatively uncommon. In the output Type shows the type of Check that was deleted.  "
                }
              }
            ]
          },
          {
            "name": "huntingquery4",
            "type": "Microsoft.Common.Section",
            "label": "Azure DevOps - Build Deleted After Pipeline Modification",
            "elements": [
              {
                "name": "huntingquery4-text",
                "type": "Microsoft.Common.TextBlock",
                "options": {
                  "text": "An attacker altering pipelines may look to delete builds to reduce the footprint they leave on a system. This query looks for a build for a pipline being deleted within 1 hour of a pipeline being modified. This event may produce false positives but should not be so common that it can't be effectively used as part of hunting. "
                }
              }
            ]
          },
          {
            "name": "huntingquery5",
            "type": "Microsoft.Common.Section",
            "label": "Azure DevOps - Internal Upstream Package Feed Added.",
            "elements": [
              {
                "name": "huntingquery5-text",
                "type": "Microsoft.Common.TextBlock",
                "options": {
                  "text": "An attacker aiming to insert malicious code into a build process could look to introduce compromised upstream packages into the build process. Looking at internal packages can have a significant false positive rate compared to looking at external feeds so running this as a hunting query at least initially is advised. If an environment has low number of events it can be upgraded to a detection. "
                }
              }
            ]
          },
          {
            "name": "huntingquery6",
            "type": "Microsoft.Common.Section",
            "label": "Azure DevOps - New Agent Pool Created",
            "elements": [
              {
                "name": "huntingquery6-text",
                "type": "Microsoft.Common.TextBlock",
                "options": {
                  "text": "Agent Pools provide a valuable resource to build processes. Creating and using a compromised agent pool in a pipeline could allow an attacker to compromise a build process. Whilst the creation of an agent pool itself is not malicious it is unlike to occur so often that it cannot be used as a hunting element when focusing on Azure DevOps activity. "
                }
              }
            ]
          },
          {
            "name": "huntingquery7",
            "type": "Microsoft.Common.Section",
            "label": "Azure DevOps - New Package Feed Created",
            "elements": [
              {
                "name": "huntingquery7-text",
                "type": "Microsoft.Common.TextBlock",
                "options": {
                  "text": "An attacker could look to introduce upstream compromised software packages by creating a new package feed within Azure DevOps. This query looks for new Feeds and includes details on any Azure AD Identity Protection alerts related to the user account creating the feed to assist in triage. "
                }
              }
            ]
          },
          {
            "name": "huntingquery8",
            "type": "Microsoft.Common.Section",
            "label": "Azure DevOps - New PAT Operation",
            "elements": [
              {
                "name": "huntingquery8-text",
                "type": "Microsoft.Common.TextBlock",
                "options": {
                  "text": "PATs are typically used for repeated, programmatic tasks. This query looks for PATs based authentication being used with an Operation not previous associated with PAT based authentication. This could indicate an attacker using a stolen PAT to perform malicious actions. "
                }
              }
            ]
          },
          {
            "name": "huntingquery9",
            "type": "Microsoft.Common.Section",
            "label": "Azure DevOps - New Release Approver",
            "elements": [
              {
                "name": "huntingquery9-text",
                "type": "Microsoft.Common.TextBlock",
                "options": {
                  "text": "Releases in Azure Pipelines often require a user authorization to perform the release. An attacker that has compromised a build may look to self-approve a release using a compromised account to avoid user focus on that release. This query looks for release approvers in pipelines where they have not approved a release in the last 30 days. This query can have a significant false positive rate so its best suited as a hunting query rather than a detection. "
                }
              }
            ]
          },
          {
            "name": "huntingquery10",
            "type": "Microsoft.Common.Section",
            "label": "Azure DevOps - New Release Pipeline Created",
            "elements": [
              {
                "name": "huntingquery10-text",
                "type": "Microsoft.Common.TextBlock",
                "options": {
                  "text": "An attacker could look to create a new poisoned pipeline in Azure DevOps and attack a build process to it. This hunting query looks for new pipelines being created in projects where the creating user has not been seen creating a pipeline before. This query could have a significant false positive rate and records should be triaged to determine if a user creating a pipeline is authorized and expected. "
                }
              }
            ]
          },
          {
            "name": "huntingquery11",
            "type": "Microsoft.Common.Section",
            "label": "Azure DevOps - Variable Created and Deleted",
            "elements": [
              {
                "name": "huntingquery11-text",
                "type": "Microsoft.Common.TextBlock",
                "options": {
                  "text": "Variables can be used at various stages of a pipeline to inject static variables. Depending on the build process these variables could be added by an attacker to get a build process to conduct an unwanted action such as communicating with an attacker-controlled endpoint or injecting values into code. This query looks for variables that are added and then deleted in a short space of time. This is not normal expected behavior and could ben an indicator of attacker creating elements and then covering tracks. If this hunting query produces only a small number of events in an environment it could be promoted to a detection. "
                }
              }
            ]
          },
          {
            "name": "huntingquery12",
            "type": "Microsoft.Common.Section",
            "label": "Azure DevOps Display Name Changes",
            "elements": [
              {
                "name": "huntingquery12-text",
                "type": "Microsoft.Common.TextBlock",
                "options": {
                  "text": "Shows all users with more than 1 display name in recent history.  This is to hunt for users maliciously changing their display name as a masquerading technique It depends on the AzureMonitor data connector and AzureDevOpsAuditing data type and AzureMonitor parser."
                }
              }
            ]
          },
          {
            "name": "huntingquery13",
            "type": "Microsoft.Common.Section",
            "label": "Azure DevOps Pull Request Policy Bypassing",
            "elements": [
              {
                "name": "huntingquery13-text",
                "type": "Microsoft.Common.TextBlock",
                "options": {
                  "text": "Looks for users bypassing Update Policies in repos It depends on the AzureMonitor data connector and AzureDevOpsAuditing data type and AzureMonitor parser."
                }
              }
            ]
          },
          {
            "name": "huntingquery14",
            "type": "Microsoft.Common.Section",
            "label": "Azure DevOps- Guest users access enabled",
            "elements": [
              {
                "name": "huntingquery14-text",
                "type": "Microsoft.Common.TextBlock",
                "options": {
                  "text": "This hunting query identifies Azure DevOps activities where organization Guest Access policy is enabled by the admin It depends on the AzureMonitor data connector and AzureDevOpsAuditing data type and AzureMonitor parser."
                }
              }
            ]
          },
          {
            "name": "huntingquery15",
            "type": "Microsoft.Common.Section",
            "label": "Azure DevOps- Project visibility changed to public",
            "elements": [
              {
                "name": "huntingquery15-text",
                "type": "Microsoft.Common.TextBlock",
                "options": {
                  "text": "This hunting query identifies Azure DevOps activities where organization project visibility changed to public project It depends on the AzureMonitor data connector and AzureDevOpsAuditing data type and AzureMonitor parser."
                }
              }
            ]
          },
          {
            "name": "huntingquery16",
            "type": "Microsoft.Common.Section",
            "label": "Azure DevOps- Public project created",
            "elements": [
              {
                "name": "huntingquery16-text",
                "type": "Microsoft.Common.TextBlock",
                "options": {
                  "text": "This hunting query identifies Azure DevOps activities where a public project is created It depends on the AzureMonitor data connector and AzureDevOpsAuditing data type and AzureMonitor parser."
                }
              }
            ]
          },
          {
            "name": "huntingquery17",
            "type": "Microsoft.Common.Section",
            "label": "Azure DevOps- Public project enabled by admin",
            "elements": [
              {
                "name": "huntingquery17-text",
                "type": "Microsoft.Common.TextBlock",
                "options": {
                  "text": "This hunting query identifies Azure DevOps activities where organization public projects policy enabled by the admin It depends on the AzureMonitor data connector and AzureDevOpsAuditing data type and AzureMonitor parser."
                }
              }
            ]
          }
        ]
      }
    ],
    "outputs": {
      "workspace-location": "[first(map(filter(basics('getLAWorkspace').value, (filter) => and(contains(toLower(filter.id), toLower(resourceGroup().name)),equals(filter.name,basics('workspace')))), (item) => item.location))]",
      "location": "[location()]",
      "workspace": "[basics('workspace')]"
    }
  }
}
