{
  "$schema": "https://schema.management.azure.com/schemas/2019-04-01/deploymentTemplate.json#",
  "contentVersion": "1.0.0.0",
  "metadata": {
    "author": "Secure Practice - support@securepractice.com",
    "comments": "Solution template for MailRisk"
  },
  "parameters": {
    "location": {
      "type": "string",
      "minLength": 1,
      "defaultValue": "[resourceGroup().location]",
      "metadata": {
        "description": "Not used, but needed to pass arm-ttk test `Location-Should-Not-Be-Hardcoded`.  We instead use the `workspace-location` which is derived from the LA workspace"
      }
    },
    "workspace-location": {
      "type": "string",
      "defaultValue": "",
      "metadata": {
        "description": "[concat('Region to deploy solution resources -- separate from location selection',parameters('location'))]"
      }
    },
    "workspace": {
      "defaultValue": "",
      "type": "string",
      "metadata": {
        "description": "Workspace name for Log Analytics where Microsoft Sentinel is setup"
      }
    }
  },
  "variables": {
    "solutionId": "securepractice.azure-sentinel-solution-mailrisk",
    "_solutionId": "[variables('solutionId')]",
    "email": "support@securepractice.com",
    "_email": "[variables('email')]",
    "workspaceResourceId": "[resourceId('microsoft.OperationalInsights/Workspaces', parameters('workspace'))]",
    "uiConfigId1": "SecurePractice_MailRisk",
    "_uiConfigId1": "[variables('uiConfigId1')]",
    "dataConnectorContentId1": "SecurePractice_MailRisk",
    "_dataConnectorContentId1": "[variables('dataConnectorContentId1')]",
    "dataConnectorId1": "[extensionResourceId(resourceId('Microsoft.OperationalInsights/workspaces', parameters('workspace')), 'Microsoft.SecurityInsights/dataConnectors', variables('_dataConnectorContentId1'))]",
    "_dataConnectorId1": "[variables('dataConnectorId1')]",
    "dataConnectorTemplateSpecName1": "[concat(parameters('workspace'),'-dc-',uniquestring(variables('_dataConnectorContentId1')))]",
    "dataConnectorVersion1": "1.0.0"
  },
  "resources": [
    {
      "type": "Microsoft.Resources/templateSpecs",
      "apiVersion": "2022-02-01",
      "name": "[variables('dataConnectorTemplateSpecName1')]",
      "location": "[parameters('workspace-location')]",
      "tags": {
        "hidden-sentinelWorkspaceId": "[variables('workspaceResourceId')]",
        "hidden-sentinelContentType": "DataConnector"
      },
      "properties": {
        "description": "MailRisk data connector with template",
        "displayName": "MailRisk template"
      }
    },
    {
      "type": "Microsoft.Resources/templateSpecs/versions",
      "apiVersion": "2022-02-01",
      "name": "[concat(variables('dataConnectorTemplateSpecName1'),'/',variables('dataConnectorVersion1'))]",
      "location": "[parameters('workspace-location')]",
      "tags": {
        "hidden-sentinelWorkspaceId": "[variables('workspaceResourceId')]",
        "hidden-sentinelContentType": "DataConnector"
      },
      "dependsOn": [
        "[resourceId('Microsoft.Resources/templateSpecs', variables('dataConnectorTemplateSpecName1'))]"
      ],
      "properties": {
        "description": "MailRisk data connector with template version 2.0.1",
        "mainTemplate": {
          "$schema": "https://schema.management.azure.com/schemas/2019-04-01/deploymentTemplate.json#",
          "contentVersion": "[variables('dataConnectorVersion1')]",
          "parameters": {},
          "variables": {},
          "resources": [
            {
              "name": "[concat(parameters('workspace'),'/Microsoft.SecurityInsights/',variables('_dataConnectorContentId1'))]",
              "apiVersion": "2021-03-01-preview",
              "type": "Microsoft.OperationalInsights/workspaces/providers/dataConnectors",
              "location": "[parameters('workspace-location')]",
              "kind": "GenericUI",
              "properties": {
                "connectorUiConfig": {
                  "id": "[variables('_uiConfigId1')]",
                  "title": "MailRisk by Secure Practice (using Azure Functions)",
                  "publisher": "Secure Practice",
                  "descriptionMarkdown": "Data connector to push emails from MailRisk into Microsoft Sentinel Log Analytics.",
                  "graphQueries": [
                    {
                      "metricName": "Total emails received",
                      "legend": "MailRiskEmails_CL",
                      "baseQuery": "MailRiskEmails_CL"
                    }
                  ],
                  "sampleQueries": [
                    {
                      "description": "All emails",
                      "query": "MailRiskEmails_CL\n| sort by TimeGenerated desc"
                    },
                    {
                      "description": "Emails with SPF pass",
                      "query": "MailRiskEmails_CL\n| where spf_s == 'pass' \n| sort by TimeGenerated desc"
                    },
                    {
                      "description": "Emails with specific category",
                      "query": "MailRiskEmails_CL\n| where Category == 'scam' \n| sort by TimeGenerated desc"
                    },
                    {
                      "description": "Emails with link urls that contain the string \"microsoft\"",
                      "query": "MailRiskEmails_CL\n| sort by TimeGenerated desc\n| mv-expand link = parse_json(links_s)\n| where link.url contains \"microsoft\""
                    }
                  ],
                  "dataTypes": [
                    {
                      "name": "MailRiskEmails_CL",
                      "lastDataReceivedQuery": "MailRiskEmails_CL\n            | summarize Time = max(TimeGenerated)\n            | where isnotempty(Time)"
                    }
                  ],
                  "connectivityCriterias": [
                    {
                      "type": "IsConnectedQuery",
                      "value": [
                        "MailRiskEmails_CL\n            | summarize LastLogReceived = max(TimeGenerated)\n            | project IsConnected = LastLogReceived > ago(30d)"
                      ]
                    }
                  ],
                  "availability": {
                    "status": 1,
                    "isPreview": false
                  },
                  "permissions": {
                    "resourceProvider": [
                      {
                        "provider": "Microsoft.OperationalInsights/workspaces",
                        "permissionsDisplayText": "read and write permissions on the workspace are required.",
                        "providerDisplayName": "Workspace",
                        "scope": "Workspace",
                        "requiredPermissions": {
                          "write": true,
                          "read": true,
                          "delete": true
                        }
                      },
                      {
                        "provider": "Microsoft.OperationalInsights/workspaces/sharedKeys",
                        "permissionsDisplayText": "read permissions to shared keys for the workspace are required. [See the documentation to learn more about workspace keys](https://docs.microsoft.com/azure/azure-monitor/platform/agent-windows#obtain-workspace-id-and-key).",
                        "providerDisplayName": "Keys",
                        "scope": "Workspace",
                        "requiredPermissions": {
                          "action": true
                        }
                      }
                    ],
                    "customs": [
                      {
                        "name": "Microsoft.Web/sites permissions",
                        "description": "Read and write permissions to Azure Functions to create a Function App is required. [See the documentation to learn more about Azure Functions](https://docs.microsoft.com/azure/azure-functions/)."
                      },
                      {
                        "name": "API credentials",
                        "description": "Your Secure Practice API key pair is also needed, which are created in the [settings in the admin portal](https://manage.securepractice.co/settings/security). If you have lost your API secret, you can generate a new key pair (WARNING: Any other integrations using the old key pair will stop working)."
                      }
                    ]
                  },
                  "instructionSteps": [
                    {
                      "description": ">**NOTE:** This connector uses Azure Functions to connect to the Secure Practice API to push logs into Microsoft Sentinel. This might result in additional data ingestion costs. Check the [Azure Functions pricing page](https://azure.microsoft.com/pricing/details/functions/) for details."
                    },
                    {
                      "description": "Please have these the Workspace ID and Workspace Primary Key (can be copied from the following), readily available.",
                      "instructions": [
                        {
                          "parameters": {
                            "fillWith": [
                              "WorkspaceId"
                            ],
                            "label": "Workspace ID"
                          },
                          "type": "CopyableLabel"
                        },
                        {
                          "parameters": {
                            "fillWith": [
                              "PrimaryKey"
                            ],
                            "label": "Primary Key"
                          },
                          "type": "CopyableLabel"
                        }
                      ]
                    },
                    {
                      "description": "Use this method for automated deployment of the MailRisk data connector using an ARM Template.\n\n1. Click the **Deploy to Azure** button below. \n\n\t[![Deploy To Azure](https://aka.ms/deploytoazurebutton)](https://aka.ms/sentinel-mailrisk-azuredeploy)\n2. Select the preferred **Subscription**, **Resource Group** and **Location**. \n3. Enter the **Workspace ID**, **Workspace Key**, **Secure Practice API Key**, **Secure Practice API Secret** \n4. Mark the checkbox labeled **I agree to the terms and conditions stated above**.\n5. Click **Purchase** to deploy.",
                      "title": "Azure Resource Manager (ARM) Template"
                    },
                    {
                      "description": "In the open source repository on [GitHub](https://github.com/securepractice/mailrisk-sentinel-connector) you can find instructions for how to manually deploy the data connector.",
                      "title": "Manual deployment"
                    }
                  ],
                  "metadata": {
                    "id": "c9c97ce4-2093-466c-846e-49be58a39197",
                    "version": "1.0.0",
                    "kind": "dataConnector",
                    "source": {
                      "kind": "sourceRepository",
                      "name": "mailrisk-sentinel-connector",
                      "url": "https://github.com/securepractice/mailrisk-sentinel-connector"
                    },
                    "author": {
                      "name": "Secure Practice"
                    },
                    "support": {
                      "tier": "developer",
                      "name": "Secure Practice",
                      "email": "support@securepractice.co",
                      "link": "https://securepractice.co/support"
                    }
                  }
                }
              }
            },
            {
              "type": "Microsoft.OperationalInsights/workspaces/providers/metadata",
              "apiVersion": "2022-01-01-preview",
              "name": "[concat(parameters('workspace'),'/Microsoft.SecurityInsights/',concat('DataConnector-', last(split(variables('_dataConnectorId1'),'/'))))]",
              "properties": {
                "parentId": "[extensionResourceId(resourceId('Microsoft.OperationalInsights/workspaces', parameters('workspace')), 'Microsoft.SecurityInsights/dataConnectors', variables('_dataConnectorContentId1'))]",
                "contentId": "[variables('_dataConnectorContentId1')]",
                "kind": "DataConnector",
                "version": "[variables('dataConnectorVersion1')]",
                "source": {
                  "kind": "Solution",
                  "name": "MailRisk",
                  "sourceId": "[variables('_solutionId')]"
                },
                "author": {
                  "name": "Secure Practice",
                  "email": "[variables('_email')]"
                },
                "support": {
                  "name": "Secure Practice",
                  "email": "support@securepractice.com",
                  "tier": "Partner",
                  "link": "https://securepractice.co/support"
                }
              }
            }
          ]
        }
      }
    },
    {
      "type": "Microsoft.OperationalInsights/workspaces/providers/metadata",
      "apiVersion": "2022-01-01-preview",
      "name": "[concat(parameters('workspace'),'/Microsoft.SecurityInsights/',concat('DataConnector-', last(split(variables('_dataConnectorId1'),'/'))))]",
      "dependsOn": [
        "[variables('_dataConnectorId1')]"
      ],
      "location": "[parameters('workspace-location')]",
      "properties": {
        "parentId": "[extensionResourceId(resourceId('Microsoft.OperationalInsights/workspaces', parameters('workspace')), 'Microsoft.SecurityInsights/dataConnectors', variables('_dataConnectorContentId1'))]",
        "contentId": "[variables('_dataConnectorContentId1')]",
        "kind": "DataConnector",
        "version": "[variables('dataConnectorVersion1')]",
        "source": {
          "kind": "Solution",
          "name": "MailRisk",
          "sourceId": "[variables('_solutionId')]"
        },
        "author": {
          "name": "Secure Practice",
          "email": "[variables('_email')]"
        },
        "support": {
          "name": "Secure Practice",
          "email": "support@securepractice.com",
          "tier": "Partner",
          "link": "https://securepractice.co/support"
        }
      }
    },
    {
      "name": "[concat(parameters('workspace'),'/Microsoft.SecurityInsights/',variables('_dataConnectorContentId1'))]",
      "apiVersion": "2021-03-01-preview",
      "type": "Microsoft.OperationalInsights/workspaces/providers/dataConnectors",
      "location": "[parameters('workspace-location')]",
      "kind": "GenericUI",
      "properties": {
        "connectorUiConfig": {
          "title": "MailRisk by Secure Practice (using Azure Functions)",
          "publisher": "Secure Practice",
          "descriptionMarkdown": "Data connector to push emails from MailRisk into Microsoft Sentinel Log Analytics.",
          "graphQueries": [
            {
              "metricName": "Total emails received",
              "legend": "MailRiskEmails_CL",
              "baseQuery": "MailRiskEmails_CL"
            }
          ],
          "dataTypes": [
            {
              "name": "MailRiskEmails_CL",
              "lastDataReceivedQuery": "MailRiskEmails_CL\n            | summarize Time = max(TimeGenerated)\n            | where isnotempty(Time)"
            }
          ],
          "connectivityCriterias": [
            {
              "type": "IsConnectedQuery",
              "value": [
                "MailRiskEmails_CL\n            | summarize LastLogReceived = max(TimeGenerated)\n            | project IsConnected = LastLogReceived > ago(30d)"
              ]
            }
          ],
          "sampleQueries": [
            {
              "description": "All emails",
              "query": "MailRiskEmails_CL\n| sort by TimeGenerated desc"
            },
            {
              "description": "Emails with SPF pass",
              "query": "MailRiskEmails_CL\n| where spf_s == 'pass' \n| sort by TimeGenerated desc"
            },
            {
              "description": "Emails with specific category",
              "query": "MailRiskEmails_CL\n| where Category == 'scam' \n| sort by TimeGenerated desc"
            },
            {
              "description": "Emails with link urls that contain the string \"microsoft\"",
              "query": "MailRiskEmails_CL\n| sort by TimeGenerated desc\n| mv-expand link = parse_json(links_s)\n| where link.url contains \"microsoft\""
            }
          ],
          "availability": {
            "status": 1,
            "isPreview": false
          },
          "permissions": {
            "resourceProvider": [
              {
                "provider": "Microsoft.OperationalInsights/workspaces",
                "permissionsDisplayText": "read and write permissions on the workspace are required.",
                "providerDisplayName": "Workspace",
                "scope": "Workspace",
                "requiredPermissions": {
                  "write": true,
                  "read": true,
                  "delete": true
                }
              },
              {
                "provider": "Microsoft.OperationalInsights/workspaces/sharedKeys",
                "permissionsDisplayText": "read permissions to shared keys for the workspace are required. [See the documentation to learn more about workspace keys](https://docs.microsoft.com/azure/azure-monitor/platform/agent-windows#obtain-workspace-id-and-key).",
                "providerDisplayName": "Keys",
                "scope": "Workspace",
                "requiredPermissions": {
                  "action": true
                }
              }
            ],
            "customs": [
              {
                "name": "Microsoft.Web/sites permissions",
                "description": "Read and write permissions to Azure Functions to create a Function App is required. [See the documentation to learn more about Azure Functions](https://docs.microsoft.com/azure/azure-functions/)."
              },
              {
                "name": "API credentials",
                "description": "Your Secure Practice API key pair is also needed, which are created in the [settings in the admin portal](https://manage.securepractice.co/settings/security). If you have lost your API secret, you can generate a new key pair (WARNING: Any other integrations using the old key pair will stop working)."
              }
            ]
          },
          "instructionSteps": [
            {
              "description": ">**NOTE:** This connector uses Azure Functions to connect to the Secure Practice API to push logs into Microsoft Sentinel. This might result in additional data ingestion costs. Check the [Azure Functions pricing page](https://azure.microsoft.com/pricing/details/functions/) for details."
            },
            {
              "description": "Please have these the Workspace ID and Workspace Primary Key (can be copied from the following), readily available.",
              "instructions": [
                {
                  "parameters": {
                    "fillWith": [
                      "WorkspaceId"
                    ],
                    "label": "Workspace ID"
                  },
                  "type": "CopyableLabel"
                },
                {
                  "parameters": {
                    "fillWith": [
                      "PrimaryKey"
                    ],
                    "label": "Primary Key"
                  },
                  "type": "CopyableLabel"
                }
              ]
            },
            {
              "description": "Use this method for automated deployment of the MailRisk data connector using an ARM Template.\n\n1. Click the **Deploy to Azure** button below. \n\n\t[![Deploy To Azure](https://aka.ms/deploytoazurebutton)](https://aka.ms/sentinel-mailrisk-azuredeploy)\n2. Select the preferred **Subscription**, **Resource Group** and **Location**. \n3. Enter the **Workspace ID**, **Workspace Key**, **Secure Practice API Key**, **Secure Practice API Secret** \n4. Mark the checkbox labeled **I agree to the terms and conditions stated above**.\n5. Click **Purchase** to deploy.",
              "title": "Azure Resource Manager (ARM) Template"
            },
            {
              "description": "In the open source repository on [GitHub](https://github.com/securepractice/mailrisk-sentinel-connector) you can find instructions for how to manually deploy the data connector.",
              "title": "Manual deployment"
            }
          ],
          "id": "[variables('_uiConfigId1')]"
        }
      }
    },
    {
      "type": "Microsoft.OperationalInsights/workspaces/providers/metadata",
      "apiVersion": "2022-01-01-preview",
      "location": "[parameters('workspace-location')]",
      "properties": {
        "version": "2.0.1",
        "kind": "Solution",
        "contentSchemaVersion": "2.0.0",
        "contentId": "[variables('_solutionId')]",
        "parentId": "[variables('_solutionId')]",
        "source": {
          "kind": "Solution",
          "name": "MailRisk",
          "sourceId": "[variables('_solutionId')]"
        },
        "author": {
          "name": "Secure Practice",
          "email": "[variables('_email')]"
        },
        "support": {
          "name": "Secure Practice",
          "email": "support@securepractice.com",
          "tier": "Partner",
          "link": "https://securepractice.co/support"
        },
        "dependencies": {
          "operator": "AND",
          "criteria": [
            {
              "kind": "DataConnector",
              "contentId": "[variables('_dataConnectorContentId1')]",
              "version": "[variables('dataConnectorVersion1')]"
            }
          ]
        },
        "firstPublishDate": "2023-03-16",
        "lastPublishDate": "2023-03-16",
        "providers": [
          "SecurePractice"
        ],
        "categories": {
          "domains": [
            "Security - Threat Protection"
          ]
        }
      },
      "name": "[concat(parameters('workspace'),'/Microsoft.SecurityInsights/', variables('_solutionId'))]"
    }
  ],
  "outputs": {}
}
