{
  "$schema": "https://schema.management.azure.com/schemas/0.1.2-preview/CreateUIDefinition.MultiVm.json#",
  "handler": "Microsoft.Azure.CreateUIDef",
  "version": "0.1.2-preview",
  "parameters": {
    "config": {
      "isWizard": false,
      "basics": {
        "description": "<img src=\"https://raw.githubusercontent.com/Azure/Azure-Sentinel/master/Logos/Azure_Sentinel.svg\" width=\"75px\" height=\"75px\">\n\n**Note:** _There may be [known issues](https://aka.ms/sentinelsolutionsknownissues) pertaining to this Solution, please refer to them before installing._\n\nThis is a [domain solution](https://nam06.safelinks.protection.outlook.com/?url=https%3A%2F%2Fdocs.microsoft.com%2Fazure%2Fsentinel%2Fsentinel-solutions-catalog%23domain-solutions&data=05%7C01%7Ckavishbakshi%40microsoft.com%7Cbe2a496082b24caa4b8c08da9cefacca%7C72f988bf86f141af91ab2d7cd011db47%7C1%7C0%7C637994850502413731%7CUnknown%7CTWFpbGZsb3d8eyJWIjoiMC4wLjAwMDAiLCJQIjoiV2luMzIiLCJBTiI6Ik1haWwiLCJXVCI6Mn0%3D%7C3000%7C%7C%7C&sdata=OJegu%2B2EqD7rmYmK9pm9QniD6YWp5ooloZ6tHzcwVi0%3D&reserved=0) and does not include any data connectors. The content in this solution requires one of the product solutions below , as well as any other connector or data source normalized to the [ASIM](https://aka.ms/AboutASIM).\n\n**Prerequisite :-**\n\n Install one or more of the listed solutions, or develop your custom ASIM parsers to unlock the value provided by this solution.\n 1. Amazon Web Services \n 2. Azure Firewall \n 3. Azure Network Security Groups \n 4. Check Point \n 5. Cisco ASA \n 6. Cisco Meraki Security Events \n 7. Corelight \n 8. Fortinet FortiGate \n 9. Microsoft Defender for IoT \n 10. Microsoft Defender for Cloud \n 11. Microsoft Sysmon For Linux \n 12. Windows Firewall \n 13. Palo Alto PANOS \n 14. Vectra AI Stream \n 15. WatchGuard Firebox \n 16. Zscaler Internet Access \n\n**Underlying Microsoft Technologies used:** \n\nThis solution takes a dependency on the following technologies, and some of these dependencies either may be in Preview state or might result in additional ingestion or operational costs: \n 1. Product solutions as described above \n 2. Logic app for data summarization\n\n**Recommendation :-**\n\nIt is highly recommended to use the **Summarize data** logic app playbook provided with this solution as it will significantly improve the performance of the Workbook, Analytic rules & Hunting queries.\n\n**Workbooks:** 1, **Analytic Rules:** 8, **Hunting Queries:** 4, **Watchlists:** 1, **Playbooks:** 1\n\n[Learn more about Microsoft Sentinel](https://aka.ms/azuresentinel) | [Learn more about Solutions](https://aka.ms/azuresentinelsolutionsdoc)",
        "subscription": {
          "resourceProviders": [
            "Microsoft.OperationsManagement/solutions",
            "Microsoft.OperationalInsights/workspaces/providers/alertRules",
            "Microsoft.Insights/workbooks",
            "Microsoft.Logic/workflows"
          ]
        },
        "location": {
          "metadata": {
            "hidden": "Hiding location, we get it from the log analytics workspace"
          },
          "visible": false
        },
        "resourceGroup": {
          "allowExisting": true
        }
      }
    },
    "basics": [
      {
        "name": "getLAWorkspace",
        "type": "Microsoft.Solutions.ArmApiControl",
        "toolTip": "This filters by workspaces that exist in the Resource Group selected",
        "condition": "[greater(length(resourceGroup().name),0)]",
        "request": {
          "method": "GET",
          "path": "[concat(subscription().id,'/providers/Microsoft.OperationalInsights/workspaces?api-version=2020-08-01')]"
        }
      },
      {
        "name": "workspace",
        "type": "Microsoft.Common.DropDown",
        "label": "Workspace",
        "placeholder": "Select a workspace",
        "toolTip": "This dropdown will list only workspace that exists in the Resource Group selected",
        "constraints": {
          "allowedValues": "[map(filter(basics('getLAWorkspace').value, (filter) => contains(toLower(filter.id), toLower(resourceGroup().name))), (item) => parse(concat('{\"label\":\"', item.name, '\",\"value\":\"', item.name, '\"}')))]",
          "required": true
        },
        "visible": true
      }
    ],
    "steps": [
      {
        "name": "workbooks",
        "label": "Workbooks",
        "subLabel": {
          "preValidation": "Configure the workbooks",
          "postValidation": "Done"
        },
        "bladeTitle": "Workbooks",
        "elements": [
          {
            "name": "workbooks-text",
            "type": "Microsoft.Common.TextBlock",
            "options": {
              "text": "This Microsoft Sentinel Solution installs workbooks. Workbooks provide a flexible canvas for data monitoring, analysis, and the creation of rich visual reports within the Azure portal. They allow you to tap into one or many data sources from Microsoft Sentinel and combine them into unified interactive experiences."
            }
          },
          {
            "name": "workbooks-link",
            "type": "Microsoft.Common.TextBlock",
            "options": {
              "link": {
                "label": "Learn more",
                "uri": "https://docs.microsoft.com/azure/sentinel/tutorial-monitor-your-data"
              }
            }
          },
          {
            "name": "analytic1",
            "type": "Microsoft.Common.Section",
            "label": "Network Session Solution for Microsoft Sentinel",
            "elements": [
              {
                "name": "analytic1-text",
                "type": "Microsoft.Common.TextBlock",
                "options": {
                  "text": "This workbook is included as part of Network Security solution and gives a summary of analyzed traffic, helps with threat analysis and investigating suspicious IP's and traffic analysis. Network Security Solution also includes playbooks to periodically summarize the logs thus enhancing user experience and improving data search. For the effective usage of workbook, we highly recommend to enable the summarization playbooks that are provided with this solution."
                }
              }
            ]
          }
        ]
      },
      {
        "name": "analytics",
        "label": "Analytics",
        "subLabel": {
          "preValidation": "Configure the analytics",
          "postValidation": "Done"
        },
        "bladeTitle": "Analytics",
        "elements": [
          {
            "name": "analytics-text",
            "type": "Microsoft.Common.TextBlock",
            "options": {
              "text": "This solution installs the following analytic rule templates. After installing the solution, create and enable analytic rules in Manage solution view."
            }
          },
          {
            "name": "analytics-link",
            "type": "Microsoft.Common.TextBlock",
            "options": {
              "link": {
                "label": "Learn more",
                "uri": "https://docs.microsoft.com/azure/sentinel/tutorial-detect-threats-custom?WT.mc_id=Portal-Microsoft_Azure_CreateUIDef"
              }
            }
          },
          {
            "name": "analytic1",
            "type": "Microsoft.Common.Section",
            "label": "Anomaly found in Network Session Traffic (ASIM Network Session schema)",
            "elements": [
              {
                "name": "analytic1-text",
                "type": "Microsoft.Common.TextBlock",
                "options": {
                  "text": "The rule identifies anomalous pattern in network session traffic based on previously seen data, different Device Action, Network Protocol, Network Direction or overall volume. The rule utilize [ASIM](https://aka.ms/AboutASIM) normalization, and is applied to any source which supports the ASIM Network Session schema"
                }
              }
            ]
          },
          {
            "name": "analytic2",
            "type": "Microsoft.Common.Section",
            "label": "Detect port misuse by anomaly based detection (ASIM Network Session schema)",
            "elements": [
              {
                "name": "analytic2-text",
                "type": "Microsoft.Common.TextBlock",
                "options": {
                  "text": "This rule detects anomalous pattern in port usage. The rule utilize [ASIM](https://aka.ms/AboutASIM) normalization, and is applied to any source which supports the ASIM Network Session schema. To tune the rule to your environment configure it using the 'NetworkSession_Monitor_Configuration' watchlist. Note that to enhance performance, the rule uses summarized data generated from the summarization logic App."
                }
              }
            ]
          },
          {
            "name": "analytic3",
            "type": "Microsoft.Common.Section",
            "label": "Detect port misuse by static threshold (ASIM Network Session schema)",
            "elements": [
              {
                "name": "analytic3-text",
                "type": "Microsoft.Common.TextBlock",
                "options": {
                  "text": "This detection rule detects port usage above the configured threshold. The rule utilize [ASIM](https://aka.ms/AboutASIM) normalization, and is applied to any source which supports the ASIM Network Session schema. To tune the rule to your environment configure it using the 'NetworkSession_Monitor_Configuration' watchlist. Note that to enhance performance, the rule uses summarized data generated from the summarization logic app."
                }
              }
            ]
          },
          {
            "name": "analytic4",
            "type": "Microsoft.Common.Section",
            "label": "Network Port Sweep from External Network (ASIM Network Session schema)",
            "elements": [
              {
                "name": "analytic4-text",
                "type": "Microsoft.Common.TextBlock",
                "options": {
                  "text": "This detection rule detects scenarios when a particular port is being scanned by multiple external sources. The rule utilize [ASIM](https://aka.ms/AboutASIM) normalization, and is applied to any source which supports the ASIM Network Session schema."
                }
              }
            ]
          },
          {
            "name": "analytic5",
            "type": "Microsoft.Common.Section",
            "label": "Excessive number of failed connections from a single source (ASIM Network Session schema)",
            "elements": [
              {
                "name": "analytic5-text",
                "type": "Microsoft.Common.TextBlock",
                "options": {
                  "text": "This rule identifies a single source that generates an excessive amount of failed connections. Modify the threshold to change the sensitivity of the rule: the higher the threshold, the less sensitive is the rule and less incidents will be generated.<br><br> \n This analytic rule uses [ASIM](https://aka.ms/AboutASIM) and supports any built-in or custom source that supports the ASIM NetworkSession schema"
                }
              }
            ]
          },
          {
            "name": "analytic6",
            "type": "Microsoft.Common.Section",
            "label": "TI map IP entity to Network Session Events (ASIM Network Session schema)",
            "elements": [
              {
                "name": "analytic6-text",
                "type": "Microsoft.Common.TextBlock",
                "options": {
                  "text": "This rule identifies a match Network Sessions for which the source of destination IP address is a known IoC. <br><br>\nThis analytic rule uses [ASIM](https://aka.ms/AboutASIM) and supports any built-in or custom source that supports the ASIM NetworkSession schema"
                }
              }
            ]
          },
          {
            "name": "analytic7",
            "type": "Microsoft.Common.Section",
            "label": "Port scan detected  (ASIM Network Session schema)",
            "elements": [
              {
                "name": "analytic7-text",
                "type": "Microsoft.Common.TextBlock",
                "options": {
                  "text": "This rule identifies a possible port scan, in which a single source tries to access a large number of different ports is a short time frame. This may indicate that a [port scanner](https://en.wikipedia.org/wiki/Port_scanner) is trying to identify open ports in order to penetrate a system.<br><br>\nThis analytic rule uses [ASIM](https://aka.ms/AboutASIM) and supports any built-in or custom source that supports the ASIM NetworkSession schema"
                }
              }
            ]
          },
          {
            "name": "analytic8",
            "type": "Microsoft.Common.Section",
            "label": "Potential beaconing activity (ASIM Network Session schema)",
            "elements": [
              {
                "name": "analytic8-text",
                "type": "Microsoft.Common.TextBlock",
                "options": {
                  "text": "This rule identifies beaconing patterns from Network traffic logs based on recurrent frequency patterns. Such potential outbound beaconing pattern to untrusted public networks should be investigated for any malware callbacks or data exfiltration attempts as discussed in this [Blog](http://www.austintaylor.io/detect/beaconing/intrusion/detection/system/command/control/flare/elastic/stack/2017/06/10/detect-beaconing-with-flare-elasticsearch-and-intrusion-detection-systems/).\\<br><br>\nThis analytic rule uses [ASIM](https://aka.ms/AboutASIM) and supports any built-in or custom source that supports the ASIM NetworkSession schema'"
                }
              }
            ]
          }
        ]
      },
      {
        "name": "huntingqueries",
        "label": "Hunting Queries",
        "bladeTitle": "Hunting Queries",
        "elements": [
          {
            "name": "huntingqueries-text",
            "type": "Microsoft.Common.TextBlock",
            "options": {
              "text": "This solution installs the following hunting queries. After installing the solution, run these hunting queries to hunt for threats in Manage solution view. "
            }
          },
          {
            "name": "huntingqueries-link",
            "type": "Microsoft.Common.TextBlock",
            "options": {
              "link": {
                "label": "Learn more",
                "uri": "https://docs.microsoft.com/azure/sentinel/hunting"
              }
            }
          },
          {
            "name": "huntingquery1",
            "type": "Microsoft.Common.Section",
            "label": "Detect port misuse by anomaly (ASIM Network Session schema)",
            "elements": [
              {
                "name": "huntingquery1-text",
                "type": "Microsoft.Common.TextBlock",
                "options": {
                  "text": "This hunting query detect anomalous pattern in port usage. The query utilize [ASIM](https://aka.ms/AboutASIM) normalization, and is applied to any source which supports the ASIM Network Session schema. To tune the query to your environment configure it using the 'NetworkSession_Monitor_Configuration' watchlist. Note that to enhance performance, the query uses summarized data generated from the summarization logic App."
                }
              }
            ]
          },
          {
            "name": "huntingquery2",
            "type": "Microsoft.Common.Section",
            "label": "Detect port misuse by static threshold (ASIM Network Session schema)",
            "elements": [
              {
                "name": "huntingquery2-text",
                "type": "Microsoft.Common.TextBlock",
                "options": {
                  "text": "There is an normal amount of traffic that goes on a particular port in any organization. This hunting query identifies port usage higher than threshold defined in 'NetworkSession_Monitor_Configuration' watchlist to determine high port usage."
                }
              }
            ]
          },
          {
            "name": "huntingquery3",
            "type": "Microsoft.Common.Section",
            "label": "Detects several users with the same MAC address (ASIM Network Session schema)",
            "elements": [
              {
                "name": "huntingquery3-text",
                "type": "Microsoft.Common.TextBlock",
                "options": {
                  "text": "Ideally one user should be associated with one MAC ID, this hunting query will identify if same MAC ID is associated with more than one user which can be a case of MAC spoofing attack."
                }
              }
            ]
          },
          {
            "name": "huntingquery4",
            "type": "Microsoft.Common.Section",
            "label": "Mismatch between Destination App name and Destination Port (ASIM Network Session schema)",
            "elements": [
              {
                "name": "huntingquery4-text",
                "type": "Microsoft.Common.TextBlock",
                "options": {
                  "text": "Every standard app has a port associated with it. This query will identify if destination port associated with destination app is not standard which can be a case of network spoofing attack."
                }
              }
            ]
          }
        ]
      },
      {
        "name": "watchlists",
        "label": "Watchlists",
        "subLabel": {
          "preValidation": "Configure the watchlists",
          "postValidation": "Done"
        },
        "bladeTitle": "Watchlists",
        "elements": [
          {
            "name": "watchlists-text",
            "type": "Microsoft.Common.TextBlock",
            "options": {
              "text": "Microsoft Sentinel watchlists enable the collection of data from external data sources for correlation with the events in your Microsoft Sentinel environment. Once created, you can use watchlists in your search, detection rules, threat hunting, and response playbooks. Watchlists are stored in your Microsoft Sentinel workspace as name-value pairs and are cached for optimal query performance and low latency. Once deployment is successful, the installed watchlists will be available in the Watchlists blade under 'My Watchlists'.",
              "link": {
                "label": "Learn more",
                "uri": "https://aka.ms/sentinelwatchlists"
              }
            }
          },
          {
            "name": "watchlist1",
            "type": "Microsoft.Common.Section",
            "label": "NetworkSession Monitor Configuration",
            "elements": [
              {
                "name": "watchlist1-text",
                "type": "Microsoft.Common.TextBlock",
                "options": {
                  "text": "Monitor Network Session solution configurable conditions here. Choose between Detection or Hunting for Type and set Threshold type to Static or Anomaly to tune monitoring as needed"
                }
              }
            ]
          }
        ]
      },
      {
        "name": "playbooks",
        "label": "Playbooks",
        "subLabel": {
          "preValidation": "Configure the playbooks",
          "postValidation": "Done"
        },
        "bladeTitle": "Playbooks",
        "elements": [
          {
            "name": "playbooks-text",
            "type": "Microsoft.Common.TextBlock",
            "options": {
              "text": "This solution installs the \"Summarize Data\" Playbook templates. It is \"highly recommended\" to use the \"Summarize data\" logic app playbook provided with this solution as it will significantly improve the performance of the Workbook, Analytic rules & Hunting queries. After installing the solution, this will be deployed under Playbook Templates in the Automation blade of Microsoft Sentinel. It can be configured and managed from the Manage solution view in Content Hub."
            }
          },
          {
            "name": "playbooks-link",
            "type": "Microsoft.Common.TextBlock",
            "options": {
              "link": {
                "label": "Learn more",
                "uri": "https://docs.microsoft.com/azure/sentinel/tutorial-respond-threats-playbook?WT.mc_id=Portal-Microsoft_Azure_CreateUIDef"
              }
            }
          }
        ]
      }
    ],
    "outputs": {
      "workspace-location": "[first(map(filter(basics('getLAWorkspace').value, (filter) => and(contains(toLower(filter.id), toLower(resourceGroup().name)),equals(filter.name,basics('workspace')))), (item) => item.location))]",
      "location": "[location()]",
      "workspace": "[basics('workspace')]"
    }
  }
}
