{
  "$schema": "https://schema.management.azure.com/schemas/2019-04-01/deploymentTemplate.json#",
  "contentVersion": "1.0.0.0",
  "metadata": {
    "author": "Microsoft - support@microsoft.com",
    "comments": "Solution template for Broadcom SymantecDLP"
  },
  "parameters": {
    "location": {
      "type": "string",
      "minLength": 1,
      "defaultValue": "[resourceGroup().location]",
      "metadata": {
        "description": "Not used, but needed to pass arm-ttk test `Location-Should-Not-Be-Hardcoded`.  We instead use the `workspace-location` which is derived from the LA workspace"
      }
    },
    "workspace-location": {
      "type": "string",
      "defaultValue": "",
      "metadata": {
        "description": "[concat('Region to deploy solution resources -- separate from location selection',parameters('location'))]"
      }
    },
    "workspace": {
      "defaultValue": "",
      "type": "string",
      "metadata": {
        "description": "Workspace name for Log Analytics where Microsoft Sentinel is setup"
      }
    }
  },
  "variables": {
    "solutionId": "azuresentinel.azure-sentinel-solution-broadcomsymantecdlp",
    "_solutionId": "[variables('solutionId')]",
    "email": "support@microsoft.com",
    "_email": "[variables('email')]",
    "_solutionName": "Broadcom SymantecDLP",
    "_solutionVersion": "3.0.1",
    "uiConfigId1": "BroadcomSymantecDLP",
    "_uiConfigId1": "[variables('uiConfigId1')]",
    "dataConnectorContentId1": "BroadcomSymantecDLP",
    "_dataConnectorContentId1": "[variables('dataConnectorContentId1')]",
    "dataConnectorId1": "[extensionResourceId(resourceId('Microsoft.OperationalInsights/workspaces', parameters('workspace')), 'Microsoft.SecurityInsights/dataConnectors', variables('_dataConnectorContentId1'))]",
    "_dataConnectorId1": "[variables('dataConnectorId1')]",
    "dataConnectorTemplateSpecName1": "[concat(parameters('workspace'),'/Microsoft.SecurityInsights/',concat(parameters('workspace'),'-dc-',uniquestring(variables('_dataConnectorContentId1'))))]",
    "dataConnectorVersion1": "1.0.0",
    "_dataConnectorcontentProductId1": "[concat(take(variables('_solutionId'),50),'-','dc','-', uniqueString(concat(variables('_solutionId'),'-','DataConnector','-',variables('_dataConnectorContentId1'),'-', variables('dataConnectorVersion1'))))]",
    "uiConfigId2": "BroadcomSymantecDLPAma",
    "_uiConfigId2": "[variables('uiConfigId2')]",
    "dataConnectorContentId2": "BroadcomSymantecDLPAma",
    "_dataConnectorContentId2": "[variables('dataConnectorContentId2')]",
    "dataConnectorId2": "[extensionResourceId(resourceId('Microsoft.OperationalInsights/workspaces', parameters('workspace')), 'Microsoft.SecurityInsights/dataConnectors', variables('_dataConnectorContentId2'))]",
    "_dataConnectorId2": "[variables('dataConnectorId2')]",
    "dataConnectorTemplateSpecName2": "[concat(parameters('workspace'),'/Microsoft.SecurityInsights/',concat(parameters('workspace'),'-dc-',uniquestring(variables('_dataConnectorContentId2'))))]",
    "dataConnectorVersion2": "1.0.0",
    "_dataConnectorcontentProductId2": "[concat(take(variables('_solutionId'),50),'-','dc','-', uniqueString(concat(variables('_solutionId'),'-','DataConnector','-',variables('_dataConnectorContentId2'),'-', variables('dataConnectorVersion2'))))]",
    "parserName1": "SymantecDLP",
    "_parserName1": "[concat(parameters('workspace'),'/',variables('parserName1'))]",
    "parserId1": "[resourceId('Microsoft.OperationalInsights/workspaces/savedSearches', parameters('workspace'), variables('parserName1'))]",
    "_parserId1": "[variables('parserId1')]",
    "parserTemplateSpecName1": "[concat(parameters('workspace'),'/Microsoft.SecurityInsights/',concat(parameters('workspace'),'-pr-',uniquestring(variables('_parserContentId1'))))]",
    "parserVersion1": "1.0.0",
    "parserContentId1": "SymantecDLP-Parser",
    "_parserContentId1": "[variables('parserContentId1')]",
    "_parsercontentProductId1": "[concat(take(variables('_solutionId'),50),'-','pr','-', uniqueString(concat(variables('_solutionId'),'-','Parser','-',variables('_parserContentId1'),'-', variables('parserVersion1'))))]",
    "_solutioncontentProductId": "[concat(take(variables('_solutionId'),50),'-','sl','-', uniqueString(concat(variables('_solutionId'),'-','Solution','-',variables('_solutionId'),'-', variables('_solutionVersion'))))]"
  },
  "resources": [
    {
      "type": "Microsoft.OperationalInsights/workspaces/providers/contentTemplates",
      "apiVersion": "2023-04-01-preview",
      "name": "[variables('dataConnectorTemplateSpecName1')]",
      "location": "[parameters('workspace-location')]",
      "dependsOn": [
        "[extensionResourceId(resourceId('Microsoft.OperationalInsights/workspaces', parameters('workspace')), 'Microsoft.SecurityInsights/contentPackages', variables('_solutionId'))]"
      ],
      "properties": {
        "description": "Broadcom SymantecDLP data connector with template version 3.0.1",
        "mainTemplate": {
          "$schema": "https://schema.management.azure.com/schemas/2019-04-01/deploymentTemplate.json#",
          "contentVersion": "[variables('dataConnectorVersion1')]",
          "parameters": {},
          "variables": {},
          "resources": [
            {
              "name": "[concat(parameters('workspace'),'/Microsoft.SecurityInsights/',variables('_dataConnectorContentId1'))]",
              "apiVersion": "2021-03-01-preview",
              "type": "Microsoft.OperationalInsights/workspaces/providers/dataConnectors",
              "location": "[parameters('workspace-location')]",
              "kind": "GenericUI",
              "properties": {
                "connectorUiConfig": {
                  "id": "[variables('_uiConfigId1')]",
                  "title": "[Deprecated] Braodcom Symantec DLP via Legacy Agent",
                  "publisher": "Broadcom",
                  "descriptionMarkdown": "The [Broadcom Symantec Data Loss Prevention (DLP)](https://www.broadcom.com/products/cyber-security/information-protection/data-loss-prevention) connector allows you to easily connect your Symantec DLP with Microsoft Sentinel, to create custom dashboards, alerts, and improve investigation. This gives you more insight into your organization’s information, where it travels, and improves your security operation capabilities.",
                  "additionalRequirementBanner": "These queries are dependent on a parser based on a Kusto Function deployed as part of the solution.",
                  "graphQueries": [
                    {
                      "metricName": "Total data received",
                      "legend": "SymantecDLP",
                      "baseQuery": "CommonSecurityLog​ \n| where DeviceVendor == \"Symantec\" and DeviceProduct == \"DLP\""
                    }
                  ],
                  "sampleQueries": [
                    {
                      "description": "Top 10 Triggered Activities",
                      "query": "SymantecDLP \n | summarize count() by Activity \n| top 10 by count_"
                    },
                    {
                      "description": "Top 10 Filenames",
                      "query": "SymantecDLP \n | summarize count() by FileName \n| top 10 by count_"
                    }
                  ],
                  "connectivityCriterias": [
                    {
                      "type": "IsConnectedQuery",
                      "value": [
                        "CommonSecurityLog​ \n| where DeviceVendor == \"Symantec\" and DeviceProduct == \"DLP\"\n | summarize LastLogReceived = max(TimeGenerated)\n | project IsConnected = LastLogReceived > ago(3d)"
                      ]
                    }
                  ],
                  "dataTypes": [
                    {
                      "name": "CommonSecurityLog (SymantecDLP)",
                      "lastDataReceivedQuery": "CommonSecurityLog​ \n| where DeviceVendor == \"Symantec\" and DeviceProduct == \"DLP\"\n | summarize Time = max(TimeGenerated)\n | where isnotempty(Time)"
                    }
                  ],
                  "availability": {
                    "status": 1,
                    "isPreview": false
                  },
                  "permissions": {
                    "resourceProvider": [
                      {
                        "provider": "Microsoft.OperationalInsights/workspaces",
                        "permissionsDisplayText": "read and write permissions are required.",
                        "providerDisplayName": "Workspace",
                        "scope": "Workspace",
                        "requiredPermissions": {
                          "read": true,
                          "write": true,
                          "delete": true
                        }
                      },
                      {
                        "provider": "Microsoft.OperationalInsights/workspaces/sharedKeys",
                        "permissionsDisplayText": "read permissions to shared keys for the workspace are required. [See the documentation to learn more about workspace keys](https://docs.microsoft.com/azure/azure-monitor/platform/agent-windows#obtain-workspace-id-and-key).",
                        "providerDisplayName": "Keys",
                        "scope": "Workspace",
                        "requiredPermissions": {
                          "action": true
                        }
                      }
                    ]
                  },
                  "instructionSteps": [
                    {
                      "description": "**NOTE:** This data connector depends on a parser based on a Kusto Function to work as expected which is deployed as part of the solution. To view the function code in Log Analytics, open Log Analytics/Microsoft Sentinel Logs blade, click Functions and search for the alias SymantecDLP and load the function code or click [here](https://aka.ms/sentinel-symantecdlp-parser). The function usually takes 10-15 minutes to activate after solution installation/update."
                    },
                    {
                      "description": "Install and configure the Linux agent to collect your Common Event Format (CEF) Syslog messages and forward them to Microsoft Sentinel.\n\n> Notice that the data from all regions will be stored in the selected workspace",
                      "innerSteps": [
                        {
                          "title": "1.1 Select or create a Linux machine",
                          "description": "Select or create a Linux machine that Microsoft Sentinel will use as the proxy between your security solution and Microsoft Sentinel this machine can be on your on-prem environment, Azure or other clouds."
                        },
                        {
                          "title": "1.2 Install the CEF collector on the Linux machine",
                          "description": "Install the Microsoft Monitoring Agent on your Linux machine and configure the machine to listen on the necessary port and forward messages to your Microsoft Sentinel workspace. The CEF collector collects CEF messages on port 514 TCP.\n\n> 1. Make sure that you have Python on your machine using the following command: python –version.\n\n> 2. You must have elevated permissions (sudo) on your machine.",
                          "instructions": [
                            {
                              "parameters": {
                                "fillWith": [
                                  "WorkspaceId",
                                  "PrimaryKey"
                                ],
                                "label": "Run the following command to install and apply the CEF collector:",
                                "value": "sudo wget -O cef_installer.py https://raw.githubusercontent.com/Azure/Azure-Sentinel/master/DataConnectors/CEF/cef_installer.py&&sudo python cef_installer.py {0} {1}"
                              },
                              "type": "CopyableLabel"
                            }
                          ]
                        }
                      ],
                      "title": "1. Linux Syslog agent configuration"
                    },
                    {
                      "description": "Configure Symantec DLP to forward Syslog messages in CEF format to your Microsoft Sentinel workspace via the Syslog agent.\n1. [Follow these instructions](https://knowledge.broadcom.com/external/article/159509/generating-syslog-messages-from-data-los.html) to configure the Symantec DLP to forward syslog\n2. Use the IP address or hostname for the Linux device with the Linux agent installed as the Destination IP address.",
                      "title": "2. Forward Symantec DLP logs to a Syslog agent"
                    },
                    {
                      "description": "Follow the instructions to validate your connectivity:\n\nOpen Log Analytics to check if the logs are received using the CommonSecurityLog schema.\n\n>It may take about 20 minutes until the connection streams data to your workspace.\n\nIf the logs are not received, run the following connectivity validation script:\n\n> 1. Make sure that you have Python on your machine using the following command: python –version\n\n>2. You must have elevated permissions (sudo) on your machine",
                      "instructions": [
                        {
                          "parameters": {
                            "fillWith": [
                              "WorkspaceId"
                            ],
                            "label": "Run the following command to validate your connectivity:",
                            "value": "sudo wget -O cef_troubleshoot.py https://raw.githubusercontent.com/Azure/Azure-Sentinel/master/DataConnectors/CEF/cef_troubleshoot.py&&sudo python cef_troubleshoot.py  {0}"
                          },
                          "type": "CopyableLabel"
                        }
                      ],
                      "title": "3. Validate connection"
                    },
                    {
                      "description": "Make sure to configure the machine's security according to your organization's security policy\n\n\n[Learn more >](https://aka.ms/SecureCEF)",
                      "title": "4. Secure your machine "
                    }
                  ]
                }
              }
            },
            {
              "type": "Microsoft.OperationalInsights/workspaces/providers/metadata",
              "apiVersion": "2023-04-01-preview",
              "name": "[concat(parameters('workspace'),'/Microsoft.SecurityInsights/',concat('DataConnector-', last(split(variables('_dataConnectorId1'),'/'))))]",
              "properties": {
                "parentId": "[extensionResourceId(resourceId('Microsoft.OperationalInsights/workspaces', parameters('workspace')), 'Microsoft.SecurityInsights/dataConnectors', variables('_dataConnectorContentId1'))]",
                "contentId": "[variables('_dataConnectorContentId1')]",
                "kind": "DataConnector",
                "version": "[variables('dataConnectorVersion1')]",
                "source": {
                  "kind": "Solution",
                  "name": "Broadcom SymantecDLP",
                  "sourceId": "[variables('_solutionId')]"
                },
                "author": {
                  "name": "Microsoft",
                  "email": "[variables('_email')]"
                },
                "support": {
                  "name": "Microsoft Corporation",
                  "email": "support@microsoft.com",
                  "tier": "Microsoft",
                  "link": "https://support.microsoft.com"
                }
              }
            }
          ]
        },
        "packageKind": "Solution",
        "packageVersion": "[variables('_solutionVersion')]",
        "packageName": "[variables('_solutionName')]",
        "packageId": "[variables('_solutionId')]",
        "contentSchemaVersion": "3.0.0",
        "contentId": "[variables('_dataConnectorContentId1')]",
        "contentKind": "DataConnector",
        "displayName": "[Deprecated] Braodcom Symantec DLP via Legacy Agent",
        "contentProductId": "[variables('_dataConnectorcontentProductId1')]",
        "id": "[variables('_dataConnectorcontentProductId1')]",
        "version": "[variables('dataConnectorVersion1')]"
      }
    },
    {
      "type": "Microsoft.OperationalInsights/workspaces/providers/metadata",
      "apiVersion": "2023-04-01-preview",
      "name": "[concat(parameters('workspace'),'/Microsoft.SecurityInsights/',concat('DataConnector-', last(split(variables('_dataConnectorId1'),'/'))))]",
      "dependsOn": [
        "[variables('_dataConnectorId1')]"
      ],
      "location": "[parameters('workspace-location')]",
      "properties": {
        "parentId": "[extensionResourceId(resourceId('Microsoft.OperationalInsights/workspaces', parameters('workspace')), 'Microsoft.SecurityInsights/dataConnectors', variables('_dataConnectorContentId1'))]",
        "contentId": "[variables('_dataConnectorContentId1')]",
        "kind": "DataConnector",
        "version": "[variables('dataConnectorVersion1')]",
        "source": {
          "kind": "Solution",
          "name": "Broadcom SymantecDLP",
          "sourceId": "[variables('_solutionId')]"
        },
        "author": {
          "name": "Microsoft",
          "email": "[variables('_email')]"
        },
        "support": {
          "name": "Microsoft Corporation",
          "email": "support@microsoft.com",
          "tier": "Microsoft",
          "link": "https://support.microsoft.com"
        }
      }
    },
    {
      "name": "[concat(parameters('workspace'),'/Microsoft.SecurityInsights/',variables('_dataConnectorContentId1'))]",
      "apiVersion": "2021-03-01-preview",
      "type": "Microsoft.OperationalInsights/workspaces/providers/dataConnectors",
      "location": "[parameters('workspace-location')]",
      "kind": "GenericUI",
      "properties": {
        "connectorUiConfig": {
          "title": "[Deprecated] Braodcom Symantec DLP via Legacy Agent",
          "publisher": "Broadcom",
          "descriptionMarkdown": "The [Broadcom Symantec Data Loss Prevention (DLP)](https://www.broadcom.com/products/cyber-security/information-protection/data-loss-prevention) connector allows you to easily connect your Symantec DLP with Microsoft Sentinel, to create custom dashboards, alerts, and improve investigation. This gives you more insight into your organization’s information, where it travels, and improves your security operation capabilities.",
          "graphQueries": [
            {
              "metricName": "Total data received",
              "legend": "SymantecDLP",
              "baseQuery": "CommonSecurityLog​ \n| where DeviceVendor == \"Symantec\" and DeviceProduct == \"DLP\""
            }
          ],
          "dataTypes": [
            {
              "name": "CommonSecurityLog (SymantecDLP)",
              "lastDataReceivedQuery": "CommonSecurityLog​ \n| where DeviceVendor == \"Symantec\" and DeviceProduct == \"DLP\"\n | summarize Time = max(TimeGenerated)\n | where isnotempty(Time)"
            }
          ],
          "connectivityCriterias": [
            {
              "type": "IsConnectedQuery",
              "value": [
                "CommonSecurityLog​ \n| where DeviceVendor == \"Symantec\" and DeviceProduct == \"DLP\"\n | summarize LastLogReceived = max(TimeGenerated)\n | project IsConnected = LastLogReceived > ago(3d)"
              ]
            }
          ],
          "sampleQueries": [
            {
              "description": "Top 10 Triggered Activities",
              "query": "SymantecDLP \n | summarize count() by Activity \n| top 10 by count_"
            },
            {
              "description": "Top 10 Filenames",
              "query": "SymantecDLP \n | summarize count() by FileName \n| top 10 by count_"
            }
          ],
          "availability": {
            "status": 1,
            "isPreview": false
          },
          "permissions": {
            "resourceProvider": [
              {
                "provider": "Microsoft.OperationalInsights/workspaces",
                "permissionsDisplayText": "read and write permissions are required.",
                "providerDisplayName": "Workspace",
                "scope": "Workspace",
                "requiredPermissions": {
                  "read": true,
                  "write": true,
                  "delete": true
                }
              },
              {
                "provider": "Microsoft.OperationalInsights/workspaces/sharedKeys",
                "permissionsDisplayText": "read permissions to shared keys for the workspace are required. [See the documentation to learn more about workspace keys](https://docs.microsoft.com/azure/azure-monitor/platform/agent-windows#obtain-workspace-id-and-key).",
                "providerDisplayName": "Keys",
                "scope": "Workspace",
                "requiredPermissions": {
                  "action": true
                }
              }
            ]
          },
          "instructionSteps": [
            {
              "description": "**NOTE:** This data connector depends on a parser based on a Kusto Function to work as expected which is deployed as part of the solution. To view the function code in Log Analytics, open Log Analytics/Microsoft Sentinel Logs blade, click Functions and search for the alias SymantecDLP and load the function code or click [here](https://aka.ms/sentinel-symantecdlp-parser). The function usually takes 10-15 minutes to activate after solution installation/update."
            },
            {
              "description": "Install and configure the Linux agent to collect your Common Event Format (CEF) Syslog messages and forward them to Microsoft Sentinel.\n\n> Notice that the data from all regions will be stored in the selected workspace",
              "innerSteps": [
                {
                  "title": "1.1 Select or create a Linux machine",
                  "description": "Select or create a Linux machine that Microsoft Sentinel will use as the proxy between your security solution and Microsoft Sentinel this machine can be on your on-prem environment, Azure or other clouds."
                },
                {
                  "title": "1.2 Install the CEF collector on the Linux machine",
                  "description": "Install the Microsoft Monitoring Agent on your Linux machine and configure the machine to listen on the necessary port and forward messages to your Microsoft Sentinel workspace. The CEF collector collects CEF messages on port 514 TCP.\n\n> 1. Make sure that you have Python on your machine using the following command: python –version.\n\n> 2. You must have elevated permissions (sudo) on your machine.",
                  "instructions": [
                    {
                      "parameters": {
                        "fillWith": [
                          "WorkspaceId",
                          "PrimaryKey"
                        ],
                        "label": "Run the following command to install and apply the CEF collector:",
                        "value": "sudo wget -O cef_installer.py https://raw.githubusercontent.com/Azure/Azure-Sentinel/master/DataConnectors/CEF/cef_installer.py&&sudo python cef_installer.py {0} {1}"
                      },
                      "type": "CopyableLabel"
                    }
                  ]
                }
              ],
              "title": "1. Linux Syslog agent configuration"
            },
            {
              "description": "Configure Symantec DLP to forward Syslog messages in CEF format to your Microsoft Sentinel workspace via the Syslog agent.\n1. [Follow these instructions](https://knowledge.broadcom.com/external/article/159509/generating-syslog-messages-from-data-los.html) to configure the Symantec DLP to forward syslog\n2. Use the IP address or hostname for the Linux device with the Linux agent installed as the Destination IP address.",
              "title": "2. Forward Symantec DLP logs to a Syslog agent"
            },
            {
              "description": "Follow the instructions to validate your connectivity:\n\nOpen Log Analytics to check if the logs are received using the CommonSecurityLog schema.\n\n>It may take about 20 minutes until the connection streams data to your workspace.\n\nIf the logs are not received, run the following connectivity validation script:\n\n> 1. Make sure that you have Python on your machine using the following command: python –version\n\n>2. You must have elevated permissions (sudo) on your machine",
              "instructions": [
                {
                  "parameters": {
                    "fillWith": [
                      "WorkspaceId"
                    ],
                    "label": "Run the following command to validate your connectivity:",
                    "value": "sudo wget -O cef_troubleshoot.py https://raw.githubusercontent.com/Azure/Azure-Sentinel/master/DataConnectors/CEF/cef_troubleshoot.py&&sudo python cef_troubleshoot.py  {0}"
                  },
                  "type": "CopyableLabel"
                }
              ],
              "title": "3. Validate connection"
            },
            {
              "description": "Make sure to configure the machine's security according to your organization's security policy\n\n\n[Learn more >](https://aka.ms/SecureCEF)",
              "title": "4. Secure your machine "
            }
          ],
          "id": "[variables('_uiConfigId1')]",
          "additionalRequirementBanner": "These queries are dependent on a parser based on a Kusto Function deployed as part of the solution."
        }
      }
    },
    {
      "type": "Microsoft.OperationalInsights/workspaces/providers/contentTemplates",
      "apiVersion": "2023-04-01-preview",
      "name": "[variables('dataConnectorTemplateSpecName2')]",
      "location": "[parameters('workspace-location')]",
      "dependsOn": [
        "[extensionResourceId(resourceId('Microsoft.OperationalInsights/workspaces', parameters('workspace')), 'Microsoft.SecurityInsights/contentPackages', variables('_solutionId'))]"
      ],
      "properties": {
        "description": "Broadcom SymantecDLP data connector with template version 3.0.1",
        "mainTemplate": {
          "$schema": "https://schema.management.azure.com/schemas/2019-04-01/deploymentTemplate.json#",
          "contentVersion": "[variables('dataConnectorVersion2')]",
          "parameters": {},
          "variables": {},
          "resources": [
            {
              "name": "[concat(parameters('workspace'),'/Microsoft.SecurityInsights/',variables('_dataConnectorContentId2'))]",
              "apiVersion": "2021-03-01-preview",
              "type": "Microsoft.OperationalInsights/workspaces/providers/dataConnectors",
              "location": "[parameters('workspace-location')]",
              "kind": "GenericUI",
              "properties": {
                "connectorUiConfig": {
                  "id": "[variables('_uiConfigId2')]",
                  "title": "[Recommended] Braodcom Symantec DLP via AMA",
                  "publisher": "Broadcom",
                  "descriptionMarkdown": "The [Broadcom Symantec Data Loss Prevention (DLP)](https://www.broadcom.com/products/cyber-security/information-protection/data-loss-prevention) connector allows you to easily connect your Symantec DLP with Microsoft Sentinel, to create custom dashboards, alerts, and improve investigation. This gives you more insight into your organization’s information, where it travels, and improves your security operation capabilities.",
                  "additionalRequirementBanner": "These queries are dependent on a parser based on a Kusto Function deployed as part of the solution.",
                  "graphQueries": [
                    {
                      "metricName": "Total data received",
                      "legend": "SymantecDLP",
                      "baseQuery": "CommonSecurityLog\n |where DeviceVendor =~ 'Symantec'\n |where DeviceProduct =~ 'DLP'\n |extend sent_by_ama = column_ifexists('CollectorHostName','')\n |where isnotempty(sent_by_ama)"
                    }
                  ],
                  "sampleQueries": [
                    {
                      "description": "Top 10 Triggered Activities",
                      "query": "SymantecDLP \n | summarize count() by Activity \n| top 10 by count_"
                    },
                    {
                      "description": "Top 10 Filenames",
                      "query": "SymantecDLP \n | summarize count() by FileName \n| top 10 by count_"
                    }
                  ],
                  "connectivityCriterias": [
                    {
                      "type": "IsConnectedQuery",
                      "value": [
                        "CommonSecurityLog\n |where DeviceVendor =~ 'Symantec'\n |where DeviceProduct =~ 'DLP'\n  |extend sent_by_ama = column_ifexists('CollectorHostName','')\n |where isnotempty(sent_by_ama)\n | summarize LastLogReceived = max(TimeGenerated)\n | project IsConnected = LastLogReceived > ago(30d)"
                      ]
                    }
                  ],
                  "dataTypes": [
                    {
                      "name": "CommonSecurityLog (SymantecDLP)",
                      "lastDataReceivedQuery": "CommonSecurityLog\n |where DeviceVendor =~ 'Symantec'\n |where DeviceProduct =~ 'DLP'\n  |extend sent_by_ama = column_ifexists('CollectorHostName','')\n |where isnotempty(sent_by_ama)\n            | summarize Time = max(TimeGenerated)\n            | where isnotempty(Time)"
                    }
                  ],
                  "availability": {
                    "status": 1,
                    "isPreview": false
                  },
                  "permissions": {
                    "resourceProvider": [
                      {
                        "provider": "Microsoft.OperationalInsights/workspaces",
                        "permissionsDisplayText": "read and write permissions are required.",
                        "providerDisplayName": "Workspace",
                        "scope": "Workspace",
                        "requiredPermissions": {
                          "read": true,
                          "write": true,
                          "delete": true
                        }
                      },
                      {
                        "provider": "Microsoft.OperationalInsights/workspaces/sharedKeys",
                        "permissionsDisplayText": "read permissions to shared keys for the workspace are required. [See the documentation to learn more about workspace keys](https://docs.microsoft.com/azure/azure-monitor/platform/agent-windows#obtain-workspace-id-and-key).",
                        "providerDisplayName": "Keys",
                        "scope": "Workspace",
                        "requiredPermissions": {
                          "action": true
                        }
                      }
                    ],
                    "customs": [
                      {
                        "description": "To collect data from non-Azure VMs, they must have Azure Arc installed and enabled. [Learn more](https://docs.microsoft.com/azure/azure-monitor/agents/azure-monitor-agent-install?tabs=ARMAgentPowerShell,PowerShellWindows,PowerShellWindowsArc,CLIWindows,CLIWindowsArc)"
                      },
                      {
                        "description": "Common Event Format (CEF) via AMA and Syslog via AMA data connectors must be installed [Learn more](https://learn.microsoft.com/azure/sentinel/connect-cef-ama#open-the-connector-page-and-create-the-dcr)"
                      }
                    ]
                  },
                  "instructionSteps": [
                    {
                      "description": "**NOTE:** This data connector depends on a parser based on a Kusto Function to work as expected which is deployed as part of the solution. To view the function code in Log Analytics, open Log Analytics/Microsoft Sentinel Logs blade, click Functions and search for the alias SymantecDLP and load the function code or click [here](https://aka.ms/sentinel-symantecdlp-parser). The function usually takes 10-15 minutes to activate after solution installation/update.",
                      "instructions": [
                        {
                          "parameters": {
                            "title": "1. Kindly follow the steps to configure the data connector",
                            "instructionSteps": [
                              {
                                "title": "Step A. Configure the Common Event Format (CEF) via AMA data connector",
                                "description": "_Note:- CEF logs are collected only from Linux Agents_\n\n1. Navigate to Microsoft Sentinel workspace ---> configuration ---> Data connector blade .\n\n2. Search for 'Common Event Format (CEF) via AMA' data connector and open it.\n\n3. Check If there is no existing DCR configured to collect required facility of logs, Create a new DCR (Data Collection Rule)\n\n\t_Note:- It is recommended to install minimum 1.27 version of AMA agent [Learn more](https://learn.microsoft.com/azure/azure-monitor/agents/azure-monitor-agent-manage?tabs=azure-portal ) and ensure there is no duplicate DCR as it can cause log duplicacy_\n\n4. Run the command provided in the CEF via AMA data connector page to configure the CEF collector on the machine"
                                
                              },
                              {
                                "title": "Step B. Forward Symantec DLP logs to a Syslog agent",
                                "description": "Configure Symantec DLP to forward Syslog messages in CEF format to your Microsoft Sentinel workspace via the Syslog agent.\n1. [Follow these instructions](https://knowledge.broadcom.com/external/article/159509/generating-syslog-messages-from-data-los.html) to configure the Symantec DLP to forward syslog\n2. Use the IP address or hostname for the Linux device with the Linux agent installed as the Destination IP address."
                                
                              },
                              {
                                "title": "Step C. Validate connection",
                                "description": "Follow the instructions to validate your connectivity:\n\nOpen Log Analytics to check if the logs are received using the CommonSecurityLog schema.\n\nIt may take about 20 minutes until the connection streams data to your workspace.\n\nIf the logs are not received, run the following connectivity validation script:\n\n 1. Make sure that you have Python on your machine using the following command: python -version\n\n2. You must have elevated permissions (sudo) on your machine",
                                "instructions": [
                                  {
                                    "parameters": {
                                      "label": "Run the following command to validate your connectivity:",
                                      "value": "sudo wget -O Sentinel_AMA_troubleshoot.py https://raw.githubusercontent.com/Azure/Azure-Sentinel/master/DataConnectors/Syslog/Sentinel_AMA_troubleshoot.py&&sudo python Sentinel_AMA_troubleshoot.py --cef"
                                    },
                                    "type": "CopyableLabel"
                                  }
                                ]
                              }
                            ]
                          },
                          "type": "InstructionStepsGroup"
                        }
                      ]
                    },
                    {
                      "description": "Make sure to configure the machine's security according to your organization's security policy\n\n\n[Learn more >](https://aka.ms/SecureCEF)",
                      "title": "2. Secure your machine "
                    }
                  ]
                }
              }
            },
            {
              "type": "Microsoft.OperationalInsights/workspaces/providers/metadata",
              "apiVersion": "2023-04-01-preview",
              "name": "[concat(parameters('workspace'),'/Microsoft.SecurityInsights/',concat('DataConnector-', last(split(variables('_dataConnectorId2'),'/'))))]",
              "properties": {
                "parentId": "[extensionResourceId(resourceId('Microsoft.OperationalInsights/workspaces', parameters('workspace')), 'Microsoft.SecurityInsights/dataConnectors', variables('_dataConnectorContentId2'))]",
                "contentId": "[variables('_dataConnectorContentId2')]",
                "kind": "DataConnector",
                "version": "[variables('dataConnectorVersion2')]",
                "source": {
                  "kind": "Solution",
                  "name": "Broadcom SymantecDLP",
                  "sourceId": "[variables('_solutionId')]"
                },
                "author": {
                  "name": "Microsoft",
                  "email": "[variables('_email')]"
                },
                "support": {
                  "name": "Microsoft Corporation",
                  "email": "support@microsoft.com",
                  "tier": "Microsoft",
                  "link": "https://support.microsoft.com"
                }
              }
            }
          ]
        },
        "packageKind": "Solution",
        "packageVersion": "[variables('_solutionVersion')]",
        "packageName": "[variables('_solutionName')]",
        "packageId": "[variables('_solutionId')]",
        "contentSchemaVersion": "3.0.0",
        "contentId": "[variables('_dataConnectorContentId2')]",
        "contentKind": "DataConnector",
        "displayName": "[Recommended] Braodcom Symantec DLP via AMA",
        "contentProductId": "[variables('_dataConnectorcontentProductId2')]",
        "id": "[variables('_dataConnectorcontentProductId2')]",
        "version": "[variables('dataConnectorVersion2')]"
      }
    },
    {
      "type": "Microsoft.OperationalInsights/workspaces/providers/metadata",
      "apiVersion": "2023-04-01-preview",
      "name": "[concat(parameters('workspace'),'/Microsoft.SecurityInsights/',concat('DataConnector-', last(split(variables('_dataConnectorId2'),'/'))))]",
      "dependsOn": [
        "[variables('_dataConnectorId2')]"
      ],
      "location": "[parameters('workspace-location')]",
      "properties": {
        "parentId": "[extensionResourceId(resourceId('Microsoft.OperationalInsights/workspaces', parameters('workspace')), 'Microsoft.SecurityInsights/dataConnectors', variables('_dataConnectorContentId2'))]",
        "contentId": "[variables('_dataConnectorContentId2')]",
        "kind": "DataConnector",
        "version": "[variables('dataConnectorVersion2')]",
        "source": {
          "kind": "Solution",
          "name": "Broadcom SymantecDLP",
          "sourceId": "[variables('_solutionId')]"
        },
        "author": {
          "name": "Microsoft",
          "email": "[variables('_email')]"
        },
        "support": {
          "name": "Microsoft Corporation",
          "email": "support@microsoft.com",
          "tier": "Microsoft",
          "link": "https://support.microsoft.com"
        }
      }
    },
    {
      "name": "[concat(parameters('workspace'),'/Microsoft.SecurityInsights/',variables('_dataConnectorContentId2'))]",
      "apiVersion": "2021-03-01-preview",
      "type": "Microsoft.OperationalInsights/workspaces/providers/dataConnectors",
      "location": "[parameters('workspace-location')]",
      "kind": "GenericUI",
      "properties": {
        "connectorUiConfig": {
          "title": "[Recommended] Braodcom Symantec DLP via AMA",
          "publisher": "Broadcom",
          "descriptionMarkdown": "The [Broadcom Symantec Data Loss Prevention (DLP)](https://www.broadcom.com/products/cyber-security/information-protection/data-loss-prevention) connector allows you to easily connect your Symantec DLP with Microsoft Sentinel, to create custom dashboards, alerts, and improve investigation. This gives you more insight into your organization’s information, where it travels, and improves your security operation capabilities.",
          "graphQueries": [
            {
              "metricName": "Total data received",
              "legend": "SymantecDLP",
              "baseQuery": "CommonSecurityLog\n |where DeviceVendor =~ 'Symantec'\n |where DeviceProduct =~ 'DLP'\n |extend sent_by_ama = column_ifexists('CollectorHostName','')\n |where isnotempty(sent_by_ama)"
            }
          ],
          "dataTypes": [
            {
              "name": "CommonSecurityLog (SymantecDLP)",
              "lastDataReceivedQuery": "CommonSecurityLog\n |where DeviceVendor =~ 'Symantec'\n |where DeviceProduct =~ 'DLP'\n  |extend sent_by_ama = column_ifexists('CollectorHostName','')\n |where isnotempty(sent_by_ama)\n            | summarize Time = max(TimeGenerated)\n            | where isnotempty(Time)"
            }
          ],
          "connectivityCriterias": [
            {
              "type": "IsConnectedQuery",
              "value": [
                "CommonSecurityLog\n |where DeviceVendor =~ 'Symantec'\n |where DeviceProduct =~ 'DLP'\n  |extend sent_by_ama = column_ifexists('CollectorHostName','')\n |where isnotempty(sent_by_ama)\n | summarize LastLogReceived = max(TimeGenerated)\n | project IsConnected = LastLogReceived > ago(30d)"
              ]
            }
          ],
          "sampleQueries": [
            {
              "description": "Top 10 Triggered Activities",
              "query": "SymantecDLP \n | summarize count() by Activity \n| top 10 by count_"
            },
            {
              "description": "Top 10 Filenames",
              "query": "SymantecDLP \n | summarize count() by FileName \n| top 10 by count_"
            }
          ],
          "availability": {
            "status": 1,
            "isPreview": false
          },
          "permissions": {
            "resourceProvider": [
              {
                "provider": "Microsoft.OperationalInsights/workspaces",
                "permissionsDisplayText": "read and write permissions are required.",
                "providerDisplayName": "Workspace",
                "scope": "Workspace",
                "requiredPermissions": {
                  "read": true,
                  "write": true,
                  "delete": true
                }
              },
              {
                "provider": "Microsoft.OperationalInsights/workspaces/sharedKeys",
                "permissionsDisplayText": "read permissions to shared keys for the workspace are required. [See the documentation to learn more about workspace keys](https://docs.microsoft.com/azure/azure-monitor/platform/agent-windows#obtain-workspace-id-and-key).",
                "providerDisplayName": "Keys",
                "scope": "Workspace",
                "requiredPermissions": {
                  "action": true
                }
              }
            ],
            "customs": [
              {
                "description": "To collect data from non-Azure VMs, they must have Azure Arc installed and enabled. [Learn more](https://docs.microsoft.com/azure/azure-monitor/agents/azure-monitor-agent-install?tabs=ARMAgentPowerShell,PowerShellWindows,PowerShellWindowsArc,CLIWindows,CLIWindowsArc)"
              },
              {
                "description": "Common Event Format (CEF) via AMA and Syslog via AMA data connectors must be installed [Learn more](https://learn.microsoft.com/azure/sentinel/connect-cef-ama#open-the-connector-page-and-create-the-dcr)"
              }
            ]
          },
          "instructionSteps": [
            {
              "description": "**NOTE:** This data connector depends on a parser based on a Kusto Function to work as expected which is deployed as part of the solution. To view the function code in Log Analytics, open Log Analytics/Microsoft Sentinel Logs blade, click Functions and search for the alias SymantecDLP and load the function code or click [here](https://aka.ms/sentinel-symantecdlp-parser). The function usually takes 10-15 minutes to activate after solution installation/update.",
              "instructions": [
                {
                  "parameters": {
                    "title": "1. Kindly follow the steps to configure the data connector",
                    "instructionSteps": [
                      {
                        "title": "Step A. Configure the Common Event Format (CEF) via AMA data connector",
                        "description": "_Note:- CEF logs are collected only from Linux Agents_\n\n1. Navigate to Microsoft Sentinel workspace ---> configuration ---> Data connector blade .\n\n2. Search for 'Common Event Format (CEF) via AMA' data connector and open it.\n\n3. Check If there is no existing DCR configured to collect required facility of logs, Create a new DCR (Data Collection Rule)\n\n\t_Note:- It is recommended to install minimum 1.27 version of AMA agent [Learn more](https://learn.microsoft.com/azure/azure-monitor/agents/azure-monitor-agent-manage?tabs=azure-portal ) and ensure there is no duplicate DCR as it can cause log duplicacy_\n\n4. Run the command provided in the CEF via AMA data connector page to configure the CEF collector on the machine"
                        
                      },
                      {
                        "title": "Step B. Forward Symantec DLP logs to a Syslog agent",
                        "description": "Configure Symantec DLP to forward Syslog messages in CEF format to your Microsoft Sentinel workspace via the Syslog agent.\n1. [Follow these instructions](https://knowledge.broadcom.com/external/article/159509/generating-syslog-messages-from-data-los.html) to configure the Symantec DLP to forward syslog\n2. Use the IP address or hostname for the Linux device with the Linux agent installed as the Destination IP address."
                       
                      },
                      {
                        "title": "Step C. Validate connection",
                        "description": "Follow the instructions to validate your connectivity:\n\nOpen Log Analytics to check if the logs are received using the CommonSecurityLog schema.\n\nIt may take about 20 minutes until the connection streams data to your workspace.\n\nIf the logs are not received, run the following connectivity validation script:\n\n 1. Make sure that you have Python on your machine using the following command: python -version\n\n2. You must have elevated permissions (sudo) on your machine",
                        "instructions": [
                          {
                            "parameters": {
                              "label": "Run the following command to validate your connectivity:",
                              "value": "sudo wget -O Sentinel_AMA_troubleshoot.py https://raw.githubusercontent.com/Azure/Azure-Sentinel/master/DataConnectors/Syslog/Sentinel_AMA_troubleshoot.py&&sudo python Sentinel_AMA_troubleshoot.py --cef"
                            },
                            "type": "CopyableLabel"
                          }
                        ]
                      }
                    ]
                  },
                  "type": "InstructionStepsGroup"
                }
              ]
            },
            {
              "description": "Make sure to configure the machine's security according to your organization's security policy\n\n\n[Learn more >](https://aka.ms/SecureCEF)",
              "title": "2. Secure your machine "
            }
          ],
          "id": "[variables('_uiConfigId2')]",
          "additionalRequirementBanner": "These queries are dependent on a parser based on a Kusto Function deployed as part of the solution."
        }
      }
    },
    {
      "type": "Microsoft.OperationalInsights/workspaces/providers/contentTemplates",
      "apiVersion": "2023-04-01-preview",
      "name": "[variables('parserTemplateSpecName1')]",
      "location": "[parameters('workspace-location')]",
      "dependsOn": [
        "[extensionResourceId(resourceId('Microsoft.OperationalInsights/workspaces', parameters('workspace')), 'Microsoft.SecurityInsights/contentPackages', variables('_solutionId'))]"
      ],
      "properties": {
        "description": "SymantecDLP Data Parser with template version 3.0.1",
        "mainTemplate": {
          "$schema": "https://schema.management.azure.com/schemas/2019-04-01/deploymentTemplate.json#",
          "contentVersion": "[variables('parserVersion1')]",
          "parameters": {},
          "variables": {},
          "resources": [
            {
              "name": "[variables('_parserName1')]",
              "apiVersion": "2022-10-01",
              "type": "Microsoft.OperationalInsights/workspaces/savedSearches",
              "location": "[parameters('workspace-location')]",
              "properties": {
                "eTag": "*",
                "displayName": "SymantecDLP",
                "category": "Microsoft Sentinel Parser",
                "functionAlias": "SymantecDLP",
                "query": "CommonSecurityLog\n| where DeviceVendor == \"Symantec\" and DeviceProduct == \"DLP\"\n| extend Blocked = extract(@\"BLOCKED=([^;]+)\\;\",1,AdditionalExtensions),\n         ApplicationName = extract(@\"APPLICATION_NAME=([^;]+)\\;\",1,AdditionalExtensions),\n         IncidentId = toint(extract(@\"INCIDENT_ID=([^;]+)\\;\",1,AdditionalExtensions)),\n         IncidentSnapshot = extract(@\"INCIDENT_SNAPSHOT=([^;]+)\\;\",1,AdditionalExtensions),\n         AttachedFileName = extract(@\"ATTACHMENT_FILENAME=([^;]+)\\;\",1,AdditionalExtensions),\n         FileName = extract(@\"FILE_NAME=([^;]+)\\;\",1,AdditionalExtensions),\n         MatchCount = toint(extract(@\"MATCH_COUNT=([^;])\\;\",1,AdditionalExtensions)),\n         Protocol = extract(@\"PROTOCOL=([^;])\\;\",1,AdditionalExtensions),\n         Recipients = extract(@\"RECIPIENTS_NAME=([^;]+)\\;\",1,AdditionalExtensions),\n         Sender = extract(@\"SENDER=([^;]+)\\;\",1,AdditionalExtensions),\n         Subject = extract(@\"SUBJECT=([^;]+)\\;\",1,AdditionalExtensions),\n         Severity = extract(@\"SEVERITY=([^;]+)\\;\",1,AdditionalExtensions),\n         EndpointMachine = extract(@\"ENDPOINT_MACHINE=([^;]+)\\;\",1,AdditionalExtensions),\n         EndpointDvcId = extract(@\"ENDPOINT_DEVICE_ID=([^;]+)\\;\",1,AdditionalExtensions),\n         MachineIpAddr = extract(@\"MACHINE_IP=([^;]+)\\;\",1,AdditionalExtensions),\n         OccuredOn = extract(@\"OCCURRED_ON=([^;]+)\\;\",1,AdditionalExtensions),\n         ReportedOn = extract(@\"REPORTED_ON=([^;]+)\\;\",1,AdditionalExtensions),\n         Url = extract(@\"URL=([^;]+)\\;\",1,AdditionalExtensions),\n         DstIpAddr = extract(@\"DESTINATION_IP=([^;]+)\\;\",1,AdditionalExtensions),\n         Scan = extract(@\"SCAN=([^;]+)\\;\",1,AdditionalExtensions),\n         QuarantinePath = extract(@\"QUARANTINE_PATH=([^;]+)\\;|$\",1,AdditionalExtensions)\n",
                "functionParameters": "",
                "version": 2,
                "tags": [
                  {
                    "name": "description",
                    "value": ""
                  }
                ]
              }
            },
            {
              "type": "Microsoft.OperationalInsights/workspaces/providers/metadata",
              "apiVersion": "2022-01-01-preview",
              "name": "[concat(parameters('workspace'),'/Microsoft.SecurityInsights/',concat('Parser-', last(split(variables('_parserId1'),'/'))))]",
              "dependsOn": [
                "[variables('_parserName1')]"
              ],
              "properties": {
                "parentId": "[resourceId('Microsoft.OperationalInsights/workspaces/savedSearches', parameters('workspace'), variables('parserName1'))]",
                "contentId": "[variables('_parserContentId1')]",
                "kind": "Parser",
                "version": "[variables('parserVersion1')]",
                "source": {
                  "name": "Broadcom SymantecDLP",
                  "kind": "Solution",
                  "sourceId": "[variables('_solutionId')]"
                },
                "author": {
                  "name": "Microsoft",
                  "email": "[variables('_email')]"
                },
                "support": {
                  "name": "Microsoft Corporation",
                  "email": "support@microsoft.com",
                  "tier": "Microsoft",
                  "link": "https://support.microsoft.com"
                }
              }
            }
          ]
        },
        "packageKind": "Solution",
        "packageVersion": "[variables('_solutionVersion')]",
        "packageName": "[variables('_solutionName')]",
        "packageId": "[variables('_solutionId')]",
        "contentSchemaVersion": "3.0.0",
        "contentId": "[variables('_parserContentId1')]",
        "contentKind": "Parser",
        "displayName": "SymantecDLP",
        "contentProductId": "[variables('_parsercontentProductId1')]",
        "id": "[variables('_parsercontentProductId1')]",
        "version": "[variables('parserVersion1')]"
      }
    },
    {
      "type": "Microsoft.OperationalInsights/workspaces/savedSearches",
      "apiVersion": "2022-10-01",
      "name": "[variables('_parserName1')]",
      "location": "[parameters('workspace-location')]",
      "properties": {
        "eTag": "*",
        "displayName": "SymantecDLP",
        "category": "Microsoft Sentinel Parser",
        "functionAlias": "SymantecDLP",
        "query": "CommonSecurityLog\n| where DeviceVendor == \"Symantec\" and DeviceProduct == \"DLP\"\n| extend Blocked = extract(@\"BLOCKED=([^;]+)\\;\",1,AdditionalExtensions),\n         ApplicationName = extract(@\"APPLICATION_NAME=([^;]+)\\;\",1,AdditionalExtensions),\n         IncidentId = toint(extract(@\"INCIDENT_ID=([^;]+)\\;\",1,AdditionalExtensions)),\n         IncidentSnapshot = extract(@\"INCIDENT_SNAPSHOT=([^;]+)\\;\",1,AdditionalExtensions),\n         AttachedFileName = extract(@\"ATTACHMENT_FILENAME=([^;]+)\\;\",1,AdditionalExtensions),\n         FileName = extract(@\"FILE_NAME=([^;]+)\\;\",1,AdditionalExtensions),\n         MatchCount = toint(extract(@\"MATCH_COUNT=([^;])\\;\",1,AdditionalExtensions)),\n         Protocol = extract(@\"PROTOCOL=([^;])\\;\",1,AdditionalExtensions),\n         Recipients = extract(@\"RECIPIENTS_NAME=([^;]+)\\;\",1,AdditionalExtensions),\n         Sender = extract(@\"SENDER=([^;]+)\\;\",1,AdditionalExtensions),\n         Subject = extract(@\"SUBJECT=([^;]+)\\;\",1,AdditionalExtensions),\n         Severity = extract(@\"SEVERITY=([^;]+)\\;\",1,AdditionalExtensions),\n         EndpointMachine = extract(@\"ENDPOINT_MACHINE=([^;]+)\\;\",1,AdditionalExtensions),\n         EndpointDvcId = extract(@\"ENDPOINT_DEVICE_ID=([^;]+)\\;\",1,AdditionalExtensions),\n         MachineIpAddr = extract(@\"MACHINE_IP=([^;]+)\\;\",1,AdditionalExtensions),\n         OccuredOn = extract(@\"OCCURRED_ON=([^;]+)\\;\",1,AdditionalExtensions),\n         ReportedOn = extract(@\"REPORTED_ON=([^;]+)\\;\",1,AdditionalExtensions),\n         Url = extract(@\"URL=([^;]+)\\;\",1,AdditionalExtensions),\n         DstIpAddr = extract(@\"DESTINATION_IP=([^;]+)\\;\",1,AdditionalExtensions),\n         Scan = extract(@\"SCAN=([^;]+)\\;\",1,AdditionalExtensions),\n         QuarantinePath = extract(@\"QUARANTINE_PATH=([^;]+)\\;|$\",1,AdditionalExtensions)\n",
        "functionParameters": "",
        "version": 2,
        "tags": [
          {
            "name": "description",
            "value": ""
          }
        ]
      }
    },
    {
      "type": "Microsoft.OperationalInsights/workspaces/providers/metadata",
      "apiVersion": "2022-01-01-preview",
      "location": "[parameters('workspace-location')]",
      "name": "[concat(parameters('workspace'),'/Microsoft.SecurityInsights/',concat('Parser-', last(split(variables('_parserId1'),'/'))))]",
      "dependsOn": [
        "[variables('_parserId1')]"
      ],
      "properties": {
        "parentId": "[resourceId('Microsoft.OperationalInsights/workspaces/savedSearches', parameters('workspace'), variables('parserName1'))]",
        "contentId": "[variables('_parserContentId1')]",
        "kind": "Parser",
        "version": "[variables('parserVersion1')]",
        "source": {
          "kind": "Solution",
          "name": "Broadcom SymantecDLP",
          "sourceId": "[variables('_solutionId')]"
        },
        "author": {
          "name": "Microsoft",
          "email": "[variables('_email')]"
        },
        "support": {
          "name": "Microsoft Corporation",
          "email": "support@microsoft.com",
          "tier": "Microsoft",
          "link": "https://support.microsoft.com"
        }
      }
    },
    {
      "type": "Microsoft.OperationalInsights/workspaces/providers/contentPackages",
      "apiVersion": "2023-04-01-preview",
      "location": "[parameters('workspace-location')]",
      "properties": {
        "version": "3.0.1",
        "kind": "Solution",
        "contentSchemaVersion": "3.0.0",
        "displayName": "Broadcom SymantecDLP",
        "publisherDisplayName": "Microsoft Sentinel, Microsoft Corporation",
        "descriptionHtml": "<p><strong>Note:</strong> <em>There may be <a href=\"https://aka.ms/sentinelsolutionsknownissues\">known issues</a> pertaining to this Solution, please refer to them before installing.</em></p>\n<p>The <a href=\"https://www.broadcom.com/products/cyber-security/information-protection/data-loss-prevention\">Broadcom Symantec Data Loss Prevention (DLP)</a> connector allows you to easily connect your Symantec DLP with Microsoft Sentinel.</p>\n<ol>\n<li><p><strong>Broadcom SymantecDLP via AMA</strong> - This data connector helps in ingesting Broadcom SymantecDLP logs into your Log Analytics Workspace using the new Azure Monitor Agent. Learn more about ingesting using the new Azure Monitor Agent <a href=\"https://learn.microsoft.com/azure/sentinel/connect-cef-ama\">here</a>. <strong>Microsoft recommends using this Data Connector</strong>.</p>\n</li>\n<li><p><strong>Broadcom SymantecDLP via Legacy Agent</strong> - This data connector helps in ingesting Broadcom SymantecDLP logs into your Log Analytics Workspace using the legacy Log Analytics agent.</p>\n</li>\n</ol>\n<p><strong>NOTE:</strong> Microsoft recommends installation of Broadcom SymantecDLP via AMA Connector. Legacy connector uses the Log Analytics agent which is about to be deprecated by <strong>Aug 31, 2024,</strong> and thus should only be installed where AMA is not supported. Using MMA and AMA on same machine can cause log duplication and extra ingestion cost <a href=\"https://learn.microsoft.com/en-us/azure/sentinel/ama-migrate\">more details</a>.</p>\n<p><strong>Data Connectors:</strong> 2, <strong>Parsers:</strong> 1</p>\n<p><a href=\"https://aka.ms/azuresentinel\">Learn more about Microsoft Sentinel</a> | <a href=\"https://aka.ms/azuresentinelsolutionsdoc\">Learn more about Solutions</a></p>\n",
        "contentKind": "Solution",
        "contentProductId": "[variables('_solutioncontentProductId')]",
        "id": "[variables('_solutioncontentProductId')]",
        "icon": "<img src=\"https://raw.githubusercontent.com/Azure/Azure-Sentinel/master/Logos/Azure_Sentinel.svg\" width=\"75px\" height=\"75px\">",
        "contentId": "[variables('_solutionId')]",
        "parentId": "[variables('_solutionId')]",
        "source": {
          "kind": "Solution",
          "name": "Broadcom SymantecDLP",
          "sourceId": "[variables('_solutionId')]"
        },
        "author": {
          "name": "Microsoft",
          "email": "[variables('_email')]"
        },
        "support": {
          "name": "Microsoft Corporation",
          "email": "support@microsoft.com",
          "tier": "Microsoft",
          "link": "https://support.microsoft.com"
        },
        "dependencies": {
          "operator": "AND",
          "criteria": [
            {
              "kind": "DataConnector",
              "contentId": "[variables('_dataConnectorContentId1')]",
              "version": "[variables('dataConnectorVersion1')]"
            },
            {
              "kind": "DataConnector",
              "contentId": "[variables('_dataConnectorContentId2')]",
              "version": "[variables('dataConnectorVersion2')]"
            },
            {
              "kind": "Parser",
              "contentId": "[variables('_parserContentId1')]",
              "version": "[variables('parserVersion1')]"
            }
          ]
        },
        "firstPublishDate": "2022-05-02",
        "providers": [
          "Broadcom"
        ],
        "categories": {
          "domains": [
            "Security - Information Protection"
          ]
        }
      },
      "name": "[concat(parameters('workspace'),'/Microsoft.SecurityInsights/', variables('_solutionId'))]"
    }
  ],
  "outputs": {}
}
