[
    {
        "source": "telemetry",
        "uuid": "1d358449-4b0a-4d58-beb9-d17d781c7378",
        "filters": [
            {
                "id": "F2924",
                "unique_id": "0d0b543e-a93f-41d5-a56d-ae4dc246ebbb",
                "level": "info",
                "name": "Execution of Windows Command Line Interface",
                "description": "Windows Command Line Interface (cmd.exe), was executed in the system.",
                "tactics": [
                    "TA0002"
                ],
                "techniques": [
                    "T1059.003"
                ],
                "highlightedObjects": [
                    {
                        "field": "objectCmd",
                        "type": "command_line",
                        "value": "C:\\Windows\\System32\\cmd.exe /d /s /c \"kubectl config view -o json\""
                    }
                ]
            }
        ],
        "dpt": null,
        "dst": "",
        "endpointGuid": "6845c027-a2da-4ae1-9efe-dc063af43025",
        "endpointHostName": "NJ-JEREMY-TONG1",
        "endpointIp": [
            "fe80::cd46:5fb2:9e1b:8e84",
            "169.254.142.132",
            "fe80::136:8812:2586:98af",
            "10.64.24.16"
        ],
        "eventTime": 1624966201028,
        "eventTimeDT": "2021-06-29T11:30:01.028000+00:00",
        "hostName": "",
        "logonUser": [
            "jeremy_tong"
        ],
        "objectCmd": "C:\\Windows\\System32\\cmd.exe /d /s /c \"kubectl config view -o json\"",
        "objectFileHashSha1": "3585b37200ef3321262b0977401183694a3c15c6",
        "objectFilePath": "C:\\Windows\\System32\\cmd.exe",
        "objectIp": "",
        "objectPort": null,
        "objectRegistryData": "",
        "objectRegistryKeyHandle": "",
        "objectRegistryValue": "",
        "objectSigner": [
            "Microsoft Windows"
        ],
        "objectSignerValid": [
            true
        ],
        "objectUser": "jeremy_tong",
        "parentCmd": "",
        "parentFileHashSha1": "",
        "parentFilePath": "",
        "processCmd": "D:\\Users\\jeremy_tong\\AppData\\Local\\Programs\\Microsoft VS Code\\Code.exe --inspect-port=0 \"d:\\Users\\jeremy_tong\\AppData\\Local\\Programs\\Microsoft VS Code\\resources\\app\\out\\bootstrap-fork\" --type=extensionHost",
        "processFileHashSha1": "",
        "processFilePath": "D:\\Users\\jeremy_tong\\AppData\\Local\\Programs\\Microsoft VS Code\\Code.exe",
        "request": "",
        "spt": null,
        "src": "",
        "srcFileHashSha1": "",
        "srcFilePath": "",
        "tags": [
            "XSAE.F2924",
            "MITREV8.T1059.003"
        ],
        "searchDL": "SDL"
    }
]