{
  "$schema": "https://schema.management.azure.com/schemas/0.1.2-preview/CreateUIDefinition.MultiVm.json#",
  "handler": "Microsoft.Azure.CreateUIDef",
  "version": "0.1.2-preview",
  "parameters": {
    "config": {
      "isWizard": false,
      "basics": {
        "description": "<img src=\"https://raw.githubusercontent.com/Azure/Azure-Sentinel/master/Logos/Azure_Sentinel.svg\" width=\"75px\" height=\"75px\">\n\n**Note:** Please refer to the following before installing the solution: \n\n• Review the solution [Release Notes](https://github.com/Azure/Azure-Sentinel/tree/master/Solutions/Zinc%20Open%20Source/ReleaseNotes.md)\n\n • There may be [known issues](https://aka.ms/sentinelsolutionsknownissues) pertaining to this Solution, please refer to them before installing.\n\nMicrosoft security research teams have detected a wide range of social engineering campaigns using weaponized legitimate open-source software by an actor tracked as ZINC.  ZINC employed traditional social engineering tactics by initially connecting with individuals on LinkedIn, followed by communication over WhatsApp, which acted as the means of delivery for their malicious payloads. ZINC was found weaponizing a wide range of open-source software including PuTTY, KiTTY, TightVNC, Sumatra PDF Reader etc. For more technical and in-depth information about the attack, please read the [Microsoft Security blog post](https://www.microsoft.com/security/blog/2022/09/29/zinc-weaponizing-open-source-software/).This solution provides content to detect and investigate signals related to the attack in Microsoft Sentinel.\n\n**Pre-requisites:**\n\nThis is a [domain solution](https://learn.microsoft.com/azure/sentinel/sentinel-solutions-catalog#domain-solutions) and does not include any data connectors. The content in this solution supports the connectors listed below. Install one or more of the listed solutions, to unlock the value provided by this solution.\n\n  1.Windows Security Events\n\n  2.Microsoft Defender XDR\n\n  3.Windows Server DNS\n\n  4.F5 Advanced WAF\n\n  5.Cisco ASA\n\n  6.Palo Alto Networks\n\n  7.Common Event Format\n\n  8.Fortinet FortiGate\n\n  9.Check Point\n\n  10.Microsoft 365\n\n  11.Azure Firewall\n\n  12.Microsoft Windows Firewall\n\n  13.Windows Forwarded Events\n\n**Keywords:** Zinc, Open Source, ZetaNile , Putty, Kitty, TightVNC , EventHorizon, FoggyBrass, PhantomStar, threat actor, Adversary.\n\n**Analytic Rules:** 3\n\n[Learn more about Microsoft Sentinel](https://aka.ms/azuresentinel) | [Learn more about Solutions](https://aka.ms/azuresentinelsolutionsdoc)",
        "subscription": {
          "resourceProviders": [
            "Microsoft.OperationsManagement/solutions",
            "Microsoft.OperationalInsights/workspaces/providers/alertRules",
            "Microsoft.Insights/workbooks",
            "Microsoft.Logic/workflows"
          ]
        },
        "location": {
          "metadata": {
            "hidden": "Hiding location, we get it from the log analytics workspace"
          },
          "visible": false
        },
        "resourceGroup": {
          "allowExisting": true
        }
      }
    },
    "basics": [
      {
        "name": "getLAWorkspace",
        "type": "Microsoft.Solutions.ArmApiControl",
        "toolTip": "This filters by workspaces that exist in the Resource Group selected",
        "condition": "[greater(length(resourceGroup().name),0)]",
        "request": {
          "method": "GET",
          "path": "[concat(subscription().id,'/providers/Microsoft.OperationalInsights/workspaces?api-version=2020-08-01')]"
        }
      },
      {
        "name": "workspace",
        "type": "Microsoft.Common.DropDown",
        "label": "Workspace",
        "placeholder": "Select a workspace",
        "toolTip": "This dropdown will list only workspace that exists in the Resource Group selected",
        "constraints": {
          "allowedValues": "[map(filter(basics('getLAWorkspace').value, (filter) => contains(toLower(filter.id), toLower(resourceGroup().name))), (item) => parse(concat('{\"label\":\"', item.name, '\",\"value\":\"', item.name, '\"}')))]",
          "required": true
        },
        "visible": true
      }
    ],
    "steps": [
      {
        "name": "analytics",
        "label": "Analytics",
        "subLabel": {
          "preValidation": "Configure the analytics",
          "postValidation": "Done"
        },
        "bladeTitle": "Analytics",
        "elements": [
          {
            "name": "analytics-text",
            "type": "Microsoft.Common.TextBlock",
            "options": {
              "text": "This solution installs the following analytic rule templates. After installing the solution, create and enable analytic rules in Manage solution view."
            }
          },
          {
            "name": "analytics-link",
            "type": "Microsoft.Common.TextBlock",
            "options": {
              "link": {
                "label": "Learn more",
                "uri": "https://docs.microsoft.com/azure/sentinel/tutorial-detect-threats-custom?WT.mc_id=Portal-Microsoft_Azure_CreateUIDef"
              }
            }
          },
          {
            "name": "analytic1",
            "type": "Microsoft.Common.Section",
            "label": "AV detections related to Zinc actors",
            "elements": [
              {
                "name": "analytic1-text",
                "type": "Microsoft.Common.TextBlock",
                "options": {
                  "text": "This query looks for Microsoft Defender AV detections related to  Zinc threat actor. In Microsoft Sentinel the SecurityAlerts table includes only the Device Name of the affected device, \n this query joins the DeviceInfo table to clearly connect other information such as Device group, ip, etc. \n This would allow the Microsoft Sentinel analyst to have more context related to the alert, if available.\n Reference: https://www.microsoft.com/security/blog/2022/09/29/zinc-weaponizing-open-source-software/"
                }
              }
            ]
          },
          {
            "name": "analytic2",
            "type": "Microsoft.Common.Section",
            "label": "Zinc Actor IOCs files - October 2022",
            "elements": [
              {
                "name": "analytic2-text",
                "type": "Microsoft.Common.TextBlock",
                "options": {
                  "text": "Identifies a match across filename and commandline IOC's related to an actor tracked by Microsoft as Zinc.\nReference: https://www.microsoft.com/security/blog/2022/09/29/zinc-weaponizing-open-source-software/"
                }
              }
            ]
          },
          {
            "name": "analytic3",
            "type": "Microsoft.Common.Section",
            "label": "[Deprecated] - Zinc Actor IOCs domains hashes IPs and useragent - October 2022",
            "elements": [
              {
                "name": "analytic3-text",
                "type": "Microsoft.Common.TextBlock",
                "options": {
                  "text": "Use Microsoft's up-to-date Threat Intelligence solution from the Content Hub to replace the deprecated query with outdated IoCs. Install it from: https://learn.microsoft.com/azure/sentinel/sentinel-solutions-deploy"
                }
              }
            ]
          }
        ]
      }
    ],
    "outputs": {
      "workspace-location": "[first(map(filter(basics('getLAWorkspace').value, (filter) => and(contains(toLower(filter.id), toLower(resourceGroup().name)),equals(filter.name,basics('workspace')))), (item) => item.location))]",
      "location": "[location()]",
      "workspace": "[basics('workspace')]"
    }
  }
}
