{
  "$schema": "https://schema.management.azure.com/schemas/2019-04-01/deploymentTemplate.json#",
  "contentVersion": "1.0.0.0",
  "metadata": {
    "author": "SpecterOps - support@specterops.io",
    "comments": "Solution template for BloodHound Enterprise"
  },
  "parameters": {
    "location": {
      "type": "string",
      "minLength": 1,
      "defaultValue": "[resourceGroup().location]",
      "metadata": {
        "description": "Not used, but needed to pass arm-ttk test `Location-Should-Not-Be-Hardcoded`.  We instead use the `workspace-location` which is derived from the LA workspace"
      }
    },
    "workspace-location": {
      "type": "string",
      "defaultValue": "",
      "metadata": {
        "description": "[concat('Region to deploy solution resources -- separate from location selection',parameters('location'))]"
      }
    },
    "workspace": {
      "defaultValue": "",
      "type": "string",
      "metadata": {
        "description": "Workspace name for Log Analytics where Microsoft Sentinel is setup"
      }
    },
    "workbook1-name": {
      "type": "string",
      "defaultValue": null,
      "minLength": 1,
      "metadata": {
        "description": "Name for the workbook"
      }
    },
    "workbook2-name": {
      "type": "string",
      "defaultValue": null,
      "minLength": 1,
      "metadata": {
        "description": "Name for the workbook"
      }
    }
  },
  "variables": {
    "solutionId": "azuresentinel.azure-sentinel-solution-bloodhoundenterprise",
    "_solutionId": "[variables('solutionId')]",
    "email": "support@specterops.io",
    "_email": "[variables('email')]",
    "TemplateEmptyArray": "[json('[]')]",
    "blanks": "[replace('b', 'b', '')]",
    "workbookVersion1": "",
    "workbookContentId1": "",
    "workbookId1": "[resourceId('Microsoft.Insights/workbooks', variables('workbookContentId1'))]",
    "workbookTemplateSpecName1": "[concat(parameters('workspace'),'-wb-',uniquestring(variables('_workbookContentId1')))]",
    "_workbookContentId1": "[variables('workbookContentId1')]",
    "workspaceResourceId": "[resourceId('microsoft.OperationalInsights/Workspaces', parameters('workspace'))]",
    "workbookVersion2": "",
    "workbookContentId2": "",
    "workbookId2": "[resourceId('Microsoft.Insights/workbooks', variables('workbookContentId2'))]",
    "workbookTemplateSpecName2": "[concat(parameters('workspace'),'-wb-',uniquestring(variables('_workbookContentId2')))]",
    "_workbookContentId2": "[variables('workbookContentId2')]",
    "analyticRuleVersion1": "1.0.0",
    "analyticRulecontentId1": "df292d06-f348-41ad-b780-0abb5acfe9ab",
    "_analyticRulecontentId1": "[variables('analyticRulecontentId1')]",
    "analyticRuleId1": "[resourceId('Microsoft.SecurityInsights/AlertRuleTemplates', variables('analyticRulecontentId1'))]",
    "analyticRuleTemplateSpecName1": "[concat(parameters('workspace'),'-ar-',uniquestring(variables('_analyticRulecontentId1')))]",
    "analyticRuleVersion2": "1.0.0",
    "analyticRulecontentId2": "b1f6aed2-ebb9-4fe4-bd7c-6657d02a0cc8",
    "_analyticRulecontentId2": "[variables('analyticRulecontentId2')]",
    "analyticRuleId2": "[resourceId('Microsoft.SecurityInsights/AlertRuleTemplates', variables('analyticRulecontentId2'))]",
    "analyticRuleTemplateSpecName2": "[concat(parameters('workspace'),'-ar-',uniquestring(variables('_analyticRulecontentId2')))]",
    "analyticRuleVersion3": "1.0.0",
    "analyticRulecontentId3": "13424be6-aed7-448b-afe5-c03d8b29b4fe",
    "_analyticRulecontentId3": "[variables('analyticRulecontentId3')]",
    "analyticRuleId3": "[resourceId('Microsoft.SecurityInsights/AlertRuleTemplates', variables('analyticRulecontentId3'))]",
    "analyticRuleTemplateSpecName3": "[concat(parameters('workspace'),'-ar-',uniquestring(variables('_analyticRulecontentId3')))]",
    "parserVersion1": "1.0.0",
    "parserContentId1": "BloodHoundEnterprise-Parser",
    "_parserContentId1": "[variables('parserContentId1')]",
    "parserName1": "BloodHoundEnterprise",
    "_parserName1": "[concat(parameters('workspace'),'/',variables('parserName1'))]",
    "parserId1": "[resourceId('Microsoft.OperationalInsights/workspaces/savedSearches', parameters('workspace'), variables('parserName1'))]",
    "_parserId1": "[variables('parserId1')]",
    "parserTemplateSpecName1": "[concat(parameters('workspace'),'-pr-',uniquestring(variables('_parserContentId1')))]",
    "uiConfigId1": "BloodHoundEnterprise",
    "_uiConfigId1": "[variables('uiConfigId1')]",
    "dataConnectorContentId1": "BloodHoundEnterprise",
    "_dataConnectorContentId1": "[variables('dataConnectorContentId1')]",
    "dataConnectorId1": "[extensionResourceId(resourceId('Microsoft.OperationalInsights/workspaces', parameters('workspace')), 'Microsoft.SecurityInsights/dataConnectors', variables('_dataConnectorContentId1'))]",
    "_dataConnectorId1": "[variables('dataConnectorId1')]",
    "dataConnectorTemplateSpecName1": "[concat(parameters('workspace'),'-dc-',uniquestring(variables('_dataConnectorContentId1')))]",
    "dataConnectorVersion1": "1.0.0"
  },
  "resources": [
    {
      "type": "Microsoft.Resources/templateSpecs",
      "apiVersion": "2022-02-01",
      "name": "[variables('workbookTemplateSpecName1')]",
      "location": "[parameters('workspace-location')]",
      "tags": {
        "hidden-sentinelWorkspaceId": "[variables('workspaceResourceId')]",
        "hidden-sentinelContentType": "Workbook"
      },
      "properties": {
        "description": "BloodHound Enterprise Workbook with template",
        "displayName": "BloodHound Enterprise workbook template"
      }
    },
    {
      "type": "Microsoft.Resources/templateSpecs/versions",
      "apiVersion": "2022-02-01",
      "name": "[concat(variables('workbookTemplateSpecName1'),'/',variables('workbookVersion1'))]",
      "location": "[parameters('workspace-location')]",
      "tags": {
        "hidden-sentinelWorkspaceId": "[variables('workspaceResourceId')]",
        "hidden-sentinelContentType": "Workbook"
      },
      "dependsOn": [
        "[resourceId('Microsoft.Resources/templateSpecs', variables('workbookTemplateSpecName1'))]"
      ],
      "properties": {
        "description": "BloodHoundEnterpriseAttackPathWorkbook with template version 2.0.0",
        "mainTemplate": {
          "$schema": "https://schema.management.azure.com/schemas/2019-04-01/deploymentTemplate.json#",
          "contentVersion": "[variables('workbookVersion1')]",
          "parameters": {},
          "variables": {},
          "resources": [
            {
              "type": "Microsoft.Insights/workbooks",
              "name": "[variables('workbookContentId1')]",
              "location": "[parameters('workspace-location')]",
              "kind": "shared",
              "apiVersion": "2021-08-01",
              "metadata": {
                "description": ""
              },
              "properties": {
                "displayName": "[parameters('workbook1-name')]",
                "serializedData": "{\"version\":\"Notebook/1.0\",\"items\":[{\"type\":9,\"content\":{\"version\":\"KqlParameterItem/1.0\",\"parameters\":[{\"id\":\"06759322-940d-40ae-9a9d-54cc20a6826c\",\"version\":\"KqlParameterItem/1.0\",\"name\":\"TimeRange\",\"label\":\"Time Range\",\"type\":4,\"isRequired\":true,\"isGlobal\":true,\"typeSettings\":{\"selectableValues\":[{\"durationMs\":3600000},{\"durationMs\":14400000},{\"durationMs\":43200000},{\"durationMs\":86400000},{\"durationMs\":172800000},{\"durationMs\":604800000},{\"durationMs\":1209600000},{\"durationMs\":2592000000},{\"durationMs\":5184000000},{\"durationMs\":7776000000}]},\"value\":{\"durationMs\":2592000000}},{\"id\":\"3ec2aad5-d922-4a0d-a289-a01001f96fc1\",\"version\":\"KqlParameterItem/1.0\",\"name\":\"Domain\",\"type\":2,\"isRequired\":true,\"isGlobal\":true,\"query\":\"BloodHoundEnterprise \\r\\n| where data_type == \\\"posture\\\"\\r\\n| distinct domain_name\\r\\n| project-rename Domain = domain_name\",\"typeSettings\":{\"additionalResourceOptions\":\"[variables('TemplateEmptyArray')]\",\"showDefault\":false},\"timeContext\":{\"durationMs\":0},\"timeContextFromParameter\":\"TimeRange\",\"queryType\":0,\"resourceType\":\"microsoft.operationalinsights/workspaces\",\"value\":\"[variables('blanks')]\"},{\"id\":\"8c38eb09-c6de-43a1-a8c9-5621ab1710f9\",\"version\":\"KqlParameterItem/1.0\",\"name\":\"PathTitle\",\"label\":\"Path Title\",\"type\":2,\"isRequired\":true,\"isGlobal\":true,\"query\":\"BloodHoundEnterprise\\r\\n| where data_type == \\\"path_principals\\\"\\r\\n| where domain_name == \\\"{Domain}\\\"\\r\\n| distinct path_title\\r\\n| project-rename PathTitle = path_title\",\"typeSettings\":{\"additionalResourceOptions\":\"[variables('TemplateEmptyArray')]\",\"showDefault\":false},\"timeContext\":{\"durationMs\":0},\"timeContextFromParameter\":\"TimeRange\",\"queryType\":0,\"resourceType\":\"microsoft.operationalinsights/workspaces\",\"value\":\"\"}],\"style\":\"above\",\"queryType\":0,\"resourceType\":\"microsoft.operationalinsights/workspaces\"},\"name\":\"parameters - 2\"},{\"type\":1,\"content\":{\"json\":\"## {Domain}\"},\"name\":\"text - 3\"},{\"type\":3,\"content\":{\"version\":\"KqlItem/1.0\",\"query\":\"BloodHoundEnterprise\\r\\n| where data_type == \\\"path_principals\\\"\\r\\n| where domain_name == \\\"{Domain}\\\" and path_title == \\\"{PathTitle}\\\"\\r\\n| where TimeGenerated {TimeRange:value}\\r\\n| project-rename [\\\"Non Tier Zero Principal\\\"] = non_tier_zero_principal, [\\\"Tier Zero Principal\\\"] = tier_zero_principal, Group = group, [\\\"Principal\\\"] = principal, User = user\\r\\n| project ['Non Tier Zero Principal'], ['Tier Zero Principal'], Group, Principal, User\\r\\n| summarize count() by ['Non Tier Zero Principal'], ['Tier Zero Principal'], Group, Principal, User\\r\\n| project-away count_\\r\\n| evaluate narrow()\\r\\n| where isnotempty(Value)\\r\\n| evaluate pivot(Column, any(Value), Row)\\r\\n| project-away Row\",\"size\":0,\"title\":\"Principals\",\"exportToExcelOptions\":\"all\",\"queryType\":0,\"resourceType\":\"microsoft.operationalinsights/workspaces\",\"visualization\":\"table\",\"tileSettings\":{\"showBorder\":false}},\"name\":\"query - 3\"},{\"type\":3,\"content\":{\"version\":\"KqlItem/1.0\",\"query\":\"BloodHoundEnterprise\\r\\n| where data_type == \\\"paths\\\"\\r\\n| where domain_name == \\\"{Domain}\\\" and path_title == \\\"{PathTitle}\\\"\\r\\n| where created_at {TimeRange:value}\\r\\n| summarize Exposure = max(exposure) by bin(created_at, 1d)\",\"size\":0,\"aggregation\":5,\"title\":\"Exposure\",\"timeContextFromParameter\":\"TimeRange\",\"queryType\":0,\"resourceType\":\"microsoft.operationalinsights/workspaces\",\"visualization\":\"areachart\",\"chartSettings\":{\"seriesLabelSettings\":[{\"seriesName\":\"Exposure\",\"color\":\"purple\"}]}},\"customWidth\":\"50\",\"name\":\"query - 3\"},{\"type\":3,\"content\":{\"version\":\"KqlItem/1.0\",\"query\":\"BloodHoundEnterprise\\r\\n| where data_type == \\\"paths\\\"\\r\\n| where domain_name == \\\"{Domain}\\\" and path_title == \\\"{PathTitle}\\\"\\r\\n| where created_at {TimeRange:value}\\r\\n| summarize Principals = max(principal_count) by bin(created_at, 1d)\",\"size\":0,\"aggregation\":5,\"title\":\"Principals\",\"timeContextFromParameter\":\"TimeRange\",\"queryType\":0,\"resourceType\":\"microsoft.operationalinsights/workspaces\",\"visualization\":\"areachart\"},\"customWidth\":\"50\",\"name\":\"query - 3 - Copy\"}],\"fromTemplateId\":\"sentinel-BloodHoundEnterpriseAttackPath\",\"$schema\":\"https://github.com/Microsoft/Application-Insights-Workbooks/blob/master/schema/workbook.json\"}\r\n",
                "version": "1.0",
                "sourceId": "[variables('workspaceResourceId')]",
                "category": "sentinel"
              }
            },
            {
              "type": "Microsoft.OperationalInsights/workspaces/providers/metadata",
              "apiVersion": "2022-01-01-preview",
              "name": "[concat(parameters('workspace'),'/Microsoft.SecurityInsights/',concat('Workbook-', last(split(variables('workbookId1'),'/'))))]",
              "properties": {
                "description": ".description",
                "parentId": "[variables('workbookId1')]",
                "contentId": "[variables('_workbookContentId1')]",
                "kind": "Workbook",
                "version": "[variables('workbookVersion1')]",
                "source": {
                  "kind": "Solution",
                  "name": "BloodHound Enterprise",
                  "sourceId": "[variables('_solutionId')]"
                },
                "author": {
                  "name": "SpecterOps",
                  "email": "[variables('_email')]"
                },
                "support": {
                  "name": "SpecterOps",
                  "email": "support@specterops.io",
                  "tier": "Partner",
                  "link": "https://https://bloodhoundenterprise.io/"
                }
              }
            }
          ]
        }
      }
    },
    {
      "type": "Microsoft.Resources/templateSpecs",
      "apiVersion": "2022-02-01",
      "name": "[variables('workbookTemplateSpecName2')]",
      "location": "[parameters('workspace-location')]",
      "tags": {
        "hidden-sentinelWorkspaceId": "[variables('workspaceResourceId')]",
        "hidden-sentinelContentType": "Workbook"
      },
      "properties": {
        "description": "BloodHound Enterprise Workbook with template",
        "displayName": "BloodHound Enterprise workbook template"
      }
    },
    {
      "type": "Microsoft.Resources/templateSpecs/versions",
      "apiVersion": "2022-02-01",
      "name": "[concat(variables('workbookTemplateSpecName2'),'/',variables('workbookVersion2'))]",
      "location": "[parameters('workspace-location')]",
      "tags": {
        "hidden-sentinelWorkspaceId": "[variables('workspaceResourceId')]",
        "hidden-sentinelContentType": "Workbook"
      },
      "dependsOn": [
        "[resourceId('Microsoft.Resources/templateSpecs', variables('workbookTemplateSpecName2'))]"
      ],
      "properties": {
        "description": "BloodHoundEnterprisePostureWorkbook with template version 2.0.0",
        "mainTemplate": {
          "$schema": "https://schema.management.azure.com/schemas/2019-04-01/deploymentTemplate.json#",
          "contentVersion": "[variables('workbookVersion2')]",
          "parameters": {},
          "variables": {},
          "resources": [
            {
              "type": "Microsoft.Insights/workbooks",
              "name": "[variables('workbookContentId2')]",
              "location": "[parameters('workspace-location')]",
              "kind": "shared",
              "apiVersion": "2021-08-01",
              "metadata": {
                "description": ""
              },
              "properties": {
                "displayName": "[parameters('workbook2-name')]",
                "serializedData": "{\"version\":\"Notebook/1.0\",\"items\":[{\"type\":9,\"content\":{\"version\":\"KqlParameterItem/1.0\",\"parameters\":[{\"id\":\"3ec2aad5-d922-4a0d-a289-a01001f96fc1\",\"version\":\"KqlParameterItem/1.0\",\"name\":\"Domain\",\"type\":2,\"isRequired\":true,\"isGlobal\":true,\"query\":\"BloodHoundEnterprise \\r\\n| where data_type == \\\"posture\\\"\\r\\n| distinct domain_name\\r\\n| project-rename Domain = domain_name\",\"typeSettings\":{\"additionalResourceOptions\":\"[variables('TemplateEmptyArray')]\",\"showDefault\":false},\"timeContext\":{\"durationMs\":86400000},\"queryType\":0,\"resourceType\":\"microsoft.operationalinsights/workspaces\",\"value\":\"[variables('blanks')]\"}],\"style\":\"formVertical\",\"queryType\":0,\"resourceType\":\"microsoft.operationalinsights/workspaces\"},\"name\":\"parameters - 2\"},{\"type\":1,\"content\":{\"json\":\"## {Domain}\"},\"name\":\"text - 3\"},{\"type\":3,\"content\":{\"version\":\"KqlItem/1.0\",\"query\":\"BloodHoundEnterprise \\r\\n| where data_type == \\\"posture\\\" and domain_name==\\\"{Domain}\\\"\\r\\n| where created_at > ago (30d)\\r\\n| summarize max(exposure) by bin(created_at, 1d), domain_name\\r\\n| render timechart\",\"size\":0,\"aggregation\":5,\"title\":\"Tier Zero Attack Path Exposure\",\"color\":\"purple\",\"noDataMessageStyle\":2,\"queryType\":0,\"resourceType\":\"microsoft.operationalinsights/workspaces\",\"visualization\":\"areachart\",\"chartSettings\":{\"seriesLabelSettings\":[{\"color\":\"purple\"}]}},\"customWidth\":\"50\",\"name\":\"query - 3\"},{\"type\":3,\"content\":{\"version\":\"KqlItem/1.0\",\"query\":\"BloodHoundEnterprise \\r\\n| where data_type == \\\"posture\\\" and domain_name==\\\"{Domain}\\\"\\r\\n| where created_at > ago (30d)\\r\\n| summarize max(tier_zero_count) by bin(created_at, 1d), domain_name\\r\\n| render areachart\",\"size\":0,\"aggregation\":5,\"title\":\"Tier Zero Principals\",\"queryType\":0,\"resourceType\":\"microsoft.operationalinsights/workspaces\",\"visualization\":\"areachart\",\"tileSettings\":{\"showBorder\":false,\"titleContent\":{\"columnMatch\":\"domain_name\",\"formatter\":1},\"leftContent\":{\"columnMatch\":\"max_tier_zero_count\",\"formatter\":12,\"formatOptions\":{\"palette\":\"auto\"},\"numberFormat\":{\"unit\":17,\"options\":{\"maximumSignificantDigits\":3,\"maximumFractionDigits\":2}}}},\"graphSettings\":{\"type\":0,\"topContent\":{\"columnMatch\":\"domain_name\",\"formatter\":1},\"centerContent\":{\"columnMatch\":\"max_tier_zero_count\",\"formatter\":1,\"numberFormat\":{\"unit\":17,\"options\":{\"maximumSignificantDigits\":3,\"maximumFractionDigits\":2}}}}},\"customWidth\":\"50\",\"name\":\"query - 3\"},{\"type\":3,\"content\":{\"version\":\"KqlItem/1.0\",\"query\":\"BloodHoundEnterprise\\r\\n| where data_type == \\\"paths\\\" and domain_name == \\\"{Domain}\\\"\\r\\n| summarize arg_max(created_at, *) by domain_name, path_title\\r\\n| project path_title, principal_count, severity, exposure\\r\\n| sort by exposure desc, path_title asc\\r\\n| project-rename [\\\"Attack Path\\\"] = path_title, [\\\"Impacted Principals\\\"] = principal_count, Severity=severity, Exposure=exposure\\r\\n\",\"size\":0,\"title\":\"Active Attack Paths\",\"timeContext\":{\"durationMs\":86400000},\"queryType\":0,\"resourceType\":\"microsoft.operationalinsights/workspaces\",\"gridSettings\":{\"formatters\":[{\"columnMatch\":\"Severity\",\"formatter\":18,\"formatOptions\":{\"thresholdsOptions\":\"colors\",\"thresholdsGrid\":[{\"operator\":\"==\",\"thresholdValue\":\"Critical\",\"representation\":\"purple\",\"text\":\"{0}{1}\"},{\"operator\":\"==\",\"thresholdValue\":\"High\",\"representation\":\"redBright\",\"text\":\"{0}{1}\"},{\"operator\":\"==\",\"thresholdValue\":\"Moderate\",\"representation\":\"orange\",\"text\":\"{0}{1}\"},{\"operator\":\"==\",\"thresholdValue\":\"Low\",\"representation\":\"yellow\",\"text\":\"{0}{1}\"},{\"operator\":\"Default\",\"thresholdValue\":\"[variables('blanks')]\",\"representation\":\"yellow\",\"text\":\"{0}{1}\"}]}}]}},\"customWidth\":\"50\",\"name\":\"query - 5\"}],\"fromTemplateId\":\"sentinel-BloodHoundEnterprisePosture\",\"$schema\":\"https://github.com/Microsoft/Application-Insights-Workbooks/blob/master/schema/workbook.json\"}\r\n",
                "version": "1.0",
                "sourceId": "[variables('workspaceResourceId')]",
                "category": "sentinel"
              }
            },
            {
              "type": "Microsoft.OperationalInsights/workspaces/providers/metadata",
              "apiVersion": "2022-01-01-preview",
              "name": "[concat(parameters('workspace'),'/Microsoft.SecurityInsights/',concat('Workbook-', last(split(variables('workbookId2'),'/'))))]",
              "properties": {
                "description": ".description",
                "parentId": "[variables('workbookId2')]",
                "contentId": "[variables('_workbookContentId2')]",
                "kind": "Workbook",
                "version": "[variables('workbookVersion2')]",
                "source": {
                  "kind": "Solution",
                  "name": "BloodHound Enterprise",
                  "sourceId": "[variables('_solutionId')]"
                },
                "author": {
                  "name": "SpecterOps",
                  "email": "[variables('_email')]"
                },
                "support": {
                  "name": "SpecterOps",
                  "email": "support@specterops.io",
                  "tier": "Partner",
                  "link": "https://https://bloodhoundenterprise.io/"
                }
              }
            }
          ]
        }
      }
    },
    {
      "type": "Microsoft.Resources/templateSpecs",
      "apiVersion": "2022-02-01",
      "name": "[variables('analyticRuleTemplateSpecName1')]",
      "location": "[parameters('workspace-location')]",
      "tags": {
        "hidden-sentinelWorkspaceId": "[variables('workspaceResourceId')]",
        "hidden-sentinelContentType": "AnalyticsRule"
      },
      "properties": {
        "description": "BloodHound Enterprise Analytics Rule 1 with template",
        "displayName": "BloodHound Enterprise Analytics Rule template"
      }
    },
    {
      "type": "Microsoft.Resources/templateSpecs/versions",
      "apiVersion": "2022-02-01",
      "name": "[concat(variables('analyticRuleTemplateSpecName1'),'/',variables('analyticRuleVersion1'))]",
      "location": "[parameters('workspace-location')]",
      "tags": {
        "hidden-sentinelWorkspaceId": "[variables('workspaceResourceId')]",
        "hidden-sentinelContentType": "AnalyticsRule"
      },
      "dependsOn": [
        "[resourceId('Microsoft.Resources/templateSpecs', variables('analyticRuleTemplateSpecName1'))]"
      ],
      "properties": {
        "description": "BloodHoundEnterpriseCriticalAttackPaths_AnalyticalRules Analytics Rule with template version 2.0.0",
        "mainTemplate": {
          "$schema": "https://schema.management.azure.com/schemas/2019-04-01/deploymentTemplate.json#",
          "contentVersion": "[variables('analyticRuleVersion1')]",
          "parameters": {},
          "variables": {},
          "resources": [
            {
              "type": "Microsoft.SecurityInsights/AlertRuleTemplates",
              "name": "[variables('AnalyticRulecontentId1')]",
              "apiVersion": "2022-04-01-preview",
              "kind": "Scheduled",
              "location": "[parameters('workspace-location')]",
              "properties": {
                "description": "The number of critical attack paths has increased over the past 7 days.",
                "displayName": "BloodHound Enterprise - Number of critical attack paths increase",
                "enabled": false,
                "query": "BloodHoundEnterprise\n| where data_type == \"posture\"\n| where created_at > ago (7d)\n| summarize min_critical_risk_count = min(critical_risk_count), arg_max(created_at, current_critical_risk_count = critical_risk_count) by domain_name\n| extend  difference = current_critical_risk_count - min_critical_risk_count\n| where difference > 0\n",
                "queryFrequency": "P7D",
                "queryPeriod": "P7D",
                "severity": "Medium",
                "suppressionDuration": "PT1H",
                "suppressionEnabled": false,
                "triggerOperator": "GreaterThan",
                "triggerThreshold": 0,
                "status": "Available",
                "requiredDataConnectors": [
                  {
                    "connectorId": "BloodHoundEnterprise",
                    "dataTypes": [
                      "BloodHoundEnterprise"
                    ]
                  }
                ]
              }
            },
            {
              "type": "Microsoft.OperationalInsights/workspaces/providers/metadata",
              "apiVersion": "2022-01-01-preview",
              "name": "[concat(parameters('workspace'),'/Microsoft.SecurityInsights/',concat('AnalyticsRule-', last(split(variables('analyticRuleId1'),'/'))))]",
              "properties": {
                "description": "BloodHound Enterprise Analytics Rule 1",
                "parentId": "[variables('analyticRuleId1')]",
                "contentId": "[variables('_analyticRulecontentId1')]",
                "kind": "AnalyticsRule",
                "version": "[variables('analyticRuleVersion1')]",
                "source": {
                  "kind": "Solution",
                  "name": "BloodHound Enterprise",
                  "sourceId": "[variables('_solutionId')]"
                },
                "author": {
                  "name": "SpecterOps",
                  "email": "[variables('_email')]"
                },
                "support": {
                  "name": "SpecterOps",
                  "email": "support@specterops.io",
                  "tier": "Partner",
                  "link": "https://https://bloodhoundenterprise.io/"
                }
              }
            }
          ]
        }
      }
    },
    {
      "type": "Microsoft.Resources/templateSpecs",
      "apiVersion": "2022-02-01",
      "name": "[variables('analyticRuleTemplateSpecName2')]",
      "location": "[parameters('workspace-location')]",
      "tags": {
        "hidden-sentinelWorkspaceId": "[variables('workspaceResourceId')]",
        "hidden-sentinelContentType": "AnalyticsRule"
      },
      "properties": {
        "description": "BloodHound Enterprise Analytics Rule 2 with template",
        "displayName": "BloodHound Enterprise Analytics Rule template"
      }
    },
    {
      "type": "Microsoft.Resources/templateSpecs/versions",
      "apiVersion": "2022-02-01",
      "name": "[concat(variables('analyticRuleTemplateSpecName2'),'/',variables('analyticRuleVersion2'))]",
      "location": "[parameters('workspace-location')]",
      "tags": {
        "hidden-sentinelWorkspaceId": "[variables('workspaceResourceId')]",
        "hidden-sentinelContentType": "AnalyticsRule"
      },
      "dependsOn": [
        "[resourceId('Microsoft.Resources/templateSpecs', variables('analyticRuleTemplateSpecName2'))]"
      ],
      "properties": {
        "description": "BloodHoundEnterpriseExposure_AnalyticalRules Analytics Rule with template version 2.0.0",
        "mainTemplate": {
          "$schema": "https://schema.management.azure.com/schemas/2019-04-01/deploymentTemplate.json#",
          "contentVersion": "[variables('analyticRuleVersion2')]",
          "parameters": {},
          "variables": {},
          "resources": [
            {
              "type": "Microsoft.SecurityInsights/AlertRuleTemplates",
              "name": "[variables('AnalyticRulecontentId2')]",
              "apiVersion": "2022-04-01-preview",
              "kind": "Scheduled",
              "location": "[parameters('workspace-location')]",
              "properties": {
                "description": "The exposure for a domain has increased by more than 5% over the past 7 days.",
                "displayName": "BloodHound Enterprise - Exposure increase",
                "enabled": false,
                "query": "BloodHoundEnterprise\n| where data_type == \"posture\"\n| where created_at > ago (7d)\n| summarize min(exposure_index), arg_max(created_at, exposure_index) by domain_name\n| extend min_exposure = min_exposure_index * 100, latest_exposure = exposure_index * 100\n| where latest_exposure - min_exposure > 5\n",
                "queryFrequency": "P7D",
                "queryPeriod": "P7D",
                "severity": "High",
                "suppressionDuration": "PT1H",
                "suppressionEnabled": false,
                "triggerOperator": "GreaterThan",
                "triggerThreshold": 0,
                "status": "Available",
                "requiredDataConnectors": [
                  {
                    "connectorId": "BloodHoundEnterprise",
                    "dataTypes": [
                      "BloodHoundEnterprise"
                    ]
                  }
                ]
              }
            },
            {
              "type": "Microsoft.OperationalInsights/workspaces/providers/metadata",
              "apiVersion": "2022-01-01-preview",
              "name": "[concat(parameters('workspace'),'/Microsoft.SecurityInsights/',concat('AnalyticsRule-', last(split(variables('analyticRuleId2'),'/'))))]",
              "properties": {
                "description": "BloodHound Enterprise Analytics Rule 2",
                "parentId": "[variables('analyticRuleId2')]",
                "contentId": "[variables('_analyticRulecontentId2')]",
                "kind": "AnalyticsRule",
                "version": "[variables('analyticRuleVersion2')]",
                "source": {
                  "kind": "Solution",
                  "name": "BloodHound Enterprise",
                  "sourceId": "[variables('_solutionId')]"
                },
                "author": {
                  "name": "SpecterOps",
                  "email": "[variables('_email')]"
                },
                "support": {
                  "name": "SpecterOps",
                  "email": "support@specterops.io",
                  "tier": "Partner",
                  "link": "https://https://bloodhoundenterprise.io/"
                }
              }
            }
          ]
        }
      }
    },
    {
      "type": "Microsoft.Resources/templateSpecs",
      "apiVersion": "2022-02-01",
      "name": "[variables('analyticRuleTemplateSpecName3')]",
      "location": "[parameters('workspace-location')]",
      "tags": {
        "hidden-sentinelWorkspaceId": "[variables('workspaceResourceId')]",
        "hidden-sentinelContentType": "AnalyticsRule"
      },
      "properties": {
        "description": "BloodHound Enterprise Analytics Rule 3 with template",
        "displayName": "BloodHound Enterprise Analytics Rule template"
      }
    },
    {
      "type": "Microsoft.Resources/templateSpecs/versions",
      "apiVersion": "2022-02-01",
      "name": "[concat(variables('analyticRuleTemplateSpecName3'),'/',variables('analyticRuleVersion3'))]",
      "location": "[parameters('workspace-location')]",
      "tags": {
        "hidden-sentinelWorkspaceId": "[variables('workspaceResourceId')]",
        "hidden-sentinelContentType": "AnalyticsRule"
      },
      "dependsOn": [
        "[resourceId('Microsoft.Resources/templateSpecs', variables('analyticRuleTemplateSpecName3'))]"
      ],
      "properties": {
        "description": "BloodHoundEnterpriseTierZeroAssets_AnalyticalRules Analytics Rule with template version 2.0.0",
        "mainTemplate": {
          "$schema": "https://schema.management.azure.com/schemas/2019-04-01/deploymentTemplate.json#",
          "contentVersion": "[variables('analyticRuleVersion3')]",
          "parameters": {},
          "variables": {},
          "resources": [
            {
              "type": "Microsoft.SecurityInsights/AlertRuleTemplates",
              "name": "[variables('AnalyticRulecontentId3')]",
              "apiVersion": "2022-04-01-preview",
              "kind": "Scheduled",
              "location": "[parameters('workspace-location')]",
              "properties": {
                "description": "The number of Tier Zero assets has increased by more than 5% over the past 7 days.",
                "displayName": "BloodHound Enterprise - Number of Tier Zero assets increase",
                "enabled": false,
                "query": "BloodHoundEnterprise\n| where data_type == \"posture\"\n| where created_at > ago (7d)\n| summarize min_tier_zero = min(tier_zero_count), max_tier_zero = arg_max(created_at, current_tier_zero = tier_zero_count) by domain_name\n| extend percent_difference = ((current_tier_zero - min_tier_zero) / min_tier_zero) * 100\n| where percent_difference > 5\n",
                "queryFrequency": "P7D",
                "queryPeriod": "P7D",
                "severity": "Medium",
                "suppressionDuration": "PT1H",
                "suppressionEnabled": false,
                "triggerOperator": "GreaterThan",
                "triggerThreshold": 0,
                "status": "Available",
                "requiredDataConnectors": [
                  {
                    "connectorId": "BloodHoundEnterprise",
                    "dataTypes": [
                      "BloodHoundEnterprise"
                    ]
                  }
                ]
              }
            },
            {
              "type": "Microsoft.OperationalInsights/workspaces/providers/metadata",
              "apiVersion": "2022-01-01-preview",
              "name": "[concat(parameters('workspace'),'/Microsoft.SecurityInsights/',concat('AnalyticsRule-', last(split(variables('analyticRuleId3'),'/'))))]",
              "properties": {
                "description": "BloodHound Enterprise Analytics Rule 3",
                "parentId": "[variables('analyticRuleId3')]",
                "contentId": "[variables('_analyticRulecontentId3')]",
                "kind": "AnalyticsRule",
                "version": "[variables('analyticRuleVersion3')]",
                "source": {
                  "kind": "Solution",
                  "name": "BloodHound Enterprise",
                  "sourceId": "[variables('_solutionId')]"
                },
                "author": {
                  "name": "SpecterOps",
                  "email": "[variables('_email')]"
                },
                "support": {
                  "name": "SpecterOps",
                  "email": "support@specterops.io",
                  "tier": "Partner",
                  "link": "https://https://bloodhoundenterprise.io/"
                }
              }
            }
          ]
        }
      }
    },
    {
      "type": "Microsoft.Resources/templateSpecs",
      "apiVersion": "2022-02-01",
      "name": "[variables('parserTemplateSpecName1')]",
      "location": "[parameters('workspace-location')]",
      "tags": {
        "hidden-sentinelWorkspaceId": "[variables('workspaceResourceId')]",
        "hidden-sentinelContentType": "Parser"
      },
      "properties": {
        "description": "BloodHoundEnterprise Data Parser with template",
        "displayName": "BloodHoundEnterprise Data Parser template"
      }
    },
    {
      "type": "Microsoft.Resources/templateSpecs/versions",
      "apiVersion": "2022-02-01",
      "name": "[concat(variables('parserTemplateSpecName1'),'/',variables('parserVersion1'))]",
      "location": "[parameters('workspace-location')]",
      "tags": {
        "hidden-sentinelWorkspaceId": "[variables('workspaceResourceId')]",
        "hidden-sentinelContentType": "Parser"
      },
      "dependsOn": [
        "[resourceId('Microsoft.Resources/templateSpecs', variables('parserTemplateSpecName1'))]"
      ],
      "properties": {
        "description": "BloodHoundEnterprise Data Parser with template version 2.0.0",
        "mainTemplate": {
          "$schema": "https://schema.management.azure.com/schemas/2019-04-01/deploymentTemplate.json#",
          "contentVersion": "[variables('parserVersion1')]",
          "parameters": {},
          "variables": {},
          "resources": [
            {
              "name": "[variables('_parserName1')]",
              "apiVersion": "2020-08-01",
              "type": "Microsoft.OperationalInsights/workspaces/savedSearches",
              "location": "[parameters('workspace-location')]",
              "properties": {
                "eTag": "*",
                "displayName": "BloodHoundEnterprise",
                "category": "Samples",
                "functionAlias": "BloodHoundEnterprise",
                "query": "\nlet BloodHound_view  = view () { \r\n  bloodhoundEnterprise_CL\r\n  | extend\r\n      EventVendor=\"SpecterOps\",\r\n      EventProduct=\"BloodHound Enterprise\",\r\n      domain_sid=coalesce(column_ifexists('domain_sid_s', ''), domain_sid_g),\r\n      exposure_index=column_ifexists('exposure_index_d', ''),\r\n      tier_zero_count=column_ifexists('tier_zero_count_d', ''),\r\n      critical_risk_count=column_ifexists('critical_risk_count_d', ''),\r\n      domain_id=coalesce(column_ifexists('domain_id_g', ''), domain_id_s),\r\n      non_tier_zero_principal=column_ifexists('non_tier_zero_principal_s', ''),\r\n      tier_zero_principal=column_ifexists('tier_zero_principal_s', ''),\r\n      group=column_ifexists('group_s', ''),\r\n      principal=column_ifexists('principal_s', ''),\r\n      path_id=column_ifexists('path_id_s', ''),\r\n      user=column_ifexists('user_s', ''),\r\n      finding_id=column_ifexists('finding_id_s', ''),\r\n      path_title=column_ifexists('path_title_s', ''),\r\n      path_type=column_ifexists('path_type_s', ''),\r\n      exposure=column_ifexists('exposure_d', ''),\r\n      finding_count=column_ifexists('finding_count_d', ''),\r\n      principal_count=column_ifexists('principal_count_d', ''),\r\n      id=column_ifexists('id_d', ''),\r\n      created_at=coalesce(column_ifexists('created_at_t', ''), now()),\r\n      updated_at=column_ifexists('updated_at_t', ''),\r\n      deleted_at=column_ifexists('deleted_at_Time_t', ''),\r\n      deleted_at_v=column_ifexists('deleted_at_Valid_b', ''),\r\n      severity=column_ifexists('severity_s', ''),\r\n      domain_impact_value=column_ifexists('domain_impact_value_d', ''),\r\n      domain_name=column_ifexists('domain_name_s', ''),\r\n      domain_type=column_ifexists('domain_type_s', ''),\r\n      data_type=column_ifexists('data_type_s', '')\r\n  | project-away *_s, *_t, *_d, *_b, *_g\r\n};\r\nBloodHound_view",
                "version": 1,
                "tags": [
                  {
                    "name": "description",
                    "value": "BloodHoundEnterprise"
                  }
                ]
              }
            },
            {
              "type": "Microsoft.OperationalInsights/workspaces/providers/metadata",
              "apiVersion": "2022-01-01-preview",
              "name": "[concat(parameters('workspace'),'/Microsoft.SecurityInsights/',concat('Parser-', last(split(variables('_parserId1'),'/'))))]",
              "dependsOn": [
                "[variables('_parserName1')]"
              ],
              "properties": {
                "parentId": "[resourceId('Microsoft.OperationalInsights/workspaces/savedSearches', parameters('workspace'), variables('parserName1'))]",
                "contentId": "[variables('_parserContentId1')]",
                "kind": "Parser",
                "version": "[variables('parserVersion1')]",
                "source": {
                  "name": "BloodHound Enterprise",
                  "kind": "Solution",
                  "sourceId": "[variables('_solutionId')]"
                },
                "author": {
                  "name": "SpecterOps",
                  "email": "[variables('_email')]"
                },
                "support": {
                  "name": "SpecterOps",
                  "email": "support@specterops.io",
                  "tier": "Partner",
                  "link": "https://https://bloodhoundenterprise.io/"
                }
              }
            }
          ]
        }
      }
    },
    {
      "type": "Microsoft.OperationalInsights/workspaces/savedSearches",
      "apiVersion": "2021-06-01",
      "name": "[variables('_parserName1')]",
      "location": "[parameters('workspace-location')]",
      "properties": {
        "eTag": "*",
        "displayName": "BloodHoundEnterprise",
        "category": "Samples",
        "functionAlias": "BloodHoundEnterprise",
        "query": "\nlet BloodHound_view  = view () { \r\n  bloodhoundEnterprise_CL\r\n  | extend\r\n      EventVendor=\"SpecterOps\",\r\n      EventProduct=\"BloodHound Enterprise\",\r\n      domain_sid=coalesce(column_ifexists('domain_sid_s', ''), domain_sid_g),\r\n      exposure_index=column_ifexists('exposure_index_d', ''),\r\n      tier_zero_count=column_ifexists('tier_zero_count_d', ''),\r\n      critical_risk_count=column_ifexists('critical_risk_count_d', ''),\r\n      domain_id=coalesce(column_ifexists('domain_id_g', ''), domain_id_s),\r\n      non_tier_zero_principal=column_ifexists('non_tier_zero_principal_s', ''),\r\n      tier_zero_principal=column_ifexists('tier_zero_principal_s', ''),\r\n      group=column_ifexists('group_s', ''),\r\n      principal=column_ifexists('principal_s', ''),\r\n      path_id=column_ifexists('path_id_s', ''),\r\n      user=column_ifexists('user_s', ''),\r\n      finding_id=column_ifexists('finding_id_s', ''),\r\n      path_title=column_ifexists('path_title_s', ''),\r\n      path_type=column_ifexists('path_type_s', ''),\r\n      exposure=column_ifexists('exposure_d', ''),\r\n      finding_count=column_ifexists('finding_count_d', ''),\r\n      principal_count=column_ifexists('principal_count_d', ''),\r\n      id=column_ifexists('id_d', ''),\r\n      created_at=coalesce(column_ifexists('created_at_t', ''), now()),\r\n      updated_at=column_ifexists('updated_at_t', ''),\r\n      deleted_at=column_ifexists('deleted_at_Time_t', ''),\r\n      deleted_at_v=column_ifexists('deleted_at_Valid_b', ''),\r\n      severity=column_ifexists('severity_s', ''),\r\n      domain_impact_value=column_ifexists('domain_impact_value_d', ''),\r\n      domain_name=column_ifexists('domain_name_s', ''),\r\n      domain_type=column_ifexists('domain_type_s', ''),\r\n      data_type=column_ifexists('data_type_s', '')\r\n  | project-away *_s, *_t, *_d, *_b, *_g\r\n};\r\nBloodHound_view",
        "version": 1
      }
    },
    {
      "type": "Microsoft.OperationalInsights/workspaces/providers/metadata",
      "apiVersion": "2022-01-01-preview",
      "location": "[parameters('workspace-location')]",
      "name": "[concat(parameters('workspace'),'/Microsoft.SecurityInsights/',concat('Parser-', last(split(variables('_parserId1'),'/'))))]",
      "dependsOn": [
        "[variables('_parserId1')]"
      ],
      "properties": {
        "parentId": "[resourceId('Microsoft.OperationalInsights/workspaces/savedSearches', parameters('workspace'), variables('parserName1'))]",
        "contentId": "[variables('_parserContentId1')]",
        "kind": "Parser",
        "version": "[variables('parserVersion1')]",
        "source": {
          "kind": "Solution",
          "name": "BloodHound Enterprise",
          "sourceId": "[variables('_solutionId')]"
        },
        "author": {
          "name": "SpecterOps",
          "email": "[variables('_email')]"
        },
        "support": {
          "name": "SpecterOps",
          "email": "support@specterops.io",
          "tier": "Partner",
          "link": "https://https://bloodhoundenterprise.io/"
        }
      }
    },
    {
      "type": "Microsoft.Resources/templateSpecs",
      "apiVersion": "2022-02-01",
      "name": "[variables('dataConnectorTemplateSpecName1')]",
      "location": "[parameters('workspace-location')]",
      "tags": {
        "hidden-sentinelWorkspaceId": "[variables('workspaceResourceId')]",
        "hidden-sentinelContentType": "DataConnector"
      },
      "properties": {
        "description": "BloodHound Enterprise data connector with template",
        "displayName": "BloodHound Enterprise template"
      }
    },
    {
      "type": "Microsoft.Resources/templateSpecs/versions",
      "apiVersion": "2022-02-01",
      "name": "[concat(variables('dataConnectorTemplateSpecName1'),'/',variables('dataConnectorVersion1'))]",
      "location": "[parameters('workspace-location')]",
      "tags": {
        "hidden-sentinelWorkspaceId": "[variables('workspaceResourceId')]",
        "hidden-sentinelContentType": "DataConnector"
      },
      "dependsOn": [
        "[resourceId('Microsoft.Resources/templateSpecs', variables('dataConnectorTemplateSpecName1'))]"
      ],
      "properties": {
        "description": "BloodHound Enterprise data connector with template version 2.0.0",
        "mainTemplate": {
          "$schema": "https://schema.management.azure.com/schemas/2019-04-01/deploymentTemplate.json#",
          "contentVersion": "[variables('dataConnectorVersion1')]",
          "parameters": {},
          "variables": {},
          "resources": [
            {
              "name": "[concat(parameters('workspace'),'/Microsoft.SecurityInsights/',variables('_dataConnectorContentId1'))]",
              "apiVersion": "2021-03-01-preview",
              "type": "Microsoft.OperationalInsights/workspaces/providers/dataConnectors",
              "location": "[parameters('workspace-location')]",
              "kind": "GenericUI",
              "properties": {
                "connectorUiConfig": {
                  "id": "[variables('_uiConfigId1')]",
                  "title": "BloodHound Enterprise (using Azure Functions)",
                  "publisher": "SpecterOps",
                  "descriptionMarkdown": "The BloodHound Enterprise data connector provides the capability to ingest events from your BloodHound Enterprise instance.",
                  "graphQueries": [
                    {
                      "metricName": "BloodHound Enterprise events",
                      "legend": "bloodhoundEnterprise_CL",
                      "baseQuery": "bloodhoundEnterprise_CL"
                    }
                  ],
                  "sampleQueries": [
                    {
                      "description": "Data types from BloodHound Enterprise",
                      "query": "bloodhoundEnterprise_CL\n     | summarize count() by data_type"
                    }
                  ],
                  "dataTypes": [
                    {
                      "name": "bloodhoundEnterprise_CL",
                      "lastDataReceivedQuery": "bloodhoundEnterprise_CL\n            | summarize Time = max(TimeGenerated)\n            | where isnotempty(Time)"
                    }
                  ],
                  "connectivityCriterias": [
                    {
                      "type": "IsConnectedQuery",
                      "value": [
                        "bloodhoundEnterprise_CL\n            | summarize LastLogReceived = max(TimeGenerated)\n            | project IsConnected = LastLogReceived > ago(7d)"
                      ]
                    }
                  ],
                  "availability": {
                    "status": 1,
                    "isPreview": false
                  },
                  "permissions": {
                    "resourceProvider": [
                      {
                        "provider": "Microsoft.OperationalInsights/workspaces",
                        "permissionsDisplayText": "read and write permissions on the workspace are required.",
                        "providerDisplayName": "Workspace",
                        "scope": "Workspace",
                        "requiredPermissions": {
                          "write": true,
                          "read": true,
                          "delete": true
                        }
                      },
                      {
                        "provider": "Microsoft.OperationalInsights/workspaces/sharedKeys",
                        "permissionsDisplayText": "read permissions to shared keys for the workspace are required. [See the documentation to learn more about workspace keys](https://docs.microsoft.com/azure/azure-monitor/platform/agent-windows#obtain-workspace-id-and-key).",
                        "providerDisplayName": "Keys",
                        "scope": "Workspace",
                        "requiredPermissions": {
                          "action": true
                        }
                      }
                    ],
                    "customs": [
                      {
                        "name": "Microsoft.Web/sites permissions",
                        "description": "Read and write permissions to Azure Functions to create a Function App is required. [See the documentation to learn more about Azure Functions](https://docs.microsoft.com/azure/azure-functions/)."
                      },
                      {
                        "name": "BloodHound Enterprise API key pair",
                        "description": "A BloodHound Enterprise API key pair is requried. Refer to the documentation for more information: [Working with the BloodHound Enterprise API](https://support.bloodhoundenterprise.io/hc/en-us/articles/11311053342619-Working-with-the-BloodHound-Enterprise-API)."
                      }
                    ]
                  },
                  "instructionSteps": [
                    {
                      "description": ">**NOTE:** This connector uses Azure Functions to connect to the BloodHound Enterprise instance to pull its logs into Azure Sentinel. This might result in additional data ingestion costs. Check the [Azure Functions pricing page](https://azure.microsoft.com/pricing/details/functions/) for details."
                    },
                    {
                      "description": "**STEP 1 - Configuration steps for the BloodHound Enterprise API**\n\nRefer to the documentation for more information to retreive API keys for your instance: [Working with the BloodHound Enterprise API](https://support.bloodhoundenterprise.io/hc/en-us/articles/11311053342619-Working-with-the-BloodHound-Enterprise-API)."
                    },
                    {
                      "description": "**STEP 2 - Choose ONE from the following two deployment options to deploy the connector and the associated Azure Function**\n\n>**IMPORTANT:** Before deploying the BloodHound Enterprise connector, have the Workspace ID  and Workspace Primary Key (can be copied from the following), as well as the BloodHound Enterprise API authorization key(s) or Token, readily available.",
                      "instructions": [
                        {
                          "parameters": {
                            "fillWith": [
                              "WorkspaceId"
                            ],
                            "label": "Workspace ID"
                          },
                          "type": "CopyableLabel"
                        },
                        {
                          "parameters": {
                            "fillWith": [
                              "PrimaryKey"
                            ],
                            "label": "Primary Key"
                          },
                          "type": "CopyableLabel"
                        }
                      ]
                    },
                    {
                      "description": "**Option 1 - Azure Resource Manager (ARM) Template**\n\nUse this method for automated deployment of the BloodHound Enterprise connector.\n\n1. Click the **Deploy to Azure** button below. \n\n\t[![Deploy To Azure](https://aka.ms/deploytoazurebutton)](https://aka.ms/sentinel-BloodHoundEnterprise-azuredeploy)\n2. Select the preferred **Subscription**, **Resource Group** and **Location**. \n3. Enter the **WorkspaceID**, **WorkspaceKey**, **BHETokenId**, **BHETokenKey**, and/or Other required fields.\n4. Mark the checkbox labeled **I agree to the terms and conditions stated above**. \n5. Click **Purchase** to deploy."
                    },
                    {
                      "description": "**Option 2 - Manual Deployment of Azure Functions**\n\nUse the following step-by-step instructions to deploy the BloodHound Enterprise connector manually with Azure Functions."
                    },
                    {
                      "description": "**1. Deploy a Function App**\n\n> **NOTE:** You will need to [prepare VS code](https://docs.microsoft.com/azure/azure-functions/functions-create-first-function-python#prerequisites) for Azure function development.\n\n1. Download the [Azure Function App](https://aka.ms/sentinel-BloodHoundEnterprise-functionapp) file. Extract archive to your local development computer.\n2. Start VS Code. Choose File in the main menu and select Open Folder.\n3. Select the top level folder from extracted files.\n4. Choose the Azure icon in the Activity bar, then in the **Azure: Functions** area, choose the **Deploy to function app** button.\nIf you aren't already signed in, choose the Azure icon in the Activity bar, then in the **Azure: Functions** area, choose **Sign in to Azure**\nIf you're already signed in, go to the next step.\n5. Provide the following information at the prompts:\n\n\ta. **Select folder:** Choose a folder from your workspace or browse to one that contains your function app.\n\n\tb. **Select Subscription:** Choose the subscription to use.\n\n\tc. Select **Create new Function App in Azure** (Don't choose the Advanced option)\n\n\td. **Enter a globally unique name for the function app:** Type a name that is valid in a URL path. The name you type is validated to make sure that it's unique in Azure Functions. (e.g. bloodhoundenterpriseXX).\n\n\te. **Select a runtime:** Choose Python 3.10.\n\n\tf. Select a location for new resources. For better performance and lower costs choose the same [region](https://azure.microsoft.com/regions/) where Microsoft Sentinel is located.\n\n6. Deployment will begin. A notification is displayed after your function app is created and the deployment package is applied.\n7. Go to Azure Portal for the Function App configuration."
                    },
                    {
                      "description": "**2. Configure the Function App**\n\n 1. In the Function App, select the Function App Name and select **Configuration**.\n\n 2. In the **Application settings** tab, select ** New application setting**.\n\n 3. Add each of the following application settings individually, with their respective string values (case-sensitive): \n\t\t BHETokenId\n\t\t BHETokenKey\n\t\t WorkspaceID\n\t\t WorkspaceKey\n\t\t logAnalyticsUri (optional)\n\n 4. Once all application settings have been entered, click **Save**."
                    }
                  ],
                  "metadata": {
                    "version": "1.0.0",
                    "kind": "dataConnector"
                  }
                }
              }
            },
            {
              "type": "Microsoft.OperationalInsights/workspaces/providers/metadata",
              "apiVersion": "2022-01-01-preview",
              "name": "[concat(parameters('workspace'),'/Microsoft.SecurityInsights/',concat('DataConnector-', last(split(variables('_dataConnectorId1'),'/'))))]",
              "properties": {
                "parentId": "[extensionResourceId(resourceId('Microsoft.OperationalInsights/workspaces', parameters('workspace')), 'Microsoft.SecurityInsights/dataConnectors', variables('_dataConnectorContentId1'))]",
                "contentId": "[variables('_dataConnectorContentId1')]",
                "kind": "DataConnector",
                "version": "[variables('dataConnectorVersion1')]",
                "source": {
                  "kind": "Solution",
                  "name": "BloodHound Enterprise",
                  "sourceId": "[variables('_solutionId')]"
                },
                "author": {
                  "name": "SpecterOps",
                  "email": "[variables('_email')]"
                },
                "support": {
                  "name": "SpecterOps",
                  "email": "support@specterops.io",
                  "tier": "Partner",
                  "link": "https://https://bloodhoundenterprise.io/"
                }
              }
            }
          ]
        }
      }
    },
    {
      "type": "Microsoft.OperationalInsights/workspaces/providers/metadata",
      "apiVersion": "2022-01-01-preview",
      "name": "[concat(parameters('workspace'),'/Microsoft.SecurityInsights/',concat('DataConnector-', last(split(variables('_dataConnectorId1'),'/'))))]",
      "dependsOn": [
        "[variables('_dataConnectorId1')]"
      ],
      "location": "[parameters('workspace-location')]",
      "properties": {
        "parentId": "[extensionResourceId(resourceId('Microsoft.OperationalInsights/workspaces', parameters('workspace')), 'Microsoft.SecurityInsights/dataConnectors', variables('_dataConnectorContentId1'))]",
        "contentId": "[variables('_dataConnectorContentId1')]",
        "kind": "DataConnector",
        "version": "[variables('dataConnectorVersion1')]",
        "source": {
          "kind": "Solution",
          "name": "BloodHound Enterprise",
          "sourceId": "[variables('_solutionId')]"
        },
        "author": {
          "name": "SpecterOps",
          "email": "[variables('_email')]"
        },
        "support": {
          "name": "SpecterOps",
          "email": "support@specterops.io",
          "tier": "Partner",
          "link": "https://https://bloodhoundenterprise.io/"
        }
      }
    },
    {
      "name": "[concat(parameters('workspace'),'/Microsoft.SecurityInsights/',variables('_dataConnectorContentId1'))]",
      "apiVersion": "2021-03-01-preview",
      "type": "Microsoft.OperationalInsights/workspaces/providers/dataConnectors",
      "location": "[parameters('workspace-location')]",
      "kind": "GenericUI",
      "properties": {
        "connectorUiConfig": {
          "title": "BloodHound Enterprise (using Azure Functions)",
          "publisher": "SpecterOps",
          "descriptionMarkdown": "The BloodHound Enterprise data connector provides the capability to ingest events from your BloodHound Enterprise instance.",
          "graphQueries": [
            {
              "metricName": "BloodHound Enterprise events",
              "legend": "bloodhoundEnterprise_CL",
              "baseQuery": "bloodhoundEnterprise_CL"
            }
          ],
          "dataTypes": [
            {
              "name": "bloodhoundEnterprise_CL",
              "lastDataReceivedQuery": "bloodhoundEnterprise_CL\n            | summarize Time = max(TimeGenerated)\n            | where isnotempty(Time)"
            }
          ],
          "connectivityCriterias": [
            {
              "type": "IsConnectedQuery",
              "value": [
                "bloodhoundEnterprise_CL\n            | summarize LastLogReceived = max(TimeGenerated)\n            | project IsConnected = LastLogReceived > ago(7d)"
              ]
            }
          ],
          "sampleQueries": [
            {
              "description": "Data types from BloodHound Enterprise",
              "query": "bloodhoundEnterprise_CL\n     | summarize count() by data_type"
            }
          ],
          "availability": {
            "status": 1,
            "isPreview": false
          },
          "permissions": {
            "resourceProvider": [
              {
                "provider": "Microsoft.OperationalInsights/workspaces",
                "permissionsDisplayText": "read and write permissions on the workspace are required.",
                "providerDisplayName": "Workspace",
                "scope": "Workspace",
                "requiredPermissions": {
                  "write": true,
                  "read": true,
                  "delete": true
                }
              },
              {
                "provider": "Microsoft.OperationalInsights/workspaces/sharedKeys",
                "permissionsDisplayText": "read permissions to shared keys for the workspace are required. [See the documentation to learn more about workspace keys](https://docs.microsoft.com/azure/azure-monitor/platform/agent-windows#obtain-workspace-id-and-key).",
                "providerDisplayName": "Keys",
                "scope": "Workspace",
                "requiredPermissions": {
                  "action": true
                }
              }
            ],
            "customs": [
              {
                "name": "Microsoft.Web/sites permissions",
                "description": "Read and write permissions to Azure Functions to create a Function App is required. [See the documentation to learn more about Azure Functions](https://docs.microsoft.com/azure/azure-functions/)."
              },
              {
                "name": "BloodHound Enterprise API key pair",
                "description": "A BloodHound Enterprise API key pair is requried. Refer to the documentation for more information: [Working with the BloodHound Enterprise API](https://support.bloodhoundenterprise.io/hc/en-us/articles/11311053342619-Working-with-the-BloodHound-Enterprise-API)."
              }
            ]
          },
          "instructionSteps": [
            {
              "description": ">**NOTE:** This connector uses Azure Functions to connect to the BloodHound Enterprise instance to pull its logs into Azure Sentinel. This might result in additional data ingestion costs. Check the [Azure Functions pricing page](https://azure.microsoft.com/pricing/details/functions/) for details."
            },
            {
              "description": "**STEP 1 - Configuration steps for the BloodHound Enterprise API**\n\nRefer to the documentation for more information to retreive API keys for your instance: [Working with the BloodHound Enterprise API](https://support.bloodhoundenterprise.io/hc/en-us/articles/11311053342619-Working-with-the-BloodHound-Enterprise-API)."
            },
            {
              "description": "**STEP 2 - Choose ONE from the following two deployment options to deploy the connector and the associated Azure Function**\n\n>**IMPORTANT:** Before deploying the BloodHound Enterprise connector, have the Workspace ID  and Workspace Primary Key (can be copied from the following), as well as the BloodHound Enterprise API authorization key(s) or Token, readily available.",
              "instructions": [
                {
                  "parameters": {
                    "fillWith": [
                      "WorkspaceId"
                    ],
                    "label": "Workspace ID"
                  },
                  "type": "CopyableLabel"
                },
                {
                  "parameters": {
                    "fillWith": [
                      "PrimaryKey"
                    ],
                    "label": "Primary Key"
                  },
                  "type": "CopyableLabel"
                }
              ]
            },
            {
              "description": "**Option 1 - Azure Resource Manager (ARM) Template**\n\nUse this method for automated deployment of the BloodHound Enterprise connector.\n\n1. Click the **Deploy to Azure** button below. \n\n\t[![Deploy To Azure](https://aka.ms/deploytoazurebutton)](https://aka.ms/sentinel-BloodHoundEnterprise-azuredeploy)\n2. Select the preferred **Subscription**, **Resource Group** and **Location**. \n3. Enter the **WorkspaceID**, **WorkspaceKey**, **BHETokenId**, **BHETokenKey**, and/or Other required fields.\n4. Mark the checkbox labeled **I agree to the terms and conditions stated above**. \n5. Click **Purchase** to deploy."
            },
            {
              "description": "**Option 2 - Manual Deployment of Azure Functions**\n\nUse the following step-by-step instructions to deploy the BloodHound Enterprise connector manually with Azure Functions."
            },
            {
              "description": "**1. Deploy a Function App**\n\n> **NOTE:** You will need to [prepare VS code](https://docs.microsoft.com/azure/azure-functions/functions-create-first-function-python#prerequisites) for Azure function development.\n\n1. Download the [Azure Function App](https://aka.ms/sentinel-BloodHoundEnterprise-functionapp) file. Extract archive to your local development computer.\n2. Start VS Code. Choose File in the main menu and select Open Folder.\n3. Select the top level folder from extracted files.\n4. Choose the Azure icon in the Activity bar, then in the **Azure: Functions** area, choose the **Deploy to function app** button.\nIf you aren't already signed in, choose the Azure icon in the Activity bar, then in the **Azure: Functions** area, choose **Sign in to Azure**\nIf you're already signed in, go to the next step.\n5. Provide the following information at the prompts:\n\n\ta. **Select folder:** Choose a folder from your workspace or browse to one that contains your function app.\n\n\tb. **Select Subscription:** Choose the subscription to use.\n\n\tc. Select **Create new Function App in Azure** (Don't choose the Advanced option)\n\n\td. **Enter a globally unique name for the function app:** Type a name that is valid in a URL path. The name you type is validated to make sure that it's unique in Azure Functions. (e.g. bloodhoundenterpriseXX).\n\n\te. **Select a runtime:** Choose Python 3.10.\n\n\tf. Select a location for new resources. For better performance and lower costs choose the same [region](https://azure.microsoft.com/regions/) where Microsoft Sentinel is located.\n\n6. Deployment will begin. A notification is displayed after your function app is created and the deployment package is applied.\n7. Go to Azure Portal for the Function App configuration."
            },
            {
              "description": "**2. Configure the Function App**\n\n 1. In the Function App, select the Function App Name and select **Configuration**.\n\n 2. In the **Application settings** tab, select ** New application setting**.\n\n 3. Add each of the following application settings individually, with their respective string values (case-sensitive): \n\t\t BHETokenId\n\t\t BHETokenKey\n\t\t WorkspaceID\n\t\t WorkspaceKey\n\t\t logAnalyticsUri (optional)\n\n 4. Once all application settings have been entered, click **Save**."
            }
          ],
          "id": "[variables('_uiConfigId1')]"
        }
      }
    },
    {
      "type": "Microsoft.OperationalInsights/workspaces/providers/metadata",
      "apiVersion": "2022-01-01-preview",
      "location": "[parameters('workspace-location')]",
      "properties": {
        "version": "2.0.0",
        "kind": "Solution",
        "contentSchemaVersion": "2.0.0",
        "contentId": "[variables('_solutionId')]",
        "parentId": "[variables('_solutionId')]",
        "source": {
          "kind": "Solution",
          "name": "BloodHound Enterprise",
          "sourceId": "[variables('_solutionId')]"
        },
        "author": {
          "name": "SpecterOps",
          "email": "[variables('_email')]"
        },
        "support": {
          "name": "SpecterOps",
          "email": "support@specterops.io",
          "tier": "Partner",
          "link": "https://https://bloodhoundenterprise.io/"
        },
        "dependencies": {
          "operator": "AND",
          "criteria": [
            {
              "kind": "Workbook",
              "contentId": "[variables('_workbookContentId1')]",
              "version": "[variables('workbookVersion1')]"
            },
            {
              "kind": "Workbook",
              "contentId": "[variables('_workbookContentId2')]",
              "version": "[variables('workbookVersion2')]"
            },
            {
              "kind": "AnalyticsRule",
              "contentId": "[variables('analyticRulecontentId1')]",
              "version": "[variables('analyticRuleVersion1')]"
            },
            {
              "kind": "AnalyticsRule",
              "contentId": "[variables('analyticRulecontentId2')]",
              "version": "[variables('analyticRuleVersion2')]"
            },
            {
              "kind": "AnalyticsRule",
              "contentId": "[variables('analyticRulecontentId3')]",
              "version": "[variables('analyticRuleVersion3')]"
            },
            {
              "kind": "Parser",
              "contentId": "[variables('_parserContentId1')]",
              "version": "[variables('parserVersion1')]"
            },
            {
              "kind": "DataConnector",
              "contentId": "[variables('_dataConnectorContentId1')]",
              "version": "[variables('dataConnectorVersion1')]"
            }
          ]
        },
        "firstPublishDate": "2023-05-04",
        "lastPublishDate": "2021-05-04",
        "providers": [
          "SpecterOps"
        ],
        "categories": {
          "domains": [
            "Security - Network"
          ]
        }
      },
      "name": "[concat(parameters('workspace'),'/Microsoft.SecurityInsights/', variables('_solutionId'))]"
    }
  ],
  "outputs": {}
}
