{
  "properties": {
    "schema": {
      "name": "CyeraIssues_CL",
      "columns": [
        {
          "name": "TimeGenerated",
          "type": "datetime"
        },
        {
          "name": "provider",
          "type": "string"
        },
        {
          "name": "infrastructure",
          "type": "string"
        },
        {
          "name": "engine",
          "type": "string"
        },
        {
          "name": "regions",
          "type": "dynamic"
        },
        {
          "name": "account",
          "type": "dynamic"
        },
        {
          "name": "classificationGroups",
          "type": "dynamic"
        },
        {
          "name": "cloudProviderTags",
          "type": "dynamic"
        },
        {
          "name": "owner",
          "type": "string"
        },
        {
          "name": "uid",
          "type": "string"
        },
        {
          "name": "name",
          "type": "string"
        },
        {
          "name": "severity",
          "type": "string"
        },
        {
          "name": "createdDate",
          "type": "datetime"
        },
        {
          "name": "updatedDate",
          "type": "datetime"
        },
        {
          "name": "status",
          "type": "string"
        },
        {
          "name": "riskStatus",
          "type": "string"
        },
        {
          "name": "resolution",
          "type": "string"
        },
        {
          "name": "resolutionNote",
          "type": "string"
        },
        {
          "name": "datastoreName",
          "type": "string"
        },
        {
          "name": "datastoreUid",
          "type": "string"
        },
        {
          "name": "risk",
          "type": "dynamic"
        },
        {
          "name": "data",
          "type": "dynamic"
        },
        {
          "name": "datastoreCloudProviderTags",
          "type": "dynamic"
        },
        {
          "name": "datastoreUserTags",
          "type": "dynamic"
        },
        {
          "name": "datastoreOwners",
          "type": "dynamic"
        },
        {
          "name": "remediationAdvice",
          "type": "string"
        },
        {
          "name": "policyUid",
          "type": "string"
        },
        {
          "name": "itsmTickets",
          "type": "dynamic"
        }
      ]
    }
  }
}
