{
  "$schema": "https://schema.management.azure.com/schemas/2019-04-01/deploymentTemplate.json#",
  "contentVersion": "1.0.0.0",
  "metadata": {
    "author": "Microsoft - support@microsoft.com",
    "comments": "Solution template for AtlassianConfluenceAudit"
  },
  "parameters": {
    "location": {
      "type": "string",
      "minLength": 1,
      "defaultValue": "[resourceGroup().location]",
      "metadata": {
        "description": "Not used, but needed to pass arm-ttk test `Location-Should-Not-Be-Hardcoded`.  We instead use the `workspace-location` which is derived from the LA workspace"
      }
    },
    "workspace-location": {
      "type": "string",
      "defaultValue": "",
      "metadata": {
        "description": "[concat('Region to deploy solution resources -- separate from location selection',parameters('location'))]"
      }
    },
    "workspace": {
      "defaultValue": "",
      "type": "string",
      "metadata": {
        "description": "Workspace name for Log Analytics where Microsoft Sentinel is setup"
      }
    },
    "resourceGroupName": {
      "type": "string",
      "defaultValue": "[resourceGroup().name]",
      "metadata": {
        "description": "resource group name where Microsoft Sentinel is setup"
      }
    },
    "subscription": {
      "type": "string",
      "defaultValue": "[last(split(subscription().id, '/'))]",
      "metadata": {
        "description": "subscription id where Microsoft Sentinel is setup"
      }
    }
  },
  "variables": {
    "email": "support@microsoft.com",
    "_email": "[variables('email')]",
    "_solutionName": "AtlassianConfluenceAudit",
    "_solutionVersion": "3.0.6",
    "solutionId": "azuresentinel.azure-sentinel-solution-atlassianconfluenceaudit",
    "_solutionId": "[variables('solutionId')]",
    "workspaceResourceId": "[resourceId('microsoft.OperationalInsights/Workspaces', parameters('workspace'))]",
    "dataConnectorCCPVersion": "1.0.0",
    "_dataConnectorContentIdConnectorDefinition1": "ConfluenceAuditCCPDefinition",
    "dataConnectorTemplateNameConnectorDefinition1": "[concat(parameters('workspace'),'-dc-',uniquestring(variables('_dataConnectorContentIdConnectorDefinition1')))]",
    "_dataConnectorContentIdConnections1": "ConfluenceAuditCCPDefinitionConnections",
    "dataConnectorTemplateNameConnections1": "[concat(parameters('workspace'),'-dc-',uniquestring(variables('_dataConnectorContentIdConnections1')))]",
    "blanks": "[replace('b', 'b', '')]",
    "TemplateEmptyObject": "[json('{}')]",
    "parserObject1": {
      "_parserName1": "[concat(parameters('workspace'),'/','ConfluenceAudit')]",
      "_parserId1": "[resourceId('Microsoft.OperationalInsights/workspaces/savedSearches', parameters('workspace'), 'ConfluenceAudit')]",
      "parserTemplateSpecName1": "[concat(parameters('workspace'),'/Microsoft.SecurityInsights/',concat(parameters('workspace'),'-pr-',uniquestring('ConfluenceAudit-Parser')))]",
      "parserVersion1": "1.0.0",
      "parserContentId1": "ConfluenceAudit-Parser"
    },
    "_solutioncontentProductId": "[concat(take(variables('_solutionId'),50),'-','sl','-', uniqueString(concat(variables('_solutionId'),'-','Solution','-',variables('_solutionId'),'-', variables('_solutionVersion'))))]"
  },
  "resources": [
    {
      "type": "Microsoft.OperationalInsights/workspaces/providers/contentTemplates",
      "apiVersion": "2023-04-01-preview",
      "name": "[concat(parameters('workspace'),'/Microsoft.SecurityInsights/', variables('dataConnectorTemplateNameConnectorDefinition1'), variables('dataConnectorCCPVersion'))]",
      "location": "[parameters('workspace-location')]",
      "dependsOn": [
        "[extensionResourceId(resourceId('Microsoft.OperationalInsights/workspaces', parameters('workspace')), 'Microsoft.SecurityInsights/contentPackages', variables('_solutionId'))]"
      ],
      "properties": {
        "contentId": "[variables('_dataConnectorContentIdConnectorDefinition1')]",
        "displayName": " Atlassian Confluence Audit (via Codeless Connector Platform)",
        "contentKind": "DataConnector",
        "mainTemplate": {
          "$schema": "https://schema.management.azure.com/schemas/2019-04-01/deploymentTemplate.json#",
          "contentVersion": "[variables('dataConnectorCCPVersion')]",
          "parameters": {},
          "variables": {},
          "resources": [
            {
              "name": "[concat(parameters('workspace'),'/Microsoft.SecurityInsights/',variables('_dataConnectorContentIdConnectorDefinition1'))]",
              "apiVersion": "2022-09-01-preview",
              "type": "Microsoft.OperationalInsights/workspaces/providers/dataConnectorDefinitions",
              "location": "[parameters('workspace-location')]",
              "kind": "Customizable",
              "properties": {
                "connectorUiConfig": {
                  "id": "ConfluenceAuditCCPDefinition",
                  "title": " Atlassian Confluence Audit (via Codeless Connector Platform)",
                  "publisher": "Microsoft",
                  "descriptionMarkdown": "The [Atlassian Confluence](https://www.atlassian.com/software/confluence) Audit data connector provides the capability to ingest [Confluence Audit Records](https://support.atlassian.com/confluence-cloud/docs/view-the-audit-log/) events into Microsoft Sentinel through the REST API. Refer to [API documentation](https://support.atlassian.com/confluence-cloud/docs/view-the-audit-log/) for more information. The connector provides ability to get events which helps to examine potential security risks, analyze your team's use of collaboration, diagnose configuration problems and more.",
                  "graphQueriesTableName": "ConfluenceAuditLogs_CL",
                  "graphQueries": [
                    {
                      "metricName": "Total data received",
                      "legend": "Confluence Audit Events",
                      "baseQuery": "{{graphQueriesTableName}}"
                    }
                  ],
                  "sampleQueries": [
                    {
                      "description": "All Atlassian Confluence Audit logs",
                      "query": "{{graphQueriesTableName}}\n| sort by TimeGenerated desc"
                    },
                    {
                      "description": "Total Events",
                      "query": "{{graphQueriesTableName}}\n | summarize count() by OriginalEventUid"
                    }
                  ],
                  "dataTypes": [
                    {
                      "name": "{{graphQueriesTableName}}",
                      "lastDataReceivedQuery": "{{graphQueriesTableName}}|summarize Time = max  (TimeGenerated)\n|where isnotempty(Time)"
                    }
                  ],
                  "connectivityCriteria": [
                    {
                      "type": "HasDataConnectors"
                    }
                  ],
                  "availability": {
                    "isPreview": false
                  },
                  "permissions": {
                    "resourceProvider": [
                      {
                        "provider": "Microsoft.OperationalInsights/workspaces",
                        "permissionsDisplayText": "Read and Write permissions are required.",
                        "providerDisplayName": "Workspace",
                        "scope": "Workspace",
                        "requiredPermissions": {
                          "write": true,
                          "read": true,
                          "delete": true
                        }
                      }
                    ],
                    "customs": [
                      {
                        "name": "Atlassian Confluence API access",
                        "description": "Permission of [Administer Confluence](https://developer.atlassian.com/cloud/confluence/rest/v1/intro/#auth) is required to get access to the Confluence Audit logs API. See [Confluence API documentation](https://developer.atlassian.com/cloud/confluence/rest/v1/api-group-audit/#api-wiki-rest-api-audit-get) to learn more about the audit API."
                      }
                    ]
                  },
                  "instructionSteps": [
                    {
                      "description": "To enable the Atlassian Confluence connector for Microsoft Sentinel, click to add an organization, fill the form with the Confluence environment credentials and click to Connect. \n Follow [these steps](https://support.atlassian.com/atlassian-account/docs/manage-api-tokens-for-your-atlassian-account/) to create an API token.\n ",
                      "instructions": [
                        {
                          "type": "DataConnectorsGrid",
                          "parameters": {
                            "mapping": [
                              {
                                "columnName": "Atlassian Confluence organization URL",
                                "columnValue": "properties.request.apiEndpoint"
                              }
                            ],
                            "menuItems": [
                              "DeleteConnector"
                            ]
                          }
                        },
                        {
                          "type": "ContextPane",
                          "parameters": {
                            "isPrimary": true,
                            "label": "Add organization",
                            "title": "Add organization",
                            "subtitle": "Add Atlassian Confluence organization",
                            "contextPaneType": "DataConnectorsContextPane",
                            "instructionSteps": [
                              {
                                "instructions": [
                                  {
                                    "type": "Textbox",
                                    "parameters": {
                                      "label": "Atlassian Confluence organization URL",
                                      "placeholder": "<your-domain>.atlassian.net",
                                      "type": "string",
                                      "name": "confluenceorganizationurl"
                                    }
                                  },
                                  {
                                    "type": "Textbox",
                                    "parameters": {
                                      "label": "User Name",
                                      "placeholder": "User Name (e.g., user@example.com)",
                                      "type": "securestring",
                                      "name": "userid"
                                    }
                                  },
                                  {
                                    "type": "Textbox",
                                    "parameters": {
                                      "label": "API Token",
                                      "placeholder": "API Token",
                                      "type": "password",
                                      "name": "apikey"
                                    }
                                  }
                                ]
                              }
                            ]
                          }
                        }
                      ]
                    }
                  ]
                }
              }
            },
            {
              "name": "[concat(parameters('workspace'),'/Microsoft.SecurityInsights/',concat('DataConnector-', variables('_dataConnectorContentIdConnectorDefinition1')))]",
              "apiVersion": "2022-01-01-preview",
              "type": "Microsoft.OperationalInsights/workspaces/providers/metadata",
              "properties": {
                "parentId": "[extensionResourceId(resourceId('Microsoft.OperationalInsights/workspaces', parameters('workspace')), 'Microsoft.SecurityInsights/dataConnectorDefinitions', variables('_dataConnectorContentIdConnectorDefinition1'))]",
                "contentId": "[variables('_dataConnectorContentIdConnectorDefinition1')]",
                "kind": "DataConnector",
                "version": "[variables('dataConnectorCCPVersion')]",
                "source": {
                  "sourceId": "[variables('_solutionId')]",
                  "name": "[variables('_solutionName')]",
                  "kind": "Solution"
                },
                "author": {
                  "name": "Microsoft",
                  "email": "[variables('_email')]"
                },
                "support": {
                  "name": "Microsoft Corporation",
                  "email": "support@microsoft.com",
                  "tier": "Microsoft",
                  "link": "https://support.microsoft.com"
                },
                "dependencies": {
                  "criteria": [
                    {
                      "version": "[variables('dataConnectorCCPVersion')]",
                      "contentId": "[variables('_dataConnectorContentIdConnections1')]",
                      "kind": "ResourcesDataConnector"
                    }
                  ]
                }
              }
            },
            {
              "name": "AtlassianConfluenceDCR",
              "apiVersion": "2022-06-01",
              "type": "Microsoft.Insights/dataCollectionRules",
              "location": "[parameters('workspace-location')]",
              "kind": "[variables('blanks')]",
              "properties": {
                "streamDeclarations": {
                  "Custom-ConfluenceAuditLogs": {
                    "columns": [
                      {
                        "name": "author",
                        "type": "dynamic"
                      },
                      {
                        "name": "remoteAddress",
                        "type": "string"
                      },
                      {
                        "name": "creationDate",
                        "type": "long"
                      },
                      {
                        "name": "summary",
                        "type": "string"
                      },
                      {
                        "name": "description",
                        "type": "string"
                      },
                      {
                        "name": "category",
                        "type": "string"
                      },
                      {
                        "name": "sysAdmin",
                        "type": "boolean"
                      },
                      {
                        "name": "superAdmin",
                        "type": "boolean"
                      },
                      {
                        "name": "affectedObject",
                        "type": "dynamic"
                      },
                      {
                        "name": "changedValues",
                        "type": "dynamic"
                      },
                      {
                        "name": "associatedObjects",
                        "type": "dynamic"
                      }
                    ]
                  }
                },
                "dataSources": "[variables('TemplateEmptyObject')]",
                "destinations": {
                  "logAnalytics": [
                    {
                      "workspaceResourceId": "[variables('workspaceResourceId')]",
                      "name": "clv2ws1"
                    }
                  ]
                },
                "dataFlows": [
                  {
                    "streams": [
                      "Custom-ConfluenceAuditLogs"
                    ],
                    "destinations": [
                      "clv2ws1"
                    ],
                    "transformKql": "source\r| extend\r    TimeGenerated = now(),\r    EventVendor=\"Atlassian\",\r    EventProduct=\"Confluence Audit\",\r    AuthorUsername=tostring(author.username), \r    AuthorDisplayName=tostring(author.displayName),\r    AuthorType=tostring(author.type),\r    AuthorAccountId=tostring(author.accountId),\r    AuthorUserKey=tostring(author.userKey),\r    AuthorPublicName=tostring(author.publicName),\r    AuthorAccountType=tostring(author.accountType),\r    AuthorIsExternalCollaborator=tobool(author.isExternalCollaborator),\r    AuthorExternalCollaborator=tobool(author.externalCollaborator),\r    AffectedObjectName=tostring(affectedObject.name),\r    AffectedObjectObjectType=tostring(affectedObject.type),\r    UserIdentity=tostring(author.accountId),\r    SrcUserName=tostring(author.displayName),\r    DstUserSid=tostring(author.userKey)\r| project\r    TimeGenerated,\r    EventVendor,\r    EventProduct,\r    AuthorUsername,\r    AuthorAccountId,\r    AuthorType,\r    AuthorDisplayName,\r    AuthorIsExternalCollaborator,\r    AuthorUserKey,\r    AuthorAccountType,\r    AuthorPublicName,\r    AuthorExternalCollaborator,\r    RemoteAddress=remoteAddress,\r    CreationDate=creationDate,\r    Summary=summary,\r    Description=description,\r    Category=category,\r    SysAdmin=sysAdmin,\r    SuperAdmin=superAdmin,\r    AffectedObjectName,\r    AffectedObjectObjectType,\r    ChangedValues=changedValues,\r    AssociatedObjects=associatedObjects,\r    UserIdentity,\r    SrcUserName,\r    DstUserSid,\r    SrcIpAddr=remoteAddress,\r    EventCreationTime=creationDate,\r    EventMessage=summary,\r    EventCategoryType=category",
                    "outputStream": "Custom-ConfluenceAuditLogs_CL"
                  }
                ],
                "dataCollectionEndpointId": "[concat('/subscriptions/',parameters('subscription'),'/resourceGroups/',parameters('resourceGroupName'),'/providers/Microsoft.Insights/dataCollectionEndpoints/',parameters('workspace'))]"
              }
            },
            {
              "name": "ConfluenceAuditLogs_CL",
              "apiVersion": "2022-10-01",
              "type": "Microsoft.OperationalInsights/workspaces/tables",
              "location": "[parameters('workspace-location')]",
              "kind": null,
              "properties": {
                "schema": {
                  "tableSubType": "DataCollectionRuleBased",
                  "name": "ConfluenceAuditLogs_CL",
                  "tableType": "CustomLog",
                  "columns": [
                    {
                      "name": "TimeGenerated",
                      "type": "datetime",
                      "isDefaultDisplay": false,
                      "isHidden": false
                    },
                    {
                      "name": "EventVendor",
                      "type": "string",
                      "isDefaultDisplay": false,
                      "isHidden": false
                    },
                    {
                      "name": "EventProduct",
                      "type": "string",
                      "isDefaultDisplay": false,
                      "isHidden": false
                    },
                    {
                      "name": "AuthorUsername",
                      "type": "string",
                      "isDefaultDisplay": false,
                      "isHidden": false
                    },
                    {
                      "name": "AuthorAccountId",
                      "type": "string",
                      "isDefaultDisplay": false,
                      "isHidden": false
                    },
                    {
                      "name": "AuthorType",
                      "type": "string",
                      "isDefaultDisplay": false,
                      "isHidden": false
                    },
                    {
                      "name": "AuthorDisplayName",
                      "type": "string",
                      "isDefaultDisplay": false,
                      "isHidden": false
                    },
                    {
                      "name": "AuthorIsExternalCollaborator",
                      "type": "boolean",
                      "isDefaultDisplay": false,
                      "isHidden": false
                    },
                    {
                      "name": "AuthorUserKey",
                      "type": "string",
                      "isDefaultDisplay": false,
                      "isHidden": false
                    },
                    {
                      "name": "AuthorAccountType",
                      "type": "string",
                      "isDefaultDisplay": false,
                      "isHidden": false
                    },
                    {
                      "name": "AuthorPublicName",
                      "type": "string",
                      "isDefaultDisplay": false,
                      "isHidden": false
                    },
                    {
                      "name": "AuthorExternalCollaborator",
                      "type": "boolean",
                      "isDefaultDisplay": false,
                      "isHidden": false
                    },
                    {
                      "name": "RemoteAddress",
                      "type": "string",
                      "isDefaultDisplay": false,
                      "isHidden": false
                    },
                    {
                      "name": "CreationDate",
                      "type": "long",
                      "isDefaultDisplay": false,
                      "isHidden": false
                    },
                    {
                      "name": "Summary",
                      "type": "string",
                      "isDefaultDisplay": false,
                      "isHidden": false
                    },
                    {
                      "name": "Description",
                      "type": "string",
                      "isDefaultDisplay": false,
                      "isHidden": false
                    },
                    {
                      "name": "Category",
                      "type": "string",
                      "isDefaultDisplay": false,
                      "isHidden": false
                    },
                    {
                      "name": "SysAdmin",
                      "type": "boolean",
                      "isDefaultDisplay": false,
                      "isHidden": false
                    },
                    {
                      "name": "SuperAdmin",
                      "type": "boolean",
                      "isDefaultDisplay": false,
                      "isHidden": false
                    },
                    {
                      "name": "AffectedObjectName",
                      "type": "string",
                      "isDefaultDisplay": false,
                      "isHidden": false
                    },
                    {
                      "name": "AffectedObjectObjectType",
                      "type": "string",
                      "isDefaultDisplay": false,
                      "isHidden": false
                    },
                    {
                      "name": "ChangedValues",
                      "type": "dynamic",
                      "isDefaultDisplay": false,
                      "isHidden": false
                    },
                    {
                      "name": "AssociatedObjects",
                      "type": "dynamic",
                      "isDefaultDisplay": false,
                      "isHidden": false
                    },
                    {
                      "name": "UserIdentity",
                      "type": "string",
                      "isDefaultDisplay": false,
                      "isHidden": false
                    },
                    {
                      "name": "SrcUserName",
                      "type": "string",
                      "isDefaultDisplay": false,
                      "isHidden": false
                    },
                    {
                      "name": "DstUserSid",
                      "type": "string",
                      "isDefaultDisplay": false,
                      "isHidden": false
                    },
                    {
                      "name": "SrcIpAddr",
                      "type": "string",
                      "isDefaultDisplay": false,
                      "isHidden": false
                    },
                    {
                      "name": "EventCreationTime",
                      "type": "long",
                      "isDefaultDisplay": false,
                      "isHidden": false
                    },
                    {
                      "name": "EventMessage",
                      "type": "string",
                      "isDefaultDisplay": false,
                      "isHidden": false
                    },
                    {
                      "name": "EventCategoryType",
                      "type": "string",
                      "isDefaultDisplay": false,
                      "isHidden": false
                    }
                  ],
                  "isTroubleshootingAllowed": true
                }
              }
            }
          ]
        },
        "packageKind": "Solution",
        "packageVersion": "[variables('_solutionVersion')]",
        "packageName": "[variables('_solutionName')]",
        "contentProductId": "[concat(take(variables('_solutionId'), 50),'-','dc','-', uniqueString(concat(variables('_solutionId'),'-','DataConnector','-',variables('_dataConnectorContentIdConnectorDefinition1'),'-', variables('dataConnectorCCPVersion'))))]",
        "packageId": "[variables('_solutionId')]",
        "contentSchemaVersion": "3.0.0",
        "version": "[variables('dataConnectorCCPVersion')]"
      }
    },
    {
      "name": "[concat(parameters('workspace'),'/Microsoft.SecurityInsights/',variables('_dataConnectorContentIdConnectorDefinition1'))]",
      "apiVersion": "2022-09-01-preview",
      "type": "Microsoft.OperationalInsights/workspaces/providers/dataConnectorDefinitions",
      "location": "[parameters('workspace-location')]",
      "kind": "Customizable",
      "properties": {
        "connectorUiConfig": {
          "id": "ConfluenceAuditCCPDefinition",
          "title": " Atlassian Confluence Audit (via Codeless Connector Platform)",
          "publisher": "Microsoft",
          "descriptionMarkdown": "The [Atlassian Confluence](https://www.atlassian.com/software/confluence) Audit data connector provides the capability to ingest [Confluence Audit Records](https://support.atlassian.com/confluence-cloud/docs/view-the-audit-log/) events into Microsoft Sentinel through the REST API. Refer to [API documentation](https://support.atlassian.com/confluence-cloud/docs/view-the-audit-log/) for more information. The connector provides ability to get events which helps to examine potential security risks, analyze your team's use of collaboration, diagnose configuration problems and more.",
          "graphQueriesTableName": "ConfluenceAuditLogs_CL",
          "graphQueries": [
            {
              "metricName": "Total data received",
              "legend": "Confluence Audit Events",
              "baseQuery": "{{graphQueriesTableName}}"
            }
          ],
          "sampleQueries": [
            {
              "description": "All Atlassian Confluence Audit logs",
              "query": "{{graphQueriesTableName}}\n| sort by TimeGenerated desc"
            },
            {
              "description": "Total Events",
              "query": "{{graphQueriesTableName}}\n | summarize count() by OriginalEventUid"
            }
          ],
          "dataTypes": [
            {
              "name": "{{graphQueriesTableName}}",
              "lastDataReceivedQuery": "{{graphQueriesTableName}}|summarize Time = max  (TimeGenerated)\n|where isnotempty(Time)"
            }
          ],
          "connectivityCriteria": [
            {
              "type": "HasDataConnectors"
            }
          ],
          "availability": {
            "isPreview": false
          },
          "permissions": {
            "resourceProvider": [
              {
                "provider": "Microsoft.OperationalInsights/workspaces",
                "permissionsDisplayText": "Read and Write permissions are required.",
                "providerDisplayName": "Workspace",
                "scope": "Workspace",
                "requiredPermissions": {
                  "write": true,
                  "read": true,
                  "delete": true
                }
              }
            ],
            "customs": [
              {
                "name": "Atlassian Confluence API access",
                "description": "Permission of [Administer Confluence](https://developer.atlassian.com/cloud/confluence/rest/v1/intro/#auth) is required to get access to the Confluence Audit logs API. See [Confluence API documentation](https://developer.atlassian.com/cloud/confluence/rest/v1/api-group-audit/#api-wiki-rest-api-audit-get) to learn more about the audit API."
              }
            ]
          },
          "instructionSteps": [
            {
              "description": "To enable the Atlassian Confluence connector for Microsoft Sentinel, click to add an organization, fill the form with the Confluence environment credentials and click to Connect. \n Follow [these steps](https://support.atlassian.com/atlassian-account/docs/manage-api-tokens-for-your-atlassian-account/) to create an API token.\n ",
              "instructions": [
                {
                  "type": "DataConnectorsGrid",
                  "parameters": {
                    "mapping": [
                      {
                        "columnName": "Atlassian Confluence organization URL",
                        "columnValue": "properties.request.apiEndpoint"
                      }
                    ],
                    "menuItems": [
                      "DeleteConnector"
                    ]
                  }
                },
                {
                  "type": "ContextPane",
                  "parameters": {
                    "isPrimary": true,
                    "label": "Add organization",
                    "title": "Add organization",
                    "subtitle": "Add Atlassian Confluence organization",
                    "contextPaneType": "DataConnectorsContextPane",
                    "instructionSteps": [
                      {
                        "instructions": [
                          {
                            "type": "Textbox",
                            "parameters": {
                              "label": "Atlassian Confluence organization URL",
                              "placeholder": "<your-domain>.atlassian.net",
                              "type": "string",
                              "name": "confluenceorganizationurl"
                            }
                          },
                          {
                            "type": "Textbox",
                            "parameters": {
                              "label": "User Name",
                              "placeholder": "User Name (e.g., user@example.com)",
                              "type": "securestring",
                              "name": "userid"
                            }
                          },
                          {
                            "type": "Textbox",
                            "parameters": {
                              "label": "API Token",
                              "placeholder": "API Token",
                              "type": "password",
                              "name": "apikey"
                            }
                          }
                        ]
                      }
                    ]
                  }
                }
              ]
            }
          ]
        }
      }
    },
    {
      "name": "[concat(parameters('workspace'),'/Microsoft.SecurityInsights/',concat('DataConnector-', variables('_dataConnectorContentIdConnectorDefinition1')))]",
      "apiVersion": "2022-01-01-preview",
      "type": "Microsoft.OperationalInsights/workspaces/providers/metadata",
      "properties": {
        "parentId": "[extensionResourceId(resourceId('Microsoft.OperationalInsights/workspaces', parameters('workspace')), 'Microsoft.SecurityInsights/dataConnectorDefinitions', variables('_dataConnectorContentIdConnectorDefinition1'))]",
        "contentId": "[variables('_dataConnectorContentIdConnectorDefinition1')]",
        "kind": "DataConnector",
        "version": "[variables('dataConnectorCCPVersion')]",
        "source": {
          "sourceId": "[variables('_solutionId')]",
          "name": "[variables('_solutionName')]",
          "kind": "Solution"
        },
        "author": {
          "name": "Microsoft",
          "email": "[variables('_email')]"
        },
        "support": {
          "name": "Microsoft Corporation",
          "email": "support@microsoft.com",
          "tier": "Microsoft",
          "link": "https://support.microsoft.com"
        },
        "dependencies": {
          "criteria": [
            {
              "version": "[variables('dataConnectorCCPVersion')]",
              "contentId": "[variables('_dataConnectorContentIdConnections1')]",
              "kind": "ResourcesDataConnector"
            }
          ]
        }
      }
    },
    {
      "type": "Microsoft.OperationalInsights/workspaces/providers/contentTemplates",
      "apiVersion": "2023-04-01-preview",
      "name": "[concat(parameters('workspace'),'/Microsoft.SecurityInsights/', variables('dataConnectorTemplateNameConnections1'), variables('dataConnectorCCPVersion'))]",
      "location": "[parameters('workspace-location')]",
      "dependsOn": [
        "[extensionResourceId(resourceId('Microsoft.OperationalInsights/workspaces', parameters('workspace')), 'Microsoft.SecurityInsights/contentPackages', variables('_solutionId'))]"
      ],
      "properties": {
        "contentId": "[variables('_dataConnectorContentIdConnections1')]",
        "displayName": " Atlassian Confluence Audit (via Codeless Connector Platform)",
        "contentKind": "ResourcesDataConnector",
        "mainTemplate": {
          "$schema": "https://schema.management.azure.com/schemas/2019-04-01/deploymentTemplate.json#",
          "contentVersion": "[variables('dataConnectorCCPVersion')]",
          "parameters": {
            "guidValue": {
              "defaultValue": "[[newGuid()]",
              "type": "securestring"
            },
            "innerWorkspace": {
              "defaultValue": "[parameters('workspace')]",
              "type": "securestring"
            },
            "connectorDefinitionName": {
              "defaultValue": " Atlassian Confluence Audit (via Codeless Connector Platform)",
              "type": "securestring",
              "minLength": 1
            },
            "workspace": {
              "defaultValue": "[parameters('workspace')]",
              "type": "securestring"
            },
            "dcrConfig": {
              "defaultValue": {
                "dataCollectionEndpoint": "data collection Endpoint",
                "dataCollectionRuleImmutableId": "data collection rule immutableId"
              },
              "type": "object"
            },
            "confluenceorganizationurl": {
              "defaultValue": "confluenceorganizationurl",
              "type": "securestring",
              "minLength": 1
            },
            "userid": {
              "defaultValue": "userid",
              "type": "securestring",
              "minLength": 1
            },
            "apikey": {
              "defaultValue": "apikey",
              "type": "securestring",
              "minLength": 1
            }
          },
          "variables": {
            "_dataConnectorContentIdConnections1": "[variables('_dataConnectorContentIdConnections1')]"
          },
          "resources": [
            {
              "name": "[concat(parameters('workspace'),'/Microsoft.SecurityInsights/',concat('DataConnector-', variables('_dataConnectorContentIdConnections1')))]",
              "apiVersion": "2022-01-01-preview",
              "type": "Microsoft.OperationalInsights/workspaces/providers/metadata",
              "properties": {
                "parentId": "[extensionResourceId(resourceId('Microsoft.OperationalInsights/workspaces', parameters('workspace')), 'Microsoft.SecurityInsights/dataConnectors', variables('_dataConnectorContentIdConnections1'))]",
                "contentId": "[variables('_dataConnectorContentIdConnections1')]",
                "kind": "ResourcesDataConnector",
                "version": "[variables('dataConnectorCCPVersion')]",
                "source": {
                  "sourceId": "[variables('_solutionId')]",
                  "name": "[variables('_solutionName')]",
                  "kind": "Solution"
                },
                "author": {
                  "name": "Microsoft",
                  "email": "[variables('_email')]"
                },
                "support": {
                  "name": "Microsoft Corporation",
                  "email": "support@microsoft.com",
                  "tier": "Microsoft",
                  "link": "https://support.microsoft.com"
                }
              }
            },
            {
              "name": "[[concat(parameters('innerWorkspace'),'/Microsoft.SecurityInsights/', 'ConfluenceAuditCCPPolling', parameters('guidValue'))]",
              "apiVersion": "2023-02-01-preview",
              "type": "Microsoft.OperationalInsights/workspaces/providers/dataConnectors",
              "location": "[parameters('workspace-location')]",
              "kind": "RestApiPoller",
              "properties": {
                "connectorDefinitionName": "ConfluenceAuditCCPDefinition",
                "dataType": "ConfluenceAuditLogs_CL",
                "dcrConfig": {
                  "dataCollectionEndpoint": "[[parameters('dcrConfig').dataCollectionEndpoint]",
                  "dataCollectionRuleImmutableId": "[[parameters('dcrConfig').dataCollectionRuleImmutableId]",
                  "streamName": "Custom-ConfluenceAuditLogs"
                },
                "auth": {
                  "type": "Basic",
                  "UserName": "[[parameters('userid')]",
                  "Password": "[[parameters('apikey')]"
                },
                "request": {
                  "apiEndpoint": "[[concat('https://',parameters('confluenceorganizationurl'),'/wiki/rest/api/audit')]",
                  "httpMethod": "GET",
                  "retryCount": 3,
                  "timeoutInSeconds": 60,
                  "queryTimeFormat": "UnixTimestampInMills",
                  "startTimeAttributeName": "startDate",
                  "endTimeAttributeName": "endDate",
                  "headers": {
                    "Accept": "application/json",
                    "User-Agent": "Scuba"
                  }
                },
                "paging": {
                  "pagingType": "Offset",
                  "offsetParaName": "start",
                  "pageSizeParaName": "limit",
                  "pageSize": 1000
                },
                "response": {
                  "eventsJsonPaths": [
                    "$.results"
                  ],
                  "format": "json"
                }
              }
            }
          ]
        },
        "packageKind": "Solution",
        "packageVersion": "[variables('_solutionVersion')]",
        "packageName": "[variables('_solutionName')]",
        "contentProductId": "[concat(take(variables('_solutionId'), 50),'-','rdc','-', uniqueString(concat(variables('_solutionId'),'-','ResourcesDataConnector','-',variables('_dataConnectorContentIdConnections1'),'-', variables('dataConnectorCCPVersion'))))]",
        "packageId": "[variables('_solutionId')]",
        "contentSchemaVersion": "3.0.0",
        "version": "[variables('dataConnectorCCPVersion')]"
      }
    },
    {
      "type": "Microsoft.OperationalInsights/workspaces/providers/contentTemplates",
      "apiVersion": "2023-04-01-preview",
      "name": "[variables('parserObject1').parserTemplateSpecName1]",
      "location": "[parameters('workspace-location')]",
      "dependsOn": [
        "[extensionResourceId(resourceId('Microsoft.OperationalInsights/workspaces', parameters('workspace')), 'Microsoft.SecurityInsights/contentPackages', variables('_solutionId'))]"
      ],
      "properties": {
        "description": "ConfluenceAudit Data Parser with template version 3.0.6",
        "mainTemplate": {
          "$schema": "https://schema.management.azure.com/schemas/2019-04-01/deploymentTemplate.json#",
          "contentVersion": "[variables('parserObject1').parserVersion1]",
          "parameters": {},
          "variables": {},
          "resources": [
            {
              "name": "[variables('parserObject1')._parserName1]",
              "apiVersion": "2022-10-01",
              "type": "Microsoft.OperationalInsights/workspaces/savedSearches",
              "location": "[parameters('workspace-location')]",
              "properties": {
                "eTag": "*",
                "displayName": "ConfluenceAudit",
                "category": "Microsoft Sentinel Parser",
                "functionAlias": "ConfluenceAudit",
                "query": "let ConfluenceAuditLogs  = view () { \nunion isfuzzy=true\n   (Confluence_Audit_CL // Schema created by Azure Function App Connector\n   | extend \n       EventVendor=\"Atlassian\",\n       EventProduct=\"Confluence\",\n       AuthorUsername=column_ifexists('author_username_s', ''),\n       AuthorUserKey=column_ifexists('author_userKey_g', ''),\n       AuthorAccountId=column_ifexists('author_accountId_s', ''),\n       AuthorType=column_ifexists('author_type_s', ''),\n       AuthorDisplayName=column_ifexists('author_displayName_s', ''),\n       AuthorIsExternalCollaborator=column_ifexists('author_isExternalCollaborator_b', ''),\n       AuthorAccountType=column_ifexists('author_accountType_s', ''),\n       AuthorPublicName=column_ifexists('author_publicName_s', ''),\n       AuthorExternalCollaborator=column_ifexists('author_externalCollaborator_b', ''),\n       RemoteAddress=column_ifexists('remoteAddress_s', ''),\n       CreationDate=column_ifexists('creationDate_d', ''),\n       Summary=column_ifexists('summary_s', ''),\n       Description=column_ifexists('description_s', ''),\n       Category=column_ifexists('Category', ''),\n       SysAdmin=column_ifexists('sysAdmin_b', ''),\n       SuperAdmin=column_ifexists('superAdmin_b', ''),\n       AffectedObjectName=column_ifexists('affectedObject_name_s', ''),\n       AffectedObjectObjectType=column_ifexists('affectedObject_objectType_s', ''),\n       ChangedValues=column_ifexists('changedValues_s', ''),\n       AssociatedObjects=column_ifexists('associatedObjects_s', ''),\n       UserIdentity=column_ifexists('author_accountId_s', ''),\n       SrcUserName=column_ifexists('author_displayName_s', ''),\n       DstUserSid=column_ifexists('author_userKey_s', ''),\n       SrcIpAddr=column_ifexists('remoteAddress_s', ''),\n       EventCreationTime=column_ifexists('creationDate_d', ''),\n       EventMessage=column_ifexists('summary_s', ''),\n       EventCategoryType =column_ifexists('Category', '')             \n   | project\n       TimeGenerated, \n       EventVendor,\n       EventProduct,\n       AuthorUsername,\n       AuthorAccountId,\n       AuthorType,\n       AuthorDisplayName,\n       AuthorIsExternalCollaborator,\n       AuthorUserKey,\n       AuthorAccountType,\n       AuthorPublicName,\n       AuthorExternalCollaborator,\n       RemoteAddress,\n       CreationDate,\n       Summary,\n       Description,\n       Category,\n       SysAdmin,\n       SuperAdmin,\n       AffectedObjectName,\n       AffectedObjectObjectType,\n       ChangedValues,\n       AssociatedObjects,\n       UserIdentity,\n       SrcUserName,\n       DstUserSid,\n       SrcIpAddr,\n       EventCreationTime,\n       EventMessage,\n       EventCategoryType),\n   (ConfluenceAuditLogs_CL // Schema created by CCP Connector\n   | extend TimeGenerated = unixtime_milliseconds_todatetime(CreationDate))};\n ConfluenceAuditLogs\n",
                "functionParameters": "",
                "version": 2,
                "tags": [
                  {
                    "name": "description",
                    "value": ""
                  }
                ]
              }
            },
            {
              "type": "Microsoft.OperationalInsights/workspaces/providers/metadata",
              "apiVersion": "2022-01-01-preview",
              "name": "[concat(parameters('workspace'),'/Microsoft.SecurityInsights/',concat('Parser-', last(split(variables('parserObject1')._parserId1,'/'))))]",
              "dependsOn": [
                "[variables('parserObject1')._parserId1]"
              ],
              "properties": {
                "parentId": "[resourceId('Microsoft.OperationalInsights/workspaces/savedSearches', parameters('workspace'), 'ConfluenceAudit')]",
                "contentId": "[variables('parserObject1').parserContentId1]",
                "kind": "Parser",
                "version": "[variables('parserObject1').parserVersion1]",
                "source": {
                  "name": "AtlassianConfluenceAudit",
                  "kind": "Solution",
                  "sourceId": "[variables('_solutionId')]"
                },
                "author": {
                  "name": "Microsoft",
                  "email": "[variables('_email')]"
                },
                "support": {
                  "name": "Microsoft Corporation",
                  "email": "support@microsoft.com",
                  "tier": "Microsoft",
                  "link": "https://support.microsoft.com"
                }
              }
            }
          ]
        },
        "packageKind": "Solution",
        "packageVersion": "[variables('_solutionVersion')]",
        "packageName": "[variables('_solutionName')]",
        "packageId": "[variables('_solutionId')]",
        "contentSchemaVersion": "3.0.0",
        "contentId": "[variables('parserObject1').parserContentId1]",
        "contentKind": "Parser",
        "displayName": "ConfluenceAudit",
        "contentProductId": "[concat(take(variables('_solutionId'),50),'-','pr','-', uniqueString(concat(variables('_solutionId'),'-','Parser','-',variables('parserObject1').parserContentId1,'-', '1.0.0')))]",
        "id": "[concat(take(variables('_solutionId'),50),'-','pr','-', uniqueString(concat(variables('_solutionId'),'-','Parser','-',variables('parserObject1').parserContentId1,'-', '1.0.0')))]",
        "version": "[variables('parserObject1').parserVersion1]"
      }
    },
    {
      "type": "Microsoft.OperationalInsights/workspaces/savedSearches",
      "apiVersion": "2022-10-01",
      "name": "[variables('parserObject1')._parserName1]",
      "location": "[parameters('workspace-location')]",
      "properties": {
        "eTag": "*",
        "displayName": "ConfluenceAudit",
        "category": "Microsoft Sentinel Parser",
        "functionAlias": "ConfluenceAudit",
        "query": "let ConfluenceAuditLogs  = view () { \nunion isfuzzy=true\n   (Confluence_Audit_CL // Schema created by Azure Function App Connector\n   | extend \n       EventVendor=\"Atlassian\",\n       EventProduct=\"Confluence\",\n       AuthorUsername=column_ifexists('author_username_s', ''),\n       AuthorUserKey=column_ifexists('author_userKey_g', ''),\n       AuthorAccountId=column_ifexists('author_accountId_s', ''),\n       AuthorType=column_ifexists('author_type_s', ''),\n       AuthorDisplayName=column_ifexists('author_displayName_s', ''),\n       AuthorIsExternalCollaborator=column_ifexists('author_isExternalCollaborator_b', ''),\n       AuthorAccountType=column_ifexists('author_accountType_s', ''),\n       AuthorPublicName=column_ifexists('author_publicName_s', ''),\n       AuthorExternalCollaborator=column_ifexists('author_externalCollaborator_b', ''),\n       RemoteAddress=column_ifexists('remoteAddress_s', ''),\n       CreationDate=column_ifexists('creationDate_d', ''),\n       Summary=column_ifexists('summary_s', ''),\n       Description=column_ifexists('description_s', ''),\n       Category=column_ifexists('Category', ''),\n       SysAdmin=column_ifexists('sysAdmin_b', ''),\n       SuperAdmin=column_ifexists('superAdmin_b', ''),\n       AffectedObjectName=column_ifexists('affectedObject_name_s', ''),\n       AffectedObjectObjectType=column_ifexists('affectedObject_objectType_s', ''),\n       ChangedValues=column_ifexists('changedValues_s', ''),\n       AssociatedObjects=column_ifexists('associatedObjects_s', ''),\n       UserIdentity=column_ifexists('author_accountId_s', ''),\n       SrcUserName=column_ifexists('author_displayName_s', ''),\n       DstUserSid=column_ifexists('author_userKey_s', ''),\n       SrcIpAddr=column_ifexists('remoteAddress_s', ''),\n       EventCreationTime=column_ifexists('creationDate_d', ''),\n       EventMessage=column_ifexists('summary_s', ''),\n       EventCategoryType =column_ifexists('Category', '')             \n   | project\n       TimeGenerated, \n       EventVendor,\n       EventProduct,\n       AuthorUsername,\n       AuthorAccountId,\n       AuthorType,\n       AuthorDisplayName,\n       AuthorIsExternalCollaborator,\n       AuthorUserKey,\n       AuthorAccountType,\n       AuthorPublicName,\n       AuthorExternalCollaborator,\n       RemoteAddress,\n       CreationDate,\n       Summary,\n       Description,\n       Category,\n       SysAdmin,\n       SuperAdmin,\n       AffectedObjectName,\n       AffectedObjectObjectType,\n       ChangedValues,\n       AssociatedObjects,\n       UserIdentity,\n       SrcUserName,\n       DstUserSid,\n       SrcIpAddr,\n       EventCreationTime,\n       EventMessage,\n       EventCategoryType),\n   (ConfluenceAuditLogs_CL // Schema created by CCP Connector\n   | extend TimeGenerated = unixtime_milliseconds_todatetime(CreationDate))};\n ConfluenceAuditLogs\n",
        "functionParameters": "",
        "version": 2,
        "tags": [
          {
            "name": "description",
            "value": ""
          }
        ]
      }
    },
    {
      "type": "Microsoft.OperationalInsights/workspaces/providers/metadata",
      "apiVersion": "2022-01-01-preview",
      "location": "[parameters('workspace-location')]",
      "name": "[concat(parameters('workspace'),'/Microsoft.SecurityInsights/',concat('Parser-', last(split(variables('parserObject1')._parserId1,'/'))))]",
      "dependsOn": [
        "[variables('parserObject1')._parserId1]"
      ],
      "properties": {
        "parentId": "[resourceId('Microsoft.OperationalInsights/workspaces/savedSearches', parameters('workspace'), 'ConfluenceAudit')]",
        "contentId": "[variables('parserObject1').parserContentId1]",
        "kind": "Parser",
        "version": "[variables('parserObject1').parserVersion1]",
        "source": {
          "kind": "Solution",
          "name": "AtlassianConfluenceAudit",
          "sourceId": "[variables('_solutionId')]"
        },
        "author": {
          "name": "Microsoft",
          "email": "[variables('_email')]"
        },
        "support": {
          "name": "Microsoft Corporation",
          "email": "support@microsoft.com",
          "tier": "Microsoft",
          "link": "https://support.microsoft.com"
        }
      }
    },
    {
      "type": "Microsoft.OperationalInsights/workspaces/providers/contentPackages",
      "apiVersion": "2023-04-01-preview",
      "location": "[parameters('workspace-location')]",
      "properties": {
        "version": "3.0.6",
        "kind": "Solution",
        "contentSchemaVersion": "3.0.0",
        "displayName": "AtlassianConfluenceAudit",
        "publisherDisplayName": "Microsoft Sentinel, Microsoft Corporation",
        "descriptionHtml": "<p><strong>Note:</strong> Please refer to the following before installing the solution:</p>\n<p>• Review the solution <a href=\"https://github.com/Azure/Azure-Sentinel/tree/master/Solutions/AtlassianConfluenceAudit/ReleaseNotes.md\">Release Notes</a></p>\n<p>• There may be <a href=\"https://aka.ms/sentinelsolutionsknownissues\">known issues</a> pertaining to this Solution, please refer to them before installing.</p>\n<p>The <a href=\"https://www.atlassian.com/software/confluence\">Atlassian Confluence Audit</a> solution provides the capability to ingest <a href=\"https://support.atlassian.com/confluence-cloud/docs/view-the-audit-log/\">Confluence Audit Records</a> into Microsoft Sentinel.</p>\n<p><strong>Underlying Microsoft Technologies used:</strong></p>\n<p>This solution takes a dependency on the following technologies, and some of these dependencies either may be in <a href=\"https://azure.microsoft.com/support/legal/preview-supplemental-terms/\">Preview</a> state or might result in additional ingestion or operational costs:</p>\n<ol type=\"a\">\n<li><a href=\"https://aka.ms/Sentinel-CCP_Platform\">Microsoft Sentinel Codeless Connector Platform</a></li>\n</ol>\n<p><strong>Data Connectors:</strong> 1, <strong>Parsers:</strong> 1</p>\n<p><a href=\"https://aka.ms/azuresentinel\">Learn more about Microsoft Sentinel</a> | <a href=\"https://aka.ms/azuresentinelsolutionsdoc\">Learn more about Solutions</a></p>\n",
        "contentKind": "Solution",
        "contentProductId": "[variables('_solutioncontentProductId')]",
        "id": "[variables('_solutioncontentProductId')]",
        "icon": "<img src=\"https://raw.githubusercontent.com/Azure/Azure-Sentinel/master/Workbooks/Images/Logos/Azure_Sentinel.svg\"width=\"75px\"height=\"75px\">",
        "contentId": "[variables('_solutionId')]",
        "parentId": "[variables('_solutionId')]",
        "source": {
          "kind": "Solution",
          "name": "AtlassianConfluenceAudit",
          "sourceId": "[variables('_solutionId')]"
        },
        "author": {
          "name": "Microsoft",
          "email": "[variables('_email')]"
        },
        "support": {
          "name": "Microsoft Corporation",
          "email": "support@microsoft.com",
          "tier": "Microsoft",
          "link": "https://support.microsoft.com"
        },
        "dependencies": {
          "operator": "AND",
          "criteria": [
            {
              "kind": "DataConnector",
              "contentId": "[variables('_dataConnectorContentIdConnections1')]",
              "version": "[variables('dataConnectorCCPVersion')]"
            },
            {
              "kind": "Parser",
              "contentId": "[variables('parserObject1').parserContentId1]",
              "version": "[variables('parserObject1').parserVersion1]"
            }
          ]
        },
        "firstPublishDate": "2022-01-24",
        "providers": [
          "Atlassian"
        ],
        "categories": {
          "domains": [
            "IT Operations",
            "Application"
          ]
        }
      },
      "name": "[concat(parameters('workspace'),'/Microsoft.SecurityInsights/', variables('_solutionId'))]"
    }
  ],
  "outputs": {}
}
