{
  "version": "2.0",
  "functionTimeout": "00:10:00",
  "logging": {
    "applicationInsights": {
      "samplingSettings": {
        "isEnabled": true,
        "excludedTypes": "Request"
      }
    }
  },
  "extensionBundle": {
    "id": "Microsoft.Azure.Functions.ExtensionBundle",
    "version": "[3.*, 4.0.0)"
  },
  "managedDependency": {
    "enabled": true
  },  
  {
  "powershellWorker":{
    "description":"PowerShell 7",
    "name":"PowerShell 7",
    "path":"pwsh",
    "arguments":[]
  }}
}
