{
  "$schema": "https://schema.management.azure.com/schemas/2019-04-01/deploymentTemplate.json#",
  "contentVersion": "1.0.0.0",
  "metadata": {
    "author": "Microsoft - support@microsoft.com",
    "comments": "Solution template for ZoomReports"
  },
  "parameters": {
    "location": {
      "type": "string",
      "minLength": 1,
      "defaultValue": "[resourceGroup().location]",
      "metadata": {
        "description": "Not used, but needed to pass arm-ttk test `Location-Should-Not-Be-Hardcoded`.  We instead use the `workspace-location` which is derived from the LA workspace"
      }
    },
    "workspace-location": {
      "type": "string",
      "defaultValue": "",
      "metadata": {
        "description": "[concat('Region to deploy solution resources -- separate from location selection',parameters('location'))]"
      }
    },
    "workspace": {
      "defaultValue": "",
      "type": "string",
      "metadata": {
        "description": "Workspace name for Log Analytics where Microsoft Sentinel is setup"
      }
    },
    "workbook1-name": {
      "type": "string",
      "defaultValue": "Zoom Reports",
      "minLength": 1,
      "metadata": {
        "description": "Name for the workbook"
      }
    }
  },
  "variables": {
    "email": "support@microsoft.com",
    "_email": "[variables('email')]",
    "_solutionName": "ZoomReports",
    "_solutionVersion": "3.0.1",
    "solutionId": "azuresentinel.azure-sentinel-solution-zoomreports",
    "_solutionId": "[variables('solutionId')]",
    "uiConfigId1": "Zoom",
    "_uiConfigId1": "[variables('uiConfigId1')]",
    "dataConnectorContentId1": "Zoom",
    "_dataConnectorContentId1": "[variables('dataConnectorContentId1')]",
    "dataConnectorId1": "[extensionResourceId(resourceId('Microsoft.OperationalInsights/workspaces', parameters('workspace')), 'Microsoft.SecurityInsights/dataConnectors', variables('_dataConnectorContentId1'))]",
    "_dataConnectorId1": "[variables('dataConnectorId1')]",
    "dataConnectorTemplateSpecName1": "[concat(parameters('workspace'),'/Microsoft.SecurityInsights/',concat(parameters('workspace'),'-dc-',uniquestring(variables('_dataConnectorContentId1'))))]",
    "dataConnectorVersion1": "1.0.0",
    "_dataConnectorcontentProductId1": "[concat(take(variables('_solutionId'),50),'-','dc','-', uniqueString(concat(variables('_solutionId'),'-','DataConnector','-',variables('_dataConnectorContentId1'),'-', variables('dataConnectorVersion1'))))]",
    "parserObject1": {
      "_parserName1": "[concat(parameters('workspace'),'/','Zoom')]",
      "_parserId1": "[resourceId('Microsoft.OperationalInsights/workspaces/savedSearches', parameters('workspace'), 'Zoom')]",
      "parserTemplateSpecName1": "[concat(parameters('workspace'),'/Microsoft.SecurityInsights/',concat(parameters('workspace'),'-pr-',uniquestring('Zoom-Parser')))]",
      "parserVersion1": "1.0.0",
      "parserContentId1": "Zoom-Parser"
    },
    "workbookVersion1": "1.0.0",
    "workbookContentId1": "ZoomReports",
    "workbookId1": "[resourceId('Microsoft.Insights/workbooks', variables('workbookContentId1'))]",
    "workbookTemplateSpecName1": "[concat(parameters('workspace'),'/Microsoft.SecurityInsights/',concat(parameters('workspace'),'-wb-',uniquestring(variables('_workbookContentId1'))))]",
    "_workbookContentId1": "[variables('workbookContentId1')]",
    "workspaceResourceId": "[resourceId('microsoft.OperationalInsights/Workspaces', parameters('workspace'))]",
    "_workbookcontentProductId1": "[concat(take(variables('_solutionId'),50),'-','wb','-', uniqueString(concat(variables('_solutionId'),'-','Workbook','-',variables('_workbookContentId1'),'-', variables('workbookVersion1'))))]",
    "_solutioncontentProductId": "[concat(take(variables('_solutionId'),50),'-','sl','-', uniqueString(concat(variables('_solutionId'),'-','Solution','-',variables('_solutionId'),'-', variables('_solutionVersion'))))]"
  },
  "resources": [
    {
      "type": "Microsoft.OperationalInsights/workspaces/providers/contentTemplates",
      "apiVersion": "2023-04-01-preview",
      "name": "[variables('dataConnectorTemplateSpecName1')]",
      "location": "[parameters('workspace-location')]",
      "dependsOn": [
        "[extensionResourceId(resourceId('Microsoft.OperationalInsights/workspaces', parameters('workspace')), 'Microsoft.SecurityInsights/contentPackages', variables('_solutionId'))]"
      ],
      "properties": {
        "description": "ZoomReports data connector with template version 3.0.1",
        "mainTemplate": {
          "$schema": "https://schema.management.azure.com/schemas/2019-04-01/deploymentTemplate.json#",
          "contentVersion": "[variables('dataConnectorVersion1')]",
          "parameters": {},
          "variables": {},
          "resources": [
            {
              "name": "[concat(parameters('workspace'),'/Microsoft.SecurityInsights/',variables('_dataConnectorContentId1'))]",
              "apiVersion": "2021-03-01-preview",
              "type": "Microsoft.OperationalInsights/workspaces/providers/dataConnectors",
              "location": "[parameters('workspace-location')]",
              "kind": "GenericUI",
              "properties": {
                "connectorUiConfig": {
                  "id": "[variables('_uiConfigId1')]",
                  "title": "Zoom Reports (using Azure Functions)",
                  "publisher": "Zoom",
                  "descriptionMarkdown": "The [Zoom](https://zoom.us/) Reports data connector provides the capability to ingest [Zoom Reports](https://developers.zoom.us/docs/api/rest/reference/zoom-api/methods/#tag/Reports) events into Microsoft Sentinel through the REST API. Refer to [API documentation](https://developers.zoom.us/docs/api/) for more information. The connector provides ability to get events which helps to examine potential security risks, analyze your team's use of collaboration, diagnose configuration problems and more.",
                  "additionalRequirementBanner": "These queries and workbooks are dependent on a parser based on Kusto to work as expected. Follow the steps to use this Kusto functions alias **Zoom** in queries and workbooks [Follow steps to get this Kusto functions>](https://aka.ms/sentinel-ZoomAPI-parser).",
                  "graphQueries": [
                    {
                      "metricName": "Total data received",
                      "legend": "Zoom_CL",
                      "baseQuery": "Zoom_CL"
                    }
                  ],
                  "sampleQueries": [
                    {
                      "description": "Zoom Events - All Activities.",
                      "query": "Zoom_CL\n | sort by TimeGenerated desc"
                    }
                  ],
                  "dataTypes": [
                    {
                      "name": "Zoom_CL",
                      "lastDataReceivedQuery": "Zoom_CL\n            | summarize Time = max(TimeGenerated)\n            | where isnotempty(Time)"
                    }
                  ],
                  "connectivityCriterias": [
                    {
                      "type": "IsConnectedQuery",
                      "value": [
                        "Zoom_CL\n            | summarize LastLogReceived = max(TimeGenerated)\n            | project IsConnected = LastLogReceived > ago(7d)"
                      ]
                    }
                  ],
                  "availability": {
                    "status": 1,
                    "isPreview": false
                  },
                  "permissions": {
                    "resourceProvider": [
                      {
                        "provider": "Microsoft.OperationalInsights/workspaces",
                        "permissionsDisplayText": "read and write permissions on the workspace are required.",
                        "providerDisplayName": "Workspace",
                        "scope": "Workspace",
                        "requiredPermissions": {
                          "write": true,
                          "read": true,
                          "delete": true
                        }
                      },
                      {
                        "provider": "Microsoft.OperationalInsights/workspaces/sharedKeys",
                        "permissionsDisplayText": "read permissions to shared keys for the workspace are required. [See the documentation to learn more about workspace keys](https://docs.microsoft.com/azure/azure-monitor/platform/agent-windows#obtain-workspace-id-and-key).",
                        "providerDisplayName": "Keys",
                        "scope": "Workspace",
                        "requiredPermissions": {
                          "action": true
                        }
                      }
                    ],
                    "customs": [
                      {
                        "name": "Microsoft.Web/sites permissions",
                        "description": "Read and write permissions to Azure Functions to create a Function App is required. [See the documentation to learn more about Azure Functions](https://docs.microsoft.com/azure/azure-functions/)."
                      },
                      {
                        "name": "REST API Credentials/permissions",
                        "description": "**AccountID**, **ClientID** and **ClientSecret** are required for Zoom API. [See the documentation to learn more about Zoom API](https://developers.zoom.us/docs/internal-apps/create/). [Follow the instructions for Zoom API configurations](https://aka.ms/sentinel-zoomreports-readme)."
                      }
                    ]
                  },
                  "instructionSteps": [
                    {
                      "description": ">**NOTE:** This connector uses Azure Functions to connect to the Zoom API to pull its logs into Microsoft Sentinel. This might result in additional data ingestion costs. Check the [Azure Functions pricing page](https://azure.microsoft.com/pricing/details/functions/) for details."
                    },
                    {
                      "description": ">**(Optional Step)** Securely store workspace and API authorization key(s) or token(s) in Azure Key Vault. Azure Key Vault provides a secure mechanism to store and retrieve key values. [Follow these instructions](https://docs.microsoft.com/azure/app-service/app-service-key-vault-references) to use Azure Key Vault with an Azure Function App."
                    },
                    {
                      "description": "**NOTE:** This data connector depends on a parser based on a Kusto Function to work as expected which is deployed as part of the solution. To view the function code in Log Analytics, open Log Analytics/Microsoft Sentinel Logs blade, click Functions and search for the alias Zoom and load the function code or click [here](https://github.com/Azure/Azure-Sentinel/blob/master/Solutions/ZoomReports/Parsers/Zoom.yaml). The function usually takes 10-15 minutes to activate after solution installation/update."
                    },
                    {
                      "description": "**STEP 1 - Configuration steps for the Zoom API**\n\n [Follow the instructions](https://developers.zoom.us/docs/internal-apps/create/) to obtain the credentials. \n"
                    },
                    {
                      "description": "**STEP 2 - Choose ONE from the following two deployment options to deploy the connector and the associated Azure Function**\n\n>**IMPORTANT:** Before deploying the Zoom Reports data connector, have the Workspace ID and Workspace Primary Key (can be copied from the following).",
                      "instructions": [
                        {
                          "parameters": {
                            "fillWith": [
                              "WorkspaceId"
                            ],
                            "label": "Workspace ID"
                          },
                          "type": "CopyableLabel"
                        },
                        {
                          "parameters": {
                            "fillWith": [
                              "PrimaryKey"
                            ],
                            "label": "Primary Key"
                          },
                          "type": "CopyableLabel"
                        }
                      ]
                    },
                    {
                      "instructions": [
                        {
                          "parameters": {
                            "instructionSteps": [
                              {
                                "title": "Option 1 - Azure Resource Manager (ARM) Template",
                                "description": "Use this method for automated deployment of the Zoom Audit data connector using an ARM Tempate.\n\n1. Click the **Deploy to Azure** button below. \n\n\t[![Deploy To Azure](https://aka.ms/deploytoazurebutton)](https://aka.ms/sentinel-ZoomAPI-azuredeployV2)\n2. Select the preferred **Subscription**, **Resource Group** and **Region**. \n> **NOTE:** Within the same resource group, you can't mix Windows and Linux apps in the same region. Select existing resource group without Windows apps in it or create new resource group.\n3. Enter the **AccountID**, **ClientID**, **ClientSecret**, **WorkspaceID**, **WorkspaceKey**, **Function Name**  and click Review + create. \n4. Finally click **Create** to deploy."
                              },
                              {
                                "title": "Option 2 - Manual Deployment of Azure Functions",
                                "description": "Use the following step-by-step instructions to deploy the Zoom Reports data connector manually with Azure Functions (Deployment via Visual Studio Code).",
                                "instructions": [
                                  {
                                    "parameters": {
                                      "instructionSteps": [
                                        {
                                          "title": "Step 1 - Deploy a Function App",
                                          "description": "**NOTE:** You will need to [prepare VS code](https://docs.microsoft.com/azure/azure-functions/functions-create-first-function-python#prerequisites) for Azure function development.\n\n1. Download the [Azure Function App](https://aka.ms/sentinel-ZoomAPI-functionapp) file. Extract archive to your local development computer.\n2. Start VS Code. Choose File in the main menu and select Open Folder.\n3. Select the top level folder from extracted files.\n4. Choose the Azure icon in the Activity bar, then in the **Azure: Functions** area, choose the **Deploy to function app** button.\nIf you aren't already signed in, choose the Azure icon in the Activity bar, then in the **Azure: Functions** area, choose **Sign in to Azure**\nIf you're already signed in, go to the next step.\n5. Provide the following information at the prompts:\n\n\ta. **Select folder:** Choose a folder from your workspace or browse to one that contains your function app.\n\n\tb. **Select Subscription:** Choose the subscription to use.\n\n\tc. Select **Create new Function App in Azure** (Don't choose the Advanced option)\n\n\td. **Enter a globally unique name for the function app:** Type a name that is valid in a URL path. The name you type is validated to make sure that it's unique in Azure Functions. (e.g. ZoomXXXXX).\n\n\te. **Select a runtime:** Choose Python 3.8.\n\n\tf. Select a location for new resources. For better performance and lower costs choose the same [region](https://azure.microsoft.com/regions/) where Microsoft Sentinel is located.\n\n6. Deployment will begin. A notification is displayed after your function app is created and the deployment package is applied.\n7. Go to Azure Portal for the Function App configuration"
                                        },
                                        {
                                          "title": "Step 2 - Configure the Function App",
                                          "description": "1. In the Function App, select the Function App Name and select **Configuration**.\n2. In the **Application settings** tab, select ** New application setting**.\n3. Add each of the following application settings individually, with their respective string values (case-sensitive): \n\t\tAccountID\n\t\tClientID\n\t\tClientSecret\n\t\tWorkspaceID\n\t\tWorkspaceKey\n\t\tlogAnalyticsUri (optional)\n  Use logAnalyticsUri to override the log analytics API endpoint for dedicated cloud. For example, for public cloud, leave the value empty; for Azure GovUS cloud environment, specify the value in the following format: `https://<CustomerId>.ods.opinsights.azure.us`.\n4. Once all application settings have been entered, click **Save**."
                                        }
                                      ]
                                    },
                                    "type": "InstructionStepsGroup"
                                  }
                                ]
                              }
                            ]
                          },
                          "type": "InstructionStepsGroup"
                        }
                      ]
                    }
                  ]
                }
              }
            },
            {
              "type": "Microsoft.OperationalInsights/workspaces/providers/metadata",
              "apiVersion": "2023-04-01-preview",
              "name": "[concat(parameters('workspace'),'/Microsoft.SecurityInsights/',concat('DataConnector-', last(split(variables('_dataConnectorId1'),'/'))))]",
              "properties": {
                "parentId": "[extensionResourceId(resourceId('Microsoft.OperationalInsights/workspaces', parameters('workspace')), 'Microsoft.SecurityInsights/dataConnectors', variables('_dataConnectorContentId1'))]",
                "contentId": "[variables('_dataConnectorContentId1')]",
                "kind": "DataConnector",
                "version": "[variables('dataConnectorVersion1')]",
                "source": {
                  "kind": "Solution",
                  "name": "ZoomReports",
                  "sourceId": "[variables('_solutionId')]"
                },
                "author": {
                  "name": "Microsoft",
                  "email": "[variables('_email')]"
                },
                "support": {
                  "tier": "Microsoft",
                  "name": "Microsoft Corporation",
                  "email": "support@microsoft.com",
                  "link": "https://support.microsoft.com/"
                }
              }
            }
          ]
        },
        "packageKind": "Solution",
        "packageVersion": "[variables('_solutionVersion')]",
        "packageName": "[variables('_solutionName')]",
        "packageId": "[variables('_solutionId')]",
        "contentSchemaVersion": "3.0.0",
        "contentId": "[variables('_dataConnectorContentId1')]",
        "contentKind": "DataConnector",
        "displayName": "Zoom Reports (using Azure Functions)",
        "contentProductId": "[variables('_dataConnectorcontentProductId1')]",
        "id": "[variables('_dataConnectorcontentProductId1')]",
        "version": "[variables('dataConnectorVersion1')]"
      }
    },
    {
      "type": "Microsoft.OperationalInsights/workspaces/providers/metadata",
      "apiVersion": "2023-04-01-preview",
      "name": "[concat(parameters('workspace'),'/Microsoft.SecurityInsights/',concat('DataConnector-', last(split(variables('_dataConnectorId1'),'/'))))]",
      "dependsOn": [
        "[variables('_dataConnectorId1')]"
      ],
      "location": "[parameters('workspace-location')]",
      "properties": {
        "parentId": "[extensionResourceId(resourceId('Microsoft.OperationalInsights/workspaces', parameters('workspace')), 'Microsoft.SecurityInsights/dataConnectors', variables('_dataConnectorContentId1'))]",
        "contentId": "[variables('_dataConnectorContentId1')]",
        "kind": "DataConnector",
        "version": "[variables('dataConnectorVersion1')]",
        "source": {
          "kind": "Solution",
          "name": "ZoomReports",
          "sourceId": "[variables('_solutionId')]"
        },
        "author": {
          "name": "Microsoft",
          "email": "[variables('_email')]"
        },
        "support": {
          "tier": "Microsoft",
          "name": "Microsoft Corporation",
          "email": "support@microsoft.com",
          "link": "https://support.microsoft.com/"
        }
      }
    },
    {
      "name": "[concat(parameters('workspace'),'/Microsoft.SecurityInsights/',variables('_dataConnectorContentId1'))]",
      "apiVersion": "2021-03-01-preview",
      "type": "Microsoft.OperationalInsights/workspaces/providers/dataConnectors",
      "location": "[parameters('workspace-location')]",
      "kind": "GenericUI",
      "properties": {
        "connectorUiConfig": {
          "title": "Zoom Reports (using Azure Functions)",
          "publisher": "Zoom",
          "descriptionMarkdown": "The [Zoom](https://zoom.us/) Reports data connector provides the capability to ingest [Zoom Reports](https://developers.zoom.us/docs/api/rest/reference/zoom-api/methods/#tag/Reports) events into Microsoft Sentinel through the REST API. Refer to [API documentation](https://developers.zoom.us/docs/api/) for more information. The connector provides ability to get events which helps to examine potential security risks, analyze your team's use of collaboration, diagnose configuration problems and more.",
          "graphQueries": [
            {
              "metricName": "Total data received",
              "legend": "Zoom_CL",
              "baseQuery": "Zoom_CL"
            }
          ],
          "dataTypes": [
            {
              "name": "Zoom_CL",
              "lastDataReceivedQuery": "Zoom_CL\n            | summarize Time = max(TimeGenerated)\n            | where isnotempty(Time)"
            }
          ],
          "connectivityCriterias": [
            {
              "type": "IsConnectedQuery",
              "value": [
                "Zoom_CL\n            | summarize LastLogReceived = max(TimeGenerated)\n            | project IsConnected = LastLogReceived > ago(7d)"
              ]
            }
          ],
          "sampleQueries": [
            {
              "description": "Zoom Events - All Activities.",
              "query": "Zoom_CL\n | sort by TimeGenerated desc"
            }
          ],
          "availability": {
            "status": 1,
            "isPreview": false
          },
          "permissions": {
            "resourceProvider": [
              {
                "provider": "Microsoft.OperationalInsights/workspaces",
                "permissionsDisplayText": "read and write permissions on the workspace are required.",
                "providerDisplayName": "Workspace",
                "scope": "Workspace",
                "requiredPermissions": {
                  "write": true,
                  "read": true,
                  "delete": true
                }
              },
              {
                "provider": "Microsoft.OperationalInsights/workspaces/sharedKeys",
                "permissionsDisplayText": "read permissions to shared keys for the workspace are required. [See the documentation to learn more about workspace keys](https://docs.microsoft.com/azure/azure-monitor/platform/agent-windows#obtain-workspace-id-and-key).",
                "providerDisplayName": "Keys",
                "scope": "Workspace",
                "requiredPermissions": {
                  "action": true
                }
              }
            ],
            "customs": [
              {
                "name": "Microsoft.Web/sites permissions",
                "description": "Read and write permissions to Azure Functions to create a Function App is required. [See the documentation to learn more about Azure Functions](https://docs.microsoft.com/azure/azure-functions/)."
              },
              {
                "name": "REST API Credentials/permissions",
                "description": "**AccountID**, **ClientID** and **ClientSecret** are required for Zoom API. [See the documentation to learn more about Zoom API](https://developers.zoom.us/docs/internal-apps/create/). [Follow the instructions for Zoom API configurations](https://aka.ms/sentinel-zoomreports-readme)."
              }
            ]
          },
          "instructionSteps": [
            {
              "description": ">**NOTE:** This connector uses Azure Functions to connect to the Zoom API to pull its logs into Microsoft Sentinel. This might result in additional data ingestion costs. Check the [Azure Functions pricing page](https://azure.microsoft.com/pricing/details/functions/) for details."
            },
            {
              "description": ">**(Optional Step)** Securely store workspace and API authorization key(s) or token(s) in Azure Key Vault. Azure Key Vault provides a secure mechanism to store and retrieve key values. [Follow these instructions](https://docs.microsoft.com/azure/app-service/app-service-key-vault-references) to use Azure Key Vault with an Azure Function App."
            },
            {
              "description": "**NOTE:** This data connector depends on a parser based on a Kusto Function to work as expected which is deployed as part of the solution. To view the function code in Log Analytics, open Log Analytics/Microsoft Sentinel Logs blade, click Functions and search for the alias Zoom and load the function code or click [here](https://github.com/Azure/Azure-Sentinel/blob/master/Solutions/ZoomReports/Parsers/Zoom.yaml). The function usually takes 10-15 minutes to activate after solution installation/update."
            },
            {
              "description": "**STEP 1 - Configuration steps for the Zoom API**\n\n [Follow the instructions](https://developers.zoom.us/docs/internal-apps/create/) to obtain the credentials. \n"
            },
            {
              "description": "**STEP 2 - Choose ONE from the following two deployment options to deploy the connector and the associated Azure Function**\n\n>**IMPORTANT:** Before deploying the Zoom Reports data connector, have the Workspace ID and Workspace Primary Key (can be copied from the following).",
              "instructions": [
                {
                  "parameters": {
                    "fillWith": [
                      "WorkspaceId"
                    ],
                    "label": "Workspace ID"
                  },
                  "type": "CopyableLabel"
                },
                {
                  "parameters": {
                    "fillWith": [
                      "PrimaryKey"
                    ],
                    "label": "Primary Key"
                  },
                  "type": "CopyableLabel"
                }
              ]
            },
            {
              "instructions": [
                {
                  "parameters": {
                    "instructionSteps": [
                      {
                        "title": "Option 1 - Azure Resource Manager (ARM) Template",
                        "description": "Use this method for automated deployment of the Zoom Audit data connector using an ARM Tempate.\n\n1. Click the **Deploy to Azure** button below. \n\n\t[![Deploy To Azure](https://aka.ms/deploytoazurebutton)](https://aka.ms/sentinel-ZoomAPI-azuredeployV2)\n2. Select the preferred **Subscription**, **Resource Group** and **Region**. \n> **NOTE:** Within the same resource group, you can't mix Windows and Linux apps in the same region. Select existing resource group without Windows apps in it or create new resource group.\n3. Enter the **AccountID**, **ClientID**, **ClientSecret**, **WorkspaceID**, **WorkspaceKey**, **Function Name**  and click Review + create. \n4. Finally click **Create** to deploy."
                      },
                      {
                        "title": "Option 2 - Manual Deployment of Azure Functions",
                        "description": "Use the following step-by-step instructions to deploy the Zoom Reports data connector manually with Azure Functions (Deployment via Visual Studio Code).",
                        "instructions": [
                          {
                            "parameters": {
                              "instructionSteps": [
                                {
                                  "title": "Step 1 - Deploy a Function App",
                                  "description": "**NOTE:** You will need to [prepare VS code](https://docs.microsoft.com/azure/azure-functions/functions-create-first-function-python#prerequisites) for Azure function development.\n\n1. Download the [Azure Function App](https://aka.ms/sentinel-ZoomAPI-functionapp) file. Extract archive to your local development computer.\n2. Start VS Code. Choose File in the main menu and select Open Folder.\n3. Select the top level folder from extracted files.\n4. Choose the Azure icon in the Activity bar, then in the **Azure: Functions** area, choose the **Deploy to function app** button.\nIf you aren't already signed in, choose the Azure icon in the Activity bar, then in the **Azure: Functions** area, choose **Sign in to Azure**\nIf you're already signed in, go to the next step.\n5. Provide the following information at the prompts:\n\n\ta. **Select folder:** Choose a folder from your workspace or browse to one that contains your function app.\n\n\tb. **Select Subscription:** Choose the subscription to use.\n\n\tc. Select **Create new Function App in Azure** (Don't choose the Advanced option)\n\n\td. **Enter a globally unique name for the function app:** Type a name that is valid in a URL path. The name you type is validated to make sure that it's unique in Azure Functions. (e.g. ZoomXXXXX).\n\n\te. **Select a runtime:** Choose Python 3.8.\n\n\tf. Select a location for new resources. For better performance and lower costs choose the same [region](https://azure.microsoft.com/regions/) where Microsoft Sentinel is located.\n\n6. Deployment will begin. A notification is displayed after your function app is created and the deployment package is applied.\n7. Go to Azure Portal for the Function App configuration"
                                },
                                {
                                  "title": "Step 2 - Configure the Function App",
                                  "description": "1. In the Function App, select the Function App Name and select **Configuration**.\n2. In the **Application settings** tab, select ** New application setting**.\n3. Add each of the following application settings individually, with their respective string values (case-sensitive): \n\t\tAccountID\n\t\tClientID\n\t\tClientSecret\n\t\tWorkspaceID\n\t\tWorkspaceKey\n\t\tlogAnalyticsUri (optional)\n  Use logAnalyticsUri to override the log analytics API endpoint for dedicated cloud. For example, for public cloud, leave the value empty; for Azure GovUS cloud environment, specify the value in the following format: `https://<CustomerId>.ods.opinsights.azure.us`.\n4. Once all application settings have been entered, click **Save**."
                                }
                              ]
                            },
                            "type": "InstructionStepsGroup"
                          }
                        ]
                      }
                    ]
                  },
                  "type": "InstructionStepsGroup"
                }
              ]
            }
          ],
          "id": "[variables('_uiConfigId1')]",
          "additionalRequirementBanner": "These queries and workbooks are dependent on a parser based on Kusto to work as expected. Follow the steps to use this Kusto functions alias **Zoom** in queries and workbooks [Follow steps to get this Kusto functions>](https://aka.ms/sentinel-ZoomAPI-parser)."
        }
      }
    },
    {
      "type": "Microsoft.OperationalInsights/workspaces/providers/contentTemplates",
      "apiVersion": "2023-04-01-preview",
      "name": "[variables('parserObject1').parserTemplateSpecName1]",
      "location": "[parameters('workspace-location')]",
      "dependsOn": [
        "[extensionResourceId(resourceId('Microsoft.OperationalInsights/workspaces', parameters('workspace')), 'Microsoft.SecurityInsights/contentPackages', variables('_solutionId'))]"
      ],
      "properties": {
        "description": "Zoom Data Parser with template version 3.0.1",
        "mainTemplate": {
          "$schema": "https://schema.management.azure.com/schemas/2019-04-01/deploymentTemplate.json#",
          "contentVersion": "[variables('parserObject1').parserVersion1]",
          "parameters": {},
          "variables": {},
          "resources": [
            {
              "name": "[variables('parserObject1')._parserName1]",
              "apiVersion": "2022-10-01",
              "type": "Microsoft.OperationalInsights/workspaces/savedSearches",
              "location": "[parameters('workspace-location')]",
              "properties": {
                "eTag": "*",
                "displayName": "Zoom",
                "category": "Microsoft Sentinel Parser",
                "functionAlias": "Zoom",
                "query": "let Zoom_dates_report_view = view () {\n    Zoom_CL \n    | where event_type_s == \"dates\"\n    | summarize arg_max(TimeGenerated, *) by date_s\n};\nlet Zoom_other_reports_view = view () {\n    Zoom_CL \n    | where event_type_s != \"dates\"\n};\nlet Zoom_all_reports_view = view () { \n    union isfuzzy=true Zoom_dates_report_view, Zoom_other_reports_view\n    | extend\n    \t\t\tDate=column_ifexists('date_s', ''),\n    \t\t\tEventDay=column_ifexists('date_s', ''),\n    \t\t\tNewUsersCount=column_ifexists('new_users_d', ''),\n    \t\t\tMeetingsCount=column_ifexists('meetings_d', ''),\n    \t\t\tParticipantsCount=column_ifexists('participants_d', ''),\n    \t\t\tMeetingMinutes=column_ifexists('meeting_minutes_d', ''),\n    \t\t\tEventType=column_ifexists('event_type_s', ''),\n    \t\t\tEventName=column_ifexists('event_name_s', ''),\n    \t\t\tEventMessage=column_ifexists('event_name_s', ''),\n    \t\t\tId=column_ifexists('id_s', ''),\n    \t\t\tUserIdentity=column_ifexists('id_s', ''),\n    \t\t\tEmail=column_ifexists('email_s', ''),\n    \t\t\tUserEmail=column_ifexists('email_s', ''),\n    \t\t\tUserName=column_ifexists('user_name_s', ''),\n    \t\t\tUserType=column_ifexists('type_d', ''),\n    \t\t\tDept=column_ifexists('dept_s', ''),\n    \t\t\tDepartment=column_ifexists('dept_s', ''),\n    \t\t\tLastClientVersion=column_ifexists('last_client_version_s', ''),\n    \t\t\tDvcModelNumber=column_ifexists('last_client_version_s', ''),\n    \t\t\tEventEndTime=column_ifexists('last_login_time_t', ''),\n    \t\t\tLastLoginTime=column_ifexists('last_login_time_t', ''),\n    \t\t\tCreateTime=column_ifexists('create_time_t', ''),\n    \t\t\tEventCreationTime=column_ifexists('create_time_t', ''),\n    \t\t\tUsage=column_ifexists('usage_s', ''),\n    \t\t\tPlanUsage=column_ifexists('plan_usage_s', ''),\n    \t\t\tFreeUsage=column_ifexists('free_usage_s', ''),\n    \t\t\tTime=column_ifexists('time_t', ''),\n    \t\t\tEventOriginalTime=column_ifexists('time_t', ''),\n    \t\t\tOperator=column_ifexists('operator_s', ''),\n    \t\t\tCategoryType=column_ifexists('category_type_s', ''),\n    \t\t\tAction=column_ifexists('action_s', ''),\n    \t\t\tEventOriginalMessage=column_ifexists('operation_detail_s', ''),\n    \t\t\tOperationDetail=column_ifexists('operation_detail_s', ''),\n    \t\t\tEventResult=column_ifexists('type_s', ''),\n    \t\t\tIpAddress=column_ifexists('ip_address_s', ''),\n    \t\t\tSrcIpAddr=column_ifexists('ip_address_s', ''),\n    \t\t\tClientType=column_ifexists('client_type_s', ''),\n    \t\t\tSrcDvcModelName=column_ifexists('client_type_s', ''),\n    \t\t\tSrcDvcModelNumber=column_ifexists('version_s', ''),\n    \t\t\tVersion=column_ifexists('version_s', ''),\n    \t\t\tEventVendor=\"Zoom\",\n                EventProduct=\"Zoom Reports\"\n    | project\n                TimeGenerated, \n                EventVendor,\n                EventProduct,\n                Date,\n    \t\t\tEventDay,\n    \t\t\tNewUsersCount,\n    \t\t\tMeetingsCount,\n    \t\t\tParticipantsCount,\n    \t\t\tMeetingMinutes,\n    \t\t\tEventType,\n    \t\t\tEventName,\n    \t\t\tEventMessage,\n    \t\t\tId,\n    \t\t\tUserIdentity,\n    \t\t\tEmail,\n    \t\t\tUserEmail,\n    \t\t\tUserName,\n    \t\t\tUserType,\n    \t\t\tDept,\n    \t\t\tDepartment,\n    \t\t\tLastClientVersion,\n    \t\t\tDvcModelNumber,\n    \t\t\tEventEndTime,\n    \t\t\tLastLoginTime,\n    \t\t\tCreateTime,\n    \t\t\tEventCreationTime,\n    \t\t\tUsage,\n    \t\t\tPlanUsage,\n    \t\t\tFreeUsage,\n    \t\t\tTime,\n    \t\t\tEventOriginalTime,\n    \t\t\tOperator,\n    \t\t\tCategoryType,\n    \t\t\tAction,\n    \t\t\tEventOriginalMessage,\n    \t\t\tOperationDetail,\n    \t\t\tEventResult,\n    \t\t\tIpAddress,\n    \t\t\tSrcIpAddr,\n    \t\t\tClientType,\n    \t\t\tSrcDvcModelName,\n    \t\t\tSrcDvcModelNumber,\n    \t\t\tVersion\n};\nZoom_all_reports_view\n",
                "functionParameters": "",
                "version": 2,
                "tags": [
                  {
                    "name": "description",
                    "value": ""
                  }
                ]
              }
            },
            {
              "type": "Microsoft.OperationalInsights/workspaces/providers/metadata",
              "apiVersion": "2022-01-01-preview",
              "name": "[concat(parameters('workspace'),'/Microsoft.SecurityInsights/',concat('Parser-', last(split(variables('parserObject1')._parserId1,'/'))))]",
              "dependsOn": [
                "[variables('parserObject1')._parserId1]"
              ],
              "properties": {
                "parentId": "[resourceId('Microsoft.OperationalInsights/workspaces/savedSearches', parameters('workspace'), 'Zoom')]",
                "contentId": "[variables('parserObject1').parserContentId1]",
                "kind": "Parser",
                "version": "[variables('parserObject1').parserVersion1]",
                "source": {
                  "name": "ZoomReports",
                  "kind": "Solution",
                  "sourceId": "[variables('_solutionId')]"
                },
                "author": {
                  "name": "Microsoft",
                  "email": "[variables('_email')]"
                },
                "support": {
                  "tier": "Microsoft",
                  "name": "Microsoft Corporation",
                  "email": "support@microsoft.com",
                  "link": "https://support.microsoft.com/"
                }
              }
            }
          ]
        },
        "packageKind": "Solution",
        "packageVersion": "[variables('_solutionVersion')]",
        "packageName": "[variables('_solutionName')]",
        "packageId": "[variables('_solutionId')]",
        "contentSchemaVersion": "3.0.0",
        "contentId": "[variables('parserObject1').parserContentId1]",
        "contentKind": "Parser",
        "displayName": "Zoom",
        "contentProductId": "[concat(take(variables('_solutionId'),50),'-','pr','-', uniqueString(concat(variables('_solutionId'),'-','Parser','-',variables('parserObject1').parserContentId1,'-', '1.0.0')))]",
        "id": "[concat(take(variables('_solutionId'),50),'-','pr','-', uniqueString(concat(variables('_solutionId'),'-','Parser','-',variables('parserObject1').parserContentId1,'-', '1.0.0')))]",
        "version": "[variables('parserObject1').parserVersion1]"
      }
    },
    {
      "type": "Microsoft.OperationalInsights/workspaces/savedSearches",
      "apiVersion": "2022-10-01",
      "name": "[variables('parserObject1')._parserName1]",
      "location": "[parameters('workspace-location')]",
      "properties": {
        "eTag": "*",
        "displayName": "Zoom",
        "category": "Microsoft Sentinel Parser",
        "functionAlias": "Zoom",
        "query": "let Zoom_dates_report_view = view () {\n    Zoom_CL \n    | where event_type_s == \"dates\"\n    | summarize arg_max(TimeGenerated, *) by date_s\n};\nlet Zoom_other_reports_view = view () {\n    Zoom_CL \n    | where event_type_s != \"dates\"\n};\nlet Zoom_all_reports_view = view () { \n    union isfuzzy=true Zoom_dates_report_view, Zoom_other_reports_view\n    | extend\n    \t\t\tDate=column_ifexists('date_s', ''),\n    \t\t\tEventDay=column_ifexists('date_s', ''),\n    \t\t\tNewUsersCount=column_ifexists('new_users_d', ''),\n    \t\t\tMeetingsCount=column_ifexists('meetings_d', ''),\n    \t\t\tParticipantsCount=column_ifexists('participants_d', ''),\n    \t\t\tMeetingMinutes=column_ifexists('meeting_minutes_d', ''),\n    \t\t\tEventType=column_ifexists('event_type_s', ''),\n    \t\t\tEventName=column_ifexists('event_name_s', ''),\n    \t\t\tEventMessage=column_ifexists('event_name_s', ''),\n    \t\t\tId=column_ifexists('id_s', ''),\n    \t\t\tUserIdentity=column_ifexists('id_s', ''),\n    \t\t\tEmail=column_ifexists('email_s', ''),\n    \t\t\tUserEmail=column_ifexists('email_s', ''),\n    \t\t\tUserName=column_ifexists('user_name_s', ''),\n    \t\t\tUserType=column_ifexists('type_d', ''),\n    \t\t\tDept=column_ifexists('dept_s', ''),\n    \t\t\tDepartment=column_ifexists('dept_s', ''),\n    \t\t\tLastClientVersion=column_ifexists('last_client_version_s', ''),\n    \t\t\tDvcModelNumber=column_ifexists('last_client_version_s', ''),\n    \t\t\tEventEndTime=column_ifexists('last_login_time_t', ''),\n    \t\t\tLastLoginTime=column_ifexists('last_login_time_t', ''),\n    \t\t\tCreateTime=column_ifexists('create_time_t', ''),\n    \t\t\tEventCreationTime=column_ifexists('create_time_t', ''),\n    \t\t\tUsage=column_ifexists('usage_s', ''),\n    \t\t\tPlanUsage=column_ifexists('plan_usage_s', ''),\n    \t\t\tFreeUsage=column_ifexists('free_usage_s', ''),\n    \t\t\tTime=column_ifexists('time_t', ''),\n    \t\t\tEventOriginalTime=column_ifexists('time_t', ''),\n    \t\t\tOperator=column_ifexists('operator_s', ''),\n    \t\t\tCategoryType=column_ifexists('category_type_s', ''),\n    \t\t\tAction=column_ifexists('action_s', ''),\n    \t\t\tEventOriginalMessage=column_ifexists('operation_detail_s', ''),\n    \t\t\tOperationDetail=column_ifexists('operation_detail_s', ''),\n    \t\t\tEventResult=column_ifexists('type_s', ''),\n    \t\t\tIpAddress=column_ifexists('ip_address_s', ''),\n    \t\t\tSrcIpAddr=column_ifexists('ip_address_s', ''),\n    \t\t\tClientType=column_ifexists('client_type_s', ''),\n    \t\t\tSrcDvcModelName=column_ifexists('client_type_s', ''),\n    \t\t\tSrcDvcModelNumber=column_ifexists('version_s', ''),\n    \t\t\tVersion=column_ifexists('version_s', ''),\n    \t\t\tEventVendor=\"Zoom\",\n                EventProduct=\"Zoom Reports\"\n    | project\n                TimeGenerated, \n                EventVendor,\n                EventProduct,\n                Date,\n    \t\t\tEventDay,\n    \t\t\tNewUsersCount,\n    \t\t\tMeetingsCount,\n    \t\t\tParticipantsCount,\n    \t\t\tMeetingMinutes,\n    \t\t\tEventType,\n    \t\t\tEventName,\n    \t\t\tEventMessage,\n    \t\t\tId,\n    \t\t\tUserIdentity,\n    \t\t\tEmail,\n    \t\t\tUserEmail,\n    \t\t\tUserName,\n    \t\t\tUserType,\n    \t\t\tDept,\n    \t\t\tDepartment,\n    \t\t\tLastClientVersion,\n    \t\t\tDvcModelNumber,\n    \t\t\tEventEndTime,\n    \t\t\tLastLoginTime,\n    \t\t\tCreateTime,\n    \t\t\tEventCreationTime,\n    \t\t\tUsage,\n    \t\t\tPlanUsage,\n    \t\t\tFreeUsage,\n    \t\t\tTime,\n    \t\t\tEventOriginalTime,\n    \t\t\tOperator,\n    \t\t\tCategoryType,\n    \t\t\tAction,\n    \t\t\tEventOriginalMessage,\n    \t\t\tOperationDetail,\n    \t\t\tEventResult,\n    \t\t\tIpAddress,\n    \t\t\tSrcIpAddr,\n    \t\t\tClientType,\n    \t\t\tSrcDvcModelName,\n    \t\t\tSrcDvcModelNumber,\n    \t\t\tVersion\n};\nZoom_all_reports_view\n",
        "functionParameters": "",
        "version": 2,
        "tags": [
          {
            "name": "description",
            "value": ""
          }
        ]
      }
    },
    {
      "type": "Microsoft.OperationalInsights/workspaces/providers/metadata",
      "apiVersion": "2022-01-01-preview",
      "location": "[parameters('workspace-location')]",
      "name": "[concat(parameters('workspace'),'/Microsoft.SecurityInsights/',concat('Parser-', last(split(variables('parserObject1')._parserId1,'/'))))]",
      "dependsOn": [
        "[variables('parserObject1')._parserId1]"
      ],
      "properties": {
        "parentId": "[resourceId('Microsoft.OperationalInsights/workspaces/savedSearches', parameters('workspace'), 'Zoom')]",
        "contentId": "[variables('parserObject1').parserContentId1]",
        "kind": "Parser",
        "version": "[variables('parserObject1').parserVersion1]",
        "source": {
          "kind": "Solution",
          "name": "ZoomReports",
          "sourceId": "[variables('_solutionId')]"
        },
        "author": {
          "name": "Microsoft",
          "email": "[variables('_email')]"
        },
        "support": {
          "tier": "Microsoft",
          "name": "Microsoft Corporation",
          "email": "support@microsoft.com",
          "link": "https://support.microsoft.com/"
        }
      }
    },
    {
      "type": "Microsoft.OperationalInsights/workspaces/providers/contentTemplates",
      "apiVersion": "2023-04-01-preview",
      "name": "[variables('workbookTemplateSpecName1')]",
      "location": "[parameters('workspace-location')]",
      "dependsOn": [
        "[extensionResourceId(resourceId('Microsoft.OperationalInsights/workspaces', parameters('workspace')), 'Microsoft.SecurityInsights/contentPackages', variables('_solutionId'))]"
      ],
      "properties": {
        "description": "ZoomReports Workbook with template version 3.0.1",
        "mainTemplate": {
          "$schema": "https://schema.management.azure.com/schemas/2019-04-01/deploymentTemplate.json#",
          "contentVersion": "[variables('workbookVersion1')]",
          "parameters": {},
          "variables": {},
          "resources": [
            {
              "type": "Microsoft.Insights/workbooks",
              "name": "[variables('workbookContentId1')]",
              "location": "[parameters('workspace-location')]",
              "kind": "shared",
              "apiVersion": "2021-08-01",
              "metadata": {
                "description": "Visualize various details & visuals on Zoom Report data ingested though the solution. This also have a dependency on the parser which is available as a part of Zoom solution named Zoom"
              },
              "properties": {
                "displayName": "[parameters('workbook1-name')]",
                "serializedData": "{\"version\":\"Notebook/1.0\",\"items\":[{\"type\":9,\"content\":{\"version\":\"KqlParameterItem/1.0\",\"parameters\":[{\"id\":\"ccd5adcd-8d59-4cfe-99ec-98075de2e253\",\"version\":\"KqlParameterItem/1.0\",\"name\":\"DefaultSubscription_Internal\",\"type\":1,\"isRequired\":true,\"query\":\"where type =~ 'microsoft.operationalinsights/workspaces'\\r\\n| take 1\\r\\n| project subscriptionId\",\"crossComponentResources\":[\"value::selected\"],\"isHiddenWhenLocked\":true,\"queryType\":1,\"resourceType\":\"microsoft.resourcegraph/resources\"},{\"id\":\"1ca69445-60fc-4806-b43d-ac7e6aad630a\",\"version\":\"KqlParameterItem/1.0\",\"name\":\"Subscription\",\"type\":6,\"query\":\"summarize by subscriptionId\\r\\n| project value = strcat(\\\"/subscriptions/\\\", subscriptionId), label = subscriptionId, selected = iff(subscriptionId =~ '{DefaultSubscription_Internal}', true, false)\\r\\n\",\"crossComponentResources\":[\"value::selected\"],\"typeSettings\":{\"showDefault\":false},\"queryType\":1,\"resourceType\":\"microsoft.resourcegraph/resources\",\"label\":\"☁️ Subscription\"},{\"id\":\"e94aafa3-c5d9-4523-89f0-4e87aa754511\",\"version\":\"KqlParameterItem/1.0\",\"name\":\"Workspace\",\"label\":\"🗂️ Workspace\",\"type\":5,\"isRequired\":true,\"query\":\"resources\\n| where type =~ 'microsoft.operationalinsights/workspaces' \\n//| where subscriptionId == '{Subscription:id}'\\n| project id\",\"crossComponentResources\":[\"{Subscription}\"],\"value\":\"\",\"typeSettings\":{\"resourceTypeFilter\":{\"microsoft.operationalinsights/workspaces\":true}},\"queryType\":1,\"resourceType\":\"microsoft.resourcegraph/resources\"},{\"id\":\"c4b69c01-2263-4ada-8d9c-43433b739ff3\",\"version\":\"KqlParameterItem/1.0\",\"name\":\"TimeRange\",\"type\":4,\"value\":{\"durationMs\":2592000000},\"typeSettings\":{\"selectableValues\":[{\"durationMs\":300000},{\"durationMs\":900000},{\"durationMs\":1800000},{\"durationMs\":3600000},{\"durationMs\":14400000},{\"durationMs\":43200000},{\"durationMs\":86400000},{\"durationMs\":172800000},{\"durationMs\":259200000},{\"durationMs\":604800000},{\"durationMs\":1209600000},{\"durationMs\":2419200000},{\"durationMs\":2592000000},{\"durationMs\":5184000000},{\"durationMs\":7776000000}],\"allowCustom\":true},\"label\":\"⏱️ Time Range\"},{\"id\":\"2234c106-c16e-426f-97eb-9e62931fb5d8\",\"version\":\"KqlParameterItem/1.0\",\"name\":\"Users\",\"type\":2,\"multiSelect\":true,\"quote\":\"'\",\"delimiter\":\",\",\"query\":\"Zoom\\r\\n| distinct Email\",\"typeSettings\":{\"additionalResourceOptions\":[\"value::all\"],\"showDefault\":false},\"timeContext\":{\"durationMs\":0},\"timeContextFromParameter\":\"TimeRange\",\"queryType\":0,\"resourceType\":\"microsoft.operationalinsights/workspaces\",\"value\":[\"value::all\"]},{\"id\":\"c71f3009-a3f4-4aa5-aaf0-d0f667100e56\",\"version\":\"KqlParameterItem/1.0\",\"name\":\"Help\",\"label\":\"📖 Help\",\"type\":10,\"description\":\"This will show some help information to help you understand the page you are on\",\"isRequired\":true,\"typeSettings\":{\"showDefault\":false},\"jsonData\":\"[\\r\\n { \\\"value\\\": \\\"Yes\\\", \\\"label\\\": \\\"Yes\\\"},\\r\\n { \\\"value\\\": \\\"No\\\", \\\"label\\\": \\\"No\\\", \\\"selected\\\":true },\\r\\n { \\\"value\\\": \\\"Change Log\\\", \\\"label\\\": \\\"Change Log\\\"}\\r\\n]\"}],\"style\":\"above\",\"queryType\":0,\"resourceType\":\"microsoft.operationalinsights/workspaces\"},\"name\":\"parameters - 1\"},{\"type\":1,\"content\":{\"json\":\"## Zoom Reports Workbook\\r\\n### Change Log\\r\\nUse this report to analyze the Zoom Reports logs ingested.\\r\\nThis Workbook also require a parser to be deployed.\\r\\n\\r\\n|Version|Description|\\r\\n|---|---|\\r\\n|v1.0|Initial Workbook Created| \\r\\n\\r\\n\"},\"conditionalVisibility\":{\"parameterName\":\"Help\",\"comparison\":\"isEqualTo\",\"value\":\"Change Log\"},\"name\":\"text - 0\"},{\"type\":1,\"content\":{\"json\":\"## Usage\\r\\n\\t- Please select your **Subscription** and **Workspace**\\r\\n\\t- Time Range: is the time you wish to query back to. i.e 7days from now, into the past.\"},\"conditionalVisibility\":{\"parameterName\":\"Help\",\"comparison\":\"isEqualTo\",\"value\":\"Yes\"},\"name\":\"text - 0 - Copy\"},{\"type\":3,\"content\":{\"version\":\"KqlItem/1.0\",\"query\":\"Zoom\\r\\n| where \\\"{Users:label}\\\" == \\\"All\\\" or Email in ({Users})\\r\\n| summarize count() by bin(TimeGenerated,{TimeRange:grain})\",\"size\":0,\"title\":\"Activity Over Time\",\"timeContextFromParameter\":\"TimeRange\",\"queryType\":0,\"resourceType\":\"microsoft.operationalinsights/workspaces\",\"visualization\":\"timechart\"},\"name\":\"query - 4 - Copy\"},{\"type\":3,\"content\":{\"version\":\"KqlItem/1.0\",\"query\":\"Zoom\\r\\n| where \\\"{Users:label}\\\" == \\\"All\\\" or Email in ({Users})\\r\\n| summarize count() by Department\",\"size\":4,\"title\":\"Across Department\",\"timeContextFromParameter\":\"TimeRange\",\"queryType\":0,\"resourceType\":\"microsoft.operationalinsights/workspaces\",\"visualization\":\"piechart\"},\"customWidth\":\"25\",\"name\":\"query - 4 - Copy - Copy\"},{\"type\":3,\"content\":{\"version\":\"KqlItem/1.0\",\"query\":\"Zoom\\r\\n| where \\\"{Users:label}\\\" == \\\"All\\\" or Email in ({Users})\\r\\n| summarize count() by LastClientVersion\",\"size\":4,\"title\":\"Last Client Version\",\"timeContextFromParameter\":\"TimeRange\",\"queryType\":0,\"resourceType\":\"microsoft.operationalinsights/workspaces\",\"visualization\":\"piechart\"},\"customWidth\":\"25\",\"name\":\"query - 4 - Copy - Copy - Copy\"},{\"type\":3,\"content\":{\"version\":\"KqlItem/1.0\",\"query\":\"Zoom\\r\\n| where \\\"{Users:label}\\\" == \\\"All\\\" or Email in ({Users})\\r\\n| summarize count() by EventType\\r\\n\",\"size\":4,\"title\":\"Event Types\",\"timeContextFromParameter\":\"TimeRange\",\"queryType\":0,\"resourceType\":\"microsoft.operationalinsights/workspaces\",\"visualization\":\"piechart\"},\"customWidth\":\"25\",\"name\":\"query - 4 - Copy - Copy - Copy - Copy\"},{\"type\":3,\"content\":{\"version\":\"KqlItem/1.0\",\"query\":\"Zoom\\r\\n| where \\\"{Users:label}\\\" == \\\"All\\\" or Email in ({Users})\\r\\n| summarize count() by EventName\\r\\n\",\"size\":4,\"title\":\"Event Names\",\"timeContextFromParameter\":\"TimeRange\",\"queryType\":0,\"resourceType\":\"microsoft.operationalinsights/workspaces\",\"visualization\":\"piechart\"},\"customWidth\":\"25\",\"name\":\"query - 4 - Copy - Copy - Copy - Copy - Copy\"},{\"type\":3,\"content\":{\"version\":\"KqlItem/1.0\",\"query\":\"Zoom\\r\\n| where \\\"{Users:label}\\\" == \\\"All\\\" or Email in ({Users})\\r\\n| summarize count() by Email\\r\\n\",\"size\":0,\"title\":\"Users\",\"timeContextFromParameter\":\"TimeRange\",\"queryType\":0,\"resourceType\":\"microsoft.operationalinsights/workspaces\",\"visualization\":\"categoricalbar\"},\"name\":\"query - 4 - Copy - Copy - Copy - Copy - Copy\"},{\"type\":3,\"content\":{\"version\":\"KqlItem/1.0\",\"query\":\"let trend_data = (Zoom \\r\\n| where \\\"{Users:label}\\\" == \\\"All\\\" or Email in ({Users})\\r\\n| make-series Trend = count() default = 0 on TimeGenerated in range({TimeRange:start}, {TimeRange:end}, {TimeRange:grain}) by Department);\\r\\nZoom\\r\\n| where \\\"{Users:label}\\\" == \\\"All\\\" or Email in ({Users})\\r\\n| summarize [\\\"Count\\\"] = count() by Department\\r\\n| join kind =inner\\r\\n(\\r\\ntrend_data\\r\\n) on $left.Department == $right.Department\\r\\n| project-away TimeGenerated,Department1\",\"size\":1,\"title\":\"Trend Across Department\",\"timeContextFromParameter\":\"TimeRange\",\"queryType\":0,\"resourceType\":\"microsoft.operationalinsights/workspaces\",\"gridSettings\":{\"formatters\":[{\"columnMatch\":\"Count\",\"formatter\":8,\"formatOptions\":{\"palette\":\"blue\"}},{\"columnMatch\":\"Trend\",\"formatter\":21,\"formatOptions\":{\"palette\":\"blue\"}}],\"filter\":true}},\"customWidth\":\"50\",\"name\":\"query - 4 - Copy - Copy - Copy\"},{\"type\":3,\"content\":{\"version\":\"KqlItem/1.0\",\"query\":\"let trend_data = (Zoom \\r\\n| where \\\"{Users:label}\\\" == \\\"All\\\" or Email in ({Users})\\r\\n| make-series Trend = count() default = 0 on TimeGenerated in range({TimeRange:start}, {TimeRange:end}, {TimeRange:grain}) by LastClientVersion);\\r\\nZoom\\r\\n| where \\\"{Users:label}\\\" == \\\"All\\\" or Email in ({Users})\\r\\n| summarize [\\\"Count\\\"] = count() by LastClientVersion\\r\\n| join kind =inner\\r\\n(\\r\\ntrend_data\\r\\n) on $left.LastClientVersion == $right.LastClientVersion\\r\\n| project-away TimeGenerated,LastClientVersion1\",\"size\":1,\"title\":\"LastClientVersion Trend\",\"timeContextFromParameter\":\"TimeRange\",\"queryType\":0,\"resourceType\":\"microsoft.operationalinsights/workspaces\",\"gridSettings\":{\"formatters\":[{\"columnMatch\":\"Count\",\"formatter\":8,\"formatOptions\":{\"palette\":\"blue\"}},{\"columnMatch\":\"Trend\",\"formatter\":21,\"formatOptions\":{\"palette\":\"blue\"}}],\"filter\":true}},\"customWidth\":\"50\",\"name\":\"query - 4 - Copy - Copy - Copy\"},{\"type\":3,\"content\":{\"version\":\"KqlItem/1.0\",\"query\":\"let trend_data = (Zoom \\r\\n| where \\\"{Users:label}\\\" == \\\"All\\\" or Email in ({Users})\\r\\n| make-series Trend = count() default = 0 on TimeGenerated in range({TimeRange:start}, {TimeRange:end}, {TimeRange:grain}) by EventType);\\r\\nZoom\\r\\n| where \\\"{Users:label}\\\" == \\\"All\\\" or Email in ({Users})\\r\\n| summarize [\\\"Count\\\"] = count() by EventType\\r\\n| join kind =inner\\r\\n(\\r\\ntrend_data\\r\\n) on $left.EventType == $right.EventType\\r\\n| project-away TimeGenerated,EventType1\",\"size\":1,\"title\":\"Event Type Trend\",\"timeContextFromParameter\":\"TimeRange\",\"queryType\":0,\"resourceType\":\"microsoft.operationalinsights/workspaces\",\"gridSettings\":{\"formatters\":[{\"columnMatch\":\"Count\",\"formatter\":8,\"formatOptions\":{\"palette\":\"blue\"}},{\"columnMatch\":\"Trend\",\"formatter\":21,\"formatOptions\":{\"palette\":\"blue\"}}],\"filter\":true}},\"customWidth\":\"50\",\"name\":\"query - 4 - Copy - Copy\"},{\"type\":3,\"content\":{\"version\":\"KqlItem/1.0\",\"query\":\"let trend_data = (Zoom \\r\\n| where \\\"{Users:label}\\\" == \\\"All\\\" or Email in ({Users})\\r\\n| make-series Trend = count() default = 0 on TimeGenerated in range({TimeRange:start}, {TimeRange:end}, {TimeRange:grain}) by EventName);\\r\\nZoom\\r\\n| where \\\"{Users:label}\\\" == \\\"All\\\" or Email in ({Users})\\r\\n| summarize [\\\"Count\\\"] = count() by EventName\\r\\n| join kind =inner\\r\\n(\\r\\ntrend_data\\r\\n) on $left.EventName == $right.EventName\\r\\n| project-away TimeGenerated,EventName1\",\"size\":1,\"title\":\"Event Name Trend\",\"timeContextFromParameter\":\"TimeRange\",\"queryType\":0,\"resourceType\":\"microsoft.operationalinsights/workspaces\",\"gridSettings\":{\"formatters\":[{\"columnMatch\":\"Count\",\"formatter\":8,\"formatOptions\":{\"palette\":\"blue\"}},{\"columnMatch\":\"Trend\",\"formatter\":10,\"formatOptions\":{\"palette\":\"blue\"}}],\"filter\":true}},\"customWidth\":\"50\",\"name\":\"query - 4 - Copy\"},{\"type\":3,\"content\":{\"version\":\"KqlItem/1.0\",\"query\":\"let trend_data = (Zoom \\r\\n| where \\\"{Users:label}\\\" == \\\"All\\\" or Email in ({Users})\\r\\n| make-series Trend = count() default = 0 on TimeGenerated in range({TimeRange:start}, {TimeRange:end}, {TimeRange:grain}) by Email);\\r\\nZoom\\r\\n| where \\\"{Users:label}\\\" == \\\"All\\\" or Email in ({Users})\\r\\n| summarize [\\\"Count\\\"] = count() by Email\\r\\n| join kind =inner\\r\\n(\\r\\ntrend_data\\r\\n) on $left.Email == $right.Email\\r\\n| project-away TimeGenerated,Email1\",\"size\":1,\"title\":\"Users Activity Trend\",\"timeContextFromParameter\":\"TimeRange\",\"queryType\":0,\"resourceType\":\"microsoft.operationalinsights/workspaces\",\"gridSettings\":{\"formatters\":[{\"columnMatch\":\"Count\",\"formatter\":8,\"formatOptions\":{\"palette\":\"blue\"}},{\"columnMatch\":\"Trend\",\"formatter\":9,\"formatOptions\":{\"palette\":\"blue\"}}],\"filter\":true}},\"customWidth\":\"50\",\"name\":\"query - 4 - Copy - Copy\"},{\"type\":3,\"content\":{\"version\":\"KqlItem/1.0\",\"query\":\"let ZoomWithOs = (Zoom\\r\\n| where \\\"{Users:label}\\\" == \\\"All\\\" or Email in ({Users})\\r\\n| extend OSType= case(LastClientVersion contains \\\"mac\\\",\\\"Mac\\\",\\r\\nLastClientVersion contains \\\"win\\\", \\\"Windows\\\",\\r\\nLastClientVersion contains \\\"linux\\\",\\\"Linux\\\",\\r\\n\\\"Unknown\\\"));\\r\\nlet trend_data = (ZoomWithOs | make-series Trend = count() default = 0 on TimeGenerated in range({TimeRange:start}, {TimeRange:end}, {TimeRange:grain}) by OSType);\\r\\nZoomWithOs\\r\\n| summarize [\\\"Count\\\"] = count() by OSType\\r\\n| join kind =inner\\r\\n(\\r\\ntrend_data\\r\\n) on $left.OSType == $right.OSType\\r\\n| project-away TimeGenerated,OSType1\",\"size\":1,\"title\":\"OS Type Trend\",\"timeContextFromParameter\":\"TimeRange\",\"queryType\":0,\"resourceType\":\"microsoft.operationalinsights/workspaces\",\"gridSettings\":{\"formatters\":[{\"columnMatch\":\"Count\",\"formatter\":8,\"formatOptions\":{\"palette\":\"blue\"}},{\"columnMatch\":\"Trend\",\"formatter\":9,\"formatOptions\":{\"palette\":\"blue\"}}],\"filter\":true}},\"customWidth\":\"50\",\"name\":\"query - 4 - Copy - Copy - Copy\"},{\"type\":3,\"content\":{\"version\":\"KqlItem/1.0\",\"query\":\"let ZoomWithOs = (Zoom\\r\\n| where \\\"{Users:label}\\\" == \\\"All\\\" or Email in ({Users})\\r\\n| extend OSType= case(LastClientVersion contains \\\"mac\\\",\\\"Mac\\\",\\r\\nLastClientVersion contains \\\"win\\\", \\\"Windows\\\",\\r\\nLastClientVersion contains \\\"linux\\\",\\\"Linux\\\",\\r\\n\\\"Unknown\\\"));\\r\\nlet trend_data = (ZoomWithOs | make-series Trend = count() default = 0 on TimeGenerated in range({TimeRange:start}, {TimeRange:end}, {TimeRange:grain}) by Email, EventType, OSType);\\r\\nZoomWithOs\\r\\n| summarize arg_max(LastLoginTime,*), [\\\"Activity Count\\\"] = count() by Email, EventType, OSType\\r\\n|join kind=inner\\r\\n(\\r\\ntrend_data\\r\\n) on $left.Email== $right.Email, $left.EventType== $right.EventType,$left.OSType== $right.OSType\\r\\n| project Email,EventType,OSType,[\\\"Activity Count\\\"], TimeGenerated, Trend\",\"size\":2,\"title\":\"Latest Activities & Trend for Users\",\"timeContextFromParameter\":\"TimeRange\",\"queryType\":0,\"resourceType\":\"microsoft.operationalinsights/workspaces\",\"gridSettings\":{\"formatters\":[{\"columnMatch\":\"Group\",\"formatter\":1},{\"columnMatch\":\"Activity Count\",\"formatter\":8,\"formatOptions\":{\"palette\":\"blue\"}},{\"columnMatch\":\"Trend\",\"formatter\":9,\"formatOptions\":{\"palette\":\"blue\"}}],\"filter\":true,\"hierarchySettings\":{\"treeType\":1,\"groupBy\":[\"Email\"],\"expandTopLevel\":true}}},\"name\":\"query - 4 - Copy - Copy - Copy\"}],\"fromTemplateId\":\"sentinel-ZoomReports\",\"$schema\":\"https://github.com/Microsoft/Application-Insights-Workbooks/blob/master/schema/workbook.json\"}\r\n",
                "version": "1.0",
                "sourceId": "[variables('workspaceResourceId')]",
                "category": "sentinel"
              }
            },
            {
              "type": "Microsoft.OperationalInsights/workspaces/providers/metadata",
              "apiVersion": "2022-01-01-preview",
              "name": "[concat(parameters('workspace'),'/Microsoft.SecurityInsights/',concat('Workbook-', last(split(variables('workbookId1'),'/'))))]",
              "properties": {
                "description": "@{workbookKey=ZoomReports; logoFileName=Azure_Sentinel.svg; description=Visualize various details & visuals on Zoom Report data ingested though the solution. This also have a dependency on the parser which is available as a part of Zoom solution named Zoom; dataTypesDependencies=System.Object[]; dataConnectorsDependencies=System.Object[]; previewImagesFileNames=System.Object[]; version=1.0.0; title=Zoom Reports; templateRelativePath=ZoomReports.json; subtitle=; provider=Community}.description",
                "parentId": "[variables('workbookId1')]",
                "contentId": "[variables('_workbookContentId1')]",
                "kind": "Workbook",
                "version": "[variables('workbookVersion1')]",
                "source": {
                  "kind": "Solution",
                  "name": "ZoomReports",
                  "sourceId": "[variables('_solutionId')]"
                },
                "author": {
                  "name": "Microsoft",
                  "email": "[variables('_email')]"
                },
                "support": {
                  "tier": "Microsoft",
                  "name": "Microsoft Corporation",
                  "email": "support@microsoft.com",
                  "link": "https://support.microsoft.com/"
                },
                "dependencies": {
                  "operator": "AND",
                  "criteria": [
                    {
                      "contentId": "Zoom",
                      "kind": "DataType"
                    },
                    {
                      "contentId": "Zoom Reports",
                      "kind": "DataConnector"
                    }
                  ]
                }
              }
            }
          ]
        },
        "packageKind": "Solution",
        "packageVersion": "[variables('_solutionVersion')]",
        "packageName": "[variables('_solutionName')]",
        "packageId": "[variables('_solutionId')]",
        "contentSchemaVersion": "3.0.0",
        "contentId": "[variables('_workbookContentId1')]",
        "contentKind": "Workbook",
        "displayName": "[parameters('workbook1-name')]",
        "contentProductId": "[variables('_workbookcontentProductId1')]",
        "id": "[variables('_workbookcontentProductId1')]",
        "version": "[variables('workbookVersion1')]"
      }
    },
    {
      "type": "Microsoft.OperationalInsights/workspaces/providers/contentPackages",
      "apiVersion": "2023-04-01-preview",
      "location": "[parameters('workspace-location')]",
      "properties": {
        "version": "3.0.1",
        "kind": "Solution",
        "contentSchemaVersion": "3.0.0",
        "displayName": "ZoomReports",
        "publisherDisplayName": "Microsoft Sentinel, Microsoft Corporation",
        "descriptionHtml": "<p><strong>Note:</strong> <em>There may be <a href=\"https://aka.ms/sentinelsolutionsknownissues\">known issues</a> pertaining to this Solution, please refer to them before installing.</em></p>\n<p>The <a href=\"https://zoom.us/\">Zoom</a> Reports solution enables you to ingest Zoom Reports' events into Microsoft Sentinel through the <a href=\"https://developers.zoom.us/docs/api/\">Zoom Report REST API</a></p>\n<p><strong>Underlying Microsoft Technologies used:</strong></p>\n<p>This solution takes a dependency on the following technologies, and some of these dependencies either may be in <a href=\"https://azure.microsoft.com/support/legal/preview-supplemental-terms/\">Preview</a> state or might result in additional ingestion or operational costs:</p>\n<ol type=\"a\">\n<li>\n<pre><code>[Azure Monitor HTTP Data Collector API](https://docs.microsoft.com/azure/azure-monitor/logs/data-collector-api)\n</code></pre>\n</li>\n<li>\n<pre><code>[Azure Functions](https://azure.microsoft.com/services/functions/#overview)\n</code></pre>\n</li>\n</ol>\n<p><strong>Data Connectors:</strong> 1, <strong>Parsers:</strong> 1, <strong>Workbooks:</strong> 1</p>\n<p><a href=\"https://aka.ms/azuresentinel\">Learn more about Microsoft Sentinel</a> | <a href=\"https://aka.ms/azuresentinelsolutionsdoc\">Learn more about Solutions</a></p>\n",
        "contentKind": "Solution",
        "contentProductId": "[variables('_solutioncontentProductId')]",
        "id": "[variables('_solutioncontentProductId')]",
        "icon": "<img src=\"https://raw.githubusercontent.com/Azure/Azure-Sentinel/master/Logos/Azure_Sentinel.svg\" width=\"75px\" height=\"75px\">",
        "contentId": "[variables('_solutionId')]",
        "parentId": "[variables('_solutionId')]",
        "source": {
          "kind": "Solution",
          "name": "ZoomReports",
          "sourceId": "[variables('_solutionId')]"
        },
        "author": {
          "name": "Microsoft",
          "email": "[variables('_email')]"
        },
        "support": {
          "name": "Microsoft Corporation",
          "email": "support@microsoft.com",
          "tier": "Microsoft",
          "link": "https://support.microsoft.com/"
        },
        "dependencies": {
          "operator": "AND",
          "criteria": [
            {
              "kind": "DataConnector",
              "contentId": "[variables('_dataConnectorContentId1')]",
              "version": "[variables('dataConnectorVersion1')]"
            },
            {
              "kind": "Parser",
              "contentId": "[variables('parserObject1').parserContentId1]",
              "version": "[variables('parserObject1').parserVersion1]"
            },
            {
              "kind": "Workbook",
              "contentId": "[variables('_workbookContentId1')]",
              "version": "[variables('workbookVersion1')]"
            }
          ]
        },
        "firstPublishDate": "2022-05-23",
        "providers": [
          "Zoom"
        ],
        "categories": {
          "domains": [
            "Application"
          ]
        }
      },
      "name": "[concat(parameters('workspace'),'/Microsoft.SecurityInsights/', variables('_solutionId'))]"
    }
  ],
  "outputs": {}
}
