{
  "$schema": "https://schema.management.azure.com/schemas/0.1.2-preview/CreateUIDefinition.MultiVm.json#",
  "handler": "Microsoft.Azure.CreateUIDef",
  "version": "0.1.2-preview",
  "parameters": {
    "config": {
      "isWizard": false,
      "basics": {
        "description": "**Important:** _This Microsoft Sentinel Solution is currently in public preview. This feature is provided without a service level agreement, and it's not recommended for production workloads. Certain features might not be supported or might have constrained capabilities. For more information, see [Supplemental Terms of Use for Microsoft Azure Previews](https://azure.microsoft.com/support/legal/preview-supplemental-terms/)._\n\n**Note:** _There may be [known issues](https://aka.ms/sentinelsolutionsknownissues) pertaining to this Solution, please refer to them before installing._\n\n\n\nMicrosoft Sentinel Solutions provide a consolidated way to acquire Microsoft Sentinel content like data connectors, workbooks, analytics, and automations in your workspace with a single deployment step.\n\n**Playbooks:** 17\n\n[Learn more about Microsoft Sentinel](https://aka.ms/azuresentinel) | [Learn more about Solutions](https://aka.ms/azuresentinelsolutionsdoc)",
        "subscription": {
          "resourceProviders": [
            "Microsoft.OperationsManagement/solutions",
            "Microsoft.OperationalInsights/workspaces/providers/alertRules",
            "Microsoft.Insights/workbooks",
            "Microsoft.Logic/workflows"
          ]
        },
        "location": {
          "metadata": {
            "hidden": "Hiding location, we get it from the log analytics workspace"
          },
          "visible": false
        },
        "resourceGroup": {
          "allowExisting": true
        }
      }
    },
    "basics": [
      {
        "name": "getLAWorkspace",
        "type": "Microsoft.Solutions.ArmApiControl",
        "toolTip": "This filters by workspaces that exist in the Resource Group selected",
        "condition": "[greater(length(resourceGroup().name),0)]",
        "request": {
          "method": "GET",
          "path": "[concat(subscription().id,'/providers/Microsoft.OperationalInsights/workspaces?api-version=2020-08-01')]"
        }
      },
      {
        "name": "workspace",
        "type": "Microsoft.Common.DropDown",
        "label": "Workspace",
        "placeholder": "Select a workspace",
        "toolTip": "This dropdown will list only workspace that exists in the Resource Group selected",
        "constraints": {
          "allowedValues": "[map(filter(basics('getLAWorkspace').value, (filter) => contains(filter.id, toLower(resourceGroup().name))), (item) => parse(concat('{\"label\":\"', item.name, '\",\"value\":\"', item.name, '\"}')))]",
          "required": true
        },
        "visible": true
      }
    ],
    "steps": [
      {
        "name": "playbooks",
        "label": "Playbooks",
        "subLabel": {
          "preValidation": "Configure the playbooks",
          "postValidation": "Done"
        },
        "bladeTitle": "Playbooks",
        "elements": [
          {
            "name": "playbooks-text",
            "type": "Microsoft.Common.TextBlock",
            "options": {
              "text": "This solution installs playbook resources.  A security playbook is a collection of procedures that can be run from Azure Sentinel in response to an alert. A security playbook can help automate and orchestrate your response, and can be run manually or set to run automatically when specific alerts are triggered. Security playbooks in Azure Sentinel are based on Azure Logic Apps, which means that you get all the power, customizability, and built-in templates of Logic Apps. Each playbook is created for the specific subscription you choose, but when you look at the Playbooks page, you will see all the playbooks across any selected subscriptions.",
              "link": {
                "label": "Learn more",
                "uri": "https://docs.microsoft.com/azure/sentinel/tutorial-respond-threats-playbook?WT.mc_id=Portal-Microsoft_Azure_CreateUIDef"
              }
            }
          },
          {
            "name": "playbook1",
            "type": "Microsoft.Common.Section",
            "label": "Enrich-Sentinel-Incident-HYAS-Insight-Domain-Current-WHOIS",
            "elements": [
              {
                "name": "playbook1-text",
                "type": "Microsoft.Common.TextBlock",
                "options": {
                  "text": "This playbook uses the HYAS Insight connector to automatically enrich incidents generated by Sentinel with current WHOIS information. You need a valid subscription in order to use the connector and playbook. Learn more about the integration via the https://docs.microsoft.com/connectors/hyasinsight/ or visit https://www.hyas.com/contact to request a trial key."
                }
              },
              {
                "name": "playbook1-PlaybookName",
                "type": "Microsoft.Common.TextBox",
                "label": "Playbook Name",
                "defaultValue": "Enrich-Sentinel-Incident-HYAS-Insight-Domain-Current-WHOIS",
                "toolTip": "Resource name for the logic app playbook.  No spaces are allowed",
                "constraints": {
                  "required": true,
                  "regex": "[a-z0-9A-Z]{1,256}$",
                  "validationMessage": "Please enter a playbook resource name"
                }
              },
              {
                "name": "playbook1-UserName",
                "type": "Microsoft.Common.TextBox",
                "label": "HYAS Username",
                "defaultValue": "<username>@<domain>",
                "toolTip": "Username to connect to HYAS API",
                "constraints": {
                  "required": true,
                  "regex": "[a-z0-9A-Z]{1,256}$",
                  "validationMessage": "Please enter a playbook username"
                }
              }
            ]
          },
          {
            "name": "playbook2",
            "type": "Microsoft.Common.Section",
            "label": "Enrich-Sentinel-Incident-HYAS-Insight-Domain-Historic-WHOIS",
            "elements": [
              {
                "name": "playbook2-text",
                "type": "Microsoft.Common.TextBlock",
                "options": {
                  "text": "This playbook uses the HYAS Insight connector to automatically enrich incidents generated by Sentinel with historic WHOIS information. You need a valid subscription in order to use the connector and playbook. Learn more about the integration via the https://docs.microsoft.com/connectors/hyasinsight/ or visit https://www.hyas.com/contact to request a trial key."
                }
              },
              {
                "name": "playbook2-PlaybookName",
                "type": "Microsoft.Common.TextBox",
                "label": "Playbook Name",
                "defaultValue": "Enrich-Sentinel-Incident-HYAS-Insight-Domain-Historic-WHOIS",
                "toolTip": "Resource name for the logic app playbook.  No spaces are allowed",
                "constraints": {
                  "required": true,
                  "regex": "[a-z0-9A-Z]{1,256}$",
                  "validationMessage": "Please enter a playbook resource name"
                }
              },
              {
                "name": "playbook2-UserName",
                "type": "Microsoft.Common.TextBox",
                "label": "HYAS Username",
                "defaultValue": "<username>@<domain>",
                "toolTip": "Username to connect to HYAS API",
                "constraints": {
                  "required": true,
                  "regex": "[a-z0-9A-Z]{1,256}$",
                  "validationMessage": "Please enter a playbook username"
                }
              }
            ]
          },
          {
            "name": "playbook3",
            "type": "Microsoft.Common.Section",
            "label": "Enrich-Sentinel-Incident-HYAS-Insight-Domain-Passive-DNS",
            "elements": [
              {
                "name": "playbook3-text",
                "type": "Microsoft.Common.TextBlock",
                "options": {
                  "text": "This playbook uses the HYAS Insight connector to automatically enrich incidents generated by Sentinel with recent passive DNS records. You need a valid subscription in order to use the connector and playbook. Learn more about the integration via the https://docs.microsoft.com/connectors/hyasinsight/ or visit https://www.hyas.com/contact to request a trial key."
                }
              },
              {
                "name": "playbook3-PlaybookName",
                "type": "Microsoft.Common.TextBox",
                "label": "Playbook Name",
                "defaultValue": "Enrich-Sentinel-Incident-HYAS-Insight-Domain-Passive-DNS",
                "toolTip": "Resource name for the logic app playbook.  No spaces are allowed",
                "constraints": {
                  "required": true,
                  "regex": "[a-z0-9A-Z]{1,256}$",
                  "validationMessage": "Please enter a playbook resource name"
                }
              },
              {
                "name": "playbook3-UserName",
                "type": "Microsoft.Common.TextBox",
                "label": "HYAS Username",
                "defaultValue": "<username>@<domain>",
                "toolTip": "Username to connect to HYAS API",
                "constraints": {
                  "required": true,
                  "regex": "[a-z0-9A-Z]{1,256}$",
                  "validationMessage": "Please enter a playbook username"
                }
              }
            ]
          },
          {
            "name": "playbook4",
            "type": "Microsoft.Common.Section",
            "label": "Enrich-Sentinel-Incident-HYAS-Insight-Email-Dynamic-DNS",
            "elements": [
              {
                "name": "playbook4-text",
                "type": "Microsoft.Common.TextBlock",
                "options": {
                  "text": "This playbook uses the HYAS Insight connector to automatically enrich incidents generated by Sentinel with Dynamic DNS information. You need a valid subscription in order to use the connector and playbook. Learn more about the integration via the https://docs.microsoft.com/connectors/hyasinsight/ or visit https://www.hyas.com/contact to request a trial key."
                }
              },
              {
                "name": "playbook4-PlaybookName",
                "type": "Microsoft.Common.TextBox",
                "label": "Playbook Name",
                "defaultValue": "Enrich-Sentinel-Incident-HYAS-Insight-Email-Dynamic-DNS",
                "toolTip": "Resource name for the logic app playbook.  No spaces are allowed",
                "constraints": {
                  "required": true,
                  "regex": "[a-z0-9A-Z]{1,256}$",
                  "validationMessage": "Please enter a playbook resource name"
                }
              },
              {
                "name": "playbook4-UserName",
                "type": "Microsoft.Common.TextBox",
                "label": "HYAS Username",
                "defaultValue": "<username>@<domain>",
                "toolTip": "Username to connect to HYAS API",
                "constraints": {
                  "required": true,
                  "regex": "[a-z0-9A-Z]{1,256}$",
                  "validationMessage": "Please enter a playbook username"
                }
              }
            ]
          },
          {
            "name": "playbook5",
            "type": "Microsoft.Common.Section",
            "label": "Enrich-Sentinel-Incident-HYAS-Insight-Email-Historic-WHOIS",
            "elements": [
              {
                "name": "playbook5-text",
                "type": "Microsoft.Common.TextBlock",
                "options": {
                  "text": "This playbook uses the HYAS Insight connector to automatically enrich incidents generated by Sentinel with historic WHOIS information. You need a valid subscription in order to use the connector and playbook. Learn more about the integration via the https://docs.microsoft.com/connectors/hyasinsight/ or visit https://www.hyas.com/contact to request a trial key."
                }
              },
              {
                "name": "playbook5-PlaybookName",
                "type": "Microsoft.Common.TextBox",
                "label": "Playbook Name",
                "defaultValue": "Enrich-Sentinel-Incident-HYAS-Insight-Email-Historic-WHOIS",
                "toolTip": "Resource name for the logic app playbook.  No spaces are allowed",
                "constraints": {
                  "required": true,
                  "regex": "[a-z0-9A-Z]{1,256}$",
                  "validationMessage": "Please enter a playbook resource name"
                }
              },
              {
                "name": "playbook5-UserName",
                "type": "Microsoft.Common.TextBox",
                "label": "HYAS Username",
                "defaultValue": "<username>@<domain>",
                "toolTip": "Username to connect to HYAS API",
                "constraints": {
                  "required": true,
                  "regex": "[a-z0-9A-Z]{1,256}$",
                  "validationMessage": "Please enter a playbook username"
                }
              }
            ]
          },
          {
            "name": "playbook6",
            "type": "Microsoft.Common.Section",
            "label": "Enrich-Sentinel-Incident-HYAS-Insight-IP-Dynamic-DNS",
            "elements": [
              {
                "name": "playbook6-text",
                "type": "Microsoft.Common.TextBlock",
                "options": {
                  "text": "This playbook uses the HYAS Insight connector to automatically enrich incidents generated by Sentinel with recent Dynamic DNS information. You need a valid subscription in order to use the connector and playbook. Learn more about the integration via the https://docs.microsoft.com/connectors/hyasinsight/ or visit https://www.hyas.com/contact to request a trial key."
                }
              },
              {
                "name": "playbook6-PlaybookName",
                "type": "Microsoft.Common.TextBox",
                "label": "Playbook Name",
                "defaultValue": "Enrich-Sentinel-Incident-HYAS-Insight-IP-Dynamic-DNS",
                "toolTip": "Resource name for the logic app playbook.  No spaces are allowed",
                "constraints": {
                  "required": true,
                  "regex": "[a-z0-9A-Z]{1,256}$",
                  "validationMessage": "Please enter a playbook resource name"
                }
              },
              {
                "name": "playbook6-UserName",
                "type": "Microsoft.Common.TextBox",
                "label": "HYAS Username",
                "defaultValue": "<username>@<domain>",
                "toolTip": "Username to connect to HYAS API",
                "constraints": {
                  "required": true,
                  "regex": "[a-z0-9A-Z]{1,256}$",
                  "validationMessage": "Please enter a playbook username"
                }
              }
            ]
          },
          {
            "name": "playbook7",
            "type": "Microsoft.Common.Section",
            "label": "Enrich-Sentinel-Incident-HYAS-Insight-IP-Passive-DNS",
            "elements": [
              {
                "name": "playbook7-text",
                "type": "Microsoft.Common.TextBlock",
                "options": {
                  "text": "This playbook uses the HYAS Insight connector to automatically enrich incidents generated by Sentinel with recent Passive DNS records. You need a valid subscription in order to use the connector and playbook. Learn more about the integration via the https://docs.microsoft.com/connectors/hyasinsight/ or visit https://www.hyas.com/contact to request a trial key."
                }
              },
              {
                "name": "playbook7-PlaybookName",
                "type": "Microsoft.Common.TextBox",
                "label": "Playbook Name",
                "defaultValue": "Enrich-Sentinel-Incident-HYAS-Insight-IP-Passive-DNS",
                "toolTip": "Resource name for the logic app playbook.  No spaces are allowed",
                "constraints": {
                  "required": true,
                  "regex": "[a-z0-9A-Z]{1,256}$",
                  "validationMessage": "Please enter a playbook resource name"
                }
              },
              {
                "name": "playbook7-UserName",
                "type": "Microsoft.Common.TextBox",
                "label": "HYAS Username",
                "defaultValue": "<username>@<domain>",
                "toolTip": "Username to connect to HYAS API",
                "constraints": {
                  "required": true,
                  "regex": "[a-z0-9A-Z]{1,256}$",
                  "validationMessage": "Please enter a playbook username"
                }
              }
            ]
          },
          {
            "name": "playbook8",
            "type": "Microsoft.Common.Section",
            "label": "Enrich-Sentinel-Incident-HYAS-Insight-IP-Passive-Hash",
            "elements": [
              {
                "name": "playbook8-text",
                "type": "Microsoft.Common.TextBlock",
                "options": {
                  "text": "This playbook uses the HYAS Insight connector to automatically enrich incidents generated by Sentinel with Passive Hash information. You need a valid subscription in order to use the connector and playbook. Learn more about the integration via the https://docs.microsoft.com/connectors/hyasinsight/ or visit https://www.hyas.com/contact to request a trial key."
                }
              },
              {
                "name": "playbook8-PlaybookName",
                "type": "Microsoft.Common.TextBox",
                "label": "Playbook Name",
                "defaultValue": "Enrich-Sentinel-Incident-HYAS-Insight-IP-Passive-Hash",
                "toolTip": "Resource name for the logic app playbook.  No spaces are allowed",
                "constraints": {
                  "required": true,
                  "regex": "[a-z0-9A-Z]{1,256}$",
                  "validationMessage": "Please enter a playbook resource name"
                }
              },
              {
                "name": "playbook8-UserName",
                "type": "Microsoft.Common.TextBox",
                "label": "HYAS Username",
                "defaultValue": "<username>@<domain>",
                "toolTip": "Username to connect to HYAS API",
                "constraints": {
                  "required": true,
                  "regex": "[a-z0-9A-Z]{1,256}$",
                  "validationMessage": "Please enter a playbook username"
                }
              }
            ]
          },
          {
            "name": "playbook9",
            "type": "Microsoft.Common.Section",
            "label": "Enrich-Sentinel-Incident-HYAS-Insight-IP-SSL-Certificate",
            "elements": [
              {
                "name": "playbook9-text",
                "type": "Microsoft.Common.TextBlock",
                "options": {
                  "text": "This playbook uses the HYAS Insight connector to automatically enrich incidents generated by Sentinel with SSL certificate information. You need a valid subscription in order to use the connector and playbook. Learn more about the integration via the https://docs.microsoft.com/connectors/hyasinsight/ or visit https://www.hyas.com/contact to request a trial key."
                }
              },
              {
                "name": "playbook9-PlaybookName",
                "type": "Microsoft.Common.TextBox",
                "label": "Playbook Name",
                "defaultValue": "Enrich-Sentinel-Incident-HYAS-Insight-IP-SSL-Certificate",
                "toolTip": "Resource name for the logic app playbook.  No spaces are allowed",
                "constraints": {
                  "required": true,
                  "regex": "[a-z0-9A-Z]{1,256}$",
                  "validationMessage": "Please enter a playbook resource name"
                }
              },
              {
                "name": "playbook9-UserName",
                "type": "Microsoft.Common.TextBox",
                "label": "HYAS Username",
                "defaultValue": "<username>@<domain>",
                "toolTip": "Username to connect to HYAS API",
                "constraints": {
                  "required": true,
                  "regex": "[a-z0-9A-Z]{1,256}$",
                  "validationMessage": "Please enter a playbook username"
                }
              }
            ]
          },
          {
            "name": "playbook10",
            "type": "Microsoft.Common.Section",
            "label": "Enrich-Sentinel-Incident-HYAS-Insight-IP-Sinkhole",
            "elements": [
              {
                "name": "playbook10-text",
                "type": "Microsoft.Common.TextBlock",
                "options": {
                  "text": "This playbook uses the HYAS Insight connector to automatically enrich incidents generated by Sentinel with Sinkhole information. You need a valid subscription in order to use the connector and playbook. Learn more about the integration via the https://docs.microsoft.com/connectors/hyasinsight/ or visit https://www.hyas.com/contact to request a trial key."
                }
              },
              {
                "name": "playbook10-PlaybookName",
                "type": "Microsoft.Common.TextBox",
                "label": "Playbook Name",
                "defaultValue": "Enrich-Sentinel-Incident-HYAS-Insight-IP-Sinkhole",
                "toolTip": "Resource name for the logic app playbook.  No spaces are allowed",
                "constraints": {
                  "required": true,
                  "regex": "[a-z0-9A-Z]{1,256}$",
                  "validationMessage": "Please enter a playbook resource name"
                }
              },
              {
                "name": "playbook10-UserName",
                "type": "Microsoft.Common.TextBox",
                "label": "HYAS Username",
                "defaultValue": "<username>@<domain>",
                "toolTip": "Username to connect to HYAS API",
                "constraints": {
                  "required": true,
                  "regex": "[a-z0-9A-Z]{1,256}$",
                  "validationMessage": "Please enter a playbook username"
                }
              }
            ]
          },
          {
            "name": "playbook11",
            "type": "Microsoft.Common.Section",
            "label": "Enrich-Sentinel-Incident-HYAS-Insight-IPv4-Device-Geo",
            "elements": [
              {
                "name": "playbook11-text",
                "type": "Microsoft.Common.TextBlock",
                "options": {
                  "text": "This playbook uses the HYAS Insight connector to automatically enrich incidents generated by Sentinel with geolocation information. You need a valid subscription in order to use the connector and playbook. Learn more about the integration via the https://docs.microsoft.com/connectors/hyasinsight/ or visit https://www.hyas.com/contact to request a trial key."
                }
              },
              {
                "name": "playbook11-PlaybookName",
                "type": "Microsoft.Common.TextBox",
                "label": "Playbook Name",
                "defaultValue": "Enrich-Sentinel-Incident-HYAS-Insight-IPv4-Device-Geo",
                "toolTip": "Resource name for the logic app playbook.  No spaces are allowed",
                "constraints": {
                  "required": true,
                  "regex": "[a-z0-9A-Z]{1,256}$",
                  "validationMessage": "Please enter a playbook resource name"
                }
              },
              {
                "name": "playbook11-UserName",
                "type": "Microsoft.Common.TextBox",
                "label": "HYAS Username",
                "defaultValue": "<username>@<domain>",
                "toolTip": "Username to connect to HYAS API",
                "constraints": {
                  "required": true,
                  "regex": "[a-z0-9A-Z]{1,256}$",
                  "validationMessage": "Please enter a playbook username"
                }
              }
            ]
          },
          {
            "name": "playbook12",
            "type": "Microsoft.Common.Section",
            "label": "Enrich-Sentinel-Incident-HYAS-Insight-IPv6-Device-Geo",
            "elements": [
              {
                "name": "playbook12-text",
                "type": "Microsoft.Common.TextBlock",
                "options": {
                  "text": "This playbook uses the HYAS Insight connector to automatically enrich incidents generated by Sentinel with geolocation information. You need a valid subscription in order to use the connector and playbook. Learn more about the integration via the https://docs.microsoft.com/connectors/hyasinsight/ or visit https://www.hyas.com/contact to request a trial key."
                }
              },
              {
                "name": "playbook12-PlaybookName",
                "type": "Microsoft.Common.TextBox",
                "label": "Playbook Name",
                "defaultValue": "Enrich-Sentinel-Incident-HYAS-Insight-IPv6-Device-Geo",
                "toolTip": "Resource name for the logic app playbook.  No spaces are allowed",
                "constraints": {
                  "required": true,
                  "regex": "[a-z0-9A-Z]{1,256}$",
                  "validationMessage": "Please enter a playbook resource name"
                }
              },
              {
                "name": "playbook12-UserName",
                "type": "Microsoft.Common.TextBox",
                "label": "HYAS Username",
                "defaultValue": "<username>@<domain>",
                "toolTip": "Username to connect to HYAS API",
                "constraints": {
                  "required": true,
                  "regex": "[a-z0-9A-Z]{1,256}$",
                  "validationMessage": "Please enter a playbook username"
                }
              }
            ]
          },
          {
            "name": "playbook13",
            "type": "Microsoft.Common.Section",
            "label": "Enrich-Sentinel-Incident-HYAS-Insight-Phone-Number-Historic-WHOIS",
            "elements": [
              {
                "name": "playbook13-text",
                "type": "Microsoft.Common.TextBlock",
                "options": {
                  "text": "This playbook uses the HYAS Insight connector to automatically enrich incidents generated by Sentinel with historic WHOIS information. You need a valid subscription in order to use the connector and playbook. Learn more about the integration via the https://docs.microsoft.com/connectors/hyasinsight/ or visit https://www.hyas.com/contact to request a trial key."
                }
              },
              {
                "name": "playbook13-PlaybookName",
                "type": "Microsoft.Common.TextBox",
                "label": "Playbook Name",
                "defaultValue": "Enrich-Sentinel-Incident-HYAS-Insight-Phone-Number-Historic-WHOIS",
                "toolTip": "Resource name for the logic app playbook.  No spaces are allowed",
                "constraints": {
                  "required": true,
                  "regex": "[a-z0-9A-Z]{1,256}$",
                  "validationMessage": "Please enter a playbook resource name"
                }
              },
              {
                "name": "playbook13-UserName",
                "type": "Microsoft.Common.TextBox",
                "label": "HYAS Username",
                "defaultValue": "<username>@<domain>",
                "toolTip": "Username to connect to HYAS API",
                "constraints": {
                  "required": true,
                  "regex": "[a-z0-9A-Z]{1,256}$",
                  "validationMessage": "Please enter a playbook username"
                }
              }
            ]
          },
          {
            "name": "playbook14",
            "type": "Microsoft.Common.Section",
            "label": "Enrich-Sentinel-Incident-HYAS-Insight-Domain-C2-Attribution",
            "elements": [
              {
                "name": "playbook14-text",
                "type": "Microsoft.Common.TextBlock",
                "options": {
                  "text": "This playbook uses the HYAS Insight connector to automatically enrich incidents generated by Sentinel with C2 Attribution information. You need a valid subscription in order to use the connector and playbook. Learn more about the integration via the https://docs.microsoft.com/connectors/hyasinsight/ or visit https://www.hyas.com/contact to request a trial key."
                }
              },
              {
                "name": "playbook14-PlaybookName",
                "type": "Microsoft.Common.TextBox",
                "label": "Playbook Name",
                "defaultValue": "Enrich-Sentinel-Incident-HYAS-Insight-Domain-C2-Attribution",
                "toolTip": "Resource name for the logic app playbook.  No spaces are allowed",
                "constraints": {
                  "required": true,
                  "regex": "[a-z0-9A-Z]{1,256}$",
                  "validationMessage": "Please enter a playbook resource name"
                }
              },
              {
                "name": "playbook14-UserName",
                "type": "Microsoft.Common.TextBox",
                "label": "HYAS Username",
                "defaultValue": "<username>@<domain>",
                "toolTip": "Username to connect to HYAS API",
                "constraints": {
                  "required": true,
                  "regex": "[a-z0-9A-Z]{1,256}$",
                  "validationMessage": "Please enter a playbook username"
                }
              }
            ]
          },
          {
            "name": "playbook15",
            "type": "Microsoft.Common.Section",
            "label": "Enrich-Sentinel-Incident-HYAS-Insight-Email-C2-Attribution",
            "elements": [
              {
                "name": "playbook15-text",
                "type": "Microsoft.Common.TextBlock",
                "options": {
                  "text": "This playbook uses the HYAS Insight connector to automatically enrich incidents generated by Sentinel with C2 Attribution information. You need a valid subscription in order to use the connector and playbook. Learn more about the integration via the https://docs.microsoft.com/connectors/hyasinsight/ or visit https://www.hyas.com/contact to request a trial key."
                }
              },
              {
                "name": "playbook15-PlaybookName",
                "type": "Microsoft.Common.TextBox",
                "label": "Playbook Name",
                "defaultValue": "Enrich-Sentinel-Incident-HYAS-Insight-Email-C2-Attribution",
                "toolTip": "Resource name for the logic app playbook.  No spaces are allowed",
                "constraints": {
                  "required": true,
                  "regex": "[a-z0-9A-Z]{1,256}$",
                  "validationMessage": "Please enter a playbook resource name"
                }
              },
              {
                "name": "playbook15-UserName",
                "type": "Microsoft.Common.TextBox",
                "label": "HYAS Username",
                "defaultValue": "<username>@<domain>",
                "toolTip": "Username to connect to HYAS API",
                "constraints": {
                  "required": true,
                  "regex": "[a-z0-9A-Z]{1,256}$",
                  "validationMessage": "Please enter a playbook username"
                }
              }
            ]
          },
          {
            "name": "playbook16",
            "type": "Microsoft.Common.Section",
            "label": "Enrich-Sentinel-Incident-HYAS-Insight-IP-C2-Attribution",
            "elements": [
              {
                "name": "playbook16-text",
                "type": "Microsoft.Common.TextBlock",
                "options": {
                  "text": "This playbook uses the HYAS Insight connector to automatically enrich incidents generated by Sentinel with C2 Attribution information. You need a valid subscription in order to use the connector and playbook. Learn more about the integration via the https://docs.microsoft.com/connectors/hyasinsight/ or visit https://www.hyas.com/contact to request a trial key."
                }
              },
              {
                "name": "playbook16-PlaybookName",
                "type": "Microsoft.Common.TextBox",
                "label": "Playbook Name",
                "defaultValue": "Enrich-Sentinel-Incident-HYAS-Insight-IP-C2-Attribution",
                "toolTip": "Resource name for the logic app playbook.  No spaces are allowed",
                "constraints": {
                  "required": true,
                  "regex": "[a-z0-9A-Z]{1,256}$",
                  "validationMessage": "Please enter a playbook resource name"
                }
              },
              {
                "name": "playbook16-UserName",
                "type": "Microsoft.Common.TextBox",
                "label": "HYAS Username",
                "defaultValue": "<username>@<domain>",
                "toolTip": "Username to connect to HYAS API",
                "constraints": {
                  "required": true,
                  "regex": "[a-z0-9A-Z]{1,256}$",
                  "validationMessage": "Please enter a playbook username"
                }
              }
            ]
          },
          {
            "name": "playbook17",
            "type": "Microsoft.Common.Section",
            "label": "Enrich-Sentinel-Incident-HYAS-Insight-SHA256-C2-Attribution",
            "elements": [
              {
                "name": "playbook17-text",
                "type": "Microsoft.Common.TextBlock",
                "options": {
                  "text": "This playbook uses the HYAS Insight connector to automatically enrich incidents generated by Sentinel with C2 Attribution information. You need a valid subscription in order to use the connector and playbook. Learn more about the integration via the https://docs.microsoft.com/connectors/hyasinsight/ or visit https://www.hyas.com/contact to request a trial key."
                }
              },
              {
                "name": "playbook17-PlaybookName",
                "type": "Microsoft.Common.TextBox",
                "label": "Playbook Name",
                "defaultValue": "Enrich-Sentinel-Incident-HYAS-Insight-SHA256-C2-Attribution",
                "toolTip": "Resource name for the logic app playbook.  No spaces are allowed",
                "constraints": {
                  "required": true,
                  "regex": "[a-z0-9A-Z]{1,256}$",
                  "validationMessage": "Please enter a playbook resource name"
                }
              },
              {
                "name": "playbook17-UserName",
                "type": "Microsoft.Common.TextBox",
                "label": "HYAS Username",
                "defaultValue": "<username>@<domain>",
                "toolTip": "Username to connect to HYAS API",
                "constraints": {
                  "required": true,
                  "regex": "[a-z0-9A-Z]{1,256}$",
                  "validationMessage": "Please enter a playbook username"
                }
              }
            ]
          }
        ]
      }
    ],
    "outputs": {
      "workspace-location": "[first(map(filter(basics('getLAWorkspace').value, (filter) => and(contains(filter.id, toLower(resourceGroup().name)),equals(filter.name,basics('workspace')))), (item) => item.location))]",
      "location": "[location()]",
      "workspace": "[basics('workspace')]",
      "playbook1-PlaybookName": "[steps('playbooks').playbook1.playbook1-PlaybookName]",
      "playbook1-UserName": "[steps('playbooks').playbook1.playbook1-UserName]",
      "playbook2-PlaybookName": "[steps('playbooks').playbook2.playbook2-PlaybookName]",
      "playbook2-UserName": "[steps('playbooks').playbook2.playbook2-UserName]",
      "playbook3-PlaybookName": "[steps('playbooks').playbook3.playbook3-PlaybookName]",
      "playbook3-UserName": "[steps('playbooks').playbook3.playbook3-UserName]",
      "playbook4-PlaybookName": "[steps('playbooks').playbook4.playbook4-PlaybookName]",
      "playbook4-UserName": "[steps('playbooks').playbook4.playbook4-UserName]",
      "playbook5-PlaybookName": "[steps('playbooks').playbook5.playbook5-PlaybookName]",
      "playbook5-UserName": "[steps('playbooks').playbook5.playbook5-UserName]",
      "playbook6-PlaybookName": "[steps('playbooks').playbook6.playbook6-PlaybookName]",
      "playbook6-UserName": "[steps('playbooks').playbook6.playbook6-UserName]",
      "playbook7-PlaybookName": "[steps('playbooks').playbook7.playbook7-PlaybookName]",
      "playbook7-UserName": "[steps('playbooks').playbook7.playbook7-UserName]",
      "playbook8-PlaybookName": "[steps('playbooks').playbook8.playbook8-PlaybookName]",
      "playbook8-UserName": "[steps('playbooks').playbook8.playbook8-UserName]",
      "playbook9-PlaybookName": "[steps('playbooks').playbook9.playbook9-PlaybookName]",
      "playbook9-UserName": "[steps('playbooks').playbook9.playbook9-UserName]",
      "playbook10-PlaybookName": "[steps('playbooks').playbook10.playbook10-PlaybookName]",
      "playbook10-UserName": "[steps('playbooks').playbook10.playbook10-UserName]",
      "playbook11-PlaybookName": "[steps('playbooks').playbook11.playbook11-PlaybookName]",
      "playbook11-UserName": "[steps('playbooks').playbook11.playbook11-UserName]",
      "playbook12-PlaybookName": "[steps('playbooks').playbook12.playbook12-PlaybookName]",
      "playbook12-UserName": "[steps('playbooks').playbook12.playbook12-UserName]",
      "playbook13-PlaybookName": "[steps('playbooks').playbook13.playbook13-PlaybookName]",
      "playbook13-UserName": "[steps('playbooks').playbook13.playbook13-UserName]",
      "playbook14-PlaybookName": "[steps('playbooks').playbook14.playbook14-PlaybookName]",
      "playbook14-UserName": "[steps('playbooks').playbook14.playbook14-UserName]",
      "playbook15-PlaybookName": "[steps('playbooks').playbook15.playbook15-PlaybookName]",
      "playbook15-UserName": "[steps('playbooks').playbook15.playbook15-UserName]",
      "playbook16-PlaybookName": "[steps('playbooks').playbook16.playbook16-PlaybookName]",
      "playbook16-UserName": "[steps('playbooks').playbook16.playbook16-UserName]",
      "playbook17-PlaybookName": "[steps('playbooks').playbook17.playbook17-PlaybookName]",
      "playbook17-UserName": "[steps('playbooks').playbook17.playbook17-UserName]"
    }
  }
}
