{
  "$schema": "https://schema.management.azure.com/schemas/2019-04-01/deploymentTemplate.json#",
  "contentVersion": "1.0.0.0",
  "metadata": {
    "author": "Microsoft - support@microsoft.com",
    "comments": "Solution template for Juniper SRX"
  },
  "parameters": {
    "location": {
      "type": "string",
      "minLength": 1,
      "defaultValue": "[resourceGroup().location]",
      "metadata": {
        "description": "Not used, but needed to pass arm-ttk test `Location-Should-Not-Be-Hardcoded`.  We instead use the `workspace-location` which is derived from the LA workspace"
      }
    },
    "workspace-location": {
      "type": "string",
      "defaultValue": "",
      "metadata": {
        "description": "[concat('Region to deploy solution resources -- separate from location selection',parameters('location'))]"
      }
    },
    "workspace": {
      "defaultValue": "",
      "type": "string",
      "metadata": {
        "description": "Workspace name for Log Analytics where Microsoft Sentinel is setup"
      }
    }
  },
  "variables": {
    "solutionId": "azuresentinel.azure-sentinel-solution-junipersrx",
    "_solutionId": "[variables('solutionId')]",
    "email": "support@microsoft.com",
    "_email": "[variables('email')]",
    "workspaceResourceId": "[resourceId('microsoft.OperationalInsights/Workspaces', parameters('workspace'))]",
    "uiConfigId1": "JuniperSRX",
    "_uiConfigId1": "[variables('uiConfigId1')]",
    "dataConnectorContentId1": "JuniperSRX",
    "_dataConnectorContentId1": "[variables('dataConnectorContentId1')]",
    "dataConnectorId1": "[extensionResourceId(resourceId('Microsoft.OperationalInsights/workspaces', parameters('workspace')), 'Microsoft.SecurityInsights/dataConnectors', variables('_dataConnectorContentId1'))]",
    "_dataConnectorId1": "[variables('dataConnectorId1')]",
    "dataConnectorTemplateSpecName1": "[concat(parameters('workspace'),'-DataConnector-',variables('_dataConnectorContentId1'))]",
    "dataConnectorVersion1": "1.0.0",
    "parserVersion1": "1.0.0",
    "parserContentId1": "JuniperSRX-Parser",
    "_parserContentId1": "[variables('parserContentId1')]",
    "parserName1": "JuniperSRX",
    "_parserName1": "[concat(parameters('workspace'),'/',variables('parserName1'))]",
    "parserId1": "[resourceId('Microsoft.OperationalInsights/workspaces/savedSearches', parameters('workspace'), variables('parserName1'))]",
    "_parserId1": "[variables('parserId1')]",
    "parserTemplateSpecName1": "[concat(parameters('workspace'),'-Parser-',variables('_parserContentId1'))]"
  },
  "resources": [
    {
      "type": "Microsoft.Resources/templateSpecs",
      "apiVersion": "2021-05-01",
      "name": "[variables('dataConnectorTemplateSpecName1')]",
      "location": "[parameters('workspace-location')]",
      "tags": {
        "hidden-sentinelWorkspaceId": "[variables('workspaceResourceId')]",
        "hidden-sentinelContentType": "DataConnector"
      },
      "properties": {
        "description": "Juniper SRX data connector with template",
        "displayName": "Juniper SRX template"
      }
    },
    {
      "type": "Microsoft.Resources/templateSpecs/versions",
      "apiVersion": "2021-05-01",
      "name": "[concat(variables('dataConnectorTemplateSpecName1'),'/',variables('dataConnectorVersion1'))]",
      "location": "[parameters('workspace-location')]",
      "tags": {
        "hidden-sentinelWorkspaceId": "[variables('workspaceResourceId')]",
        "hidden-sentinelContentType": "DataConnector"
      },
      "dependsOn": [
        "[resourceId('Microsoft.Resources/templateSpecs', variables('dataConnectorTemplateSpecName1'))]"
      ],
      "properties": {
        "description": "Juniper SRX data connector with template version 2.0.0",
        "mainTemplate": {
          "$schema": "https://schema.management.azure.com/schemas/2019-04-01/deploymentTemplate.json#",
          "contentVersion": "[variables('dataConnectorVersion1')]",
          "parameters": {},
          "variables": {},
          "resources": [
            {
              "name": "[concat(parameters('workspace'),'/Microsoft.SecurityInsights/',variables('_dataConnectorContentId1'))]",
              "apiVersion": "2021-03-01-preview",
              "type": "Microsoft.OperationalInsights/workspaces/providers/dataConnectors",
              "location": "[parameters('workspace-location')]",
              "kind": "GenericUI",
              "properties": {
                "connectorUiConfig": {
                  "id": "[variables('_uiConfigId1')]",
                  "title": "Juniper SRX",
                  "publisher": "Juniper",
                  "descriptionMarkdown": "The [Juniper SRX](https://www.juniper.net/us/en/products-services/security/srx-series/) connector allows you to easily connect your Juniper SRX logs with Azure Sentinel. This gives you more insight into your organization's network and improves your security operation capabilities.",
                  "additionalRequirementBanner": "These queries and workbooks are dependent on a parser based on a Kusto Function to work as expected. Follow the steps to use this Kusto functions alias **JuniperSRX** in queries and workbooks. [Follow these steps to get this Kusto functions.](https://aka.ms/sentinel-junipersrx-parser)",
                  "graphQueries": [
                    {
                      "metricName": "Total data received",
                      "legend": "JuniperSRX",
                      "baseQuery": "JuniperSRX"
                    }
                  ],
                  "sampleQueries": [
                    {
                      "description": "Top 10 Users with Failed Passwords",
                      "query": "JuniperSRX \n| where EventType == \"sshd\" \n| where EventName == \"Failed password\" \n| summarize count() by UserName \n| top 10 by count_"
                    },
                    {
                      "description": "Top 10 IDS Detections by Source IP Address",
                      "query": "JuniperSRX \n| where EventType == \"RT_IDS\" \n| summarize count() by SrcIpAddr \n| top 10 by count_"
                    }
                  ],
                  "dataTypes": [
                    {
                      "name": "Syslog (JuniperSRX)",
                      "lastDataReceivedQuery": "JuniperSRX \n            | summarize Time = max(TimeGenerated)\n            | where isnotempty(Time)"
                    }
                  ],
                  "connectivityCriterias": [
                    {
                      "type": "IsConnectedQuery",
                      "value": [
                        "JuniperSRX \n      | where TimeGenerated > ago(3d)\n       |take 1\n       | project IsConnected = true"
                      ]
                    }
                  ],
                  "availability": {
                    "status": 1,
                    "isPreview": false
                  },
                  "permissions": {
                    "resourceProvider": [
                      {
                        "provider": "Microsoft.OperationalInsights/workspaces",
                        "permissionsDisplayText": "write permission is required.",
                        "providerDisplayName": "Workspace",
                        "scope": "Workspace",
                        "requiredPermissions": {
                          "write": true,
                          "delete": true
                        }
                      }
                    ],
                    "customs": [
                      {
                        "name": "Juniper SRX",
                        "description": "must be configured to export logs via Syslog"
                      }
                    ]
                  },
                  "instructionSteps": [
                    {
                      "description": ">This data connector depends on a parser based on a Kusto Function to work as expected. [Follow the steps](https://aka.ms/sentinel-junipersrx-parser) to use the Kusto function alias, **JuniperSRX**"
                    },
                    {
                      "description": "Typically, you should install the agent on a different computer from the one on which the logs are generated.\n\n>  Syslog logs are collected only from **Linux** agents.",
                      "instructions": [
                        {
                          "parameters": {
                            "title": "Choose where to install the agent:",
                            "instructionSteps": [
                              {
                                "title": "Install agent on Azure Linux Virtual Machine",
                                "description": "Select the machine to install the agent on and then click **Connect**.",
                                "instructions": [
                                  {
                                    "parameters": {
                                      "linkType": "InstallAgentOnLinuxVirtualMachine"
                                    },
                                    "type": "InstallAgent"
                                  }
                                ]
                              },
                              {
                                "title": "Install agent on a non-Azure Linux Machine",
                                "description": "Download the agent on the relevant machine and follow the instructions.",
                                "instructions": [
                                  {
                                    "parameters": {
                                      "linkType": "InstallAgentOnLinuxNonAzure"
                                    },
                                    "type": "InstallAgent"
                                  }
                                ]
                              }
                            ]
                          },
                          "type": "InstructionStepsGroup"
                        }
                      ],
                      "title": "1. Install and onboard the agent for Linux"
                    },
                    {
                      "description": "Configure the facilities you want to collect and their severities.\n 1. Under workspace advanced settings **Configuration**, select **Data** and then **Syslog**.\n 2. Select **Apply below configuration to my machines** and select the facilities and severities.\n 3.  Click **Save**.",
                      "instructions": [
                        {
                          "parameters": {
                            "linkType": "OpenSyslogSettings"
                          },
                          "type": "InstallAgent"
                        }
                      ],
                      "title": "2. Configure the logs to be collected"
                    },
                    {
                      "description": "1. Follow these instructions to configure the Juniper SRX to forward syslog: \n - [Traffic Logs (Security Policy Logs)](https://kb.juniper.net/InfoCenter/index?page=content&id=KB16509&actp=METADATA) \n - [System Logs](https://kb.juniper.net/InfoCenter/index?page=content&id=kb16502)\n2. Use the IP address or hostname for the Linux device with the Linux agent installed as the Destination IP address.",
                      "title": "3. Configure and connect the Juniper SRX"
                    }
                  ]
                }
              }
            },
            {
              "type": "Microsoft.OperationalInsights/workspaces/providers/metadata",
              "apiVersion": "2022-01-01-preview",
              "name": "[concat(parameters('workspace'),'/Microsoft.SecurityInsights/',concat('DataConnector-', last(split(variables('_dataConnectorId1'),'/'))))]",
              "properties": {
                "parentId": "[extensionResourceId(resourceId('Microsoft.OperationalInsights/workspaces', parameters('workspace')), 'Microsoft.SecurityInsights/dataConnectors', variables('_dataConnectorContentId1'))]",
                "contentId": "[variables('_dataConnectorContentId1')]",
                "kind": "DataConnector",
                "version": "[variables('dataConnectorVersion1')]",
                "source": {
                  "kind": "Solution",
                  "name": "Juniper SRX",
                  "sourceId": "[variables('_solutionId')]"
                },
                "author": {
                  "name": "Microsoft",
                  "email": "[variables('_email')]"
                },
                "support": {
                  "name": "Microsoft Corporation",
                  "email": "support@microsoft.com",
                  "tier": "Microsoft",
                  "link": "https://support.microsoft.com"
                }
              }
            }
          ]
        }
      }
    },
    {
      "type": "Microsoft.OperationalInsights/workspaces/providers/metadata",
      "apiVersion": "2022-01-01-preview",
      "name": "[concat(parameters('workspace'),'/Microsoft.SecurityInsights/',concat('DataConnector-', last(split(variables('_dataConnectorId1'),'/'))))]",
      "dependsOn": [
        "[variables('_dataConnectorId1')]"
      ],
      "properties": {
        "parentId": "[extensionResourceId(resourceId('Microsoft.OperationalInsights/workspaces', parameters('workspace')), 'Microsoft.SecurityInsights/dataConnectors', variables('_dataConnectorContentId1'))]",
        "contentId": "[variables('_dataConnectorContentId1')]",
        "kind": "DataConnector",
        "version": "[variables('dataConnectorVersion1')]",
        "source": {
          "kind": "Solution",
          "name": "Juniper SRX",
          "sourceId": "[variables('_solutionId')]"
        },
        "author": {
          "name": "Microsoft",
          "email": "[variables('_email')]"
        },
        "support": {
          "name": "Microsoft Corporation",
          "email": "support@microsoft.com",
          "tier": "Microsoft",
          "link": "https://support.microsoft.com"
        }
      }
    },
    {
      "name": "[concat(parameters('workspace'),'/Microsoft.SecurityInsights/',variables('_dataConnectorContentId1'))]",
      "apiVersion": "2021-03-01-preview",
      "type": "Microsoft.OperationalInsights/workspaces/providers/dataConnectors",
      "location": "[parameters('workspace-location')]",
      "kind": "GenericUI",
      "properties": {
        "connectorUiConfig": {
          "title": "Juniper SRX",
          "publisher": "Juniper",
          "descriptionMarkdown": "The [Juniper SRX](https://www.juniper.net/us/en/products-services/security/srx-series/) connector allows you to easily connect your Juniper SRX logs with Azure Sentinel. This gives you more insight into your organization's network and improves your security operation capabilities.",
          "graphQueries": [
            {
              "metricName": "Total data received",
              "legend": "JuniperSRX",
              "baseQuery": "JuniperSRX"
            }
          ],
          "dataTypes": [
            {
              "name": "Syslog (JuniperSRX)",
              "lastDataReceivedQuery": "JuniperSRX \n            | summarize Time = max(TimeGenerated)\n            | where isnotempty(Time)"
            }
          ],
          "connectivityCriterias": [
            {
              "type": "IsConnectedQuery",
              "value": [
                "JuniperSRX \n      | where TimeGenerated > ago(3d)\n       |take 1\n       | project IsConnected = true"
              ]
            }
          ],
          "sampleQueries": [
            {
              "description": "Top 10 Users with Failed Passwords",
              "query": "JuniperSRX \n| where EventType == \"sshd\" \n| where EventName == \"Failed password\" \n| summarize count() by UserName \n| top 10 by count_"
            },
            {
              "description": "Top 10 IDS Detections by Source IP Address",
              "query": "JuniperSRX \n| where EventType == \"RT_IDS\" \n| summarize count() by SrcIpAddr \n| top 10 by count_"
            }
          ],
          "availability": {
            "status": 1,
            "isPreview": false
          },
          "permissions": {
            "resourceProvider": [
              {
                "provider": "Microsoft.OperationalInsights/workspaces",
                "permissionsDisplayText": "write permission is required.",
                "providerDisplayName": "Workspace",
                "scope": "Workspace",
                "requiredPermissions": {
                  "write": true,
                  "delete": true
                }
              }
            ],
            "customs": [
              {
                "name": "Juniper SRX",
                "description": "must be configured to export logs via Syslog"
              }
            ]
          },
          "instructionSteps": [
            {
              "description": ">This data connector depends on a parser based on a Kusto Function to work as expected. [Follow the steps](https://aka.ms/sentinel-junipersrx-parser) to use the Kusto function alias, **JuniperSRX**"
            },
            {
              "description": "Typically, you should install the agent on a different computer from the one on which the logs are generated.\n\n>  Syslog logs are collected only from **Linux** agents.",
              "instructions": [
                {
                  "parameters": {
                    "title": "Choose where to install the agent:",
                    "instructionSteps": [
                      {
                        "title": "Install agent on Azure Linux Virtual Machine",
                        "description": "Select the machine to install the agent on and then click **Connect**.",
                        "instructions": [
                          {
                            "parameters": {
                              "linkType": "InstallAgentOnLinuxVirtualMachine"
                            },
                            "type": "InstallAgent"
                          }
                        ]
                      },
                      {
                        "title": "Install agent on a non-Azure Linux Machine",
                        "description": "Download the agent on the relevant machine and follow the instructions.",
                        "instructions": [
                          {
                            "parameters": {
                              "linkType": "InstallAgentOnLinuxNonAzure"
                            },
                            "type": "InstallAgent"
                          }
                        ]
                      }
                    ]
                  },
                  "type": "InstructionStepsGroup"
                }
              ],
              "title": "1. Install and onboard the agent for Linux"
            },
            {
              "description": "Configure the facilities you want to collect and their severities.\n 1. Under workspace advanced settings **Configuration**, select **Data** and then **Syslog**.\n 2. Select **Apply below configuration to my machines** and select the facilities and severities.\n 3.  Click **Save**.",
              "instructions": [
                {
                  "parameters": {
                    "linkType": "OpenSyslogSettings"
                  },
                  "type": "InstallAgent"
                }
              ],
              "title": "2. Configure the logs to be collected"
            },
            {
              "description": "1. Follow these instructions to configure the Juniper SRX to forward syslog: \n - [Traffic Logs (Security Policy Logs)](https://kb.juniper.net/InfoCenter/index?page=content&id=KB16509&actp=METADATA) \n - [System Logs](https://kb.juniper.net/InfoCenter/index?page=content&id=kb16502)\n2. Use the IP address or hostname for the Linux device with the Linux agent installed as the Destination IP address.",
              "title": "3. Configure and connect the Juniper SRX"
            }
          ],
          "id": "[variables('_uiConfigId1')]",
          "additionalRequirementBanner": "These queries and workbooks are dependent on a parser based on a Kusto Function to work as expected. Follow the steps to use this Kusto functions alias **JuniperSRX** in queries and workbooks. [Follow these steps to get this Kusto functions.](https://aka.ms/sentinel-junipersrx-parser)"
        }
      }
    },
    {
      "type": "Microsoft.Resources/templateSpecs",
      "apiVersion": "2021-05-01",
      "name": "[variables('parserTemplateSpecName1')]",
      "location": "[parameters('workspace-location')]",
      "tags": {
        "hidden-sentinelWorkspaceId": "[variables('workspaceResourceId')]",
        "hidden-sentinelContentType": "Parser"
      },
      "properties": {
        "description": "JuniperSRX Data Parser with template",
        "displayName": "JuniperSRX Data Parser template"
      }
    },
    {
      "type": "Microsoft.Resources/templateSpecs/versions",
      "apiVersion": "2021-05-01",
      "name": "[concat(variables('parserTemplateSpecName1'),'/',variables('parserVersion1'))]",
      "location": "[parameters('workspace-location')]",
      "tags": {
        "hidden-sentinelWorkspaceId": "[variables('workspaceResourceId')]",
        "hidden-sentinelContentType": "Parser"
      },
      "dependsOn": [
        "[resourceId('Microsoft.Resources/templateSpecs', variables('parserTemplateSpecName1'))]"
      ],
      "properties": {
        "description": "JuniperSRX Data Parser with template version 2.0.0",
        "mainTemplate": {
          "$schema": "https://schema.management.azure.com/schemas/2019-04-01/deploymentTemplate.json#",
          "contentVersion": "[variables('parserVersion1')]",
          "parameters": {},
          "variables": {},
          "resources": [
            {
              "name": "[variables('_parserName1')]",
              "apiVersion": "2020-08-01",
              "type": "Microsoft.OperationalInsights/workspaces/savedSearches",
              "location": "[parameters('workspace-location')]",
              "properties": {
                "eTag": "*",
                "displayName": "JuniperSRX",
                "category": "Samples",
                "functionAlias": "JuniperSRX",
                "query": "\nlet LogHeader = Syslog\r\n| where Computer in (\"server1\", \"server2\") // server1 and server2 are examples, replace this list with your Juniper SRX devices\r\n| extend Parser = extract_all(@\"\\<\\d+\\>(\\w+\\s\\d+\\s[0-9\\:]+)\\s(\\w+)\\s?(\\w+)?\\[?([\\w]+)?\\]?\\s([\\S\\s]+)\", dynamic([1,2,3,4,5]),SyslogMessage)\r\n| mv-expand Parser\r\n| extend EventTimestamp = tostring(Parser[0]),\r\n         DvcHostname = tostring(Parser[1]),\r\n         EventType = tostring(Parser[2]),\r\n         ProcessId = toint(Parser[3]),\r\n         Message = trim(\"- \",tostring(Parser[4]))\r\n| project-away Parser;\r\nlet SshEvents = LogHeader\r\n| where EventType =~ \"sshd\"\r\n| extend Parser = extract_all(@\"password\\sfor\\s(\\w+)\\sfrom\\s([0-9.]+)\\sport\\s(\\d+)\",dynamic([1,2,3]), Message)\r\n| mv-expand Parser\r\n| extend UserName = tostring(Parser[0]),\r\n         SrcIpAddr = tostring(Parser[1]),\r\n         SrcPortNumber = toint(Parser[2])\r\n| extend EventName = extract(@\"^(\\w+\\s?\\w+?)\\s(for|from)\",1, Message)\r\n| extend UserName = iif(isempty(UserName), extract(@\"for\\suser\\s\\'(\\w+)\\'\\sfrom\\shost\\s\\'([0-9\\.]+)\\'\",1, Message), UserName)\r\n| extend UserName = iif(isempty(UserName), extract(@\"PAM_USER\\:\\s(\\w+)\",1, Message), UserName)\r\n| extend UserName = iif(isempty(UserName), extract(@\"user:\\s(\\w+)\",1, Message), UserName)\r\n| extend SrcIpAddr = iif(isempty(SrcIpAddr), extract(@\"from\\s(host)?\\s?\\'?([0-9.]+)\\'?\",2, Message), SrcIpAddr)\r\n| extend SrcIpAddr = iif(isempty(SrcIpAddr), extract(@\"source\\:\\s([0-9.]+)\\,\",1, Message), SrcIpAddr)\r\n| project-away Parser;\r\nlet IdsEvents = LogHeader\r\n| where EventType == \"RT_IDS\"\r\n| extend SrcIpAddr = extract(@\"source\\:\\s([0-9.]+)\\,?\\:?(\\d+)?\",1, Message),\r\n         SrcPortNumber = toint(extract(@\"source\\:\\s([0-9.]+)\\,?\\:?(\\d+)?\",2, Message)),\r\n         DstIpAddr = extract(@\"destination\\:\\s([0-9.]+)\\,?\",1, Message),\r\n         DstPortNumber = toint(extract(@\"destination\\:\\s([0-9.]+)\\,?\\:?(\\d+)?\",2, Message)),\r\n         ProtocolId = toint(extract(@\"protocol-id\\:\\s([0-9.]+)\\,\",1, Message)),\r\n         ZoneName = extract(@\"zone\\sname\\:\\s([\\w]+)\\,\",1, Message),\r\n         InterfaceName = extract(@\"interface\\sname\\:\\s([\\w\\.]+)\\,\",1, Message),\r\n         Action = extract(@\"action\\:\\s([\\w\\-\\.]+)\",1, Message);\r\nlet FlowEvents = LogHeader\r\n| where EventType == \"RT_FLOW\"\r\n| extend Parser = extract_all(@\"^([\\w\\s\\-]+)(\\s\\d|\\:)\\s?([\\d\\.]+)\\/(\\d+)\\-\\>([\\d\\.]+)\\/(\\d+)\\s(\\w+)?\\s?([\\w\\-]+)\\s([\\d\\.]+)\\/(\\d+)\\-\\>([\\d\\.]+)\\/(\\d+)\\s([\\S\\s]+)\",dynamic([1,2,3,4,5,6,7,8,9,10,11,12,13]), Message)\r\n| mv-expand Parser\r\n| extend EventName = tostring(Parser[0]),\r\n         SrcIpAddr = tostring(Parser[2]),\r\n         SrcPortNumber = toint(Parser[3]),\r\n         DstIpAddr = tostring(Parser[4]),\r\n         DstPortNumber = toint(Parser[5]),\r\n         ServiceName = tostring(Parser[7]),\r\n         SrcNatIpAddr = tostring(Parser[8]),\r\n         SrcNatPortNumber = toint(Parser[9]),\r\n         DstNatIpAddr = tostring(Parser[10]),\r\n         DstNatPortNumber = toint(Parser[11]),\r\n         Substring = tostring(Parser[12])\r\n| extend Parser2 = extract_all(@\"(0x0/s)?([\\S]+)\\s([\\S]+)\\s([\\S]+)\\s([\\S]+)\\s(\\d+)\\s([\\S]+)\\s([\\S]+)\\s([\\S]+)\\s(\\d+)\",dynamic([1,2,3,4,5,6,7,8,9,10]), Substring)\r\n| mvexpand Parser2\r\n| extend ProtocolId = toint(Parser2[5]),\r\n         PolicyName = tostring(Parser2[6]),\r\n         SrcNatRuleName = tostring(Parser2[7]),\r\n         DstNatRuleName = tostring(Parser2[8]),\r\n         SessionId = toint(Parser2[9])\r\n| project-away Parser, Parser2, Substring;\r\nlet AllOtherEvents = LogHeader\r\n| where EventType !in (\"sshd\",\"RT_IDS\",\"RT_FLOW\")\r\n| extend EventName = extract(@\"^([\\w\\s]+)\\s(0)\",1, Message);\r\nunion SshEvents, IdsEvents, FlowEvents, AllOtherEvents\r\n| extend EventName = iif(isempty(EventName), extract(@\"^([\\w\\s]+)\\s(\\d.*)\",1, Message), EventName)\r\n",
                "version": 1,
                "tags": [
                  {
                    "name": "description",
                    "value": "JuniperSRX"
                  }
                ]
              }
            },
            {
              "type": "Microsoft.OperationalInsights/workspaces/providers/metadata",
              "apiVersion": "2022-01-01-preview",
              "name": "[concat(parameters('workspace'),'/Microsoft.SecurityInsights/',concat('Parser-', last(split(variables('_parserId1'),'/'))))]",
              "dependsOn": [
                "[variables('_parserName1')]"
              ],
              "properties": {
                "parentId": "[resourceId('Microsoft.OperationalInsights/workspaces/savedSearches', parameters('workspace'), variables('parserName1'))]",
                "contentId": "[variables('_parserContentId1')]",
                "kind": "Parser",
                "version": "[variables('parserVersion1')]",
                "source": {
                  "name": "Juniper SRX",
                  "kind": "Solution",
                  "sourceId": "[variables('_solutionId')]"
                },
                "author": {
                  "name": "Microsoft",
                  "email": "[variables('_email')]"
                },
                "support": {
                  "name": "Microsoft Corporation",
                  "email": "support@microsoft.com",
                  "tier": "Microsoft",
                  "link": "https://support.microsoft.com"
                }
              }
            }
          ]
        }
      }
    },
    {
      "type": "Microsoft.OperationalInsights/workspaces/savedSearches",
      "apiVersion": "2021-06-01",
      "name": "[variables('_parserName1')]",
      "properties": {
        "eTag": "*",
        "displayName": "JuniperSRX",
        "category": "Samples",
        "functionAlias": "JuniperSRX",
        "query": "\nlet LogHeader = Syslog\r\n| where Computer in (\"server1\", \"server2\") // server1 and server2 are examples, replace this list with your Juniper SRX devices\r\n| extend Parser = extract_all(@\"\\<\\d+\\>(\\w+\\s\\d+\\s[0-9\\:]+)\\s(\\w+)\\s?(\\w+)?\\[?([\\w]+)?\\]?\\s([\\S\\s]+)\", dynamic([1,2,3,4,5]),SyslogMessage)\r\n| mv-expand Parser\r\n| extend EventTimestamp = tostring(Parser[0]),\r\n         DvcHostname = tostring(Parser[1]),\r\n         EventType = tostring(Parser[2]),\r\n         ProcessId = toint(Parser[3]),\r\n         Message = trim(\"- \",tostring(Parser[4]))\r\n| project-away Parser;\r\nlet SshEvents = LogHeader\r\n| where EventType =~ \"sshd\"\r\n| extend Parser = extract_all(@\"password\\sfor\\s(\\w+)\\sfrom\\s([0-9.]+)\\sport\\s(\\d+)\",dynamic([1,2,3]), Message)\r\n| mv-expand Parser\r\n| extend UserName = tostring(Parser[0]),\r\n         SrcIpAddr = tostring(Parser[1]),\r\n         SrcPortNumber = toint(Parser[2])\r\n| extend EventName = extract(@\"^(\\w+\\s?\\w+?)\\s(for|from)\",1, Message)\r\n| extend UserName = iif(isempty(UserName), extract(@\"for\\suser\\s\\'(\\w+)\\'\\sfrom\\shost\\s\\'([0-9\\.]+)\\'\",1, Message), UserName)\r\n| extend UserName = iif(isempty(UserName), extract(@\"PAM_USER\\:\\s(\\w+)\",1, Message), UserName)\r\n| extend UserName = iif(isempty(UserName), extract(@\"user:\\s(\\w+)\",1, Message), UserName)\r\n| extend SrcIpAddr = iif(isempty(SrcIpAddr), extract(@\"from\\s(host)?\\s?\\'?([0-9.]+)\\'?\",2, Message), SrcIpAddr)\r\n| extend SrcIpAddr = iif(isempty(SrcIpAddr), extract(@\"source\\:\\s([0-9.]+)\\,\",1, Message), SrcIpAddr)\r\n| project-away Parser;\r\nlet IdsEvents = LogHeader\r\n| where EventType == \"RT_IDS\"\r\n| extend SrcIpAddr = extract(@\"source\\:\\s([0-9.]+)\\,?\\:?(\\d+)?\",1, Message),\r\n         SrcPortNumber = toint(extract(@\"source\\:\\s([0-9.]+)\\,?\\:?(\\d+)?\",2, Message)),\r\n         DstIpAddr = extract(@\"destination\\:\\s([0-9.]+)\\,?\",1, Message),\r\n         DstPortNumber = toint(extract(@\"destination\\:\\s([0-9.]+)\\,?\\:?(\\d+)?\",2, Message)),\r\n         ProtocolId = toint(extract(@\"protocol-id\\:\\s([0-9.]+)\\,\",1, Message)),\r\n         ZoneName = extract(@\"zone\\sname\\:\\s([\\w]+)\\,\",1, Message),\r\n         InterfaceName = extract(@\"interface\\sname\\:\\s([\\w\\.]+)\\,\",1, Message),\r\n         Action = extract(@\"action\\:\\s([\\w\\-\\.]+)\",1, Message);\r\nlet FlowEvents = LogHeader\r\n| where EventType == \"RT_FLOW\"\r\n| extend Parser = extract_all(@\"^([\\w\\s\\-]+)(\\s\\d|\\:)\\s?([\\d\\.]+)\\/(\\d+)\\-\\>([\\d\\.]+)\\/(\\d+)\\s(\\w+)?\\s?([\\w\\-]+)\\s([\\d\\.]+)\\/(\\d+)\\-\\>([\\d\\.]+)\\/(\\d+)\\s([\\S\\s]+)\",dynamic([1,2,3,4,5,6,7,8,9,10,11,12,13]), Message)\r\n| mv-expand Parser\r\n| extend EventName = tostring(Parser[0]),\r\n         SrcIpAddr = tostring(Parser[2]),\r\n         SrcPortNumber = toint(Parser[3]),\r\n         DstIpAddr = tostring(Parser[4]),\r\n         DstPortNumber = toint(Parser[5]),\r\n         ServiceName = tostring(Parser[7]),\r\n         SrcNatIpAddr = tostring(Parser[8]),\r\n         SrcNatPortNumber = toint(Parser[9]),\r\n         DstNatIpAddr = tostring(Parser[10]),\r\n         DstNatPortNumber = toint(Parser[11]),\r\n         Substring = tostring(Parser[12])\r\n| extend Parser2 = extract_all(@\"(0x0/s)?([\\S]+)\\s([\\S]+)\\s([\\S]+)\\s([\\S]+)\\s(\\d+)\\s([\\S]+)\\s([\\S]+)\\s([\\S]+)\\s(\\d+)\",dynamic([1,2,3,4,5,6,7,8,9,10]), Substring)\r\n| mvexpand Parser2\r\n| extend ProtocolId = toint(Parser2[5]),\r\n         PolicyName = tostring(Parser2[6]),\r\n         SrcNatRuleName = tostring(Parser2[7]),\r\n         DstNatRuleName = tostring(Parser2[8]),\r\n         SessionId = toint(Parser2[9])\r\n| project-away Parser, Parser2, Substring;\r\nlet AllOtherEvents = LogHeader\r\n| where EventType !in (\"sshd\",\"RT_IDS\",\"RT_FLOW\")\r\n| extend EventName = extract(@\"^([\\w\\s]+)\\s(0)\",1, Message);\r\nunion SshEvents, IdsEvents, FlowEvents, AllOtherEvents\r\n| extend EventName = iif(isempty(EventName), extract(@\"^([\\w\\s]+)\\s(\\d.*)\",1, Message), EventName)\r\n",
        "version": 1
      }
    },
    {
      "type": "Microsoft.OperationalInsights/workspaces/providers/metadata",
      "apiVersion": "2022-01-01-preview",
      "name": "[concat(parameters('workspace'),'/Microsoft.SecurityInsights/',concat('Parser-', last(split(variables('_parserId1'),'/'))))]",
      "dependsOn": [
        "[variables('_parserId1')]"
      ],
      "properties": {
        "parentId": "[resourceId('Microsoft.OperationalInsights/workspaces/savedSearches', parameters('workspace'), variables('parserName1'))]",
        "contentId": "[variables('_parserContentId1')]",
        "kind": "Parser",
        "version": "[variables('parserVersion1')]",
        "source": {
          "kind": "Solution",
          "name": "Juniper SRX",
          "sourceId": "[variables('_solutionId')]"
        },
        "author": {
          "name": "Microsoft",
          "email": "[variables('_email')]"
        },
        "support": {
          "name": "Microsoft Corporation",
          "email": "support@microsoft.com",
          "tier": "Microsoft",
          "link": "https://support.microsoft.com"
        }
      }
    },
    {
      "type": "Microsoft.OperationalInsights/workspaces/providers/metadata",
      "apiVersion": "2022-01-01-preview",
      "properties": {
        "version": "2.0.0",
        "kind": "Solution",
        "contentSchemaVersion": "2.0.0",
        "contentId": "[variables('_solutionId')]",
        "parentId": "[variables('_solutionId')]",
        "source": {
          "kind": "Solution",
          "name": "Juniper SRX",
          "sourceId": "[variables('_solutionId')]"
        },
        "author": {
          "name": "Microsoft",
          "email": "[variables('_email')]"
        },
        "support": {
          "name": "Microsoft Corporation",
          "email": "support@microsoft.com",
          "tier": "Microsoft",
          "link": "https://support.microsoft.com"
        },
        "dependencies": {
          "operator": "AND",
          "criteria": [
            {
              "kind": "DataConnector",
              "contentId": "[variables('_dataConnectorContentId1')]",
              "version": "[variables('dataConnectorVersion1')]"
            },
            {
              "kind": "Parser",
              "contentId": "[variables('_parserContentId1')]",
              "version": "[variables('parserVersion1')]"
            }
          ]
        },
        "firstPublishDate": "2022-05-02",
        "providers": [
          "Juniper"
        ],
        "categories": {
          "domains": [
            "Networking"
          ]
        }
      },
      "name": "[concat(parameters('workspace'),'/Microsoft.SecurityInsights/', variables('_solutionId'))]"
    }
  ],
  "outputs": {}
}
