{
  "$schema": "https://schema.management.azure.com/schemas/2019-04-01/deploymentTemplate.json#",
  "contentVersion": "1.0.0.0",
  "metadata": {
    "author": "Microsoft - support@microsoft.com",
    "comments": "Solution template for Juniper SRX"
  },
  "parameters": {
    "location": {
      "type": "string",
      "minLength": 1,
      "defaultValue": "[resourceGroup().location]",
      "metadata": {
        "description": "Not used, but needed to pass arm-ttk test `Location-Should-Not-Be-Hardcoded`.  We instead use the `workspace-location` which is derived from the LA workspace"
      }
    },
    "workspace-location": {
      "type": "string",
      "defaultValue": "",
      "metadata": {
        "description": "[concat('Region to deploy solution resources -- separate from location selection',parameters('location'))]"
      }
    },
    "workspace": {
      "defaultValue": "",
      "type": "string",
      "metadata": {
        "description": "Workspace name for Log Analytics where Microsoft Sentinel is setup"
      }
    }
  },
  "variables": {
    "email": "support@microsoft.com",
    "_email": "[variables('email')]",
    "_solutionName": "Juniper SRX",
    "_solutionVersion": "3.0.0",
    "solutionId": "azuresentinel.azure-sentinel-solution-junipersrx",
    "_solutionId": "[variables('solutionId')]",
    "uiConfigId1": "JuniperSRX",
    "_uiConfigId1": "[variables('uiConfigId1')]",
    "dataConnectorContentId1": "JuniperSRX",
    "_dataConnectorContentId1": "[variables('dataConnectorContentId1')]",
    "dataConnectorId1": "[extensionResourceId(resourceId('Microsoft.OperationalInsights/workspaces', parameters('workspace')), 'Microsoft.SecurityInsights/dataConnectors', variables('_dataConnectorContentId1'))]",
    "_dataConnectorId1": "[variables('dataConnectorId1')]",
    "dataConnectorTemplateSpecName1": "[concat(parameters('workspace'),'/Microsoft.SecurityInsights/',concat(parameters('workspace'),'-dc-',uniquestring(variables('_dataConnectorContentId1'))))]",
    "dataConnectorVersion1": "1.0.0",
    "_dataConnectorcontentProductId1": "[concat(take(variables('_solutionId'),50),'-','dc','-', uniqueString(concat(variables('_solutionId'),'-','DataConnector','-',variables('_dataConnectorContentId1'),'-', variables('dataConnectorVersion1'))))]",
    "parserName1": "JuniperSRX",
    "_parserName1": "[concat(parameters('workspace'),'/',variables('parserName1'))]",
    "parserId1": "[resourceId('Microsoft.OperationalInsights/workspaces/savedSearches', parameters('workspace'), variables('parserName1'))]",
    "_parserId1": "[variables('parserId1')]",
    "parserTemplateSpecName1": "[concat(parameters('workspace'),'/Microsoft.SecurityInsights/',concat(parameters('workspace'),'-pr-',uniquestring(variables('_parserContentId1'))))]",
    "parserVersion1": "1.0.0",
    "parserContentId1": "JuniperSRX-Parser",
    "_parserContentId1": "[variables('parserContentId1')]",
    "_parsercontentProductId1": "[concat(take(variables('_solutionId'),50),'-','pr','-', uniqueString(concat(variables('_solutionId'),'-','Parser','-',variables('_parserContentId1'),'-', variables('parserVersion1'))))]",
    "_solutioncontentProductId": "[concat(take(variables('_solutionId'),50),'-','sl','-', uniqueString(concat(variables('_solutionId'),'-','Solution','-',variables('_solutionId'),'-', variables('_solutionVersion'))))]"
  },
  "resources": [
    {
      "type": "Microsoft.OperationalInsights/workspaces/providers/contentTemplates",
      "apiVersion": "2023-04-01-preview",
      "name": "[variables('dataConnectorTemplateSpecName1')]",
      "location": "[parameters('workspace-location')]",
      "dependsOn": [
        "[extensionResourceId(resourceId('Microsoft.OperationalInsights/workspaces', parameters('workspace')), 'Microsoft.SecurityInsights/contentPackages', variables('_solutionId'))]"
      ],
      "properties": {
        "description": "Juniper SRX data connector with template version 3.0.0",
        "mainTemplate": {
          "$schema": "https://schema.management.azure.com/schemas/2019-04-01/deploymentTemplate.json#",
          "contentVersion": "[variables('dataConnectorVersion1')]",
          "parameters": {},
          "variables": {},
          "resources": [
            {
              "name": "[concat(parameters('workspace'),'/Microsoft.SecurityInsights/',variables('_dataConnectorContentId1'))]",
              "apiVersion": "2021-03-01-preview",
              "type": "Microsoft.OperationalInsights/workspaces/providers/dataConnectors",
              "location": "[parameters('workspace-location')]",
              "kind": "GenericUI",
              "properties": {
                "connectorUiConfig": {
                  "id": "[variables('_uiConfigId1')]",
                  "title": "Juniper SRX",
                  "publisher": "Juniper",
                  "descriptionMarkdown": "The [Juniper SRX](https://www.juniper.net/us/en/products-services/security/srx-series/) connector allows you to easily connect your Juniper SRX logs with Microsoft Sentinel. This gives you more insight into your organization's network and improves your security operation capabilities.",
                  "additionalRequirementBanner": "These queries are dependent on a parser based on a Kusto Function deployed as part of the solution.",
                  "graphQueries": [
                    {
                      "metricName": "Total data received",
                      "legend": "JuniperSRX",
                      "baseQuery": "JuniperSRX"
                    }
                  ],
                  "sampleQueries": [
                    {
                      "description": "Top 10 Users with Failed Passwords",
                      "query": "JuniperSRX \n| where EventType == \"sshd\" \n| where EventName == \"Failed password\" \n| summarize count() by UserName \n| top 10 by count_"
                    },
                    {
                      "description": "Top 10 IDS Detections by Source IP Address",
                      "query": "JuniperSRX \n| where EventType == \"RT_IDS\" \n| summarize count() by SrcIpAddr \n| top 10 by count_"
                    }
                  ],
                  "dataTypes": [
                    {
                      "name": "Syslog (JuniperSRX)",
                      "lastDataReceivedQuery": "JuniperSRX \n            | summarize Time = max(TimeGenerated)\n            | where isnotempty(Time)"
                    }
                  ],
                  "connectivityCriterias": [
                    {
                      "type": "IsConnectedQuery",
                      "value": [
                        "JuniperSRX \n      | where TimeGenerated > ago(3d)\n       |take 1\n       | project IsConnected = true"
                      ]
                    }
                  ],
                  "availability": {
                    "status": 1,
                    "isPreview": false
                  },
                  "permissions": {
                    "resourceProvider": [
                      {
                        "provider": "Microsoft.OperationalInsights/workspaces",
                        "permissionsDisplayText": "write permission is required.",
                        "providerDisplayName": "Workspace",
                        "scope": "Workspace",
                        "requiredPermissions": {
                          "write": true,
                          "delete": true
                        }
                      }
                    ],
                    "customs": [
                      {
                        "name": "Juniper SRX",
                        "description": "must be configured to export logs via Syslog"
                      }
                    ]
                  },
                  "instructionSteps": [
                    {
                      "description": ">**NOTE:** This data connector depends on a parser based on a Kusto Function to work as expected which is deployed as part of the solution. To view the function code in Log Analytics, open Log Analytics/Microsoft Sentinel Logs blade, click Functions and search for the alias JuniperSRX and load the function code or click [here](https://github.com/Azure/Azure-Sentinel/blob/master/Solutions/Juniper%20SRX/Parsers/JuniperSRX.txt), on the second line of the query, enter the hostname(s) of your JuniperSRX device(s) and any other unique identifiers for the logstream. The function usually takes 10-15 minutes to activate after solution installation/update."
                    },
                    {
                      "description": "Typically, you should install the agent on a different computer from the one on which the logs are generated.\n\n>  Syslog logs are collected only from **Linux** agents.",
                      "instructions": [
                        {
                          "parameters": {
                            "title": "Choose where to install the agent:",
                            "instructionSteps": [
                              {
                                "title": "Install agent on Azure Linux Virtual Machine",
                                "description": "Select the machine to install the agent on and then click **Connect**.",
                                "instructions": [
                                  {
                                    "parameters": {
                                      "linkType": "InstallAgentOnLinuxVirtualMachine"
                                    },
                                    "type": "InstallAgent"
                                  }
                                ]
                              },
                              {
                                "title": "Install agent on a non-Azure Linux Machine",
                                "description": "Download the agent on the relevant machine and follow the instructions.",
                                "instructions": [
                                  {
                                    "parameters": {
                                      "linkType": "InstallAgentOnLinuxNonAzure"
                                    },
                                    "type": "InstallAgent"
                                  }
                                ]
                              }
                            ]
                          },
                          "type": "InstructionStepsGroup"
                        }
                      ],
                      "title": "1. Install and onboard the agent for Linux"
                    },
                    {
                      "description": "Configure the facilities you want to collect and their severities.\n 1. Under workspace advanced settings **Configuration**, select **Data** and then **Syslog**.\n 2. Select **Apply below configuration to my machines** and select the facilities and severities.\n 3.  Click **Save**.",
                      "instructions": [
                        {
                          "parameters": {
                            "linkType": "OpenSyslogSettings"
                          },
                          "type": "InstallAgent"
                        }
                      ],
                      "title": "2. Configure the logs to be collected"
                    },
                    {
                      "description": "1. Follow these instructions to configure the Juniper SRX to forward syslog: \n - [Traffic Logs (Security Policy Logs)](https://kb.juniper.net/InfoCenter/index?page=content&id=KB16509&actp=METADATA) \n - [System Logs](https://kb.juniper.net/InfoCenter/index?page=content&id=kb16502)\n2. Use the IP address or hostname for the Linux device with the Linux agent installed as the Destination IP address.",
                      "title": "3. Configure and connect the Juniper SRX"
                    }
                  ]
                }
              }
            },
            {
              "type": "Microsoft.OperationalInsights/workspaces/providers/metadata",
              "apiVersion": "2023-04-01-preview",
              "name": "[concat(parameters('workspace'),'/Microsoft.SecurityInsights/',concat('DataConnector-', last(split(variables('_dataConnectorId1'),'/'))))]",
              "properties": {
                "parentId": "[extensionResourceId(resourceId('Microsoft.OperationalInsights/workspaces', parameters('workspace')), 'Microsoft.SecurityInsights/dataConnectors', variables('_dataConnectorContentId1'))]",
                "contentId": "[variables('_dataConnectorContentId1')]",
                "kind": "DataConnector",
                "version": "[variables('dataConnectorVersion1')]",
                "source": {
                  "kind": "Solution",
                  "name": "Juniper SRX",
                  "sourceId": "[variables('_solutionId')]"
                },
                "author": {
                  "name": "Microsoft",
                  "email": "[variables('_email')]"
                },
                "support": {
                  "name": "Microsoft Corporation",
                  "email": "support@microsoft.com",
                  "tier": "Microsoft",
                  "link": "https://support.microsoft.com"
                }
              }
            }
          ]
        },
        "packageKind": "Solution",
        "packageVersion": "[variables('_solutionVersion')]",
        "packageName": "[variables('_solutionName')]",
        "packageId": "[variables('_solutionId')]",
        "contentSchemaVersion": "3.0.0",
        "contentId": "[variables('_dataConnectorContentId1')]",
        "contentKind": "DataConnector",
        "displayName": "Juniper SRX",
        "contentProductId": "[variables('_dataConnectorcontentProductId1')]",
        "id": "[variables('_dataConnectorcontentProductId1')]",
        "version": "[variables('dataConnectorVersion1')]"
      }
    },
    {
      "type": "Microsoft.OperationalInsights/workspaces/providers/metadata",
      "apiVersion": "2023-04-01-preview",
      "name": "[concat(parameters('workspace'),'/Microsoft.SecurityInsights/',concat('DataConnector-', last(split(variables('_dataConnectorId1'),'/'))))]",
      "dependsOn": [
        "[variables('_dataConnectorId1')]"
      ],
      "location": "[parameters('workspace-location')]",
      "properties": {
        "parentId": "[extensionResourceId(resourceId('Microsoft.OperationalInsights/workspaces', parameters('workspace')), 'Microsoft.SecurityInsights/dataConnectors', variables('_dataConnectorContentId1'))]",
        "contentId": "[variables('_dataConnectorContentId1')]",
        "kind": "DataConnector",
        "version": "[variables('dataConnectorVersion1')]",
        "source": {
          "kind": "Solution",
          "name": "Juniper SRX",
          "sourceId": "[variables('_solutionId')]"
        },
        "author": {
          "name": "Microsoft",
          "email": "[variables('_email')]"
        },
        "support": {
          "name": "Microsoft Corporation",
          "email": "support@microsoft.com",
          "tier": "Microsoft",
          "link": "https://support.microsoft.com"
        }
      }
    },
    {
      "name": "[concat(parameters('workspace'),'/Microsoft.SecurityInsights/',variables('_dataConnectorContentId1'))]",
      "apiVersion": "2021-03-01-preview",
      "type": "Microsoft.OperationalInsights/workspaces/providers/dataConnectors",
      "location": "[parameters('workspace-location')]",
      "kind": "GenericUI",
      "properties": {
        "connectorUiConfig": {
          "title": "Juniper SRX",
          "publisher": "Juniper",
          "descriptionMarkdown": "The [Juniper SRX](https://www.juniper.net/us/en/products-services/security/srx-series/) connector allows you to easily connect your Juniper SRX logs with Microsoft Sentinel. This gives you more insight into your organization's network and improves your security operation capabilities.",
          "graphQueries": [
            {
              "metricName": "Total data received",
              "legend": "JuniperSRX",
              "baseQuery": "JuniperSRX"
            }
          ],
          "dataTypes": [
            {
              "name": "Syslog (JuniperSRX)",
              "lastDataReceivedQuery": "JuniperSRX \n            | summarize Time = max(TimeGenerated)\n            | where isnotempty(Time)"
            }
          ],
          "connectivityCriterias": [
            {
              "type": "IsConnectedQuery",
              "value": [
                "JuniperSRX \n      | where TimeGenerated > ago(3d)\n       |take 1\n       | project IsConnected = true"
              ]
            }
          ],
          "sampleQueries": [
            {
              "description": "Top 10 Users with Failed Passwords",
              "query": "JuniperSRX \n| where EventType == \"sshd\" \n| where EventName == \"Failed password\" \n| summarize count() by UserName \n| top 10 by count_"
            },
            {
              "description": "Top 10 IDS Detections by Source IP Address",
              "query": "JuniperSRX \n| where EventType == \"RT_IDS\" \n| summarize count() by SrcIpAddr \n| top 10 by count_"
            }
          ],
          "availability": {
            "status": 1,
            "isPreview": false
          },
          "permissions": {
            "resourceProvider": [
              {
                "provider": "Microsoft.OperationalInsights/workspaces",
                "permissionsDisplayText": "write permission is required.",
                "providerDisplayName": "Workspace",
                "scope": "Workspace",
                "requiredPermissions": {
                  "write": true,
                  "delete": true
                }
              }
            ],
            "customs": [
              {
                "name": "Juniper SRX",
                "description": "must be configured to export logs via Syslog"
              }
            ]
          },
          "instructionSteps": [
            {
              "description": ">**NOTE:** This data connector depends on a parser based on a Kusto Function to work as expected which is deployed as part of the solution. To view the function code in Log Analytics, open Log Analytics/Microsoft Sentinel Logs blade, click Functions and search for the alias JuniperSRX and load the function code or click [here](https://github.com/Azure/Azure-Sentinel/blob/master/Solutions/Juniper%20SRX/Parsers/JuniperSRX.txt), on the second line of the query, enter the hostname(s) of your JuniperSRX device(s) and any other unique identifiers for the logstream. The function usually takes 10-15 minutes to activate after solution installation/update."
            },
            {
              "description": "Typically, you should install the agent on a different computer from the one on which the logs are generated.\n\n>  Syslog logs are collected only from **Linux** agents.",
              "instructions": [
                {
                  "parameters": {
                    "title": "Choose where to install the agent:",
                    "instructionSteps": [
                      {
                        "title": "Install agent on Azure Linux Virtual Machine",
                        "description": "Select the machine to install the agent on and then click **Connect**.",
                        "instructions": [
                          {
                            "parameters": {
                              "linkType": "InstallAgentOnLinuxVirtualMachine"
                            },
                            "type": "InstallAgent"
                          }
                        ]
                      },
                      {
                        "title": "Install agent on a non-Azure Linux Machine",
                        "description": "Download the agent on the relevant machine and follow the instructions.",
                        "instructions": [
                          {
                            "parameters": {
                              "linkType": "InstallAgentOnLinuxNonAzure"
                            },
                            "type": "InstallAgent"
                          }
                        ]
                      }
                    ]
                  },
                  "type": "InstructionStepsGroup"
                }
              ],
              "title": "1. Install and onboard the agent for Linux"
            },
            {
              "description": "Configure the facilities you want to collect and their severities.\n 1. Under workspace advanced settings **Configuration**, select **Data** and then **Syslog**.\n 2. Select **Apply below configuration to my machines** and select the facilities and severities.\n 3.  Click **Save**.",
              "instructions": [
                {
                  "parameters": {
                    "linkType": "OpenSyslogSettings"
                  },
                  "type": "InstallAgent"
                }
              ],
              "title": "2. Configure the logs to be collected"
            },
            {
              "description": "1. Follow these instructions to configure the Juniper SRX to forward syslog: \n - [Traffic Logs (Security Policy Logs)](https://kb.juniper.net/InfoCenter/index?page=content&id=KB16509&actp=METADATA) \n - [System Logs](https://kb.juniper.net/InfoCenter/index?page=content&id=kb16502)\n2. Use the IP address or hostname for the Linux device with the Linux agent installed as the Destination IP address.",
              "title": "3. Configure and connect the Juniper SRX"
            }
          ],
          "id": "[variables('_uiConfigId1')]",
          "additionalRequirementBanner": "These queries are dependent on a parser based on a Kusto Function deployed as part of the solution."
        }
      }
    },
    {
      "type": "Microsoft.OperationalInsights/workspaces/providers/contentTemplates",
      "apiVersion": "2023-04-01-preview",
      "name": "[variables('parserTemplateSpecName1')]",
      "location": "[parameters('workspace-location')]",
      "dependsOn": [
        "[extensionResourceId(resourceId('Microsoft.OperationalInsights/workspaces', parameters('workspace')), 'Microsoft.SecurityInsights/contentPackages', variables('_solutionId'))]"
      ],
      "properties": {
        "description": "JuniperSRX Data Parser with template version 3.0.0",
        "mainTemplate": {
          "$schema": "https://schema.management.azure.com/schemas/2019-04-01/deploymentTemplate.json#",
          "contentVersion": "[variables('parserVersion1')]",
          "parameters": {},
          "variables": {},
          "resources": [
            {
              "name": "[variables('_parserName1')]",
              "apiVersion": "2022-10-01",
              "type": "Microsoft.OperationalInsights/workspaces/savedSearches",
              "location": "[parameters('workspace-location')]",
              "properties": {
                "eTag": "*",
                "displayName": "JuniperSRX",
                "category": "Samples",
                "functionAlias": "JuniperSRX",
                "query": "\n\r\nlet LogHeader = Syslog\r\n| extend Parser = extract_all(@\"(\\w+)\\:?\\s([\\S\\s]+)\", dynamic([1,2]),SyslogMessage)\r\n| mv-expand Parser\r\n| extend EventTimestamp = EventTime,\r\n         DvcHostname = HostName,\r\n         EventType = ProcessName,\r\n         ProcessId = ProcessID,\r\n         Message = trim(\"- \",tostring(Parser[1]))\r\n| project-away Parser;\r\nlet SshEvents = LogHeader\r\n| where EventType =~ \"sshd\"\r\n| extend Parser = extract_all(@\"password\\sfor\\s(\\w+)\\sfrom\\s([0-9.]+)\\sport\\s(\\d+)\",dynamic([1,2,3]), Message)\r\n| mv-expand Parser\r\n| extend UserName = tostring(Parser[0]),\r\n         SrcIpAddr = tostring(Parser[1]),\r\n         DstIpAddr = \"\",\r\n         SrcPortNumber = toint(Parser[2]),\r\n         DstPortNumber = toint(\"\"),\r\n         ZoneName = \"\",\r\n         InterfaceName = \"\",\r\n         Action = \"\"\r\n| extend EventName = extract(@\"^(\\w+\\s?\\w+?)\\s(for|from)\",1, Message)\r\n| extend EventName = extract(@\"([\\w\\s]+\\!)\",1, Message)\r\n| extend UserName = iif(isempty(UserName), extract(@\"for\\suser\\s\\'(\\w+)\\'\\sfrom\\shost\\s\\'([0-9\\.]+)\\'\",1, Message), UserName)\r\n| extend UserName = iif(isempty(UserName), extract(@\"PAM_USER\\:\\s(\\w+)\",1, Message), UserName)\r\n| extend UserName = iif(isempty(UserName), extract(@\"user:\\s(\\w+)\",1, Message), UserName)\r\n| extend SrcIpAddr = iif(isempty(SrcIpAddr), extract(@\"from\\s(host)?\\s?\\'?([0-9.]+)\\'?\",2, Message), SrcIpAddr)\r\n| extend SrcIpAddr = iif(isempty(SrcIpAddr), extract(@\"source\\:\\s([0-9.]+)\\:\",1, Message), SrcIpAddr)\r\n| extend SrcIpAddr = iif(isempty(SrcIpAddr), extract(@\"closed\\sby\\s([0-9.]+)\\s\",1, Message), SrcIpAddr)\r\n| extend DstIpAddr = iif(isempty(DstIpAddr), extract(@\"destination\\:\\s([0-9.]+)\\:[0-9]+\",1, Message), DstIpAddr)\r\n| extend DstPortNumber = iif(isempty(DstPortNumber), toint(extract(@\"destination\\:\\s[0-9.]+\\:([0-9]+)\",1, Message)), DstPortNumber)\r\n| extend SrcPortNumber = iif(isempty(SrcPortNumber), toint(extract(@\"closed\\sby\\s([0-9.]+)\\sport\\s([0-9]+)\",2, Message)), SrcPortNumber)\r\n| extend SrcPortNumber = iif(isempty(SrcPortNumber), toint(extract(@\"source\\:\\s[0-9.]+\\:([0-9]+)\",1, Message)), SrcPortNumber)\r\n| extend ZoneName = iif(isempty(ZoneName), extract(@\"zone\\sname\\:\\s([\\w]+)\\,\\s\",1, Message), ZoneName)\r\n| extend InterfaceName = iif(isempty(InterfaceName), extract(@\"interface\\sname\\:\\s([\\w\\-\\.\\/]+)\\,\\s\",1, Message), InterfaceName)\r\n| extend Action = iif(isempty(Action), extract(@\"action\\:\\s([\\w]+)\",1, Message), Action)\r\n| project-away Parser;\r\nlet IdsEvents = LogHeader\r\n| where EventType == \"RT_IDS\"\r\n| extend SrcIpAddr = extract(@\"source\\:\\s([0-9.]+)\\,?\\:?(\\d+)?\",1, Message),\r\n         SrcPortNumber = toint(extract(@\"source\\:\\s([0-9.]+)\\,?\\:?(\\d+)?\",2, Message)),\r\n         DstIpAddr = extract(@\"destination\\:\\s([0-9.]+)\\,?\",1, Message),\r\n         DstPortNumber = toint(extract(@\"destination\\:\\s([0-9.]+)\\,?\\:?(\\d+)?\",2, Message)),\r\n         ProtocolId = toint(extract(@\"protocol-id\\:\\s([0-9.]+)\\,\",1, Message)),\r\n         ZoneName = extract(@\"zone\\sname\\:\\s([\\w]+)\\,\",1, Message),\r\n         InterfaceName = extract(@\"interface\\sname\\:\\s([\\w\\.]+)\\,\",1, Message),\r\n         Action = extract(@\"action\\:\\s([\\w\\-\\.]+)\",1, Message);\r\nlet FlowEvents = LogHeader\r\n| where EventType == \"RT_FLOW\"\r\n| extend FlowEventName = extract(@\"^([\\w\\s]+)\\s(\\d.*)\",1, Message);\r\nlet FlowDenyEvents = FlowEvents\r\n| where FlowEventName =~ 'session denied'\r\n| extend Parser = extract_all(@\"^([\\w\\s\\-]+)(\\s|\\:)\\s?([\\d\\.]+)\\/(\\d+)\\-\\>([\\d\\.]+)\\/(\\d+)\\s(\\w+)?\\s?([\\w\\-]+)\\s([\\S\\s]+)\",dynamic([1,2,3,4,5,6,7,8,9]), Message)\r\n| mv-expand Parser\r\n| extend EventName = tostring(Parser[0]),\r\n         SrcIpAddr = tostring(Parser[2]),\r\n         SrcPortNumber = toint(Parser[3]),\r\n         DstIpAddr = tostring(Parser[4]),\r\n         DstPortNumber = toint(Parser[5]),\r\n         ServiceName = tostring(Parser[7]),\r\n         Substring = tostring(Parser[8])\r\n| project-away Parser, Substring;\r\nlet FlowNotDenyEvents = FlowEvents\r\n| where FlowEventName !~ 'session denied'\r\n| extend Parser = extract_all(@\"^([\\w\\s\\-]+)(\\s|\\:)\\s?([\\d\\.]+)\\/(\\d+)\\-\\>([\\d\\.]+)\\/(\\d+)\\s(\\w+)?\\s?([\\w\\-]+)\\s([\\d\\.]+)\\/(\\d+)\\-\\>([\\d\\.]+)\\/(\\d+)\\s([\\S\\s]+)\",dynamic([1,2,3,4,5,6,7,8,9,10,11,12,13]), Message)\r\n| mv-expand Parser\r\n| extend EventName = tostring(Parser[0]),\r\n         SrcIpAddr = tostring(Parser[2]),\r\n         SrcPortNumber = toint(Parser[3]),\r\n         DstIpAddr = tostring(Parser[4]),\r\n         DstPortNumber = toint(Parser[5]),\r\n         ServiceName = tostring(Parser[7]),\r\n         SrcNatIpAddr = tostring(Parser[8]),\r\n         SrcNatPortNumber = toint(Parser[9]),\r\n         DstNatIpAddr = tostring(Parser[10]),\r\n         DstNatPortNumber = toint(Parser[11]),\r\n         Substring = tostring(Parser[12])\r\n| extend Parser2 = extract_all(@\"(0x0/s)?([\\S]+)\\s([\\S]+)\\s([\\S]+)\\s([\\S]+)\\s(\\d+)\\s([\\S]+)\\s([\\S]+)\\s([\\S]+)\\s(\\d+)\",dynamic([1,2,3,4,5,6,7,8,9,10]), Substring)\r\n| mvexpand Parser2\r\n| extend SrcNatRuleName = tostring(Parser2[2]),\r\n         DstNatRuleName = tostring(Parser2[4]),\r\n         ProtocolId = toint(Parser2[5]),\r\n         PolicyName = tostring(Parser2[6]),\r\n         SourceZoneName = tostring(Parser2[7]),\r\n         DestinationZoneName = tostring(Parser2[8]),\r\n         SessionId = toint(Parser2[9])\r\n| project-away Parser, Parser2, Substring;\r\nlet AllOtherEvents = LogHeader\r\n| where EventType !in (\"sshd\",\"RT_IDS\",\"RT_FLOW\")\r\n| extend EventName = extract(@\"^([\\w\\s]+)\\s(0)\",1, Message);\r\nunion SshEvents, IdsEvents, AllOtherEvents, FlowNotDenyEvents, FlowDenyEvents\r\n| extend EventName = iif(isempty(EventName), extract(@\"^([\\w\\s]+)\\s(\\d.*)\",1, Message), EventName)",
                "functionParameters": "",
                "version": 1,
                "tags": [
                  {
                    "name": "description",
                    "value": "JuniperSRX"
                  }
                ]
              }
            },
            {
              "type": "Microsoft.OperationalInsights/workspaces/providers/metadata",
              "apiVersion": "2022-01-01-preview",
              "name": "[concat(parameters('workspace'),'/Microsoft.SecurityInsights/',concat('Parser-', last(split(variables('_parserId1'),'/'))))]",
              "dependsOn": [
                "[variables('_parserName1')]"
              ],
              "properties": {
                "parentId": "[resourceId('Microsoft.OperationalInsights/workspaces/savedSearches', parameters('workspace'), variables('parserName1'))]",
                "contentId": "[variables('_parserContentId1')]",
                "kind": "Parser",
                "version": "[variables('parserVersion1')]",
                "source": {
                  "name": "Juniper SRX",
                  "kind": "Solution",
                  "sourceId": "[variables('_solutionId')]"
                },
                "author": {
                  "name": "Microsoft",
                  "email": "[variables('_email')]"
                },
                "support": {
                  "name": "Microsoft Corporation",
                  "email": "support@microsoft.com",
                  "tier": "Microsoft",
                  "link": "https://support.microsoft.com"
                }
              }
            }
          ]
        },
        "packageKind": "Solution",
        "packageVersion": "[variables('_solutionVersion')]",
        "packageName": "[variables('_solutionName')]",
        "packageId": "[variables('_solutionId')]",
        "contentSchemaVersion": "3.0.0",
        "contentId": "[variables('_parserContentId1')]",
        "contentKind": "Parser",
        "displayName": "JuniperSRX",
        "contentProductId": "[variables('_parsercontentProductId1')]",
        "id": "[variables('_parsercontentProductId1')]",
        "version": "[variables('parserVersion1')]"
      }
    },
    {
      "type": "Microsoft.OperationalInsights/workspaces/savedSearches",
      "apiVersion": "2022-10-01",
      "name": "[variables('_parserName1')]",
      "location": "[parameters('workspace-location')]",
      "properties": {
        "eTag": "*",
        "displayName": "JuniperSRX",
        "category": "Samples",
        "functionAlias": "JuniperSRX",
        "query": "\n\r\nlet LogHeader = Syslog\r\n| extend Parser = extract_all(@\"(\\w+)\\:?\\s([\\S\\s]+)\", dynamic([1,2]),SyslogMessage)\r\n| mv-expand Parser\r\n| extend EventTimestamp = EventTime,\r\n         DvcHostname = HostName,\r\n         EventType = ProcessName,\r\n         ProcessId = ProcessID,\r\n         Message = trim(\"- \",tostring(Parser[1]))\r\n| project-away Parser;\r\nlet SshEvents = LogHeader\r\n| where EventType =~ \"sshd\"\r\n| extend Parser = extract_all(@\"password\\sfor\\s(\\w+)\\sfrom\\s([0-9.]+)\\sport\\s(\\d+)\",dynamic([1,2,3]), Message)\r\n| mv-expand Parser\r\n| extend UserName = tostring(Parser[0]),\r\n         SrcIpAddr = tostring(Parser[1]),\r\n         DstIpAddr = \"\",\r\n         SrcPortNumber = toint(Parser[2]),\r\n         DstPortNumber = toint(\"\"),\r\n         ZoneName = \"\",\r\n         InterfaceName = \"\",\r\n         Action = \"\"\r\n| extend EventName = extract(@\"^(\\w+\\s?\\w+?)\\s(for|from)\",1, Message)\r\n| extend EventName = extract(@\"([\\w\\s]+\\!)\",1, Message)\r\n| extend UserName = iif(isempty(UserName), extract(@\"for\\suser\\s\\'(\\w+)\\'\\sfrom\\shost\\s\\'([0-9\\.]+)\\'\",1, Message), UserName)\r\n| extend UserName = iif(isempty(UserName), extract(@\"PAM_USER\\:\\s(\\w+)\",1, Message), UserName)\r\n| extend UserName = iif(isempty(UserName), extract(@\"user:\\s(\\w+)\",1, Message), UserName)\r\n| extend SrcIpAddr = iif(isempty(SrcIpAddr), extract(@\"from\\s(host)?\\s?\\'?([0-9.]+)\\'?\",2, Message), SrcIpAddr)\r\n| extend SrcIpAddr = iif(isempty(SrcIpAddr), extract(@\"source\\:\\s([0-9.]+)\\:\",1, Message), SrcIpAddr)\r\n| extend SrcIpAddr = iif(isempty(SrcIpAddr), extract(@\"closed\\sby\\s([0-9.]+)\\s\",1, Message), SrcIpAddr)\r\n| extend DstIpAddr = iif(isempty(DstIpAddr), extract(@\"destination\\:\\s([0-9.]+)\\:[0-9]+\",1, Message), DstIpAddr)\r\n| extend DstPortNumber = iif(isempty(DstPortNumber), toint(extract(@\"destination\\:\\s[0-9.]+\\:([0-9]+)\",1, Message)), DstPortNumber)\r\n| extend SrcPortNumber = iif(isempty(SrcPortNumber), toint(extract(@\"closed\\sby\\s([0-9.]+)\\sport\\s([0-9]+)\",2, Message)), SrcPortNumber)\r\n| extend SrcPortNumber = iif(isempty(SrcPortNumber), toint(extract(@\"source\\:\\s[0-9.]+\\:([0-9]+)\",1, Message)), SrcPortNumber)\r\n| extend ZoneName = iif(isempty(ZoneName), extract(@\"zone\\sname\\:\\s([\\w]+)\\,\\s\",1, Message), ZoneName)\r\n| extend InterfaceName = iif(isempty(InterfaceName), extract(@\"interface\\sname\\:\\s([\\w\\-\\.\\/]+)\\,\\s\",1, Message), InterfaceName)\r\n| extend Action = iif(isempty(Action), extract(@\"action\\:\\s([\\w]+)\",1, Message), Action)\r\n| project-away Parser;\r\nlet IdsEvents = LogHeader\r\n| where EventType == \"RT_IDS\"\r\n| extend SrcIpAddr = extract(@\"source\\:\\s([0-9.]+)\\,?\\:?(\\d+)?\",1, Message),\r\n         SrcPortNumber = toint(extract(@\"source\\:\\s([0-9.]+)\\,?\\:?(\\d+)?\",2, Message)),\r\n         DstIpAddr = extract(@\"destination\\:\\s([0-9.]+)\\,?\",1, Message),\r\n         DstPortNumber = toint(extract(@\"destination\\:\\s([0-9.]+)\\,?\\:?(\\d+)?\",2, Message)),\r\n         ProtocolId = toint(extract(@\"protocol-id\\:\\s([0-9.]+)\\,\",1, Message)),\r\n         ZoneName = extract(@\"zone\\sname\\:\\s([\\w]+)\\,\",1, Message),\r\n         InterfaceName = extract(@\"interface\\sname\\:\\s([\\w\\.]+)\\,\",1, Message),\r\n         Action = extract(@\"action\\:\\s([\\w\\-\\.]+)\",1, Message);\r\nlet FlowEvents = LogHeader\r\n| where EventType == \"RT_FLOW\"\r\n| extend FlowEventName = extract(@\"^([\\w\\s]+)\\s(\\d.*)\",1, Message);\r\nlet FlowDenyEvents = FlowEvents\r\n| where FlowEventName =~ 'session denied'\r\n| extend Parser = extract_all(@\"^([\\w\\s\\-]+)(\\s|\\:)\\s?([\\d\\.]+)\\/(\\d+)\\-\\>([\\d\\.]+)\\/(\\d+)\\s(\\w+)?\\s?([\\w\\-]+)\\s([\\S\\s]+)\",dynamic([1,2,3,4,5,6,7,8,9]), Message)\r\n| mv-expand Parser\r\n| extend EventName = tostring(Parser[0]),\r\n         SrcIpAddr = tostring(Parser[2]),\r\n         SrcPortNumber = toint(Parser[3]),\r\n         DstIpAddr = tostring(Parser[4]),\r\n         DstPortNumber = toint(Parser[5]),\r\n         ServiceName = tostring(Parser[7]),\r\n         Substring = tostring(Parser[8])\r\n| project-away Parser, Substring;\r\nlet FlowNotDenyEvents = FlowEvents\r\n| where FlowEventName !~ 'session denied'\r\n| extend Parser = extract_all(@\"^([\\w\\s\\-]+)(\\s|\\:)\\s?([\\d\\.]+)\\/(\\d+)\\-\\>([\\d\\.]+)\\/(\\d+)\\s(\\w+)?\\s?([\\w\\-]+)\\s([\\d\\.]+)\\/(\\d+)\\-\\>([\\d\\.]+)\\/(\\d+)\\s([\\S\\s]+)\",dynamic([1,2,3,4,5,6,7,8,9,10,11,12,13]), Message)\r\n| mv-expand Parser\r\n| extend EventName = tostring(Parser[0]),\r\n         SrcIpAddr = tostring(Parser[2]),\r\n         SrcPortNumber = toint(Parser[3]),\r\n         DstIpAddr = tostring(Parser[4]),\r\n         DstPortNumber = toint(Parser[5]),\r\n         ServiceName = tostring(Parser[7]),\r\n         SrcNatIpAddr = tostring(Parser[8]),\r\n         SrcNatPortNumber = toint(Parser[9]),\r\n         DstNatIpAddr = tostring(Parser[10]),\r\n         DstNatPortNumber = toint(Parser[11]),\r\n         Substring = tostring(Parser[12])\r\n| extend Parser2 = extract_all(@\"(0x0/s)?([\\S]+)\\s([\\S]+)\\s([\\S]+)\\s([\\S]+)\\s(\\d+)\\s([\\S]+)\\s([\\S]+)\\s([\\S]+)\\s(\\d+)\",dynamic([1,2,3,4,5,6,7,8,9,10]), Substring)\r\n| mvexpand Parser2\r\n| extend SrcNatRuleName = tostring(Parser2[2]),\r\n         DstNatRuleName = tostring(Parser2[4]),\r\n         ProtocolId = toint(Parser2[5]),\r\n         PolicyName = tostring(Parser2[6]),\r\n         SourceZoneName = tostring(Parser2[7]),\r\n         DestinationZoneName = tostring(Parser2[8]),\r\n         SessionId = toint(Parser2[9])\r\n| project-away Parser, Parser2, Substring;\r\nlet AllOtherEvents = LogHeader\r\n| where EventType !in (\"sshd\",\"RT_IDS\",\"RT_FLOW\")\r\n| extend EventName = extract(@\"^([\\w\\s]+)\\s(0)\",1, Message);\r\nunion SshEvents, IdsEvents, AllOtherEvents, FlowNotDenyEvents, FlowDenyEvents\r\n| extend EventName = iif(isempty(EventName), extract(@\"^([\\w\\s]+)\\s(\\d.*)\",1, Message), EventName)",
        "functionParameters": "",
        "version": 1,
        "tags": [
          {
            "name": "description",
            "value": "JuniperSRX"
          }
        ]
      }
    },
    {
      "type": "Microsoft.OperationalInsights/workspaces/providers/metadata",
      "apiVersion": "2022-01-01-preview",
      "location": "[parameters('workspace-location')]",
      "name": "[concat(parameters('workspace'),'/Microsoft.SecurityInsights/',concat('Parser-', last(split(variables('_parserId1'),'/'))))]",
      "dependsOn": [
        "[variables('_parserId1')]"
      ],
      "properties": {
        "parentId": "[resourceId('Microsoft.OperationalInsights/workspaces/savedSearches', parameters('workspace'), variables('parserName1'))]",
        "contentId": "[variables('_parserContentId1')]",
        "kind": "Parser",
        "version": "[variables('parserVersion1')]",
        "source": {
          "kind": "Solution",
          "name": "Juniper SRX",
          "sourceId": "[variables('_solutionId')]"
        },
        "author": {
          "name": "Microsoft",
          "email": "[variables('_email')]"
        },
        "support": {
          "name": "Microsoft Corporation",
          "email": "support@microsoft.com",
          "tier": "Microsoft",
          "link": "https://support.microsoft.com"
        }
      }
    },
    {
      "type": "Microsoft.OperationalInsights/workspaces/providers/contentPackages",
      "apiVersion": "2023-04-01-preview",
      "location": "[parameters('workspace-location')]",
      "properties": {
        "version": "3.0.0",
        "kind": "Solution",
        "contentSchemaVersion": "3.0.0",
        "displayName": "Juniper SRX",
        "publisherDisplayName": "Microsoft Sentinel, Microsoft Corporation",
        "descriptionHtml": "<p><strong>Note:</strong> <em>There may be <a href=\"https://aka.ms/sentinelsolutionsknownissues\">known issues</a> pertaining to this Solution, please refer to them before installing.</em></p>\n<p>The <a href=\"https://www.juniper.net/us/en/products/security/srx-series.html\">Juniper SRX</a> solution for Microsoft Sentinel enables you to ingest Juniper SRX traffic and system logs into Microsoft Sentinel.</p>\n<p><strong>Underlying Microsoft Technologies used:</strong></p>\n<p>This solution is dependent on the following technologies, and some of these dependencies either may be in <a href=\"https://azure.microsoft.com/support/legal/preview-supplemental-terms/\">Preview</a> state or might result in additional ingestion or operational costs:</p>\n<ol type=\"a\">\n<li><a href=\"https://docs.microsoft.com/azure/sentinel/connect-syslog\">Agent-based log collection (Syslog)</a></li>\n</ol>\n<p><strong>Data Connectors:</strong> 1, <strong>Parsers:</strong> 1</p>\n<p><a href=\"https://aka.ms/azuresentinel\">Learn more about Microsoft Sentinel</a> | <a href=\"https://aka.ms/azuresentinelsolutionsdoc\">Learn more about Solutions</a></p>\n",
        "contentKind": "Solution",
        "contentProductId": "[variables('_solutioncontentProductId')]",
        "id": "[variables('_solutioncontentProductId')]",
        "icon": "<img src=\"https://raw.githubusercontent.com/Azure/Azure-Sentinel/master/Logos/Azure_Sentinel.svg\" width=\"75px\" height=\"75px\">",
        "contentId": "[variables('_solutionId')]",
        "parentId": "[variables('_solutionId')]",
        "source": {
          "kind": "Solution",
          "name": "Juniper SRX",
          "sourceId": "[variables('_solutionId')]"
        },
        "author": {
          "name": "Microsoft",
          "email": "[variables('_email')]"
        },
        "support": {
          "name": "Microsoft Corporation",
          "email": "support@microsoft.com",
          "tier": "Microsoft",
          "link": "https://support.microsoft.com"
        },
        "dependencies": {
          "operator": "AND",
          "criteria": [
            {
              "kind": "DataConnector",
              "contentId": "[variables('_dataConnectorContentId1')]",
              "version": "[variables('dataConnectorVersion1')]"
            },
            {
              "kind": "Parser",
              "contentId": "[variables('_parserContentId1')]",
              "version": "[variables('parserVersion1')]"
            }
          ]
        },
        "firstPublishDate": "2022-05-02",
        "providers": [
          "Juniper"
        ],
        "categories": {
          "domains": [
            "Networking"
          ]
        }
      },
      "name": "[concat(parameters('workspace'),'/Microsoft.SecurityInsights/', variables('_solutionId'))]"
    }
  ],
  "outputs": {}
}
