{
  "version": "2.0",
  "logging": {
    "logLevel": {
      "default": "Trace"
    },
    "applicationInsights": {
      "samplingSettings": {
        "isEnabled": true,
        "excludedTypes": "Request"
      }
    }
  },
  "extensionBundle": {
    "id": "Microsoft.Azure.Functions.ExtensionBundle",
    "version": "[4.*, 5.0.0)"
  },
  "customHandler": {
    "description": {
      "defaultExecutablePath": "function",
      "workingDirectory": "",
      "arguments": []
    },
    "enableForwardingHttpRequest": true
  }
}