{
  "$schema": "https://schema.management.azure.com/schemas/2019-04-01/deploymentTemplate.json#",
  "contentVersion": "1.0.0.0",
  "metadata": {
    "author": "Timothy Zhou - tzhou@obsidiansecurity.com",
    "comments": "Solution template for Obsidian Datasharing"
  },
  "parameters": {
    "location": {
      "type": "string",
      "minLength": 1,
      "defaultValue": "[resourceGroup().location]",
      "metadata": {
        "description": "Not used, but needed to pass arm-ttk test `Location-Should-Not-Be-Hardcoded`.  We instead use the `workspace-location` which is derived from the LA workspace"
      }
    },
    "workspace-location": {
      "type": "string",
      "defaultValue": "",
      "metadata": {
        "description": "[concat('Region to deploy solution resources -- separate from location selection',parameters('location'))]"
      }
    },
    "workspace": {
      "defaultValue": "",
      "type": "string",
      "metadata": {
        "description": "Workspace name for Log Analytics where Microsoft Sentinel is setup"
      }
    },
    "resourceGroupName": {
      "type": "string",
      "defaultValue": "[resourceGroup().name]",
      "metadata": {
        "description": "resource group name where Microsoft Sentinel is setup"
      }
    },
    "subscription": {
      "type": "string",
      "defaultValue": "[last(split(subscription().id, '/'))]",
      "metadata": {
        "description": "subscription id where Microsoft Sentinel is setup"
      }
    }
  },
  "variables": {
    "email": "tzhou@obsidiansecurity.com",
    "_email": "[variables('email')]",
    "_solutionName": "Obsidian Datasharing",
    "_solutionVersion": "3.0.0",
    "solutionId": "obsidiansecurity.azure-sentinel-solution-obsidian-activity-threat",
    "_solutionId": "[variables('solutionId')]",
    "workspaceResourceId": "[resourceId('microsoft.OperationalInsights/Workspaces', parameters('workspace'))]",
    "dataConnectorCCPVersion": "1.0.0",
    "_dataConnectorContentIdConnectorDefinition1": "ObsidianDatasharing",
    "dataConnectorTemplateNameConnectorDefinition1": "[concat(parameters('workspace'),'-dc-',uniquestring(variables('_dataConnectorContentIdConnectorDefinition1')))]",
    "_dataConnectorContentIdConnections1": "ObsidianDatasharingConnections",
    "dataConnectorTemplateNameConnections1": "[concat(parameters('workspace'),'-dc-',uniquestring(variables('_dataConnectorContentIdConnections1')))]",
    "dataCollectionEndpointsId1": "[concat('/subscriptions/',parameters('subscription'),'/resourceGroups/',parameters('resourceGroupName'),'/providers/Microsoft.Insights/dataCollectionEndpoints/',parameters('workspace'))]",
    "blanks": "[replace('b', 'b', '')]",
    "_solutioncontentProductId": "[concat(take(variables('_solutionId'),50),'-','sl','-', uniqueString(concat(variables('_solutionId'),'-','Solution','-',variables('_solutionId'),'-', variables('_solutionVersion'))))]"
  },
  "resources": [
    {
      "type": "Microsoft.OperationalInsights/workspaces/providers/contentTemplates",
      "apiVersion": "2023-04-01-preview",
      "name": "[concat(parameters('workspace'),'/Microsoft.SecurityInsights/', variables('dataConnectorTemplateNameConnectorDefinition1'), variables('dataConnectorCCPVersion'))]",
      "location": "[parameters('workspace-location')]",
      "dependsOn": [
        "[extensionResourceId(resourceId('Microsoft.OperationalInsights/workspaces', parameters('workspace')), 'Microsoft.SecurityInsights/contentPackages', variables('_solutionId'))]"
      ],
      "properties": {
        "contentId": "[variables('_dataConnectorContentIdConnectorDefinition1')]",
        "displayName": "Obsidian Datasharing Connector",
        "contentKind": "DataConnector",
        "mainTemplate": {
          "$schema": "https://schema.management.azure.com/schemas/2019-04-01/deploymentTemplate.json#",
          "contentVersion": "[variables('dataConnectorCCPVersion')]",
          "parameters": {},
          "variables": {},
          "resources": [
            {
              "name": "[concat(parameters('workspace'),'/Microsoft.SecurityInsights/',variables('_dataConnectorContentIdConnectorDefinition1'))]",
              "apiVersion": "2022-09-01-preview",
              "type": "Microsoft.OperationalInsights/workspaces/providers/dataConnectorDefinitions",
              "location": "[parameters('workspace-location')]",
              "kind": "Customizable",
              "properties": {
                "connectorUiConfig": {
                  "id": "ObsidianDatasharing",
                  "title": "Obsidian Datasharing Connector",
                  "publisher": "Obsidian Security",
                  "descriptionMarkdown": "The Obsidian Datasharing connector provides the capability to read raw event data from Obsidian Datasharing in Microsoft Sentinel.",
                  "graphQueries": [
                    {
                      "metricName": "Activity",
                      "legend": "ObsidianActivity_CL",
                      "baseQuery": "ObsidianActivity_CL"
                    },
                    {
                      "metricName": "Threat",
                      "legend": "ObsidianThreat_CL",
                      "baseQuery": "ObsidianThreat_CL"
                    }
                  ],
                  "sampleQueries": [
                    {
                      "description": "Obsidian - All Threats",
                      "query": "ObsidianThreat_CL\n | sort by TimeGenerated desc"
                    },
                    {
                      "description": "Obsidian - All Activity events",
                      "query": "ObsidianActivity_CL\n | sort by TimeGenerated desc"
                    }
                  ],
                  "dataTypes": [
                    {
                      "name": "ObsidianActivity_CL",
                      "lastDataReceivedQuery": "ObsidianActivity_CL\n            | summarize Time = max(TimeGenerated)\n            | where isnotempty(Time)"
                    },
                    {
                      "name": "ObsidianThreat_CL",
                      "lastDataReceivedQuery": "ObsidianThreat_CL\n            | summarize Time = max(TimeGenerated)\n            | where isnotempty(Time)"
                    }
                  ],
                  "connectivityCriteria": [
                    {
                      "type": "IsConnectedQuery",
                      "value": [
                        "ObsidianActivity_CL\n            | summarize LastLogReceived = max(TimeGenerated)\n            | project IsConnected = LastLogReceived > ago(7d)",
                        "ObsidianThreat_CL\n            | summarize LastLogReceived = max(TimeGenerated)\n            | project IsConnected = LastLogReceived > ago(7d)"
                      ]
                    }
                  ],
                  "availability": {
                    "status": 1
                  },
                  "permissions": {
                    "resourceProvider": [
                      {
                        "provider": "Microsoft.OperationalInsights/workspaces",
                        "permissionsDisplayText": "read and write permissions are required.",
                        "providerDisplayName": "Workspace",
                        "scope": "Workspace",
                        "requiredPermissions": {
                          "write": true,
                          "read": true,
                          "delete": true
                        }
                      }
                    ],
                    "customs": [
                      {
                        "name": "Microsoft Entra",
                        "description": "Permission to create an app registration in Microsoft Entra ID. Typically requires Entra ID Application Developer role or higher."
                      },
                      {
                        "name": "Microsoft Azure",
                        "description": "Permission to assign Monitoring Metrics Publisher role on data collection rule (DCR). Typically requires Azure RBAC Owner or User Access Administrator role"
                      }
                    ]
                  },
                  "instructionSteps": [
                    {
                      "title": "1. Create ARM Resources and Provide the Required Permissions",
                      "description": "This connector reads data from the tables that Obsidian Datasharing uses in a Microsoft Analytics Workspace, if the data forwarding option is enabled in Obsidian Datasharing then raw event data is sent to the Microsoft Sentinel Ingestion API.",
                      "instructions": [
                        {
                          "type": "Markdown",
                          "parameters": {
                            "content": "#### Automated Configuration and Secure Data Ingestion with Entra Application \nClicking on \"Deploy\" will trigger the creation of Log Analytics tables and a Data Collection Rule (DCR). \nIt will then create an Entra application, link the DCR to it, and set the entered secret in the application. This setup enables data to be sent securely to the DCR using an Entra token."
                          }
                        },
                        {
                          "parameters": {
                            "label": "Deploy Obsidian Datasharing connector resources",
                            "applicationDisplayName": "Obsidian Datasharing Connector Application"
                          },
                          "type": "DeployPushConnectorButton"
                        }
                      ]
                    },
                    {
                      "title": "2. Push your logs into the workspace",
                      "description": "Use the following parameters to configure the your machine to send the logs to the workspace.",
                      "instructions": [
                        {
                          "parameters": {
                            "label": "Tenant ID (Directory ID)",
                            "fillWith": [
                              "TenantId"
                            ]
                          },
                          "type": "CopyableLabel"
                        },
                        {
                          "parameters": {
                            "label": "Entra App Registration Application ID",
                            "fillWith": [
                              "ApplicationId"
                            ],
                            "placeholder": "Deploy push connector to get the App Registration Application ID"
                          },
                          "type": "CopyableLabel"
                        },
                        {
                          "parameters": {
                            "label": "Entra App Registration Secret",
                            "fillWith": [
                              "ApplicationSecret"
                            ],
                            "placeholder": "Deploy push connector to get the App Registration Secret"
                          },
                          "type": "CopyableLabel"
                        },
                        {
                          "parameters": {
                            "label": "Data Collection Endpoint Uri",
                            "fillWith": [
                              "DataCollectionEndpoint"
                            ],
                            "placeholder": "Deploy push connector to get the Data Collection Endpoint Uri"
                          },
                          "type": "CopyableLabel"
                        },
                        {
                          "parameters": {
                            "label": "Data Collection Rule Immutable ID",
                            "fillWith": [
                              "DataCollectionRuleId"
                            ],
                            "placeholder": "Deploy push connector to get the Data Collection Rule Immutable ID"
                          },
                          "type": "CopyableLabel"
                        },
                        {
                          "parameters": {
                            "label": "Activity Stream Name",
                            "value": "Custom-ObsidianActivity_CL"
                          },
                          "type": "CopyableLabel"
                        },
                        {
                          "parameters": {
                            "label": "Threat Stream Name",
                            "value": "Custom-ObsidianThreat_CL"
                          },
                          "type": "CopyableLabel"
                        }
                      ]
                    }
                  ]
                }
              }
            },
            {
              "name": "[concat(parameters('workspace'),'/Microsoft.SecurityInsights/',concat('DataConnector-', variables('_dataConnectorContentIdConnectorDefinition1')))]",
              "apiVersion": "2022-01-01-preview",
              "type": "Microsoft.OperationalInsights/workspaces/providers/metadata",
              "properties": {
                "parentId": "[extensionResourceId(resourceId('Microsoft.OperationalInsights/workspaces', parameters('workspace')), 'Microsoft.SecurityInsights/dataConnectorDefinitions', variables('_dataConnectorContentIdConnectorDefinition1'))]",
                "contentId": "[variables('_dataConnectorContentIdConnectorDefinition1')]",
                "kind": "DataConnector",
                "version": "[variables('dataConnectorCCPVersion')]",
                "source": {
                  "sourceId": "[variables('_solutionId')]",
                  "name": "[variables('_solutionName')]",
                  "kind": "Solution"
                },
                "author": {
                  "name": "Timothy Zhou",
                  "email": "[variables('_email')]"
                },
                "support": {
                  "tier": "Partner",
                  "name": "Obsidian Security",
                  "email": "tzhou@obsidiansecurity.com",
                  "link": "https://obsidiansecurity.com/contact"
                },
                "dependencies": {
                  "criteria": [
                    {
                      "version": "[variables('dataConnectorCCPVersion')]",
                      "contentId": "[variables('_dataConnectorContentIdConnections1')]",
                      "kind": "ResourcesDataConnector"
                    }
                  ]
                }
              }
            },
            {
              "name": "ObsidianDatasharingDCR",
              "apiVersion": "2022-06-01",
              "type": "Microsoft.Insights/dataCollectionRules",
              "location": "[parameters('workspace-location')]",
              "kind": "[variables('blanks')]",
              "properties": {
                "streamDeclarations": {
                  "Custom-ObsidianActivity": {
                    "columns": [
                      {
                        "name": "TimeGenerated",
                        "type": "datetime"
                      },
                      {
                        "name": "EventCount",
                        "type": "int"
                      },
                      {
                        "name": "EventStartTime",
                        "type": "datetime"
                      },
                      {
                        "name": "EventEndTime",
                        "type": "string"
                      },
                      {
                        "name": "EventType",
                        "type": "string"
                      },
                      {
                        "name": "EventResult",
                        "type": "string"
                      },
                      {
                        "name": "EventProduct",
                        "type": "string"
                      },
                      {
                        "name": "EventVendor",
                        "type": "string"
                      },
                      {
                        "name": "EventSchema",
                        "type": "string"
                      },
                      {
                        "name": "EventSchemaVersion",
                        "type": "string"
                      },
                      {
                        "name": "EventResultDetails",
                        "type": "dynamic"
                      },
                      {
                        "name": "EventSeverity",
                        "type": "dynamic"
                      },
                      {
                        "name": "EventUid",
                        "type": "dynamic"
                      },
                      {
                        "name": "DvcIpAddr",
                        "type": "dynamic"
                      },
                      {
                        "name": "DvcHostname",
                        "type": "dynamic"
                      },
                      {
                        "name": "DvcDomain",
                        "type": "dynamic"
                      },
                      {
                        "name": "DvcDomainType",
                        "type": "dynamic"
                      },
                      {
                        "name": "DvcFqdn",
                        "type": "dynamic"
                      },
                      {
                        "name": "DvcId",
                        "type": "dynamic"
                      },
                      {
                        "name": "DvcIdType",
                        "type": "dynamic"
                      },
                      {
                        "name": "DvcAction",
                        "type": "dynamic"
                      },
                      {
                        "name": "EventMessage",
                        "type": "dynamic"
                      },
                      {
                        "name": "EventSubType",
                        "type": "dynamic"
                      },
                      {
                        "name": "EventOriginalUid",
                        "type": "dynamic"
                      },
                      {
                        "name": "EventOriginalType",
                        "type": "dynamic"
                      },
                      {
                        "name": "EventOriginalSubType",
                        "type": "dynamic"
                      },
                      {
                        "name": "EventOriginalResultDetails",
                        "type": "dynamic"
                      },
                      {
                        "name": "EventOriginalSeverity",
                        "type": "dynamic"
                      },
                      {
                        "name": "EventProductVersion",
                        "type": "dynamic"
                      },
                      {
                        "name": "EventReportUrl",
                        "type": "dynamic"
                      },
                      {
                        "name": "EventOwner",
                        "type": "dynamic"
                      },
                      {
                        "name": "DvcZone",
                        "type": "dynamic"
                      },
                      {
                        "name": "DvcMacAddr",
                        "type": "dynamic"
                      },
                      {
                        "name": "DvcOs",
                        "type": "dynamic"
                      },
                      {
                        "name": "DvcOsVersion",
                        "type": "dynamic"
                      },
                      {
                        "name": "DvcOriginalAction",
                        "type": "dynamic"
                      },
                      {
                        "name": "DvcInterface",
                        "type": "dynamic"
                      },
                      {
                        "name": "AdditionalFields",
                        "type": "dynamic"
                      },
                      {
                        "name": "DvcDescription",
                        "type": "dynamic"
                      },
                      {
                        "name": "DvcScopeId",
                        "type": "dynamic"
                      },
                      {
                        "name": "DvcScope",
                        "type": "dynamic"
                      },
                      {
                        "name": "Operation",
                        "type": "string"
                      },
                      {
                        "name": "ObjectName",
                        "type": "string"
                      },
                      {
                        "name": "ObjectType",
                        "type": "string"
                      },
                      {
                        "name": "OldValue",
                        "type": "dynamic"
                      },
                      {
                        "name": "NewValue",
                        "type": "dynamic"
                      },
                      {
                        "name": "ActorUserId",
                        "type": "dynamic"
                      },
                      {
                        "name": "ActorUserIdType",
                        "type": "dynamic"
                      },
                      {
                        "name": "ActorScope",
                        "type": "dynamic"
                      },
                      {
                        "name": "ActorScopeId",
                        "type": "dynamic"
                      },
                      {
                        "name": "ActorUsername",
                        "type": "dynamic"
                      },
                      {
                        "name": "ActorUsernameType",
                        "type": "string"
                      },
                      {
                        "name": "ActorUserType",
                        "type": "string"
                      },
                      {
                        "name": "ActorOriginalUserType",
                        "type": "dynamic"
                      },
                      {
                        "name": "ActorSessionId",
                        "type": "dynamic"
                      },
                      {
                        "name": "TargetAppId",
                        "type": "dynamic"
                      },
                      {
                        "name": "TargetAppName",
                        "type": "dynamic"
                      },
                      {
                        "name": "TargetAppType",
                        "type": "string"
                      },
                      {
                        "name": "TargetUrl",
                        "type": "dynamic"
                      },
                      {
                        "name": "TargetHostname",
                        "type": "dynamic"
                      },
                      {
                        "name": "TargetDomain",
                        "type": "dynamic"
                      },
                      {
                        "name": "TargetDomainType",
                        "type": "dynamic"
                      },
                      {
                        "name": "TargetFqdn",
                        "type": "dynamic"
                      },
                      {
                        "name": "TargetDescription",
                        "type": "dynamic"
                      },
                      {
                        "name": "TargetDvcId",
                        "type": "dynamic"
                      },
                      {
                        "name": "TargetDvcScopeId",
                        "type": "dynamic"
                      },
                      {
                        "name": "TargetDvcScope",
                        "type": "dynamic"
                      },
                      {
                        "name": "TargetDvcIdType",
                        "type": "dynamic"
                      },
                      {
                        "name": "TargetDeviceType",
                        "type": "dynamic"
                      },
                      {
                        "name": "TargetIpAddr",
                        "type": "dynamic"
                      },
                      {
                        "name": "TargetDvcOs",
                        "type": "dynamic"
                      },
                      {
                        "name": "TargetPortNumber",
                        "type": "dynamic"
                      },
                      {
                        "name": "ActingAppId",
                        "type": "dynamic"
                      },
                      {
                        "name": "ActingAppName",
                        "type": "dynamic"
                      },
                      {
                        "name": "ActingAppType",
                        "type": "dynamic"
                      },
                      {
                        "name": "HttpUserVersion",
                        "type": "dynamic"
                      },
                      {
                        "name": "SrcIpAddr",
                        "type": "dynamic"
                      },
                      {
                        "name": "SrcPortNumber",
                        "type": "dynamic"
                      },
                      {
                        "name": "SrcHostname",
                        "type": "dynamic"
                      },
                      {
                        "name": "SrcDomain",
                        "type": "dynamic"
                      },
                      {
                        "name": "SrcDomainType",
                        "type": "dynamic"
                      },
                      {
                        "name": "SrcFqdn",
                        "type": "dynamic"
                      },
                      {
                        "name": "SrcDescription",
                        "type": "dynamic"
                      },
                      {
                        "name": "SrcDvcId",
                        "type": "dynamic"
                      },
                      {
                        "name": "SrcDvcScopeId",
                        "type": "dynamic"
                      },
                      {
                        "name": "SrcDvcScope",
                        "type": "dynamic"
                      },
                      {
                        "name": "SrcDvcIdType",
                        "type": "dynamic"
                      },
                      {
                        "name": "SrcDeviceType",
                        "type": "dynamic"
                      },
                      {
                        "name": "SrcSubscriptionId",
                        "type": "dynamic"
                      },
                      {
                        "name": "SrcGeoCountry",
                        "type": "dynamic"
                      },
                      {
                        "name": "SrcGeoRegion",
                        "type": "dynamic"
                      },
                      {
                        "name": "SrcGeoCity",
                        "type": "dynamic"
                      },
                      {
                        "name": "SrcGeoLatitude",
                        "type": "dynamic"
                      },
                      {
                        "name": "SrcGeoLongitude",
                        "type": "dynamic"
                      },
                      {
                        "name": "RuleName",
                        "type": "dynamic"
                      },
                      {
                        "name": "RuleNumber",
                        "type": "dynamic"
                      },
                      {
                        "name": "ThreatId",
                        "type": "dynamic"
                      },
                      {
                        "name": "ThreatName",
                        "type": "dynamic"
                      },
                      {
                        "name": "ThreatCategory",
                        "type": "dynamic"
                      },
                      {
                        "name": "ThreatRiskLevel",
                        "type": "dynamic"
                      },
                      {
                        "name": "ThreatOriginalRiskLevel",
                        "type": "dynamic"
                      },
                      {
                        "name": "ThreatConfidence",
                        "type": "dynamic"
                      },
                      {
                        "name": "ThreatOriginalConfidence",
                        "type": "dynamic"
                      },
                      {
                        "name": "ThreatIsActive",
                        "type": "dynamic"
                      },
                      {
                        "name": "ThreatFirstReportedTime",
                        "type": "dynamic"
                      },
                      {
                        "name": "ThreatLastReportedTime",
                        "type": "dynamic"
                      },
                      {
                        "name": "ThreatIpAddr",
                        "type": "dynamic"
                      },
                      {
                        "name": "ThreatField",
                        "type": "dynamic"
                      },
                      {
                        "name": "Dvc",
                        "type": "string"
                      },
                      {
                        "name": "Value",
                        "type": "dynamic"
                      },
                      {
                        "name": "User",
                        "type": "dynamic"
                      },
                      {
                        "name": "Application",
                        "type": "dynamic"
                      },
                      {
                        "name": "Dst",
                        "type": "string"
                      },
                      {
                        "name": "Src",
                        "type": "string"
                      },
                      {
                        "name": "IpAddr",
                        "type": "string"
                      },
                      {
                        "name": "Rule",
                        "type": "string"
                      },
                      {
                        "name": "ValueType",
                        "type": "dynamic"
                      }
                    ]
                  },
                  "Custom-ObsidianThreat": {
                    "columns": [
                      {
                        "name": "TimeGenerated",
                        "type": "datetime"
                      },
                      {
                        "name": "EventCount",
                        "type": "int"
                      },
                      {
                        "name": "EventStartTime",
                        "type": "datetime"
                      },
                      {
                        "name": "EventEndTime",
                        "type": "datetime"
                      },
                      {
                        "name": "EventType",
                        "type": "string"
                      },
                      {
                        "name": "EventResult",
                        "type": "string"
                      },
                      {
                        "name": "EventProduct",
                        "type": "string"
                      },
                      {
                        "name": "EventVendor",
                        "type": "string"
                      },
                      {
                        "name": "EventSchema",
                        "type": "string"
                      },
                      {
                        "name": "EventSchemaVersion",
                        "type": "string"
                      },
                      {
                        "name": "EventResultDetails",
                        "type": "dynamic"
                      },
                      {
                        "name": "EventUid",
                        "type": "string"
                      },
                      {
                        "name": "EventSeverity",
                        "type": "string"
                      },
                      {
                        "name": "EventMessage",
                        "type": "string"
                      },
                      {
                        "name": "EventSubType",
                        "type": "dynamic"
                      },
                      {
                        "name": "EventOriginalUid",
                        "type": "dynamic"
                      },
                      {
                        "name": "EventOriginalType",
                        "type": "dynamic"
                      },
                      {
                        "name": "EventOriginalSubType",
                        "type": "dynamic"
                      },
                      {
                        "name": "EventOriginalResultDetails",
                        "type": "dynamic"
                      },
                      {
                        "name": "EventOriginalSeverity",
                        "type": "dynamic"
                      },
                      {
                        "name": "EventProductVersion",
                        "type": "dynamic"
                      },
                      {
                        "name": "EventReportUrl",
                        "type": "dynamic"
                      },
                      {
                        "name": "EventOwner",
                        "type": "dynamic"
                      },
                      {
                        "name": "DvcIpAddr",
                        "type": "dynamic"
                      },
                      {
                        "name": "DvcHostname",
                        "type": "dynamic"
                      },
                      {
                        "name": "DvcDomain",
                        "type": "dynamic"
                      },
                      {
                        "name": "DvcDomainType",
                        "type": "dynamic"
                      },
                      {
                        "name": "DvcFqdn",
                        "type": "dynamic"
                      },
                      {
                        "name": "DvcDescription",
                        "type": "dynamic"
                      },
                      {
                        "name": "DvcId",
                        "type": "dynamic"
                      },
                      {
                        "name": "DvcIdType",
                        "type": "dynamic"
                      },
                      {
                        "name": "DvcMacAddr",
                        "type": "dynamic"
                      },
                      {
                        "name": "DvcZone",
                        "type": "dynamic"
                      },
                      {
                        "name": "DvcOs",
                        "type": "dynamic"
                      },
                      {
                        "name": "DvcOsVersion",
                        "type": "dynamic"
                      },
                      {
                        "name": "DvcAction",
                        "type": "dynamic"
                      },
                      {
                        "name": "DvcOriginalAction",
                        "type": "dynamic"
                      },
                      {
                        "name": "DvcInterface",
                        "type": "dynamic"
                      },
                      {
                        "name": "DvcScopeId",
                        "type": "dynamic"
                      },
                      {
                        "name": "DvcScope",
                        "type": "dynamic"
                      },
                      {
                        "name": "AdditionalFields",
                        "type": "dynamic"
                      },
                      {
                        "name": "AlertName",
                        "type": "dynamic"
                      },
                      {
                        "name": "AlertVerdict",
                        "type": "dynamic"
                      },
                      {
                        "name": "AlertStatus",
                        "type": "dynamic"
                      },
                      {
                        "name": "AlertOriginalStatus",
                        "type": "dynamic"
                      },
                      {
                        "name": "DetectionMethod",
                        "type": "dynamic"
                      },
                      {
                        "name": "RuleNumber",
                        "type": "dynamic"
                      },
                      {
                        "name": "RuleName",
                        "type": "dynamic"
                      },
                      {
                        "name": "RuleDescription",
                        "type": "dynamic"
                      },
                      {
                        "name": "ThreatId",
                        "type": "string"
                      },
                      {
                        "name": "ThreatName",
                        "type": "string"
                      },
                      {
                        "name": "ThreatFirstReportedTime",
                        "type": "dynamic"
                      },
                      {
                        "name": "ThreatLastReportedTime",
                        "type": "dynamic"
                      },
                      {
                        "name": "ThreatCategory",
                        "type": "dynamic"
                      },
                      {
                        "name": "ThreatOriginalCategory",
                        "type": "dynamic"
                      },
                      {
                        "name": "ThreatIsActive",
                        "type": "dynamic"
                      },
                      {
                        "name": "ThreatRiskLevel",
                        "type": "dynamic"
                      },
                      {
                        "name": "ThreatOriginalRiskLevel",
                        "type": "dynamic"
                      },
                      {
                        "name": "ThreatConfidence",
                        "type": "dynamic"
                      },
                      {
                        "name": "ThreatOriginalConfidence",
                        "type": "dynamic"
                      },
                      {
                        "name": "IndicatorType",
                        "type": "dynamic"
                      },
                      {
                        "name": "IndicatorAssociation",
                        "type": "dynamic"
                      },
                      {
                        "name": "AttackTactics",
                        "type": "dynamic"
                      },
                      {
                        "name": "AttackTechniques",
                        "type": "dynamic"
                      },
                      {
                        "name": "AttackRemediationSteps",
                        "type": "dynamic"
                      },
                      {
                        "name": "UserId",
                        "type": "dynamic"
                      },
                      {
                        "name": "UserIdType",
                        "type": "string"
                      },
                      {
                        "name": "Username",
                        "type": "dynamic"
                      },
                      {
                        "name": "UsernameType",
                        "type": "string"
                      },
                      {
                        "name": "UserType",
                        "type": "string"
                      },
                      {
                        "name": "OriginalUserType",
                        "type": "dynamic"
                      },
                      {
                        "name": "UserSessionId",
                        "type": "dynamic"
                      },
                      {
                        "name": "UserScopeId",
                        "type": "dynamic"
                      },
                      {
                        "name": "UserScope",
                        "type": "dynamic"
                      },
                      {
                        "name": "ProcessId",
                        "type": "dynamic"
                      },
                      {
                        "name": "ProcessCommandLine",
                        "type": "dynamic"
                      },
                      {
                        "name": "ProcessName",
                        "type": "dynamic"
                      },
                      {
                        "name": "ProcessFileCompany",
                        "type": "dynamic"
                      },
                      {
                        "name": "FileName",
                        "type": "dynamic"
                      },
                      {
                        "name": "FilePath",
                        "type": "dynamic"
                      },
                      {
                        "name": "FileSHA1",
                        "type": "dynamic"
                      },
                      {
                        "name": "FileSHA256",
                        "type": "dynamic"
                      },
                      {
                        "name": "FileMD5",
                        "type": "dynamic"
                      },
                      {
                        "name": "FileSize",
                        "type": "dynamic"
                      },
                      {
                        "name": "Url",
                        "type": "dynamic"
                      },
                      {
                        "name": "RegistryKey",
                        "type": "dynamic"
                      },
                      {
                        "name": "RegistryValue",
                        "type": "dynamic"
                      },
                      {
                        "name": "RegistryData",
                        "type": "dynamic"
                      },
                      {
                        "name": "RegistryValueType",
                        "type": "dynamic"
                      },
                      {
                        "name": "EmailMessageId",
                        "type": "dynamic"
                      },
                      {
                        "name": "EmailSubject",
                        "type": "dynamic"
                      },
                      {
                        "name": "Dvc",
                        "type": "string"
                      },
                      {
                        "name": "IpAddr",
                        "type": "dynamic"
                      },
                      {
                        "name": "Hostname",
                        "type": "dynamic"
                      },
                      {
                        "name": "AlertId",
                        "type": "string"
                      },
                      {
                        "name": "AlertDescription",
                        "type": "string"
                      },
                      {
                        "name": "Rule",
                        "type": "string"
                      }
                    ]
                  }
                },
                "destinations": {
                  "logAnalytics": [
                    {
                      "workspaceResourceId": "[variables('workspaceResourceId')]",
                      "name": "obsidian-data-destination"
                    }
                  ]
                },
                "dataFlows": [
                  {
                    "streams": [
                      "Custom-ObsidianActivity"
                    ],
                    "destinations": [
                      "obsidian-data-destination"
                    ],
                    "transformKql": "source",
                    "outputStream": "Custom-ObsidianActivity_CL"
                  },
                  {
                    "streams": [
                      "Custom-ObsidianThreat"
                    ],
                    "destinations": [
                      "obsidian-data-destination"
                    ],
                    "transformKql": "source",
                    "outputStream": "Custom-ObsidianThreat_CL"
                  }
                ],
                "dataCollectionEndpointId": "[variables('dataCollectionEndpointsId1')]"
              }
            },
            {
              "name": "ObsidianActivity_CL",
              "apiVersion": "2022-10-01",
              "type": "Microsoft.OperationalInsights/workspaces/tables",
              "location": "[parameters('workspace-location')]",
              "kind": null,
              "properties": {
                "plan": "Analytics",
                "schema": {
                  "name": "ObsidianActivity_CL",
                  "columns": [
                    {
                      "name": "TimeGenerated",
                      "type": "datetime"
                    },
                    {
                      "name": "EventCount",
                      "type": "int"
                    },
                    {
                      "name": "EventStartTime",
                      "type": "datetime"
                    },
                    {
                      "name": "EventEndTime",
                      "type": "string"
                    },
                    {
                      "name": "EventType",
                      "type": "string"
                    },
                    {
                      "name": "EventResult",
                      "type": "string"
                    },
                    {
                      "name": "EventProduct",
                      "type": "string"
                    },
                    {
                      "name": "EventVendor",
                      "type": "string"
                    },
                    {
                      "name": "EventSchema",
                      "type": "string"
                    },
                    {
                      "name": "EventSchemaVersion",
                      "type": "string"
                    },
                    {
                      "name": "EventResultDetails",
                      "type": "dynamic"
                    },
                    {
                      "name": "EventSeverity",
                      "type": "dynamic"
                    },
                    {
                      "name": "EventUid",
                      "type": "dynamic"
                    },
                    {
                      "name": "DvcIpAddr",
                      "type": "dynamic"
                    },
                    {
                      "name": "DvcHostname",
                      "type": "dynamic"
                    },
                    {
                      "name": "DvcDomain",
                      "type": "dynamic"
                    },
                    {
                      "name": "DvcDomainType",
                      "type": "dynamic"
                    },
                    {
                      "name": "DvcFqdn",
                      "type": "dynamic"
                    },
                    {
                      "name": "DvcId",
                      "type": "dynamic"
                    },
                    {
                      "name": "DvcIdType",
                      "type": "dynamic"
                    },
                    {
                      "name": "DvcAction",
                      "type": "dynamic"
                    },
                    {
                      "name": "EventMessage",
                      "type": "dynamic"
                    },
                    {
                      "name": "EventSubType",
                      "type": "dynamic"
                    },
                    {
                      "name": "EventOriginalUid",
                      "type": "dynamic"
                    },
                    {
                      "name": "EventOriginalType",
                      "type": "dynamic"
                    },
                    {
                      "name": "EventOriginalSubType",
                      "type": "dynamic"
                    },
                    {
                      "name": "EventOriginalResultDetails",
                      "type": "dynamic"
                    },
                    {
                      "name": "EventOriginalSeverity",
                      "type": "dynamic"
                    },
                    {
                      "name": "EventProductVersion",
                      "type": "dynamic"
                    },
                    {
                      "name": "EventReportUrl",
                      "type": "dynamic"
                    },
                    {
                      "name": "EventOwner",
                      "type": "dynamic"
                    },
                    {
                      "name": "DvcZone",
                      "type": "dynamic"
                    },
                    {
                      "name": "DvcMacAddr",
                      "type": "dynamic"
                    },
                    {
                      "name": "DvcOs",
                      "type": "dynamic"
                    },
                    {
                      "name": "DvcOsVersion",
                      "type": "dynamic"
                    },
                    {
                      "name": "DvcOriginalAction",
                      "type": "dynamic"
                    },
                    {
                      "name": "DvcInterface",
                      "type": "dynamic"
                    },
                    {
                      "name": "AdditionalFields",
                      "type": "dynamic"
                    },
                    {
                      "name": "DvcDescription",
                      "type": "dynamic"
                    },
                    {
                      "name": "DvcScopeId",
                      "type": "dynamic"
                    },
                    {
                      "name": "DvcScope",
                      "type": "dynamic"
                    },
                    {
                      "name": "Operation",
                      "type": "string"
                    },
                    {
                      "name": "ObjectName",
                      "type": "string"
                    },
                    {
                      "name": "ObjectType",
                      "type": "string"
                    },
                    {
                      "name": "OldValue",
                      "type": "dynamic"
                    },
                    {
                      "name": "NewValue",
                      "type": "dynamic"
                    },
                    {
                      "name": "ActorUserId",
                      "type": "dynamic"
                    },
                    {
                      "name": "ActorUserIdType",
                      "type": "dynamic"
                    },
                    {
                      "name": "ActorScope",
                      "type": "dynamic"
                    },
                    {
                      "name": "ActorScopeId",
                      "type": "dynamic"
                    },
                    {
                      "name": "ActorUsername",
                      "type": "dynamic"
                    },
                    {
                      "name": "ActorUsernameType",
                      "type": "string"
                    },
                    {
                      "name": "ActorUserType",
                      "type": "string"
                    },
                    {
                      "name": "ActorOriginalUserType",
                      "type": "dynamic"
                    },
                    {
                      "name": "ActorSessionId",
                      "type": "dynamic"
                    },
                    {
                      "name": "TargetAppId",
                      "type": "dynamic"
                    },
                    {
                      "name": "TargetAppName",
                      "type": "dynamic"
                    },
                    {
                      "name": "TargetAppType",
                      "type": "string"
                    },
                    {
                      "name": "TargetUrl",
                      "type": "dynamic"
                    },
                    {
                      "name": "TargetHostname",
                      "type": "dynamic"
                    },
                    {
                      "name": "TargetDomain",
                      "type": "dynamic"
                    },
                    {
                      "name": "TargetDomainType",
                      "type": "dynamic"
                    },
                    {
                      "name": "TargetFqdn",
                      "type": "dynamic"
                    },
                    {
                      "name": "TargetDescription",
                      "type": "dynamic"
                    },
                    {
                      "name": "TargetDvcId",
                      "type": "dynamic"
                    },
                    {
                      "name": "TargetDvcScopeId",
                      "type": "dynamic"
                    },
                    {
                      "name": "TargetDvcScope",
                      "type": "dynamic"
                    },
                    {
                      "name": "TargetDvcIdType",
                      "type": "dynamic"
                    },
                    {
                      "name": "TargetDeviceType",
                      "type": "dynamic"
                    },
                    {
                      "name": "TargetIpAddr",
                      "type": "dynamic"
                    },
                    {
                      "name": "TargetDvcOs",
                      "type": "dynamic"
                    },
                    {
                      "name": "TargetPortNumber",
                      "type": "dynamic"
                    },
                    {
                      "name": "ActingAppId",
                      "type": "dynamic"
                    },
                    {
                      "name": "ActingAppName",
                      "type": "dynamic"
                    },
                    {
                      "name": "ActingAppType",
                      "type": "dynamic"
                    },
                    {
                      "name": "HttpUserVersion",
                      "type": "dynamic"
                    },
                    {
                      "name": "SrcIpAddr",
                      "type": "dynamic"
                    },
                    {
                      "name": "SrcPortNumber",
                      "type": "dynamic"
                    },
                    {
                      "name": "SrcHostname",
                      "type": "dynamic"
                    },
                    {
                      "name": "SrcDomain",
                      "type": "dynamic"
                    },
                    {
                      "name": "SrcDomainType",
                      "type": "dynamic"
                    },
                    {
                      "name": "SrcFqdn",
                      "type": "dynamic"
                    },
                    {
                      "name": "SrcDescription",
                      "type": "dynamic"
                    },
                    {
                      "name": "SrcDvcId",
                      "type": "dynamic"
                    },
                    {
                      "name": "SrcDvcScopeId",
                      "type": "dynamic"
                    },
                    {
                      "name": "SrcDvcScope",
                      "type": "dynamic"
                    },
                    {
                      "name": "SrcDvcIdType",
                      "type": "dynamic"
                    },
                    {
                      "name": "SrcDeviceType",
                      "type": "dynamic"
                    },
                    {
                      "name": "SrcSubscriptionId",
                      "type": "dynamic"
                    },
                    {
                      "name": "SrcGeoCountry",
                      "type": "dynamic"
                    },
                    {
                      "name": "SrcGeoRegion",
                      "type": "dynamic"
                    },
                    {
                      "name": "SrcGeoCity",
                      "type": "dynamic"
                    },
                    {
                      "name": "SrcGeoLatitude",
                      "type": "dynamic"
                    },
                    {
                      "name": "SrcGeoLongitude",
                      "type": "dynamic"
                    },
                    {
                      "name": "RuleName",
                      "type": "dynamic"
                    },
                    {
                      "name": "RuleNumber",
                      "type": "dynamic"
                    },
                    {
                      "name": "ThreatId",
                      "type": "dynamic"
                    },
                    {
                      "name": "ThreatName",
                      "type": "dynamic"
                    },
                    {
                      "name": "ThreatCategory",
                      "type": "dynamic"
                    },
                    {
                      "name": "ThreatRiskLevel",
                      "type": "dynamic"
                    },
                    {
                      "name": "ThreatOriginalRiskLevel",
                      "type": "dynamic"
                    },
                    {
                      "name": "ThreatConfidence",
                      "type": "dynamic"
                    },
                    {
                      "name": "ThreatOriginalConfidence",
                      "type": "dynamic"
                    },
                    {
                      "name": "ThreatIsActive",
                      "type": "dynamic"
                    },
                    {
                      "name": "ThreatFirstReportedTime",
                      "type": "dynamic"
                    },
                    {
                      "name": "ThreatLastReportedTime",
                      "type": "dynamic"
                    },
                    {
                      "name": "ThreatIpAddr",
                      "type": "dynamic"
                    },
                    {
                      "name": "ThreatField",
                      "type": "dynamic"
                    },
                    {
                      "name": "Dvc",
                      "type": "string"
                    },
                    {
                      "name": "Value",
                      "type": "dynamic"
                    },
                    {
                      "name": "User",
                      "type": "dynamic"
                    },
                    {
                      "name": "Application",
                      "type": "dynamic"
                    },
                    {
                      "name": "Dst",
                      "type": "string"
                    },
                    {
                      "name": "Src",
                      "type": "string"
                    },
                    {
                      "name": "IpAddr",
                      "type": "string"
                    },
                    {
                      "name": "Rule",
                      "type": "string"
                    },
                    {
                      "name": "ValueType",
                      "type": "dynamic"
                    }
                  ]
                }
              }
            },
            {
              "name": "ObsidianThreat_CL",
              "apiVersion": "2022-10-01",
              "type": "Microsoft.OperationalInsights/workspaces/tables",
              "location": "[parameters('workspace-location')]",
              "kind": null,
              "properties": {
                "plan": "Analytics",
                "schema": {
                  "name": "ObsidianThreat_CL",
                  "columns": [
                    {
                      "name": "TimeGenerated",
                      "type": "datetime"
                    },
                    {
                      "name": "EventCount",
                      "type": "int"
                    },
                    {
                      "name": "EventStartTime",
                      "type": "datetime"
                    },
                    {
                      "name": "EventEndTime",
                      "type": "datetime"
                    },
                    {
                      "name": "EventType",
                      "type": "string"
                    },
                    {
                      "name": "EventResult",
                      "type": "string"
                    },
                    {
                      "name": "EventProduct",
                      "type": "string"
                    },
                    {
                      "name": "EventVendor",
                      "type": "string"
                    },
                    {
                      "name": "EventSchema",
                      "type": "string"
                    },
                    {
                      "name": "EventSchemaVersion",
                      "type": "string"
                    },
                    {
                      "name": "EventResultDetails",
                      "type": "dynamic"
                    },
                    {
                      "name": "EventUid",
                      "type": "string"
                    },
                    {
                      "name": "EventSeverity",
                      "type": "string"
                    },
                    {
                      "name": "EventMessage",
                      "type": "string"
                    },
                    {
                      "name": "EventSubType",
                      "type": "dynamic"
                    },
                    {
                      "name": "EventOriginalUid",
                      "type": "dynamic"
                    },
                    {
                      "name": "EventOriginalType",
                      "type": "dynamic"
                    },
                    {
                      "name": "EventOriginalSubType",
                      "type": "dynamic"
                    },
                    {
                      "name": "EventOriginalResultDetails",
                      "type": "dynamic"
                    },
                    {
                      "name": "EventOriginalSeverity",
                      "type": "dynamic"
                    },
                    {
                      "name": "EventProductVersion",
                      "type": "dynamic"
                    },
                    {
                      "name": "EventReportUrl",
                      "type": "dynamic"
                    },
                    {
                      "name": "EventOwner",
                      "type": "dynamic"
                    },
                    {
                      "name": "DvcIpAddr",
                      "type": "dynamic"
                    },
                    {
                      "name": "DvcHostname",
                      "type": "dynamic"
                    },
                    {
                      "name": "DvcDomain",
                      "type": "dynamic"
                    },
                    {
                      "name": "DvcDomainType",
                      "type": "dynamic"
                    },
                    {
                      "name": "DvcFqdn",
                      "type": "dynamic"
                    },
                    {
                      "name": "DvcDescription",
                      "type": "dynamic"
                    },
                    {
                      "name": "DvcId",
                      "type": "dynamic"
                    },
                    {
                      "name": "DvcIdType",
                      "type": "dynamic"
                    },
                    {
                      "name": "DvcMacAddr",
                      "type": "dynamic"
                    },
                    {
                      "name": "DvcZone",
                      "type": "dynamic"
                    },
                    {
                      "name": "DvcOs",
                      "type": "dynamic"
                    },
                    {
                      "name": "DvcOsVersion",
                      "type": "dynamic"
                    },
                    {
                      "name": "DvcAction",
                      "type": "dynamic"
                    },
                    {
                      "name": "DvcOriginalAction",
                      "type": "dynamic"
                    },
                    {
                      "name": "DvcInterface",
                      "type": "dynamic"
                    },
                    {
                      "name": "DvcScopeId",
                      "type": "dynamic"
                    },
                    {
                      "name": "DvcScope",
                      "type": "dynamic"
                    },
                    {
                      "name": "AdditionalFields",
                      "type": "dynamic"
                    },
                    {
                      "name": "AlertName",
                      "type": "dynamic"
                    },
                    {
                      "name": "AlertVerdict",
                      "type": "dynamic"
                    },
                    {
                      "name": "AlertStatus",
                      "type": "dynamic"
                    },
                    {
                      "name": "AlertOriginalStatus",
                      "type": "dynamic"
                    },
                    {
                      "name": "DetectionMethod",
                      "type": "dynamic"
                    },
                    {
                      "name": "RuleNumber",
                      "type": "dynamic"
                    },
                    {
                      "name": "RuleName",
                      "type": "dynamic"
                    },
                    {
                      "name": "RuleDescription",
                      "type": "dynamic"
                    },
                    {
                      "name": "ThreatId",
                      "type": "string"
                    },
                    {
                      "name": "ThreatName",
                      "type": "string"
                    },
                    {
                      "name": "ThreatFirstReportedTime",
                      "type": "dynamic"
                    },
                    {
                      "name": "ThreatLastReportedTime",
                      "type": "dynamic"
                    },
                    {
                      "name": "ThreatCategory",
                      "type": "dynamic"
                    },
                    {
                      "name": "ThreatOriginalCategory",
                      "type": "dynamic"
                    },
                    {
                      "name": "ThreatIsActive",
                      "type": "dynamic"
                    },
                    {
                      "name": "ThreatRiskLevel",
                      "type": "dynamic"
                    },
                    {
                      "name": "ThreatOriginalRiskLevel",
                      "type": "dynamic"
                    },
                    {
                      "name": "ThreatConfidence",
                      "type": "dynamic"
                    },
                    {
                      "name": "ThreatOriginalConfidence",
                      "type": "dynamic"
                    },
                    {
                      "name": "IndicatorType",
                      "type": "dynamic"
                    },
                    {
                      "name": "IndicatorAssociation",
                      "type": "dynamic"
                    },
                    {
                      "name": "AttackTactics",
                      "type": "dynamic"
                    },
                    {
                      "name": "AttackTechniques",
                      "type": "dynamic"
                    },
                    {
                      "name": "AttackRemediationSteps",
                      "type": "dynamic"
                    },
                    {
                      "name": "UserId",
                      "type": "dynamic"
                    },
                    {
                      "name": "UserIdType",
                      "type": "string"
                    },
                    {
                      "name": "Username",
                      "type": "dynamic"
                    },
                    {
                      "name": "UsernameType",
                      "type": "string"
                    },
                    {
                      "name": "UserType",
                      "type": "string"
                    },
                    {
                      "name": "OriginalUserType",
                      "type": "dynamic"
                    },
                    {
                      "name": "UserSessionId",
                      "type": "dynamic"
                    },
                    {
                      "name": "UserScopeId",
                      "type": "dynamic"
                    },
                    {
                      "name": "UserScope",
                      "type": "dynamic"
                    },
                    {
                      "name": "ProcessId",
                      "type": "dynamic"
                    },
                    {
                      "name": "ProcessCommandLine",
                      "type": "dynamic"
                    },
                    {
                      "name": "ProcessName",
                      "type": "dynamic"
                    },
                    {
                      "name": "ProcessFileCompany",
                      "type": "dynamic"
                    },
                    {
                      "name": "FileName",
                      "type": "dynamic"
                    },
                    {
                      "name": "FilePath",
                      "type": "dynamic"
                    },
                    {
                      "name": "FileSHA1",
                      "type": "dynamic"
                    },
                    {
                      "name": "FileSHA256",
                      "type": "dynamic"
                    },
                    {
                      "name": "FileMD5",
                      "type": "dynamic"
                    },
                    {
                      "name": "FileSize",
                      "type": "dynamic"
                    },
                    {
                      "name": "Url",
                      "type": "dynamic"
                    },
                    {
                      "name": "RegistryKey",
                      "type": "dynamic"
                    },
                    {
                      "name": "RegistryValue",
                      "type": "dynamic"
                    },
                    {
                      "name": "RegistryData",
                      "type": "dynamic"
                    },
                    {
                      "name": "RegistryValueType",
                      "type": "dynamic"
                    },
                    {
                      "name": "EmailMessageId",
                      "type": "dynamic"
                    },
                    {
                      "name": "EmailSubject",
                      "type": "dynamic"
                    },
                    {
                      "name": "Dvc",
                      "type": "string"
                    },
                    {
                      "name": "IpAddr",
                      "type": "dynamic"
                    },
                    {
                      "name": "Hostname",
                      "type": "dynamic"
                    },
                    {
                      "name": "AlertId",
                      "type": "string"
                    },
                    {
                      "name": "AlertDescription",
                      "type": "string"
                    },
                    {
                      "name": "Rule",
                      "type": "string"
                    }
                  ]
                }
              }
            }
          ]
        },
        "packageKind": "Solution",
        "packageVersion": "[variables('_solutionVersion')]",
        "packageName": "[variables('_solutionName')]",
        "contentProductId": "[concat(take(variables('_solutionId'), 50),'-','dc','-', uniqueString(concat(variables('_solutionId'),'-','DataConnector','-',variables('_dataConnectorContentIdConnectorDefinition1'),'-', variables('dataConnectorCCPVersion'))))]",
        "packageId": "[variables('_solutionId')]",
        "contentSchemaVersion": "3.0.0",
        "version": "[variables('dataConnectorCCPVersion')]"
      }
    },
    {
      "name": "[concat(parameters('workspace'),'/Microsoft.SecurityInsights/',variables('_dataConnectorContentIdConnectorDefinition1'))]",
      "apiVersion": "2022-09-01-preview",
      "type": "Microsoft.OperationalInsights/workspaces/providers/dataConnectorDefinitions",
      "location": "[parameters('workspace-location')]",
      "kind": "Customizable",
      "properties": {
        "connectorUiConfig": {
          "id": "ObsidianDatasharing",
          "title": "Obsidian Datasharing Connector",
          "publisher": "Obsidian Security",
          "descriptionMarkdown": "The Obsidian Datasharing connector provides the capability to read raw event data from Obsidian Datasharing in Microsoft Sentinel.",
          "graphQueries": [
            {
              "metricName": "Activity",
              "legend": "ObsidianActivity_CL",
              "baseQuery": "ObsidianActivity_CL"
            },
            {
              "metricName": "Threat",
              "legend": "ObsidianThreat_CL",
              "baseQuery": "ObsidianThreat_CL"
            }
          ],
          "sampleQueries": [
            {
              "description": "Obsidian - All Threats",
              "query": "ObsidianThreat_CL\n | sort by TimeGenerated desc"
            },
            {
              "description": "Obsidian - All Activity events",
              "query": "ObsidianActivity_CL\n | sort by TimeGenerated desc"
            }
          ],
          "dataTypes": [
            {
              "name": "ObsidianActivity_CL",
              "lastDataReceivedQuery": "ObsidianActivity_CL\n            | summarize Time = max(TimeGenerated)\n            | where isnotempty(Time)"
            },
            {
              "name": "ObsidianThreat_CL",
              "lastDataReceivedQuery": "ObsidianThreat_CL\n            | summarize Time = max(TimeGenerated)\n            | where isnotempty(Time)"
            }
          ],
          "connectivityCriteria": [
            {
              "type": "IsConnectedQuery",
              "value": [
                "ObsidianActivity_CL\n            | summarize LastLogReceived = max(TimeGenerated)\n            | project IsConnected = LastLogReceived > ago(7d)",
                "ObsidianThreat_CL\n            | summarize LastLogReceived = max(TimeGenerated)\n            | project IsConnected = LastLogReceived > ago(7d)"
              ]
            }
          ],
          "availability": {
            "status": 1
          },
          "permissions": {
            "resourceProvider": [
              {
                "provider": "Microsoft.OperationalInsights/workspaces",
                "permissionsDisplayText": "read and write permissions are required.",
                "providerDisplayName": "Workspace",
                "scope": "Workspace",
                "requiredPermissions": {
                  "write": true,
                  "read": true,
                  "delete": true
                }
              }
            ],
            "customs": [
              {
                "name": "Microsoft Entra",
                "description": "Permission to create an app registration in Microsoft Entra ID. Typically requires Entra ID Application Developer role or higher."
              },
              {
                "name": "Microsoft Azure",
                "description": "Permission to assign Monitoring Metrics Publisher role on data collection rule (DCR). Typically requires Azure RBAC Owner or User Access Administrator role"
              }
            ]
          },
          "instructionSteps": [
            {
              "title": "1. Create ARM Resources and Provide the Required Permissions",
              "description": "This connector reads data from the tables that Obsidian Datasharing uses in a Microsoft Analytics Workspace, if the data forwarding option is enabled in Obsidian Datasharing then raw event data is sent to the Microsoft Sentinel Ingestion API.",
              "instructions": [
                {
                  "type": "Markdown",
                  "parameters": {
                    "content": "#### Automated Configuration and Secure Data Ingestion with Entra Application \nClicking on \"Deploy\" will trigger the creation of Log Analytics tables and a Data Collection Rule (DCR). \nIt will then create an Entra application, link the DCR to it, and set the entered secret in the application. This setup enables data to be sent securely to the DCR using an Entra token."
                  }
                },
                {
                  "parameters": {
                    "label": "Deploy Obsidian Datasharing connector resources",
                    "applicationDisplayName": "Obsidian Datasharing Connector Application"
                  },
                  "type": "DeployPushConnectorButton"
                }
              ]
            },
            {
              "title": "2. Push your logs into the workspace",
              "description": "Use the following parameters to configure the your machine to send the logs to the workspace.",
              "instructions": [
                {
                  "parameters": {
                    "label": "Tenant ID (Directory ID)",
                    "fillWith": [
                      "TenantId"
                    ]
                  },
                  "type": "CopyableLabel"
                },
                {
                  "parameters": {
                    "label": "Entra App Registration Application ID",
                    "fillWith": [
                      "ApplicationId"
                    ],
                    "placeholder": "Deploy push connector to get the App Registration Application ID"
                  },
                  "type": "CopyableLabel"
                },
                {
                  "parameters": {
                    "label": "Entra App Registration Secret",
                    "fillWith": [
                      "ApplicationSecret"
                    ],
                    "placeholder": "Deploy push connector to get the App Registration Secret"
                  },
                  "type": "CopyableLabel"
                },
                {
                  "parameters": {
                    "label": "Data Collection Endpoint Uri",
                    "fillWith": [
                      "DataCollectionEndpoint"
                    ],
                    "placeholder": "Deploy push connector to get the Data Collection Endpoint Uri"
                  },
                  "type": "CopyableLabel"
                },
                {
                  "parameters": {
                    "label": "Data Collection Rule Immutable ID",
                    "fillWith": [
                      "DataCollectionRuleId"
                    ],
                    "placeholder": "Deploy push connector to get the Data Collection Rule Immutable ID"
                  },
                  "type": "CopyableLabel"
                },
                {
                  "parameters": {
                    "label": "Activity Stream Name",
                    "value": "Custom-ObsidianActivity_CL"
                  },
                  "type": "CopyableLabel"
                },
                {
                  "parameters": {
                    "label": "Threat Stream Name",
                    "value": "Custom-ObsidianThreat_CL"
                  },
                  "type": "CopyableLabel"
                }
              ]
            }
          ]
        }
      }
    },
    {
      "name": "[concat(parameters('workspace'),'/Microsoft.SecurityInsights/',concat('DataConnector-', variables('_dataConnectorContentIdConnectorDefinition1')))]",
      "apiVersion": "2022-01-01-preview",
      "type": "Microsoft.OperationalInsights/workspaces/providers/metadata",
      "properties": {
        "parentId": "[extensionResourceId(resourceId('Microsoft.OperationalInsights/workspaces', parameters('workspace')), 'Microsoft.SecurityInsights/dataConnectorDefinitions', variables('_dataConnectorContentIdConnectorDefinition1'))]",
        "contentId": "[variables('_dataConnectorContentIdConnectorDefinition1')]",
        "kind": "DataConnector",
        "version": "[variables('dataConnectorCCPVersion')]",
        "source": {
          "sourceId": "[variables('_solutionId')]",
          "name": "[variables('_solutionName')]",
          "kind": "Solution"
        },
        "author": {
          "name": "Timothy Zhou",
          "email": "[variables('_email')]"
        },
        "support": {
          "tier": "Partner",
          "name": "Obsidian Security",
          "email": "tzhou@obsidiansecurity.com",
          "link": "https://obsidiansecurity.com/contact"
        },
        "dependencies": {
          "criteria": [
            {
              "version": "[variables('dataConnectorCCPVersion')]",
              "contentId": "[variables('_dataConnectorContentIdConnections1')]",
              "kind": "ResourcesDataConnector"
            }
          ]
        }
      }
    },
    {
      "type": "Microsoft.OperationalInsights/workspaces/providers/contentTemplates",
      "apiVersion": "2023-04-01-preview",
      "name": "[concat(parameters('workspace'),'/Microsoft.SecurityInsights/', variables('dataConnectorTemplateNameConnections1'), variables('dataConnectorCCPVersion'))]",
      "location": "[parameters('workspace-location')]",
      "dependsOn": [
        "[extensionResourceId(resourceId('Microsoft.OperationalInsights/workspaces', parameters('workspace')), 'Microsoft.SecurityInsights/contentPackages', variables('_solutionId'))]"
      ],
      "properties": {
        "contentId": "[variables('_dataConnectorContentIdConnections1')]",
        "displayName": "Obsidian Datasharing Connector",
        "contentKind": "ResourcesDataConnector",
        "mainTemplate": {
          "$schema": "https://schema.management.azure.com/schemas/2019-04-01/deploymentTemplate.json#",
          "contentVersion": "[variables('dataConnectorCCPVersion')]",
          "parameters": {
            "guidValue": {
              "defaultValue": "[[newGuid()]",
              "type": "securestring"
            },
            "innerWorkspace": {
              "defaultValue": "[parameters('workspace')]",
              "type": "securestring"
            },
            "auth": {
              "type": "object",
              "defaultValue": {
                "appId": "[[parameters('auth').appId]]",
                "servicePrincipalId": "[[parameters('auth').servicePrincipalId]]"
              }
            },
            "connectorDefinitionName": {
              "defaultValue": "Obsidian Datasharing Connector",
              "type": "securestring",
              "minLength": 1
            },
            "workspace": {
              "defaultValue": "[parameters('workspace')]",
              "type": "securestring"
            },
            "dcrConfig": {
              "defaultValue": {
                "dataCollectionEndpoint": "data collection Endpoint",
                "dataCollectionRuleImmutableId": "data collection rule immutableId"
              },
              "type": "object"
            }
          },
          "variables": {
            "_dataConnectorContentIdConnections1": "[variables('_dataConnectorContentIdConnections1')]"
          },
          "resources": [
            {
              "name": "[concat(parameters('workspace'),'/Microsoft.SecurityInsights/',concat('DataConnector-', variables('_dataConnectorContentIdConnections1')))]",
              "apiVersion": "2022-01-01-preview",
              "type": "Microsoft.OperationalInsights/workspaces/providers/metadata",
              "properties": {
                "parentId": "[extensionResourceId(resourceId('Microsoft.OperationalInsights/workspaces', parameters('workspace')), 'Microsoft.SecurityInsights/dataConnectors', variables('_dataConnectorContentIdConnections1'))]",
                "contentId": "[variables('_dataConnectorContentIdConnections1')]",
                "kind": "ResourcesDataConnector",
                "version": "[variables('dataConnectorCCPVersion')]",
                "source": {
                  "sourceId": "[variables('_solutionId')]",
                  "name": "[variables('_solutionName')]",
                  "kind": "Solution"
                },
                "author": {
                  "name": "Timothy Zhou",
                  "email": "[variables('_email')]"
                },
                "support": {
                  "tier": "Partner",
                  "name": "Obsidian Security",
                  "email": "tzhou@obsidiansecurity.com",
                  "link": "https://obsidiansecurity.com/contact"
                }
              }
            },
            {
              "name": "[[concat(parameters('innerWorkspace'),'/Microsoft.SecurityInsights/', 'ObsidianDatasharingPushConnectorPolling', parameters('guidValue'))]",
              "apiVersion": "2023-02-01-preview",
              "type": "Microsoft.OperationalInsights/workspaces/providers/dataConnectors",
              "location": "[parameters('workspace-location')]",
              "kind": "Push",
              "properties": {
                "connectorDefinitionName": "ObsidianDatasharing",
                "dcrConfig": {
                  "streamName": "Custom-ObsidianActivity",
                  "dataCollectionEndpoint": "[[parameters('dcrConfig').dataCollectionEndpoint]",
                  "dataCollectionRuleImmutableId": "[[parameters('dcrConfig').dataCollectionRuleImmutableId]"
                },
                "auth": {
                  "type": "Push",
                  "AppId": "[[parameters('auth').appId]",
                  "ServicePrincipalId": "[[parameters('auth').servicePrincipalId]"
                },
                "request": {
                  "RetryCount": 1
                },
                "response": {
                  "eventsJsonPaths": [
                    "$.messages"
                  ]
                }
              }
            }
          ]
        },
        "packageKind": "Solution",
        "packageVersion": "[variables('_solutionVersion')]",
        "packageName": "[variables('_solutionName')]",
        "contentProductId": "[concat(take(variables('_solutionId'), 50),'-','rdc','-', uniqueString(concat(variables('_solutionId'),'-','ResourcesDataConnector','-',variables('_dataConnectorContentIdConnections1'),'-', variables('dataConnectorCCPVersion'))))]",
        "packageId": "[variables('_solutionId')]",
        "contentSchemaVersion": "3.0.0",
        "version": "[variables('dataConnectorCCPVersion')]"
      }
    },
    {
      "type": "Microsoft.OperationalInsights/workspaces/providers/contentPackages",
      "apiVersion": "2023-04-01-preview",
      "location": "[parameters('workspace-location')]",
      "properties": {
        "version": "3.0.0",
        "kind": "Solution",
        "contentSchemaVersion": "3.0.0",
        "displayName": "Obsidian Datasharing",
        "publisherDisplayName": "Obsidian Security",
        "descriptionHtml": "<p><strong>Note:</strong> Please refer to the following before installing the solution:</p>\n<p>• Review the solution <a href=\"https://github.com/Azure/Azure-Sentinel/tree/master/Solutions/Obsidian%20Datasharing/ReleaseNotes.md\">Release Notes</a></p>\n<p>• There may be <a href=\"https://aka.ms/sentinelsolutionsknownissues\">known issues</a> pertaining to this Solution, please refer to them before installing.</p>\n<p>The Obsidian Datasharing solution for Microsoft Sentinel enables you to ingest Obsidian events into your Microsoft Sentinel Analytics Workspace.</p>\n<p><strong>Data Connectors:</strong> 1</p>\n<p><a href=\"https://aka.ms/azuresentinel\">Learn more about Microsoft Sentinel</a> | <a href=\"https://aka.ms/azuresentinelsolutionsdoc\">Learn more about Solutions</a></p>\n",
        "contentKind": "Solution",
        "contentProductId": "[variables('_solutioncontentProductId')]",
        "id": "[variables('_solutioncontentProductId')]",
        "icon": "<img src=\"https://raw.githubusercontent.com/Azure/Azure-Sentinel/master/Logos/obsidian_security_logo.svg\" width=\"75px\" height=\"75px\">",
        "contentId": "[variables('_solutionId')]",
        "parentId": "[variables('_solutionId')]",
        "source": {
          "kind": "Solution",
          "name": "Obsidian Datasharing",
          "sourceId": "[variables('_solutionId')]"
        },
        "author": {
          "name": "Timothy Zhou",
          "email": "[variables('_email')]"
        },
        "support": {
          "name": "Obsidian Security",
          "email": "tzhou@obsidiansecurity.com",
          "tier": "Partner",
          "link": "https://obsidiansecurity.com/contact"
        },
        "dependencies": {
          "operator": "AND",
          "criteria": [
            {
              "kind": "DataConnector",
              "contentId": "[variables('_dataConnectorContentIdConnections1')]",
              "version": "[variables('dataConnectorCCPVersion')]"
            }
          ]
        },
        "firstPublishDate": "2024-01-01",
        "providers": [
          "Obsidian Security"
        ],
        "categories": {
          "domains": [
            "Security - Cloud Security",
            "Security - Network"
          ]
        }
      },
      "name": "[concat(parameters('workspace'),'/Microsoft.SecurityInsights/', variables('_solutionId'))]"
    }
  ],
  "outputs": {}
}
