{
  "$schema": "https://schema.management.azure.com/schemas/2019-04-01/deploymentTemplate.json#",
  "contentVersion": "1.0.0.0",
  "metadata": {
    "author": "Microsoft - support@microsoft.com",
    "comments": "Solution template for Google Cloud Platform Audit Logs"
  },
  "parameters": {
    "location": {
      "type": "string",
      "minLength": 1,
      "defaultValue": "[resourceGroup().location]",
      "metadata": {
        "description": "Not used, but needed to pass arm-ttk test `Location-Should-Not-Be-Hardcoded`.  We instead use the `workspace-location` which is derived from the LA workspace"
      }
    },
    "workspace-location": {
      "type": "string",
      "defaultValue": "",
      "metadata": {
        "description": "[concat('Region to deploy solution resources -- separate from location selection',parameters('location'))]"
      }
    },
    "workspace": {
      "defaultValue": "",
      "type": "string",
      "metadata": {
        "description": "Workspace name for Log Analytics where Microsoft Sentinel is setup"
      }
    },
    "resourceGroupName": {
      "type": "string",
      "defaultValue": "[resourceGroup().name]",
      "metadata": {
        "description": "resource group name where Microsoft Sentinel is setup"
      }
    },
    "subscription": {
      "type": "string",
      "defaultValue": "[last(split(subscription().id, '/'))]",
      "metadata": {
        "description": "subscription id where Microsoft Sentinel is setup"
      }
    }
  },
  "variables": {
    "email": "support@microsoft.com",
    "_email": "[variables('email')]",
    "_solutionName": "Google Cloud Platform Audit Logs",
    "_solutionVersion": "3.0.2",
    "solutionId": "azuresentinel.azure-sentinel-solution-gcpauditlogs-api",
    "_solutionId": "[variables('solutionId')]",
    "workspaceResourceId": "[resourceId('microsoft.OperationalInsights/Workspaces', parameters('workspace'))]",
    "dataConnectorCCPVersion": "1.0.0",
    "_dataConnectorContentIdConnectorDefinition1": "GCPAuditLogsDefinition",
    "dataConnectorTemplateNameConnectorDefinition1": "[concat(parameters('workspace'),'-dc-',uniquestring(variables('_dataConnectorContentIdConnectorDefinition1')))]",
    "_dataConnectorContentIdConnections1": "GCPAuditLogsDefinitionConnections",
    "dataConnectorTemplateNameConnections1": "[concat(parameters('workspace'),'-dc-',uniquestring(variables('_dataConnectorContentIdConnections1')))]",
    "dataCollectionEndpointId": "[concat('/subscriptions/',parameters('subscription'),'/resourceGroups/',parameters('resourceGroupName'),'/providers/Microsoft.Insights/dataCollectionEndpoints/',parameters('workspace'))]",
    "blanks": "[replace('b', 'b', '')]",
    "_solutioncontentProductId": "[concat(take(variables('_solutionId'),50),'-','sl','-', uniqueString(concat(variables('_solutionId'),'-','Solution','-',variables('_solutionId'),'-', variables('_solutionVersion'))))]"
  },
  "resources": [
    {
      "type": "Microsoft.OperationalInsights/workspaces/providers/contentTemplates",
      "apiVersion": "2023-04-01-preview",
      "name": "[concat(parameters('workspace'),'/Microsoft.SecurityInsights/', variables('dataConnectorTemplateNameConnectorDefinition1'), variables('dataConnectorCCPVersion'))]",
      "location": "[parameters('workspace-location')]",
      "dependsOn": [
        "[extensionResourceId(resourceId('Microsoft.OperationalInsights/workspaces', parameters('workspace')), 'Microsoft.SecurityInsights/contentPackages', variables('_solutionId'))]"
      ],
      "properties": {
        "contentId": "[variables('_dataConnectorContentIdConnectorDefinition1')]",
        "displayName": "GCP Pub/Sub Audit Logs",
        "contentKind": "DataConnector",
        "mainTemplate": {
          "$schema": "https://schema.management.azure.com/schemas/2019-04-01/deploymentTemplate.json#",
          "contentVersion": "[variables('dataConnectorCCPVersion')]",
          "parameters": {},
          "variables": {},
          "resources": [
            {
              "name": "[concat(parameters('workspace'),'/Microsoft.SecurityInsights/',variables('_dataConnectorContentIdConnectorDefinition1'))]",
              "apiVersion": "2022-09-01-preview",
              "type": "Microsoft.OperationalInsights/workspaces/providers/dataConnectorDefinitions",
              "location": "[parameters('workspace-location')]",
              "kind": "Customizable",
              "properties": {
                "connectorUiConfig": {
                  "id": "GCPAuditLogsDefinition",
                  "title": "GCP Pub/Sub Audit Logs",
                  "publisher": "Microsoft",
                  "descriptionMarkdown": "The Google Cloud Platform (GCP) audit logs, ingested from Microsoft Sentinel's connector, enables you to capture three types of audit logs: admin activity logs, data access logs, and access transparency logs. Google cloud audit logs record a trail that practitioners can use to monitor access and detect potential threats across Google Cloud Platform (GCP) resources.",
                  "graphQueriesTableName": "GCPAuditLogs",
                  "graphQueries": [
                    {
                      "metricName": "Total events received",
                      "legend": "GCP Audit Logs",
                      "baseQuery": "{{graphQueriesTableName}}"
                    }
                  ],
                  "sampleQueries": [
                    {
                      "description": "Get Sample of GCP Audit Logs",
                      "query": "{{graphQueriesTableName}}\n | take 10"
                    }
                  ],
                  "dataTypes": [
                    {
                      "name": "{{graphQueriesTableName}}",
                      "lastDataReceivedQuery": "{{graphQueriesTableName}}\n | where TimeGenerated > ago(12h) | summarize Time = max(TimeGenerated)\n | where isnotempty(Time)"
                    }
                  ],
                  "connectivityCriteria": [
                    {
                      "type": "HasDataConnectors"
                    }
                  ],
                  "availability": {
                    "status": 1,
                    "isPreview": false
                  },
                  "permissions": {
                    "resourceProvider": [
                      {
                        "provider": "Microsoft.OperationalInsights/workspaces",
                        "permissionsDisplayText": "Read and Write permissions are required.",
                        "providerDisplayName": "Workspace",
                        "scope": "Workspace",
                        "requiredPermissions": {
                          "read": true,
                          "write": true,
                          "delete": true,
                          "action": false
                        }
                      }
                    ]
                  },
                  "instructionSteps": [
                    {
                      "instructions": [
                        {
                          "type": "MarkdownControlEnvBased",
                          "parameters": {
                            "prodScript": "#### 1. Set up your GCP environment \n You must have the following GCP resources defined and configured: topic, subscription for the topic, workload identity pool, workload identity provider and service account with permissions to get and consume from subscription. \n Terraform provides API for the IAM that creates the resources. [Link to Terraform scripts](https://github.com/Azure/Azure-Sentinel/tree/master/DataConnectors/GCP/Terraform/sentinel_resources_creation).",
                            "govScript": "#### 1. Set up your GCP environment \n You must have the following GCP resources defined and configured: topic, subscription for the topic, workload identity pool, workload identity provider and service account with permissions to get and consume from subscription. \n Terraform provides API for the IAM that creates the resources. [Link to Gov Terraform scripts](https://github.com/Azure/Azure-Sentinel/tree/master/DataConnectors/GCP/Terraform/sentinel_resources_creation_gov)."
                          }
                        },
                        {
                          "type": "CopyableLabel",
                          "parameters": {
                            "label": "Tenant ID: A unique identifier that is used as an input in the Terraform configuration within a GCP environment.",
                            "fillWith": [
                              "TenantId"
                            ],
                            "name": "TenantId",
                            "disabled": true
                          }
                        },
                        {
                          "type": "Markdown",
                          "parameters": {
                            "content": "#### 2. Connect new collectors \n To enable GCP Audit Logs for Microsoft Sentinel, click the Add new collector button, fill the required information in the context pane and click on Connect."
                          }
                        },
                        {
                          "type": "GCPGrid",
                          "parameters": {}
                        },
                        {
                          "type": "GCPContextPane",
                          "parameters": {}
                        }
                      ]
                    }
                  ]
                }
              }
            },
            {
              "name": "[concat(parameters('workspace'),'/Microsoft.SecurityInsights/',concat('DataConnector-', variables('_dataConnectorContentIdConnectorDefinition1')))]",
              "apiVersion": "2022-01-01-preview",
              "type": "Microsoft.OperationalInsights/workspaces/providers/metadata",
              "properties": {
                "parentId": "[extensionResourceId(resourceId('Microsoft.OperationalInsights/workspaces', parameters('workspace')), 'Microsoft.SecurityInsights/dataConnectorDefinitions', variables('_dataConnectorContentIdConnectorDefinition1'))]",
                "contentId": "[variables('_dataConnectorContentIdConnectorDefinition1')]",
                "kind": "DataConnector",
                "version": "[variables('dataConnectorCCPVersion')]",
                "source": {
                  "sourceId": "[variables('_solutionId')]",
                  "name": "[variables('_solutionName')]",
                  "kind": "Solution"
                },
                "author": {
                  "name": "Microsoft",
                  "email": "[variables('_email')]"
                },
                "support": {
                  "name": "Microsoft Corporation",
                  "email": "support@microsoft.com",
                  "tier": "Microsoft",
                  "link": "https://support.microsoft.com"
                },
                "dependencies": {
                  "criteria": [
                    {
                      "version": "[variables('dataConnectorCCPVersion')]",
                      "contentId": "[variables('_dataConnectorContentIdConnections1')]",
                      "kind": "ResourcesDataConnector"
                    }
                  ]
                }
              }
            },
            {
              "name": "GCPAuditLogs",
              "apiVersion": "2022-06-01",
              "type": "Microsoft.Insights/dataCollectionRules",
              "location": "[parameters('workspace-location')]",
              "kind": "[variables('blanks')]",
              "properties": {
                "destinations": {
                  "logAnalytics": [
                    {
                      "name": "clv2ws1",
                      "workspaceResourceId": "[variables('workspaceResourceId')]"
                    }
                  ]
                },
                "dataFlows": [
                  {
                    "streams": [
                      "Microsoft-GCPAuditLogs"
                    ],
                    "destinations": [
                      "clv2ws1"
                    ]
                  }
                ],
                "dataCollectionEndpointId": "[variables('dataCollectionEndpointId')]"
              }
            }
          ]
        },
        "packageKind": "Solution",
        "packageVersion": "[variables('_solutionVersion')]",
        "packageName": "[variables('_solutionName')]",
        "contentProductId": "[concat(take(variables('_solutionId'), 50),'-','dc','-', uniqueString(concat(variables('_solutionId'),'-','DataConnector','-',variables('_dataConnectorContentIdConnectorDefinition1'),'-', variables('dataConnectorCCPVersion'))))]",
        "packageId": "[variables('_solutionId')]",
        "contentSchemaVersion": "3.0.0",
        "version": "[variables('dataConnectorCCPVersion')]"
      }
    },
    {
      "name": "[concat(parameters('workspace'),'/Microsoft.SecurityInsights/',variables('_dataConnectorContentIdConnectorDefinition1'))]",
      "apiVersion": "2022-09-01-preview",
      "type": "Microsoft.OperationalInsights/workspaces/providers/dataConnectorDefinitions",
      "location": "[parameters('workspace-location')]",
      "kind": "Customizable",
      "properties": {
        "connectorUiConfig": {
          "id": "GCPAuditLogsDefinition",
          "title": "GCP Pub/Sub Audit Logs",
          "publisher": "Microsoft",
          "descriptionMarkdown": "The Google Cloud Platform (GCP) audit logs, ingested from Microsoft Sentinel's connector, enables you to capture three types of audit logs: admin activity logs, data access logs, and access transparency logs. Google cloud audit logs record a trail that practitioners can use to monitor access and detect potential threats across Google Cloud Platform (GCP) resources.",
          "graphQueriesTableName": "GCPAuditLogs",
          "graphQueries": [
            {
              "metricName": "Total events received",
              "legend": "GCP Audit Logs",
              "baseQuery": "{{graphQueriesTableName}}"
            }
          ],
          "sampleQueries": [
            {
              "description": "Get Sample of GCP Audit Logs",
              "query": "{{graphQueriesTableName}}\n | take 10"
            }
          ],
          "dataTypes": [
            {
              "name": "{{graphQueriesTableName}}",
              "lastDataReceivedQuery": "{{graphQueriesTableName}}\n | where TimeGenerated > ago(12h) | summarize Time = max(TimeGenerated)\n | where isnotempty(Time)"
            }
          ],
          "connectivityCriteria": [
            {
              "type": "HasDataConnectors"
            }
          ],
          "availability": {
            "status": 1,
            "isPreview": false
          },
          "permissions": {
            "resourceProvider": [
              {
                "provider": "Microsoft.OperationalInsights/workspaces",
                "permissionsDisplayText": "Read and Write permissions are required.",
                "providerDisplayName": "Workspace",
                "scope": "Workspace",
                "requiredPermissions": {
                  "read": true,
                  "write": true,
                  "delete": true,
                  "action": false
                }
              }
            ]
          },
          "instructionSteps": [
            {
              "instructions": [
                {
                  "type": "MarkdownControlEnvBased",
                  "parameters": {
                    "prodScript": "#### 1. Set up your GCP environment \n You must have the following GCP resources defined and configured: topic, subscription for the topic, workload identity pool, workload identity provider and service account with permissions to get and consume from subscription. \n Terraform provides API for the IAM that creates the resources. [Link to Terraform scripts](https://github.com/Azure/Azure-Sentinel/tree/master/DataConnectors/GCP/Terraform/sentinel_resources_creation).",
                    "govScript": "#### 1. Set up your GCP environment \n You must have the following GCP resources defined and configured: topic, subscription for the topic, workload identity pool, workload identity provider and service account with permissions to get and consume from subscription. \n Terraform provides API for the IAM that creates the resources. [Link to Gov Terraform scripts](https://github.com/Azure/Azure-Sentinel/tree/master/DataConnectors/GCP/Terraform/sentinel_resources_creation_gov)."
                  }
                },
                {
                  "type": "CopyableLabel",
                  "parameters": {
                    "label": "Tenant ID: A unique identifier that is used as an input in the Terraform configuration within a GCP environment.",
                    "fillWith": [
                      "TenantId"
                    ],
                    "name": "TenantId",
                    "disabled": true
                  }
                },
                {
                  "type": "Markdown",
                  "parameters": {
                    "content": "#### 2. Connect new collectors \n To enable GCP Audit Logs for Microsoft Sentinel, click the Add new collector button, fill the required information in the context pane and click on Connect."
                  }
                },
                {
                  "type": "GCPGrid",
                  "parameters": {}
                },
                {
                  "type": "GCPContextPane",
                  "parameters": {}
                }
              ]
            }
          ]
        }
      }
    },
    {
      "name": "[concat(parameters('workspace'),'/Microsoft.SecurityInsights/',concat('DataConnector-', variables('_dataConnectorContentIdConnectorDefinition1')))]",
      "apiVersion": "2022-01-01-preview",
      "type": "Microsoft.OperationalInsights/workspaces/providers/metadata",
      "properties": {
        "parentId": "[extensionResourceId(resourceId('Microsoft.OperationalInsights/workspaces', parameters('workspace')), 'Microsoft.SecurityInsights/dataConnectorDefinitions', variables('_dataConnectorContentIdConnectorDefinition1'))]",
        "contentId": "[variables('_dataConnectorContentIdConnectorDefinition1')]",
        "kind": "DataConnector",
        "version": "[variables('dataConnectorCCPVersion')]",
        "source": {
          "sourceId": "[variables('_solutionId')]",
          "name": "[variables('_solutionName')]",
          "kind": "Solution"
        },
        "author": {
          "name": "Microsoft",
          "email": "[variables('_email')]"
        },
        "support": {
          "name": "Microsoft Corporation",
          "email": "support@microsoft.com",
          "tier": "Microsoft",
          "link": "https://support.microsoft.com"
        },
        "dependencies": {
          "criteria": [
            {
              "version": "[variables('dataConnectorCCPVersion')]",
              "contentId": "[variables('_dataConnectorContentIdConnections1')]",
              "kind": "ResourcesDataConnector"
            }
          ]
        }
      }
    },
    {
      "type": "Microsoft.OperationalInsights/workspaces/providers/contentTemplates",
      "apiVersion": "2023-04-01-preview",
      "name": "[concat(parameters('workspace'),'/Microsoft.SecurityInsights/', variables('dataConnectorTemplateNameConnections1'), variables('dataConnectorCCPVersion'))]",
      "location": "[parameters('workspace-location')]",
      "dependsOn": [
        "[extensionResourceId(resourceId('Microsoft.OperationalInsights/workspaces', parameters('workspace')), 'Microsoft.SecurityInsights/contentPackages', variables('_solutionId'))]"
      ],
      "properties": {
        "contentId": "[variables('_dataConnectorContentIdConnections1')]",
        "displayName": "GCP Pub/Sub Audit Logs",
        "contentKind": "ResourcesDataConnector",
        "mainTemplate": {
          "$schema": "https://schema.management.azure.com/schemas/2019-04-01/deploymentTemplate.json#",
          "contentVersion": "[variables('dataConnectorCCPVersion')]",
          "parameters": {
            "guidValue": {
              "defaultValue": "[[newGuid()]",
              "type": "securestring"
            },
            "innerWorkspace": {
              "defaultValue": "[parameters('workspace')]",
              "type": "securestring"
            },
            "GCPServiceAccountEmail": {
              "defaultValue": "-NA-",
              "type": "securestring",
              "minLength": 4
            },
            "GCPProjectNumber": {
              "defaultValue": "-NA-",
              "type": "securestring",
              "minLength": 1
            },
            "GCPWorkloadIdentityProviderId": {
              "defaultValue": "-NA-",
              "type": "securestring",
              "minLength": 4
            },
            "GCPProjectId": {
              "defaultValue": "-NA-",
              "type": "securestring",
              "minLength": 4
            },
            "GCPSubscriptionName": {
              "defaultValue": "-NA-",
              "type": "securestring",
              "minLength": 3
            },
            "connectorDefinitionName": {
              "defaultValue": "GCP Pub/Sub Audit Logs",
              "type": "securestring",
              "minLength": 1
            },
            "workspace": {
              "defaultValue": "[parameters('workspace')]",
              "type": "securestring"
            },
            "dcrConfig": {
              "defaultValue": {
                "dataCollectionEndpoint": "data collection Endpoint",
                "dataCollectionRuleImmutableId": "data collection rule immutableId"
              },
              "type": "object"
            }
          },
          "variables": {
            "_dataConnectorContentIdConnections1": "[variables('_dataConnectorContentIdConnections1')]"
          },
          "resources": [
            {
              "name": "[concat(parameters('workspace'),'/Microsoft.SecurityInsights/',concat('DataConnector-', variables('_dataConnectorContentIdConnections1')))]",
              "apiVersion": "2022-01-01-preview",
              "type": "Microsoft.OperationalInsights/workspaces/providers/metadata",
              "properties": {
                "parentId": "[extensionResourceId(resourceId('Microsoft.OperationalInsights/workspaces', parameters('workspace')), 'Microsoft.SecurityInsights/dataConnectors', variables('_dataConnectorContentIdConnections1'))]",
                "contentId": "[variables('_dataConnectorContentIdConnections1')]",
                "kind": "ResourcesDataConnector",
                "version": "[variables('dataConnectorCCPVersion')]",
                "source": {
                  "sourceId": "[variables('_solutionId')]",
                  "name": "[variables('_solutionName')]",
                  "kind": "Solution"
                },
                "author": {
                  "name": "Microsoft",
                  "email": "[variables('_email')]"
                },
                "support": {
                  "name": "Microsoft Corporation",
                  "email": "support@microsoft.com",
                  "tier": "Microsoft",
                  "link": "https://support.microsoft.com"
                }
              }
            },
            {
              "name": "[[concat(parameters('innerWorkspace'),'/Microsoft.SecurityInsights/', 'GCPAuditLogsPoller', parameters('guidValue'))]",
              "apiVersion": "2023-02-01-preview",
              "type": "Microsoft.OperationalInsights/workspaces/providers/dataConnectors",
              "location": "[parameters('workspace-location')]",
              "kind": "GCP",
              "properties": {
                "connectorDefinitionName": "GCPAuditLogsDefinition",
                "dataType": "GCPAuditLogs",
                "dcrConfig": {
                  "streamName": "SENTINEL_GCP_AUDIT_LOGS",
                  "dataCollectionEndpoint": "[[parameters('dcrConfig').dataCollectionEndpoint]",
                  "dataCollectionRuleImmutableId": "[[parameters('dcrConfig').dataCollectionRuleImmutableId]"
                },
                "auth": {
                  "serviceAccountEmail": "[[parameters('GCPServiceAccountEmail')]",
                  "projectNumber": "[[parameters('GCPProjectNumber')]",
                  "workloadIdentityProviderId": "[[parameters('GCPWorkloadIdentityProviderId')]"
                },
                "request": {
                  "projectId": "[[parameters('GCPProjectId')]",
                  "subscriptionNames": [
                    "[[parameters('GCPSubscriptionName')]"
                  ]
                }
              }
            }
          ]
        },
        "packageKind": "Solution",
        "packageVersion": "[variables('_solutionVersion')]",
        "packageName": "[variables('_solutionName')]",
        "contentProductId": "[concat(take(variables('_solutionId'), 50),'-','rdc','-', uniqueString(concat(variables('_solutionId'),'-','ResourcesDataConnector','-',variables('_dataConnectorContentIdConnections1'),'-', variables('dataConnectorCCPVersion'))))]",
        "packageId": "[variables('_solutionId')]",
        "contentSchemaVersion": "3.0.0",
        "version": "[variables('dataConnectorCCPVersion')]"
      }
    },
    {
      "type": "Microsoft.OperationalInsights/workspaces/providers/contentPackages",
      "apiVersion": "2023-04-01-preview",
      "location": "[parameters('workspace-location')]",
      "properties": {
        "version": "3.0.2",
        "kind": "Solution",
        "contentSchemaVersion": "3.0.0",
        "displayName": "Google Cloud Platform Audit Logs",
        "publisherDisplayName": "Microsoft Sentinel, Microsoft Corporation",
        "descriptionHtml": "<p><strong>Note:</strong> Please refer to the following before installing the solution:</p>\n<p>• Review the solution <a href=\"https://github.com/Azure/Azure-Sentinel/tree/master/Solutions/Google%20Cloud%20Platform%20Audit%20Logs/ReleaseNotes.md\">Release Notes</a></p>\n<p>• There may be <a href=\"https://aka.ms/sentinelsolutionsknownissues\">known issues</a> pertaining to this Solution, please refer to them before installing.</p>\n<p>The Google Cloud Platform (GCP) audit logs, ingested from Microsoft Sentinel's connector, enables you to capture and track all activity that occurs in your GCP environment. These audit logs provide valuable insights for monitoring user activity, troubleshooting issues, and ensuring compliance with security regulations. They serve as a record of events that practitioners can utilize to monitor access and identify potential threats across GCP resources.</p>\n<p><strong>Data Connectors:</strong> 1</p>\n<p><a href=\"https://aka.ms/azuresentinel\">Learn more about Microsoft Sentinel</a> | <a href=\"https://aka.ms/azuresentinelsolutionsdoc\">Learn more about Solutions</a></p>\n",
        "contentKind": "Solution",
        "contentProductId": "[variables('_solutioncontentProductId')]",
        "id": "[variables('_solutioncontentProductId')]",
        "icon": "<img src=\"https://raw.githubusercontent.com/Azure/Azure-Sentinel/master/Solutions/Google%20Cloud%20Platform%20Audit%20Logs/logo/Google-Cloud-Branding.png\" width=\"75px\" height=\"75px\">",
        "contentId": "[variables('_solutionId')]",
        "parentId": "[variables('_solutionId')]",
        "source": {
          "kind": "Solution",
          "name": "Google Cloud Platform Audit Logs",
          "sourceId": "[variables('_solutionId')]"
        },
        "author": {
          "name": "Microsoft",
          "email": "[variables('_email')]"
        },
        "support": {
          "name": "Microsoft Corporation",
          "email": "support@microsoft.com",
          "tier": "Microsoft",
          "link": "https://support.microsoft.com"
        },
        "dependencies": {
          "operator": "AND",
          "criteria": [
            {
              "kind": "DataConnector",
              "contentId": "[variables('_dataConnectorContentIdConnections1')]",
              "version": "[variables('dataConnectorCCPVersion')]"
            }
          ]
        },
        "firstPublishDate": "2023-03-29",
        "providers": [
          "Google"
        ],
        "categories": {
          "domains": [
            "DevOps"
          ]
        }
      },
      "name": "[concat(parameters('workspace'),'/Microsoft.SecurityInsights/', variables('_solutionId'))]"
    }
  ],
  "outputs": {}
}
