{
  "$schema": "https://schema.management.azure.com/schemas/0.1.2-preview/CreateUIDefinition.MultiVm.json#",
  "handler": "Microsoft.Azure.CreateUIDef",
  "version": "0.1.2-preview",
  "parameters": {
    "config": {
      "isWizard": false,
      "basics": {
        "description": "<img src=\"https://raw.githubusercontent.com/Azure/Azure-Sentinel/master/Logos/infoblox_logo.svg\"width=\"75px\"height=\"75px\">\n\n**Important:** _This Microsoft Sentinel Solution is currently in public preview. This feature is provided without a service level agreement, and it's not recommended for production workloads. Certain features might not be supported or might have constrained capabilities. For more information, see [Supplemental Terms of Use for Microsoft Azure Previews](https://azure.microsoft.com/support/legal/preview-supplemental-terms/)._\n\n**Note:** _There may be [known issues](https://aka.ms/sentinelsolutionsknownissues) pertaining to this Solution, please refer to them before installing._\n\nThe [Infoblox NIOS](https://www.infoblox.com/glossary/network-identity-operating-system-nios/) Solution for Microsoft Sentinel enables you to ingest network infrastructure operational logs into Microsoft Sentinel to improve your Security Monitoring/Operations capabilities.\r\n\r\nUnderlying Technologies used:\r\n\r\n • [Syslog](https://docs.microsoft.com/azure/sentinel/connect-syslog#:~:text=Configure%20your%20Linux%20machine%20or%20appliance%20From%20the,your%20device%20instead%20of%20the%20generic%20Syslog%20connector.)\n\n**Data Connectors:** 1, **Parsers:** 22, **Workbooks:** 1, **Analytic Rules:** 2, **Watchlists:** 1\n\n[Learn more about Microsoft Sentinel](https://aka.ms/azuresentinel) | [Learn more about Solutions](https://aka.ms/azuresentinelsolutionsdoc)",
        "subscription": {
          "resourceProviders": [
            "Microsoft.OperationsManagement/solutions",
            "Microsoft.OperationalInsights/workspaces/providers/alertRules",
            "Microsoft.Insights/workbooks",
            "Microsoft.Logic/workflows"
          ]
        },
        "location": {
          "metadata": {
            "hidden": "Hiding location, we get it from the log analytics workspace"
          },
          "visible": false
        },
        "resourceGroup": {
          "allowExisting": true
        }
      }
    },
    "basics": [
      {
        "name": "getLAWorkspace",
        "type": "Microsoft.Solutions.ArmApiControl",
        "toolTip": "This filters by workspaces that exist in the Resource Group selected",
        "condition": "[greater(length(resourceGroup().name),0)]",
        "request": {
          "method": "GET",
          "path": "[concat(subscription().id,'/providers/Microsoft.OperationalInsights/workspaces?api-version=2020-08-01')]"
        }
      },
      {
        "name": "workspace",
        "type": "Microsoft.Common.DropDown",
        "label": "Workspace",
        "placeholder": "Select a workspace",
        "toolTip": "This dropdown will list only workspace that exists in the Resource Group selected",
        "constraints": {
          "allowedValues": "[map(filter(basics('getLAWorkspace').value, (filter) => contains(toLower(filter.id), toLower(resourceGroup().name))), (item) => parse(concat('{\"label\":\"', item.name, '\",\"value\":\"', item.name, '\"}')))]",
          "required": true
        },
        "visible": true
      }
    ],
    "steps": [
      {
        "name": "dataconnectors",
        "label": "Data Connectors",
        "bladeTitle": "Data Connectors",
        "elements": [
          {
            "name": "dataconnectors1-text",
            "type": "Microsoft.Common.TextBlock",
            "options": {
              "text": "This solution installs the data connector for ingesting Infoblox NIOS network infrastructure operational logs into Microsoft Sentinel using Syslog. After installing the solution, configure and enable this data connector from the Data Connector gallery. The Infoblox NIOS logs will be received in the Syslog table in your Microsoft Sentinel workspace."
            }
          },
          {
            "name": "dataconnectors-parser-text",
            "type": "Microsoft.Common.TextBlock",
            "options": {
              "text": "The solution installs multiple parsers that transforms the ingested data. The transformed logs can be accessed using the installed Kusto Function aliases."
            }
          },
          {
            "name": "dataconnectors-link1",
            "type": "Microsoft.Common.TextBlock",
            "options": {
              "link": {
                "label": "Learn more about normalized format",
                "uri": "https://docs.microsoft.com/azure/sentinel/normalization-schema"
              }
            }
          },
          {
            "name": "dataconnectors-link2",
            "type": "Microsoft.Common.TextBlock",
            "options": {
              "link": {
                "label": "Learn more about connecting data sources",
                "uri": "https://docs.microsoft.com/azure/sentinel/connect-data-sources"
              }
            }
          }
        ]
      },
      {
        "name": "workbooks",
        "label": "Workbooks",
        "subLabel": {
          "preValidation": "Configure the workbooks",
          "postValidation": "Done"
        },
        "bladeTitle": "Workbooks",
        "elements": [
          {
            "name": "workbooks-text",
            "type": "Microsoft.Common.TextBlock",
            "options": {
              "text": "The workbook(s) installed with the Infoblox NIOS solution provides insights into network operations by correlating DHCP and DNS data. After installation, the workbook(s) will be saved in the My Workbooks gallery in your Microsoft Sentinel workbook gallery."
            }
          },
			{
            "name": "Workbook-LearnMore",
            "type": "Microsoft.Common.TextBlock",
            "options": {
              "link": {
                "label": "Learn more",
                "uri": "https://docs.microsoft.com/azure/sentinel/tutorial-monitor-your-data"
              }
            }
          },
          {
            "name": "workbook1",
            "type": "Microsoft.Common.Section",
            "label": "Infoblox NIOS",
            "elements": [
              {
                "name": "workbook1-text",
                "type": "Microsoft.Common.TextBlock"
              },
              {
                "name": "workbook1-name",
                "type": "Microsoft.Common.TextBox",
                "label": "Display Name",
                "defaultValue": "Infoblox NIOS",
                "toolTip": "Display name for the workbook.",
                "constraints": {
                  "required": true,
                  "regex": "[a-z0-9A-Z]{1,256}$",
                  "validationMessage": "Please enter a workbook name"
                }
              }
            ]
          }
        ]
      },
      {
        "name": "analytics",
        "label": "Analytics",
        "subLabel": {
          "preValidation": "Configure the analytics",
          "postValidation": "Done"
        },
        "bladeTitle": "Analytics",
        "elements": [
          {
            "name": "analytics-text",
            "type": "Microsoft.Common.TextBlock",
            "options": {
              "text": "The Analytic Rule(s) installed with this solution will be deployed in disabled mode in the analytic rules gallery of your Microsoft Sentinel workspace. Configure and enable these rules in the analytic rules gallery after this solution deploys."
            }
          },
		  {
            "name": "Analytics-LearnMore",
            "type": "Microsoft.Common.TextBlock",
            "options": {
              "link": {
                "label": "Learn more",
                "uri": "https://docs.microsoft.com/azure/sentinel/tutorial-detect-threats-custom?WT.mc_id=Portal-Microsoft_Azure_CreateUIDef"
              }
            }
          },
          {
            "name": "analytic1",
            "type": "Microsoft.Common.Section",
            "label": "Excessive NXDOMAIN DNS Queries",
            "elements": [
              {
                "name": "analytic1-text",
                "type": "Microsoft.Common.TextBlock",
                "options": {
                  "text": "This creates an incident in the event a client generates excessive amounts of DNS queries for non-existent domains."
                }
              }
            ]
          },
          {
            "name": "analytic2",
            "type": "Microsoft.Common.Section",
            "label": "Potential DHCP Starvation Attack",
            "elements": [
              {
                "name": "analytic2-text",
                "type": "Microsoft.Common.TextBlock",
                "options": {
                  "text": "This creates an incident in the event that an excessive amount of DHCPREQUEST have been recieved by a DHCP Server and could potentially be an indication of a DHCP Starvation Attack."
                }
              }
            ]
          }
        ]
      },
      {
        "name": "watchlists",
        "label": "Watchlists",
        "subLabel": {
          "preValidation": "Configure the watchlists",
          "postValidation": "Done"
        },
        "bladeTitle": "Watchlists",
        "elements": [
          {
            "name": "watchlists-text",
            "type": "Microsoft.Common.TextBlock",
            "options": {
              "text": "This solution installs a Watchlist of Infoblox devices for lookup. Once deployment is successful, the installed watchlists will be available in the Watchlists blade under 'My Watchlists'."
            }
          },
		  {
            "name": "Watchlists-LearnMore",
            "type": "Microsoft.Common.TextBlock",
            "options": {
              "link": {
                "label": "Learn more",
                "uri": "https://aka.ms/sentinelwatchlists"
              }
            }
          },
          {
            "name": "watchlist1",
            "type": "Microsoft.Common.Section",
            "label": "InfobloxDevices",
            "elements": [
              {
                "name": "watchlist1-text",
                "type": "Microsoft.Common.TextBlock",
                "options": {
                  "text": "Watchlist provide lookup for different hostnames of Infoblox devices."
                }
              }
            ]
          }
        ]
      }
    ],
    "outputs": {
      "workspace-location": "[first(map(filter(basics('getLAWorkspace').value, (filter) => and(contains(toLower(filter.id), toLower(resourceGroup().name)),equals(filter.name,basics('workspace')))), (item) => item.location))]",
      "location": "[location()]",
      "workspace": "[basics('workspace')]",
      "workbook1-name": "[steps('workbooks').workbook1.workbook1-name]"
    }
  }
}
