{
  "$schema": "https://schema.management.azure.com/schemas/0.1.2-preview/CreateUIDefinition.MultiVm.json#",
  "handler": "Microsoft.Azure.CreateUIDef",
  "version": "0.1.2-preview",
  "parameters": {
    "config": {
      "isWizard": false,
      "basics": {
        "description": "<img src=\"https://raw.githubusercontent.com/Azure/Azure-Sentinel/master/Logos/Azure_Sentinel.svg\" width=\"75px\" height=\"75px\">\n\n**Note:** Please refer to the following before installing the solution: \r \n • Review the solution [Release Notes](https://github.com/Azure/Azure-Sentinel/tree/master/Solutions/Syslog/ReleaseNotes.md)\r \n • There may be [known issues](https://aka.ms/sentinelsolutionsknownissues) pertaining to this Solution, please refer to them before installing.\n\nThe Syslog solution allows you to ingest events from applications or appliances that generate and can forward logs in the Syslog format to a Syslog Forwarder. The Agent for Linux is then able to forward these logs to the Log Analytics/Microsoft Sentinel workspace.\n\nInstalling this solution will deploy two data connectors,\n\r\n1. **Syslog via AMA** - This data connector helps in ingesting syslog messages into your Log Analytics Workspace using the new Azure Monitor Agent. Learn more about ingesting using the new Azure Monitor Agent [here](https://learn.microsoft.com/en-us/azure/azure-monitor/agents/data-collection-syslog). Microsoft recommends using this Data Connector.\n\r\n2. **Syslog via Legacy Agent** - This data connector helps in ingesting syslog messages into your Log Analytics Workspace using the legacy Log Analytics agent.\n\r\n<P>**NOTE**: After the solution is installed, Microsoft recommends configuring and leveraging the Syslog via AMA connector for log ingestion. Legacy connector uses the Log Analytics agent, which is about to be deprecated by **Aug 31, 2024,** and thus should only be installed where AMA is not supported.</p>\r\n\r\n**Underlying Microsoft Technologies used:** \r\n\r\n This solution takes a dependency on the following technologies, and some of these dependencies either may be in [Preview](https://azure.microsoft.com/support/legal/preview-supplemental-terms/) state or might result in additional ingestion or operational costs:\r\n\n  a. [Agent based logs collection from Windows and Linux machines  ](https://docs.microsoft.com/azure/azure-monitor/agents/data-sources-custom-logs)\n\n**Data Connectors:** 2, **Workbooks:** 1, **Analytic Rules:** 7, **Hunting Queries:** 9\n\n[Learn more about Microsoft Sentinel](https://aka.ms/azuresentinel) | [Learn more about Solutions](https://aka.ms/azuresentinelsolutionsdoc)",
        "subscription": {
          "resourceProviders": [
            "Microsoft.OperationsManagement/solutions",
            "Microsoft.OperationalInsights/workspaces/providers/alertRules",
            "Microsoft.Insights/workbooks",
            "Microsoft.Logic/workflows"
          ]
        },
        "location": {
          "metadata": {
            "hidden": "Hiding location, we get it from the log analytics workspace"
          },
          "visible": false
        },
        "resourceGroup": {
          "allowExisting": true
        }
      }
    },
    "basics": [
      {
        "name": "getLAWorkspace",
        "type": "Microsoft.Solutions.ArmApiControl",
        "toolTip": "This filters by workspaces that exist in the Resource Group selected",
        "condition": "[greater(length(resourceGroup().name),0)]",
        "request": {
          "method": "GET",
          "path": "[concat(subscription().id,'/providers/Microsoft.OperationalInsights/workspaces?api-version=2020-08-01')]"
        }
      },
      {
        "name": "workspace",
        "type": "Microsoft.Common.DropDown",
        "label": "Workspace",
        "placeholder": "Select a workspace",
        "toolTip": "This dropdown will list only workspace that exists in the Resource Group selected",
        "constraints": {
          "allowedValues": "[map(filter(basics('getLAWorkspace').value, (filter) => contains(toLower(filter.id), toLower(resourceGroup().name))), (item) => parse(concat('{\"label\":\"', item.name, '\",\"value\":\"', item.name, '\"}')))]",
          "required": true
        },
        "visible": true
      }
    ],
    "steps": [
      {
        "name": "dataconnectors",
        "label": "Data Connectors",
        "bladeTitle": "Data Connectors",
        "elements": [
          {
            "name": "dataconnectors1-text",
            "type": "Microsoft.Common.TextBlock",
            "options": {
              "text": "This Solution installs the data connector for Syslog. You can get Syslog Syslog data in your Microsoft Sentinel workspace. After installing the solution, configure and enable this data connector by following guidance in Manage solution view."
            }
          },
          {
            "name": "dataconnectors-link2",
            "type": "Microsoft.Common.TextBlock",
            "options": {
              "link": {
                "label": "Learn more about connecting data sources",
                "uri": "https://docs.microsoft.com/azure/sentinel/connect-data-sources"
              }
            }
          }
        ]
      },
      {
        "name": "workbooks",
        "label": "Workbooks",
        "subLabel": {
          "preValidation": "Configure the workbooks",
          "postValidation": "Done"
        },
        "bladeTitle": "Workbooks",
        "elements": [
          {
            "name": "workbooks-text",
            "type": "Microsoft.Common.TextBlock",
            "options": {
              "text": "This solution installs workbook(s) to help you gain insights into the telemetry collected in Microsoft Sentinel. After installing the solution, start using the workbook in Manage solution view."
            }
          },
          {
            "name": "workbooks-link",
            "type": "Microsoft.Common.TextBlock",
            "options": {
              "link": {
                "label": "Learn more",
                "uri": "https://docs.microsoft.com/azure/sentinel/tutorial-monitor-your-data"
              }
            }
          },
          {
            "name": "workbook1",
            "type": "Microsoft.Common.Section",
            "label": "Linux machines",
            "elements": [
              {
                "name": "workbook1-text",
                "type": "Microsoft.Common.TextBlock",
                "options": {
                  "text": "Gain insights into your workspaces' Linux machines by connecting Microsoft Sentinel and using the logs to gather insights around Linux events and errors."
                }
              }
            ]
          }
        ]
      },
      {
        "name": "analytics",
        "label": "Analytics",
        "subLabel": {
          "preValidation": "Configure the analytics",
          "postValidation": "Done"
        },
        "bladeTitle": "Analytics",
        "elements": [
          {
            "name": "analytics-text",
            "type": "Microsoft.Common.TextBlock",
            "options": {
              "text": "This solution installs the following analytic rule templates. After installing the solution, create and enable analytic rules in Manage solution view."
            }
          },
          {
            "name": "analytics-link",
            "type": "Microsoft.Common.TextBlock",
            "options": {
              "link": {
                "label": "Learn more",
                "uri": "https://docs.microsoft.com/azure/sentinel/tutorial-detect-threats-custom?WT.mc_id=Portal-Microsoft_Azure_CreateUIDef"
              }
            }
          },
          {
            "name": "analytic1",
            "type": "Microsoft.Common.Section",
            "label": "Failed logon attempts in authpriv",
            "elements": [
              {
                "name": "analytic1-text",
                "type": "Microsoft.Common.TextBlock",
                "options": {
                  "text": "Identifies failed logon attempts from unknown users in Syslog authpriv logs. The unknown user means the account that tried to log in \nisn't provisioned on the machine. A few hits could indicate someone attempting to access a machine they aren't authorized to access. \nIf there are many of hits, especially from outside your network, it could indicate a brute force attack. \nDefault threshold for logon attempts is 15."
                }
              }
            ]
          },
          {
            "name": "analytic2",
            "type": "Microsoft.Common.Section",
            "label": "NRT Squid proxy events related to mining pools",
            "elements": [
              {
                "name": "analytic2-text",
                "type": "Microsoft.Common.TextBlock",
                "options": {
                  "text": "Checks for Squid proxy events in Syslog associated with common mining pools .This query presumes the default Squid log format is being used.\n http://www.squid-cache.org/Doc/config/access_log/"
                }
              }
            ]
          },
          {
            "name": "analytic3",
            "type": "Microsoft.Common.Section",
            "label": "Squid proxy events related to mining pools",
            "elements": [
              {
                "name": "analytic3-text",
                "type": "Microsoft.Common.TextBlock",
                "options": {
                  "text": "Checks for Squid proxy events in Syslog associated with common mining pools .This query presumes the default Squid log format is being used. \n http://www.squid-cache.org/Doc/config/access_log/"
                }
              }
            ]
          },
          {
            "name": "analytic4",
            "type": "Microsoft.Common.Section",
            "label": "Squid proxy events for ToR proxies",
            "elements": [
              {
                "name": "analytic4-text",
                "type": "Microsoft.Common.TextBlock",
                "options": {
                  "text": "Check for Squid proxy events associated with common ToR proxies. This query presumes the default squid log format is being used.\nhttp://www.squid-cache.org/Doc/config/access_log/"
                }
              }
            ]
          },
          {
            "name": "analytic5",
            "type": "Microsoft.Common.Section",
            "label": "SSH - Potential Brute Force",
            "elements": [
              {
                "name": "analytic5-text",
                "type": "Microsoft.Common.TextBlock",
                "options": {
                  "text": "Identifies an IP address that had 15 failed attempts to sign in via SSH in a 4 hour block during a 24 hour time period.\n Please note that entity mapping for arrays is not supported, so when there is a single value in an array, we will pull that\n value from the array as a single string to populate the entity to support entity mapping features within Sentinel. Additionally,\n if the array is multivalued, we will input a string to indicate this with a unique hash so that matching will not occur.\n As an example - ComputerList is an array that we check for a single value and write that into the HostName field for use in \n the entity mapping within Sentinel."
                }
              }
            ]
          },
          {
            "name": "analytic6",
            "type": "Microsoft.Common.Section",
            "label": "SFTP File transfer above threshold",
            "elements": [
              {
                "name": "analytic6-text",
                "type": "Microsoft.Common.TextBlock",
                "options": {
                  "text": "Identifies SFTP File Transfers above certain threshold in a 15min time period. It requires SFTP VERBOSE loglevel to be enabled.\n Please note that entity mapping for arrays is not supported, so when there is a single value in an array, we will pull that\n value from the array as a single string to populate the entity to support entity mapping features within Sentinel. Additionally,\n if the array is multivalued, we will input a string to indicate this with a unique hash so that matching will not occur."
                }
              }
            ]
          },
          {
            "name": "analytic7",
            "type": "Microsoft.Common.Section",
            "label": "SFTP File transfer folder count above threshold",
            "elements": [
              {
                "name": "analytic7-text",
                "type": "Microsoft.Common.TextBlock",
                "options": {
                  "text": "Identifies SFTP File Transfers with distinct folder count above certain threshold in a 15min time period.\n It requires SFTP VERBOSE loglevel to be enabled.\n Please note that entity mapping for arrays is not supported, so when there is a single value in an array, we will pull that\n value from the array as a single string to populate the entity to support entity mapping features within Sentinel. Additionally,\n if the array is multivalued, we will input a string to indicate this with a unique hash so that matching will not occur."
                }
              }
            ]
          }
        ]
      },
      {
        "name": "huntingqueries",
        "label": "Hunting Queries",
        "bladeTitle": "Hunting Queries",
        "elements": [
          {
            "name": "huntingqueries-text",
            "type": "Microsoft.Common.TextBlock",
            "options": {
              "text": "This solution installs the following hunting queries. After installing the solution, run these hunting queries to hunt for threats in Manage solution view. "
            }
          },
          {
            "name": "huntingqueries-link",
            "type": "Microsoft.Common.TextBlock",
            "options": {
              "link": {
                "label": "Learn more",
                "uri": "https://docs.microsoft.com/azure/sentinel/hunting"
              }
            }
          },
          {
            "name": "huntingquery1",
            "type": "Microsoft.Common.Section",
            "label": "Crypto currency miners EXECVE",
            "elements": [
              {
                "name": "huntingquery1-text",
                "type": "Microsoft.Common.TextBlock",
                "options": {
                  "text": "This query hunts through EXECVE syslog data generated by AUOMS to find instances of crypto currency miners being\n downloaded.It returns a table of suspicious command lines. This hunting query depends on Syslog SyslogAma data connector (Syslog Syslog Parser or Table)"
                }
              }
            ]
          },
          {
            "name": "huntingquery2",
            "type": "Microsoft.Common.Section",
            "label": "SCX Execute RunAs Providers",
            "elements": [
              {
                "name": "huntingquery2-text",
                "type": "Microsoft.Common.TextBlock",
                "options": {
                  "text": "This query uses AUOMS security events to examine SCX Execute RunAs providers. These providers execute UNIX/Linux commands/scripts from /var/opt/microsoft/scx/tmp. SCXcore is used in various Microsoft products. This hunting query depends on Syslog SyslogAma data connector (Syslog Syslog Parser or Table)"
                }
              }
            ]
          },
          {
            "name": "huntingquery3",
            "type": "Microsoft.Common.Section",
            "label": "Suspicious crytocurrency mining related threat activity detected",
            "elements": [
              {
                "name": "huntingquery3-text",
                "type": "Microsoft.Common.TextBlock",
                "options": {
                  "text": "This query detects terminated suspicious crypto mining payloads/processes. Attackers often halt other mining processes to gain more resources on compromised systems for their payload. This hunting query depends on Syslog SyslogAma data connector (Syslog Syslog Parser or Table)"
                }
              }
            ]
          },
          {
            "name": "huntingquery4",
            "type": "Microsoft.Common.Section",
            "label": "Rare process running on a Linux host",
            "elements": [
              {
                "name": "huntingquery4-text",
                "type": "Microsoft.Common.TextBlock",
                "options": {
                  "text": "Looks for rare processes that are running on Linux hosts. Looks for process seen less than 14 times in last 7 days,\n or observed rate is less than 1% of of the average for the environment and fewer than 100. This hunting query depends on Syslog SyslogAma data connector (Syslog Syslog Parser or Table)"
                }
              }
            ]
          },
          {
            "name": "huntingquery5",
            "type": "Microsoft.Common.Section",
            "label": "Linux scheduled task Aggregation",
            "elements": [
              {
                "name": "huntingquery5-text",
                "type": "Microsoft.Common.TextBlock",
                "options": {
                  "text": "This query aggregates and charts cron job data based on unique user-command pairs. It shows the frequency of commands, the number of computers they've run on, and their percentage of total tenant computers. This hunting query depends on Syslog data connector (Syslog Parser or Table)"
                }
              }
            ]
          },
          {
            "name": "huntingquery6",
            "type": "Microsoft.Common.Section",
            "label": "Editing Linux scheduled tasks through Crontab",
            "elements": [
              {
                "name": "huntingquery6-text",
                "type": "Microsoft.Common.TextBlock",
                "options": {
                  "text": "This query displays user edits to scheduled tasks via crontab, bucketed into 10-min intervals. It collects all actions by a user over seven days. This hunting query depends on Syslog SyslogAma data connector (Syslog Syslog Parser or Table)"
                }
              }
            ]
          },
          {
            "name": "huntingquery7",
            "type": "Microsoft.Common.Section",
            "label": "Squid commonly abused TLDs",
            "elements": [
              {
                "name": "huntingquery7-text",
                "type": "Microsoft.Common.TextBlock",
                "options": {
                  "text": "Some TLDs, often linked to malware due to ease of obtaining, may be undesirable for enterprises. The 'clientCount' column shows domain usage across the estate. Assumes default squid log format. This hunting query depends on Syslog SyslogAma data connector (Syslog Syslog Parser or Table)"
                }
              }
            ]
          },
          {
            "name": "huntingquery8",
            "type": "Microsoft.Common.Section",
            "label": "Squid malformed requests",
            "elements": [
              {
                "name": "huntingquery8-text",
                "type": "Microsoft.Common.TextBlock",
                "options": {
                  "text": "Malformed web requests are sometimes used for reconnaissance to detect the presence of network security devices. A large number of requests from a single source may indicate compromised hosts. Assumes default squid log format. This hunting query depends on Syslog SyslogAma data connector (Syslog Syslog Parser or Table)"
                }
              }
            ]
          },
          {
            "name": "huntingquery9",
            "type": "Microsoft.Common.Section",
            "label": "Squid data volume timeseries anomalies",
            "elements": [
              {
                "name": "huntingquery9-text",
                "type": "Microsoft.Common.TextBlock",
                "options": {
                  "text": "Malware or data exfiltration can cause network data volume anomalies. This query detects such anomalies in volume of bytes traversing a squid proxy. Anomalies require further investigation. Assumes default squid log format. This hunting query depends on Syslog SyslogAma data connector (Syslog Syslog Parser or Table)"
                }
              }
            ]
          }
        ]
      }
    ],
    "outputs": {
      "workspace-location": "[first(map(filter(basics('getLAWorkspace').value, (filter) => and(contains(toLower(filter.id), toLower(resourceGroup().name)),equals(filter.name,basics('workspace')))), (item) => item.location))]",
      "location": "[location()]",
      "workspace": "[basics('workspace')]"
    }
  }
}
