{
  "$schema": "https://schema.management.azure.com/schemas/0.1.2-preview/CreateUIDefinition.MultiVm.json#",
  "handler": "Microsoft.Azure.CreateUIDef",
  "version": "0.1.2-preview",
  "parameters": {
    "config": {
      "isWizard": false,
      "basics": {
        "description": "<img src=\"https://raw.githubusercontent.com/Azure/Azure-Sentinel/master/Workbooks/Images/Logos/azureactivity_logo.svg\" width=\"75px\" height=\"75px\">\n\n**Note:** _There may be [known issues](https://aka.ms/sentinelsolutionsknownissues) pertaining to this Solution, please refer to them before installing._\n\nThe [Azure Activity](https://docs.microsoft.com/azure/azure-monitor/essentials/activity-log) solution for Microsoft Sentinel enables you to ingest Azure Activity Administrative, Security, Service Health, Alert, Recommendation, Policy, Autoscale and Resource Health [logs](https://docs.microsoft.com/azure/azure-monitor/reference/tables/azureactivity) using Diagnostic Settings into Microsoft Sentinel.\n\n**Data Connectors:** 1, **Workbooks:** 1, **Analytic Rules:** 12, **Hunting Queries:** 14\n\n[Learn more about Microsoft Sentinel](https://aka.ms/azuresentinel) | [Learn more about Solutions](https://aka.ms/azuresentinelsolutionsdoc)",
        "subscription": {
          "resourceProviders": [
            "Microsoft.OperationsManagement/solutions",
            "Microsoft.OperationalInsights/workspaces/providers/alertRules",
            "Microsoft.Insights/workbooks",
            "Microsoft.Logic/workflows"
          ]
        },
        "location": {
          "metadata": {
            "hidden": "Hiding location, we get it from the log analytics workspace"
          },
          "visible": false
        },
        "resourceGroup": {
          "allowExisting": true
        }
      }
    },
    "basics": [
      {
        "name": "getLAWorkspace",
        "type": "Microsoft.Solutions.ArmApiControl",
        "toolTip": "This filters by workspaces that exist in the Resource Group selected",
        "condition": "[greater(length(resourceGroup().name),0)]",
        "request": {
          "method": "GET",
          "path": "[concat(subscription().id,'/providers/Microsoft.OperationalInsights/workspaces?api-version=2020-08-01')]"
        }
      },
      {
        "name": "workspace",
        "type": "Microsoft.Common.DropDown",
        "label": "Workspace",
        "placeholder": "Select a workspace",
        "toolTip": "This dropdown will list only workspace that exists in the Resource Group selected",
        "constraints": {
          "allowedValues": "[map(filter(basics('getLAWorkspace').value, (filter) => contains(toLower(filter.id), toLower(resourceGroup().name))), (item) => parse(concat('{\"label\":\"', item.name, '\",\"value\":\"', item.name, '\"}')))]",
          "required": true
        },
        "visible": true
      }
    ],
    "steps": [
      {
        "name": "dataconnectors",
        "label": "Data Connectors",
        "bladeTitle": "Data Connectors",
        "elements": [
          {
            "name": "dataconnectors1-text",
            "type": "Microsoft.Common.TextBlock",
            "options": {
              "text": "This Solution installs the data connector for Azure Activity. You can get Azure Activity custom log data in your Microsoft Sentinel workspace. After installing the solution, configure and enable this data connector by following guidance in Manage solution view."
            }
          },
          {
            "name": "dataconnectors-link2",
            "type": "Microsoft.Common.TextBlock",
            "options": {
              "link": {
                "label": "Learn more about connecting data sources",
                "uri": "https://docs.microsoft.com/azure/sentinel/connect-data-sources"
              }
            }
          }
        ]
      },
      {
        "name": "workbooks",
        "label": "Workbooks",
        "subLabel": {
          "preValidation": "Configure the workbooks",
          "postValidation": "Done"
        },
        "bladeTitle": "Workbooks",
        "elements": [
          {
            "name": "workbooks-text",
            "type": "Microsoft.Common.TextBlock",
            "options": {
              "text": "This solution installs workbook(s) to help you gain insights into the telemetry collected in Microsoft Sentinel. After installing the solution, start using the workbook in Manage solution view."
            }
          },
          {
            "name": "workbooks-link",
            "type": "Microsoft.Common.TextBlock",
            "options": {
              "link": {
                "label": "Learn more",
                "uri": "https://docs.microsoft.com/azure/sentinel/tutorial-monitor-your-data"
              }
            }
          },
          {
            "name": "workbook1",
            "type": "Microsoft.Common.Section",
            "label": "Azure Activity",
            "elements": [
              {
                "name": "workbook1-text",
                "type": "Microsoft.Common.TextBlock",
                "options": {
                  "text": "Gain extensive insight into your organization's Azure Activity by analyzing, and correlating all user operations and events.\nYou can learn about all user operations, trends, and anomalous changes over time.\nThis workbook gives you the ability to drill down into caller activities and summarize detected failure and warning events."
                }
              }
            ]
          }
        ]
      },
      {
        "name": "analytics",
        "label": "Analytics",
        "subLabel": {
          "preValidation": "Configure the analytics",
          "postValidation": "Done"
        },
        "bladeTitle": "Analytics",
        "elements": [
          {
            "name": "analytics-text",
            "type": "Microsoft.Common.TextBlock",
            "options": {
              "text": "This solution installs the following analytic rule templates. After installing the solution, create and enable analytic rules in Manage solution view."
            }
          },
          {
            "name": "analytics-link",
            "type": "Microsoft.Common.TextBlock",
            "options": {
              "link": {
                "label": "Learn more",
                "uri": "https://docs.microsoft.com/azure/sentinel/tutorial-detect-threats-custom?WT.mc_id=Portal-Microsoft_Azure_CreateUIDef"
              }
            }
          },
          {
            "name": "analytic1",
            "type": "Microsoft.Common.Section",
            "label": "Azure Active Directory Hybrid Health AD FS New Server",
            "elements": [
              {
                "name": "analytic1-text",
                "type": "Microsoft.Common.TextBlock",
                "options": {
                  "text": "This detection uses AzureActivity logs (Administrative category) to identify the creation or update of a server instance in an Azure AD Hybrid Health AD FS service.\nA threat actor can create a new AD Health ADFS service and create a fake server instance to spoof AD FS signing logs. There is no need to compromise an on-premises AD FS server.\nThis can be done programmatically via HTTP requests to Azure. More information in this blog: https://o365blog.com/post/hybridhealthagent/"
                }
              }
            ]
          },
          {
            "name": "analytic2",
            "type": "Microsoft.Common.Section",
            "label": "Azure Active Directory Hybrid Health AD FS Service Delete",
            "elements": [
              {
                "name": "analytic2-text",
                "type": "Microsoft.Common.TextBlock",
                "options": {
                  "text": "This detection uses AzureActivity logs (Administrative category) to identify the deletion of an Azure AD Hybrid Health AD FS service instance in a tenant.\nA threat actor can create a new AD Health ADFS service and create a fake server to spoof AD FS signing logs.\nThe health AD FS service can then be deleted after it is no longer needed via HTTP requests to Azure.\nMore information is available in this blog https://o365blog.com/post/hybridhealthagent/"
                }
              }
            ]
          },
          {
            "name": "analytic3",
            "type": "Microsoft.Common.Section",
            "label": "Azure Active Directory Hybrid Health AD FS Suspicious Application",
            "elements": [
              {
                "name": "analytic3-text",
                "type": "Microsoft.Common.TextBlock",
                "options": {
                  "text": "This detection uses AzureActivity logs (Administrative category) to identify a suspicious application adding a server instance to an Azure AD Hybrid Health AD FS service or deleting the AD FS service instance.\nUsually the Azure AD Connect Health Agent application with ID cf6d7e68-f018-4e0a-a7b3-126e053fb88d and ID cb1056e2-e479-49de-ae31-7812af012ed8 is used to perform those operations."
                }
              }
            ]
          },
          {
            "name": "analytic4",
            "type": "Microsoft.Common.Section",
            "label": "Suspicious number of resource creation or deployment activities",
            "elements": [
              {
                "name": "analytic4-text",
                "type": "Microsoft.Common.TextBlock",
                "options": {
                  "text": "Indicates when an anomalous number of VM creations or deployment activities occur in Azure via the AzureActivity log. This query generates the baseline pattern of cloud resource creation by an individual and generates an anomaly when any unusual spike is detected. These anomalies from unusual or privileged users could be an indication of a cloud infrastructure takedown by an adversary."
                }
              }
            ]
          },
          {
            "name": "analytic5",
            "type": "Microsoft.Common.Section",
            "label": "Creation of expensive computes in Azure",
            "elements": [
              {
                "name": "analytic5-text",
                "type": "Microsoft.Common.TextBlock",
                "options": {
                  "text": "Identifies the creation of large size or expensive VMs (with GPUs or with a large number of virtual CPUs) in Azure.\nAn adversary may create new or update existing virtual machines to evade defenses or use them for cryptomining purposes.\nFor Windows/Linux Vm Sizes, see https://docs.microsoft.com/azure/virtual-machines/windows/sizes \nAzure VM Naming Conventions, see https://docs.microsoft.com/azure/virtual-machines/vm-naming-conventions"
                }
              }
            ]
          },
          {
            "name": "analytic6",
            "type": "Microsoft.Common.Section",
            "label": "Suspicious granting of permissions to an account",
            "elements": [
              {
                "name": "analytic6-text",
                "type": "Microsoft.Common.TextBlock",
                "options": {
                  "text": "Identifies IPs from which users grant access to other users on Azure resources and alerts when a previously unseen source IP address is used."
                }
              }
            ]
          },
          {
            "name": "analytic7",
            "type": "Microsoft.Common.Section",
            "label": "NRT Azure Active Directory Hybrid Health AD FS New Server",
            "elements": [
              {
                "name": "analytic7-text",
                "type": "Microsoft.Common.TextBlock",
                "options": {
                  "text": "This detection uses AzureActivity logs (Administrative category) to identify the creation or update of a server instance in an Azure AD Hybrid Health AD FS service.\nA threat actor can create a new AD Health ADFS service and create a fake server instance to spoof AD FS signing logs. There is no need to compromise an on-premises AD FS server.\nThis can be done programmatically via HTTP requests to Azure. More information in this blog: https://o365blog.com/post/hybridhealthagent/"
                }
              }
            ]
          },
          {
            "name": "analytic8",
            "type": "Microsoft.Common.Section",
            "label": "NRT Creation of expensive computes in Azure",
            "elements": [
              {
                "name": "analytic8-text",
                "type": "Microsoft.Common.TextBlock",
                "options": {
                  "text": "Identifies the creation of large size or expensive VMs (with GPUs or with a large number of virtual CPUs) in Azure.\nAn adversary may create new or update existing virtual machines to evade defenses or use them for cryptomining purposes.\nFor Windows/Linux Vm Sizes, see https://docs.microsoft.com/azure/virtual-machines/windows/sizes \nAzure VM Naming Conventions, see https://docs.microsoft.com/azure/virtual-machines/vm-naming-conventions"
                }
              }
            ]
          },
          {
            "name": "analytic9",
            "type": "Microsoft.Common.Section",
            "label": "New CloudShell User",
            "elements": [
              {
                "name": "analytic9-text",
                "type": "Microsoft.Common.TextBlock",
                "options": {
                  "text": "Identifies when a user creates an Azure CloudShell for the first time.\nMonitor this activity to ensure only the expected users are using CloudShell."
                }
              }
            ]
          },
          {
            "name": "analytic10",
            "type": "Microsoft.Common.Section",
            "label": "Suspicious Resource deployment",
            "elements": [
              {
                "name": "analytic10-text",
                "type": "Microsoft.Common.TextBlock",
                "options": {
                  "text": "Identifies when a rare Resource and ResourceGroup deployment occurs by a previously unseen caller."
                }
              }
            ]
          },
          {
            "name": "analytic11",
            "type": "Microsoft.Common.Section",
            "label": "Rare subscription-level operations in Azure",
            "elements": [
              {
                "name": "analytic11-text",
                "type": "Microsoft.Common.TextBlock",
                "options": {
                  "text": "This query looks for a few sensitive subscription-level events based on Azure Activity Logs. For example, this monitors for the operation name 'Create or Update Snapshot', which is used for creating backups but could be misused by attackers to dump hashes or extract sensitive information from the disk."
                }
              }
            ]
          },
          {
            "name": "analytic12",
            "type": "Microsoft.Common.Section",
            "label": "Mass Cloud resource deletions Time Series Anomaly",
            "elements": [
              {
                "name": "analytic12-text",
                "type": "Microsoft.Common.TextBlock",
                "options": {
                  "text": "This query generates the baseline pattern of cloud resource deletions by an individual and generates an anomaly when any unusual spike is detected. These anomalies from unusual or privileged users could be an indication of a cloud infrastructure takedown by an adversary."
                }
              }
            ]
          }
        ]
      },
      {
        "name": "huntingqueries",
        "label": "Hunting Queries",
        "bladeTitle": "Hunting Queries",
        "elements": [
          {
            "name": "huntingqueries-text",
            "type": "Microsoft.Common.TextBlock",
            "options": {
              "text": "This solution installs the following hunting queries. After installing the solution, run these hunting queries to hunt for threats in Manage solution view. "
            }
          },
          {
            "name": "huntingqueries-link",
            "type": "Microsoft.Common.TextBlock",
            "options": {
              "link": {
                "label": "Learn more",
                "uri": "https://docs.microsoft.com/azure/sentinel/hunting"
              }
            }
          },
          {
            "name": "huntingquery1",
            "type": "Microsoft.Common.Section",
            "label": "Microsoft Sentinel Analytics Rules Administrative Operations",
            "elements": [
              {
                "name": "huntingquery1-text",
                "type": "Microsoft.Common.TextBlock",
                "options": {
                  "text": "Identifies Microsoft Sentinel Analytics Rules administrative operations This hunting query depends on AzureActivity data connector (AzureActivity Parser or Table)"
                }
              }
            ]
          },
          {
            "name": "huntingquery2",
            "type": "Microsoft.Common.Section",
            "label": "Anomalous Azure Operation Hunting Model",
            "elements": [
              {
                "name": "huntingquery2-text",
                "type": "Microsoft.Common.TextBlock",
                "options": {
                  "text": "This query identifies Azure Operation anomalies during threat hunts. It detects new callers, IPs, IP ranges, and anomalous operations. Initially set for Run Command operations, it can be configured for other operations and resource types. This hunting query depends on AzureActivity data connector (AzureActivity Parser or Table)"
                }
              }
            ]
          },
          {
            "name": "huntingquery3",
            "type": "Microsoft.Common.Section",
            "label": "Azure storage key enumeration",
            "elements": [
              {
                "name": "huntingquery3-text",
                "type": "Microsoft.Common.TextBlock",
                "options": {
                  "text": "Azure's storage key listing can expose secrets, PII, and grant VM access. Monitoring for anomalous accounts or IPs is crucial. The query generates IP clusters, correlates activities, and flags unexpected ones. Single-operation users are excluded. This hunting query depends on AzureActivity data connector (AzureActivity Parser or Table)"
                }
              }
            ]
          },
          {
            "name": "huntingquery4",
            "type": "Microsoft.Common.Section",
            "label": "AzureActivity Administration From VPS Providers",
            "elements": [
              {
                "name": "huntingquery4-text",
                "type": "Microsoft.Common.TextBlock",
                "options": {
                  "text": "Looks for administrative actions in AzureActivity from known VPS provider network ranges.\nThis is not an exhaustive list of VPS provider ranges but covers some of the most prevalent providers observed. This hunting query depends on AzureActivity data connector (AzureActivity Parser or Table)"
                }
              }
            ]
          },
          {
            "name": "huntingquery5",
            "type": "Microsoft.Common.Section",
            "label": "Azure Network Security Group NSG Administrative Operations",
            "elements": [
              {
                "name": "huntingquery5-text",
                "type": "Microsoft.Common.TextBlock",
                "options": {
                  "text": "Identifies a set of Azure NSG administrative and operational detection queries for hunting activities. This hunting query depends on AzureActivity data connector (AzureActivity Parser or Table)"
                }
              }
            ]
          },
          {
            "name": "huntingquery6",
            "type": "Microsoft.Common.Section",
            "label": "Azure VM Run Command executed from Azure IP address",
            "elements": [
              {
                "name": "huntingquery6-text",
                "type": "Microsoft.Common.TextBlock",
                "options": {
                  "text": "Identifies any Azure VM Run Command operation executed from an Azure IP address.\nRun Command allows an attacker or legitimate user to execute arbitrary PowerShell\non a target VM. This technique has been seen in use by NOBELIUM. This hunting query depends on AzureActivity data connector (AzureActivity Parser or Table)"
                }
              }
            ]
          },
          {
            "name": "huntingquery7",
            "type": "Microsoft.Common.Section",
            "label": "Microsoft Sentinel Connectors Administrative Operations",
            "elements": [
              {
                "name": "huntingquery7-text",
                "type": "Microsoft.Common.TextBlock",
                "options": {
                  "text": "Identifies a set of Microsoft Sentinel Data Connectors for administrative and operational detection queries for hunting activities. This hunting query depends on AzureActivity data connector (AzureActivity Parser or Table)"
                }
              }
            ]
          },
          {
            "name": "huntingquery8",
            "type": "Microsoft.Common.Section",
            "label": "Microsoft Sentinel Workbooks Administrative Operations",
            "elements": [
              {
                "name": "huntingquery8-text",
                "type": "Microsoft.Common.TextBlock",
                "options": {
                  "text": "Identifies set of Microsoft Sentinel Workbooks administrative operational detection queries for hunting activites This hunting query depends on AzureActivity data connector (AzureActivity Parser or Table)"
                }
              }
            ]
          },
          {
            "name": "huntingquery9",
            "type": "Microsoft.Common.Section",
            "label": "Azure Virtual Network Subnets Administrative Operations",
            "elements": [
              {
                "name": "huntingquery9-text",
                "type": "Microsoft.Common.TextBlock",
                "options": {
                  "text": "Identifies a set of Azure Virtual Network Subnets for administrative and operational detection queries for hunting activities. This hunting query depends on AzureActivity data connector (AzureActivity Parser or Table)"
                }
              }
            ]
          },
          {
            "name": "huntingquery10",
            "type": "Microsoft.Common.Section",
            "label": "Common deployed resources",
            "elements": [
              {
                "name": "huntingquery10-text",
                "type": "Microsoft.Common.TextBlock",
                "options": {
                  "text": "This query identifies common deployed resources in Azure, like resource names and groups. It can be used with other suspicious deployment signals to evaluate if a resource is commonly deployed or unique. This hunting query depends on AzureActivity data connector (AzureActivity Parser or Table)"
                }
              }
            ]
          },
          {
            "name": "huntingquery11",
            "type": "Microsoft.Common.Section",
            "label": "Creation of an anomalous number of resources",
            "elements": [
              {
                "name": "huntingquery11-text",
                "type": "Microsoft.Common.TextBlock",
                "options": {
                  "text": "Looks for anomalous number of resources creation or deployment activities in azure activity log.\nIt is best to run this query on a look back period which is at least 7 days. This hunting query depends on AzureActivity data connector (AzureActivity Parser or Table)"
                }
              }
            ]
          },
          {
            "name": "huntingquery12",
            "type": "Microsoft.Common.Section",
            "label": "Granting permissions to account",
            "elements": [
              {
                "name": "huntingquery12-text",
                "type": "Microsoft.Common.TextBlock",
                "options": {
                  "text": "Shows the most prevalent users who grant access to others on Azure resources. List the common source IP address for each of those accounts. If an operation is not from those IP addresses, it may be worthy of investigation. This hunting query depends on AzureActivity data connector (AzureActivity Parser or Table)"
                }
              }
            ]
          },
          {
            "name": "huntingquery13",
            "type": "Microsoft.Common.Section",
            "label": "Port opened for an Azure Resource",
            "elements": [
              {
                "name": "huntingquery13-text",
                "type": "Microsoft.Common.TextBlock",
                "options": {
                  "text": "Identifies what ports may have been opened for a given Azure Resource over the last 7 days. This hunting query depends on AzureActivity data connector (AzureActivity Parser or Table)"
                }
              }
            ]
          },
          {
            "name": "huntingquery14",
            "type": "Microsoft.Common.Section",
            "label": "Rare Custom Script Extension",
            "elements": [
              {
                "name": "huntingquery14-text",
                "type": "Microsoft.Common.TextBlock",
                "options": {
                  "text": "The Custom Script Extension in Azure executes scripts on VMs, useful for post-deployment tasks. Scripts can be from various sources and could be used maliciously. The query identifies rare custom script extensions executed in your environment. This hunting query depends on AzureActivity data connector (AzureActivity Parser or Table)"
                }
              }
            ]
          }
        ]
      }
    ],
    "outputs": {
      "workspace-location": "[first(map(filter(basics('getLAWorkspace').value, (filter) => and(contains(toLower(filter.id), toLower(resourceGroup().name)),equals(filter.name,basics('workspace')))), (item) => item.location))]",
      "location": "[location()]",
      "workspace": "[basics('workspace')]"
    }
  }
}
