{
  "$schema": "https://schema.management.azure.com/schemas/0.1.2-preview/CreateUIDefinition.MultiVm.json#",
  "handler": "Microsoft.Azure.CreateUIDef",
  "version": "0.1.2-preview",
  "parameters": {
    "config": {
      "isWizard": false,
      "basics": {
        "description": "<img src=\"https://raw.githubusercontent.com/Azure/Azure-Sentinel/master/Workbooks/Images/Logos/Azure_Sentinel.svg\" width=\"75px\" height=\"75px\">\n\n**Note:** _There may be [known issues](https://aka.ms/sentinelsolutionsknownissues) pertaining to this Solution, please refer to them before installing._\n\nThe Microsoft Sentinel: [Microsoft Purview Insider Risk Management](https://github.com/Azure/Azure-Sentinel/blob/master/Solutions/MicrosoftPurviewInsiderRiskManagement/readme.md) Workbook demonstrates the “better together” story between Microsoft Purview Insider Risk Management and Microsoft Sentinel. This workbook integrates telemetry from 25+ Microsoft security products to provide actionable insights into insider risk management. Reporting tools provide “Go to Alert” links to provide deeper integration between products and a simplified user experience for exploring alerts. A filter set provides custom reporting for Guide, Subscription, Workspace, and Time. The workbook can be exported as a PDF or print report via the Print Workbooks feature. Content sections include Overviews, Insider Risk Management, Watchlist, and User Forensics. The Overview tab provides recommendations for building insider risk program architectures. The Insider Risk tab provides alert reporting by both insider risk scenarios such as Sensitive Data Leaks, Security Violations, and MITRE ATT&CK tactics. The Watchlist tab provides filtering by Microsoft Sentinel Watchlists and the User Forensics tab collects logging telemetry by user. The user experience includes designing insider risk management architectures and streamlining telemetry from all users > watchlist > specific users while transitioning to Microsoft Purview Insider Risk Management to investigate/resolve activity of interest.\n\nDisclaimer: The Microsoft Purview Insider Risk Management workbook provides a tenant level option to help customers facilitate internal governance at the user level. Tenant level administrators can set up permissions to provide access to this solution for members of your organization and set up data connectors in the Microsoft 365 compliance center to import relevant data to support user level identification of potentially risky activity. Customers acknowledge insights related to the individual user's behavior, character, or performance materially related to employment can be calculated by the administrator and made available to others in the organization. In addition, customers acknowledge that they must conduct their own full investigation related to the individual user's behavior, character, or performance materially related to employment, and not just rely on insights from the insider risk management service. Customers are solely responsible for using the Microsoft 365 insider risk management service, and any associated feature or service in compliance with all applicable laws, including laws relating to individual user identification and any remediation actions. This workbook provides visibility and situational awareness for insider risk management delivered with Microsoft technologies in predominantly cloud-based environments. Customer experience will vary by user and some panels may require additional configurations for operation.\n\n**Workbooks:** 1, **Analytic Rules:** 5, **Hunting Queries:** 5, **Playbooks:** 1\n\n[Learn more about Microsoft Sentinel](https://aka.ms/azuresentinel) | [Learn more about Solutions](https://aka.ms/azuresentinelsolutionsdoc)",
        "subscription": {
          "resourceProviders": [
            "Microsoft.OperationsManagement/solutions",
            "Microsoft.OperationalInsights/workspaces/providers/alertRules",
            "Microsoft.Insights/workbooks",
            "Microsoft.Logic/workflows"
          ]
        },
        "location": {
          "metadata": {
            "hidden": "Hiding location, we get it from the log analytics workspace"
          },
          "visible": false
        },
        "resourceGroup": {
          "allowExisting": true
        }
      }
    },
    "basics": [
      {
        "name": "getLAWorkspace",
        "type": "Microsoft.Solutions.ArmApiControl",
        "toolTip": "This filters by workspaces that exist in the Resource Group selected",
        "condition": "[greater(length(resourceGroup().name),0)]",
        "request": {
          "method": "GET",
          "path": "[concat(subscription().id,'/providers/Microsoft.OperationalInsights/workspaces?api-version=2020-08-01')]"
        }
      },
      {
        "name": "workspace",
        "type": "Microsoft.Common.DropDown",
        "label": "Workspace",
        "placeholder": "Select a workspace",
        "toolTip": "This dropdown will list only workspace that exists in the Resource Group selected",
        "constraints": {
          "allowedValues": "[map(filter(basics('getLAWorkspace').value, (filter) => contains(toLower(filter.id), toLower(resourceGroup().name))), (item) => parse(concat('{\"label\":\"', item.name, '\",\"value\":\"', item.name, '\"}')))]",
          "required": true
        },
        "visible": true
      }
    ],
    "steps": [
      {
        "name": "workbooks",
        "label": "Workbooks",
        "subLabel": {
          "preValidation": "Configure the workbooks",
          "postValidation": "Done"
        },
        "bladeTitle": "Workbooks",
        "elements": [
          {
            "name": "workbooks-text",
            "type": "Microsoft.Common.TextBlock",
            "options": {
              "text": "This Microsoft Sentinel Solution installs workbooks. Workbooks provide a flexible canvas for data monitoring, analysis, and the creation of rich visual reports within the Azure portal. They allow you to tap into one or many data sources from Microsoft Sentinel and combine them into unified interactive experiences."
            }
          },
          {
            "name": "workbooks-link",
            "type": "Microsoft.Common.TextBlock",
            "options": {
              "link": {
                "label": "Learn more",
                "uri": "https://docs.microsoft.com/azure/sentinel/tutorial-monitor-your-data"
              }
            }
          }
        ]
      },
      {
        "name": "analytics",
        "label": "Analytics",
        "subLabel": {
          "preValidation": "Configure the analytics",
          "postValidation": "Done"
        },
        "bladeTitle": "Analytics",
        "elements": [
          {
            "name": "analytics-text",
            "type": "Microsoft.Common.TextBlock",
            "options": {
              "text": "This solution installs the following analytic rule templates. After installing the solution, create and enable analytic rules in Manage solution view."
            }
          },
          {
            "name": "analytics-link",
            "type": "Microsoft.Common.TextBlock",
            "options": {
              "link": {
                "label": "Learn more",
                "uri": "https://docs.microsoft.com/azure/sentinel/tutorial-detect-threats-custom?WT.mc_id=Portal-Microsoft_Azure_CreateUIDef"
              }
            }
          },
          {
            "name": "analytic1",
            "type": "Microsoft.Common.Section",
            "label": "Insider Risk_High User Security Alert Correlations",
            "elements": [
              {
                "name": "analytic1-text",
                "type": "Microsoft.Common.TextBlock",
                "options": {
                  "text": "This alert joins SecurityAlerts from Microsoft Products with SecurityIncidents from Microsoft Sentinel and Microsoft 365 Defender. This join allows for identifying patterns in user principal names associated with respective security alerts. A machine learning function (Basket) is leveraged with a .001 threshold. Baset finds all frequent patterns of discrete attributes (dimensions) in the data. It returns the frequent patterns passed the frequency threshold. This query evaluates UserPrincipalName for patterns in SecurityAlerts and Reporting Security Tools. This query can be further tuned/configured for higher confidence percentages, security products, or alert severities pending the needs of the organization. There is an option for configuration of correlations against Microsoft Sentinel watchlists. For more information on the basket plugin, see [basket plugin](https://docs.microsoft.com/azure/data-explorer/kusto/query/basketplugin)"
                }
              }
            ]
          },
          {
            "name": "analytic2",
            "type": "Microsoft.Common.Section",
            "label": "Insider Risk_High User Security Incidents Correlation",
            "elements": [
              {
                "name": "analytic2-text",
                "type": "Microsoft.Common.TextBlock",
                "options": {
                  "text": "This alert joins SecurityAlerts to SecurityIncidents to associate Security Alerts and Incidents with user accounts. This aligns all Microsoft Alerting Products with Microsoft Incident Generating Products (Microsoft Sentinel, M365 Defender) for a count of user security incidents over time. The default threshold is 5 security incidents, and this is customizable per the organization's requirements. Results include UserPrincipalName (UPN), SecurityIncident, LastIncident, ProductName, LastObservedTime, and Previous Incidents. There is an option for configuration of correlations against Microsoft Sentinel watchlists. For more information, see [Investigate incidents with Microsoft Sentinel]( https://docs.microsoft.com/azure/sentinel/investigate-cases)."
                }
              }
            ]
          },
          {
            "name": "analytic3",
            "type": "Microsoft.Common.Section",
            "label": "Insider Risk_Microsoft Purview Insider Risk Management Alert Observed",
            "elements": [
              {
                "name": "analytic3-text",
                "type": "Microsoft.Common.TextBlock",
                "options": {
                  "text": "This alert is triggered when a Microsoft Purview Insider Risk Management alert is recieved in Microsoft Sentinel via the Microsoft Purview Insider Risk Management Connector. The alert extracts usernames from security alerts to provide UserPrincipalName, Alert Name, Reporting Product Name, Status, Alert Link, Previous Alerts Links, Time Generated. There is an option for configuration of correlations against Microsoft Sentinel watchlists. For more information, see [Learn about insider risk management](https://docs.microsoft.com/microsoft-365/compliance/insider-risk-management)"
                }
              }
            ]
          },
          {
            "name": "analytic4",
            "type": "Microsoft.Common.Section",
            "label": "Insider Risk_Sensitive Data Access Outside Organizational Geo-location",
            "elements": [
              {
                "name": "analytic4-text",
                "type": "Microsoft.Common.TextBlock",
                "options": {
                  "text": "This alert joins Azure Information Protection Logs (InformationProtectionLogs_CL) with Azure Active Directory Sign in Logs (SigninLogs) to provide a correlation of sensitive data access by geo-location. Results include User Principal Name, Label Name, Activity, City, State, Country/Region, and Time Generated. Recommended configuration is to include (or exclude) Sign in geo-locations (City, State, Country and/or Region) for trusted organizational locations. There is an option for configuration of correlations against Microsoft Sentinel watchlists. Accessing sensitive data from a new or unauthorized geo-location warrants further review. For more information see [Sign-in logs in Azure Active Directory: Location Filtering](https://docs.microsoft.com/azure/active-directory/reports-monitoring/concept-sign-ins)"
                }
              }
            ]
          },
          {
            "name": "analytic5",
            "type": "Microsoft.Common.Section",
            "label": "Insider Risk_Risky User Access By Application",
            "elements": [
              {
                "name": "analytic5-text",
                "type": "Microsoft.Common.TextBlock",
                "options": {
                  "text": "This alert evaluates Azure Active Directory Sign in risk via Machine Learning correlations in the basket operator. The basket threshold is adjustable, and the default is set to .01. There is an optional configuration to configure the percentage rates. The correlations are designed to leverage machine learning to identify patterns of risky user application access. There is an option for configuration of correlations against Microsoft Sentinel watchlists. For more information, see [Tutorial: Use risk detections for user sign-ins to trigger Azure AD Multi-Factor Authentication or password changes](https://docs.microsoft.com/azure/active-directory/authentication/tutorial-risk-based-sspr-mfa)"
                }
              }
            ]
          }
        ]
      },
      {
        "name": "huntingqueries",
        "label": "Hunting Queries",
        "bladeTitle": "Hunting Queries",
        "elements": [
          {
            "name": "huntingqueries-text",
            "type": "Microsoft.Common.TextBlock",
            "options": {
              "text": "This solution installs the following hunting queries. After installing the solution, run these hunting queries to hunt for threats in Manage solution view. "
            }
          },
          {
            "name": "huntingqueries-link",
            "type": "Microsoft.Common.TextBlock",
            "options": {
              "link": {
                "label": "Learn more",
                "uri": "https://docs.microsoft.com/azure/sentinel/hunting"
              }
            }
          },
          {
            "name": "huntingquery1",
            "type": "Microsoft.Common.Section",
            "label": "Insider Risk_Entity Anomaly Followed by IRM Alert",
            "elements": [
              {
                "name": "huntingquery1-text",
                "type": "Microsoft.Common.TextBlock",
                "options": {
                  "text": "This query joins Microsoft Sentinel Entity Insights with Microsoft Purview Insider Risk Management Alerts. There is also an option for configuration of correlations against watchlists. For more information, see https://docs.microsoft.com/azure/sentinel/watchlists It depends on the BehaviorAnalytics OfficeATP data connector and BehaviorAnalytics SecurityAlert (Office 365) data type and BehaviorAnalytics OfficeATP parser."
                }
              }
            ]
          },
          {
            "name": "huntingquery2",
            "type": "Microsoft.Common.Section",
            "label": "Insider Risk_ISP Anomaly to Exfil",
            "elements": [
              {
                "name": "huntingquery2-text",
                "type": "Microsoft.Common.TextBlock",
                "options": {
                  "text": "This query joins UEBA to Security Alerts from Microsoft products for a correlation of Internet Service Provider anomalies to data exfiltration (watchlist options). For more information, see https://docs.microsoft.com/azure/sentinel/watchlists It depends on the BehaviorAnalytics MicrosoftDefenderAdvancedThreatProtection AzureActiveDirectoryIdentityProtection AzureSecurityCenter IoT MicrosoftCloudAppSecurity IoT OfficeATP data connector and BehaviorAnalytics SecurityAlert (MDATP) SecurityAlert (IPC) SecurityAlert (ASC) SecurityAlert (ASC for IoT) SecurityAlert (ASC for IoT) SecurityAlert (MCAS) SecurityAlert (Office 365) data type and BehaviorAnalytics MicrosoftDefenderAdvancedThreatProtection AzureActiveDirectoryIdentityProtection AzureSecurityCenter IoT MicrosoftCloudAppSecurity IoT OfficeATP parser."
                }
              }
            ]
          },
          {
            "name": "huntingquery3",
            "type": "Microsoft.Common.Section",
            "label": "Insider Risk_Multiple Entity-Based Anomalies",
            "elements": [
              {
                "name": "huntingquery3-text",
                "type": "Microsoft.Common.TextBlock",
                "options": {
                  "text": "This query returns entity counts by anomaly and user principal name including ranges for start/end time observed (watchlists configurable). For more information, see https://docs.microsoft.com/azure/sentinel/watchlists It depends on the BehaviorAnalytics AzureActiveDirectory data connector and BehaviorAnalytics SigninLogs data type and BehaviorAnalytics AzureActiveDirectory parser."
                }
              }
            ]
          },
          {
            "name": "huntingquery4",
            "type": "Microsoft.Common.Section",
            "label": "Insider Risk_Possible Sabotage",
            "elements": [
              {
                "name": "huntingquery4-text",
                "type": "Microsoft.Common.TextBlock",
                "options": {
                  "text": "This query correlates users with entity anomalies, security alerts, and delete/remove actions for identification of possible sabotage activities (watchlists configurable). For more information, see https://docs.microsoft.com/azure/sentinel/watchlists It depends on the BehaviorAnalytics MicrosoftDefenderAdvancedThreatProtection AzureActiveDirectoryIdentityProtection AzureSecurityCenter IoT MicrosoftCloudAppSecurity IoT OfficeATP AzureActivity data connector and BehaviorAnalytics SecurityAlert (MDATP) SecurityAlert (IPC) SecurityAlert (ASC) SecurityAlert (ASC for IoT) SecurityAlert (ASC for IoT) SecurityAlert (MCAS) SecurityAlert (Office 365) AzureActivity data type and BehaviorAnalytics MicrosoftDefenderAdvancedThreatProtection AzureActiveDirectoryIdentityProtection AzureSecurityCenter IoT MicrosoftCloudAppSecurity IoT OfficeATP AzureActivity parser."
                }
              }
            ]
          },
          {
            "name": "huntingquery5",
            "type": "Microsoft.Common.Section",
            "label": "Insider Risk_Sign In Risk Followed By Sensitive Data Access",
            "elements": [
              {
                "name": "huntingquery5-text",
                "type": "Microsoft.Common.TextBlock",
                "options": {
                  "text": "This query correlates a risky user sign ins with access to sensitive data classified by data loss prevention capabilities (watchlist configurable). For more information, see https://docs.microsoft.com/azure/sentinel/watchlists It depends on the AzureInformationProtection AzureActiveDirectory data connector and InformationProtectionLogs_CL SigninLogs data type and AzureInformationProtection AzureActiveDirectory parser."
                }
              }
            ]
          }
        ]
      },
      {
        "name": "playbooks",
        "label": "Playbooks",
        "subLabel": {
          "preValidation": "Configure the playbooks",
          "postValidation": "Done"
        },
        "bladeTitle": "Playbooks",
        "elements": [
          {
            "name": "playbooks-text",
            "type": "Microsoft.Common.TextBlock",
            "options": {
              "text": "This solution installs the Playbook templates to help implement your Security Orchestration, Automation and Response (SOAR) operations. After installing the solution, these will be deployed under Playbook Templates in the Automation blade in Microsoft Sentinel. They can be configured and managed from the Manage solution view in Content Hub."
            }
          },
          {
            "name": "playbooks-link",
            "type": "Microsoft.Common.TextBlock",
            "options": {
              "link": {
                "label": "Learn more",
                "uri": "https://docs.microsoft.com/azure/sentinel/tutorial-respond-threats-playbook?WT.mc_id=Portal-Microsoft_Azure_CreateUIDef"
              }
            }
          }
        ]
      }
    ],
    "outputs": {
      "workspace-location": "[first(map(filter(basics('getLAWorkspace').value, (filter) => and(contains(toLower(filter.id), toLower(resourceGroup().name)),equals(filter.name,basics('workspace')))), (item) => item.location))]",
      "location": "[location()]",
      "workspace": "[basics('workspace')]"
    }
  }
}
