{
  "$schema": "https://schema.management.azure.com/schemas/0.1.2-preview/CreateUIDefinition.MultiVm.json#",
  "handler": "Microsoft.Azure.CreateUIDef",
  "version": "0.1.2-preview",
  "parameters": {
    "config": {
      "isWizard": false,
      "basics": {
        "description": "<img src=\"https://raw.githubusercontent.com/Azure/Azure-Sentinel/master/Workbooks/Images/Logos/office365_logo.svg\" width=\"75px\" height=\"75px\">\n\n**Note:** Please refer to the following before installing the solution: \n\n• Review the solution [Release Notes](https://github.com/Azure/Azure-Sentinel/tree/master/Solutions/Microsoft%20365/ReleaseNotes.md)\n\n • There may be [known issues](https://aka.ms/sentinelsolutionsknownissues) pertaining to this Solution, please refer to them before installing.\n\nThe Microsoft 365 solution for Microsoft Sentinel enables you to ingest operational logs from Microsoft 365 (formerly, Office 365) to gain insights into user and admin activity across your collaboration platforms such as Teams, SharePoint and Exchange.\r\n  \r\n  **Underlying Microsoft Technologies used:**\r\n\n  This solution takes a dependency on the following technologies, and some of these dependencies either may be in [Preview](https://azure.microsoft.com/support/legal/preview-supplemental-terms/) state or might result in additional ingestion or operational costs:\r\n\n  a. [Azure Monitor HTTP Data Collector API](https://docs.microsoft.com/azure/azure-monitor/logs/data-collector-api)\n\n**Data Connectors:** 1, **Workbooks:** 3, **Analytic Rules:** 15, **Hunting Queries:** 21\n\n[Learn more about Microsoft Sentinel](https://aka.ms/azuresentinel) | [Learn more about Solutions](https://aka.ms/azuresentinelsolutionsdoc)",
        "subscription": {
          "resourceProviders": [
            "Microsoft.OperationsManagement/solutions",
            "Microsoft.OperationalInsights/workspaces/providers/alertRules",
            "Microsoft.Insights/workbooks",
            "Microsoft.Logic/workflows"
          ]
        },
        "location": {
          "metadata": {
            "hidden": "Hiding location, we get it from the log analytics workspace"
          },
          "visible": false
        },
        "resourceGroup": {
          "allowExisting": true
        }
      }
    },
    "basics": [
      {
        "name": "getLAWorkspace",
        "type": "Microsoft.Solutions.ArmApiControl",
        "toolTip": "This filters by workspaces that exist in the Resource Group selected",
        "condition": "[greater(length(resourceGroup().name),0)]",
        "request": {
          "method": "GET",
          "path": "[concat(subscription().id,'/providers/Microsoft.OperationalInsights/workspaces?api-version=2020-08-01')]"
        }
      },
      {
        "name": "workspace",
        "type": "Microsoft.Common.DropDown",
        "label": "Workspace",
        "placeholder": "Select a workspace",
        "toolTip": "This dropdown will list only workspace that exists in the Resource Group selected",
        "constraints": {
          "allowedValues": "[map(filter(basics('getLAWorkspace').value, (filter) => contains(toLower(filter.id), toLower(resourceGroup().name))), (item) => parse(concat('{\"label\":\"', item.name, '\",\"value\":\"', item.name, '\"}')))]",
          "required": true
        },
        "visible": true
      }
    ],
    "steps": [
      {
        "name": "dataconnectors",
        "label": "Data Connectors",
        "bladeTitle": "Data Connectors",
        "elements": [
          {
            "name": "dataconnectors1-text",
            "type": "Microsoft.Common.TextBlock",
            "options": {
              "text": "This Solution installs the data connector for Microsoft 365. You can get Microsoft 365 custom log data in your Microsoft Sentinel workspace. After installing the solution, configure and enable this data connector by following guidance in Manage solution view."
            }
          },
          {
            "name": "dataconnectors-link2",
            "type": "Microsoft.Common.TextBlock",
            "options": {
              "link": {
                "label": "Learn more about connecting data sources",
                "uri": "https://docs.microsoft.com/azure/sentinel/connect-data-sources"
              }
            }
          }
        ]
      },
      {
        "name": "workbooks",
        "label": "Workbooks",
        "subLabel": {
          "preValidation": "Configure the workbooks",
          "postValidation": "Done"
        },
        "bladeTitle": "Workbooks",
        "elements": [
          {
            "name": "workbooks-text",
            "type": "Microsoft.Common.TextBlock",
            "options": {
              "text": "This solution installs workbook(s) to help you gain insights into the telemetry collected in Microsoft Sentinel. After installing the solution, start using the workbook in Manage solution view."
            }
          },
          {
            "name": "workbooks-link",
            "type": "Microsoft.Common.TextBlock",
            "options": {
              "link": {
                "label": "Learn more",
                "uri": "https://docs.microsoft.com/azure/sentinel/tutorial-monitor-your-data"
              }
            }
          },
          {
            "name": "workbook1",
            "type": "Microsoft.Common.Section",
            "label": "SharePoint & OneDrive",
            "elements": [
              {
                "name": "workbook1-text",
                "type": "Microsoft.Common.TextBlock",
                "options": {
                  "text": "Gain insights into SharePoint and OneDrive by tracing and analyzing all operations and activities.\nYou can view trends across user operation, find correlations between users and files, and identify interesting information such as user IP addresses."
                }
              }
            ]
          },
          {
            "name": "workbook2",
            "type": "Microsoft.Common.Section",
            "label": "Office 365",
            "elements": [
              {
                "name": "workbook2-text",
                "type": "Microsoft.Common.TextBlock",
                "options": {
                  "text": "Gain insights into Office 365 by tracing and analyzing all operations and activities. You can drill down into your SharePoint, OneDrive, and Exchange.\nThis workbook lets you find usage trends across users, files, folders, and mailboxes, making it easier to identify anomalies in your network."
                }
              }
            ]
          },
          {
            "name": "workbook3",
            "type": "Microsoft.Common.Section",
            "label": "Exchange Online",
            "elements": [
              {
                "name": "workbook3-text",
                "type": "Microsoft.Common.TextBlock",
                "options": {
                  "text": "Gain insights into Microsoft Exchange online by tracing and analyzing all Exchange operations and user activities.\nThis workbook let you monitor user activities, including logins, account operations, permission changes, and mailbox creations to discover suspicious trends among them."
                }
              }
            ]
          }
        ]
      },
      {
        "name": "analytics",
        "label": "Analytics",
        "subLabel": {
          "preValidation": "Configure the analytics",
          "postValidation": "Done"
        },
        "bladeTitle": "Analytics",
        "elements": [
          {
            "name": "analytics-text",
            "type": "Microsoft.Common.TextBlock",
            "options": {
              "text": "This solution installs the following analytic rule templates. After installing the solution, create and enable analytic rules in Manage solution view."
            }
          },
          {
            "name": "analytics-link",
            "type": "Microsoft.Common.TextBlock",
            "options": {
              "link": {
                "label": "Learn more",
                "uri": "https://docs.microsoft.com/azure/sentinel/tutorial-detect-threats-custom?WT.mc_id=Portal-Microsoft_Azure_CreateUIDef"
              }
            }
          },
          {
            "name": "analytic1",
            "type": "Microsoft.Common.Section",
            "label": "Accessed files shared by temporary external user",
            "elements": [
              {
                "name": "analytic1-text",
                "type": "Microsoft.Common.TextBlock",
                "options": {
                  "text": "This detection identifies when an external user is added to a Team or Teams chat\nand shares a file which is accessed by many users (>10) and the users is removed within short period of time. This might be\nan indicator of suspicious activity."
                }
              }
            ]
          },
          {
            "name": "analytic2",
            "type": "Microsoft.Common.Section",
            "label": "External user added and removed in short timeframe",
            "elements": [
              {
                "name": "analytic2-text",
                "type": "Microsoft.Common.TextBlock",
                "options": {
                  "text": "This detection flags the occurances of external user accounts that are added to a Team and then removed within\none hour."
                }
              }
            ]
          },
          {
            "name": "analytic3",
            "type": "Microsoft.Common.Section",
            "label": "Exchange workflow MailItemsAccessed operation anomaly",
            "elements": [
              {
                "name": "analytic3-text",
                "type": "Microsoft.Common.TextBlock",
                "options": {
                  "text": "Identifies anomalous increases in Exchange mail items accessed operations.\nThe query leverages KQL built-in anomaly detection algorithms to find large deviations from baseline patterns.\nSudden increases in execution frequency of sensitive actions should be further investigated for malicious activity.\nManually change scorethreshold from 1.5 to 3 or higher to reduce the noise based on outliers flagged from the query criteria.\nRead more about MailItemsAccessed- https://docs.microsoft.com/microsoft-365/compliance/advanced-audit?view=o365-worldwide#mailitemsaccessed"
                }
              }
            ]
          },
          {
            "name": "analytic4",
            "type": "Microsoft.Common.Section",
            "label": "Mail redirect via ExO transport rule",
            "elements": [
              {
                "name": "analytic4-text",
                "type": "Microsoft.Common.TextBlock",
                "options": {
                  "text": "Identifies when Exchange Online transport rule configured to forward emails.\nThis could be an adversary mailbox configured to collect mail from multiple user accounts."
                }
              }
            ]
          },
          {
            "name": "analytic5",
            "type": "Microsoft.Common.Section",
            "label": "Malicious Inbox Rule",
            "elements": [
              {
                "name": "analytic5-text",
                "type": "Microsoft.Common.TextBlock",
                "options": {
                  "text": "Often times after the initial compromise the attackers create inbox rules to delete emails that contain certain keywords.\n This is done so as to limit ability to warn compromised users that they've been compromised. Below is a sample query that tries to detect this.\nReference: https://www.reddit.com/r/sysadmin/comments/7kyp0a/recent_phishing_attempts_my_experience_and_what/"
                }
              }
            ]
          },
          {
            "name": "analytic6",
            "type": "Microsoft.Common.Section",
            "label": "Multiple Teams deleted by a single user",
            "elements": [
              {
                "name": "analytic6-text",
                "type": "Microsoft.Common.TextBlock",
                "options": {
                  "text": "This detection flags the occurrences of deleting multiple teams within an hour.\nThis data is a part of Office 365 Connector in Microsoft Sentinel."
                }
              }
            ]
          },
          {
            "name": "analytic7",
            "type": "Microsoft.Common.Section",
            "label": "Multiple users email forwarded to same destination",
            "elements": [
              {
                "name": "analytic7-text",
                "type": "Microsoft.Common.TextBlock",
                "options": {
                  "text": "Identifies when multiple (more than one) users mailboxes are configured to forward to the same destination. \nThis could be an attacker-controlled destination mailbox configured to collect mail from multiple compromised user accounts."
                }
              }
            ]
          },
          {
            "name": "analytic8",
            "type": "Microsoft.Common.Section",
            "label": "New executable via Office FileUploaded Operation",
            "elements": [
              {
                "name": "analytic8-text",
                "type": "Microsoft.Common.TextBlock",
                "options": {
                  "text": "Identifies when executable file types are uploaded to Office services such as SharePoint and OneDrive.\nList currently includes 'exe', 'inf', 'gzip', 'cmd', 'bat' file extensions.\nAdditionally, identifies when a given user is uploading these files to another users workspace.\nThis may be indication of a staging location for malware or other malicious activity."
                }
              }
            ]
          },
          {
            "name": "analytic9",
            "type": "Microsoft.Common.Section",
            "label": "Rare and potentially high-risk Office operations",
            "elements": [
              {
                "name": "analytic9-text",
                "type": "Microsoft.Common.TextBlock",
                "options": {
                  "text": "Identifies Office operations that are typically rare and can provide capabilities useful to attackers."
                }
              }
            ]
          },
          {
            "name": "analytic10",
            "type": "Microsoft.Common.Section",
            "label": "SharePointFileOperation via previously unseen IPs",
            "elements": [
              {
                "name": "analytic10-text",
                "type": "Microsoft.Common.TextBlock",
                "options": {
                  "text": "Identifies anomalies using user behavior by setting a threshold for significant changes in file upload/download activities from new IP addresses. It establishes a baseline of typical behavior, compares it to recent activity, and flags deviations exceeding a default threshold of 25."
                }
              }
            ]
          },
          {
            "name": "analytic11",
            "type": "Microsoft.Common.Section",
            "label": "SharePointFileOperation via devices with previously unseen user agents",
            "elements": [
              {
                "name": "analytic11-text",
                "type": "Microsoft.Common.TextBlock",
                "options": {
                  "text": "Identifies anomalies if the number of documents uploaded or downloaded from device(s) associated\nwith a previously unseen user agent exceeds a threshold (default is 5) and deviation (default is 25)."
                }
              }
            ]
          },
          {
            "name": "analytic12",
            "type": "Microsoft.Common.Section",
            "label": "Exchange AuditLog Disabled",
            "elements": [
              {
                "name": "analytic12-text",
                "type": "Microsoft.Common.TextBlock",
                "options": {
                  "text": "Identifies when the exchange audit logging has been disabled which may be an adversary attempt\nto evade detection or avoid other defenses."
                }
              }
            ]
          },
          {
            "name": "analytic13",
            "type": "Microsoft.Common.Section",
            "label": "Office Policy Tampering",
            "elements": [
              {
                "name": "analytic13-text",
                "type": "Microsoft.Common.TextBlock",
                "options": {
                  "text": "Identifies if any tampering is done to either auditlog, ATP Safelink, SafeAttachment, AntiPhish or Dlp policy. \nAn adversary may use this technique to evade detection or avoid other policy based defenses.\nReferences: https://docs.microsoft.com/powershell/module/exchange/advanced-threat-protection/remove-antiphishrule?view=exchange-ps."
                }
              }
            ]
          },
          {
            "name": "analytic14",
            "type": "Microsoft.Common.Section",
            "label": "Office365 Sharepoint File transfer above threshold",
            "elements": [
              {
                "name": "analytic14-text",
                "type": "Microsoft.Common.TextBlock",
                "options": {
                  "text": "Identifies Office365 Sharepoint File Transfers with distinct folder count above certain threshold in a 15min time period.\n Please note that entity mapping for arrays is not supported, so when there is a single value in an array, we will pull that\n value from the array as a single string to populate the entity to support entity mapping features within Sentinel. Additionally,\n if the array is multivalued, we will input a string to indicate this with a unique hash so that matching will not occur."
                }
              }
            ]
          },
          {
            "name": "analytic15",
            "type": "Microsoft.Common.Section",
            "label": "Office365 Sharepoint File transfer above threshold",
            "elements": [
              {
                "name": "analytic15-text",
                "type": "Microsoft.Common.TextBlock",
                "options": {
                  "text": "Identifies Office365 Sharepoint File Transfers above certain threshold in a 15min time period.\n Please note that entity mapping for arrays is not supported, so when there is a single value in an array, we will pull that\n value from the array as a single string to populate the entity to support entity mapping features within Sentinel. Additionally,\n if the array is multivalued, we will input a string to indicate this with a unique hash so that matching will not occur."
                }
              }
            ]
          }
        ]
      },
      {
        "name": "huntingqueries",
        "label": "Hunting Queries",
        "bladeTitle": "Hunting Queries",
        "elements": [
          {
            "name": "huntingqueries-text",
            "type": "Microsoft.Common.TextBlock",
            "options": {
              "text": "This solution installs the following hunting queries. After installing the solution, run these hunting queries to hunt for threats in Manage solution view. "
            }
          },
          {
            "name": "huntingqueries-link",
            "type": "Microsoft.Common.TextBlock",
            "options": {
              "link": {
                "label": "Learn more",
                "uri": "https://docs.microsoft.com/azure/sentinel/hunting"
              }
            }
          },
          {
            "name": "huntingquery1",
            "type": "Microsoft.Common.Section",
            "label": "Anomalous access to other users' mailboxes",
            "elements": [
              {
                "name": "huntingquery1-text",
                "type": "Microsoft.Common.TextBlock",
                "options": {
                  "text": "Looks for users accessing multiple other users' mailboxes or accessing multiple folders in another users mailbox. This hunting query depends on Office365 data connector (OfficeActivity (Exchange) Parser or Table)"
                }
              }
            ]
          },
          {
            "name": "huntingquery2",
            "type": "Microsoft.Common.Section",
            "label": "External user added and removed in a short timeframe",
            "elements": [
              {
                "name": "huntingquery2-text",
                "type": "Microsoft.Common.TextBlock",
                "options": {
                  "text": "This hunting query identifies external user accounts that are added to a Team and then removed within one hour. This hunting query depends on Office365 data connector (OfficeActivity (Teams) Parser or Table)"
                }
              }
            ]
          },
          {
            "name": "huntingquery3",
            "type": "Microsoft.Common.Section",
            "label": "External user from a new organisation added to Teams",
            "elements": [
              {
                "name": "huntingquery3-text",
                "type": "Microsoft.Common.TextBlock",
                "options": {
                  "text": "This query identifies external users added to Teams where the user's domain is not one previously seen in Teams data. This hunting query depends on Office365 data connector (OfficeActivity (Teams) Parser or Table)"
                }
              }
            ]
          },
          {
            "name": "huntingquery4",
            "type": "Microsoft.Common.Section",
            "label": "Mail redirect via ExO transport rule",
            "elements": [
              {
                "name": "huntingquery4-text",
                "type": "Microsoft.Common.TextBlock",
                "options": {
                  "text": "Identifies when Exchange Online transport rule configured to forward emails.\nThis could be an adversary mailbox configured to collect mail from multiple user accounts. This hunting query depends on Office365 data connector (OfficeActivity (Exchange) Parser or Table)"
                }
              }
            ]
          },
          {
            "name": "huntingquery5",
            "type": "Microsoft.Common.Section",
            "label": "Bots added to multiple teams",
            "elements": [
              {
                "name": "huntingquery5-text",
                "type": "Microsoft.Common.TextBlock",
                "options": {
                  "text": "This hunting query helps identify bots added to multiple Teams in a short space of time. This hunting query depends on Office365 data connector (OfficeActivity (Teams) Parser or Table)"
                }
              }
            ]
          },
          {
            "name": "huntingquery6",
            "type": "Microsoft.Common.Section",
            "label": "User made Owner of multiple teams",
            "elements": [
              {
                "name": "huntingquery6-text",
                "type": "Microsoft.Common.TextBlock",
                "options": {
                  "text": "This hunting query identifies users who have been made Owner of multiple Teams. This hunting query depends on Office365 data connector (OfficeActivity (Teams) Parser or Table)"
                }
              }
            ]
          },
          {
            "name": "huntingquery7",
            "type": "Microsoft.Common.Section",
            "label": "Multiple Teams deleted by a single user",
            "elements": [
              {
                "name": "huntingquery7-text",
                "type": "Microsoft.Common.TextBlock",
                "options": {
                  "text": "This hunting query identifies where multiple Teams have been deleted by a single user in a short timeframe. This hunting query depends on Office365 data connector (OfficeActivity (Teams) Parser or Table)"
                }
              }
            ]
          },
          {
            "name": "huntingquery8",
            "type": "Microsoft.Common.Section",
            "label": "Previously unseen bot or application added to Teams",
            "elements": [
              {
                "name": "huntingquery8-text",
                "type": "Microsoft.Common.TextBlock",
                "options": {
                  "text": "This hunting query helps identify new, and potentially unapproved applications or bots being added to Teams. This hunting query depends on Office365 data connector (OfficeActivity (Teams) Parser or Table)"
                }
              }
            ]
          },
          {
            "name": "huntingquery9",
            "type": "Microsoft.Common.Section",
            "label": "New Windows Reserved Filenames staged on Office file services",
            "elements": [
              {
                "name": "huntingquery9-text",
                "type": "Microsoft.Common.TextBlock",
                "options": {
                  "text": "This identifies new Windows Reserved Filenames on Office services like SharePoint and OneDrive in the past 7 days. It also detects when a user uploads these files to another user's workspace, which may indicate malicious activity. This hunting query depends on Office365 data connector (OfficeActivity Parser or Table)"
                }
              }
            ]
          },
          {
            "name": "huntingquery10",
            "type": "Microsoft.Common.Section",
            "label": "Office Mail Forwarding - Hunting Version",
            "elements": [
              {
                "name": "huntingquery10-text",
                "type": "Microsoft.Common.TextBlock",
                "options": {
                  "text": "Adversaries often abuse email-forwarding rules to monitor victim activities, steal information, and gain intelligence on the victim or their organization. This query highlights cases where user mail is being forwarded, including to external domains. This hunting query depends on Office365 data connector (OfficeActivity (Exchange) Parser or Table)"
                }
              }
            ]
          },
          {
            "name": "huntingquery11",
            "type": "Microsoft.Common.Section",
            "label": "Files uploaded to teams and access summary",
            "elements": [
              {
                "name": "huntingquery11-text",
                "type": "Microsoft.Common.TextBlock",
                "options": {
                  "text": "This hunting queries identifies files uploaded to SharePoint via a Teams chat and\nsummarizes users and IP addresses that have accessed these files. This allows for \nidentification of anomolous file sharing patterns. This hunting query depends on Office365 data connector (OfficeActivity (SharePoint) Parser or Table)"
                }
              }
            ]
          },
          {
            "name": "huntingquery12",
            "type": "Microsoft.Common.Section",
            "label": "User added to Teams and immediately uploads file",
            "elements": [
              {
                "name": "huntingquery12-text",
                "type": "Microsoft.Common.TextBlock",
                "options": {
                  "text": "This hunting queries identifies users who are added to a Teams Channel or Teams chat\nand within 1 minute of being added upload a file via the chat. This might be\nan indicator of suspicious activity. This hunting query depends on Office365 data connector (OfficeActivity (Teams) Parser or Table)"
                }
              }
            ]
          },
          {
            "name": "huntingquery13",
            "type": "Microsoft.Common.Section",
            "label": "Windows Reserved Filenames staged on Office file services",
            "elements": [
              {
                "name": "huntingquery13-text",
                "type": "Microsoft.Common.TextBlock",
                "options": {
                  "text": "This identifies Windows Reserved Filenames on Office services like SharePoint and OneDrive. It also detects when a user uploads these files to another user's workspace, which may indicate malicious activity. This hunting query depends on Office365 data connector (OfficeActivity Parser or Table)"
                }
              }
            ]
          },
          {
            "name": "huntingquery14",
            "type": "Microsoft.Common.Section",
            "label": "Exes with double file extension and access summary",
            "elements": [
              {
                "name": "huntingquery14-text",
                "type": "Microsoft.Common.TextBlock",
                "options": {
                  "text": "Provides a summary of executable files with double file extensions in SharePoint \n and the users and IP addresses that have accessed them. This hunting query depends on Office365 data connector (OfficeActivity (SharePoint) Parser or Table)"
                }
              }
            ]
          },
          {
            "name": "huntingquery15",
            "type": "Microsoft.Common.Section",
            "label": "New Admin account activity seen which was not seen historically",
            "elements": [
              {
                "name": "huntingquery15-text",
                "type": "Microsoft.Common.TextBlock",
                "options": {
                  "text": "This will help you discover any new admin account activity which was seen and were not seen historically.\nAny new accounts seen in the results can be validated and investigated for any suspicious activities. This hunting query depends on Office365 data connector (OfficeActivity (Exchange) Parser or Table)"
                }
              }
            ]
          },
          {
            "name": "huntingquery16",
            "type": "Microsoft.Common.Section",
            "label": "SharePointFileOperation via previously unseen IPs",
            "elements": [
              {
                "name": "huntingquery16-text",
                "type": "Microsoft.Common.TextBlock",
                "options": {
                  "text": "Shows SharePoint upload/download volume by IPs with high-risk ASNs. New IPs with volume spikes may be unauthorized and exfiltrating documents. This hunting query depends on AzureActiveDirectory Office365 data connector (SigninLogs OfficeActivity (SharePoint) Parser or Table)"
                }
              }
            ]
          },
          {
            "name": "huntingquery17",
            "type": "Microsoft.Common.Section",
            "label": "SharePointFileOperation via devices with previously unseen user agents",
            "elements": [
              {
                "name": "huntingquery17-text",
                "type": "Microsoft.Common.TextBlock",
                "options": {
                  "text": "Tracking via user agent is one way to differentiate between types of connecting device.\nIn homogeneous enterprise environments the user agent associated with an attacker device may stand out as unusual. This hunting query depends on AzureActiveDirectory Office365 data connector (SigninLogs OfficeActivity (SharePoint) Parser or Table)"
                }
              }
            ]
          },
          {
            "name": "huntingquery18",
            "type": "Microsoft.Common.Section",
            "label": "Non-owner mailbox login activity",
            "elements": [
              {
                "name": "huntingquery18-text",
                "type": "Microsoft.Common.TextBlock",
                "options": {
                  "text": "Finds non-owner mailbox access by admin/delegate permissions. Whitelist valid users and check others for unauthorized access. This hunting query depends on Office365 data connector (OfficeActivity (Exchange) Parser or Table)"
                }
              }
            ]
          },
          {
            "name": "huntingquery19",
            "type": "Microsoft.Common.Section",
            "label": "PowerShell or non-browser mailbox login activity",
            "elements": [
              {
                "name": "huntingquery19-text",
                "type": "Microsoft.Common.TextBlock",
                "options": {
                  "text": "Detects mailbox login from Exchange PowerShell. All accounts can use it by default, but admins can change it. Whitelist benign activities. This hunting query depends on Office365 data connector (OfficeActivity (Exchange) Parser or Table)"
                }
              }
            ]
          },
          {
            "name": "huntingquery20",
            "type": "Microsoft.Common.Section",
            "label": "SharePointFileOperation via clientIP with previously unseen user agents",
            "elements": [
              {
                "name": "huntingquery20-text",
                "type": "Microsoft.Common.TextBlock",
                "options": {
                  "text": "New user agents associated with a clientIP for SharePoint file uploads/downloads. This hunting query depends on Office365 data connector (OfficeActivity (SharePoint) Parser or Table)"
                }
              }
            ]
          },
          {
            "name": "huntingquery21",
            "type": "Microsoft.Common.Section",
            "label": "Multiple users email forwarded to same destination",
            "elements": [
              {
                "name": "huntingquery21-text",
                "type": "Microsoft.Common.TextBlock",
                "options": {
                  "text": "Identifies when multiple (more than one) users mailboxes are configured to forward to the same destination. \nThis could be an attacker-controlled destination mailbox configured to collect mail from multiple compromised user accounts. This hunting query depends on Office365 data connector (OfficeActivity Parser or Table)"
                }
              }
            ]
          }
        ]
      }
    ],
    "outputs": {
      "workspace-location": "[first(map(filter(basics('getLAWorkspace').value, (filter) => and(contains(toLower(filter.id), toLower(resourceGroup().name)),equals(filter.name,basics('workspace')))), (item) => item.location))]",
      "location": "[location()]",
      "workspace": "[basics('workspace')]"
    }
  }
}
