﻿{
    "$schema":  "https://schema.management.azure.com/schemas/0.1.2-preview/CreateUIDefinition.MultiVm.json#",
    "handler":  "Microsoft.Azure.CreateUIDef",
    "version":  "0.1.2-preview",
    "parameters":  {
                       "config":  {
                                      "isWizard":  false,
                                      "basics":  {
                                                     "description":  "**Important:** _This Microsoft Sentinel Solution is currently in public preview. This feature is provided without a service level agreement, and it\u0027s not recommended for production workloads. Certain features might not be supported or might have constrained capabilities. For more information, see [Supplemental Terms of Use for Microsoft Azure Previews](https://azure.microsoft.com/support/legal/preview-supplemental-terms/)._\n\n**Note:** _There may be [known issues](https://aka.ms/sentinelsolutionsknownissues) pertaining to this Solution, please refer to them before installing._\n\nForescout Host Property Monitor offers host property analysis, incident generation and action dispatching for hosts managed by Forescout Continuum platform\n\nMicrosoft Sentinel Solutions provide a consolidated way to acquire Microsoft Sentinel content like data connectors, workbooks, analytics, and automations in your workspace with a single deployment step.\n\n**Playbooks:** 1\n\n[Learn more about Microsoft Sentinel](https://aka.ms/azuresentinel) | [Learn more about Solutions](https://aka.ms/azuresentinelsolutionsdoc)",
                                                     "subscription":  {
                                                                          "resourceProviders":  [
                                                                                                    "Microsoft.OperationsManagement/solutions",
                                                                                                    "Microsoft.OperationalInsights/workspaces/providers/alertRules",
                                                                                                    "Microsoft.Insights/workbooks",
                                                                                                    "Microsoft.Logic/workflows"
                                                                                                ]
                                                                      },
                                                     "location":  {
                                                                      "metadata":  {
                                                                                       "hidden":  "Hiding location, we get it from the log analytics workspace"
                                                                                   },
                                                                      "visible":  false
                                                                  },
                                                     "resourceGroup":  {
                                                                           "allowExisting":  true
                                                                       }
                                                 }
                                  },
                       "basics":  [
                                      {
                                          "name":  "getLAWorkspace",
                                          "type":  "Microsoft.Solutions.ArmApiControl",
                                          "toolTip":  "This filters by workspaces that exist in the Resource Group selected",
                                          "condition":  "[greater(length(resourceGroup().name),0)]",
                                          "request":  {
                                                          "method":  "GET",
                                                          "path":  "[concat(subscription().id,\u0027/providers/Microsoft.OperationalInsights/workspaces?api-version=2020-08-01\u0027)]"
                                                      }
                                      },
                                      {
                                          "name":  "workspace",
                                          "type":  "Microsoft.Common.DropDown",
                                          "label":  "Workspace",
                                          "placeholder":  "Select a workspace",
                                          "toolTip":  "This dropdown will list only workspace that exists in the Resource Group selected",
                                          "constraints":  {
                                                              "allowedValues":  "[map(filter(basics(\u0027getLAWorkspace\u0027).value, (filter) =\u003e contains(toLower(filter.id), toLower(resourceGroup().name))), (item) =\u003e parse(concat(\u0027{\"label\":\"\u0027, item.name, \u0027\",\"value\":\"\u0027, item.name, \u0027\"}\u0027)))]",
                                                              "required":  true
                                                          },
                                          "visible":  true
                                      }
                                  ],
                       "steps":  [
                                     {
                                         "name":  "playbooks",
                                         "label":  "Playbooks",
                                         "subLabel":  {
                                                          "preValidation":  "Configure the playbooks",
                                                          "postValidation":  "Done"
                                                      },
                                         "bladeTitle":  "Playbooks",
                                         "elements":  [
                                                          {
                                                              "name":  "playbooks-text",
                                                              "type":  "Microsoft.Common.TextBlock",
                                                              "options":  {
                                                                              "text":  "This solution installs playbook resources.  A security playbook is a collection of procedures that can be run from Microsoft Sentinel in response to an alert. A security playbook can help automate and orchestrate your response, and can be run manually or set to run automatically when specific alerts are triggered. Security playbooks in Microsoft Sentinel are based on Azure Logic Apps, which means that you get all the power, customizability, and built-in templates of Logic Apps. Each playbook is created for the specific subscription you choose, but when you look at the Playbooks page, you will see all the playbooks across any selected subscriptions.",
                                                                              "link":  {
                                                                                           "label":  "Learn more",
                                                                                           "uri":  "https://docs.microsoft.com/azure/sentinel/tutorial-respond-threats-playbook?WT.mc_id=Portal-Microsoft_Azure_CreateUIDef"
                                                                                       }
                                                                          }
                                                          },
                                                          {
                                                              "name":  "playbook1",
                                                              "type":  "Microsoft.Common.Section",
                                                              "label":  "DnsniffEventPlaybook-1",
                                                              "elements":  [
                                                                               {
                                                                                   "name":  "playbook1-text",
                                                                                   "type":  "Microsoft.Common.TextBlock",
                                                                                   "options":  {
                                                                                                   "text":  "This playbook ingests events from Forescout Host Property Monitor into Log Analytics using the API."
                                                                                               }
                                                                               },
                                                                               {
                                                                                   "name":  "playbook1-PlaybookName",
                                                                                   "type":  "Microsoft.Common.TextBox",
                                                                                   "label":  "Playbook Name",
                                                                                   "defaultValue":  "DnsniffEventPlaybook-1",
                                                                                   "toolTip":  "Resource name for the logic app playbook.  No spaces are allowed",
                                                                                   "constraints":  {
                                                                                                       "required":  true,
                                                                                                       "regex":  "[a-z0-9A-Z]{1,256}$",
                                                                                                       "validationMessage":  "Please enter a playbook resource name"
                                                                                                   }
                                                                               }
                                                                           ]
                                                          }
                                                      ]
                                     }
                                 ],
                       "outputs":  {
                                       "workspace-location":  "[first(map(filter(basics(\u0027getLAWorkspace\u0027).value, (filter) =\u003e and(contains(toLower(filter.id), toLower(resourceGroup().name)),equals(filter.name,basics(\u0027workspace\u0027)))), (item) =\u003e item.location))]",
                                       "location":  "[location()]",
                                       "workspace":  "[basics(\u0027workspace\u0027)]",
                                       "playbook1-PlaybookName":  "[steps(\u0027playbooks\u0027).playbook1.playbook1-PlaybookName]"
                                   }
                   }
}
