{
  "$schema": "https://schema.management.azure.com/schemas/2019-04-01/deploymentTemplate.json#",
  "contentVersion": "1.0.0.0",
  "metadata": {
    "author": "Microsoft - support@microsoft.com",
    "comments": "Solution template for GoogleCloudPlatformIDS"
  },
  "parameters": {
    "location": {
      "type": "string",
      "minLength": 1,
      "defaultValue": "[resourceGroup().location]",
      "metadata": {
        "description": "Not used, but needed to pass arm-ttk test `Location-Should-Not-Be-Hardcoded`.  We instead use the `workspace-location` which is derived from the LA workspace"
      }
    },
    "workspace-location": {
      "type": "string",
      "defaultValue": "",
      "metadata": {
        "description": "[concat('Region to deploy solution resources -- separate from location selection',parameters('location'))]"
      }
    },
    "workspace": {
      "defaultValue": "",
      "type": "string",
      "metadata": {
        "description": "Workspace name for Log Analytics where Microsoft Sentinel is setup"
      }
    },
    "resourceGroupName": {
      "type": "string",
      "defaultValue": "[resourceGroup().name]",
      "metadata": {
        "description": "resource group name where Microsoft Sentinel is setup"
      }
    },
    "subscription": {
      "type": "string",
      "defaultValue": "[last(split(subscription().id, '/'))]",
      "metadata": {
        "description": "subscription id where Microsoft Sentinel is setup"
      }
    }
  },
  "variables": {
    "email": "support@microsoft.com",
    "_email": "[variables('email')]",
    "_solutionName": "GoogleCloudPlatformIDS",
    "_solutionVersion": "3.0.0",
    "solutionId": "azuresentinel.azure-sentinel-solution-gcpids",
    "_solutionId": "[variables('solutionId')]",
    "workspaceResourceId": "[resourceId('microsoft.OperationalInsights/Workspaces', parameters('workspace'))]",
    "dataConnectorCCPVersion": "1.0.0",
    "_dataConnectorContentIdConnectorDefinition1": "GCPCLOUDIDSLogsCCPDefinition",
    "dataConnectorTemplateNameConnectorDefinition1": "[concat(parameters('workspace'),'-dc-',uniquestring(variables('_dataConnectorContentIdConnectorDefinition1')))]",
    "_dataConnectorContentIdConnections1": "GCPCLOUDIDSLogsCCPDefinitionConnections",
    "dataConnectorTemplateNameConnections1": "[concat(parameters('workspace'),'-dc-',uniquestring(variables('_dataConnectorContentIdConnections1')))]",
    "dataCollectionEndpointId1": "[concat('/subscriptions/',parameters('subscription'),'/resourceGroups/',parameters('resourceGroupName'),'/providers/Microsoft.Insights/dataCollectionEndpoints/',parameters('workspace'))]",
    "blanks": "[replace('b', 'b', '')]",
    "_solutioncontentProductId": "[concat(take(variables('_solutionId'),50),'-','sl','-', uniqueString(concat(variables('_solutionId'),'-','Solution','-',variables('_solutionId'),'-', variables('_solutionVersion'))))]"
  },
  "resources": [
    {
      "type": "Microsoft.OperationalInsights/workspaces/providers/contentTemplates",
      "apiVersion": "2023-04-01-preview",
      "name": "[concat(parameters('workspace'),'/Microsoft.SecurityInsights/', variables('dataConnectorTemplateNameConnectorDefinition1'), variables('dataConnectorCCPVersion'))]",
      "location": "[parameters('workspace-location')]",
      "dependsOn": [
        "[extensionResourceId(resourceId('Microsoft.OperationalInsights/workspaces', parameters('workspace')), 'Microsoft.SecurityInsights/contentPackages', variables('_solutionId'))]"
      ],
      "properties": {
        "contentId": "[variables('_dataConnectorContentIdConnectorDefinition1')]",
        "displayName": "Google Cloud Platform Cloud IDS",
        "contentKind": "DataConnector",
        "mainTemplate": {
          "$schema": "https://schema.management.azure.com/schemas/2019-04-01/deploymentTemplate.json#",
          "contentVersion": "[variables('dataConnectorCCPVersion')]",
          "parameters": {},
          "variables": {},
          "resources": [
            {
              "name": "[concat(parameters('workspace'),'/Microsoft.SecurityInsights/',variables('_dataConnectorContentIdConnectorDefinition1'))]",
              "apiVersion": "2022-09-01-preview",
              "type": "Microsoft.OperationalInsights/workspaces/providers/dataConnectorDefinitions",
              "location": "[parameters('workspace-location')]",
              "kind": "Customizable",
              "properties": {
                "connectorUiConfig": {
                  "id": "GCPCLOUDIDSLogsCCPDefinition",
                  "title": "Google Cloud Platform Cloud IDS",
                  "publisher": "Microsoft",
                  "descriptionMarkdown": "The Google Cloud Platform IDS data connector provides the capability to ingest Cloud IDS Traffic logs, Threat logs and Audit logs into Microsoft Sentinel using the Google Cloud IDS API. Refer to [Cloud IDS API](https://cloud.google.com/intrusion-detection-system/docs/audit-logging#google.cloud.ids.v1.IDS) documentation for more information.",
                  "graphQueriesTableName": "GCP_CLOUDIDSV2_CL",
                  "graphQueries": [
                    {
                      "metricName": "Total events received",
                      "legend": "GCP CLOUDIDS Logs",
                      "baseQuery": "{{graphQueriesTableName}}"
                    }
                  ],
                  "sampleQueries": [
                    {
                      "description": "Get Sample of GCPCLOUDIDS logs",
                      "query": "{{graphQueriesTableName}}\n | take 10"
                    }
                  ],
                  "dataTypes": [
                    {
                      "name": "{{graphQueriesTableName}}",
                      "lastDataReceivedQuery": "{{graphQueriesTableName}}\n| summarize Time = max(TimeGenerated)\n| where isnotempty(Time)"
                    }
                  ],
                  "connectivityCriteria": [
                    {
                      "type": "HasDataConnectors"
                    }
                  ],
                  "availability": {
                    "status": 1,
                    "isPreview": false
                  },
                  "permissions": {
                    "resourceProvider": [
                      {
                        "provider": "Microsoft.OperationalInsights/workspaces",
                        "permissionsDisplayText": "Read and Write permissions are required.",
                        "providerDisplayName": "Workspace",
                        "scope": "Workspace",
                        "requiredPermissions": {
                          "read": true,
                          "write": true,
                          "delete": true,
                          "action": false
                        }
                      }
                    ]
                  },
                  "instructionSteps": [
                    {
                      "instructions": [
                        {
                          "type": "MarkdownControlEnvBased",
                          "parameters": {
                            "prodScript": "#### 1. Setup the GCP environment \n Ensure to have the following resources from the GCP Console:\n Project ID, Project Name, GCP Subscription name for the project, Workload Identity Pool ID, Workspace Identity Provider ID, and a Service Account to establish the connection.\n For more information, refer the [Connector tutorial](https://github.com/Azure/Azure-Sentinel/blob/master/Solutions/GoogleCloudPlatformIDS/Data%20Connectors/README.md) for log setup and authentication setup tutorial.\n\n Find the Log set up script [**here**](https://github.com/Azure/Azure-Sentinel/tree/master/DataConnectors/GCP/Terraform/sentinel_resources_creation/GCPCloudIDSLogSetup)\n & the Authentication set up script: [**here**](https://github.com/Azure/Azure-Sentinel/tree/master/DataConnectors/GCP/Terraform/sentinel_resources_creation/GCPInitialAuthenticationSetup)",
                            "govScript": "#### 1. Setup the GCP environment \n Ensure to have the following resources from the GCP Console:\n Project ID, Project Name, GCP Subscription name for the project, Workload Identity Pool ID, Workspace Identity Provider ID, and a Service Account to establish the connection.\n For more information, refer the [Connector tutorial](https://github.com/Azure/Azure-Sentinel/blob/master/Solutions/GoogleCloudPlatformIDS/Data%20Connectors/README.md) for log setup and authentication setup tutorial.\n\n Find the Log set up script: [**here**](https://github.com/Azure/Azure-Sentinel/tree/master/DataConnectors/GCP/Terraform/sentinel_resources_creation_gov/GCPCloudIDSLogSetup)\n & the Authentication set up script: [**here**](https://github.com/Azure/Azure-Sentinel/tree/master/DataConnectors/GCP/Terraform/sentinel_resources_creation_gov/GCPInitialAuthenticationSetupGov)"
                          }
                        },
                        {
                          "type": "CopyableLabel",
                          "parameters": {
                            "label": "Tenant ID: A unique identifier that is used as an input in the Terraform configuration within a GCP environment.",
                            "fillWith": [
                              "TenantId"
                            ],
                            "name": "TenantId",
                            "disabled": true
                          }
                        },
                        {
                          "type": "Markdown",
                          "parameters": {
                            "content": "#### 2. Enable IDS logs \n In the Google Cloud Console, enable Cloud IDS API, if not enabled previously. Create an IDS Endpoint and save the changes.\n\nFor more information on how to create and configure an IDS endpoint: [Link to documentation](https://cloud.google.com/intrusion-detection-system/docs/configuring-ids)"
                          }
                        },
                        {
                          "type": "Markdown",
                          "parameters": {
                            "content": "#### 3. Connect new collectors \n To enable GCP IDS Logs for Microsoft Sentinel, click on Add new collector button, provide the required information in the pop up and click on Connect."
                          }
                        },
                        {
                          "type": "GCPGrid",
                          "parameters": {}
                        },
                        {
                          "type": "GCPContextPane",
                          "parameters": {}
                        }
                      ],
                      "title": "Connect GCP Cloud IDS to Microsoft Sentinel\n"
                    }
                  ]
                }
              }
            },
            {
              "name": "[concat(parameters('workspace'),'/Microsoft.SecurityInsights/',concat('DataConnector-', variables('_dataConnectorContentIdConnectorDefinition1')))]",
              "apiVersion": "2022-01-01-preview",
              "type": "Microsoft.OperationalInsights/workspaces/providers/metadata",
              "properties": {
                "parentId": "[extensionResourceId(resourceId('Microsoft.OperationalInsights/workspaces', parameters('workspace')), 'Microsoft.SecurityInsights/dataConnectorDefinitions', variables('_dataConnectorContentIdConnectorDefinition1'))]",
                "contentId": "[variables('_dataConnectorContentIdConnectorDefinition1')]",
                "kind": "DataConnector",
                "version": "[variables('dataConnectorCCPVersion')]",
                "source": {
                  "sourceId": "[variables('_solutionId')]",
                  "name": "[variables('_solutionName')]",
                  "kind": "Solution"
                },
                "author": {
                  "name": "Microsoft",
                  "email": "[variables('_email')]"
                },
                "support": {
                  "tier": "Microsoft",
                  "name": "Microsoft Corporation",
                  "email": "support@microsoft.com",
                  "link": "https://support.microsoft.com/"
                },
                "dependencies": {
                  "criteria": [
                    {
                      "version": "[variables('dataConnectorCCPVersion')]",
                      "contentId": "[variables('_dataConnectorContentIdConnections1')]",
                      "kind": "ResourcesDataConnector"
                    }
                  ]
                }
              }
            },
            {
              "name": "GCPCLOUDIDSDCR",
              "apiVersion": "2022-06-01",
              "type": "Microsoft.Insights/dataCollectionRules",
              "location": "[parameters('workspace-location')]",
              "kind": "[variables('blanks')]",
              "properties": {
                "dataCollectionEndpointId": "[variables('dataCollectionEndpointId1')]",
                "streamDeclarations": {
                  "Custom-GCPCLOUDIDS": {
                    "columns": [
                      {
                        "name": "insertId",
                        "type": "string"
                      },
                      {
                        "name": "logName",
                        "type": "string"
                      },
                      {
                        "name": "protoPayload",
                        "type": "dynamic"
                      },
                      {
                        "name": "resource",
                        "type": "dynamic"
                      },
                      {
                        "name": "severity",
                        "type": "string"
                      },
                      {
                        "name": "timestamp",
                        "type": "datetime"
                      },
                      {
                        "name": "jsonPayload",
                        "type": "dynamic"
                      },
                      {
                        "name": "receiveTimestamp",
                        "type": "datetime"
                      },
                      {
                        "name": "operation",
                        "type": "string"
                      }
                    ]
                  }
                },
                "destinations": {
                  "logAnalytics": [
                    {
                      "workspaceResourceId": "[variables('workspaceResourceId')]",
                      "name": "clv2ws1"
                    }
                  ]
                },
                "dataFlows": [
                  {
                    "streams": [
                      "Custom-GCPCLOUDIDS"
                    ],
                    "destinations": [
                      "clv2ws1"
                    ],
                    "transformKql": "source | extend JsonPayloadDynamic = parse_json(jsonPayload) | extend OperationDynamic = parse_json(operation) | extend ProtoPayloadDynamic = parse_json(protoPayload) | extend ResourceDynamic = parse_json(resource) | extend InsertId = insertId, LogName = logName, Severity = severity, Timestamp = timestamp, ReceiveTimestamp = receiveTimestamp, PayloadType = tostring(ProtoPayloadDynamic['@type']), AuthenticationInfoPrincipalEmail = tostring(ProtoPayloadDynamic['authenticationInfo']['principalEmail']), AuthorizationInfo = tostring(ProtoPayloadDynamic['authorizationInfo']), MethodName = tostring(ProtoPayloadDynamic['methodName']), NumResponseItems = tostring(ProtoPayloadDynamic['numResponseItems']), RequestType = tostring(ProtoPayloadDynamic['request']['@type']), RequestName = tostring(ProtoPayloadDynamic['request']['name']), RequestParent = tostring(ProtoPayloadDynamic['request']['parent']), RequestEndpointName = tostring(ProtoPayloadDynamic['request']['endpoint']['name']), RequestEndpointNetwork = tostring(ProtoPayloadDynamic['request']['endpoint']['network']), RequestEndpointSeverity = tostring(ProtoPayloadDynamic['request']['endpoint']['severity']), RequestEndpointTrafficLogs = tostring(ProtoPayloadDynamic['request']['endpoint']['traffic_logs']), RequestEndpointId = tostring(ProtoPayloadDynamic['request']['endpoint_id']), RequestEndpointThreatExceptions = tostring(ProtoPayloadDynamic['request']['endpoint']['threat_exceptions']), RequestUpdateMaskPaths = tostring(ProtoPayloadDynamic['request']['update_mask']['paths']), RequestMetadataCallerIP = tostring(ProtoPayloadDynamic['requestMetadata']['callerIp']), RequestMetadataDestinationAttributes = tostring(ProtoPayloadDynamic['requestMetadata']['destinationAttributes']), RequestMetadataRequestAttributesTime = todatetime(ProtoPayloadDynamic['requestMetadata']['requestAttributes']['time']), RequestMetadataRequestAttributesAuth = tostring(ProtoPayloadDynamic['requestMetadata']['requestAttributes']['auth']), RequestMetadataRequestAttributesReason = tostring(ProtoPayloadDynamic['requestMetadata']['requestAttributes']['reason']), ResourceLocationCurrentLocations = tostring(ProtoPayloadDynamic['resourceLocation']['currentLocations']), ResponseType = tostring(ProtoPayloadDynamic['response']['@type']), ResponseName = tostring(ProtoPayloadDynamic['response']['name']), ResponseNetwork = tostring(ProtoPayloadDynamic['response']['network']), ResponseSeverity = tostring(ProtoPayloadDynamic['response']['severity']), ResponseState = tostring(ProtoPayloadDynamic['response']['state']), ResponseThreatExceptions = tostring(ProtoPayloadDynamic['response']['threatExceptions']), ResponseTrafficLogs = tobool(ProtoPayloadDynamic['response']['trafficLogs']), ResourceName = tostring(ProtoPayloadDynamic['resourceName']), ServiceName = tostring(ProtoPayloadDynamic['serviceName']), Status = tostring(ProtoPayloadDynamic['status']), ResourceLabelsMethod = tostring(ResourceDynamic['labels']['method']), ResourceLabelsProjectId = tostring(ResourceDynamic['labels']['project_id']), ResourceLabelsService = tostring(ResourceDynamic['labels']['service']), ResourceLabelsId = tostring(ResourceDynamic['labels']['id']), ResourceLabelsLocation = tostring(ResourceDynamic['labels']['location']), ResourceLabelsResourceContainer = tostring(ResourceDynamic['labels']['resource_container']), ResourceType = tostring(ResourceDynamic['type']), OperationId = tostring(OperationDynamic['id']), OperationFirst = tobool(OperationDynamic['first']), OperationLast = tobool(OperationDynamic['last']), OperationProducer = tostring(OperationDynamic['producer']), Application = tostring(JsonPayloadDynamic['application']), DestinationIPAddress = tostring(JsonPayloadDynamic['destination_ip_address']), DestinationPort = tostring(JsonPayloadDynamic['destination_port']), ElapsedTime = tostring(JsonPayloadDynamic['elapsed_time']), Network = tostring(JsonPayloadDynamic['network']), RepeatCount = tostring(JsonPayloadDynamic['repeat_count']), SessionId = tostring(JsonPayloadDynamic['session_id']), SourcePort = tostring(JsonPayloadDynamic['source_port']), StartTime = todatetime(JsonPayloadDynamic['start_time']), TotalBytes = tostring(JsonPayloadDynamic['total_bytes']), TotalPackets = tostring(JsonPayloadDynamic['total_packets']), AlertSeverity = tostring(JsonPayloadDynamic['alert_severity']), AlertTime = todatetime(JsonPayloadDynamic['alert_time']), Category = tostring(JsonPayloadDynamic['category']), CVEs = tostring(JsonPayloadDynamic['cves']), Details = tostring(JsonPayloadDynamic['details']), Direction = tostring(JsonPayloadDynamic['direction']), JsonPayloadName = tostring(JsonPayloadDynamic['name']), ThreatId = tostring(JsonPayloadDynamic['threat_id']), JsonPayloadType = tostring(JsonPayloadDynamic['type']), URIOrFilename = tostring(JsonPayloadDynamic['uri_or_filename']), IPProtocol = tostring(JsonPayloadDynamic['ip_protocol']), SourceIPAddress = tostring(JsonPayloadDynamic['source_ip_address']), TimeGenerated = now() | project-away protoPayload, resource, operation, jsonPayload",
                    "outputStream": "Custom-GCP_CLOUDIDSV2_CL"
                  }
                ]
              }
            },
            {
              "name": "GCP_CLOUDIDSV2_CL",
              "apiVersion": "2022-10-01",
              "type": "Microsoft.OperationalInsights/workspaces/tables",
              "location": "[parameters('workspace-location')]",
              "kind": null,
              "properties": {
                "schema": {
                  "name": "GCP_CLOUDIDSV2_CL",
                  "columns": [
                    {
                      "name": "InsertId",
                      "type": "string"
                    },
                    {
                      "name": "LogName",
                      "type": "string"
                    },
                    {
                      "name": "ReceiveTimestamp",
                      "type": "datetime"
                    },
                    {
                      "name": "Application",
                      "type": "string"
                    },
                    {
                      "name": "DestinationIPAddress",
                      "type": "string"
                    },
                    {
                      "name": "DestinationPort",
                      "type": "string"
                    },
                    {
                      "name": "ElapsedTime",
                      "type": "string"
                    },
                    {
                      "name": "Network",
                      "type": "string"
                    },
                    {
                      "name": "RepeatCount",
                      "type": "string"
                    },
                    {
                      "name": "SessionId",
                      "type": "string"
                    },
                    {
                      "name": "SourcePort",
                      "type": "string"
                    },
                    {
                      "name": "StartTime",
                      "type": "datetime"
                    },
                    {
                      "name": "TotalBytes",
                      "type": "string"
                    },
                    {
                      "name": "TotalPackets",
                      "type": "string"
                    },
                    {
                      "name": "AlertSeverity",
                      "type": "string"
                    },
                    {
                      "name": "AlertTime",
                      "type": "datetime"
                    },
                    {
                      "name": "Category",
                      "type": "string"
                    },
                    {
                      "name": "CVEs",
                      "type": "string"
                    },
                    {
                      "name": "Details",
                      "type": "string"
                    },
                    {
                      "name": "Direction",
                      "type": "string"
                    },
                    {
                      "name": "JsonPayloadName",
                      "type": "string"
                    },
                    {
                      "name": "ThreatId",
                      "type": "string"
                    },
                    {
                      "name": "JsonPayloadType",
                      "type": "string"
                    },
                    {
                      "name": "URIOrFilename",
                      "type": "string"
                    },
                    {
                      "name": "IPProtocol",
                      "type": "string"
                    },
                    {
                      "name": "SourceIPAddress",
                      "type": "string"
                    },
                    {
                      "name": "OperationId",
                      "type": "string"
                    },
                    {
                      "name": "OperationFirst",
                      "type": "boolean"
                    },
                    {
                      "name": "OperationLast",
                      "type": "boolean"
                    },
                    {
                      "name": "OperationProducer",
                      "type": "string"
                    },
                    {
                      "name": "PayloadType",
                      "type": "string"
                    },
                    {
                      "name": "AuthenticationInfoPrincipalEmail",
                      "type": "string"
                    },
                    {
                      "name": "AuthorizationInfo",
                      "type": "string"
                    },
                    {
                      "name": "MethodName",
                      "type": "string"
                    },
                    {
                      "name": "NumResponseItems",
                      "type": "string"
                    },
                    {
                      "name": "RequestName",
                      "type": "string"
                    },
                    {
                      "name": "RequestType",
                      "type": "string"
                    },
                    {
                      "name": "RequestParent",
                      "type": "string"
                    },
                    {
                      "name": "RequestEndpointName",
                      "type": "string"
                    },
                    {
                      "name": "RequestEndpointNetwork",
                      "type": "string"
                    },
                    {
                      "name": "RequestEndpointSeverity",
                      "type": "string"
                    },
                    {
                      "name": "RequestEndpointTrafficLogs",
                      "type": "string"
                    },
                    {
                      "name": "RequestEndpointId",
                      "type": "string"
                    },
                    {
                      "name": "RequestEndpointThreatExceptions",
                      "type": "string"
                    },
                    {
                      "name": "RequestUpdateMaskPaths",
                      "type": "string"
                    },
                    {
                      "name": "RequestMetadataCallerIP",
                      "type": "string"
                    },
                    {
                      "name": "RequestMetadataDestinationAttributes",
                      "type": "string"
                    },
                    {
                      "name": "RequestMetadataRequestAttributesTime",
                      "type": "datetime"
                    },
                    {
                      "name": "RequestMetadataRequestAttributesAuth",
                      "type": "string"
                    },
                    {
                      "name": "RequestMetadataRequestAttributesReason",
                      "type": "string"
                    },
                    {
                      "name": "ResourceLocationCurrentLocations",
                      "type": "string"
                    },
                    {
                      "name": "ResponseType",
                      "type": "string"
                    },
                    {
                      "name": "ResponseName",
                      "type": "string"
                    },
                    {
                      "name": "ResponseNetwork",
                      "type": "string"
                    },
                    {
                      "name": "ResponseSeverity",
                      "type": "string"
                    },
                    {
                      "name": "TimeGenerated",
                      "type": "datetime"
                    },
                    {
                      "name": "ResponseState",
                      "type": "string"
                    },
                    {
                      "name": "ResponseThreatExceptions",
                      "type": "string"
                    },
                    {
                      "name": "ResponseTrafficLogs",
                      "type": "boolean"
                    },
                    {
                      "name": "ResourceName",
                      "type": "string"
                    },
                    {
                      "name": "ServiceName",
                      "type": "string"
                    },
                    {
                      "name": "Status",
                      "type": "string"
                    },
                    {
                      "name": "ResourceLabelsMethod",
                      "type": "string"
                    },
                    {
                      "name": "ResourceLabelsProjectId",
                      "type": "string"
                    },
                    {
                      "name": "ResourceLabelsService",
                      "type": "string"
                    },
                    {
                      "name": "ResourceLabelsId",
                      "type": "string"
                    },
                    {
                      "name": "ResourceLabelsLocation",
                      "type": "string"
                    },
                    {
                      "name": "ResourceLabelsResourceContainer",
                      "type": "string"
                    },
                    {
                      "name": "ResourceType",
                      "type": "string"
                    },
                    {
                      "name": "Severity",
                      "type": "string"
                    },
                    {
                      "name": "Timestamp",
                      "type": "datetime"
                    }
                  ]
                }
              }
            }
          ]
        },
        "packageKind": "Solution",
        "packageVersion": "[variables('_solutionVersion')]",
        "packageName": "[variables('_solutionName')]",
        "contentProductId": "[concat(take(variables('_solutionId'), 50),'-','dc','-', uniqueString(concat(variables('_solutionId'),'-','DataConnector','-',variables('_dataConnectorContentIdConnectorDefinition1'),'-', variables('dataConnectorCCPVersion'))))]",
        "packageId": "[variables('_solutionId')]",
        "contentSchemaVersion": "3.0.0",
        "version": "[variables('dataConnectorCCPVersion')]"
      }
    },
    {
      "name": "[concat(parameters('workspace'),'/Microsoft.SecurityInsights/',variables('_dataConnectorContentIdConnectorDefinition1'))]",
      "apiVersion": "2022-09-01-preview",
      "type": "Microsoft.OperationalInsights/workspaces/providers/dataConnectorDefinitions",
      "location": "[parameters('workspace-location')]",
      "kind": "Customizable",
      "properties": {
        "connectorUiConfig": {
          "id": "GCPCLOUDIDSLogsCCPDefinition",
          "title": "Google Cloud Platform Cloud IDS",
          "publisher": "Microsoft",
          "descriptionMarkdown": "The Google Cloud Platform IDS data connector provides the capability to ingest Cloud IDS Traffic logs, Threat logs and Audit logs into Microsoft Sentinel using the Google Cloud IDS API. Refer to [Cloud IDS API](https://cloud.google.com/intrusion-detection-system/docs/audit-logging#google.cloud.ids.v1.IDS) documentation for more information.",
          "graphQueriesTableName": "GCP_CLOUDIDSV2_CL",
          "graphQueries": [
            {
              "metricName": "Total events received",
              "legend": "GCP CLOUDIDS Logs",
              "baseQuery": "{{graphQueriesTableName}}"
            }
          ],
          "sampleQueries": [
            {
              "description": "Get Sample of GCPCLOUDIDS logs",
              "query": "{{graphQueriesTableName}}\n | take 10"
            }
          ],
          "dataTypes": [
            {
              "name": "{{graphQueriesTableName}}",
              "lastDataReceivedQuery": "{{graphQueriesTableName}}\n| summarize Time = max(TimeGenerated)\n| where isnotempty(Time)"
            }
          ],
          "connectivityCriteria": [
            {
              "type": "HasDataConnectors"
            }
          ],
          "availability": {
            "status": 1,
            "isPreview": false
          },
          "permissions": {
            "resourceProvider": [
              {
                "provider": "Microsoft.OperationalInsights/workspaces",
                "permissionsDisplayText": "Read and Write permissions are required.",
                "providerDisplayName": "Workspace",
                "scope": "Workspace",
                "requiredPermissions": {
                  "read": true,
                  "write": true,
                  "delete": true,
                  "action": false
                }
              }
            ]
          },
          "instructionSteps": [
            {
              "instructions": [
                {
                  "type": "MarkdownControlEnvBased",
                  "parameters": {
                    "prodScript": "#### 1. Setup the GCP environment \n Ensure to have the following resources from the GCP Console:\n Project ID, Project Name, GCP Subscription name for the project, Workload Identity Pool ID, Workspace Identity Provider ID, and a Service Account to establish the connection.\n For more information, refer the [Connector tutorial](https://github.com/Azure/Azure-Sentinel/blob/master/Solutions/GoogleCloudPlatformIDS/Data%20Connectors/README.md) for log setup and authentication setup tutorial.\n\n Find the Log set up script [**here**](https://github.com/Azure/Azure-Sentinel/tree/master/DataConnectors/GCP/Terraform/sentinel_resources_creation/GCPCloudIDSLogSetup)\n & the Authentication set up script: [**here**](https://github.com/Azure/Azure-Sentinel/tree/master/DataConnectors/GCP/Terraform/sentinel_resources_creation/GCPInitialAuthenticationSetup)",
                    "govScript": "#### 1. Setup the GCP environment \n Ensure to have the following resources from the GCP Console:\n Project ID, Project Name, GCP Subscription name for the project, Workload Identity Pool ID, Workspace Identity Provider ID, and a Service Account to establish the connection.\n For more information, refer the [Connector tutorial](https://github.com/Azure/Azure-Sentinel/blob/master/Solutions/GoogleCloudPlatformIDS/Data%20Connectors/README.md) for log setup and authentication setup tutorial.\n\n Find the Log set up script: [**here**](https://github.com/Azure/Azure-Sentinel/tree/master/DataConnectors/GCP/Terraform/sentinel_resources_creation_gov/GCPCloudIDSLogSetup)\n & the Authentication set up script: [**here**](https://github.com/Azure/Azure-Sentinel/tree/master/DataConnectors/GCP/Terraform/sentinel_resources_creation_gov/GCPInitialAuthenticationSetupGov)"
                  }
                },
                {
                  "type": "CopyableLabel",
                  "parameters": {
                    "label": "Tenant ID: A unique identifier that is used as an input in the Terraform configuration within a GCP environment.",
                    "fillWith": [
                      "TenantId"
                    ],
                    "name": "TenantId",
                    "disabled": true
                  }
                },
                {
                  "type": "Markdown",
                  "parameters": {
                    "content": "#### 2. Enable IDS logs \n In the Google Cloud Console, enable Cloud IDS API, if not enabled previously. Create an IDS Endpoint and save the changes.\n\nFor more information on how to create and configure an IDS endpoint: [Link to documentation](https://cloud.google.com/intrusion-detection-system/docs/configuring-ids)"
                  }
                },
                {
                  "type": "Markdown",
                  "parameters": {
                    "content": "#### 3. Connect new collectors \n To enable GCP IDS Logs for Microsoft Sentinel, click on Add new collector button, provide the required information in the pop up and click on Connect."
                  }
                },
                {
                  "type": "GCPGrid",
                  "parameters": {}
                },
                {
                  "type": "GCPContextPane",
                  "parameters": {}
                }
              ],
              "title": "Connect GCP Cloud IDS to Microsoft Sentinel\n"
            }
          ]
        }
      }
    },
    {
      "name": "[concat(parameters('workspace'),'/Microsoft.SecurityInsights/',concat('DataConnector-', variables('_dataConnectorContentIdConnectorDefinition1')))]",
      "apiVersion": "2022-01-01-preview",
      "type": "Microsoft.OperationalInsights/workspaces/providers/metadata",
      "properties": {
        "parentId": "[extensionResourceId(resourceId('Microsoft.OperationalInsights/workspaces', parameters('workspace')), 'Microsoft.SecurityInsights/dataConnectorDefinitions', variables('_dataConnectorContentIdConnectorDefinition1'))]",
        "contentId": "[variables('_dataConnectorContentIdConnectorDefinition1')]",
        "kind": "DataConnector",
        "version": "[variables('dataConnectorCCPVersion')]",
        "source": {
          "sourceId": "[variables('_solutionId')]",
          "name": "[variables('_solutionName')]",
          "kind": "Solution"
        },
        "author": {
          "name": "Microsoft",
          "email": "[variables('_email')]"
        },
        "support": {
          "tier": "Microsoft",
          "name": "Microsoft Corporation",
          "email": "support@microsoft.com",
          "link": "https://support.microsoft.com/"
        },
        "dependencies": {
          "criteria": [
            {
              "version": "[variables('dataConnectorCCPVersion')]",
              "contentId": "[variables('_dataConnectorContentIdConnections1')]",
              "kind": "ResourcesDataConnector"
            }
          ]
        }
      }
    },
    {
      "type": "Microsoft.OperationalInsights/workspaces/providers/contentTemplates",
      "apiVersion": "2023-04-01-preview",
      "name": "[concat(parameters('workspace'),'/Microsoft.SecurityInsights/', variables('dataConnectorTemplateNameConnections1'), variables('dataConnectorCCPVersion'))]",
      "location": "[parameters('workspace-location')]",
      "dependsOn": [
        "[extensionResourceId(resourceId('Microsoft.OperationalInsights/workspaces', parameters('workspace')), 'Microsoft.SecurityInsights/contentPackages', variables('_solutionId'))]"
      ],
      "properties": {
        "contentId": "[variables('_dataConnectorContentIdConnections1')]",
        "displayName": "Google Cloud Platform Cloud IDS",
        "contentKind": "ResourcesDataConnector",
        "mainTemplate": {
          "$schema": "https://schema.management.azure.com/schemas/2019-04-01/deploymentTemplate.json#",
          "contentVersion": "[variables('dataConnectorCCPVersion')]",
          "parameters": {
            "guidValue": {
              "defaultValue": "[[newGuid()]",
              "type": "string"
            },
            "innerWorkspace": {
              "defaultValue": "[parameters('workspace')]",
              "type": "string"
            },
            "GCPServiceAccountEmail": {
              "defaultValue": "Enter GCPServiceAccountEmail value",
              "type": "string",
              "minLength": 4
            },
            "GCPProjectNumber": {
              "defaultValue": "Enter GCPProjectNumber value",
              "type": "string",
              "minLength": 1
            },
            "GCPWorkloadIdentityProviderId": {
              "defaultValue": "Enter GCPWorkloadIdentityProviderId value",
              "type": "string",
              "minLength": 4
            },
            "GCPProjectId": {
              "defaultValue": "Enter GCPProjectId value",
              "type": "string",
              "minLength": 4
            },
            "GCPSubscriptionName": {
              "defaultValue": "Enter GCPSubscriptionName value",
              "type": "string",
              "minLength": 3
            },
            "connectorDefinitionName": {
              "defaultValue": "Google Cloud Platform Cloud IDS",
              "type": "string",
              "minLength": 1
            },
            "workspace": {
              "defaultValue": "[parameters('workspace')]",
              "type": "string"
            },
            "dcrConfig": {
              "defaultValue": {
                "dataCollectionEndpoint": "data collection Endpoint",
                "dataCollectionRuleImmutableId": "data collection rule immutableId"
              },
              "type": "object"
            }
          },
          "variables": {
            "_dataConnectorContentIdConnections1": "[variables('_dataConnectorContentIdConnections1')]"
          },
          "resources": [
            {
              "name": "[concat(parameters('workspace'),'/Microsoft.SecurityInsights/',concat('DataConnector-', variables('_dataConnectorContentIdConnections1')))]",
              "apiVersion": "2022-01-01-preview",
              "type": "Microsoft.OperationalInsights/workspaces/providers/metadata",
              "properties": {
                "parentId": "[extensionResourceId(resourceId('Microsoft.OperationalInsights/workspaces', parameters('workspace')), 'Microsoft.SecurityInsights/dataConnectors', variables('_dataConnectorContentIdConnections1'))]",
                "contentId": "[variables('_dataConnectorContentIdConnections1')]",
                "kind": "ResourcesDataConnector",
                "version": "[variables('dataConnectorCCPVersion')]",
                "source": {
                  "sourceId": "[variables('_solutionId')]",
                  "name": "[variables('_solutionName')]",
                  "kind": "Solution"
                },
                "author": {
                  "name": "Microsoft",
                  "email": "[variables('_email')]"
                },
                "support": {
                  "tier": "Microsoft",
                  "name": "Microsoft Corporation",
                  "email": "support@microsoft.com",
                  "link": "https://support.microsoft.com/"
                }
              }
            },
            {
              "name": "[[concat(parameters('innerWorkspace'),'/Microsoft.SecurityInsights/', 'GCPCLOUDIDSLogs', parameters('guidValue'))]",
              "apiVersion": "2023-02-01-preview",
              "type": "Microsoft.OperationalInsights/workspaces/providers/dataConnectors",
              "location": "[parameters('workspace-location')]",
              "kind": "GCP",
              "properties": {
                "connectorDefinitionName": "GCPCLOUDIDSLogsCCPDefinition",
                "dataType": "GCP_CLOUDIDSV2_CL",
                "dcrConfig": {
                  "streamName": "Custom-GCPCLOUDIDS",
                  "dataCollectionEndpoint": "[[parameters('dcrConfig').dataCollectionEndpoint]",
                  "dataCollectionRuleImmutableId": "[[parameters('dcrConfig').dataCollectionRuleImmutableId]"
                },
                "auth": {
                  "serviceAccountEmail": "[[parameters('GCPServiceAccountEmail')]",
                  "projectNumber": "[[parameters('GCPProjectNumber')]",
                  "workloadIdentityProviderId": "[[parameters('GCPWorkloadIdentityProviderId')]"
                },
                "request": {
                  "projectId": "[[parameters('GCPProjectId')]",
                  "subscriptionNames": [
                    "[[parameters('GCPSubscriptionName')]"
                  ]
                }
              }
            }
          ]
        },
        "packageKind": "Solution",
        "packageVersion": "[variables('_solutionVersion')]",
        "packageName": "[variables('_solutionName')]",
        "contentProductId": "[concat(take(variables('_solutionId'), 50),'-','rdc','-', uniqueString(concat(variables('_solutionId'),'-','ResourcesDataConnector','-',variables('_dataConnectorContentIdConnections1'),'-', variables('dataConnectorCCPVersion'))))]",
        "packageId": "[variables('_solutionId')]",
        "contentSchemaVersion": "3.0.0",
        "version": "[variables('dataConnectorCCPVersion')]"
      }
    },
    {
      "type": "Microsoft.OperationalInsights/workspaces/providers/contentPackages",
      "apiVersion": "2023-04-01-preview",
      "location": "[parameters('workspace-location')]",
      "properties": {
        "version": "3.0.0",
        "kind": "Solution",
        "contentSchemaVersion": "3.0.0",
        "displayName": "GoogleCloudPlatformIDS",
        "publisherDisplayName": "Microsoft Sentinel, Microsoft Corporation",
        "descriptionHtml": "<p><strong>Note:</strong> Please refer to the following before installing the solution:</p>\n<p>• Review the solution <a href=\"https://github.com/Azure/Azure-Sentinel/tree/master/Solutions/GoogleCloudPlatformIDS/ReleaseNotes.md\">Release Notes</a></p>\n<p>• There may be <a href=\"https://aka.ms/sentinelsolutionsknownissues\">known issues</a> pertaining to this Solution, please refer to them before installing.</p>\n<p>The Google Cloud Platform IDS solution provides the capability to ingest <a href=\"https://cloud.google.com/intrusion-detection-system/docs/audit-logging\">Cloud IDS Audit logs</a>, <a href=\"https://cloud.google.com/intrusion-detection-system/docs/logging\">Cloud IDS Threat logs</a> and <a href=\"https://cloud.google.com/intrusion-detection-system/docs/logging\">Cloud IDS Traffic logs</a> into Microsoft Sentinel using the GCP IDS API.</p>\n<p><strong>Underlying Microsoft Technologies used:</strong></p>\n<p>This solution takes a dependency on the following technologies, and some of these dependencies either may be in <a href=\"https://azure.microsoft.com/support/legal/preview-supplemental-terms/\">Preview</a> state or might result in additional ingestion or operational costs</p>\n<ol type=\"a\">\n<li><a href=\"https://learn.microsoft.com/en-us/azure/sentinel/create-codeless-connector\">Codeless Connector Platform(CCP)</a></li>\n</ol>\n<p><strong>Data Connectors:</strong> 1</p>\n<p><a href=\"https://aka.ms/azuresentinel\">Learn more about Microsoft Sentinel</a> | <a href=\"https://aka.ms/azuresentinelsolutionsdoc\">Learn more about Solutions</a></p>\n",
        "contentKind": "Solution",
        "contentProductId": "[variables('_solutioncontentProductId')]",
        "id": "[variables('_solutioncontentProductId')]",
        "icon": "<img src=\"https://raw.githubusercontent.com/Azure/Azure-Sentinel/master/Logos/google_logo.svg\" width=\"75px\" height=\"75px\">",
        "contentId": "[variables('_solutionId')]",
        "parentId": "[variables('_solutionId')]",
        "source": {
          "kind": "Solution",
          "name": "GoogleCloudPlatformIDS",
          "sourceId": "[variables('_solutionId')]"
        },
        "author": {
          "name": "Microsoft",
          "email": "[variables('_email')]"
        },
        "support": {
          "name": "Microsoft Corporation",
          "email": "support@microsoft.com",
          "tier": "Microsoft",
          "link": "https://support.microsoft.com/"
        },
        "dependencies": {
          "operator": "AND",
          "criteria": [
            {
              "kind": "DataConnector",
              "contentId": "[variables('_dataConnectorContentIdConnections1')]",
              "version": "[variables('dataConnectorCCPVersion')]"
            }
          ]
        },
        "firstPublishDate": "2022-07-07",
        "providers": [
          "Google"
        ],
        "categories": {
          "domains": [
            "Cloud Provider",
            "Networking"
          ]
        }
      },
      "name": "[concat(parameters('workspace'),'/Microsoft.SecurityInsights/', variables('_solutionId'))]"
    }
  ],
  "outputs": {}
}
