{
  "$schema": "https://schema.management.azure.com/schemas/2019-04-01/deploymentTemplate.json#",
  "contentVersion": "1.0.0.0",
  "metadata": {
    "author": "Zimperium",
    "comments": "Solution template for Zimperium Mobile Threat Defense"
  },
  "parameters": {
    "location": {
      "type": "string",
      "minLength": 1,
      "defaultValue": "[resourceGroup().location]",
      "metadata": {
        "description": "Not used, but needed to pass arm-ttk test `Location-Should-Not-Be-Hardcoded`.  We instead use the `workspace-location` which is derived from the LA workspace"
      }
    },
    "workspace-location": {
      "type": "string",
      "defaultValue": "",
      "metadata": {
        "description": "[concat('Region to deploy solution resources -- separate from location selection',parameters('location'))]"
      }
    },
    "workspace": {
      "defaultValue": "",
      "type": "string",
      "metadata": {
        "description": "Workspace name for Log Analytics where Microsoft Sentinel is setup"
      }
    },
    "workbook1-name": {
      "type": "string",
      "defaultValue": "Zimperium Mobile Threat Defense (MTD)",
      "minLength": 1,
      "metadata": {
        "description": "Name for the workbook"
      }
    }
  },
  "variables": {
    "solutionId": "zimperiuminc.zimperium_mobile_threat_defense_mss",
    "_solutionId": "[variables('solutionId')]",
    "workspaceResourceId": "[resourceId('microsoft.OperationalInsights/Workspaces', parameters('workspace'))]",
    "uiConfigId1": "ZimperiumMtdAlerts",
    "_uiConfigId1": "[variables('uiConfigId1')]",
    "dataConnectorContentId1": "ZimperiumMtdAlerts",
    "_dataConnectorContentId1": "[variables('dataConnectorContentId1')]",
    "dataConnectorId1": "[extensionResourceId(resourceId('Microsoft.OperationalInsights/workspaces', parameters('workspace')), 'Microsoft.SecurityInsights/dataConnectors', variables('_dataConnectorContentId1'))]",
    "_dataConnectorId1": "[variables('dataConnectorId1')]",
    "dataConnectorTemplateSpecName1": "[concat(parameters('workspace'),'-dc-',uniquestring(variables('_dataConnectorContentId1')))]",
    "dataConnectorVersion1": "1.0.0",
    "workbookVersion1": "1.0.0",
    "workbookContentId1": "ZimperiumMTDWorkbook",
    "workbookId1": "[resourceId('Microsoft.Insights/workbooks', variables('workbookContentId1'))]",
    "workbookTemplateSpecName1": "[concat(parameters('workspace'),'-wb-',uniquestring(variables('_workbookContentId1')))]",
    "_workbookContentId1": "[variables('workbookContentId1')]"
  },
  "resources": [
    {
      "type": "Microsoft.Resources/templateSpecs",
      "apiVersion": "2021-05-01",
      "name": "[variables('dataConnectorTemplateSpecName1')]",
      "location": "[parameters('workspace-location')]",
      "tags": {
        "hidden-sentinelWorkspaceId": "[variables('workspaceResourceId')]",
        "hidden-sentinelContentType": "DataConnector"
      },
      "properties": {
        "description": "Zimperium Mobile Threat Defense data connector with template",
        "displayName": "Zimperium Mobile Threat Defense template"
      }
    },
    {
      "type": "Microsoft.Resources/templateSpecs/versions",
      "apiVersion": "2021-05-01",
      "name": "[concat(variables('dataConnectorTemplateSpecName1'),'/',variables('dataConnectorVersion1'))]",
      "location": "[parameters('workspace-location')]",
      "tags": {
        "hidden-sentinelWorkspaceId": "[variables('workspaceResourceId')]",
        "hidden-sentinelContentType": "DataConnector"
      },
      "dependsOn": [
        "[resourceId('Microsoft.Resources/templateSpecs', variables('dataConnectorTemplateSpecName1'))]"
      ],
      "properties": {
        "description": "Zimperium Mobile Threat Defense data connector with template version 2.0.1",
        "mainTemplate": {
          "$schema": "https://schema.management.azure.com/schemas/2019-04-01/deploymentTemplate.json#",
          "contentVersion": "[variables('dataConnectorVersion1')]",
          "parameters": {},
          "variables": {},
          "resources": [
            {
              "name": "[concat(parameters('workspace'),'/Microsoft.SecurityInsights/',variables('_dataConnectorContentId1'))]",
              "apiVersion": "2021-03-01-preview",
              "type": "Microsoft.OperationalInsights/workspaces/providers/dataConnectors",
              "location": "[parameters('workspace-location')]",
              "kind": "GenericUI",
              "properties": {
                "connectorUiConfig": {
                  "id": "[variables('_uiConfigId1')]",
                  "title": "Zimperium Mobile Threat Defense",
                  "publisher": "Zimperium",
                  "descriptionMarkdown": "Zimperium Mobile Threat Defense connector gives you the ability to connect the Zimperium threat log with Microsoft Sentinel to view dashboards, create custom alerts, and improve investigation. This gives you more insight into your organization's mobile threat landscape and enhances your security operation capabilities.",
                  "graphQueries": [
                    {
                      "metricName": "Total data received",
                      "legend": "ZimperiumThreatLog_CL",
                      "baseQuery": "ZimperiumThreatLog_CL"
                    }
                  ],
                  "sampleQueries": [
                    {
                      "description": "All threats with threat vector equal to Device",
                      "query": "ZimperiumThreatLog_CL \n | where threat_vector_s  == \"Device\" \n | limit 100"
                    },
                    {
                      "description": "All threats for devices running iOS",
                      "query": "ZimperiumThreatLog_CL \n | where device_os_s == \"ios\" \n | order by event_timestamp_s  desc nulls last"
                    },
                    {
                      "description": "View latest mitigations",
                      "query": "ZimperiumMitigationLog_CL \n | order by event_timestamp_s  desc nulls last"
                    }
                  ],
                  "dataTypes": [
                    {
                      "name": "ZimperiumThreatLog_CL",
                      "lastDataReceivedQuery": "ZimperiumThreatLog_CL\n            | summarize Time = max(TimeGenerated)\n            | where isnotempty(Time)"
                    },
                    {
                      "name": "ZimperiumMitigationLog_CL",
                      "lastDataReceivedQuery": "ZimperiumMitigationLog_CL\n            | summarize Time = max(TimeGenerated)\n            | where isnotempty(Time)"
                    }
                  ],
                  "connectivityCriterias": [
                    {
                      "type": "IsConnectedQuery",
                      "value": [
                        "ZimperiumThreatLog_CL\n            | summarize LastLogReceived = max(TimeGenerated)\n            | project IsConnected = LastLogReceived > ago(30d)"
                      ]
                    }
                  ],
                  "availability": {
                    "status": 1,
                    "isPreview": false
                  },
                  "permissions": {
                    "resourceProvider": [
                      {
                        "provider": "Microsoft.OperationalInsights/workspaces",
                        "permissionsDisplayText": "read and write permissions are required.",
                        "providerDisplayName": "Workspace",
                        "scope": "Workspace",
                        "requiredPermissions": {
                          "write": true,
                          "read": true,
                          "delete": true
                        }
                      },
                      {
                        "provider": "Microsoft.OperationalInsights/workspaces/sharedKeys",
                        "permissionsDisplayText": "read permissions to shared keys for the workspace are required. [See the documentation to learn more about workspace keys](https://docs.microsoft.com/azure/azure-monitor/platform/agent-windows#obtain-workspace-id-and-key).",
                        "providerDisplayName": "Keys",
                        "scope": "Workspace",
                        "requiredPermissions": {
                          "action": true
                        }
                      }
                    ]
                  },
                  "instructionSteps": [
                    {
                      "description": "1. In zConsole, click **Manage** on the navigation bar.\n2. Click the **Integrations** tab.\n3. Click the **Threat Reporting** button and then the **Add Integrations** button.\n4. Create the Integration:\n  - From the available integrations, select Microsoft Sentinel.\n  - Enter your workspace id and primary key from the fields below, click **Next**.\n  - Fill in a name for your Microsoft Sentinel integration.\n  - Select a Filter Level for the threat data you wish to push to Microsoft Sentinel.\n  - Click **Finish**\n5. For additional instructions, please refer to the [Zimperium customer support portal](https://support.zimperium.com).",
                      "instructions": [
                        {
                          "parameters": {
                            "fillWith": [
                              "WorkspaceId"
                            ],
                            "label": "Workspace ID"
                          },
                          "type": "CopyableLabel"
                        },
                        {
                          "parameters": {
                            "fillWith": [
                              "PrimaryKey"
                            ],
                            "label": "Primary Key"
                          },
                          "type": "CopyableLabel"
                        }
                      ],
                      "title": "Configure and connect Zimperium MTD"
                    }
                  ],
                  "metadata": {
                    "id": "26bcf619-26b2-44aa-a7ad-212da52deeb8",
                    "version": "1.0.0",
                    "kind": "dataConnector",
                    "source": {
                      "kind": "community"
                    },
                    "author": {
                      "name": "Zimperium"
                    },
                    "support": {
                      "name": "Zimperium",
                      "link": "https://www.zimperium.com/support",
                      "tier": "developer"
                    }
                  }
                }
              }
            },
            {
              "type": "Microsoft.OperationalInsights/workspaces/providers/metadata",
              "apiVersion": "2022-01-01-preview",
              "name": "[concat(parameters('workspace'),'/Microsoft.SecurityInsights/',concat('DataConnector-', last(split(variables('_dataConnectorId1'),'/'))))]",
              "properties": {
                "parentId": "[extensionResourceId(resourceId('Microsoft.OperationalInsights/workspaces', parameters('workspace')), 'Microsoft.SecurityInsights/dataConnectors', variables('_dataConnectorContentId1'))]",
                "contentId": "[variables('_dataConnectorContentId1')]",
                "kind": "DataConnector",
                "version": "[variables('dataConnectorVersion1')]",
                "source": {
                  "kind": "Solution",
                  "name": "Zimperium Mobile Threat Defense",
                  "sourceId": "[variables('_solutionId')]"
                },
                "author": {
                  "name": "Zimperium"
                },
                "support": {
                  "name": "Zimperium",
                  "tier": "Partner",
                  "link": "https://www.zimperium.com/support/"
                }
              }
            }
          ]
        }
      }
    },
    {
      "type": "Microsoft.OperationalInsights/workspaces/providers/metadata",
      "apiVersion": "2022-01-01-preview",
      "name": "[concat(parameters('workspace'),'/Microsoft.SecurityInsights/',concat('DataConnector-', last(split(variables('_dataConnectorId1'),'/'))))]",
      "dependsOn": [
        "[variables('_dataConnectorId1')]"
      ],
      "location": "[parameters('workspace-location')]",
      "properties": {
        "parentId": "[extensionResourceId(resourceId('Microsoft.OperationalInsights/workspaces', parameters('workspace')), 'Microsoft.SecurityInsights/dataConnectors', variables('_dataConnectorContentId1'))]",
        "contentId": "[variables('_dataConnectorContentId1')]",
        "kind": "DataConnector",
        "version": "[variables('dataConnectorVersion1')]",
        "source": {
          "kind": "Solution",
          "name": "Zimperium Mobile Threat Defense",
          "sourceId": "[variables('_solutionId')]"
        },
        "author": {
          "name": "Zimperium"
        },
        "support": {
          "name": "Zimperium",
          "tier": "Partner",
          "link": "https://www.zimperium.com/support/"
        }
      }
    },
    {
      "name": "[concat(parameters('workspace'),'/Microsoft.SecurityInsights/',variables('_dataConnectorContentId1'))]",
      "apiVersion": "2021-03-01-preview",
      "type": "Microsoft.OperationalInsights/workspaces/providers/dataConnectors",
      "location": "[parameters('workspace-location')]",
      "kind": "GenericUI",
      "properties": {
        "connectorUiConfig": {
          "title": "Zimperium Mobile Threat Defense",
          "publisher": "Zimperium",
          "descriptionMarkdown": "Zimperium Mobile Threat Defense connector gives you the ability to connect the Zimperium threat log with Microsoft Sentinel to view dashboards, create custom alerts, and improve investigation. This gives you more insight into your organization's mobile threat landscape and enhances your security operation capabilities.",
          "graphQueries": [
            {
              "metricName": "Total data received",
              "legend": "ZimperiumThreatLog_CL",
              "baseQuery": "ZimperiumThreatLog_CL"
            }
          ],
          "dataTypes": [
            {
              "name": "ZimperiumThreatLog_CL",
              "lastDataReceivedQuery": "ZimperiumThreatLog_CL\n            | summarize Time = max(TimeGenerated)\n            | where isnotempty(Time)"
            },
            {
              "name": "ZimperiumMitigationLog_CL",
              "lastDataReceivedQuery": "ZimperiumMitigationLog_CL\n            | summarize Time = max(TimeGenerated)\n            | where isnotempty(Time)"
            }
          ],
          "connectivityCriterias": [
            {
              "type": "IsConnectedQuery",
              "value": [
                "ZimperiumThreatLog_CL\n            | summarize LastLogReceived = max(TimeGenerated)\n            | project IsConnected = LastLogReceived > ago(30d)"
              ]
            }
          ],
          "sampleQueries": [
            {
              "description": "All threats with threat vector equal to Device",
              "query": "ZimperiumThreatLog_CL \n | where threat_vector_s  == \"Device\" \n | limit 100"
            },
            {
              "description": "All threats for devices running iOS",
              "query": "ZimperiumThreatLog_CL \n | where device_os_s == \"ios\" \n | order by event_timestamp_s  desc nulls last"
            },
            {
              "description": "View latest mitigations",
              "query": "ZimperiumMitigationLog_CL \n | order by event_timestamp_s  desc nulls last"
            }
          ],
          "availability": {
            "status": 1,
            "isPreview": false
          },
          "permissions": {
            "resourceProvider": [
              {
                "provider": "Microsoft.OperationalInsights/workspaces",
                "permissionsDisplayText": "read and write permissions are required.",
                "providerDisplayName": "Workspace",
                "scope": "Workspace",
                "requiredPermissions": {
                  "write": true,
                  "read": true,
                  "delete": true
                }
              },
              {
                "provider": "Microsoft.OperationalInsights/workspaces/sharedKeys",
                "permissionsDisplayText": "read permissions to shared keys for the workspace are required. [See the documentation to learn more about workspace keys](https://docs.microsoft.com/azure/azure-monitor/platform/agent-windows#obtain-workspace-id-and-key).",
                "providerDisplayName": "Keys",
                "scope": "Workspace",
                "requiredPermissions": {
                  "action": true
                }
              }
            ]
          },
          "instructionSteps": [
            {
              "description": "1. In zConsole, click **Manage** on the navigation bar.\n2. Click the **Integrations** tab.\n3. Click the **Threat Reporting** button and then the **Add Integrations** button.\n4. Create the Integration:\n  - From the available integrations, select Microsoft Sentinel.\n  - Enter your workspace id and primary key from the fields below, click **Next**.\n  - Fill in a name for your Microsoft Sentinel integration.\n  - Select a Filter Level for the threat data you wish to push to Microsoft Sentinel.\n  - Click **Finish**\n5. For additional instructions, please refer to the [Zimperium customer support portal](https://support.zimperium.com).",
              "instructions": [
                {
                  "parameters": {
                    "fillWith": [
                      "WorkspaceId"
                    ],
                    "label": "Workspace ID"
                  },
                  "type": "CopyableLabel"
                },
                {
                  "parameters": {
                    "fillWith": [
                      "PrimaryKey"
                    ],
                    "label": "Primary Key"
                  },
                  "type": "CopyableLabel"
                }
              ],
              "title": "Configure and connect Zimperium MTD"
            }
          ],
          "id": "[variables('_uiConfigId1')]"
        }
      }
    },
    {
      "type": "Microsoft.Resources/templateSpecs",
      "apiVersion": "2021-05-01",
      "name": "[variables('workbookTemplateSpecName1')]",
      "location": "[parameters('workspace-location')]",
      "tags": {
        "hidden-sentinelWorkspaceId": "[variables('workspaceResourceId')]",
        "hidden-sentinelContentType": "Workbook"
      },
      "properties": {
        "description": "Zimperium Mobile Threat Defense Workbook with template",
        "displayName": "Zimperium Mobile Threat Defense workbook template"
      }
    },
    {
      "type": "Microsoft.Resources/templateSpecs/versions",
      "apiVersion": "2021-05-01",
      "name": "[concat(variables('workbookTemplateSpecName1'),'/',variables('workbookVersion1'))]",
      "location": "[parameters('workspace-location')]",
      "tags": {
        "hidden-sentinelWorkspaceId": "[variables('workspaceResourceId')]",
        "hidden-sentinelContentType": "Workbook"
      },
      "dependsOn": [
        "[resourceId('Microsoft.Resources/templateSpecs', variables('workbookTemplateSpecName1'))]"
      ],
      "properties": {
        "description": "ZimperiumWorkbooksWorkbook Workbook with template version 2.0.1",
        "mainTemplate": {
          "$schema": "https://schema.management.azure.com/schemas/2019-04-01/deploymentTemplate.json#",
          "contentVersion": "[variables('workbookVersion1')]",
          "parameters": {},
          "variables": {},
          "resources": [
            {
              "type": "Microsoft.Insights/workbooks",
              "name": "[variables('workbookContentId1')]",
              "location": "[parameters('workspace-location')]",
              "kind": "shared",
              "apiVersion": "2021-08-01",
              "metadata": {
                "description": "This workbook provides insights on Zimperium Mobile Threat Defense (MTD) threats and mitigations."
              },
              "properties": {
                "displayName": "[parameters('workbook1-name')]",
                "serializedData": "{\"version\":\"Notebook/1.0\",\"items\":[{\"type\":1,\"content\":{\"json\":\"### Threats by Platform (last 30 days)\\n\"},\"name\":\"text - 2\"},{\"type\":3,\"content\":{\"version\":\"KqlItem/1.0\",\"query\":\"union withsource=ZimperiumThreatLog_CL *\\n| where TimeGenerated >= startofweek(ago(30d)) and device_os_s != \\\"\\\" and tolower(device_os_s) != \\\"\\\"\\n| summarize Count=count() by  tolower(device_os_s)\\n| render piechart\\n\",\"size\":0,\"timeContext\":{\"durationMs\":2592000000},\"queryType\":0,\"resourceType\":\"microsoft.operationalinsights/workspaces\",\"visualization\":\"piechart\",\"graphSettings\":{\"type\":0,\"topContent\":{\"columnMatch\":\"Column1\",\"formatter\":1},\"centerContent\":{\"columnMatch\":\"Count\",\"formatter\":1,\"numberFormat\":{\"unit\":17,\"options\":{\"maximumSignificantDigits\":3,\"maximumFractionDigits\":2}}}},\"chartSettings\":{\"seriesLabelSettings\":[{\"seriesName\":\"\",\"color\":\"blue\"},{\"seriesName\":\"ios\",\"label\":\"iOS\",\"color\":\"orange\"},{\"seriesName\":\"android\",\"label\":\"Android\",\"color\":\"blue\"},{\"color\":\"lightBlue\"}]}},\"name\":\"Threats by Platform\"},{\"type\":1,\"content\":{\"json\":\"### Threats by Attack Vector (last 30 days)\"},\"name\":\"text - 4\"},{\"type\":3,\"content\":{\"version\":\"KqlItem/1.0\",\"query\":\"union withsource=ZimperiumThreatLog_CL *\\n| project threat_vector_s , TimeGenerated\\n| where TimeGenerated >= startofweek(ago(30d)) and tolower(threat_vector_s) != \\\"\\\"\\n| summarize Count=count() by  tolower(threat_vector_s)\\n| render  piechart\",\"size\":0,\"queryType\":0,\"resourceType\":\"microsoft.operationalinsights/workspaces\",\"chartSettings\":{\"seriesLabelSettings\":[{\"seriesName\":\"device\",\"label\":\"Device\",\"color\":\"green\"},{\"seriesName\":\"network\",\"label\":\"Network\",\"color\":\"yellow\"},{\"seriesName\":\"malware\",\"label\":\"Apps\",\"color\":\"magenta\"}]}},\"name\":\"Threats by Attack Vector\"},{\"type\":1,\"content\":{\"json\":\"### Top 10 Threat Types (last 30 days)\"},\"name\":\"text - 5\"},{\"type\":3,\"content\":{\"version\":\"KqlItem/1.0\",\"query\":\"ZimperiumThreatLog_CL \\n| summarize threat_count = count() by threat_name_s \\n| sort by threat_count desc\\n| limit 10\\n\",\"size\":0,\"aggregation\":2,\"timeContext\":{\"durationMs\":2592000000},\"queryType\":0,\"resourceType\":\"microsoft.operationalinsights/workspaces\",\"visualization\":\"categoricalbar\",\"gridSettings\":{\"formatters\":[{\"columnMatch\":\"threat_count\",\"formatter\":0,\"formatOptions\":{\"showIcon\":true,\"aggregation\":\"Count\"}},{\"columnMatch\":\"threat_name_s\",\"formatter\":0,\"formatOptions\":{\"showIcon\":true}},{\"columnMatch\":\"-- Group By --\",\"formatter\":0,\"formatOptions\":{\"showIcon\":true}}]},\"graphSettings\":{\"type\":0,\"topContent\":{\"columnMatch\":\"threat_name_s\",\"formatter\":1},\"centerContent\":{\"columnMatch\":\"count_\",\"formatter\":1,\"numberFormat\":{\"unit\":17,\"options\":{\"maximumSignificantDigits\":3,\"maximumFractionDigits\":2}}}}},\"name\":\"Top 10 Threats \"}],\"styleSettings\":{\"progressStyle\":\"loader\",\"paddingStyle\":\"none\",\"spacingStyle\":\"none\"},\"fromTemplateId\":\"sentinel-Zimperium\",\"$schema\":\"https://github.com/Microsoft/Application-Insights-Workbooks/blob/master/schema/workbook.json\"}\r\n",
                "version": "1.0",
                "sourceId": "[variables('workspaceResourceId')]",
                "category": "sentinel"
              }
            },
            {
              "type": "Microsoft.OperationalInsights/workspaces/providers/metadata",
              "apiVersion": "2022-01-01-preview",
              "name": "[concat(parameters('workspace'),'/Microsoft.SecurityInsights/',concat('Workbook-', last(split(variables('workbookId1'),'/'))))]",
              "properties": {
                "description": "@{workbookKey=ZimperiumMTDWorkbook; logoFileName=ZIMPERIUM-logo_square2.svg; description=This workbook provides insights on Zimperium Mobile Threat Defense (MTD) threats and mitigations.; dataTypesDependencies=System.Object[]; dataConnectorsDependencies=System.Object[]; previewImagesFileNames=System.Object[]; version=1.0.0; title=Zimperium Mobile Threat Defense (MTD); templateRelativePath=ZimperiumWorkbooks.json; subtitle=; provider=Zimperium}.description",
                "parentId": "[variables('workbookId1')]",
                "contentId": "[variables('_workbookContentId1')]",
                "kind": "Workbook",
                "version": "[variables('workbookVersion1')]",
                "source": {
                  "kind": "Solution",
                  "name": "Zimperium Mobile Threat Defense",
                  "sourceId": "[variables('_solutionId')]"
                },
                "author": {
                  "name": "Zimperium"
                },
                "support": {
                  "name": "Zimperium",
                  "tier": "Partner",
                  "link": "https://www.zimperium.com/support/"
                },
                "dependencies": {
                  "operator": "AND",
                  "criteria": [
                    {
                      "contentId": "ZimperiumThreatLog_CL",
                      "kind": "DataType"
                    },
                    {
                      "contentId": "ZimperiumMitigationLog_CL",
                      "kind": "DataType"
                    },
                    {
                      "contentId": "ZimperiumMtdAlerts",
                      "kind": "DataConnector"
                    }
                  ]
                }
              }
            }
          ]
        }
      }
    },
    {
      "type": "Microsoft.OperationalInsights/workspaces/providers/metadata",
      "apiVersion": "2022-01-01-preview",
      "location": "[parameters('workspace-location')]",
      "properties": {
        "version": "2.0.1",
        "kind": "Solution",
        "contentSchemaVersion": "2.0.0",
        "contentId": "[variables('_solutionId')]",
        "parentId": "[variables('_solutionId')]",
        "source": {
          "kind": "Solution",
          "name": "Zimperium Mobile Threat Defense",
          "sourceId": "[variables('_solutionId')]"
        },
        "author": {
          "name": "Zimperium"
        },
        "support": {
          "name": "Zimperium",
          "tier": "Partner",
          "link": "https://www.zimperium.com/support/"
        },
        "dependencies": {
          "operator": "AND",
          "criteria": [
            {
              "kind": "DataConnector",
              "contentId": "[variables('_dataConnectorContentId1')]",
              "version": "[variables('dataConnectorVersion1')]"
            },
            {
              "kind": "Workbook",
              "contentId": "[variables('_workbookContentId1')]",
              "version": "[variables('workbookVersion1')]"
            }
          ]
        },
        "firstPublishDate": "2022-05-02",
        "providers": [
          "Zimperium"
        ],
        "categories": {
          "domains": [
            "Security - Threat Protection"
          ]
        }
      },
      "name": "[concat(parameters('workspace'),'/Microsoft.SecurityInsights/', variables('_solutionId'))]"
    }
  ],
  "outputs": {}
}
