{
  "$schema": "https://schema.management.azure.com/schemas/2019-04-01/deploymentTemplate.json#",
  "contentVersion": "1.0.0.0",
  "metadata": {
    "author": "Microsoft - support@microsoft.com",
    "comments": "Solution template for Broadcom SymantecDLP"
  },
  "parameters": {
    "location": {
      "type": "string",
      "minLength": 1,
      "defaultValue": "[resourceGroup().location]",
      "metadata": {
        "description": "Not used, but needed to pass arm-ttk test `Location-Should-Not-Be-Hardcoded`.  We instead use the `workspace-location` which is derived from the LA workspace"
      }
    },
    "workspace-location": {
      "type": "string",
      "defaultValue": "",
      "metadata": {
        "description": "[concat('Region to deploy solution resources -- separate from location selection',parameters('location'))]"
      }
    },
    "workspace": {
      "defaultValue": "",
      "type": "string",
      "metadata": {
        "description": "Workspace name for Log Analytics where Microsoft Sentinel is setup"
      }
    }
  },
  "variables": {
    "solutionId": "azuresentinel.azure-sentinel-solution-broadcomsymantecdlp",
    "_solutionId": "[variables('solutionId')]",
    "email": "support@microsoft.com",
    "_email": "[variables('email')]",
    "workspaceResourceId": "[resourceId('microsoft.OperationalInsights/Workspaces', parameters('workspace'))]",
    "uiConfigId1": "BroadcomSymantecDLP",
    "_uiConfigId1": "[variables('uiConfigId1')]",
    "dataConnectorContentId1": "BroadcomSymantecDLP",
    "_dataConnectorContentId1": "[variables('dataConnectorContentId1')]",
    "dataConnectorId1": "[extensionResourceId(resourceId('Microsoft.OperationalInsights/workspaces', parameters('workspace')), 'Microsoft.SecurityInsights/dataConnectors', variables('_dataConnectorContentId1'))]",
    "_dataConnectorId1": "[variables('dataConnectorId1')]",
    "dataConnectorTemplateSpecName1": "[concat(parameters('workspace'),'-dc-',uniquestring(variables('_dataConnectorContentId1')))]",
    "dataConnectorVersion1": "1.0.0",
    "parserVersion1": "1.0.0",
    "parserContentId1": "SymantecDLP-Parser",
    "_parserContentId1": "[variables('parserContentId1')]",
    "parserName1": "SymantecDLP",
    "_parserName1": "[concat(parameters('workspace'),'/',variables('parserName1'))]",
    "parserId1": "[resourceId('Microsoft.OperationalInsights/workspaces/savedSearches', parameters('workspace'), variables('parserName1'))]",
    "_parserId1": "[variables('parserId1')]",
    "parserTemplateSpecName1": "[concat(parameters('workspace'),'-pr-',uniquestring(variables('_parserContentId1')))]"
  },
  "resources": [
    {
      "type": "Microsoft.Resources/templateSpecs",
      "apiVersion": "2021-05-01",
      "name": "[variables('dataConnectorTemplateSpecName1')]",
      "location": "[parameters('workspace-location')]",
      "tags": {
        "hidden-sentinelWorkspaceId": "[variables('workspaceResourceId')]",
        "hidden-sentinelContentType": "DataConnector"
      },
      "properties": {
        "description": "Broadcom SymantecDLP data connector with template",
        "displayName": "Broadcom SymantecDLP template"
      }
    },
    {
      "type": "Microsoft.Resources/templateSpecs/versions",
      "apiVersion": "2021-05-01",
      "name": "[concat(variables('dataConnectorTemplateSpecName1'),'/',variables('dataConnectorVersion1'))]",
      "location": "[parameters('workspace-location')]",
      "tags": {
        "hidden-sentinelWorkspaceId": "[variables('workspaceResourceId')]",
        "hidden-sentinelContentType": "DataConnector"
      },
      "dependsOn": [
        "[resourceId('Microsoft.Resources/templateSpecs', variables('dataConnectorTemplateSpecName1'))]"
      ],
      "properties": {
        "description": "Broadcom SymantecDLP data connector with template version 2.0.1",
        "mainTemplate": {
          "$schema": "https://schema.management.azure.com/schemas/2019-04-01/deploymentTemplate.json#",
          "contentVersion": "[variables('dataConnectorVersion1')]",
          "parameters": {},
          "variables": {},
          "resources": [
            {
              "name": "[concat(parameters('workspace'),'/Microsoft.SecurityInsights/',variables('_dataConnectorContentId1'))]",
              "apiVersion": "2021-03-01-preview",
              "type": "Microsoft.OperationalInsights/workspaces/providers/dataConnectors",
              "location": "[parameters('workspace-location')]",
              "kind": "GenericUI",
              "properties": {
                "connectorUiConfig": {
                  "id": "[variables('_uiConfigId1')]",
                  "title": "Braodcom Symantec DLP",
                  "publisher": "Broadcom",
                  "descriptionMarkdown": "The [Broadcom Symantec Data Loss Prevention (DLP)](https://www.broadcom.com/products/cyber-security/information-protection/data-loss-prevention) connector allows you to easily connect your Symantec DLP with Azure Sentinel, to create custom dashboards, alerts, and improve investigation. This gives you more insight into your organization’s information, where it travels, and improves your security operation capabilities.",
                  "additionalRequirementBanner": "These queries are dependent on a parser based on a Kusto Function to work as expected. Follow the steps to use this Kusto functions alias **SymantecDLP** in queries and workbooks. [Follow these steps to get this Kusto functions.](https://aka.ms/sentinel-symantecdlp-parser)",
                  "graphQueries": [
                    {
                      "metricName": "Total data received",
                      "legend": "SymantecDLP",
                      "baseQuery": "CommonSecurityLog​ \n| where DeviceVendor == \"Symantec\" and DeviceProduct == \"DLP\""
                    }
                  ],
                  "sampleQueries": [
                    {
                      "description": "Top 10 Triggered Activities",
                      "query": "SymantecDLP \n | summarize count() by Activity \n| top 10 by count_"
                    },
                    {
                      "description": "Top 10 Filenames",
                      "query": "SymantecDLP \n | summarize count() by FileName \n| top 10 by count_"
                    }
                  ],
                  "connectivityCriterias": [
                    {
                      "type": "IsConnectedQuery",
                      "value": [
                        "CommonSecurityLog​ \n| where DeviceVendor == \"Symantec\" and DeviceProduct == \"DLP\"\n | summarize LastLogReceived = max(TimeGenerated)\n | project IsConnected = LastLogReceived > ago(3d)"
                      ]
                    }
                  ],
                  "dataTypes": [
                    {
                      "name": "CommonSecurityLog (SymantecDLP)",
                      "lastDataReceivedQuery": "CommonSecurityLog​ \n| where DeviceVendor == \"Symantec\" and DeviceProduct == \"DLP\"\n | summarize Time = max(TimeGenerated)\n | where isnotempty(Time)"
                    }
                  ],
                  "availability": {
                    "status": 1,
                    "isPreview": false
                  },
                  "permissions": {
                    "resourceProvider": [
                      {
                        "provider": "Microsoft.OperationalInsights/workspaces",
                        "permissionsDisplayText": "read and write permissions are required.",
                        "providerDisplayName": "Workspace",
                        "scope": "Workspace",
                        "requiredPermissions": {
                          "read": true,
                          "write": true,
                          "delete": true
                        }
                      },
                      {
                        "provider": "Microsoft.OperationalInsights/workspaces/sharedKeys",
                        "permissionsDisplayText": "read permissions to shared keys for the workspace are required. [See the documentation to learn more about workspace keys](https://docs.microsoft.com/azure/azure-monitor/platform/agent-windows#obtain-workspace-id-and-key).",
                        "providerDisplayName": "Keys",
                        "scope": "Workspace",
                        "requiredPermissions": {
                          "action": true
                        }
                      }
                    ]
                  },
                  "instructionSteps": [
                    {
                      "description": ">This data connector depends on a parser based on a Kusto Function to work as expected. [Follow the steps](https://aka.ms/sentinel-symantecdlp-parser) to use the Kusto function alias, **SymantecDLP**"
                    },
                    {
                      "description": "Install and configure the Linux agent to collect your Common Event Format (CEF) Syslog messages and forward them to Azure Sentinel.\n\n> Notice that the data from all regions will be stored in the selected workspace",
                      "innerSteps": [
                        {
                          "title": "1.1 Select or create a Linux machine",
                          "description": "Select or create a Linux machine that Azure Sentinel will use as the proxy between your security solution and Azure Sentinel this machine can be on your on-prem environment, Azure or other clouds."
                        },
                        {
                          "title": "1.2 Install the CEF collector on the Linux machine",
                          "description": "Install the Microsoft Monitoring Agent on your Linux machine and configure the machine to listen on the necessary port and forward messages to your Azure Sentinel workspace. The CEF collector collects CEF messages on port 514 TCP.\n\n> 1. Make sure that you have Python on your machine using the following command: python –version.\n\n> 2. You must have elevated permissions (sudo) on your machine.",
                          "instructions": [
                            {
                              "parameters": {
                                "fillWith": [
                                  "WorkspaceId",
                                  "PrimaryKey"
                                ],
                                "label": "Run the following command to install and apply the CEF collector:",
                                "value": "sudo wget -O cef_installer.py https://raw.githubusercontent.com/Azure/Azure-Sentinel/master/DataConnectors/CEF/cef_installer.py&&sudo python cef_installer.py {0} {1}"
                              },
                              "type": "CopyableLabel"
                            }
                          ]
                        }
                      ],
                      "title": "1. Linux Syslog agent configuration"
                    },
                    {
                      "description": "Configure Symantec DLP to forward Syslog messages in CEF format to your Azure Sentinel workspace via the Syslog agent.\n1. [Follow these instructions](https://help.symantec.com/cs/DLP15.7/DLP/v27591174_v133697641/Configuring-the-Log-to-a-Syslog-Server-action?locale=EN_US) to configure the Symantec DLP to forward syslog\n2. Use the IP address or hostname for the Linux device with the Linux agent installed as the Destination IP address.",
                      "title": "2. Forward Symantec DLP logs to a Syslog agent"
                    },
                    {
                      "description": "Follow the instructions to validate your connectivity:\n\nOpen Log Analytics to check if the logs are received using the CommonSecurityLog schema.\n\n>It may take about 20 minutes until the connection streams data to your workspace.\n\nIf the logs are not received, run the following connectivity validation script:\n\n> 1. Make sure that you have Python on your machine using the following command: python –version\n\n>2. You must have elevated permissions (sudo) on your machine",
                      "instructions": [
                        {
                          "parameters": {
                            "fillWith": [
                              "WorkspaceId"
                            ],
                            "label": "Run the following command to validate your connectivity:",
                            "value": "sudo wget -O cef_troubleshoot.py https://raw.githubusercontent.com/Azure/Azure-Sentinel/master/DataConnectors/CEF/cef_troubleshoot.py&&sudo python cef_troubleshoot.py  {0}"
                          },
                          "type": "CopyableLabel"
                        }
                      ],
                      "title": "3. Validate connection"
                    },
                    {
                      "description": "Make sure to configure the machine's security according to your organization's security policy\n\n\n[Learn more >](https://aka.ms/SecureCEF)",
                      "title": "4. Secure your machine "
                    }
                  ]
                }
              }
            },
            {
              "type": "Microsoft.OperationalInsights/workspaces/providers/metadata",
              "apiVersion": "2022-01-01-preview",
              "name": "[concat(parameters('workspace'),'/Microsoft.SecurityInsights/',concat('DataConnector-', last(split(variables('_dataConnectorId1'),'/'))))]",
              "properties": {
                "parentId": "[extensionResourceId(resourceId('Microsoft.OperationalInsights/workspaces', parameters('workspace')), 'Microsoft.SecurityInsights/dataConnectors', variables('_dataConnectorContentId1'))]",
                "contentId": "[variables('_dataConnectorContentId1')]",
                "kind": "DataConnector",
                "version": "[variables('dataConnectorVersion1')]",
                "source": {
                  "kind": "Solution",
                  "name": "Broadcom SymantecDLP",
                  "sourceId": "[variables('_solutionId')]"
                },
                "author": {
                  "name": "Microsoft",
                  "email": "[variables('_email')]"
                },
                "support": {
                  "name": "Microsoft Corporation",
                  "email": "support@microsoft.com",
                  "tier": "Microsoft",
                  "link": "https://support.microsoft.com"
                }
              }
            }
          ]
        }
      }
    },
    {
      "type": "Microsoft.OperationalInsights/workspaces/providers/metadata",
      "apiVersion": "2022-01-01-preview",
      "name": "[concat(parameters('workspace'),'/Microsoft.SecurityInsights/',concat('DataConnector-', last(split(variables('_dataConnectorId1'),'/'))))]",
      "dependsOn": [
        "[variables('_dataConnectorId1')]"
      ],
      "location": "[parameters('workspace-location')]",
      "properties": {
        "parentId": "[extensionResourceId(resourceId('Microsoft.OperationalInsights/workspaces', parameters('workspace')), 'Microsoft.SecurityInsights/dataConnectors', variables('_dataConnectorContentId1'))]",
        "contentId": "[variables('_dataConnectorContentId1')]",
        "kind": "DataConnector",
        "version": "[variables('dataConnectorVersion1')]",
        "source": {
          "kind": "Solution",
          "name": "Broadcom SymantecDLP",
          "sourceId": "[variables('_solutionId')]"
        },
        "author": {
          "name": "Microsoft",
          "email": "[variables('_email')]"
        },
        "support": {
          "name": "Microsoft Corporation",
          "email": "support@microsoft.com",
          "tier": "Microsoft",
          "link": "https://support.microsoft.com"
        }
      }
    },
    {
      "name": "[concat(parameters('workspace'),'/Microsoft.SecurityInsights/',variables('_dataConnectorContentId1'))]",
      "apiVersion": "2021-03-01-preview",
      "type": "Microsoft.OperationalInsights/workspaces/providers/dataConnectors",
      "location": "[parameters('workspace-location')]",
      "kind": "GenericUI",
      "properties": {
        "connectorUiConfig": {
          "title": "Braodcom Symantec DLP",
          "publisher": "Broadcom",
          "descriptionMarkdown": "The [Broadcom Symantec Data Loss Prevention (DLP)](https://www.broadcom.com/products/cyber-security/information-protection/data-loss-prevention) connector allows you to easily connect your Symantec DLP with Azure Sentinel, to create custom dashboards, alerts, and improve investigation. This gives you more insight into your organization’s information, where it travels, and improves your security operation capabilities.",
          "graphQueries": [
            {
              "metricName": "Total data received",
              "legend": "SymantecDLP",
              "baseQuery": "CommonSecurityLog​ \n| where DeviceVendor == \"Symantec\" and DeviceProduct == \"DLP\""
            }
          ],
          "dataTypes": [
            {
              "name": "CommonSecurityLog (SymantecDLP)",
              "lastDataReceivedQuery": "CommonSecurityLog​ \n| where DeviceVendor == \"Symantec\" and DeviceProduct == \"DLP\"\n | summarize Time = max(TimeGenerated)\n | where isnotempty(Time)"
            }
          ],
          "connectivityCriterias": [
            {
              "type": "IsConnectedQuery",
              "value": [
                "CommonSecurityLog​ \n| where DeviceVendor == \"Symantec\" and DeviceProduct == \"DLP\"\n | summarize LastLogReceived = max(TimeGenerated)\n | project IsConnected = LastLogReceived > ago(3d)"
              ]
            }
          ],
          "sampleQueries": [
            {
              "description": "Top 10 Triggered Activities",
              "query": "SymantecDLP \n | summarize count() by Activity \n| top 10 by count_"
            },
            {
              "description": "Top 10 Filenames",
              "query": "SymantecDLP \n | summarize count() by FileName \n| top 10 by count_"
            }
          ],
          "availability": {
            "status": 1,
            "isPreview": false
          },
          "permissions": {
            "resourceProvider": [
              {
                "provider": "Microsoft.OperationalInsights/workspaces",
                "permissionsDisplayText": "read and write permissions are required.",
                "providerDisplayName": "Workspace",
                "scope": "Workspace",
                "requiredPermissions": {
                  "read": true,
                  "write": true,
                  "delete": true
                }
              },
              {
                "provider": "Microsoft.OperationalInsights/workspaces/sharedKeys",
                "permissionsDisplayText": "read permissions to shared keys for the workspace are required. [See the documentation to learn more about workspace keys](https://docs.microsoft.com/azure/azure-monitor/platform/agent-windows#obtain-workspace-id-and-key).",
                "providerDisplayName": "Keys",
                "scope": "Workspace",
                "requiredPermissions": {
                  "action": true
                }
              }
            ]
          },
          "instructionSteps": [
            {
              "description": ">This data connector depends on a parser based on a Kusto Function to work as expected. [Follow the steps](https://aka.ms/sentinel-symantecdlp-parser) to use the Kusto function alias, **SymantecDLP**"
            },
            {
              "description": "Install and configure the Linux agent to collect your Common Event Format (CEF) Syslog messages and forward them to Azure Sentinel.\n\n> Notice that the data from all regions will be stored in the selected workspace",
              "innerSteps": [
                {
                  "title": "1.1 Select or create a Linux machine",
                  "description": "Select or create a Linux machine that Azure Sentinel will use as the proxy between your security solution and Azure Sentinel this machine can be on your on-prem environment, Azure or other clouds."
                },
                {
                  "title": "1.2 Install the CEF collector on the Linux machine",
                  "description": "Install the Microsoft Monitoring Agent on your Linux machine and configure the machine to listen on the necessary port and forward messages to your Azure Sentinel workspace. The CEF collector collects CEF messages on port 514 TCP.\n\n> 1. Make sure that you have Python on your machine using the following command: python –version.\n\n> 2. You must have elevated permissions (sudo) on your machine.",
                  "instructions": [
                    {
                      "parameters": {
                        "fillWith": [
                          "WorkspaceId",
                          "PrimaryKey"
                        ],
                        "label": "Run the following command to install and apply the CEF collector:",
                        "value": "sudo wget -O cef_installer.py https://raw.githubusercontent.com/Azure/Azure-Sentinel/master/DataConnectors/CEF/cef_installer.py&&sudo python cef_installer.py {0} {1}"
                      },
                      "type": "CopyableLabel"
                    }
                  ]
                }
              ],
              "title": "1. Linux Syslog agent configuration"
            },
            {
              "description": "Configure Symantec DLP to forward Syslog messages in CEF format to your Azure Sentinel workspace via the Syslog agent.\n1. [Follow these instructions](https://help.symantec.com/cs/DLP15.7/DLP/v27591174_v133697641/Configuring-the-Log-to-a-Syslog-Server-action?locale=EN_US) to configure the Symantec DLP to forward syslog\n2. Use the IP address or hostname for the Linux device with the Linux agent installed as the Destination IP address.",
              "title": "2. Forward Symantec DLP logs to a Syslog agent"
            },
            {
              "description": "Follow the instructions to validate your connectivity:\n\nOpen Log Analytics to check if the logs are received using the CommonSecurityLog schema.\n\n>It may take about 20 minutes until the connection streams data to your workspace.\n\nIf the logs are not received, run the following connectivity validation script:\n\n> 1. Make sure that you have Python on your machine using the following command: python –version\n\n>2. You must have elevated permissions (sudo) on your machine",
              "instructions": [
                {
                  "parameters": {
                    "fillWith": [
                      "WorkspaceId"
                    ],
                    "label": "Run the following command to validate your connectivity:",
                    "value": "sudo wget -O cef_troubleshoot.py https://raw.githubusercontent.com/Azure/Azure-Sentinel/master/DataConnectors/CEF/cef_troubleshoot.py&&sudo python cef_troubleshoot.py  {0}"
                  },
                  "type": "CopyableLabel"
                }
              ],
              "title": "3. Validate connection"
            },
            {
              "description": "Make sure to configure the machine's security according to your organization's security policy\n\n\n[Learn more >](https://aka.ms/SecureCEF)",
              "title": "4. Secure your machine "
            }
          ],
          "id": "[variables('_uiConfigId1')]",
          "additionalRequirementBanner": "These queries are dependent on a parser based on a Kusto Function to work as expected. Follow the steps to use this Kusto functions alias **SymantecDLP** in queries and workbooks. [Follow these steps to get this Kusto functions.](https://aka.ms/sentinel-symantecdlp-parser)"
        }
      }
    },
    {
      "type": "Microsoft.Resources/templateSpecs",
      "apiVersion": "2021-05-01",
      "name": "[variables('parserTemplateSpecName1')]",
      "location": "[parameters('workspace-location')]",
      "tags": {
        "hidden-sentinelWorkspaceId": "[variables('workspaceResourceId')]",
        "hidden-sentinelContentType": "Parser"
      },
      "properties": {
        "description": "SymantecDLP Data Parser with template",
        "displayName": "SymantecDLP Data Parser template"
      }
    },
    {
      "type": "Microsoft.Resources/templateSpecs/versions",
      "apiVersion": "2021-05-01",
      "name": "[concat(variables('parserTemplateSpecName1'),'/',variables('parserVersion1'))]",
      "location": "[parameters('workspace-location')]",
      "tags": {
        "hidden-sentinelWorkspaceId": "[variables('workspaceResourceId')]",
        "hidden-sentinelContentType": "Parser"
      },
      "dependsOn": [
        "[resourceId('Microsoft.Resources/templateSpecs', variables('parserTemplateSpecName1'))]"
      ],
      "properties": {
        "description": "SymantecDLP Data Parser with template version 2.0.1",
        "mainTemplate": {
          "$schema": "https://schema.management.azure.com/schemas/2019-04-01/deploymentTemplate.json#",
          "contentVersion": "[variables('parserVersion1')]",
          "parameters": {},
          "variables": {},
          "resources": [
            {
              "name": "[variables('_parserName1')]",
              "apiVersion": "2020-08-01",
              "type": "Microsoft.OperationalInsights/workspaces/savedSearches",
              "location": "[parameters('workspace-location')]",
              "properties": {
                "eTag": "*",
                "displayName": "SymantecDLP",
                "category": "Samples",
                "functionAlias": "SymantecDLP",
                "query": "\nCommonSecurityLog\r\n| where DeviceVendor == \"Symantec\" and DeviceProduct == \"DLP\"\r\n| extend Blocked = extract(@\"BLOCKED=([^;]+)\\;\",1,AdditionalExtensions),\r\n         ApplicationName = extract(@\"APPLICATION_NAME=([^;]+)\\;\",1,AdditionalExtensions),\r\n         IncidentId = toint(extract(@\"INCIDENT_ID=([^;]+)\\;\",1,AdditionalExtensions)),\r\n         IncidentSnapshot = extract(@\"INCIDENT_SNAPSHOT=([^;]+)\\;\",1,AdditionalExtensions),\r\n         AttachedFileName = extract(@\"ATTACHMENT_FILENAME=([^;]+)\\;\",1,AdditionalExtensions),\r\n         FileName = extract(@\"FILE_NAME=([^;]+)\\;\",1,AdditionalExtensions),\r\n         MatchCount = toint(extract(@\"MATCH_COUNT=([^;])\\;\",1,AdditionalExtensions)),\r\n         Protocol = extract(@\"PROTOCOL=([^;])\\;\",1,AdditionalExtensions),\r\n         Recipients = extract(@\"RECIPIENTS_NAME=([^;]+)\\;\",1,AdditionalExtensions),\r\n         Sender = extract(@\"SENDER=([^;]+)\\;\",1,AdditionalExtensions),\r\n         Subject = extract(@\"SUBJECT=([^;]+)\\;\",1,AdditionalExtensions),\r\n         Severity = extract(@\"SEVERITY=([^;]+)\\;\",1,AdditionalExtensions),\r\n         EndpointMachine = extract(@\"ENDPOINT_MACHINE=([^;]+)\\;\",1,AdditionalExtensions),\r\n         EndpointDvcId = extract(@\"ENDPOINT_DEVICE_ID=([^;]+)\\;\",1,AdditionalExtensions),\r\n         MachineIpAddr = extract(@\"MACHINE_IP=([^;]+)\\;\",1,AdditionalExtensions),\r\n         OccuredOn = extract(@\"OCCURRED_ON=([^;]+)\\;\",1,AdditionalExtensions),\r\n         ReportedOn = extract(@\"REPORTED_ON=([^;]+)\\;\",1,AdditionalExtensions),\r\n         Url = extract(@\"URL=([^;]+)\\;\",1,AdditionalExtensions),\r\n         DstIpAddr = extract(@\"DESTINATION_IP=([^;]+)\\;\",1,AdditionalExtensions),\r\n         Scan = extract(@\"SCAN=([^;]+)\\;\",1,AdditionalExtensions),\r\n         QuarantinePath = extract(@\"QUARANTINE_PATH=([^;]+)\\;|$\",1,AdditionalExtensions)   \r\n",
                "version": 1,
                "tags": [
                  {
                    "name": "description",
                    "value": "SymantecDLP"
                  }
                ]
              }
            },
            {
              "type": "Microsoft.OperationalInsights/workspaces/providers/metadata",
              "apiVersion": "2022-01-01-preview",
              "name": "[concat(parameters('workspace'),'/Microsoft.SecurityInsights/',concat('Parser-', last(split(variables('_parserId1'),'/'))))]",
              "dependsOn": [
                "[variables('_parserName1')]"
              ],
              "properties": {
                "parentId": "[resourceId('Microsoft.OperationalInsights/workspaces/savedSearches', parameters('workspace'), variables('parserName1'))]",
                "contentId": "[variables('_parserContentId1')]",
                "kind": "Parser",
                "version": "[variables('parserVersion1')]",
                "source": {
                  "name": "Broadcom SymantecDLP",
                  "kind": "Solution",
                  "sourceId": "[variables('_solutionId')]"
                },
                "author": {
                  "name": "Microsoft",
                  "email": "[variables('_email')]"
                },
                "support": {
                  "name": "Microsoft Corporation",
                  "email": "support@microsoft.com",
                  "tier": "Microsoft",
                  "link": "https://support.microsoft.com"
                }
              }
            }
          ]
        }
      }
    },
    {
      "type": "Microsoft.OperationalInsights/workspaces/savedSearches",
      "apiVersion": "2021-06-01",
      "name": "[variables('_parserName1')]",
      "location": "[parameters('workspace-location')]",
      "properties": {
        "eTag": "*",
        "displayName": "SymantecDLP",
        "category": "Samples",
        "functionAlias": "SymantecDLP",
        "query": "\nCommonSecurityLog\r\n| where DeviceVendor == \"Symantec\" and DeviceProduct == \"DLP\"\r\n| extend Blocked = extract(@\"BLOCKED=([^;]+)\\;\",1,AdditionalExtensions),\r\n         ApplicationName = extract(@\"APPLICATION_NAME=([^;]+)\\;\",1,AdditionalExtensions),\r\n         IncidentId = toint(extract(@\"INCIDENT_ID=([^;]+)\\;\",1,AdditionalExtensions)),\r\n         IncidentSnapshot = extract(@\"INCIDENT_SNAPSHOT=([^;]+)\\;\",1,AdditionalExtensions),\r\n         AttachedFileName = extract(@\"ATTACHMENT_FILENAME=([^;]+)\\;\",1,AdditionalExtensions),\r\n         FileName = extract(@\"FILE_NAME=([^;]+)\\;\",1,AdditionalExtensions),\r\n         MatchCount = toint(extract(@\"MATCH_COUNT=([^;])\\;\",1,AdditionalExtensions)),\r\n         Protocol = extract(@\"PROTOCOL=([^;])\\;\",1,AdditionalExtensions),\r\n         Recipients = extract(@\"RECIPIENTS_NAME=([^;]+)\\;\",1,AdditionalExtensions),\r\n         Sender = extract(@\"SENDER=([^;]+)\\;\",1,AdditionalExtensions),\r\n         Subject = extract(@\"SUBJECT=([^;]+)\\;\",1,AdditionalExtensions),\r\n         Severity = extract(@\"SEVERITY=([^;]+)\\;\",1,AdditionalExtensions),\r\n         EndpointMachine = extract(@\"ENDPOINT_MACHINE=([^;]+)\\;\",1,AdditionalExtensions),\r\n         EndpointDvcId = extract(@\"ENDPOINT_DEVICE_ID=([^;]+)\\;\",1,AdditionalExtensions),\r\n         MachineIpAddr = extract(@\"MACHINE_IP=([^;]+)\\;\",1,AdditionalExtensions),\r\n         OccuredOn = extract(@\"OCCURRED_ON=([^;]+)\\;\",1,AdditionalExtensions),\r\n         ReportedOn = extract(@\"REPORTED_ON=([^;]+)\\;\",1,AdditionalExtensions),\r\n         Url = extract(@\"URL=([^;]+)\\;\",1,AdditionalExtensions),\r\n         DstIpAddr = extract(@\"DESTINATION_IP=([^;]+)\\;\",1,AdditionalExtensions),\r\n         Scan = extract(@\"SCAN=([^;]+)\\;\",1,AdditionalExtensions),\r\n         QuarantinePath = extract(@\"QUARANTINE_PATH=([^;]+)\\;|$\",1,AdditionalExtensions)   \r\n",
        "version": 1
      }
    },
    {
      "type": "Microsoft.OperationalInsights/workspaces/providers/metadata",
      "apiVersion": "2022-01-01-preview",
      "location": "[parameters('workspace-location')]",
      "name": "[concat(parameters('workspace'),'/Microsoft.SecurityInsights/',concat('Parser-', last(split(variables('_parserId1'),'/'))))]",
      "dependsOn": [
        "[variables('_parserId1')]"
      ],
      "properties": {
        "parentId": "[resourceId('Microsoft.OperationalInsights/workspaces/savedSearches', parameters('workspace'), variables('parserName1'))]",
        "contentId": "[variables('_parserContentId1')]",
        "kind": "Parser",
        "version": "[variables('parserVersion1')]",
        "source": {
          "kind": "Solution",
          "name": "Broadcom SymantecDLP",
          "sourceId": "[variables('_solutionId')]"
        },
        "author": {
          "name": "Microsoft",
          "email": "[variables('_email')]"
        },
        "support": {
          "name": "Microsoft Corporation",
          "email": "support@microsoft.com",
          "tier": "Microsoft",
          "link": "https://support.microsoft.com"
        }
      }
    },
    {
      "type": "Microsoft.OperationalInsights/workspaces/providers/metadata",
      "apiVersion": "2022-01-01-preview",
      "location": "[parameters('workspace-location')]",
      "properties": {
        "version": "2.0.1",
        "kind": "Solution",
        "contentSchemaVersion": "2.0.0",
        "contentId": "[variables('_solutionId')]",
        "parentId": "[variables('_solutionId')]",
        "source": {
          "kind": "Solution",
          "name": "Broadcom SymantecDLP",
          "sourceId": "[variables('_solutionId')]"
        },
        "author": {
          "name": "Microsoft",
          "email": "[variables('_email')]"
        },
        "support": {
          "name": "Microsoft Corporation",
          "email": "support@microsoft.com",
          "tier": "Microsoft",
          "link": "https://support.microsoft.com"
        },
        "dependencies": {
          "operator": "AND",
          "criteria": [
            {
              "kind": "DataConnector",
              "contentId": "[variables('_dataConnectorContentId1')]",
              "version": "[variables('dataConnectorVersion1')]"
            },
            {
              "kind": "Parser",
              "contentId": "[variables('_parserContentId1')]",
              "version": "[variables('parserVersion1')]"
            }
          ]
        },
        "firstPublishDate": "2022-05-02",
        "providers": [
          "Broadcom"
        ],
        "categories": {
          "domains": [
            "Security – Information Protection"
          ]
        }
      },
      "name": "[concat(parameters('workspace'),'/Microsoft.SecurityInsights/', variables('_solutionId'))]"
    }
  ],
  "outputs": {}
}
