{
  "$schema": "https://schema.management.azure.com/schemas/2019-04-01/deploymentTemplate.json#",
  "contentVersion": "1.0.0.0",
  "metadata": {
    "author": "SecurityBridge - support@securitybridge.com",
    "comments": "Solution template for SecurityBridge App"
  },
  "parameters": {
    "location": {
      "type": "string",
      "minLength": 1,
      "defaultValue": "[resourceGroup().location]",
      "metadata": {
        "description": "Not used, but needed to pass arm-ttk test `Location-Should-Not-Be-Hardcoded`.  We instead use the `workspace-location` which is derived from the LA workspace"
      }
    },
    "workspace-location": {
      "type": "string",
      "defaultValue": "",
      "metadata": {
        "description": "[concat('Region to deploy solution resources -- separate from location selection',parameters('location'))]"
      }
    },
    "workspace": {
      "defaultValue": "",
      "type": "string",
      "metadata": {
        "description": "Workspace name for Log Analytics where Microsoft Sentinel is setup"
      }
    },
    "workbook1-name": {
      "type": "string",
      "defaultValue": "SecurityBridge App",
      "minLength": 1,
      "metadata": {
        "description": "Name for the workbook"
      }
    }
  },
  "variables": {
    "email": "support@securitybridge.com",
    "_email": "[variables('email')]",
    "_solutionName": "SecurityBridge App",
    "_solutionVersion": "3.1.0",
    "solutionId": "securitybridge1647511278080.securitybridge-sentinel-app-1",
    "_solutionId": "[variables('solutionId')]",
    "workbookVersion1": "1.0.0",
    "workbookContentId1": "SecurityBridgeWorkbook",
    "workbookId1": "[resourceId('Microsoft.Insights/workbooks', variables('workbookContentId1'))]",
    "workbookTemplateSpecName1": "[concat(parameters('workspace'),'/Microsoft.SecurityInsights/',concat(parameters('workspace'),'-wb-',uniquestring(variables('_workbookContentId1'))))]",
    "_workbookContentId1": "[variables('workbookContentId1')]",
    "workspaceResourceId": "[resourceId('microsoft.OperationalInsights/Workspaces', parameters('workspace'))]",
    "_workbookcontentProductId1": "[concat(take(variables('_solutionId'),50),'-','wb','-', uniqueString(concat(variables('_solutionId'),'-','Workbook','-',variables('_workbookContentId1'),'-', variables('workbookVersion1'))))]",
    "analyticRuleObject1": {
      "analyticRuleVersion1": "1.0.4",
      "_analyticRulecontentId1": "8c5c766a-ce9b-4112-b6ed-1b8fe33733b7",
      "analyticRuleId1": "[resourceId('Microsoft.SecurityInsights/AlertRuleTemplates', '8c5c766a-ce9b-4112-b6ed-1b8fe33733b7')]",
      "analyticRuleTemplateSpecName1": "[concat(parameters('workspace'),'/Microsoft.SecurityInsights/',concat(parameters('workspace'),'-ar-',uniquestring('8c5c766a-ce9b-4112-b6ed-1b8fe33733b7')))]",
      "_analyticRulecontentProductId1": "[concat(take(variables('_solutionId'),50),'-','ar','-', uniqueString(concat(variables('_solutionId'),'-','AnalyticsRule','-','8c5c766a-ce9b-4112-b6ed-1b8fe33733b7','-', '1.0.4')))]"
    },
    "parserObject1": {
      "_parserName1": "[concat(parameters('workspace'),'/','SecurityBridgeLogs')]",
      "_parserId1": "[resourceId('Microsoft.OperationalInsights/workspaces/savedSearches', parameters('workspace'), 'SecurityBridgeLogs')]",
      "parserTemplateSpecName1": "[concat(parameters('workspace'),'/Microsoft.SecurityInsights/',concat(parameters('workspace'),'-pr-',uniquestring('SecurityBridgeLogs-Parser')))]",
      "parserVersion1": "1.0.0",
      "parserContentId1": "SecurityBridgeLogs-Parser"
    },
    "_solutioncontentProductId": "[concat(take(variables('_solutionId'),50),'-','sl','-', uniqueString(concat(variables('_solutionId'),'-','Solution','-',variables('_solutionId'),'-', variables('_solutionVersion'))))]"
  },
  "resources": [
    {
      "type": "Microsoft.OperationalInsights/workspaces/providers/contentTemplates",
      "apiVersion": "2023-04-01-preview",
      "name": "[variables('workbookTemplateSpecName1')]",
      "location": "[parameters('workspace-location')]",
      "dependsOn": [
        "[extensionResourceId(resourceId('Microsoft.OperationalInsights/workspaces', parameters('workspace')), 'Microsoft.SecurityInsights/contentPackages', variables('_solutionId'))]"
      ],
      "properties": {
        "description": "SecurityBridgeThreatDetectionforSAP Workbook with template version 3.1.0",
        "mainTemplate": {
          "$schema": "https://schema.management.azure.com/schemas/2019-04-01/deploymentTemplate.json#",
          "contentVersion": "[variables('workbookVersion1')]",
          "parameters": {},
          "variables": {},
          "resources": [
            {
              "type": "Microsoft.Insights/workbooks",
              "name": "[variables('workbookContentId1')]",
              "location": "[parameters('workspace-location')]",
              "kind": "shared",
              "apiVersion": "2021-08-01",
              "metadata": {
                "description": "Sets the time name for analysis"
              },
              "properties": {
                "displayName": "[parameters('workbook1-name')]",
                "serializedData": "{\"version\":\"Notebook/1.0\",\"items\":[{\"type\":1,\"content\":{\"json\":\"## Gain insights into SecurityBridge logs.\\n---\\n\\nSecurityBridge is the first and only holistic, natively integrated security platform, addressing all aspects needed to protect organizations running SAP from internal and external threats against their core business applications. The SecurityBridge platform is an SAP-certified add-on, used by organizations around the globe, and addresses the clients’ need for advanced cybersecurity, real-time monitoring, compliance, code security, and patching to protect against internal and external threats.This Microsoft Sentinel Solution allows you to integrate SecurityBridge Threat Detection events from all your on-premise and cloud based SAP instances into your security monitoring.Use this Microsoft Sentinel Solution to receive normalized and speaking security events, pre-built dashboards and out-of-the-box templates for your SAP security monitoring.\\nThis data connector depends on a parser based on a Kusto Function to work as expected. [Follow these steps](https://aka.ms/sentinel-SecurityBridgeLogs-parser) to create the Kusto Functions alias, SecurityBridgeLogs\"},\"name\":\"text - 2\"},{\"type\":9,\"content\":{\"version\":\"KqlParameterItem/1.0\",\"parameters\":[{\"id\":\"961f51be-788f-4f9a-b2a0-0a596216d59f\",\"version\":\"KqlParameterItem/1.0\",\"name\":\"TimeRange\",\"type\":4,\"isRequired\":true,\"value\":{\"durationMs\":5184000000},\"typeSettings\":{\"selectableValues\":[{\"durationMs\":300000},{\"durationMs\":900000},{\"durationMs\":1800000},{\"durationMs\":3600000},{\"durationMs\":14400000},{\"durationMs\":43200000},{\"durationMs\":86400000},{\"durationMs\":172800000},{\"durationMs\":259200000},{\"durationMs\":604800000},{\"durationMs\":1209600000},{\"durationMs\":2419200000},{\"durationMs\":2592000000},{\"durationMs\":5184000000},{\"durationMs\":7776000000}],\"allowCustom\":true},\"timeContext\":{\"durationMs\":86400000}},{\"id\":\"e49c1a95-361b-4a51-8207-1dda7041d855\",\"version\":\"KqlParameterItem/1.0\",\"name\":\"Help\",\"label\":\"Show Help\",\"type\":10,\"isRequired\":true,\"typeSettings\":{\"showDefault\":false},\"jsonData\":\"[{ \\\"value\\\": \\\"Yes\\\", \\\"label\\\": \\\"Yes\\\"},\\r\\n {\\\"value\\\": \\\"No\\\", \\\"label\\\": \\\"No\\\", \\\"selected\\\":true }]\",\"value\":\"Yes\"},{\"id\":\"51cb8cb1-3d50-47f4-9485-2519a992c735\",\"version\":\"KqlParameterItem/1.0\",\"name\":\"urlprefix\",\"label\":\"URL Prefix\",\"type\":1,\"description\":\"Add the url prefix of the system to view the links for events\",\"isRequired\":true,\"value\":\"\\\"http://abex3.abap-experts.com:8003/sap/bc/ui5_ui5/abex/sefwmd/#/events/details/\\\"\"}],\"style\":\"above\",\"queryType\":0,\"resourceType\":\"microsoft.operationalinsights/workspaces\"},\"name\":\"parameters - 2\"},{\"type\":11,\"content\":{\"version\":\"LinkItem/1.0\",\"style\":\"tabs\",\"links\":[{\"id\":\"38cf22e5-8dc6-477e-8e6c-c8107de22596\",\"cellValue\":\"Tab\",\"linkTarget\":\"parameter\",\"linkLabel\":\"Events Monitor\",\"subTarget\":\"monitor\",\"style\":\"link\"},{\"id\":\"2e2baa8d-3b34-4818-a3c7-df5c179f6385\",\"cellValue\":\"Tab\",\"linkTarget\":\"parameter\",\"linkLabel\":\"Events Analyze\",\"subTarget\":\"analyze\",\"style\":\"link\"}]},\"name\":\"links - 22\"},{\"type\":12,\"content\":{\"version\":\"NotebookGroup/1.0\",\"groupType\":\"editable\",\"items\":[{\"type\":3,\"content\":{\"version\":\"KqlItem/1.0\",\"query\":\"SecurityBridgeLogs\\r\\n| extend Severity = tostring(Severity)\\r\\n| summarize Count = count() by Severity\\r\\n| extend SeverityNumber = case(Severity == \\\"Low\\\", 3, Severity == \\\"Medium\\\", 7, Severity == \\\"High\\\", 9, Severity == \\\"Critical\\\", 10, 0)\\r\\n| sort by SeverityNumber\",\"size\":4,\"title\":\"Events by Severity\",\"timeContextFromParameter\":\"TimeRange\",\"queryType\":0,\"resourceType\":\"microsoft.operationalinsights/workspaces\",\"visualization\":\"tiles\",\"tileSettings\":{\"titleContent\":{\"columnMatch\":\"Severity\",\"formatter\":18,\"formatOptions\":{\"thresholdsOptions\":\"icons\",\"thresholdsGrid\":[{\"operator\":\"==\",\"thresholdValue\":\"Low\",\"representation\":\"Sev3\",\"text\":\"{0}{1}\"},{\"operator\":\"==\",\"thresholdValue\":\"Medium\",\"representation\":\"Sev2\",\"text\":\"{0}{1}\"},{\"operator\":\"==\",\"thresholdValue\":\"High\",\"representation\":\"Sev1\",\"text\":\"{0}{1}\"},{\"operator\":\"==\",\"thresholdValue\":\"Critical\",\"representation\":\"Sev0\",\"text\":\"{0}{1}\"},{\"operator\":\"Default\",\"representation\":\"Sev4\",\"text\":\"{0}{1}\"}]}},\"leftContent\":{\"columnMatch\":\"Count\",\"formatter\":1},\"showBorder\":false},\"graphSettings\":{\"type\":0,\"topContent\":{\"columnMatch\":\"Severity\",\"formatter\":1},\"centerContent\":{\"columnMatch\":\"count_\",\"formatter\":1,\"numberFormat\":{\"unit\":17,\"options\":{\"maximumSignificantDigits\":3,\"maximumFractionDigits\":2}}}}},\"name\":\"query - 3\"},{\"type\":1,\"content\":{\"json\":\"Select the filters below to display relevant events\",\"style\":\"info\"},\"conditionalVisibility\":{\"parameterName\":\"Help\",\"comparison\":\"isEqualTo\",\"value\":\"Yes\"},\"name\":\"text - 3\"},{\"type\":9,\"content\":{\"version\":\"KqlParameterItem/1.0\",\"parameters\":[{\"id\":\"63aff516-725f-4c6c-bb0a-b2bb484176d1\",\"version\":\"KqlParameterItem/1.0\",\"name\":\"Severity\",\"type\":2,\"multiSelect\":true,\"quote\":\"'\",\"delimiter\":\",\",\"query\":\"SecurityBridgeLogs\\r\\n| extend Severity = tostring(Severity)\\r\\n| distinct Severity\",\"typeSettings\":{\"additionalResourceOptions\":[\"value::all\"],\"showDefault\":false},\"timeContext\":{\"durationMs\":7776000000},\"timeContextFromParameter\":\"TimeRange\",\"defaultValue\":\"value::all\",\"queryType\":0,\"resourceType\":\"microsoft.operationalinsights/workspaces\"},{\"id\":\"afb7a9f8-5e29-411e-8d9e-99f4bc855b0b\",\"version\":\"KqlParameterItem/1.0\",\"name\":\"User\",\"type\":2,\"isRequired\":true,\"multiSelect\":true,\"quote\":\"'\",\"delimiter\":\",\",\"query\":\"SecurityBridgeLogs\\r\\n| where Severity in ({Severity})\\r\\n| distinct duser\",\"typeSettings\":{\"additionalResourceOptions\":[\"value::all\"],\"showDefault\":false},\"timeContext\":{\"durationMs\":7776000000},\"timeContextFromParameter\":\"TimeRange\",\"defaultValue\":\"value::all\",\"queryType\":0,\"resourceType\":\"microsoft.operationalinsights/workspaces\"},{\"id\":\"57735ba8-7c80-477c-899c-b0507bacb946\",\"version\":\"KqlParameterItem/1.0\",\"name\":\"SAPSID\",\"label\":\"SAP SID\",\"type\":2,\"isRequired\":true,\"multiSelect\":true,\"quote\":\"'\",\"delimiter\":\",\",\"query\":\"SecurityBridgeLogs\\r\\n| where Severity in ({Severity})\\r\\n| distinct SAPsid\",\"typeSettings\":{\"additionalResourceOptions\":[\"value::all\"],\"showDefault\":false},\"timeContext\":{\"durationMs\":0},\"timeContextFromParameter\":\"TimeRange\",\"defaultValue\":\"value::all\",\"queryType\":0,\"resourceType\":\"microsoft.operationalinsights/workspaces\"},{\"id\":\"b6d548e0-6685-4bac-9419-25d74a4972d7\",\"version\":\"KqlParameterItem/1.0\",\"name\":\"Terminal\",\"type\":2,\"isRequired\":true,\"multiSelect\":true,\"quote\":\"'\",\"delimiter\":\",\",\"query\":\"SecurityBridgeLogs\\r\\n| where Severity in ({Severity})\\r\\n| distinct shost\",\"typeSettings\":{\"additionalResourceOptions\":[\"value::all\"],\"showDefault\":false},\"timeContext\":{\"durationMs\":0},\"timeContextFromParameter\":\"TimeRange\",\"defaultValue\":\"value::all\",\"queryType\":0,\"resourceType\":\"microsoft.operationalinsights/workspaces\"},{\"id\":\"60ff9487-e9a9-4c08-9207-8d7c8b186f91\",\"version\":\"KqlParameterItem/1.0\",\"name\":\"Listener\",\"type\":2,\"isRequired\":true,\"multiSelect\":true,\"quote\":\"'\",\"delimiter\":\",\",\"query\":\"SecurityBridgeLogs\\r\\n| where Severity in ({Severity})\\r\\n| distinct DeviceEventClassID\",\"typeSettings\":{\"additionalResourceOptions\":[\"value::all\"],\"showDefault\":false},\"timeContext\":{\"durationMs\":0},\"timeContextFromParameter\":\"TimeRange\",\"defaultValue\":\"value::all\",\"queryType\":0,\"resourceType\":\"microsoft.operationalinsights/workspaces\"},{\"id\":\"1521e9a7-53ea-4737-8e8e-819599655b13\",\"version\":\"KqlParameterItem/1.0\",\"name\":\"Action\",\"type\":2,\"isRequired\":true,\"multiSelect\":true,\"quote\":\"'\",\"delimiter\":\",\",\"query\":\"SecurityBridgeLogs\\r\\n| where Severity in ({Severity})\\r\\n| distinct Name\",\"typeSettings\":{\"additionalResourceOptions\":[\"value::all\"],\"showDefault\":false},\"timeContext\":{\"durationMs\":0},\"timeContextFromParameter\":\"TimeRange\",\"defaultValue\":\"value::all\",\"queryType\":0,\"resourceType\":\"microsoft.operationalinsights/workspaces\"}],\"style\":\"pills\",\"queryType\":0,\"resourceType\":\"microsoft.operationalinsights/workspaces\"},\"name\":\"parameters - 2\"},{\"type\":3,\"content\":{\"version\":\"KqlItem/1.0\",\"query\":\"SecurityBridgeLogs\\r\\n| where Severity in ({Severity})\\r\\n| where duser in ({User}) or \\\"*\\\" in ({User})\\r\\n| where SAPsid in ({SAPSID}) or \\\"*\\\" in ({SAPSID})\\r\\n| where shost in ({Terminal}) or \\\"*\\\" in ({Terminal})\\r\\n| where DeviceEventClassID in ({Listener}) or \\\"*\\\" in ({Listener})\\r\\n| where Name in ({Action}) or \\\"*\\\" in ({Action})\\r\\n| project TimeGenerated, Severity, DeviceEventClassID, Name, msg, [\\\"Link to Event\\\"]= strcat(({urlprefix}), externalid), shost, duser, SAPsid, SAPclient\\r\\n| sort by TimeGenerated\",\"size\":0,\"title\":\"Event by Selected Filters\",\"timeContextFromParameter\":\"TimeRange\",\"queryType\":0,\"resourceType\":\"microsoft.operationalinsights/workspaces\",\"gridSettings\":{\"formatters\":[{\"columnMatch\":\"Link to Event\",\"formatter\":7,\"formatOptions\":{\"linkTarget\":\"Url\",\"linkLabel\":\"Link to the Event\"}}],\"sortBy\":[{\"itemKey\":\"shost\",\"sortOrder\":2}]},\"sortBy\":[{\"itemKey\":\"shost\",\"sortOrder\":2}]},\"name\":\"query - 1\"}]},\"conditionalVisibility\":{\"parameterName\":\"Tab\",\"comparison\":\"isEqualTo\",\"value\":\"analyze\"},\"name\":\"group - 23\"},{\"type\":12,\"content\":{\"version\":\"NotebookGroup/1.0\",\"groupType\":\"editable\",\"items\":[{\"type\":1,\"content\":{\"json\":\"This tab helps in analyzing events.\",\"style\":\"info\"},\"conditionalVisibility\":{\"parameterName\":\"Help\",\"comparison\":\"isEqualTo\",\"value\":\"Yes\"},\"name\":\"text - 10\"},{\"type\":9,\"content\":{\"version\":\"KqlParameterItem/1.0\",\"parameters\":[{\"id\":\"a0a31cee-67ce-43c1-b0e5-a4f744edf81e\",\"version\":\"KqlParameterItem/1.0\",\"name\":\"SAPSID\",\"label\":\"SAP SID\",\"type\":2,\"isRequired\":true,\"multiSelect\":true,\"quote\":\"'\",\"delimiter\":\",\",\"query\":\"SecurityBridgeLogs\\r\\n| distinct SAPsid\",\"typeSettings\":{\"additionalResourceOptions\":[\"value::all\"],\"showDefault\":false},\"timeContext\":{\"durationMs\":0},\"timeContextFromParameter\":\"TimeRange\",\"defaultValue\":\"value::all\",\"queryType\":0,\"resourceType\":\"microsoft.operationalinsights/workspaces\"}],\"style\":\"pills\",\"queryType\":0,\"resourceType\":\"microsoft.operationalinsights/workspaces\"},\"name\":\"parameters - 0\"},{\"type\":1,\"content\":{\"json\":\"This bar chart shows the events by event name.\",\"style\":\"info\"},\"conditionalVisibility\":{\"parameterName\":\"Help\",\"comparison\":\"isEqualTo\",\"value\":\"Yes\"},\"name\":\"text - 11\"},{\"type\":3,\"content\":{\"version\":\"KqlItem/1.0\",\"query\":\"SecurityBridgeLogs\\r\\n| where SAPsid in ({SAPSID}) or \\\"*\\\" in ({SAPSID})\\r\\n| summarize count() by Name\",\"size\":0,\"title\":\"Events by Event Name\",\"timeContextFromParameter\":\"TimeRange\",\"queryType\":0,\"resourceType\":\"microsoft.operationalinsights/workspaces\",\"visualization\":\"barchart\",\"chartSettings\":{\"showMetrics\":false,\"showLegend\":true}},\"name\":\"query - 1\"},{\"type\":12,\"content\":{\"version\":\"NotebookGroup/1.0\",\"groupType\":\"editable\",\"items\":[{\"type\":1,\"content\":{\"json\":\"This barchart shows the events ingestion with respect to time\",\"style\":\"info\"},\"customWidth\":\"100\",\"conditionalVisibility\":{\"parameterName\":\"Help\",\"comparison\":\"isEqualTo\",\"value\":\"Yes\"},\"name\":\"text - 12\"},{\"type\":3,\"content\":{\"version\":\"KqlItem/1.0\",\"query\":\"SecurityBridgeLogs\\r\\n| where SAPsid in ({SAPSID}) or \\\"*\\\" in ({SAPSID})\\r\\n| summarize [\\\"Number of Events\\\"] = count() by bin(todatetime(rt), 1d)\",\"size\":1,\"title\":\"Events Ingestion by Time\",\"timeContextFromParameter\":\"TimeRange\",\"queryType\":0,\"resourceType\":\"microsoft.operationalinsights/workspaces\",\"visualization\":\"barchart\",\"chartSettings\":{\"showLegend\":true}},\"customWidth\":\"100\",\"name\":\"query - 1 - Copy - Copy\"}]},\"customWidth\":\"50\",\"name\":\"group - 13\"},{\"type\":12,\"content\":{\"version\":\"NotebookGroup/1.0\",\"groupType\":\"editable\",\"items\":[{\"type\":1,\"content\":{\"json\":\"This barchart shows the events ingestion with respect to severity and time\",\"style\":\"info\"},\"customWidth\":\"100\",\"conditionalVisibility\":{\"parameterName\":\"Help\",\"comparison\":\"isEqualTo\",\"value\":\"Yes\"},\"name\":\"text - 12\"},{\"type\":3,\"content\":{\"version\":\"KqlItem/1.0\",\"query\":\"SecurityBridgeLogs\\r\\n| where SAPsid in ({SAPSID}) or \\\"*\\\" in ({SAPSID})\\r\\n| summarize count() by bin(todatetime(rt), 1h), Severity\",\"size\":1,\"title\":\"Events by Time with respect to Severity\",\"timeContextFromParameter\":\"TimeRange\",\"queryType\":0,\"resourceType\":\"microsoft.operationalinsights/workspaces\",\"visualization\":\"barchart\",\"chartSettings\":{\"showMetrics\":false,\"showLegend\":true,\"seriesLabelSettings\":[{\"seriesName\":\"Medium\",\"color\":\"yellow\"},{\"seriesName\":\"High\",\"color\":\"redBright\"},{\"seriesName\":\"Critical\",\"color\":\"red\"},{\"seriesName\":\"Low\",\"color\":\"blueDark\"}]}},\"customWidth\":\"100\",\"name\":\"query - 1 - Copy\"}]},\"customWidth\":\"50\",\"name\":\"group - 13 - Copy\"},{\"type\":12,\"content\":{\"version\":\"NotebookGroup/1.0\",\"groupType\":\"editable\",\"items\":[{\"type\":1,\"content\":{\"json\":\"This barchart shows the events ingestion with respect to SAPsid\",\"style\":\"info\"},\"customWidth\":\"100\",\"conditionalVisibility\":{\"parameterName\":\"Help\",\"comparison\":\"isEqualTo\",\"value\":\"Yes\"},\"name\":\"text - 12\"},{\"type\":3,\"content\":{\"version\":\"KqlItem/1.0\",\"query\":\"SecurityBridgeLogs\\r\\n| where SAPsid in ({SAPSID}) or \\\"*\\\" in ({SAPSID})\\r\\n| summarize count() by SAPsid\",\"size\":1,\"title\":\"Events Ingestion by Time\",\"timeContextFromParameter\":\"TimeRange\",\"queryType\":0,\"resourceType\":\"microsoft.operationalinsights/workspaces\",\"visualization\":\"barchart\",\"chartSettings\":{\"showLegend\":true}},\"customWidth\":\"100\",\"name\":\"query - 1 - Copy - Copy\"}]},\"customWidth\":\"50\",\"name\":\"group - 13 - Copy\"},{\"type\":3,\"content\":{\"version\":\"KqlItem/1.0\",\"query\":\"SecurityBridgeLogs\\r\\n| where SAPsid in ({SAPSID}) or \\\"*\\\" in ({SAPSID})\\r\\n| summarize count() by Severity\",\"size\":0,\"title\":\"Events by Severity\",\"timeContextFromParameter\":\"TimeRange\",\"queryType\":0,\"resourceType\":\"microsoft.operationalinsights/workspaces\",\"visualization\":\"piechart\",\"chartSettings\":{\"showMetrics\":false,\"showLegend\":true}},\"customWidth\":\"30\",\"name\":\"query - 1 - Copy - Copy - Copy\"},{\"type\":3,\"content\":{\"version\":\"KqlItem/1.0\",\"query\":\"SecurityBridgeLogs\\r\\n| where SAPsid in ({SAPSID}) or \\\"*\\\" in ({SAPSID})\\r\\n| summarize count() by duser\\r\\n| sort by count_\\r\\n| take 5\",\"size\":0,\"title\":\"Top 5 Users\",\"timeContextFromParameter\":\"TimeRange\",\"queryType\":0,\"resourceType\":\"microsoft.operationalinsights/workspaces\",\"visualization\":\"piechart\",\"chartSettings\":{\"showMetrics\":false,\"showLegend\":true}},\"customWidth\":\"30\",\"name\":\"query - 1 - Copy - Copy - Copy - Copy\"},{\"type\":3,\"content\":{\"version\":\"KqlItem/1.0\",\"query\":\"SecurityBridgeLogs\\r\\n| where SAPsid in ({SAPSID}) or \\\"*\\\" in ({SAPSID})\\r\\n| summarize count() by dhost\\r\\n| sort by count_\\r\\n| take 5\",\"size\":0,\"title\":\"Top 5 Workstations\",\"timeContextFromParameter\":\"TimeRange\",\"queryType\":0,\"resourceType\":\"microsoft.operationalinsights/workspaces\",\"visualization\":\"piechart\",\"chartSettings\":{\"showMetrics\":false,\"showLegend\":true}},\"customWidth\":\"30\",\"name\":\"query - 1 - Copy - Copy - Copy - Copy - Copy\"},{\"type\":3,\"content\":{\"version\":\"KqlItem/1.0\",\"query\":\"SecurityBridgeLogs\\r\\n| where SAPsid in ({SAPSID}) or \\\"*\\\" in ({SAPSID})\\r\\n| summarize count() by duser\\r\\n| join (\\r\\nSecurityBridgeLogs\\r\\n| where SAPsid in ({SAPSID}) or \\\"*\\\" in ({SAPSID})\\r\\n| extend user = duser\\r\\n| make-series TrendList = count() on todatetime(rt) in range({TimeRange:start}, {TimeRange:end}, {TimeRange:grain}) by duser ) on duser\\r\\n| project duser, [\\\"Total events\\\"] = count_, TrendLine = TrendList\\r\\n| top 10 by [\\\"Total events\\\"] desc\",\"size\":0,\"title\":\"Event Stats by Users\",\"timeContextFromParameter\":\"TimeRange\",\"queryType\":0,\"resourceType\":\"microsoft.operationalinsights/workspaces\",\"visualization\":\"table\",\"gridSettings\":{\"formatters\":[{\"columnMatch\":\"TrendLine\",\"formatter\":9,\"formatOptions\":{\"palette\":\"green\"}}]},\"chartSettings\":{\"showMetrics\":false,\"showLegend\":true}},\"customWidth\":\"50\",\"name\":\"query - 1 - Copy - Copy - Copy - Copy - Copy - Copy\"},{\"type\":3,\"content\":{\"version\":\"KqlItem/1.0\",\"query\":\"SecurityBridgeLogs\\r\\n| where SAPsid in ({SAPSID}) or \\\"*\\\" in ({SAPSID})\\r\\n| summarize count() by dhost\\r\\n| join (\\r\\nSecurityBridgeLogs\\r\\n| where SAPsid in ({SAPSID}) or \\\"*\\\" in ({SAPSID})\\r\\n| extend user = dhost\\r\\n| make-series TrendList = count() on todatetime(rt) in range({TimeRange:start}, {TimeRange:end}, {TimeRange:grain}) by dhost ) on dhost\\r\\n| project dhost, [\\\"Total events\\\"] = count_, TrendLine = TrendList\\r\\n| top 10 by [\\\"Total events\\\"] desc\",\"size\":0,\"title\":\"Event Stats by Host\",\"timeContextFromParameter\":\"TimeRange\",\"queryType\":0,\"resourceType\":\"microsoft.operationalinsights/workspaces\",\"visualization\":\"table\",\"gridSettings\":{\"formatters\":[{\"columnMatch\":\"TrendLine\",\"formatter\":9,\"formatOptions\":{\"palette\":\"green\"}}]},\"chartSettings\":{\"showMetrics\":false,\"showLegend\":true}},\"customWidth\":\"50\",\"name\":\"query - 1 - Copy - Copy - Copy - Copy - Copy - Copy - Copy\"}]},\"conditionalVisibility\":{\"parameterName\":\"Tab\",\"comparison\":\"isEqualTo\",\"value\":\"monitor\"},\"name\":\"group - 24\"}],\"fromTemplateId\":\"sentinel-SecurityBridge\",\"$schema\":\"https://github.com/Microsoft/Application-Insights-Workbooks/blob/master/schema/workbook.json\"}\r\n",
                "version": "1.0",
                "sourceId": "[variables('workspaceResourceId')]",
                "category": "sentinel"
              }
            },
            {
              "type": "Microsoft.OperationalInsights/workspaces/providers/metadata",
              "apiVersion": "2022-01-01-preview",
              "name": "[concat(parameters('workspace'),'/Microsoft.SecurityInsights/',concat('Workbook-', last(split(variables('workbookId1'),'/'))))]",
              "properties": {
                "description": "@{workbookKey=SecurityBridgeWorkbook; logoFileName=SecurityBridgeLogo-Vector-TM_75x75.svg; description=Sets the time name for analysis; dataTypesDependencies=System.Object[]; dataConnectorsDependencies=System.Object[]; previewImagesFileNames=System.Object[]; version=1.0.0; title=SecurityBridge App; templateRelativePath=SecurityBridgeThreatDetectionforSAP.json; subtitle=; provider=SecurityBridge}.description",
                "parentId": "[variables('workbookId1')]",
                "contentId": "[variables('_workbookContentId1')]",
                "kind": "Workbook",
                "version": "[variables('workbookVersion1')]",
                "source": {
                  "kind": "Solution",
                  "name": "SecurityBridge App",
                  "sourceId": "[variables('_solutionId')]"
                },
                "author": {
                  "name": "SecurityBridge",
                  "email": "[variables('_email')]"
                },
                "support": {
                  "tier": "Partner",
                  "name": "SecurityBridge",
                  "email": "support@securitybridge.com",
                  "link": "https://securitybridge.com/contact/"
                },
                "dependencies": {
                  "operator": "AND",
                  "criteria": [
                    {
                      "contentId": "SecurityBridgeLogs",
                      "kind": "DataType"
                    },
                    {
                      "contentId": "CustomLogsAma",
                      "kind": "DataConnector"
                    }
                  ]
                }
              }
            }
          ]
        },
        "packageKind": "Solution",
        "packageVersion": "[variables('_solutionVersion')]",
        "packageName": "[variables('_solutionName')]",
        "packageId": "[variables('_solutionId')]",
        "contentSchemaVersion": "3.0.0",
        "contentId": "[variables('_workbookContentId1')]",
        "contentKind": "Workbook",
        "displayName": "[parameters('workbook1-name')]",
        "contentProductId": "[variables('_workbookcontentProductId1')]",
        "id": "[variables('_workbookcontentProductId1')]",
        "version": "[variables('workbookVersion1')]"
      }
    },
    {
      "type": "Microsoft.OperationalInsights/workspaces/providers/contentTemplates",
      "apiVersion": "2023-04-01-preview",
      "name": "[variables('analyticRuleObject1').analyticRuleTemplateSpecName1]",
      "location": "[parameters('workspace-location')]",
      "dependsOn": [
        "[extensionResourceId(resourceId('Microsoft.OperationalInsights/workspaces', parameters('workspace')), 'Microsoft.SecurityInsights/contentPackages', variables('_solutionId'))]"
      ],
      "properties": {
        "description": "CriticalEventTriggered_AnalyticalRules Analytics Rule with template version 3.1.0",
        "mainTemplate": {
          "$schema": "https://schema.management.azure.com/schemas/2019-04-01/deploymentTemplate.json#",
          "contentVersion": "[variables('analyticRuleObject1').analyticRuleVersion1]",
          "parameters": {},
          "variables": {},
          "resources": [
            {
              "type": "Microsoft.SecurityInsights/AlertRuleTemplates",
              "name": "[variables('analyticRuleObject1')._analyticRulecontentId1]",
              "apiVersion": "2023-02-01-preview",
              "kind": "Scheduled",
              "location": "[parameters('workspace-location')]",
              "properties": {
                "description": "This rule alerts if there is any critical event occured in the SAP system",
                "displayName": "SecurityBridge: A critical event occured",
                "enabled": false,
                "query": "SecurityBridgeLogs\n| where Severity contains \"Critical\"\n",
                "queryFrequency": "PT5M",
                "queryPeriod": "PT5M",
                "severity": "Medium",
                "suppressionDuration": "PT1H",
                "suppressionEnabled": false,
                "triggerOperator": "GreaterThan",
                "triggerThreshold": 0,
                "status": "Available",
                "requiredDataConnectors": [
                  {
                    "connectorId": "CustomLogsAma",
                    "datatypes": [
                      "SecurityBridgeLogs_CL"
                    ]
                  }
                ],
                "tactics": [
                  "InitialAccess"
                ],
                "techniques": [
                  "T1189"
                ],
                "entityMappings": [
                  {
                    "entityType": "Account",
                    "fieldMappings": [
                      {
                        "identifier": "Name",
                        "columnName": "maincontact"
                      }
                    ]
                  },
                  {
                    "entityType": "Host",
                    "fieldMappings": [
                      {
                        "identifier": "HostName",
                        "columnName": "dhost"
                      }
                    ]
                  },
                  {
                    "entityType": "Host",
                    "fieldMappings": [
                      {
                        "identifier": "HostName",
                        "columnName": "dvchost"
                      }
                    ]
                  }
                ]
              }
            },
            {
              "type": "Microsoft.OperationalInsights/workspaces/providers/metadata",
              "apiVersion": "2022-01-01-preview",
              "name": "[concat(parameters('workspace'),'/Microsoft.SecurityInsights/',concat('AnalyticsRule-', last(split(variables('analyticRuleObject1').analyticRuleId1,'/'))))]",
              "properties": {
                "description": "SecurityBridge App Analytics Rule 1",
                "parentId": "[variables('analyticRuleObject1').analyticRuleId1]",
                "contentId": "[variables('analyticRuleObject1')._analyticRulecontentId1]",
                "kind": "AnalyticsRule",
                "version": "[variables('analyticRuleObject1').analyticRuleVersion1]",
                "source": {
                  "kind": "Solution",
                  "name": "SecurityBridge App",
                  "sourceId": "[variables('_solutionId')]"
                },
                "author": {
                  "name": "SecurityBridge",
                  "email": "[variables('_email')]"
                },
                "support": {
                  "tier": "Partner",
                  "name": "SecurityBridge",
                  "email": "support@securitybridge.com",
                  "link": "https://securitybridge.com/contact/"
                }
              }
            }
          ]
        },
        "packageKind": "Solution",
        "packageVersion": "[variables('_solutionVersion')]",
        "packageName": "[variables('_solutionName')]",
        "packageId": "[variables('_solutionId')]",
        "contentSchemaVersion": "3.0.0",
        "contentId": "[variables('analyticRuleObject1')._analyticRulecontentId1]",
        "contentKind": "AnalyticsRule",
        "displayName": "SecurityBridge: A critical event occured",
        "contentProductId": "[variables('analyticRuleObject1')._analyticRulecontentProductId1]",
        "id": "[variables('analyticRuleObject1')._analyticRulecontentProductId1]",
        "version": "[variables('analyticRuleObject1').analyticRuleVersion1]"
      }
    },
    {
      "type": "Microsoft.OperationalInsights/workspaces/providers/contentTemplates",
      "apiVersion": "2023-04-01-preview",
      "name": "[variables('parserObject1').parserTemplateSpecName1]",
      "location": "[parameters('workspace-location')]",
      "dependsOn": [
        "[extensionResourceId(resourceId('Microsoft.OperationalInsights/workspaces', parameters('workspace')), 'Microsoft.SecurityInsights/contentPackages', variables('_solutionId'))]"
      ],
      "properties": {
        "description": "SecurityBridgeLogs Data Parser with template version 3.1.0",
        "mainTemplate": {
          "$schema": "https://schema.management.azure.com/schemas/2019-04-01/deploymentTemplate.json#",
          "contentVersion": "[variables('parserObject1').parserVersion1]",
          "parameters": {},
          "variables": {},
          "resources": [
            {
              "name": "[variables('parserObject1')._parserName1]",
              "apiVersion": "2022-10-01",
              "type": "Microsoft.OperationalInsights/workspaces/savedSearches",
              "location": "[parameters('workspace-location')]",
              "properties": {
                "eTag": "*",
                "displayName": "Parser for SecurityBridgeLogs",
                "category": "Microsoft Sentinel Parser",
                "functionAlias": "SecurityBridgeLogs",
                "query": "SecurityBridgeLogs_CL\n| extend CEFVersion = tostring(split(RawData, '|')[0]), DeviceVendor = tostring(split(RawData, '|')[1]), DeviceProduct = tostring(split(RawData, '|')[2]), DeviceVersion = tostring(split(RawData, '|')[3]), DeviceEventClassID = tostring(split(RawData, '|')[4]), Name = tostring(split(RawData, '|')[5]), Severity = tostring(split(RawData, '|')[6]), AdditionalExtensions = tostring(split(RawData, '|')[7])\n| extend SAPsid = tostring(split(split(AdditionalExtensions, \"cs1=\")[1], \"cs1\")[0]),\n        SAPclient = tostring(split(split(AdditionalExtensions, \"cs2=\")[1], \"cs2\")[0]),\n        SAPdb = tostring(split(split(AdditionalExtensions, \"cs3=\")[1], \"cs3\")[0]),\n        [\"Email address event originator\"] = tostring(split(split(AdditionalExtensions, \"cs4=\")[1], \"cs4\")[0]),\n        [\"Main contact area of responsibility\"] = tostring(split(split(AdditionalExtensions, \"cs5=\")[1], \"cs5\")[0]),\n        [\"Backup contact area of responsibility\"] = tostring(split(split(AdditionalExtensions, \"cs6=\")[1], \"cs6\")[0])\n| extend dhost = tostring(replace_string(tostring(split(split(RawData, \"dhost=\")[1], \"=\")[0]), tostring(split(split(split(RawData, \"dhost=\")[1], \"=\")[0], \" \")[-1]), \"\")),\n         duid = tostring(replace_string(tostring(split(split(RawData, \"duid=\")[1], \"=\")[0]), tostring(split(split(split(RawData, \"duid=\")[1], \"=\")[0], \" \")[-1]), \"\")),\n         duser = tostring(replace_string(tostring(split(split(RawData, \"duser=\")[1], \"=\")[0]), tostring(split(split(split(RawData, \"duser=\")[1], \"=\")[0], \" \")[-1]), \"\")),\n         dvchost = tostring(replace_string(tostring(split(split(RawData, \"dvchost=\")[1], \"=\")[0]), tostring(split(split(split(RawData, \"dvchost=\")[1], \"=\")[0], \" \")[-1]), \"\")),\n         msg = tostring(split(split(RawData, \"msg=\")[1], \"rt=\")[0]),\n         rt = tostring(replace_string(tostring(split(split(RawData, \"rt=\")[1], \"=\")[0]), tostring(split(split(split(RawData, \"rt=\")[1], \"=\")[0], \" \")[-1]), \"\")),\n         src = tostring(replace_string(tostring(split(split(RawData, \"src=\")[1], \"=\")[0]), tostring(split(split(split(RawData, \"src=\")[1], \"=\")[0], \" \")[-1]), \"\")),\n         shost = tostring(replace_string(tostring(split(split(RawData, \"shost=\")[1], \"=\")[0]), tostring(split(split(split(RawData, \"shost=\")[1], \"=\")[0], \" \")[-1]), \"\")),\n         type = tostring(replace_string(tostring(split(split(RawData, \"type=\")[1], \"=\")[0]), tostring(split(split(split(RawData, \"type=\")[1], \"=\")[0], \" \")[-1]), \"\")),\n         externalid = tostring(replace_string(tostring(split(split(RawData, \"externalid=\")[1], \"=\")[0]), tostring(split(split(split(RawData, \"externalid=\")[1], \"=\")[0], \" \")[-1]), \"\")),\n         SAPos = tostring(replace_string(tostring(split(split(RawData, \"SAPos=\")[1], \"=\")[0]), tostring(split(split(split(RawData, \"SAPos=\")[1], \"=\")[0], \" \")[-1]), \"\")),\n         SAPrelease = tostring(replace_string(tostring(split(split(RawData, \"SAPrelease=\")[1], \"=\")[0]), tostring(split(split(split(RawData, \"SAPrelease=\")[1], \"=\")[0], \" \")[-1]), \"\")),\n         SAPinstallationnumber = tostring(replace_string(tostring(split(split(RawData, \"SAPinstallationnumber=\")[1], \"=\")[0]), tostring(split(split(split(RawData, \"SAPinstallationnumber=\")[1], \"=\")[0], \" \")[-1]), \"\")),\n         SAPhost = tostring(replace_string(tostring(split(split(RawData, \"SAPhost=\")[1], \"=\")[0]), tostring(split(split(split(RawData, \"SAPhost=\")[1], \"=\")[0], \" \")[-1]), \"\")),\n         Severity = case(toint(Severity) < 3, \"Low\", toint(Severity) < 7, \"Medium\", toint(Severity) < 9, \"High\", toint(Severity) >= 9, \"Critical\", \"None\"),\n         maincontact = split(split([\"Main contact area of responsibility\"], ',')[-1], ' ')[2]\n",
                "functionParameters": "",
                "version": 2,
                "tags": [
                  {
                    "name": "description",
                    "value": ""
                  }
                ]
              }
            },
            {
              "type": "Microsoft.OperationalInsights/workspaces/providers/metadata",
              "apiVersion": "2022-01-01-preview",
              "name": "[concat(parameters('workspace'),'/Microsoft.SecurityInsights/',concat('Parser-', last(split(variables('parserObject1')._parserId1,'/'))))]",
              "dependsOn": [
                "[variables('parserObject1')._parserId1]"
              ],
              "properties": {
                "parentId": "[resourceId('Microsoft.OperationalInsights/workspaces/savedSearches', parameters('workspace'), 'SecurityBridgeLogs')]",
                "contentId": "[variables('parserObject1').parserContentId1]",
                "kind": "Parser",
                "version": "[variables('parserObject1').parserVersion1]",
                "source": {
                  "name": "SecurityBridge App",
                  "kind": "Solution",
                  "sourceId": "[variables('_solutionId')]"
                },
                "author": {
                  "name": "SecurityBridge",
                  "email": "[variables('_email')]"
                },
                "support": {
                  "tier": "Partner",
                  "name": "SecurityBridge",
                  "email": "support@securitybridge.com",
                  "link": "https://securitybridge.com/contact/"
                }
              }
            }
          ]
        },
        "packageKind": "Solution",
        "packageVersion": "[variables('_solutionVersion')]",
        "packageName": "[variables('_solutionName')]",
        "packageId": "[variables('_solutionId')]",
        "contentSchemaVersion": "3.0.0",
        "contentId": "[variables('parserObject1').parserContentId1]",
        "contentKind": "Parser",
        "displayName": "Parser for SecurityBridgeLogs",
        "contentProductId": "[concat(take(variables('_solutionId'),50),'-','pr','-', uniqueString(concat(variables('_solutionId'),'-','Parser','-',variables('parserObject1').parserContentId1,'-', '1.0.0')))]",
        "id": "[concat(take(variables('_solutionId'),50),'-','pr','-', uniqueString(concat(variables('_solutionId'),'-','Parser','-',variables('parserObject1').parserContentId1,'-', '1.0.0')))]",
        "version": "[variables('parserObject1').parserVersion1]"
      }
    },
    {
      "type": "Microsoft.OperationalInsights/workspaces/savedSearches",
      "apiVersion": "2022-10-01",
      "name": "[variables('parserObject1')._parserName1]",
      "location": "[parameters('workspace-location')]",
      "properties": {
        "eTag": "*",
        "displayName": "Parser for SecurityBridgeLogs",
        "category": "Microsoft Sentinel Parser",
        "functionAlias": "SecurityBridgeLogs",
        "query": "SecurityBridgeLogs_CL\n| extend CEFVersion = tostring(split(RawData, '|')[0]), DeviceVendor = tostring(split(RawData, '|')[1]), DeviceProduct = tostring(split(RawData, '|')[2]), DeviceVersion = tostring(split(RawData, '|')[3]), DeviceEventClassID = tostring(split(RawData, '|')[4]), Name = tostring(split(RawData, '|')[5]), Severity = tostring(split(RawData, '|')[6]), AdditionalExtensions = tostring(split(RawData, '|')[7])\n| extend SAPsid = tostring(split(split(AdditionalExtensions, \"cs1=\")[1], \"cs1\")[0]),\n        SAPclient = tostring(split(split(AdditionalExtensions, \"cs2=\")[1], \"cs2\")[0]),\n        SAPdb = tostring(split(split(AdditionalExtensions, \"cs3=\")[1], \"cs3\")[0]),\n        [\"Email address event originator\"] = tostring(split(split(AdditionalExtensions, \"cs4=\")[1], \"cs4\")[0]),\n        [\"Main contact area of responsibility\"] = tostring(split(split(AdditionalExtensions, \"cs5=\")[1], \"cs5\")[0]),\n        [\"Backup contact area of responsibility\"] = tostring(split(split(AdditionalExtensions, \"cs6=\")[1], \"cs6\")[0])\n| extend dhost = tostring(replace_string(tostring(split(split(RawData, \"dhost=\")[1], \"=\")[0]), tostring(split(split(split(RawData, \"dhost=\")[1], \"=\")[0], \" \")[-1]), \"\")),\n         duid = tostring(replace_string(tostring(split(split(RawData, \"duid=\")[1], \"=\")[0]), tostring(split(split(split(RawData, \"duid=\")[1], \"=\")[0], \" \")[-1]), \"\")),\n         duser = tostring(replace_string(tostring(split(split(RawData, \"duser=\")[1], \"=\")[0]), tostring(split(split(split(RawData, \"duser=\")[1], \"=\")[0], \" \")[-1]), \"\")),\n         dvchost = tostring(replace_string(tostring(split(split(RawData, \"dvchost=\")[1], \"=\")[0]), tostring(split(split(split(RawData, \"dvchost=\")[1], \"=\")[0], \" \")[-1]), \"\")),\n         msg = tostring(split(split(RawData, \"msg=\")[1], \"rt=\")[0]),\n         rt = tostring(replace_string(tostring(split(split(RawData, \"rt=\")[1], \"=\")[0]), tostring(split(split(split(RawData, \"rt=\")[1], \"=\")[0], \" \")[-1]), \"\")),\n         src = tostring(replace_string(tostring(split(split(RawData, \"src=\")[1], \"=\")[0]), tostring(split(split(split(RawData, \"src=\")[1], \"=\")[0], \" \")[-1]), \"\")),\n         shost = tostring(replace_string(tostring(split(split(RawData, \"shost=\")[1], \"=\")[0]), tostring(split(split(split(RawData, \"shost=\")[1], \"=\")[0], \" \")[-1]), \"\")),\n         type = tostring(replace_string(tostring(split(split(RawData, \"type=\")[1], \"=\")[0]), tostring(split(split(split(RawData, \"type=\")[1], \"=\")[0], \" \")[-1]), \"\")),\n         externalid = tostring(replace_string(tostring(split(split(RawData, \"externalid=\")[1], \"=\")[0]), tostring(split(split(split(RawData, \"externalid=\")[1], \"=\")[0], \" \")[-1]), \"\")),\n         SAPos = tostring(replace_string(tostring(split(split(RawData, \"SAPos=\")[1], \"=\")[0]), tostring(split(split(split(RawData, \"SAPos=\")[1], \"=\")[0], \" \")[-1]), \"\")),\n         SAPrelease = tostring(replace_string(tostring(split(split(RawData, \"SAPrelease=\")[1], \"=\")[0]), tostring(split(split(split(RawData, \"SAPrelease=\")[1], \"=\")[0], \" \")[-1]), \"\")),\n         SAPinstallationnumber = tostring(replace_string(tostring(split(split(RawData, \"SAPinstallationnumber=\")[1], \"=\")[0]), tostring(split(split(split(RawData, \"SAPinstallationnumber=\")[1], \"=\")[0], \" \")[-1]), \"\")),\n         SAPhost = tostring(replace_string(tostring(split(split(RawData, \"SAPhost=\")[1], \"=\")[0]), tostring(split(split(split(RawData, \"SAPhost=\")[1], \"=\")[0], \" \")[-1]), \"\")),\n         Severity = case(toint(Severity) < 3, \"Low\", toint(Severity) < 7, \"Medium\", toint(Severity) < 9, \"High\", toint(Severity) >= 9, \"Critical\", \"None\"),\n         maincontact = split(split([\"Main contact area of responsibility\"], ',')[-1], ' ')[2]\n",
        "functionParameters": "",
        "version": 2,
        "tags": [
          {
            "name": "description",
            "value": ""
          }
        ]
      }
    },
    {
      "type": "Microsoft.OperationalInsights/workspaces/providers/metadata",
      "apiVersion": "2022-01-01-preview",
      "location": "[parameters('workspace-location')]",
      "name": "[concat(parameters('workspace'),'/Microsoft.SecurityInsights/',concat('Parser-', last(split(variables('parserObject1')._parserId1,'/'))))]",
      "dependsOn": [
        "[variables('parserObject1')._parserId1]"
      ],
      "properties": {
        "parentId": "[resourceId('Microsoft.OperationalInsights/workspaces/savedSearches', parameters('workspace'), 'SecurityBridgeLogs')]",
        "contentId": "[variables('parserObject1').parserContentId1]",
        "kind": "Parser",
        "version": "[variables('parserObject1').parserVersion1]",
        "source": {
          "kind": "Solution",
          "name": "SecurityBridge App",
          "sourceId": "[variables('_solutionId')]"
        },
        "author": {
          "name": "SecurityBridge",
          "email": "[variables('_email')]"
        },
        "support": {
          "tier": "Partner",
          "name": "SecurityBridge",
          "email": "support@securitybridge.com",
          "link": "https://securitybridge.com/contact/"
        }
      }
    },
    {
      "type": "Microsoft.OperationalInsights/workspaces/providers/contentPackages",
      "apiVersion": "2023-04-01-preview",
      "location": "[parameters('workspace-location')]",
      "properties": {
        "version": "3.1.0",
        "kind": "Solution",
        "contentSchemaVersion": "3.0.0",
        "displayName": "SecurityBridge App",
        "publisherDisplayName": "SecurityBridge",
        "descriptionHtml": "<p><strong>Note:</strong> Please refer to the following before installing the solution:</p>\n<p>• Review the solution <a href=\"https://github.com/Azure/Azure-Sentinel/tree/master/Solutions/SecurityBridge%20App/ReleaseNotes.md\">Release Notes</a></p>\n<p>• There may be <a href=\"https://aka.ms/sentinelsolutionsknownissues\">known issues</a> pertaining to this Solution, please refer to them before installing.</p>\n<p>The <a href=\"https://securitybridge.com/\">SecurityBridge App</a> solution provides the capability to ingest SecurityBridge Threat Detection events from all on-premise and cloud based SAP instances into Microsoft Sentinel.</p>\n<p>This solution is dependent on the Custom logs via AMA connector to collect the logs. The Custom logs solution will be installed as part of this solution installation.</p>\n<p><strong>NOTE</strong>: Microsoft recommends installation of Custom logs via AMA Connector. Legacy connector uses the Log Analytics agent which were deprecated on <strong>Aug 31, 2024.</strong> Using MMA and AMA on same machine can cause log duplication and extra ingestion cost <a href=\"https://learn.microsoft.com/azure/sentinel/ama-migrate?WT.mc_id=Portal-fx\">more details</a>.</p>\n<p><strong>Parsers:</strong> 1, <strong>Workbooks:</strong> 1, <strong>Analytic Rules:</strong> 1</p>\n<p><a href=\"https://aka.ms/azuresentinel\">Learn more about Microsoft Sentinel</a> | <a href=\"https://aka.ms/azuresentinelsolutionsdoc\">Learn more about Solutions</a></p>\n",
        "contentKind": "Solution",
        "contentProductId": "[variables('_solutioncontentProductId')]",
        "id": "[variables('_solutioncontentProductId')]",
        "icon": "<img src=\"https://raw.githubusercontent.com/Azure/Azure-Sentinel/master/Logos/SecurityBridgeLogo-Vector-TM_75x75.svg\" width=\"75px\" height=\"75px\">",
        "contentId": "[variables('_solutionId')]",
        "parentId": "[variables('_solutionId')]",
        "source": {
          "kind": "Solution",
          "name": "SecurityBridge App",
          "sourceId": "[variables('_solutionId')]"
        },
        "author": {
          "name": "SecurityBridge",
          "email": "[variables('_email')]"
        },
        "support": {
          "name": "SecurityBridge",
          "email": "support@securitybridge.com",
          "tier": "Partner",
          "link": "https://securitybridge.com/contact/"
        },
        "dependencies": {
          "criteria": [
            {
              "kind": "Workbook",
              "contentId": "[variables('_workbookContentId1')]",
              "version": "[variables('workbookVersion1')]"
            },
            {
              "kind": "AnalyticsRule",
              "contentId": "[variables('analyticRuleObject1')._analyticRulecontentId1]",
              "version": "[variables('analyticRuleObject1').analyticRuleVersion1]"
            },
            {
              "kind": "Parser",
              "contentId": "[variables('parserObject1').parserContentId1]",
              "version": "[variables('parserObject1').parserVersion1]"
            },
            {
              "kind": "Solution",
              "contentId": "azuresentinel.azure-sentinel-solution-customlogsviaama"
            }
          ]
        },
        "firstPublishDate": "2022-02-17",
        "providers": [
          "SecurityBridge"
        ],
        "categories": {
          "domains": [
            "Security - Network"
          ],
          "verticals": [
            "Finance"
          ]
        }
      },
      "name": "[concat(parameters('workspace'),'/Microsoft.SecurityInsights/', variables('_solutionId'))]"
    }
  ],
  "outputs": {}
}
