{
  "$schema": "https://schema.management.azure.com/schemas/2019-04-01/deploymentTemplate.json#",
  "contentVersion": "1.0.0.0",
  "metadata": {
    "author": "Microsoft - support@microsoft.com",
    "comments": "Solution template for EatonForeseer"
  },
  "parameters": {
    "location": {
      "type": "string",
      "minLength": 1,
      "defaultValue": "[resourceGroup().location]",
      "metadata": {
        "description": "Not used, but needed to pass arm-ttk test `Location-Should-Not-Be-Hardcoded`.  We instead use the `workspace-location` which is derived from the LA workspace"
      }
    },
    "workspace-location": {
      "type": "string",
      "defaultValue": "",
      "metadata": {
        "description": "[concat('Region to deploy solution resources -- separate from location selection',parameters('location'))]"
      }
    },
    "workspace": {
      "defaultValue": "",
      "type": "string",
      "metadata": {
        "description": "Workspace name for Log Analytics where Microsoft Sentinel is setup"
      }
    },
    "workbook1-name": {
      "type": "string",
      "defaultValue": "EatonForeseerHealthAndAccess",
      "minLength": 1,
      "metadata": {
        "description": "Name for the workbook"
      }
    }
  },
  "variables": {
    "solutionId": "azuresentinel.azure-sentinel-solution-eatonforeseer",
    "_solutionId": "[variables('solutionId')]",
    "email": "support@microsoft.com",
    "_email": "[variables('email')]",
    "workbookVersion1": "1.0.0",
    "workbookContentId1": "EatonForeseerHealthAndAccess",
    "workbookId1": "[resourceId('Microsoft.Insights/workbooks', variables('workbookContentId1'))]",
    "workbookTemplateSpecName1": "[concat(parameters('workspace'),'-wb-',uniquestring(variables('_workbookContentId1')))]",
    "_workbookContentId1": "[variables('workbookContentId1')]",
    "workspaceResourceId": "[resourceId('microsoft.OperationalInsights/Workspaces', parameters('workspace'))]",
    "analyticRuleVersion1": "1.0.0",
    "analyticRulecontentId1": "5a7fccb8-3ed0-44f2-8477-540af3ef4d92",
    "_analyticRulecontentId1": "[variables('analyticRulecontentId1')]",
    "analyticRuleId1": "[resourceId('Microsoft.SecurityInsights/AlertRuleTemplates', variables('analyticRulecontentId1'))]",
    "analyticRuleTemplateSpecName1": "[concat(parameters('workspace'),'-ar-',uniquestring(variables('_analyticRulecontentId1')))]"
  },
  "resources": [
    {
      "type": "Microsoft.Resources/templateSpecs",
      "apiVersion": "2021-05-01",
      "name": "[variables('workbookTemplateSpecName1')]",
      "location": "[parameters('workspace-location')]",
      "tags": {
        "hidden-sentinelWorkspaceId": "[variables('workspaceResourceId')]",
        "hidden-sentinelContentType": "Workbook"
      },
      "properties": {
        "description": "EatonForeseer Workbook with template",
        "displayName": "EatonForeseer workbook template"
      }
    },
    {
      "type": "Microsoft.Resources/templateSpecs/versions",
      "apiVersion": "2021-05-01",
      "name": "[concat(variables('workbookTemplateSpecName1'),'/',variables('workbookVersion1'))]",
      "location": "[parameters('workspace-location')]",
      "tags": {
        "hidden-sentinelWorkspaceId": "[variables('workspaceResourceId')]",
        "hidden-sentinelContentType": "Workbook"
      },
      "dependsOn": [
        "[resourceId('Microsoft.Resources/templateSpecs', variables('workbookTemplateSpecName1'))]"
      ],
      "properties": {
        "description": "EatonForeseerHealthAndAccessWorkbook Workbook with template version 2.0.0",
        "mainTemplate": {
          "$schema": "https://schema.management.azure.com/schemas/2019-04-01/deploymentTemplate.json#",
          "contentVersion": "[variables('workbookVersion1')]",
          "parameters": {},
          "variables": {},
          "resources": [
            {
              "type": "Microsoft.Insights/workbooks",
              "name": "[variables('workbookContentId1')]",
              "location": "[parameters('workspace-location')]",
              "kind": "shared",
              "apiVersion": "2021-08-01",
              "metadata": {
                "description": "This workbook gives an insight into the health of all the Windows VMs in this subscription running Eaton Foreseer and       the unauthorized access into the Eaton Foreseer application running on these VMs."
              },
              "properties": {
                "displayName": "[parameters('workbook1-name')]",
                "serializedData": "{\"version\":\"Notebook/1.0\",\"items\":[{\"type\":1,\"content\":{\"json\":\"This workbook gives an insight into the health of all the Windows VMs in this subscription running Eaton Foreseer and the unauthorized access into the Eaton Foreseer application running on these VMs.\"},\"name\":\"text - 1\"},{\"type\":9,\"content\":{\"version\":\"KqlParameterItem/1.0\",\"parameters\":[{\"id\":\"80e332f7-8176-461f-b27a-0a52242fe6c9\",\"version\":\"KqlParameterItem/1.0\",\"name\":\"TimeRange\",\"type\":4,\"isRequired\":true,\"value\":{\"durationMs\":604800000},\"typeSettings\":{\"selectableValues\":[{\"durationMs\":300000},{\"durationMs\":900000},{\"durationMs\":1800000},{\"durationMs\":3600000},{\"durationMs\":14400000},{\"durationMs\":43200000},{\"durationMs\":86400000},{\"durationMs\":172800000},{\"durationMs\":259200000},{\"durationMs\":604800000},{\"durationMs\":1209600000},{\"durationMs\":2419200000},{\"durationMs\":2592000000},{\"durationMs\":5184000000},{\"durationMs\":7776000000}],\"allowCustom\":true}},{\"id\":\"5a93ede8-361d-4cc6-93f8-967dfc355143\",\"version\":\"KqlParameterItem/1.0\",\"name\":\"Activity\",\"type\":2,\"isRequired\":true,\"multiSelect\":true,\"quote\":\"'\",\"delimiter\":\",\",\"query\":\"SecurityEvent\\r\\n| summarize Count = count() by Activity\\r\\n| order by Count desc, Activity asc\\r\\n| project Value = Activity, Label = strcat(Activity, ' - ', Count)\",\"value\":[\"value::all\"],\"typeSettings\":{\"additionalResourceOptions\":[\"value::all\"],\"selectAllValue\":\"All\"},\"queryType\":0,\"resourceType\":\"microsoft.operationalinsights/workspaces\"}],\"style\":\"pills\",\"queryType\":0,\"resourceType\":\"microsoft.operationalinsights/workspaces\"},\"name\":\"parameters - 1\"},{\"type\":1,\"content\":{\"json\":\"## Eaton Foreseer Application Information ##\\r\\n\\r\\nLogin information pertaining to the Eaton Foreseer application.\"},\"name\":\"text - 13\"},{\"type\":3,\"content\":{\"version\":\"KqlItem/1.0\",\"query\":\"SecurityEvent\\r\\n| where ProcessName has \\\"Foreseer\\\"\\r\\n| distinct Computer, IpAddress\\r\\n| project\\r\\n    Computer,\\r\\n    IpAddress;\",\"size\":0,\"title\":\"Computers running Eaton Foreseer\",\"timeContextFromParameter\":\"TimeRange\",\"exportFieldName\":\"\",\"exportParameterName\":\"EatonComputers\",\"exportDefaultValue\":\"{\\\"TenantId\\\":\\\"\\\",\\\"Computer\\\":\\\"*\\\"}\",\"queryType\":0,\"resourceType\":\"microsoft.operationalinsights/workspaces\"},\"customWidth\":\"18\",\"name\":\"query - 12\"},{\"type\":3,\"content\":{\"version\":\"KqlItem/1.0\",\"query\":\"let data = SecurityEvent\\r\\n| where \\\"{Activity:lable}\\\" == \\\"All\\\" or Activity in ({Activity})\\r\\n| where EventID == 4624 and AccountType == 'User'\\r\\n// Looking for Eaton Foreseer Events\\r\\n| where ProcessName has \\\"Foreseer\\\"\\r\\n| extend Name = extract(@'^(.*\\\\\\\\)?([^@]*)(@.*)?$', 2, tolower(Account));\\r\\nlet appData = data\\r\\n| summarize TotalCount = count() by Name, Computer\\r\\n| join kind=inner (data\\r\\n    | make-series Trend = count() default = 0 on TimeGenerated in range({TimeRange:start}, {TimeRange:end}, {TimeRange:grain}) by Name\\r\\n    | project-away TimeGenerated) on Name\\r\\n| order by TotalCount desc, Name asc\\r\\n| project Name, TotalCount, Trend, Computer\\r\\n| serialize Id = row_number();\\r\\ndata\\r\\n| summarize TotalCount = count() by Activity , Name, Computer\\r\\n| join kind=inner (data\\r\\n    | make-series Trend = count() default = 0 on TimeGenerated in range({TimeRange:start}, {TimeRange:end}, {TimeRange:grain}) by Name, Activity\\r\\n    | project-away TimeGenerated) on Name, Activity\\r\\n| order by TotalCount desc, Name asc\\r\\n| project Name, Activity, TotalCount, Trend, Computer\\r\\n| serialize Id = row_number(1000000)\\r\\n| join kind=inner (appData) on Name\\r\\n| project Id, Name = Activity, Type = 'Activity', ['Activity Count'] = TotalCount, Trend, ParentId = Id1, Computer\\r\\n| union (appData \\r\\n    | project Id, Name = Name, Type = 'Computer', ['Activity Count'] = TotalCount, Trend )\\r\\n| order by ['Activity Count'] desc, Name asc\",\"size\":0,\"title\":\"Eaton Foreseer Application User login success\",\"timeContextFromParameter\":\"TimeRange\",\"exportParameterName\":\"Userinfo\",\"exportDefaultValue\":\"{ \\\"Name\\\":\\\"\\\", \\\"Type\\\":\\\"*\\\"}\",\"queryType\":0,\"resourceType\":\"microsoft.operationalinsights/workspaces\",\"gridSettings\":{\"formatters\":[{\"columnMatch\":\"Id\",\"formatter\":5,\"formatOptions\":{\"showIcon\":true}},{\"columnMatch\":\"Activity Count\",\"formatter\":8,\"formatOptions\":{\"min\":0,\"palette\":\"blueGreen\",\"showIcon\":true}},{\"columnMatch\":\"Trend\",\"formatter\":9,\"formatOptions\":{\"palette\":\"greenDark\",\"showIcon\":true}},{\"columnMatch\":\"IpAddress\",\"formatter\":5,\"formatOptions\":{\"showIcon\":true}},{\"columnMatch\":\"ParentId\",\"formatter\":5,\"formatOptions\":{\"showIcon\":true}}],\"filter\":true,\"hierarchySettings\":{\"idColumn\":\"Id\",\"parentColumn\":\"ParentId\",\"treeType\":0,\"expanderColumn\":\"Name\"}}},\"customWidth\":\"41\",\"name\":\"query - 5\"},{\"type\":3,\"content\":{\"version\":\"KqlItem/1.0\",\"query\":\"let data = SecurityEvent\\r\\n| where \\\"{Activity:lable}\\\" == \\\"All\\\" or Activity in ({Activity})\\r\\n| where EventID == 4625 and AccountType == 'User'\\r\\n// Look for Eaton Foreseer events\\r\\n| where ProcessName has \\\"Foreseer\\\"\\r\\n| extend Name = extract(@'^(.*\\\\\\\\)?([^@]*)(@.*)?$', 2, tolower(Account));\\r\\nlet appData = data\\r\\n| summarize TotalCount = count() by Name, Computer\\r\\n| join kind=inner (data\\r\\n    | make-series Trend = count() default = 0 on TimeGenerated in range({TimeRange:start}, {TimeRange:end}, {TimeRange:grain}) by Name\\r\\n    | project-away TimeGenerated) on Name\\r\\n| order by TotalCount desc, Name asc\\r\\n| project Name, TotalCount, Trend, Computer\\r\\n| serialize Id = row_number();\\r\\ndata\\r\\n| summarize TotalCount = count() by Activity , Name, Computer\\r\\n| join kind=inner (data\\r\\n    | make-series Trend = count() default = 0 on TimeGenerated in range({TimeRange:start}, {TimeRange:end}, {TimeRange:grain}) by Name, Activity\\r\\n    | project-away TimeGenerated) on Name, Activity\\r\\n| order by TotalCount desc, Name asc\\r\\n| project Name, Activity, TotalCount, Trend, Computer\\r\\n| serialize Id = row_number(1000000)\\r\\n| join kind=inner (appData) on Name\\r\\n| project Id, Name = Activity, Type = 'Activity', ['Activity Count'] = TotalCount, Trend, ParentId = Id1, Computer\\r\\n| union (appData \\r\\n    | project Id, Name = Name, Type = 'Computer', ['Activity Count'] = TotalCount, Trend )\\r\\n| order by ['Activity Count'] desc, Name asc\",\"size\":0,\"title\":\"Eaton Foreseer Application User login failure\",\"timeContextFromParameter\":\"TimeRange\",\"exportParameterName\":\"Userinfo\",\"exportDefaultValue\":\"{ \\\"Name\\\":\\\"\\\", \\\"Type\\\":\\\"*\\\"}\",\"queryType\":0,\"resourceType\":\"microsoft.operationalinsights/workspaces\",\"gridSettings\":{\"formatters\":[{\"columnMatch\":\"Id\",\"formatter\":5},{\"columnMatch\":\"Activity Count\",\"formatter\":8,\"formatOptions\":{\"min\":0,\"palette\":\"yellowOrangeRed\"}},{\"columnMatch\":\"Trend\",\"formatter\":9,\"formatOptions\":{\"palette\":\"redDark\"}},{\"columnMatch\":\"ParentId\",\"formatter\":5},{\"columnMatch\":\"IpAddress\",\"formatter\":5}],\"filter\":true,\"hierarchySettings\":{\"idColumn\":\"Id\",\"parentColumn\":\"ParentId\",\"treeType\":0,\"expanderColumn\":\"Name\"}}},\"customWidth\":\"40\",\"name\":\"query - 6\"},{\"type\":3,\"content\":{\"version\":\"KqlItem/1.0\",\"query\":\"SecurityEvent\\r\\n// Look for all events relating to user logins  \\r\\n| where EventID in (4624,4625,4648,4675,4634,4647)  \\r\\n| where AccountType == \\\"User\\\" \\r\\n// Filter for data present  \\r\\n| where isnotempty(ProcessName)  \\r\\n| where isnotempty(TargetUserName)  \\r\\n// Look for all events that relate to the Eaton Foreseer application  \\r\\n| where ProcessName has \\\"Foreseer\\\"  \\r\\n// Ignore known user accounts (please edit based on your allowed users)  \\r\\n| where TargetUserName !in (\\\"eaton_superuser\\\", \\\"janedoe\\\", \\\"johndoe\\\")  \\r\\n| summarize TimeGenerated=arg_min(TimeGenerated, *) by TargetUserName, Computer \\r\\n| extend LoginStatus=iff(EventID==4624, 'Success', 'Failure')\\r\\n| project      \\r\\n    TimeGenerated,\\r\\n    WindowsEventID = EventID,\\r\\n    IPCustomEntity = IpAddress,\\r\\n    HostCustomEntity = Computer,\\r\\n    UserEntity = TargetUserName,\\r\\n    LoginStatus,\\r\\n    Process,\\r\\n    ProcessName\\r\\n\\r\\n\\r\\n\",\"size\":0,\"title\":\"Eaton Foreseer Application Anomalous Logins\",\"timeContextFromParameter\":\"TimeRange\",\"queryType\":0,\"resourceType\":\"microsoft.operationalinsights/workspaces\"},\"name\":\"query - 7\"},{\"type\":1,\"content\":{\"json\":\"# Additional Information #\\r\\n\\r\\nInformation on security related activity and processes in all the machines that are running Eaton application.\"},\"name\":\"text - 12\"},{\"type\":3,\"content\":{\"version\":\"KqlItem/1.0\",\"query\":\"let Computers = (\\r\\nSecurityEvent\\r\\n| where \\\"{Activity:lable}\\\" == \\\"All\\\" or Activity in ({Activity})\\r\\n| where AccountType == 'User'\\r\\n| where ProcessName has \\\"Foreseer\\\"\\r\\n| summarize by Computer\\r\\n);\\r\\nlet data = SecurityEvent\\r\\n| where \\\"{Activity:lable}\\\" == \\\"All\\\" or Activity in ({Activity})\\r\\n| join kind=leftsemi (Computers) on Computer\\r\\n;\\r\\ndata\\r\\n| summarize Count = count() by Activity\\r\\n| join kind = fullouter (datatable(Activity:string)['Medium', 'high', 'low']) on Activity\\r\\n| project Activity = iff(Activity == '', Activity1, Activity), Count = iff(Activity == '', 0, Count)\\r\\n| join kind = inner (data\\r\\n | make-series Trend = count() default = 0 on TimeGenerated from {TimeRange:start} to {TimeRange:end} step {TimeRange:grain} by Activity)\\r\\n on Activity\\r\\n| project-away Activity1, TimeGenerated\\r\\n| extend Activitys = Activity\\r\\n| union (\\r\\n data \\r\\n | summarize Count = count() \\r\\n | extend jkey = 1\\r\\n | join kind=inner (data\\r\\n | make-series Trend = count() default = 0 on TimeGenerated from {TimeRange:start} to {TimeRange:end} step {TimeRange:grain}\\r\\n | extend jkey = 1) on jkey\\r\\n | extend Activity = 'All', Activitys = '*' \\r\\n)\\r\\n| order by Count desc\\r\\n| take 10\",\"size\":4,\"title\":\"Top 10 activities - click to filter by activity\",\"timeContextFromParameter\":\"TimeRange\",\"exportFieldName\":\"Activity\",\"exportParameterName\":\"ActivityPiker\",\"exportDefaultValue\":\"All\",\"queryType\":0,\"resourceType\":\"microsoft.operationalinsights/workspaces\",\"visualization\":\"tiles\",\"tileSettings\":{\"titleContent\":{\"columnMatch\":\"Activity\",\"formatter\":1,\"formatOptions\":{\"showIcon\":true}},\"leftContent\":{\"columnMatch\":\"Count\",\"formatter\":12,\"formatOptions\":{\"palette\":\"auto\",\"showIcon\":true},\"numberFormat\":{\"unit\":17,\"options\":{\"maximumSignificantDigits\":3,\"maximumFractionDigits\":2}}},\"secondaryContent\":{\"columnMatch\":\"Trend\",\"formatter\":9,\"formatOptions\":{\"palette\":\"lightBlue\",\"showIcon\":true}},\"showBorder\":false}},\"name\":\"query - 2\"},{\"type\":3,\"content\":{\"version\":\"KqlItem/1.0\",\"query\":\"let Computers = (\\r\\nSecurityEvent\\r\\n| where \\\"{Activity:lable}\\\" == \\\"All\\\" or Activity in ({Activity})\\r\\n| where AccountType == 'User'\\r\\n| where ProcessName has \\\"Foreseer\\\"\\r\\n| summarize by Computer\\r\\n);\\r\\nlet data = SecurityEvent\\r\\n| where \\\"{Activity:lable}\\\" == \\\"All\\\" or Activity in ({Activity})\\r\\n| where Activity == '{ActivityPiker}' or '{ActivityPiker}' == \\\"All\\\" and AccountType == 'User'\\r\\n| join kind=leftsemi (Computers) on Computer\\r\\n| extend Name = extract(@'^(.*\\\\\\\\)?([^@]*)(@.*)?$', 2, tolower(Account));\\r\\nlet appData = data\\r\\n| summarize TotalCount = count() by Name\\r\\n| join kind=inner (data\\r\\n    | make-series Trend = count() default = 0 on TimeGenerated in range({TimeRange:start}, {TimeRange:end}, {TimeRange:grain}) by Name\\r\\n    | project-away TimeGenerated) on Name\\r\\n| order by TotalCount desc, Name asc\\r\\n| project Name, TotalCount, Trend\\r\\n| serialize Id = row_number();\\r\\ndata\\r\\n| summarize TotalCount = count() by Activity , Name\\r\\n| join kind=inner (data\\r\\n    | make-series Trend = count() default = 0 on TimeGenerated in range({TimeRange:start}, {TimeRange:end}, {TimeRange:grain}) by Name, Activity\\r\\n    | project-away TimeGenerated) on Name, Activity\\r\\n| order by TotalCount desc, Name asc\\r\\n| project Name, Activity, TotalCount, Trend\\r\\n| serialize Id = row_number(1000000)\\r\\n| join kind=inner (appData) on Name\\r\\n| project Id, Name = Activity, Type = 'Activity', ['Activity Count'] = TotalCount, Trend, ParentId = Id1\\r\\n| union (appData \\r\\n    | project Id, Name = Name, Type = 'Computer', ['Activity Count'] = TotalCount, Trend )\\r\\n| order by ['Activity Count'] desc, Name asc\",\"size\":0,\"title\":\"All Security related User activities\",\"timeContextFromParameter\":\"TimeRange\",\"exportParameterName\":\"Userinfo\",\"exportDefaultValue\":\"{ \\\"Name\\\":\\\"\\\", \\\"Type\\\":\\\"*\\\"}\",\"queryType\":0,\"resourceType\":\"microsoft.operationalinsights/workspaces\",\"gridSettings\":{\"formatters\":[{\"columnMatch\":\"Id\",\"formatter\":5,\"formatOptions\":{\"showIcon\":true}},{\"columnMatch\":\"Activity Count\",\"formatter\":8,\"formatOptions\":{\"min\":0,\"palette\":\"blueGreen\",\"showIcon\":true}},{\"columnMatch\":\"Trend\",\"formatter\":9,\"formatOptions\":{\"palette\":\"greenDark\",\"showIcon\":true}},{\"columnMatch\":\"IpAddress\",\"formatter\":5,\"formatOptions\":{\"showIcon\":true}},{\"columnMatch\":\"ParentId\",\"formatter\":5,\"formatOptions\":{\"showIcon\":true}}],\"filter\":true,\"hierarchySettings\":{\"idColumn\":\"Id\",\"parentColumn\":\"ParentId\",\"treeType\":0,\"expanderColumn\":\"Name\"}}},\"customWidth\":\"50\",\"name\":\"query - 3\"},{\"type\":3,\"content\":{\"version\":\"KqlItem/1.0\",\"query\":\"let Computers = (\\r\\nSecurityEvent\\r\\n| where \\\"{Activity:lable}\\\" == \\\"All\\\" or Activity in ({Activity})\\r\\n| where AccountType == 'User'\\r\\n| where ProcessName has \\\"Foreseer\\\"\\r\\n| summarize by Computer\\r\\n);\\r\\nlet data = SecurityEvent\\r\\n| where \\\"{Activity:lable}\\\" == \\\"All\\\" or Activity in ({Activity})\\r\\n| where Activity == '{ActivityPiker}' or '{ActivityPiker}' == \\\"All\\\" and AccountType == 'Machine'\\r\\n| join kind=leftsemi (Computers) on Computer\\r\\n| extend user = extract(@'^(.*\\\\\\\\)?([^@]*)(@.*)?$', 2, tolower(Account))\\r\\n| where dynamic({Userinfo}).Type == '*' or (dynamic({Userinfo}).Type == 'Computer' and user == dynamic({Userinfo}).Name);\\r\\nlet appData = data\\r\\n| summarize TotalCount = count() by Computer\\r\\n| join kind=inner (data\\r\\n    | make-series Trend = count() default = 0 on TimeGenerated in range({TimeRange:start}, {TimeRange:end}, {TimeRange:grain}) by Computer\\r\\n    | project-away TimeGenerated) on Computer\\r\\n| order by TotalCount desc, Computer asc\\r\\n| project Computer, TotalCount, Trend\\r\\n| serialize Id = row_number();\\r\\ndata\\r\\n| summarize TotalCount = count() by Activity , Computer\\r\\n| join kind=inner (data\\r\\n    | make-series Trend = count() default = 0 on TimeGenerated in range({TimeRange:start}, {TimeRange:end}, {TimeRange:grain}) by Computer, Activity\\r\\n    | project-away TimeGenerated) on Computer, Activity\\r\\n| order by TotalCount desc, Computer asc\\r\\n| project Computer, Activity, TotalCount, Trend\\r\\n| serialize Id = row_number(1000000)\\r\\n| join kind=inner (appData) on Computer\\r\\n| project Id, Name = Activity, Type = 'Activity', ['Activity Count'] = TotalCount, Trend, ParentId = Id1\\r\\n| union (appData \\r\\n    | project Id, Name = Computer, Type = 'Computer', ['Activity Count'] = TotalCount, Trend )\\r\\n| order by ['Activity Count'] desc, Name asc\",\"size\":0,\"title\":\"All Security related Machine activities\",\"timeContextFromParameter\":\"TimeRange\",\"exportFieldName\":\"\",\"exportParameterName\":\"MachineInfo\",\"exportDefaultValue\":\"{ \\\"Name\\\":\\\"\\\", \\\"Type\\\":\\\"*\\\"}\",\"queryType\":0,\"resourceType\":\"microsoft.operationalinsights/workspaces\",\"gridSettings\":{\"formatters\":[{\"columnMatch\":\"Id\",\"formatter\":5,\"formatOptions\":{\"showIcon\":true}},{\"columnMatch\":\"Activity Count\",\"formatter\":8,\"formatOptions\":{\"min\":0,\"palette\":\"blue\",\"showIcon\":true}},{\"columnMatch\":\"Trend\",\"formatter\":9,\"formatOptions\":{\"showIcon\":true}},{\"columnMatch\":\"ParentId\",\"formatter\":5,\"formatOptions\":{\"showIcon\":true}}],\"filter\":true,\"hierarchySettings\":{\"idColumn\":\"Id\",\"parentColumn\":\"ParentId\",\"treeType\":0,\"expanderColumn\":\"Name\"}}},\"customWidth\":\"50\",\"name\":\"query - 4\"},{\"type\":3,\"content\":{\"version\":\"KqlItem/1.0\",\"query\":\"let Computers = (\\r\\nSecurityEvent\\r\\n| where \\\"{Activity:lable}\\\" == \\\"All\\\" or Activity in ({Activity})\\r\\n| where AccountType == 'User'\\r\\n| where ProcessName has \\\"Foreseer\\\"\\r\\n| summarize by Computer\\r\\n);\\r\\nlet Users = dynamic({Userinfo});\\r\\nlet Machines = dynamic({MachineInfo});\\r\\nSecurityEvent\\r\\n| where LogonTypeName != \\\"\\\"\\r\\n| where \\\"{Activity:lable}\\\" == \\\"All\\\" or Activity in ({Activity})\\r\\n| where Activity == '{ActivityPiker}' or '{ActivityPiker}' == \\\"All\\\"\\r\\n| join kind=leftsemi (Computers) on Computer\\r\\n| extend user = extract(@'^(.*\\\\\\\\)?([^@]*)(@.*)?$', 2, tolower(Account))\\r\\n| where (Users.Type == '*' or (Users.Type == 'Computer' and user == Users.Name)) and (Machines.Type == '*' or (Machines.Type == 'Computer' and Computer == Machines.Name))\\r\\n| summarize Count = count() by LogonTypeName = strcat( \\\"Logon type: \\\", LogonTypeName), Activity, user\\r\\n| order by Count\",\"size\":0,\"title\":\"Logon activity types\",\"timeContextFromParameter\":\"TimeRange\",\"queryType\":0,\"resourceType\":\"microsoft.operationalinsights/workspaces\",\"gridSettings\":{\"formatters\":[{\"columnMatch\":\"Count\",\"formatter\":8,\"formatOptions\":{\"min\":0,\"palette\":\"green\",\"showIcon\":true,\"aggregation\":\"Sum\"}}],\"filter\":true,\"hierarchySettings\":{\"treeType\":1,\"groupBy\":[\"LogonTypeName\",\"Activity\"],\"expandTopLevel\":false}}},\"name\":\"query - 11\"},{\"type\":3,\"content\":{\"version\":\"KqlItem/1.0\",\"query\":\"let Computers = (\\r\\nSecurityEvent\\r\\n| where \\\"{Activity:lable}\\\" == \\\"All\\\" or Activity in ({Activity})\\r\\n| where AccountType == 'User'\\r\\n| where ProcessName has \\\"Foreseer\\\"\\r\\n| summarize by Computer\\r\\n);\\r\\nlet Users = dynamic({Userinfo});\\r\\nlet Machines = dynamic({MachineInfo});\\r\\nSecurityEvent\\r\\n| where Process != \\\"\\\" and Process != \\\"-\\\"\\r\\n| where \\\"{Activity:lable}\\\" == \\\"All\\\" or Activity in ({Activity})\\r\\n| where Activity == '{ActivityPiker}' or '{ActivityPiker}' == \\\"All\\\"\\r\\n| join kind=leftsemi (Computers) on Computer\\r\\n| extend Name = extract(@'^(.*\\\\\\\\)?([^@]*)(@.*)?$', 2, tolower(Account))\\r\\n| where (Users.Type == '*' or (Users.Type == 'Computer' and Name == Users.Name)) and (Machines.Type == '*' or (Machines.Type == 'Computer' and Computer == Machines.Name))\\r\\n| summarize Count = count() by Process, bin(TimeGenerated, 1h)\",\"size\":0,\"title\":\"All Processes\",\"color\":\"lightBlue\",\"timeContextFromParameter\":\"TimeRange\",\"queryType\":0,\"resourceType\":\"microsoft.operationalinsights/workspaces\",\"visualization\":\"areachart\"},\"customWidth\":\"30\",\"name\":\"query - 9\"},{\"type\":3,\"content\":{\"version\":\"KqlItem/1.0\",\"query\":\"let Computers = (\\r\\nSecurityEvent\\r\\n| where \\\"{Activity:lable}\\\" == \\\"All\\\" or Activity in ({Activity})\\r\\n| where AccountType == 'User'\\r\\n| where ProcessName has \\\"Foreseer\\\"\\r\\n| summarize by Computer\\r\\n);\\r\\nlet Users = dynamic({Userinfo});\\r\\nlet Machines = dynamic({MachineInfo});\\r\\nSecurityEvent\\r\\n| where Process != \\\"\\\" and Process != \\\"-\\\"\\r\\n| where \\\"{Activity:lable}\\\" == \\\"All\\\" or Activity in ({Activity})\\r\\n| where Activity == '{ActivityPiker}' or '{ActivityPiker}' == \\\"All\\\"\\r\\n| join kind=leftsemi (Computers) on Computer\\r\\n| extend user = extract(@'^(.*\\\\\\\\)?([^@]*)(@.*)?$', 2, tolower(Account))\\r\\n| where (Users.Type == '*' or (Users.Type == 'Computer' and user == Users.Name)) and (Machines.Type == '*' or (Machines.Type == 'Computer' and Computer == Machines.Name))\\r\\n| summarize Count = count() by Process, Activity, user, Computer, bin(TimeGenerated, 1h)\\r\\n| order by TimeGenerated, Count\",\"size\":0,\"title\":\"All Processes details\",\"timeContextFromParameter\":\"TimeRange\",\"queryType\":0,\"resourceType\":\"microsoft.operationalinsights/workspaces\",\"gridSettings\":{\"filter\":true}},\"customWidth\":\"70\",\"name\":\"query - 10\"}],\"fromTemplateId\":\"sentinel-EatonForeseerHealthAndAccess\",\"$schema\":\"https://github.com/Microsoft/Application-Insights-Workbooks/blob/master/schema/workbook.json\"}\r\n",
                "version": "1.0",
                "sourceId": "[variables('workspaceResourceId')]",
                "category": "sentinel"
              }
            },
            {
              "type": "Microsoft.OperationalInsights/workspaces/providers/metadata",
              "apiVersion": "2022-01-01-preview",
              "name": "[concat(parameters('workspace'),'/Microsoft.SecurityInsights/',concat('Workbook-', last(split(variables('workbookId1'),'/'))))]",
              "properties": {
                "description": "@{workbookKey=EatonForeseerHealthAndAccess; logoFileName=Azure_Sentinel.svg; description=This workbook gives an insight into the health of all the Windows VMs in this subscription running Eaton Foreseer and       the unauthorized access into the Eaton Foreseer application running on these VMs.; dataTypesDependencies=System.Object[]; dataConnectorsDependencies=System.Object[]; previewImagesFileNames=System.Object[]; version=1.0.0; title=EatonForeseerHealthAndAccess; templateRelativePath=EatonForeseerHealthAndAccess.json; subtitle=; provider=Eaton}.description",
                "parentId": "[variables('workbookId1')]",
                "contentId": "[variables('_workbookContentId1')]",
                "kind": "Workbook",
                "version": "[variables('workbookVersion1')]",
                "source": {
                  "kind": "Solution",
                  "name": "EatonForeseer",
                  "sourceId": "[variables('_solutionId')]"
                },
                "author": {
                  "name": "Microsoft",
                  "email": "[variables('_email')]"
                },
                "support": {
                  "name": "Microsoft Corporation",
                  "email": "support@microsoft.com",
                  "tier": "Microsoft",
                  "link": "https://support.microsoft.com"
                },
                "dependencies": {
                  "operator": "AND",
                  "criteria": [
                    {
                      "contentId": "SecurityEvent",
                      "kind": "DataType"
                    }
                  ]
                }
              }
            }
          ]
        }
      }
    },
    {
      "type": "Microsoft.Resources/templateSpecs",
      "apiVersion": "2021-05-01",
      "name": "[variables('analyticRuleTemplateSpecName1')]",
      "location": "[parameters('workspace-location')]",
      "tags": {
        "hidden-sentinelWorkspaceId": "[variables('workspaceResourceId')]",
        "hidden-sentinelContentType": "AnalyticsRule"
      },
      "properties": {
        "description": "EatonForeseer Analytics Rule 1 with template",
        "displayName": "EatonForeseer Analytics Rule template"
      }
    },
    {
      "type": "Microsoft.Resources/templateSpecs/versions",
      "apiVersion": "2021-05-01",
      "name": "[concat(variables('analyticRuleTemplateSpecName1'),'/',variables('analyticRuleVersion1'))]",
      "location": "[parameters('workspace-location')]",
      "tags": {
        "hidden-sentinelWorkspaceId": "[variables('workspaceResourceId')]",
        "hidden-sentinelContentType": "AnalyticsRule"
      },
      "dependsOn": [
        "[resourceId('Microsoft.Resources/templateSpecs', variables('analyticRuleTemplateSpecName1'))]"
      ],
      "properties": {
        "description": "EatonUnautorizedLogins_AnalyticalRules Analytics Rule with template version 2.0.0",
        "mainTemplate": {
          "$schema": "https://schema.management.azure.com/schemas/2019-04-01/deploymentTemplate.json#",
          "contentVersion": "[variables('analyticRuleVersion1')]",
          "parameters": {},
          "variables": {},
          "resources": [
            {
              "type": "Microsoft.SecurityInsights/AlertRuleTemplates",
              "name": "[variables('AnalyticRulecontentId1')]",
              "apiVersion": "2022-04-01-preview",
              "kind": "Scheduled",
              "location": "[parameters('workspace-location')]",
              "properties": {
                "description": "Detects Unauthorized Logins into Eaton Foreseer",
                "displayName": "EatonForeseer - Unauthorized Logins",
                "enabled": false,
                "query": "SecurityEvent\n// Look for all events relating to user logins\n| where EventID in (4624,4625,4648,4675,4634,4647)\n| where AccountType == \"User\"\n// Filter for data present\n| where isnotempty(TargetUserName)\n// Look for all events that relate to the Eaton Foreseer application\n| where ProcessName has \"Foreseer\"\n// Ignore known user accounts (please edit based on your allowed users)\n| where TargetUserName !in (\"janedoe\", \"johndoe\")\n// De-duplicate multiple entries for the same user accessing a particular device\n| summarize TimeGenerated=arg_min(TimeGenerated, *) by TargetUserName, Computer\n| project\n    TimeGenerated,\n    IPCustomEntity = IpAddress,\n    HostCustomEntity = Computer,\n    UserEntity = TargetUserName,\n    Process,\n    ProcessName\n",
                "queryFrequency": "PT15M",
                "queryPeriod": "PT15M",
                "severity": "High",
                "suppressionDuration": "PT1H",
                "suppressionEnabled": false,
                "triggerOperator": "GreaterThan",
                "triggerThreshold": 0,
                "status": "Available",
                "requiredDataConnectors": [
                  {
                    "dataTypes": [
                      "SecurityEvent"
                    ],
                    "connectorId": "WindowsSecurityEvents"
                  }
                ],
                "tactics": [
                  "InitialAccess"
                ],
                "entityMappings": [
                  {
                    "entityType": "IP",
                    "fieldMappings": [
                      {
                        "identifier": "Address",
                        "columnName": "IPCustomEntity"
                      }
                    ]
                  },
                  {
                    "entityType": "Account",
                    "fieldMappings": [
                      {
                        "identifier": "Name",
                        "columnName": "UserEntity"
                      }
                    ]
                  },
                  {
                    "entityType": "Host",
                    "fieldMappings": [
                      {
                        "identifier": "HostName",
                        "columnName": "HostCustomEntity"
                      }
                    ]
                  },
                  {
                    "entityType": "Process",
                    "fieldMappings": [
                      {
                        "identifier": "CommandLine",
                        "columnName": "Process"
                      }
                    ]
                  }
                ]
              }
            },
            {
              "type": "Microsoft.OperationalInsights/workspaces/providers/metadata",
              "apiVersion": "2022-01-01-preview",
              "name": "[concat(parameters('workspace'),'/Microsoft.SecurityInsights/',concat('AnalyticsRule-', last(split(variables('analyticRuleId1'),'/'))))]",
              "properties": {
                "description": "EatonForeseer Analytics Rule 1",
                "parentId": "[variables('analyticRuleId1')]",
                "contentId": "[variables('_analyticRulecontentId1')]",
                "kind": "AnalyticsRule",
                "version": "[variables('analyticRuleVersion1')]",
                "source": {
                  "kind": "Solution",
                  "name": "EatonForeseer",
                  "sourceId": "[variables('_solutionId')]"
                },
                "author": {
                  "name": "Microsoft",
                  "email": "[variables('_email')]"
                },
                "support": {
                  "name": "Microsoft Corporation",
                  "email": "support@microsoft.com",
                  "tier": "Microsoft",
                  "link": "https://support.microsoft.com"
                }
              }
            }
          ]
        }
      }
    },
    {
      "type": "Microsoft.OperationalInsights/workspaces/providers/metadata",
      "apiVersion": "2022-01-01-preview",
      "location": "[parameters('workspace-location')]",
      "properties": {
        "version": "2.0.0",
        "kind": "Solution",
        "contentSchemaVersion": "2.0.0",
        "contentId": "[variables('_solutionId')]",
        "parentId": "[variables('_solutionId')]",
        "source": {
          "kind": "Solution",
          "name": "EatonForeseer",
          "sourceId": "[variables('_solutionId')]"
        },
        "author": {
          "name": "Microsoft",
          "email": "[variables('_email')]"
        },
        "support": {
          "name": "Microsoft Corporation",
          "email": "support@microsoft.com",
          "tier": "Microsoft",
          "link": "https://support.microsoft.com"
        },
        "dependencies": {
          "operator": "AND",
          "criteria": [
            {
              "kind": "Workbook",
              "contentId": "[variables('_workbookContentId1')]",
              "version": "[variables('workbookVersion1')]"
            },
            {
              "kind": "AnalyticsRule",
              "contentId": "[variables('analyticRulecontentId1')]",
              "version": "[variables('analyticRuleVersion1')]"
            }
          ]
        },
        "firstPublishDate": "2022-06-28",
        "providers": [
          "Eaton"
        ],
        "categories": {
          "domains": [
            "Internet of Things (IoT)",
            "Application"
          ]
        }
      },
      "name": "[concat(parameters('workspace'),'/Microsoft.SecurityInsights/', variables('_solutionId'))]"
    }
  ],
  "outputs": {}
}
