{
    "SolutionMetadata":
	{
		"JSonVersion":"1.0",
		"JsonUpdateDate":"27/09/2022",
		"Description":"All Audit Functions around POP and IMAP configuration",
		"VersionInformation":{
			"1.0":{
				"Tracking":["First version of the file"],
				"MigrationMessageFromLastVersion":"N/A"
			}
		}
	},
	"AuditFunctionProtectedArea":
	{
		"ContentCheckSum":"42834A15ABD349EF76A253600DCBF1814B19F6D3D52C21EEC364DBA70D04675E"
	},
    "AuditFunctions":[
        {
			"Section":"PopSettings",
			"Cmdlet":"Get-ClientAccessService | Get-PopSettings",
			"PropertySelection":["Server","LoginType","UnencryptedOrTLSBindings","SSLBindings","ProtocolLogEnabled","WhenCreated","WhenChanged"],
			"ProcessPerServer":"false",
			"ProcessingCategory":"On-Premises"
		},
		{
			"Section":"IMAPSettings",
			"Cmdlet":"Get-ClientAccessService | Get-IMAPSettings",
			"PropertySelection":["Server","LoginType","UnencryptedOrTLSBindings","SSLBindings","ProtocolLogEnabled","WhenCreated","WhenChanged"],
			"ProcessPerServer":"false",
			"ProcessingCategory":"On-Premises"
		},
		{
			"Section":"POPIMAPServicesStatus",
			"Cmdlet":"Get-Service -ComputerName #TargetServer# | where {$_.Name -like \"MSExchangePOP3*\" -or $_.Name -like \"MSExchangeIMAP*\"}",
			"PropertySelection":["Name","Status","StartType","DisplayName"],
			"CustomExpressionForSelection":[
				{"Name":"Identity","Expression":"$_.Name"}, 
				{"Name":"Server","Expression":"$TargetServer"}, 
				{"Name":"StatusString","Expression":"$_.Status.ToString()"}, 
				{"Name":"StartTypeString","Expression":"$_.StartType.ToString()"}
			],
			"ProcessPerServer":"True",
			"ProcessingCategory":"On-Premises"
		}
    ]
}
