TenantId,SourceSystem,MG,ManagementGroupName,TimeGenerated [UTC],Computer,RawData,Action,CreatedByContext,CreatedByEmail,CreatedById,CreatedByIssuer,CreatedByName,CreatedByUsername,CreatedDate [UTC],DelegateUser,Display,Id,SalesforceDomain,Section,Type
00000000-0000-0000-0000-000000000001,Azure,,,2026-10-01T16:00:02Z,,,CreateUser,User,admin1@example.com,005000000000001AAA,https://login.salesforce.com,Example Admin 1,admin1@example.com,2026-10-01T16:00:00Z,,User 005000000000001AAA was created,0Ym000000000001AAA,example.my.salesforce.com,Users,SalesforceAuditTrail
00000000-0000-0000-0000-000000000001,Azure,,,2026-10-01T16:05:02Z,,,DeleteConnectedApp,User,admin2@example.com,005000000000002AAA,https://login.salesforce.com,Example Admin 2,admin2@example.com,2026-10-01T16:05:00Z,,Connected app ExampleApp was deleted,0Ym000000000002AAA,example.my.salesforce.com,Connected Apps,SalesforceAuditTrail
00000000-0000-0000-0000-000000000001,Azure,,,2026-10-01T16:10:02Z,,,EnableMfa,User,admin3@example.com,005000000000003AAA,https://login.salesforce.com,Example Admin 3,admin3@example.com,2026-10-01T16:10:00Z,Security Administrator,Multi-factor authentication was enabled,0Ym000000000003AAA,example.my.salesforce.com,Session Settings,SalesforceAuditTrail
00000000-0000-0000-0000-000000000001,Azure,,,2026-10-01T16:15:02Z,,,DisableApiAccess,User,admin4@example.com,005000000000004AAA,https://login.salesforce.com,Example Admin 4,admin4@example.com,2026-10-01T16:15:00Z,,API access was disabled,0Ym000000000004AAA,example.my.salesforce.com,Profiles,SalesforceAuditTrail
00000000-0000-0000-0000-000000000001,Azure,,,2026-10-01T16:20:02Z,,,InstallPackage,User,admin5@example.com,005000000000005AAA,https://login.salesforce.com,Example Admin 5,admin5@example.com,2026-10-01T16:20:00Z,,Package ExamplePackage was installed,0Ym000000000005AAA,example.my.salesforce.com,Installed Packages,SalesforceAuditTrail
00000000-0000-0000-0000-000000000001,Azure,,,2026-10-01T16:25:02Z,,,StartDataExport,User,admin6@example.com,005000000000006AAA,https://login.salesforce.com,Example Admin 6,admin6@example.com,2026-10-01T16:25:00Z,,Data export was started,0Ym000000000006AAA,example.my.salesforce.com,Data Export,SalesforceAuditTrail
00000000-0000-0000-0000-000000000001,Azure,,,2026-10-01T16:30:02Z,,,StopDataExport,User,admin7@example.com,005000000000007AAA,https://login.salesforce.com,Example Admin 7,admin7@example.com,2026-10-01T16:30:00Z,,Data export was stopped,0Ym000000000007AAA,example.my.salesforce.com,Data Export,SalesforceAuditTrail
00000000-0000-0000-0000-000000000001,Azure,,,2026-10-01T16:35:02Z,,,ClearLoginHistory,User,admin8@example.com,005000000000008AAA,https://login.salesforce.com,Example Admin 8,admin8@example.com,2026-10-01T16:35:00Z,,Login history was cleared,0Ym000000000008AAA,example.my.salesforce.com,Security,SalesforceAuditTrail
00000000-0000-0000-0000-000000000001,Azure,,,2026-10-01T16:40:02Z,,,RunHealthCheck,User,admin9@example.com,005000000000009AAA,https://login.salesforce.com,Example Admin 9,admin9@example.com,2026-10-01T16:40:00Z,,Health check was executed,0Ym000000000009AAA,example.my.salesforce.com,Security Health Check,SalesforceAuditTrail
00000000-0000-0000-0000-000000000001,Azure,,,2026-10-01T16:45:02Z,,,UpdatePasswordPolicy,User,admin10@example.com,005000000000010AAA,https://login.salesforce.com,Example Admin 10,admin10@example.com,2026-10-01T16:45:00Z,,Password policy was changed,0Ym000000000010AAA,example.my.salesforce.com,Password Policies,SalesforceAuditTrail
