{
  "UpdatedDate": "2023-07-08T19:05:16.2416939+02:00",
  "Files": [
    {
      "FileName": "ESICollector-TransportConfiguration.json",
      "FileCheckSum": "764A53010B769BF13A51B1FB74528C8D7DA979B86C8FAF1F8A0FBAE5830052B8",
      "ContentCheckSum": "57E4827098C5900E831117375B8E7188C2E82752C49FD79EDB09A3D9D0762F1B"
    },
    {
      "FileName": "ESICollector-POPIMAPConfiguration.json",
      "FileCheckSum": "35964E58F15FA0A00871C2D8D05F3522E3D7964E26998B0F6C3560F0046422CC",
      "ContentCheckSum": "42834A15ABD349EF76A253600DCBF1814B19F6D3D52C21EEC364DBA70D04675E"
    },
    {
      "FileName": "ESICollector-VIPAudit.json",
      "FileCheckSum": "73A9698E5D57032B7D91B30794A4E1E869B1EFC9678E6B0287BFA739A84A6C5F",
      "ContentCheckSum": "042F7C5A2AD5631B3403B3222E274A1C3D76928A3B997F2BD4CCA11AB7EFD09B"
    },
    {
      "FileName": "ESICollector-DAGMailboxDatabaseConfiguration.json",
      "FileCheckSum": "C2FDE5B3CA0CC17D94EC7B672C8B9DBF73AE803A1B5881126759D5A8AA7874B1",
      "ContentCheckSum": "2B0E663B4545873F3D084A0BA86178CF0701D815B7526736F5AB6D184AE7498A"
    },
    {
      "FileName": "ESICollector-ManagementRoles.json",
      "FileCheckSum": "052A020BD7A382E1492406472ECD1B18F1E36241BC2E4A3DC5D579D3DC26F2C0",
      "ContentCheckSum": "099D468E94891F8C74CE266C7712C66B9827D6F45804653413F6D56849F2C710"
    },
    {
      "FileName": "ESICollector-ExchangeGlobalConfiguration.json",
      "FileCheckSum": "25084A353388DCC774AE362EF5C53999E796E1CB94235A138FB41D623A259CA6",
      "ContentCheckSum": "8C7746FB8488D4AE99B3B0D6CB0751526F1A98F6EF4CACFEF62A2F6E6A95E60E"
    },
    {
      "FileName": "ESICollector-RoleAndGroupConfiguration.json",
      "FileCheckSum": "6954F692172367521FB85008C959793627F5190565570563901AB9CA77AAE6AF",
      "ContentCheckSum": "1E5B0829DB06EC79E49127FA0FA7E42725FE2504F42D0A14620F9B3555E7F179"
    }
  ]
}
