{
  "$schema": "https://schema.management.azure.com/schemas/2019-04-01/deploymentTemplate.json#",
  "contentVersion": "1.0.0.0",
  "metadata": {
    "author": "Microsoft",
    "comments": "Solution template for AWS VPC Flow Logs"
  },
  "parameters": {
    "location": {
      "type": "string",
      "minLength": 1,
      "defaultValue": "[resourceGroup().location]",
      "metadata": {
        "description": "Not used, but needed to pass arm-ttk test `Location-Should-Not-Be-Hardcoded`.  We instead use the `workspace-location` which is derived from the LA workspace"
      }
    },
    "workspace-location": {
      "type": "string",
      "defaultValue": "",
      "metadata": {
        "description": "[concat('Region to deploy solution resources -- separate from location selection',parameters('location'))]"
      }
    },
    "workspace": {
      "defaultValue": "",
      "type": "string",
      "metadata": {
        "description": "Workspace name for Log Analytics where Microsoft Sentinel is setup"
      }
    },
    "resourceGroupName": {
      "type": "string",
      "defaultValue": "[resourceGroup().name]",
      "metadata": {
        "description": "resource group name where Microsoft Sentinel is setup"
      }
    },
    "subscription": {
      "type": "string",
      "defaultValue": "[last(split(subscription().id, '/'))]",
      "metadata": {
        "description": "subscription id where Microsoft Sentinel is setup"
      }
    }
  },
  "variables": {
    "_solutionName": "AWS VPC Flow Logs",
    "_solutionVersion": "3.0.0",
    "solutionId": "azuresentinel.azure-sentinel-solution-awsvpcflowlogs",
    "_solutionId": "[variables('solutionId')]",
    "workspaceResourceId": "[resourceId('microsoft.OperationalInsights/Workspaces', parameters('workspace'))]",
    "dataConnectorCCPVersion": "1.0.0",
    "_dataConnectorContentIdConnectorDefinition1": "AWSS3VPCFlowLogsParquetDefinition",
    "dataConnectorTemplateNameConnectorDefinition1": "[concat(parameters('workspace'),'-dc-',uniquestring(variables('_dataConnectorContentIdConnectorDefinition1')))]",
    "_dataConnectorContentIdConnections1": "AWSS3VPCFlowLogsParquetDefinitionConnections",
    "dataConnectorTemplateNameConnections1": "[concat(parameters('workspace'),'-dc-',uniquestring(variables('_dataConnectorContentIdConnections1')))]",
    "dataCollectionEndpointId1": "[concat('/subscriptions/',parameters('subscription'),'/resourceGroups/',parameters('resourceGroupName'),'/providers/Microsoft.Insights/dataCollectionEndpoints/',parameters('workspace'))]",
    "blanks": "[replace('b', 'b', '')]",
    "_solutioncontentProductId": "[concat(take(variables('_solutionId'),50),'-','sl','-', uniqueString(concat(variables('_solutionId'),'-','Solution','-',variables('_solutionId'),'-', variables('_solutionVersion'))))]"
  },
  "resources": [
    {
      "type": "Microsoft.OperationalInsights/workspaces/providers/contentTemplates",
      "apiVersion": "2023-04-01-preview",
      "name": "[concat(parameters('workspace'),'/Microsoft.SecurityInsights/', variables('dataConnectorTemplateNameConnectorDefinition1'), variables('dataConnectorCCPVersion'))]",
      "location": "[parameters('workspace-location')]",
      "dependsOn": [
        "[extensionResourceId(resourceId('Microsoft.OperationalInsights/workspaces', parameters('workspace')), 'Microsoft.SecurityInsights/contentPackages', variables('_solutionId'))]"
      ],
      "properties": {
        "contentId": "[variables('_dataConnectorContentIdConnectorDefinition1')]",
        "displayName": "Amazon Web Services S3 VPC Flow Logs",
        "contentKind": "DataConnector",
        "mainTemplate": {
          "$schema": "https://schema.management.azure.com/schemas/2019-04-01/deploymentTemplate.json#",
          "contentVersion": "[variables('dataConnectorCCPVersion')]",
          "parameters": {},
          "variables": {},
          "resources": [
            {
              "name": "[concat(parameters('workspace'),'/Microsoft.SecurityInsights/',variables('_dataConnectorContentIdConnectorDefinition1'))]",
              "apiVersion": "2022-09-01-preview",
              "type": "Microsoft.OperationalInsights/workspaces/providers/dataConnectorDefinitions",
              "location": "[parameters('workspace-location')]",
              "kind": "Customizable",
              "properties": {
                "connectorUiConfig": {
                  "id": "AWSS3VPCFlowLogsParquetDefinition",
                  "title": "Amazon Web Services S3 VPC Flow Logs",
                  "logo": "amazon_web_services_Logo.svg",
                  "publisher": "Microsoft",
                  "descriptionMarkdown": "This connector allows you to ingest AWS VPC Flow Logs, collected in AWS S3 buckets, to Microsoft Sentinel. AWS VPC Flow Logs provide visibility into network traffic within your AWS Virtual Private Cloud (VPC), enabling security analysis and network monitoring.",
                  "graphQueriesTableName": "AWSVPCFlow",
                  "graphQueries": [
                    {
                      "metricName": "Total events received",
                      "legend": "AWS VPC Flow Logs Parquet",
                      "baseQuery": "{{graphQueriesTableName}}"
                    }
                  ],
                  "sampleQueries": [
                    {
                      "description": "Get Sample of logs",
                      "query": "{{graphQueriesTableName}}\n | take 10"
                    }
                  ],
                  "dataTypes": [
                    {
                      "name": "{{graphQueriesTableName}}",
                      "lastDataReceivedQuery": "{{graphQueriesTableName}}\n            | where TimeGenerated > ago(12h) | where name_s == \"no data test\"               | summarize Time = max(TimeGenerated)\n            | where isnotempty(Time)"
                    }
                  ],
                  "connectivityCriteria": [
                    {
                      "type": "HasDataConnectors",
                      "value": null
                    }
                  ],
                  "availability": {
                    "status": 1,
                    "isPreview": false
                  },
                  "permissions": {
                    "resourceProvider": [
                      {
                        "provider": "Microsoft.OperationalInsights/workspaces",
                        "permissionsDisplayText": "Read and Write permissions are required.",
                        "providerDisplayName": "Workspace",
                        "scope": "Workspace",
                        "requiredPermissions": {
                          "read": true,
                          "write": true,
                          "delete": true,
                          "action": false
                        }
                      }
                    ]
                  },
                  "instructionSteps": [
                    {
                      "instructions": [
                        {
                          "type": "Markdown",
                          "parameters": {
                            "content": "#### 1. AWS CloudFormation Deployment \n To configure access on AWS, two templates have been generated to set up the AWS environment to send VPC Flow Logs from an S3 bucket to your Log Analytics Workspace.\n #### For each template, create a Stack in AWS: \n 1. Go to [AWS CloudFormation Stacks](https://aka.ms/awsCloudFormationLink#/stacks/create). \n 2. Choose the ‘Specify template’ option, then ‘Upload a template file’ by clicking on ‘Choose file’ and selecting the appropriate CloudFormation template file provided below. Click ‘Choose file’ and select the downloaded template. \n 3. Click 'Next' and 'Create stack'."
                          }
                        },
                        {
                          "type": "CopyableLabel",
                          "parameters": {
                            "label": "Template 1: OpenID connect authentication deployment",
                            "isMultiLine": true,
                            "fillWith": [
                              "Oidc"
                            ]
                          }
                        },
                        {
                          "type": "CopyableLabel",
                          "parameters": {
                            "label": "Template 2: AWS VPC Flow Logs resources deployment",
                            "isMultiLine": true,
                            "fillWith": [
                              "AwsVPCFlow"
                            ]
                          }
                        },
                        {
                          "type": "Markdown",
                          "parameters": {
                            "content": "#### 2. Connect new collectors \n To enable AWS S3 for Microsoft Sentinel, click the 'Add new collector' button, fill in the required information and click on 'Connect'"
                          }
                        },
                        {
                          "type": "DataConnectorsGrid",
                          "parameters": {
                            "mapping": [
                              {
                                "columnValue": "properties.roleArn",
                                "columnName": "Role ARN"
                              },
                              {
                                "columnValue": "properties.sqsUrls[0]",
                                "columnName": "Queue URL"
                              },
                              {
                                "columnValue": "properties.fileFormat",
                                "columnName": "File Format"
                              }
                            ],
                            "menuItems": [
                              "DeleteConnector"
                            ]
                          }
                        },
                        {
                          "type": "ContextPane",
                          "parameters": {
                            "contextPaneType": "DataConnectorsContextPane",
                            "title": "Add new controller",
                            "subtitle": "AWS VPC Flow Logs connector",
                            "label": "Add new collector",
                            "instructionSteps": [
                              {
                                "title": "Account details",
                                "instructions": [
                                  {
                                    "type": "Textbox",
                                    "parameters": {
                                      "label": "Role ARN",
                                      "type": "text",
                                      "name": "roleArn",
                                      "validations": {
                                        "required": true
                                      }
                                    }
                                  },
                                  {
                                    "type": "Textbox",
                                    "parameters": {
                                      "label": "Queue URL",
                                      "type": "text",
                                      "name": "queueUrl",
                                      "validations": {
                                        "required": true
                                      }
                                    }
                                  },
                                  {
                                    "type": "Dropdown",
                                    "parameters": {
                                      "label": "Data type",
                                      "type": "text",
                                      "name": "fileFormat",
                                      "required": true,
                                      "placeholder": "Select a file format",
                                      "options": [
                                        {
                                          "key": "Json",
                                          "text": "JSON Format"
                                        },
                                        {
                                          "key": "Parquet",
                                          "text": "Parquet Format"
                                        },
                                        {
                                          "key": "Csv",
                                          "text": "CSV Format"
                                        }
                                      ]
                                    }
                                  }
                                ]
                              }
                            ]
                          }
                        }
                      ]
                    }
                  ],
                  "isConnectivityCriteriasMatchSome": false
                }
              }
            },
            {
              "name": "[concat(parameters('workspace'),'/Microsoft.SecurityInsights/',concat('DataConnector-', variables('_dataConnectorContentIdConnectorDefinition1')))]",
              "apiVersion": "2022-01-01-preview",
              "type": "Microsoft.OperationalInsights/workspaces/providers/metadata",
              "properties": {
                "parentId": "[extensionResourceId(resourceId('Microsoft.OperationalInsights/workspaces', parameters('workspace')), 'Microsoft.SecurityInsights/dataConnectorDefinitions', variables('_dataConnectorContentIdConnectorDefinition1'))]",
                "contentId": "[variables('_dataConnectorContentIdConnectorDefinition1')]",
                "kind": "DataConnector",
                "version": "[variables('dataConnectorCCPVersion')]",
                "source": {
                  "sourceId": "[variables('_solutionId')]",
                  "name": "[variables('_solutionName')]",
                  "kind": "Solution"
                },
                "author": {
                  "name": "Microsoft"
                },
                "support": {
                  "name": "Microsoft Corporation",
                  "email": "support@microsoft.com",
                  "tier": "Microsoft",
                  "link": "https://support.microsoft.com"
                },
                "dependencies": {
                  "criteria": [
                    {
                      "version": "[variables('dataConnectorCCPVersion')]",
                      "contentId": "[variables('_dataConnectorContentIdConnections1')]",
                      "kind": "ResourcesDataConnector"
                    }
                  ]
                }
              }
            },
            {
              "name": "AWSS3VPCFlowLogsDCR",
              "apiVersion": "2022-06-01",
              "type": "Microsoft.Insights/dataCollectionRules",
              "location": "[parameters('workspace-location')]",
              "kind": "[variables('blanks')]",
              "properties": {
                "streamDeclarations": {
                  "Custom-VPCFlowLogsParquet": {
                    "columns": [
                      {
                        "name": "version",
                        "type": "dynamic"
                      },
                      {
                        "name": "account-id",
                        "type": "string"
                      },
                      {
                        "name": "account_id",
                        "type": "string"
                      },
                      {
                        "name": "interface-id",
                        "type": "string"
                      },
                      {
                        "name": "interface_id",
                        "type": "string"
                      },
                      {
                        "name": "srcaddr",
                        "type": "string"
                      },
                      {
                        "name": "dstaddr",
                        "type": "string"
                      },
                      {
                        "name": "srcport",
                        "type": "dynamic"
                      },
                      {
                        "name": "dstport",
                        "type": "dynamic"
                      },
                      {
                        "name": "protocol",
                        "type": "dynamic"
                      },
                      {
                        "name": "packets",
                        "type": "dynamic"
                      },
                      {
                        "name": "bytes",
                        "type": "dynamic"
                      },
                      {
                        "name": "start",
                        "type": "dynamic"
                      },
                      {
                        "name": "end",
                        "type": "dynamic"
                      },
                      {
                        "name": "action",
                        "type": "string"
                      },
                      {
                        "name": "log_status",
                        "type": "string"
                      },
                      {
                        "name": "log-status",
                        "type": "string"
                      },
                      {
                        "name": "vpc-id",
                        "type": "string"
                      },
                      {
                        "name": "vpc_id",
                        "type": "string"
                      },
                      {
                        "name": "subnet-id",
                        "type": "string"
                      },
                      {
                        "name": "subnet_id",
                        "type": "string"
                      },
                      {
                        "name": "instance-id",
                        "type": "string"
                      },
                      {
                        "name": "instance_id",
                        "type": "string"
                      },
                      {
                        "name": "tcp-flags",
                        "type": "string"
                      },
                      {
                        "name": "tcp_flags",
                        "type": "string"
                      },
                      {
                        "name": "type",
                        "type": "string"
                      },
                      {
                        "name": "pkt-srcaddr",
                        "type": "string"
                      },
                      {
                        "name": "pkt_srcaddr",
                        "type": "string"
                      },
                      {
                        "name": "pkt-dstaddr",
                        "type": "string"
                      },
                      {
                        "name": "pkt_dstaddr",
                        "type": "string"
                      },
                      {
                        "name": "region",
                        "type": "string"
                      },
                      {
                        "name": "az-id",
                        "type": "string"
                      },
                      {
                        "name": "az_id",
                        "type": "string"
                      },
                      {
                        "name": "sublocation-type",
                        "type": "string"
                      },
                      {
                        "name": "sublocation_type",
                        "type": "string"
                      },
                      {
                        "name": "sublocation-id",
                        "type": "string"
                      },
                      {
                        "name": "sublocation_id",
                        "type": "string"
                      },
                      {
                        "name": "pkt-src-aws-service",
                        "type": "string"
                      },
                      {
                        "name": "pkt_src_aws_service",
                        "type": "string"
                      },
                      {
                        "name": "pkt-dst-aws-service",
                        "type": "string"
                      },
                      {
                        "name": "pkt_dst_aws_service",
                        "type": "string"
                      },
                      {
                        "name": "flow-direction",
                        "type": "string"
                      },
                      {
                        "name": "flow_direction",
                        "type": "string"
                      },
                      {
                        "name": "traffic-path",
                        "type": "string"
                      },
                      {
                        "name": "traffic_path",
                        "type": "string"
                      },
                      {
                        "name": "ecs-cluster-arn",
                        "type": "string"
                      },
                      {
                        "name": "ecs_cluster_arn",
                        "type": "string"
                      },
                      {
                        "name": "ecs-cluster-name",
                        "type": "string"
                      },
                      {
                        "name": "ecs_cluster_name",
                        "type": "string"
                      },
                      {
                        "name": "ecs-container-instance-arn",
                        "type": "string"
                      },
                      {
                        "name": "ecs_container_instance_arn",
                        "type": "string"
                      },
                      {
                        "name": "ecs-container-instance-id",
                        "type": "string"
                      },
                      {
                        "name": "ecs_container_instance_id",
                        "type": "string"
                      },
                      {
                        "name": "ecs-container-id",
                        "type": "string"
                      },
                      {
                        "name": "ecs_container_id",
                        "type": "string"
                      },
                      {
                        "name": "ecs-second-container-id",
                        "type": "string"
                      },
                      {
                        "name": "ecs_second_container_id",
                        "type": "string"
                      },
                      {
                        "name": "ecs-service-name",
                        "type": "string"
                      },
                      {
                        "name": "ecs_service_name",
                        "type": "string"
                      },
                      {
                        "name": "ecs-task-definition-arn",
                        "type": "string"
                      },
                      {
                        "name": "ecs_task_definition_arn",
                        "type": "string"
                      },
                      {
                        "name": "ecs-task-arn",
                        "type": "string"
                      },
                      {
                        "name": "ecs_task_arn",
                        "type": "string"
                      },
                      {
                        "name": "ecs-task-id",
                        "type": "string"
                      },
                      {
                        "name": "ecs_task_id",
                        "type": "string"
                      }
                    ]
                  }
                },
                "destinations": {
                  "logAnalytics": [
                    {
                      "workspaceResourceId": "[variables('workspaceResourceId')]",
                      "name": "clv2ws1"
                    }
                  ]
                },
                "dataFlows": [
                  {
                    "streams": [
                      "Custom-VPCFlowLogsParquet"
                    ],
                    "destinations": [
                      "clv2ws1"
                    ],
                    "transformKql": "let unixTimeSecondsToDatetime = (unixTime:string) { datetime(1970-01-01) + tolong(unixTime) * 1sec }; source | project TimeGenerated = iff(isnull(tostring(start)), now(), unixTimeSecondsToDatetime(tostring(start))), Version = toint(tostring(version)), AccountId = iff(isnotempty(tostring(account_id)), tostring(account_id), tostring(['account-id'])), InterfaceId = iff(isnotempty(tostring(interface_id)), tostring(interface_id), tostring(['interface-id'])), SrcAddr = tostring(srcaddr), DstAddr = tostring(dstaddr), SrcPort = toint(tostring(srcport)), DstPort = toint(tostring(dstport)), Protocol = toint(tostring(protocol)), Packets = toint(tostring(packets)), Bytes = tolong(tostring(bytes)), End = unixTimeSecondsToDatetime(tostring(end)), Action = tostring(action), LogStatus = iff(isnotempty(tostring(log_status)), tostring(log_status), tostring(['log-status'])), VpcId = iff(isnotempty(tostring(vpc_id)), tostring(vpc_id), tostring(['vpc-id'])), SubnetId = iff(isnotempty(tostring(subnet_id)), tostring(subnet_id), tostring(['subnet-id'])), InstanceId = iff(isnotempty(tostring(instance_id)), tostring(instance_id), tostring(['instance-id'])), TcpFlags = iff(isnotempty(tostring(tcp_flags)), toint(tostring(tcp_flags)), toint(tostring(['tcp-flags']))), TrafficType = tostring(type), PktSrcAddr = iff(isnotempty(tostring(pkt_srcaddr)), tostring(pkt_srcaddr), tostring(['pkt-srcaddr'])), PktDstAddr = iff(isnotempty(tostring(pkt_dstaddr)), tostring(pkt_dstaddr), tostring(['pkt-dstaddr'])), Region = tostring(region), AzId = iff(isnotempty(tostring(az_id)), tostring(az_id), tostring(['az-id'])), SublocationType = iff(isnotempty(tostring(sublocation_type)), tostring(sublocation_type), tostring(['sublocation-type'])), SublocationId = iff(isnotempty(tostring(sublocation_id)), tostring(sublocation_id), tostring(['sublocation-id'])), PktSrcAwsService = iff(isnotempty(tostring(pkt_src_aws_service)), tostring(pkt_src_aws_service), tostring(['pkt-src-aws-service'])), PktDstAwsService = iff(isnotempty(tostring(pkt_dst_aws_service)), tostring(pkt_dst_aws_service), tostring(['pkt-dst-aws-service'])), FlowDirection = iff(isnotempty(tostring(flow_direction)), tostring(flow_direction), tostring(['flow-direction'])), TrafficPath = iff(isnotempty(tostring(traffic_path)), tostring(traffic_path), tostring(['traffic-path'])), EcsClusterArn = iff(isnotempty(tostring(ecs_cluster_arn)), tostring(ecs_cluster_arn), tostring(['ecs-cluster-arn'])), EcsClusterName = iff(isnotempty(tostring(ecs_cluster_name)), tostring(ecs_cluster_name), tostring(['ecs-cluster-name'])), EcsContainerInstanceArn = iff(isnotempty(tostring(ecs_container_instance_arn)), tostring(ecs_container_instance_arn), tostring(['ecs-container-instance-arn'])), EcsContainerInstanceId = iff(isnotempty(tostring(ecs_container_instance_id)), tostring(ecs_container_instance_id), tostring(['ecs-container-instance-id'])), EcsContainerId = iff(isnotempty(tostring(ecs_container_id)), tostring(ecs_container_id), tostring(['ecs-container-id'])), EcsSecondContainerId = iff(isnotempty(tostring(ecs_second_container_id)), tostring(ecs_second_container_id), tostring(['ecs-second-container-id'])), EcsServiceName = iff(isnotempty(tostring(ecs_service_name)), tostring(ecs_service_name), tostring(['ecs-service-name'])), EcsTaskDefinitionArn = iff(isnotempty(tostring(ecs_task_definition_arn)), tostring(ecs_task_definition_arn), tostring(['ecs-task-definition-arn'])), EcsTaskArn = iff(isnotempty(tostring(ecs_task_arn)), tostring(ecs_task_arn), tostring(['ecs-task-arn'])), EcsTaskId = iff(isnotempty(tostring(ecs_task_id)), tostring(ecs_task_id), tostring(['ecs-task-id']))",
                    "outputStream": "Microsoft-AWSVPCFlow"
                  }
                ],
                "dataCollectionEndpointId": "[variables('dataCollectionEndpointId1')]"
              }
            }
          ]
        },
        "packageKind": "Solution",
        "packageVersion": "[variables('_solutionVersion')]",
        "packageName": "[variables('_solutionName')]",
        "contentProductId": "[concat(take(variables('_solutionId'), 50),'-','dc','-', uniqueString(concat(variables('_solutionId'),'-','DataConnector','-',variables('_dataConnectorContentIdConnectorDefinition1'),'-', variables('dataConnectorCCPVersion'))))]",
        "packageId": "[variables('_solutionId')]",
        "contentSchemaVersion": "3.0.0",
        "version": "[variables('dataConnectorCCPVersion')]"
      }
    },
    {
      "name": "[concat(parameters('workspace'),'/Microsoft.SecurityInsights/',variables('_dataConnectorContentIdConnectorDefinition1'))]",
      "apiVersion": "2022-09-01-preview",
      "type": "Microsoft.OperationalInsights/workspaces/providers/dataConnectorDefinitions",
      "location": "[parameters('workspace-location')]",
      "kind": "Customizable",
      "properties": {
        "connectorUiConfig": {
          "id": "AWSS3VPCFlowLogsParquetDefinition",
          "title": "Amazon Web Services S3 VPC Flow Logs",
          "logo": "amazon_web_services_Logo.svg",
          "publisher": "Microsoft",
          "descriptionMarkdown": "This connector allows you to ingest AWS VPC Flow Logs, collected in AWS S3 buckets, to Microsoft Sentinel. AWS VPC Flow Logs provide visibility into network traffic within your AWS Virtual Private Cloud (VPC), enabling security analysis and network monitoring.",
          "graphQueriesTableName": "AWSVPCFlow",
          "graphQueries": [
            {
              "metricName": "Total events received",
              "legend": "AWS VPC Flow Logs Parquet",
              "baseQuery": "{{graphQueriesTableName}}"
            }
          ],
          "sampleQueries": [
            {
              "description": "Get Sample of logs",
              "query": "{{graphQueriesTableName}}\n | take 10"
            }
          ],
          "dataTypes": [
            {
              "name": "{{graphQueriesTableName}}",
              "lastDataReceivedQuery": "{{graphQueriesTableName}}\n            | where TimeGenerated > ago(12h) | where name_s == \"no data test\"               | summarize Time = max(TimeGenerated)\n            | where isnotempty(Time)"
            }
          ],
          "connectivityCriteria": [
            {
              "type": "HasDataConnectors",
              "value": null
            }
          ],
          "availability": {
            "status": 1,
            "isPreview": false
          },
          "permissions": {
            "resourceProvider": [
              {
                "provider": "Microsoft.OperationalInsights/workspaces",
                "permissionsDisplayText": "Read and Write permissions are required.",
                "providerDisplayName": "Workspace",
                "scope": "Workspace",
                "requiredPermissions": {
                  "read": true,
                  "write": true,
                  "delete": true,
                  "action": false
                }
              }
            ]
          },
          "instructionSteps": [
            {
              "instructions": [
                {
                  "type": "Markdown",
                  "parameters": {
                    "content": "#### 1. AWS CloudFormation Deployment \n To configure access on AWS, two templates have been generated to set up the AWS environment to send VPC Flow Logs from an S3 bucket to your Log Analytics Workspace.\n #### For each template, create a Stack in AWS: \n 1. Go to [AWS CloudFormation Stacks](https://aka.ms/awsCloudFormationLink#/stacks/create). \n 2. Choose the ‘Specify template’ option, then ‘Upload a template file’ by clicking on ‘Choose file’ and selecting the appropriate CloudFormation template file provided below. Click ‘Choose file’ and select the downloaded template. \n 3. Click 'Next' and 'Create stack'."
                  }
                },
                {
                  "type": "CopyableLabel",
                  "parameters": {
                    "label": "Template 1: OpenID connect authentication deployment",
                    "isMultiLine": true,
                    "fillWith": [
                      "Oidc"
                    ]
                  }
                },
                {
                  "type": "CopyableLabel",
                  "parameters": {
                    "label": "Template 2: AWS VPC Flow Logs resources deployment",
                    "isMultiLine": true,
                    "fillWith": [
                      "AwsVPCFlow"
                    ]
                  }
                },
                {
                  "type": "Markdown",
                  "parameters": {
                    "content": "#### 2. Connect new collectors \n To enable AWS S3 for Microsoft Sentinel, click the 'Add new collector' button, fill in the required information and click on 'Connect'"
                  }
                },
                {
                  "type": "DataConnectorsGrid",
                  "parameters": {
                    "mapping": [
                      {
                        "columnValue": "properties.roleArn",
                        "columnName": "Role ARN"
                      },
                      {
                        "columnValue": "properties.sqsUrls[0]",
                        "columnName": "Queue URL"
                      },
                      {
                        "columnValue": "properties.fileFormat",
                        "columnName": "File Format"
                      }
                    ],
                    "menuItems": [
                      "DeleteConnector"
                    ]
                  }
                },
                {
                  "type": "ContextPane",
                  "parameters": {
                    "contextPaneType": "DataConnectorsContextPane",
                    "title": "Add new controller",
                    "subtitle": "AWS VPC Flow Logs connector",
                    "label": "Add new collector",
                    "instructionSteps": [
                      {
                        "title": "Account details",
                        "instructions": [
                          {
                            "type": "Textbox",
                            "parameters": {
                              "label": "Role ARN",
                              "type": "text",
                              "name": "roleArn",
                              "validations": {
                                "required": true
                              }
                            }
                          },
                          {
                            "type": "Textbox",
                            "parameters": {
                              "label": "Queue URL",
                              "type": "text",
                              "name": "queueUrl",
                              "validations": {
                                "required": true
                              }
                            }
                          },
                          {
                            "type": "Dropdown",
                            "parameters": {
                              "label": "Data type",
                              "type": "text",
                              "name": "fileFormat",
                              "required": true,
                              "placeholder": "Select a file format",
                              "options": [
                                {
                                  "key": "Json",
                                  "text": "JSON Format"
                                },
                                {
                                  "key": "Parquet",
                                  "text": "Parquet Format"
                                },
                                {
                                  "key": "Csv",
                                  "text": "CSV Format"
                                }
                              ]
                            }
                          }
                        ]
                      }
                    ]
                  }
                }
              ]
            }
          ],
          "isConnectivityCriteriasMatchSome": false
        }
      }
    },
    {
      "name": "[concat(parameters('workspace'),'/Microsoft.SecurityInsights/',concat('DataConnector-', variables('_dataConnectorContentIdConnectorDefinition1')))]",
      "apiVersion": "2022-01-01-preview",
      "type": "Microsoft.OperationalInsights/workspaces/providers/metadata",
      "properties": {
        "parentId": "[extensionResourceId(resourceId('Microsoft.OperationalInsights/workspaces', parameters('workspace')), 'Microsoft.SecurityInsights/dataConnectorDefinitions', variables('_dataConnectorContentIdConnectorDefinition1'))]",
        "contentId": "[variables('_dataConnectorContentIdConnectorDefinition1')]",
        "kind": "DataConnector",
        "version": "[variables('dataConnectorCCPVersion')]",
        "source": {
          "sourceId": "[variables('_solutionId')]",
          "name": "[variables('_solutionName')]",
          "kind": "Solution"
        },
        "author": {
          "name": "Microsoft"
        },
        "support": {
          "name": "Microsoft Corporation",
          "email": "support@microsoft.com",
          "tier": "Microsoft",
          "link": "https://support.microsoft.com"
        },
        "dependencies": {
          "criteria": [
            {
              "version": "[variables('dataConnectorCCPVersion')]",
              "contentId": "[variables('_dataConnectorContentIdConnections1')]",
              "kind": "ResourcesDataConnector"
            }
          ]
        }
      }
    },
    {
      "type": "Microsoft.OperationalInsights/workspaces/providers/contentTemplates",
      "apiVersion": "2023-04-01-preview",
      "name": "[concat(parameters('workspace'),'/Microsoft.SecurityInsights/', variables('dataConnectorTemplateNameConnections1'), variables('dataConnectorCCPVersion'))]",
      "location": "[parameters('workspace-location')]",
      "dependsOn": [
        "[extensionResourceId(resourceId('Microsoft.OperationalInsights/workspaces', parameters('workspace')), 'Microsoft.SecurityInsights/contentPackages', variables('_solutionId'))]"
      ],
      "properties": {
        "contentId": "[variables('_dataConnectorContentIdConnections1')]",
        "displayName": "Amazon Web Services S3 VPC Flow Logs",
        "contentKind": "ResourcesDataConnector",
        "mainTemplate": {
          "$schema": "https://schema.management.azure.com/schemas/2019-04-01/deploymentTemplate.json#",
          "contentVersion": "[variables('dataConnectorCCPVersion')]",
          "parameters": {
            "guidValue": {
              "defaultValue": "[[newGuid()]",
              "type": "securestring"
            },
            "innerWorkspace": {
              "defaultValue": "[parameters('workspace')]",
              "type": "securestring"
            },
            "connectorDefinitionName": {
              "defaultValue": "Amazon Web Services S3 VPC Flow Logs",
              "type": "securestring",
              "minLength": 1
            },
            "workspace": {
              "defaultValue": "[parameters('workspace')]",
              "type": "securestring"
            },
            "dcrConfig": {
              "defaultValue": {
                "dataCollectionEndpoint": "data collection Endpoint",
                "dataCollectionRuleImmutableId": "data collection rule immutableId"
              },
              "type": "object"
            },
            "fileFormat": {
              "defaultValue": [
                "Json"
              ],
              "type": "array",
              "minLength": 1
            },
            "roleArn": {
              "defaultValue": "roleArn",
              "type": "securestring",
              "minLength": 1
            },
            "queueUrl": {
              "defaultValue": "queueUrl",
              "type": "securestring",
              "minLength": 1
            }
          },
          "variables": {
            "_dataConnectorContentIdConnections1": "[variables('_dataConnectorContentIdConnections1')]"
          },
          "resources": [
            {
              "name": "[concat(parameters('workspace'),'/Microsoft.SecurityInsights/',concat('DataConnector-', variables('_dataConnectorContentIdConnections1')))]",
              "apiVersion": "2022-01-01-preview",
              "type": "Microsoft.OperationalInsights/workspaces/providers/metadata",
              "properties": {
                "parentId": "[extensionResourceId(resourceId('Microsoft.OperationalInsights/workspaces', parameters('workspace')), 'Microsoft.SecurityInsights/dataConnectors', variables('_dataConnectorContentIdConnections1'))]",
                "contentId": "[variables('_dataConnectorContentIdConnections1')]",
                "kind": "ResourcesDataConnector",
                "version": "[variables('dataConnectorCCPVersion')]",
                "source": {
                  "sourceId": "[variables('_solutionId')]",
                  "name": "[variables('_solutionName')]",
                  "kind": "Solution"
                },
                "author": {
                  "name": "Microsoft"
                },
                "support": {
                  "name": "Microsoft Corporation",
                  "email": "support@microsoft.com",
                  "tier": "Microsoft",
                  "link": "https://support.microsoft.com"
                }
              }
            },
            {
              "name": "[[concat(parameters('innerWorkspace'),'/Microsoft.SecurityInsights/', 'AWSS3VPCFlowLogsPolling', parameters('guidValue'))]",
              "apiVersion": "2023-02-01-preview",
              "type": "Microsoft.OperationalInsights/workspaces/providers/dataConnectors",
              "location": "[parameters('workspace-location')]",
              "kind": "AmazonWebServicesS3",
              "properties": {
                "connectorDefinitionName": "AWSS3VPCFlowLogsParquetDefinition",
                "dataTypes": {
                  "logs": {
                    "state": "enabled"
                  }
                },
                "dcrConfig": {
                  "streamName": "Custom-VPCFlowLogsParquet",
                  "dataCollectionEndpoint": "[[parameters('dcrConfig').dataCollectionEndpoint]",
                  "dataCollectionRuleImmutableId": "[[parameters('dcrConfig').dataCollectionRuleImmutableId]"
                },
                "destinationTable": null,
                "dataFormat": {
                  "Format": "[[parameters('fileFormat')[0]]",
                  "IsCompressed": "[[not(equals(parameters('fileFormat')[0], 'Parquet'))]",
                  "compressType": "Gzip"
                },
                "roleArn": "[[parameters('roleArn')]",
                "sqsUrls": [
                  "[[parameters('queueUrl')]"
                ]
              }
            }
          ]
        },
        "packageKind": "Solution",
        "packageVersion": "[variables('_solutionVersion')]",
        "packageName": "[variables('_solutionName')]",
        "contentProductId": "[concat(take(variables('_solutionId'), 50),'-','rdc','-', uniqueString(concat(variables('_solutionId'),'-','ResourcesDataConnector','-',variables('_dataConnectorContentIdConnections1'),'-', variables('dataConnectorCCPVersion'))))]",
        "packageId": "[variables('_solutionId')]",
        "contentSchemaVersion": "3.0.0",
        "version": "[variables('dataConnectorCCPVersion')]"
      }
    },
    {
      "type": "Microsoft.OperationalInsights/workspaces/providers/contentPackages",
      "apiVersion": "2023-04-01-preview",
      "location": "[parameters('workspace-location')]",
      "properties": {
        "version": "3.0.0",
        "kind": "Solution",
        "contentSchemaVersion": "3.0.0",
        "displayName": "AWS VPC Flow Logs",
        "publisherDisplayName": "Microsoft Sentinel, Microsoft Corporation",
        "descriptionHtml": "<p><strong>Note:</strong> Please refer to the following before installing the solution:</p>\n<p>• Review the solution <a href=\"https://github.com/Azure/Azure-Sentinel/tree/master/Solutions/AWS%20VPC%20Flow%20Logs/ReleaseNotes.md\">Release Notes</a></p>\n<p>• There may be <a href=\"https://aka.ms/sentinelsolutionsknownissues\">known issues</a> pertaining to this Solution, please refer to them before installing.</p>\n<p>Amazon Web Services S3 VPC Flow Logs Solution for Microsoft Sentinel provides data connector to ingest AWS VPC Flow Logs into Microsoft Sentinel.</p>\n<p><strong>Data Connectors:</strong> 1</p>\n<p><a href=\"https://aka.ms/azuresentinel\">Learn more about Microsoft Sentinel</a> | <a href=\"https://aka.ms/azuresentinelsolutionsdoc\">Learn more about Solutions</a></p>\n",
        "contentKind": "Solution",
        "contentProductId": "[variables('_solutioncontentProductId')]",
        "id": "[variables('_solutioncontentProductId')]",
        "icon": "<img src=\"https://raw.githubusercontent.com/Azure/Azure-Sentinel/master/Logos/Aws.svg\" width=\"75px\" height=\"75px\">",
        "contentId": "[variables('_solutionId')]",
        "parentId": "[variables('_solutionId')]",
        "source": {
          "kind": "Solution",
          "name": "AWS VPC Flow Logs",
          "sourceId": "[variables('_solutionId')]"
        },
        "author": {
          "name": "Microsoft"
        },
        "support": {
          "name": "Microsoft Corporation",
          "email": "support@microsoft.com",
          "tier": "Microsoft",
          "link": "https://support.microsoft.com"
        },
        "dependencies": {
          "operator": "AND",
          "criteria": [
            {
              "kind": "DataConnector",
              "contentId": "[variables('_dataConnectorContentIdConnections1')]",
              "version": "[variables('dataConnectorCCPVersion')]"
            }
          ]
        },
        "firstPublishDate": "2025-07-30",
        "providers": [
          "Microsoft"
        ],
        "categories": {
          "domains": [
            "Security - Cloud Security",
            "Cloud Provider"
          ]
        }
      },
      "name": "[concat(parameters('workspace'),'/Microsoft.SecurityInsights/', variables('_solutionId'))]"
    }
  ],
  "outputs": {}
}
