{
  "$schema": "https://schema.management.azure.com/schemas/2019-04-01/deploymentTemplate.json#",
  "contentVersion": "1.0.0.0",
  "metadata": {
    "author": "Citrix Systems",
    "comments": "Solution template for Citrix Web App Firewall"
  },
  "parameters": {
    "location": {
      "type": "string",
      "minLength": 1,
      "defaultValue": "[resourceGroup().location]",
      "metadata": {
        "description": "Not used, but needed to pass arm-ttk test `Location-Should-Not-Be-Hardcoded`.  We instead use the `workspace-location` which is derived from the LA workspace"
      }
    },
    "workspace-location": {
      "type": "string",
      "defaultValue": "",
      "metadata": {
        "description": "[concat('Region to deploy solution resources -- separate from location selection',parameters('location'))]"
      }
    },
    "workspace": {
      "defaultValue": "",
      "type": "string",
      "metadata": {
        "description": "Workspace name for Log Analytics where Microsoft Sentinel is setup"
      }
    },
    "workbook1-name": {
      "type": "string",
      "defaultValue": "Citrix WAF (Web App Firewall)",
      "minLength": 1,
      "metadata": {
        "description": "Name for the workbook"
      }
    }
  },
  "variables": {
    "solutionId": "azuresentinel.azure-sentinel-solution-isvtesting9-preview",
    "_solutionId": "[variables('solutionId')]",
    "workbookVersion1": "1.0.0",
    "workbookContentId1": "CitrixWAF",
    "workbookId1": "[resourceId('Microsoft.Insights/workbooks', variables('workbookContentId1'))]",
    "workbookTemplateSpecName1": "[concat(parameters('workspace'),'-Workbook-',variables('_workbookContentId1'))]",
    "_workbookContentId1": "[variables('workbookContentId1')]",
    "workspaceResourceId": "[resourceId('microsoft.OperationalInsights/Workspaces', parameters('workspace'))]",
    "uiConfigId1": "CitrixWAF",
    "_uiConfigId1": "[variables('uiConfigId1')]",
    "dataConnectorContentId1": "CitrixWAF",
    "_dataConnectorContentId1": "[variables('dataConnectorContentId1')]",
    "dataConnectorId1": "[extensionResourceId(resourceId('Microsoft.OperationalInsights/workspaces', parameters('workspace')), 'Microsoft.SecurityInsights/dataConnectors', variables('_dataConnectorContentId1'))]",
    "_dataConnectorId1": "[variables('dataConnectorId1')]",
    "dataConnectorTemplateSpecName1": "[concat(parameters('workspace'),'-DataConnector-',variables('_dataConnectorContentId1'))]",
    "dataConnectorVersion1": "1.0.0"
  },
  "resources": [
    {
      "type": "Microsoft.Resources/templateSpecs",
      "apiVersion": "2021-05-01",
      "name": "[variables('workbookTemplateSpecName1')]",
      "location": "[parameters('workspace-location')]",
      "tags": {
        "hidden-sentinelWorkspaceId": "[variables('workspaceResourceId')]",
        "hidden-sentinelContentType": "Workbook"
      },
      "properties": {
        "description": "Citrix Web App Firewall Workbook with template",
        "displayName": "Citrix Web App Firewall workbook template"
      }
    },
    {
      "type": "Microsoft.Resources/templateSpecs/versions",
      "apiVersion": "2021-05-01",
      "name": "[concat(variables('workbookTemplateSpecName1'),'/',variables('workbookVersion1'))]",
      "location": "[parameters('workspace-location')]",
      "tags": {
        "hidden-sentinelWorkspaceId": "[variables('workspaceResourceId')]",
        "hidden-sentinelContentType": "Workbook"
      },
      "dependsOn": [
        "[resourceId('Microsoft.Resources/templateSpecs', variables('workbookTemplateSpecName1'))]"
      ],
      "properties": {
        "description": "CitrixWAFWorkbook Workbook with template version 2.0.0",
        "mainTemplate": {
          "$schema": "https://schema.management.azure.com/schemas/2019-04-01/deploymentTemplate.json#",
          "contentVersion": "[variables('workbookVersion1')]",
          "parameters": {},
          "variables": {},
          "resources": [
            {
              "type": "Microsoft.Insights/workbooks",
              "name": "[variables('workbookContentId1')]",
              "location": "[parameters('workspace-location')]",
              "kind": "shared",
              "apiVersion": "2021-08-01",
              "metadata": {
                "description": "Gain insight into the Citrix WAF logs"
              },
              "properties": {
                "displayName": "[parameters('workbook1-name')]",
                "serializedData": "{\"version\":\"Notebook/1.0\",\"items\":[{\"type\":1,\"content\":{\"json\":\"## Citrix WAF (Web App Firewall) Workbook\\n---\\n\\nGain insight into the Citrix WAF logs.\"},\"name\":\"text - 2\"},{\"type\":3,\"content\":{\"version\":\"KqlItem/1.0\",\"query\":\"union withsource=TableName CommonSecurityLog\\n| where DeviceVendor == \\\"Citrix\\\"\\n| where DeviceProduct == \\\"NetScaler\\\"\\n| summarize Count=count() by Activity\",\"size\":1,\"queryType\":0,\"resourceType\":\"microsoft.operationalinsights/workspaces\",\"visualization\":\"barchart\"},\"name\":\"Distribution of Vulnerabilities detected\"},{\"type\":3,\"content\":{\"version\":\"KqlItem/1.0\",\"query\":\"union withsource=TableName CommonSecurityLog\\n| where DeviceVendor == \\\"Citrix\\\"\\n| where DeviceProduct == \\\"NetScaler\\\"\\n| summarize Count=count() by DeviceAction\",\"size\":1,\"queryType\":0,\"resourceType\":\"microsoft.operationalinsights/workspaces\",\"visualization\":\"table\"},\"name\":\"Distribution  of Action taken by Citrix WAF based on configuration\"}],\"fallbackResourceIds\":[\"/subscriptions/764bc6a9-7927-4311-8e67-ed073090cea3/resourcegroups/rsaconference/providers/microsoft.operationalinsights/workspaces/rsaconsentinelworkspace\"],\"fromTemplateId\":\"sentinel-Citrix_WAF\",\"$schema\":\"https://github.com/Microsoft/Application-Insights-Workbooks/blob/master/schema/workbook.json\"}\r\n",
                "version": "1.0",
                "sourceId": "[variables('workspaceResourceId')]",
                "category": "sentinel"
              }
            },
            {
              "type": "Microsoft.OperationalInsights/workspaces/providers/metadata",
              "apiVersion": "2022-01-01-preview",
              "name": "[concat(parameters('workspace'),'/Microsoft.SecurityInsights/',concat('Workbook-', last(split(variables('workbookId1'),'/'))))]",
              "properties": {
                "description": "@{workbookKey=CitrixWAF; logoFileName=citrix_logo.svg; description=Gain insight into the Citrix WAF logs; dataTypesDependencies=System.Object[]; dataConnectorsDependencies=System.Object[]; previewImagesFileNames=System.Object[]; version=1.0.0; title=Citrix WAF (Web App Firewall); templateRelativePath=CitrixWAF.json; subtitle=; provider=Citrix Systems Inc.}.description",
                "parentId": "[variables('workbookId1')]",
                "contentId": "[variables('_workbookContentId1')]",
                "kind": "Workbook",
                "version": "[variables('workbookVersion1')]",
                "source": {
                  "kind": "Solution",
                  "name": "Citrix Web App Firewall",
                  "sourceId": "[variables('_solutionId')]"
                },
                "author": {
                  "name": "Citrix Systems"
                },
                "support": {
                  "tier": "Partner",
                  "name": "Citrix Systems",
                  "link": "https://www.citrix.com/support/"
                },
                "dependencies": {
                  "operator": "AND",
                  "criteria": [
                    {
                      "contentId": "CommonSecurityLog",
                      "kind": "DataType"
                    },
                    {
                      "contentId": "CitrixWAF",
                      "kind": "DataConnector"
                    }
                  ]
                }
              }
            }
          ]
        }
      }
    },
    {
      "type": "Microsoft.Resources/templateSpecs",
      "apiVersion": "2021-05-01",
      "name": "[variables('dataConnectorTemplateSpecName1')]",
      "location": "[parameters('workspace-location')]",
      "tags": {
        "hidden-sentinelWorkspaceId": "[variables('workspaceResourceId')]",
        "hidden-sentinelContentType": "DataConnector"
      },
      "properties": {
        "description": "Citrix Web App Firewall data connector with template",
        "displayName": "Citrix Web App Firewall template"
      }
    },
    {
      "type": "Microsoft.Resources/templateSpecs/versions",
      "apiVersion": "2021-05-01",
      "name": "[concat(variables('dataConnectorTemplateSpecName1'),'/',variables('dataConnectorVersion1'))]",
      "location": "[parameters('workspace-location')]",
      "tags": {
        "hidden-sentinelWorkspaceId": "[variables('workspaceResourceId')]",
        "hidden-sentinelContentType": "DataConnector"
      },
      "dependsOn": [
        "[resourceId('Microsoft.Resources/templateSpecs', variables('dataConnectorTemplateSpecName1'))]"
      ],
      "properties": {
        "description": "Citrix Web App Firewall data connector with template version 2.0.0",
        "mainTemplate": {
          "$schema": "https://schema.management.azure.com/schemas/2019-04-01/deploymentTemplate.json#",
          "contentVersion": "[variables('dataConnectorVersion1')]",
          "parameters": {},
          "variables": {},
          "resources": [
            {
              "name": "[concat(parameters('workspace'),'/Microsoft.SecurityInsights/',variables('_dataConnectorContentId1'))]",
              "apiVersion": "2021-03-01-preview",
              "type": "Microsoft.OperationalInsights/workspaces/providers/dataConnectors",
              "location": "[parameters('workspace-location')]",
              "kind": "GenericUI",
              "properties": {
                "connectorUiConfig": {
                  "id": "[variables('_uiConfigId1')]",
                  "title": "Citrix WAF (Web App Firewall)",
                  "publisher": "Citrix Systems Inc.",
                  "descriptionMarkdown": " Citrix WAF (Web App Firewall) is an industry leading enterprise-grade WAF solution. Citrix WAF mitigates threats against your public-facing assets, including websites, apps, and APIs. From layer 3 to layer 7, Citrix WAF includes protections such as IP reputation, bot mitigation, defense against the OWASP Top 10 application threats, built-in signatures to protect against application stack vulnerabilities, and more. \n\nCitrix WAF supports Common Event Format (CEF) which is an industry standard format on top of Syslog messages . By connecting Citrix WAF CEF logs to Azure Sentinel, you can take advantage of search & correlation, alerting, and threat intelligence enrichment for each log.",
                  "graphQueries": [
                    {
                      "metricName": "Total data received",
                      "legend": "CitrixWafLogs",
                      "baseQuery": "\nCommonSecurityLog\n| where DeviceVendor == \"Citrix\"\n| where DeviceProduct == \"NetScaler\"\n"
                    }
                  ],
                  "sampleQueries": [
                    {
                      "description": "Citrix WAF Logs",
                      "query": "\nCommonSecurityLog\n| where DeviceVendor == \"Citrix\"\n| where DeviceProduct == \"NetScaler\"\n"
                    },
                    {
                      "description": "Citrix Waf logs for cross site scripting",
                      "query": "\nCommonSecurityLog\n| where DeviceVendor == \"Citrix\"\n| where DeviceProduct == \"NetScaler\"\n| where Activity == \"APPFW_XSS\"\n"
                    },
                    {
                      "description": "Citrix Waf logs for SQL Injection",
                      "query": "\nCommonSecurityLog\n| where DeviceVendor == \"Citrix\"\n| where DeviceProduct == \"NetScaler\"\n| where Activity == \"APPFW_SQL\"\n"
                    },
                    {
                      "description": "Citrix Waf logs for Bufferoverflow",
                      "query": "\nCommonSecurityLog\n| where DeviceVendor == \"Citrix\"\n| where DeviceProduct == \"NetScaler\"\n| where Activity == \"APPFW_STARTURL\"\n"
                    }
                  ],
                  "dataTypes": [
                    {
                      "name": "CommonSecurityLog (CitrixWAFLogs)",
                      "lastDataReceivedQuery": "\nCommonSecurityLog\n| where DeviceVendor == \"Citrix\"\n| where DeviceProduct == \"NetScaler\"\n\n            | summarize Time = max(TimeGenerated)\n            | where isnotempty(Time)"
                    }
                  ],
                  "connectivityCriterias": [
                    {
                      "type": "IsConnectedQuery",
                      "value": [
                        "\nCommonSecurityLog\n| where DeviceVendor == \"Citrix\"\n| where DeviceProduct == \"NetScaler\"\n\n            | summarize LastLogReceived = max(TimeGenerated)\n            | project IsConnected = LastLogReceived > ago(30d)"
                      ]
                    }
                  ],
                  "availability": {
                    "status": 1,
                    "isPreview": false
                  },
                  "permissions": {
                    "resourceProvider": [
                      {
                        "provider": "Microsoft.OperationalInsights/workspaces",
                        "permissionsDisplayText": "read and write permissions are required.",
                        "providerDisplayName": "Workspace",
                        "scope": "Workspace",
                        "requiredPermissions": {
                          "read": true,
                          "write": true,
                          "delete": true
                        }
                      },
                      {
                        "provider": "Microsoft.OperationalInsights/workspaces/sharedKeys",
                        "permissionsDisplayText": "read permissions to shared keys for the workspace are required. [See the documentation to learn more about workspace keys](https://docs.microsoft.com/azure/azure-monitor/platform/agent-windows#obtain-workspace-id-and-key).",
                        "providerDisplayName": "Keys",
                        "scope": "Workspace",
                        "requiredPermissions": {
                          "action": true
                        }
                      }
                    ]
                  },
                  "instructionSteps": [
                    {
                      "description": "Install and configure the Linux agent to collect your Common Event Format (CEF) Syslog messages and forward them to Azure Sentinel.\n\n> Notice that the data from all regions will be stored in the selected workspace",
                      "innerSteps": [
                        {
                          "title": "1.1 Select or create a Linux machine",
                          "description": "Select or create a Linux machine that Azure Sentinel will use as the proxy between your security solution and Azure Sentinel this machine can be on your on-prem environment, Azure or other clouds."
                        },
                        {
                          "title": "1.2 Install the CEF collector on the Linux machine",
                          "description": "Install the Microsoft Monitoring Agent on your Linux machine and configure the machine to listen on the necessary port and forward messages to your Azure Sentinel workspace. The CEF collector collects CEF messages on port 514 TCP.\n\n> 1. Make sure that you have Python on your machine using the following command: python -version.\n\n> 2. You must have elevated permissions (sudo) on your machine.",
                          "instructions": [
                            {
                              "parameters": {
                                "fillWith": [
                                  "WorkspaceId",
                                  "PrimaryKey"
                                ],
                                "label": "Run the following command to install and apply the CEF collector:",
                                "value": "sudo wget https://raw.githubusercontent.com/Azure/Azure-Sentinel/master/DataConnectors/CEF/cef_installer.py&&sudo python cef_installer.py {0} {1}"
                              },
                              "type": "CopyableLabel"
                            }
                          ]
                        }
                      ],
                      "title": "1. Linux Syslog agent configuration"
                    },
                    {
                      "description": "Configure Citrix WAF to send Syslog messages in CEF format to the proxy machine using the steps below. \n\n1. Follow [this guide](https://support.citrix.com/article/CTX234174) to configure WAF.\n\n2. Follow [this guide](https://support.citrix.com/article/CTX136146) to configure CEF logs.\n\n3. Follow [this guide](https://docs.citrix.com/en-us/citrix-adc/13/system/audit-logging/configuring-audit-logging.html) to forward the logs to proxy . Make sure you to send the logs to port 514 TCP on the Linux machine's IP address.\n\n",
                      "title": "2. Forward Common Event Format (CEF) logs to Syslog agent"
                    },
                    {
                      "description": "Follow the instructions to validate your connectivity:\n\nOpen Log Analytics to check if the logs are received using the CommonSecurityLog schema.\n\n>It may take about 20 minutes until the connection streams data to your workspace.\n\nIf the logs are not received, run the following connectivity validation script:\n\n> 1. Make sure that you have Python on your machine using the following command: python -version\n\n>2. You must have elevated permissions (sudo) on your machine",
                      "instructions": [
                        {
                          "parameters": {
                            "fillWith": [
                              "WorkspaceId"
                            ],
                            "label": "Run the following command to validate your connectivity:",
                            "value": "sudo wget https://raw.githubusercontent.com/Azure/Azure-Sentinel/master/DataConnectors/CEF/cef_troubleshoot.py&&sudo python cef_troubleshoot.py  {0}"
                          },
                          "type": "CopyableLabel"
                        }
                      ],
                      "title": "3. Validate connection"
                    },
                    {
                      "description": "Make sure to configure the machine's security according to your organization's security policy\n\n\n[Learn more >](https://aka.ms/SecureCEF)",
                      "title": "4. Secure your machine "
                    }
                  ],
                  "metadata": {
                    "id": "7504f78d-1928-4399-a1ae-ba826c47c42d",
                    "version": "1.0.0",
                    "kind": "dataConnector",
                    "source": {
                      "kind": "community"
                    },
                    "author": {
                      "name": "Citrix Systems"
                    },
                    "support": {
                      "name": "Citrix Systems",
                      "link": "https://www.citrix.com/support/",
                      "tier": "developer"
                    }
                  }
                }
              }
            },
            {
              "type": "Microsoft.OperationalInsights/workspaces/providers/metadata",
              "apiVersion": "2022-01-01-preview",
              "name": "[concat(parameters('workspace'),'/Microsoft.SecurityInsights/',concat('DataConnector-', last(split(variables('_dataConnectorId1'),'/'))))]",
              "properties": {
                "parentId": "[extensionResourceId(resourceId('Microsoft.OperationalInsights/workspaces', parameters('workspace')), 'Microsoft.SecurityInsights/dataConnectors', variables('_dataConnectorContentId1'))]",
                "contentId": "[variables('_dataConnectorContentId1')]",
                "kind": "DataConnector",
                "version": "[variables('dataConnectorVersion1')]",
                "source": {
                  "kind": "Solution",
                  "name": "Citrix Web App Firewall",
                  "sourceId": "[variables('_solutionId')]"
                },
                "author": {
                  "name": "Citrix Systems"
                },
                "support": {
                  "tier": "Partner",
                  "name": "Citrix Systems",
                  "link": "https://www.citrix.com/support/"
                }
              }
            }
          ]
        }
      }
    },
    {
      "type": "Microsoft.OperationalInsights/workspaces/providers/metadata",
      "apiVersion": "2022-01-01-preview",
      "name": "[concat(parameters('workspace'),'/Microsoft.SecurityInsights/',concat('DataConnector-', last(split(variables('_dataConnectorId1'),'/'))))]",
      "dependsOn": [
        "[variables('_dataConnectorId1')]"
      ],
      "properties": {
        "parentId": "[extensionResourceId(resourceId('Microsoft.OperationalInsights/workspaces', parameters('workspace')), 'Microsoft.SecurityInsights/dataConnectors', variables('_dataConnectorContentId1'))]",
        "contentId": "[variables('_dataConnectorContentId1')]",
        "kind": "DataConnector",
        "version": "[variables('dataConnectorVersion1')]",
        "source": {
          "kind": "Solution",
          "name": "Citrix Web App Firewall",
          "sourceId": "[variables('_solutionId')]"
        },
        "author": {
          "name": "Citrix Systems"
        },
        "support": {
          "tier": "Partner",
          "name": "Citrix Systems",
          "link": "https://www.citrix.com/support/"
        }
      }
    },
    {
      "name": "[concat(parameters('workspace'),'/Microsoft.SecurityInsights/',variables('_dataConnectorContentId1'))]",
      "apiVersion": "2021-03-01-preview",
      "type": "Microsoft.OperationalInsights/workspaces/providers/dataConnectors",
      "location": "[parameters('workspace-location')]",
      "kind": "GenericUI",
      "properties": {
        "connectorUiConfig": {
          "title": "Citrix WAF (Web App Firewall)",
          "publisher": "Citrix Systems Inc.",
          "descriptionMarkdown": " Citrix WAF (Web App Firewall) is an industry leading enterprise-grade WAF solution. Citrix WAF mitigates threats against your public-facing assets, including websites, apps, and APIs. From layer 3 to layer 7, Citrix WAF includes protections such as IP reputation, bot mitigation, defense against the OWASP Top 10 application threats, built-in signatures to protect against application stack vulnerabilities, and more. \n\nCitrix WAF supports Common Event Format (CEF) which is an industry standard format on top of Syslog messages . By connecting Citrix WAF CEF logs to Azure Sentinel, you can take advantage of search & correlation, alerting, and threat intelligence enrichment for each log.",
          "graphQueries": [
            {
              "metricName": "Total data received",
              "legend": "CitrixWafLogs",
              "baseQuery": "\nCommonSecurityLog\n| where DeviceVendor == \"Citrix\"\n| where DeviceProduct == \"NetScaler\"\n"
            }
          ],
          "dataTypes": [
            {
              "name": "CommonSecurityLog (CitrixWAFLogs)",
              "lastDataReceivedQuery": "\nCommonSecurityLog\n| where DeviceVendor == \"Citrix\"\n| where DeviceProduct == \"NetScaler\"\n\n            | summarize Time = max(TimeGenerated)\n            | where isnotempty(Time)"
            }
          ],
          "connectivityCriterias": [
            {
              "type": "IsConnectedQuery",
              "value": [
                "\nCommonSecurityLog\n| where DeviceVendor == \"Citrix\"\n| where DeviceProduct == \"NetScaler\"\n\n            | summarize LastLogReceived = max(TimeGenerated)\n            | project IsConnected = LastLogReceived > ago(30d)"
              ]
            }
          ],
          "sampleQueries": [
            {
              "description": "Citrix WAF Logs",
              "query": "\nCommonSecurityLog\n| where DeviceVendor == \"Citrix\"\n| where DeviceProduct == \"NetScaler\"\n"
            },
            {
              "description": "Citrix Waf logs for cross site scripting",
              "query": "\nCommonSecurityLog\n| where DeviceVendor == \"Citrix\"\n| where DeviceProduct == \"NetScaler\"\n| where Activity == \"APPFW_XSS\"\n"
            },
            {
              "description": "Citrix Waf logs for SQL Injection",
              "query": "\nCommonSecurityLog\n| where DeviceVendor == \"Citrix\"\n| where DeviceProduct == \"NetScaler\"\n| where Activity == \"APPFW_SQL\"\n"
            },
            {
              "description": "Citrix Waf logs for Bufferoverflow",
              "query": "\nCommonSecurityLog\n| where DeviceVendor == \"Citrix\"\n| where DeviceProduct == \"NetScaler\"\n| where Activity == \"APPFW_STARTURL\"\n"
            }
          ],
          "availability": {
            "status": 1,
            "isPreview": false
          },
          "permissions": {
            "resourceProvider": [
              {
                "provider": "Microsoft.OperationalInsights/workspaces",
                "permissionsDisplayText": "read and write permissions are required.",
                "providerDisplayName": "Workspace",
                "scope": "Workspace",
                "requiredPermissions": {
                  "read": true,
                  "write": true,
                  "delete": true
                }
              },
              {
                "provider": "Microsoft.OperationalInsights/workspaces/sharedKeys",
                "permissionsDisplayText": "read permissions to shared keys for the workspace are required. [See the documentation to learn more about workspace keys](https://docs.microsoft.com/azure/azure-monitor/platform/agent-windows#obtain-workspace-id-and-key).",
                "providerDisplayName": "Keys",
                "scope": "Workspace",
                "requiredPermissions": {
                  "action": true
                }
              }
            ]
          },
          "instructionSteps": [
            {
              "description": "Install and configure the Linux agent to collect your Common Event Format (CEF) Syslog messages and forward them to Azure Sentinel.\n\n> Notice that the data from all regions will be stored in the selected workspace",
              "innerSteps": [
                {
                  "title": "1.1 Select or create a Linux machine",
                  "description": "Select or create a Linux machine that Azure Sentinel will use as the proxy between your security solution and Azure Sentinel this machine can be on your on-prem environment, Azure or other clouds."
                },
                {
                  "title": "1.2 Install the CEF collector on the Linux machine",
                  "description": "Install the Microsoft Monitoring Agent on your Linux machine and configure the machine to listen on the necessary port and forward messages to your Azure Sentinel workspace. The CEF collector collects CEF messages on port 514 TCP.\n\n> 1. Make sure that you have Python on your machine using the following command: python -version.\n\n> 2. You must have elevated permissions (sudo) on your machine.",
                  "instructions": [
                    {
                      "parameters": {
                        "fillWith": [
                          "WorkspaceId",
                          "PrimaryKey"
                        ],
                        "label": "Run the following command to install and apply the CEF collector:",
                        "value": "sudo wget https://raw.githubusercontent.com/Azure/Azure-Sentinel/master/DataConnectors/CEF/cef_installer.py&&sudo python cef_installer.py {0} {1}"
                      },
                      "type": "CopyableLabel"
                    }
                  ]
                }
              ],
              "title": "1. Linux Syslog agent configuration"
            },
            {
              "description": "Configure Citrix WAF to send Syslog messages in CEF format to the proxy machine using the steps below. \n\n1. Follow [this guide](https://support.citrix.com/article/CTX234174) to configure WAF.\n\n2. Follow [this guide](https://support.citrix.com/article/CTX136146) to configure CEF logs.\n\n3. Follow [this guide](https://docs.citrix.com/en-us/citrix-adc/13/system/audit-logging/configuring-audit-logging.html) to forward the logs to proxy . Make sure you to send the logs to port 514 TCP on the Linux machine's IP address.\n\n",
              "title": "2. Forward Common Event Format (CEF) logs to Syslog agent"
            },
            {
              "description": "Follow the instructions to validate your connectivity:\n\nOpen Log Analytics to check if the logs are received using the CommonSecurityLog schema.\n\n>It may take about 20 minutes until the connection streams data to your workspace.\n\nIf the logs are not received, run the following connectivity validation script:\n\n> 1. Make sure that you have Python on your machine using the following command: python -version\n\n>2. You must have elevated permissions (sudo) on your machine",
              "instructions": [
                {
                  "parameters": {
                    "fillWith": [
                      "WorkspaceId"
                    ],
                    "label": "Run the following command to validate your connectivity:",
                    "value": "sudo wget https://raw.githubusercontent.com/Azure/Azure-Sentinel/master/DataConnectors/CEF/cef_troubleshoot.py&&sudo python cef_troubleshoot.py  {0}"
                  },
                  "type": "CopyableLabel"
                }
              ],
              "title": "3. Validate connection"
            },
            {
              "description": "Make sure to configure the machine's security according to your organization's security policy\n\n\n[Learn more >](https://aka.ms/SecureCEF)",
              "title": "4. Secure your machine "
            }
          ],
          "id": "[variables('_uiConfigId1')]"
        }
      }
    },
    {
      "type": "Microsoft.OperationalInsights/workspaces/providers/metadata",
      "apiVersion": "2022-01-01-preview",
      "properties": {
        "version": "2.0.0",
        "kind": "Solution",
        "contentSchemaVersion": "2.0.0",
        "contentId": "[variables('_solutionId')]",
        "parentId": "[variables('_solutionId')]",
        "source": {
          "kind": "Solution",
          "name": "Citrix Web App Firewall",
          "sourceId": "[variables('_solutionId')]"
        },
        "author": {
          "name": "Citrix Systems"
        },
        "support": {
          "name": "Citrix Systems",
          "tier": "Partner",
          "link": "https://www.citrix.com/support/"
        },
        "dependencies": {
          "operator": "AND",
          "criteria": [
            {
              "kind": "Workbook",
              "contentId": "[variables('_workbookContentId1')]",
              "version": "[variables('workbookVersion1')]"
            },
            {
              "kind": "DataConnector",
              "contentId": "[variables('_dataConnectorContentId1')]",
              "version": "[variables('dataConnectorVersion1')]"
            }
          ]
        },
        "firstPublishDate": "2022-05-06",
        "providers": [
          "Citrix"
        ],
        "categories": {
          "domains": [
            "Security - Network"
          ]
        }
      },
      "name": "[concat(parameters('workspace'),'/Microsoft.SecurityInsights/', variables('_solutionId'))]"
    }
  ],
  "outputs": {}
}
