{
  "$schema": "https://schema.management.azure.com/schemas/2019-04-01/deploymentTemplate.json#",
  "contentVersion": "1.0.0.0",
  "metadata": {
    "author": "ZeroFox - integration-support@zerofox.com",
    "comments": "Solution template for ZeroFox"
  },
  "parameters": {
    "location": {
      "type": "string",
      "minLength": 1,
      "defaultValue": "[resourceGroup().location]",
      "metadata": {
        "description": "Not used, but needed to pass arm-ttk test `Location-Should-Not-Be-Hardcoded`.  We instead use the `workspace-location` which is derived from the LA workspace"
      }
    },
    "workspace-location": {
      "type": "string",
      "defaultValue": "",
      "metadata": {
        "description": "[concat('Region to deploy solution resources -- separate from location selection',parameters('location'))]"
      }
    },
    "workspace": {
      "defaultValue": "",
      "type": "string",
      "metadata": {
        "description": "Workspace name for Log Analytics where Microsoft Sentinel is setup"
      }
    }
  },
  "variables": {
    "email": "integration-support@zerofox.com",
    "_email": "[variables('email')]",
    "_solutionName": "ZeroFox",
    "_solutionVersion": "3.0.1",
    "solutionId": "zerofoxinc1695922129370.zerofox-sentinel-connector",
    "_solutionId": "[variables('solutionId')]",
    "uiConfigId1": "ZeroFoxCTIDataConnector",
    "_uiConfigId1": "[variables('uiConfigId1')]",
    "dataConnectorContentId1": "ZeroFoxCTIDataConnector",
    "_dataConnectorContentId1": "[variables('dataConnectorContentId1')]",
    "dataConnectorId1": "[extensionResourceId(resourceId('Microsoft.OperationalInsights/workspaces', parameters('workspace')), 'Microsoft.SecurityInsights/dataConnectors', variables('_dataConnectorContentId1'))]",
    "_dataConnectorId1": "[variables('dataConnectorId1')]",
    "dataConnectorTemplateSpecName1": "[concat(parameters('workspace'),'/Microsoft.SecurityInsights/',concat(parameters('workspace'),'-dc-',uniquestring(variables('_dataConnectorContentId1'))))]",
    "dataConnectorVersion1": "1.0.0",
    "_dataConnectorcontentProductId1": "[concat(take(variables('_solutionId'),50),'-','dc','-', uniqueString(concat(variables('_solutionId'),'-','DataConnector','-',variables('_dataConnectorContentId1'),'-', variables('dataConnectorVersion1'))))]",
    "uiConfigId2": "ZeroFox_Alert_Polling",
    "_uiConfigId2": "[variables('uiConfigId2')]",
    "dataConnectorContentId2": "ZeroFox_Alert_Polling",
    "_dataConnectorContentId2": "[variables('dataConnectorContentId2')]",
    "dataConnectorId2": "[extensionResourceId(resourceId('Microsoft.OperationalInsights/workspaces', parameters('workspace')), 'Microsoft.SecurityInsights/dataConnectors', variables('_dataConnectorContentId2'))]",
    "_dataConnectorId2": "[variables('dataConnectorId2')]",
    "dataConnectorTemplateSpecName2": "[concat(parameters('workspace'),'/Microsoft.SecurityInsights/',concat(parameters('workspace'),'-dc-',uniquestring(variables('_dataConnectorContentId2'))))]",
    "dataConnectorVersion2": "1.0.0",
    "_dataConnectorcontentProductId2": "[concat(take(variables('_solutionId'),50),'-','dc','-', uniqueString(concat(variables('_solutionId'),'-','DataConnector','-',variables('_dataConnectorContentId2'),'-', variables('dataConnectorVersion2'))))]",
    "analyticRuleObject1": {
      "analyticRuleVersion1": "1.0.0",
      "_analyticRulecontentId1": "deb45e6d-892f-40bf-9118-e2a6f26b788d",
      "analyticRuleId1": "[resourceId('Microsoft.SecurityInsights/AlertRuleTemplates', 'deb45e6d-892f-40bf-9118-e2a6f26b788d')]",
      "analyticRuleTemplateSpecName1": "[concat(parameters('workspace'),'/Microsoft.SecurityInsights/',concat(parameters('workspace'),'-ar-',uniquestring('deb45e6d-892f-40bf-9118-e2a6f26b788d')))]",
      "_analyticRulecontentProductId1": "[concat(take(variables('_solutionId'),50),'-','ar','-', uniqueString(concat(variables('_solutionId'),'-','AnalyticsRule','-','deb45e6d-892f-40bf-9118-e2a6f26b788d','-', '1.0.0')))]"
    },
    "analyticRuleObject2": {
      "analyticRuleVersion2": "1.0.0",
      "_analyticRulecontentId2": "6f7a7413-b72f-4361-84ee-897baeb9c6d4",
      "analyticRuleId2": "[resourceId('Microsoft.SecurityInsights/AlertRuleTemplates', '6f7a7413-b72f-4361-84ee-897baeb9c6d4')]",
      "analyticRuleTemplateSpecName2": "[concat(parameters('workspace'),'/Microsoft.SecurityInsights/',concat(parameters('workspace'),'-ar-',uniquestring('6f7a7413-b72f-4361-84ee-897baeb9c6d4')))]",
      "_analyticRulecontentProductId2": "[concat(take(variables('_solutionId'),50),'-','ar','-', uniqueString(concat(variables('_solutionId'),'-','AnalyticsRule','-','6f7a7413-b72f-4361-84ee-897baeb9c6d4','-', '1.0.0')))]"
    },
    "analyticRuleObject3": {
      "analyticRuleVersion3": "1.0.0",
      "_analyticRulecontentId3": "e0c7a91a-7aa1-498a-9c20-cd6c721f9345",
      "analyticRuleId3": "[resourceId('Microsoft.SecurityInsights/AlertRuleTemplates', 'e0c7a91a-7aa1-498a-9c20-cd6c721f9345')]",
      "analyticRuleTemplateSpecName3": "[concat(parameters('workspace'),'/Microsoft.SecurityInsights/',concat(parameters('workspace'),'-ar-',uniquestring('e0c7a91a-7aa1-498a-9c20-cd6c721f9345')))]",
      "_analyticRulecontentProductId3": "[concat(take(variables('_solutionId'),50),'-','ar','-', uniqueString(concat(variables('_solutionId'),'-','AnalyticsRule','-','e0c7a91a-7aa1-498a-9c20-cd6c721f9345','-', '1.0.0')))]"
    },
    "analyticRuleObject4": {
      "analyticRuleVersion4": "1.0.0",
      "_analyticRulecontentId4": "a6496de5-911b-4199-b7db-d34ac9d70df3",
      "analyticRuleId4": "[resourceId('Microsoft.SecurityInsights/AlertRuleTemplates', 'a6496de5-911b-4199-b7db-d34ac9d70df3')]",
      "analyticRuleTemplateSpecName4": "[concat(parameters('workspace'),'/Microsoft.SecurityInsights/',concat(parameters('workspace'),'-ar-',uniquestring('a6496de5-911b-4199-b7db-d34ac9d70df3')))]",
      "_analyticRulecontentProductId4": "[concat(take(variables('_solutionId'),50),'-','ar','-', uniqueString(concat(variables('_solutionId'),'-','AnalyticsRule','-','a6496de5-911b-4199-b7db-d34ac9d70df3','-', '1.0.0')))]"
    },
    "_solutioncontentProductId": "[concat(take(variables('_solutionId'),50),'-','sl','-', uniqueString(concat(variables('_solutionId'),'-','Solution','-',variables('_solutionId'),'-', variables('_solutionVersion'))))]"
  },
  "resources": [
    {
      "type": "Microsoft.OperationalInsights/workspaces/providers/contentTemplates",
      "apiVersion": "2023-04-01-preview",
      "name": "[variables('dataConnectorTemplateSpecName1')]",
      "location": "[parameters('workspace-location')]",
      "dependsOn": [
        "[extensionResourceId(resourceId('Microsoft.OperationalInsights/workspaces', parameters('workspace')), 'Microsoft.SecurityInsights/contentPackages', variables('_solutionId'))]"
      ],
      "properties": {
        "description": "ZeroFox data connector with template version 3.0.1",
        "mainTemplate": {
          "$schema": "https://schema.management.azure.com/schemas/2019-04-01/deploymentTemplate.json#",
          "contentVersion": "[variables('dataConnectorVersion1')]",
          "parameters": {},
          "variables": {},
          "resources": [
            {
              "name": "[concat(parameters('workspace'),'/Microsoft.SecurityInsights/',variables('_dataConnectorContentId1'))]",
              "apiVersion": "2021-03-01-preview",
              "type": "Microsoft.OperationalInsights/workspaces/providers/dataConnectors",
              "location": "[parameters('workspace-location')]",
              "kind": "GenericUI",
              "properties": {
                "connectorUiConfig": {
                  "id": "[variables('_uiConfigId1')]",
                  "title": "ZeroFox CTI (using Azure Functions)",
                  "publisher": "ZeroFox",
                  "descriptionMarkdown": "The ZeroFox CTI data connectors provide the capability to ingest the different [ZeroFox](https://www.zerofox.com/threat-intelligence/) cyber threat intelligence alerts into Microsoft Sentinel.",
                  "graphQueries": [
                    {
                      "metricName": "ZeroFox CTI Advanced Dark Web Logs",
                      "legend": "ZeroFox_CTI_advanced_dark_web_CL",
                      "baseQuery": "ZeroFox_CTI_advanced_dark_web_CL"
                    },
                    {
                      "metricName": "ZeroFox CTI Botnet Logs",
                      "baseQuery": "ZeroFox_CTI_botnet_CL"
                    },
                    {
                      "metricName": "ZeroFox CTI Breaches Logs",
                      "legend": "ZeroFox_CTI_breaches_CL",
                      "baseQuery": "ZeroFox_CTI_breaches_CL"
                    },
                    {
                      "metricName": "ZeroFox CTI C2 Domains Logs",
                      "legend": "ZeroFox_CTI_C2_CL",
                      "baseQuery": "ZeroFox_CTI_C2_CL"
                    },
                    {
                      "metricName": "ZeroFox CTI Compromised Credentials Logs",
                      "legend": "ZeroFox_CTI_compromised_credentials_CL",
                      "baseQuery": "ZeroFox_CTI_compromised_credentials_CL"
                    },
                    {
                      "metricName": "ZeroFox CTI Credit Cards Logs",
                      "legend": "ZeroFox_CTI_credit_cards_CL",
                      "baseQuery": "ZeroFox_CTI_credit_cards_CL"
                    },
                    {
                      "metricName": "ZeroFox CTI Dark Web Logs",
                      "legend": "ZeroFox_CTI_dark_web_CL",
                      "baseQuery": "ZeroFox_CTI_dark_web_CL"
                    },
                    {
                      "metricName": "ZeroFox CTI Discord Logs",
                      "legend": "ZeroFox_CTI_discord_CL",
                      "baseQuery": "ZeroFox_CTI_discord_CL"
                    },
                    {
                      "metricName": "ZeroFox CTI Disruption Logs",
                      "legend": "ZeroFox_CTI_disruption_CL",
                      "baseQuery": "ZeroFox_CTI_disruption_CL"
                    },
                    {
                      "metricName": "ZeroFox CTI Email Addresses Logs",
                      "legend": "ZeroFox_CTI_email_addresses_CL",
                      "baseQuery": "ZeroFox_CTI_email_addresses_CL"
                    },
                    {
                      "metricName": "ZeroFox CTI Exploits Logs",
                      "legend": "ZeroFox_CTI_exploits_CL",
                      "baseQuery": "ZeroFox_CTI_exploits_CL"
                    },
                    {
                      "metricName": "ZeroFox CTI Identity Breach Logs",
                      "legend": "ZeroFox_CTI_identity_breach_CL",
                      "baseQuery": "ZeroFox_CTI_identity_breach_CL"
                    },
                    {
                      "metricName": "ZeroFox CTI IRC Logs",
                      "legend": "ZeroFox_CTI_irc_CL",
                      "baseQuery": "ZeroFox_CTI_irc_CL"
                    },
                    {
                      "metricName": "ZeroFox CTI Malware Logs",
                      "legend": "ZeroFox_CTI_malware_CL",
                      "baseQuery": "ZeroFox_CTI_malware_CL"
                    },
                    {
                      "metricName": "ZeroFox CTI National Ids Logs",
                      "legend": "ZeroFox_CTI_national_ids_CL",
                      "baseQuery": "ZeroFox_CTI_national_ids_CL"
                    },
                    {
                      "metricName": "ZeroFox CTI Phishing Logs",
                      "legend": "ZeroFox_CTI_phishing_CL",
                      "baseQuery": "ZeroFox_CTI_phishing_CL"
                    },
                    {
                      "metricName": "ZeroFox CTI Phone Numbers Logs",
                      "legend": "ZeroFox_CTI_phone_numbers_CL",
                      "baseQuery": "ZeroFox_CTI_phone_numbers_CL"
                    },
                    {
                      "metricName": "ZeroFox CTI Ransomware Logs",
                      "legend": "ZeroFox_CTI_ransomware_CL",
                      "baseQuery": "ZeroFox_CTI_ransomware_CL"
                    },
                    {
                      "metricName": "ZeroFox CTI Telegram Logs",
                      "legend": "ZeroFox_CTI_telegram_CL",
                      "baseQuery": "ZeroFox_CTI_telegram_CL"
                    },
                    {
                      "metricName": "ZeroFox CTI Threat Actors Logs",
                      "legend": "ZeroFox_CTI_threat_actors_CL",
                      "baseQuery": "ZeroFox_CTI_threat_actors_CL"
                    },
                    {
                      "metricName": "ZeroFox CTI Vulnerabilities Logs",
                      "legend": "ZeroFox_CTI_vulnerabilities_CL",
                      "baseQuery": "ZeroFox_CTI_vulnerabilities_CL"
                    }
                  ],
                  "sampleQueries": [
                    {
                      "description": "ZeroFox CTI C2-domains Logs",
                      "query": "ZeroFox_CTI_C2_CL\n | sort by TimeGenerated desc"
                    },
                    {
                      "description": "ZeroFox CTI Email Addresses Logs",
                      "query": "ZeroFox_CTI_email_addresses_CL\n | sort by TimeGenerated desc"
                    },
                    {
                      "description": "ZeroFox CTI Malware Logs",
                      "query": "ZeroFox_CTI_malware_CL\n | sort by TimeGenerated desc"
                    }
                  ],
                  "dataTypes": [
                    {
                      "name": "ZeroFox_CTI_advanced_dark_web_CL",
                      "lastDataReceivedQuery": "ZeroFox_CTI_advanced_dark_web_CL\n            | summarize Time = max(TimeGenerated)\n            | where isnotempty(Time)"
                    },
                    {
                      "name": "ZeroFox_CTI_botnet_CL",
                      "lastDataReceivedQuery": "ZeroFox_CTI_botnet_CL\n            | summarize Time = max(TimeGenerated)\n            | where isnotempty(Time)"
                    },
                    {
                      "name": "ZeroFox_CTI_breaches_CL",
                      "lastDataReceivedQuery": "ZeroFox_CTI_breaches_CL\n            | summarize Time = max(TimeGenerated)\n            | where isnotempty(Time)"
                    },
                    {
                      "name": "ZeroFox_CTI_C2_CL",
                      "lastDataReceivedQuery": "ZeroFox_CTI_C2_CL\n            | summarize Time = max(TimeGenerated)\n            | where isnotempty(Time)"
                    },
                    {
                      "name": "ZeroFox_CTI_compromised_credentials_CL",
                      "lastDataReceivedQuery": "ZeroFox_CTI_compromised_credentials_CL\n            | summarize Time = max(TimeGenerated)\n            | where isnotempty(Time)"
                    },
                    {
                      "name": "ZeroFox_CTI_credit_cards_CL",
                      "lastDataReceivedQuery": "ZeroFox_CTI_credit_cards_CL\n            | summarize Time = max(TimeGenerated)\n            | where isnotempty(Time)"
                    },
                    {
                      "name": "ZeroFox_CTI_dark_web_CL",
                      "lastDataReceivedQuery": "ZeroFox_CTI_dark_web_CL\n            | summarize Time = max(TimeGenerated)\n            | where isnotempty(Time)"
                    },
                    {
                      "name": "ZeroFox_CTI_discord_CL",
                      "lastDataReceivedQuery": "ZeroFox_CTI_discord_CL\n            | summarize Time = max(TimeGenerated)\n            | where isnotempty(Time)"
                    },
                    {
                      "name": "ZeroFox_CTI_disruption_CL",
                      "lastDataReceivedQuery": "ZeroFox_CTI_disruption_CL\n            | summarize Time = max(TimeGenerated)\n            | where isnotempty(Time)"
                    },
                    {
                      "name": "ZeroFox_CTI_email_addresses_CL",
                      "lastDataReceivedQuery": "ZeroFox_CTI_email_addresses_CL\n            | summarize Time = max(TimeGenerated)\n            | where isnotempty(Time)"
                    },
                    {
                      "name": "ZeroFox_CTI_exploits_CL",
                      "lastDataReceivedQuery": "ZeroFox_CTI_exploits_CL\n            | summarize Time = max(TimeGenerated)\n            | where isnotempty(Time)"
                    },
                    {
                      "name": "ZeroFox_CTI_identity_breach_CL",
                      "lastDataReceivedQuery": "ZeroFox_CTI_identity_breach_CL\n            | summarize Time = max(TimeGenerated)\n            | where isnotempty(Time)"
                    },
                    {
                      "name": "ZeroFox_CTI_irc_CL",
                      "lastDataReceivedQuery": "ZeroFox_CTI_irc_CL\n            | summarize Time = max(TimeGenerated)\n            | where isnotempty(Time)"
                    },
                    {
                      "name": "ZeroFox_CTI_malware_CL",
                      "lastDataReceivedQuery": "ZeroFox_CTI_malware_CL\n            | summarize Time = max(TimeGenerated)\n            | where isnotempty(Time)"
                    },
                    {
                      "name": "ZeroFox_CTI_national_ids_CL",
                      "lastDataReceivedQuery": "ZeroFox_CTI_national_ids_CL\n            | summarize Time = max(TimeGenerated)\n            | where isnotempty(Time)"
                    },
                    {
                      "name": "ZeroFox_CTI_phishing_CL",
                      "lastDataReceivedQuery": "ZeroFox_CTI_phishing_CL\n            | summarize Time = max(TimeGenerated)\n            | where isnotempty(Time)"
                    },
                    {
                      "name": "ZeroFox_CTI_phone_numbers_CL",
                      "lastDataReceivedQuery": "ZeroFox_CTI_phone_numbers_CL\n            | summarize Time = max(TimeGenerated)\n            | where isnotempty(Time)"
                    },
                    {
                      "name": "ZeroFox_CTI_ransomware_CL",
                      "lastDataReceivedQuery": "ZeroFox_CTI_ransomware_CL\n            | summarize Time = max(TimeGenerated)\n            | where isnotempty(Time)"
                    },
                    {
                      "name": "ZeroFox_CTI_telegram_CL",
                      "lastDataReceivedQuery": "ZeroFox_CTI_telegram_CL\n            | summarize Time = max(TimeGenerated)\n            | where isnotempty(Time)"
                    },
                    {
                      "name": "ZeroFox_CTI_threat_actors_CL",
                      "lastDataReceivedQuery": "ZeroFox_CTI_threat_actors_CL\n            | summarize Time = max(TimeGenerated)\n            | where isnotempty(Time)"
                    },
                    {
                      "name": "ZeroFox_CTI_vulnerabilities_CL",
                      "lastDataReceivedQuery": "ZeroFox_CTI_vulnerabilities_CL\n            | summarize Time = max(TimeGenerated)\n            | where isnotempty(Time)"
                    }
                  ],
                  "connectivityCriterias": [
                    {
                      "type": "IsConnectedQuery",
                      "value": [
                        "ZeroFox_CTI_advanced_dark_web_CL\n            | summarize LastLogReceived = max(TimeGenerated)\n            | project IsConnected = LastLogReceived > ago(1d)",
                        "ZeroFox_CTI_botnet_CL\n            | summarize LastLogReceived = max(TimeGenerated)\n            | project IsConnected = LastLogReceived > ago(1d)",
                        "ZeroFox_CTI_breaches_CL\n            | summarize LastLogReceived = max(TimeGenerated)\n            | project IsConnected = LastLogReceived > ago(1d)",
                        "ZeroFox_CTI_C2_CL\n            | summarize LastLogReceived = max(TimeGenerated)\n            | project IsConnected = LastLogReceived > ago(1d)",
                        "ZeroFox_CTI_compromised_credentials_CL\n            | summarize LastLogReceived = max(TimeGenerated)\n            | project IsConnected = LastLogReceived > ago(1d)",
                        "ZeroFox_CTI_credit_cards_CL\n            | summarize LastLogReceived = max(TimeGenerated)\n            | project IsConnected = LastLogReceived > ago(1d)",
                        "ZeroFox_CTI_dark_web_CL\n            | summarize LastLogReceived = max(TimeGenerated)\n            | project IsConnected = LastLogReceived > ago(1d)",
                        "ZeroFox_CTI_discord_CL\n            | summarize LastLogReceived = max(TimeGenerated)\n            | project IsConnected = LastLogReceived > ago(1d)",
                        "ZeroFox_CTI_disruption_CL\n            | summarize LastLogReceived = max(TimeGenerated)\n            | project IsConnected = LastLogReceived > ago(1d)",
                        "ZeroFox_CTI_email_addresses_CL\n            | summarize LastLogReceived = max(TimeGenerated)\n            | project IsConnected = LastLogReceived > ago(1d)",
                        "ZeroFox_CTI_exploits_CL\n            | summarize LastLogReceived = max(TimeGenerated)\n            | project IsConnected = LastLogReceived > ago(1d)",
                        "ZeroFox_CTI_identity_breach_CL\n            | summarize LastLogReceived = max(TimeGenerated)\n            | project IsConnected = LastLogReceived > ago(1d)",
                        "ZeroFox_CTI_irc_CL\n            | summarize LastLogReceived = max(TimeGenerated)\n            | project IsConnected = LastLogReceived > ago(1d)",
                        "ZeroFox_CTI_malware_CL\n            | summarize LastLogReceived = max(TimeGenerated)\n            | project IsConnected = LastLogReceived > ago(1d)",
                        "ZeroFox_CTI_national_ids_CL\n            | summarize LastLogReceived = max(TimeGenerated)\n            | project IsConnected = LastLogReceived > ago(1d)",
                        "ZeroFox_CTI_phishing_CL\n            | summarize LastLogReceived = max(TimeGenerated)\n            | project IsConnected = LastLogReceived > ago(1d)",
                        "ZeroFox_CTI_phone_numbers_CL\n            | summarize LastLogReceived = max(TimeGenerated)\n            | project IsConnected = LastLogReceived > ago(1d)",
                        "ZeroFox_CTI_ransomware_CL\n            | summarize LastLogReceived = max(TimeGenerated)\n            | project IsConnected = LastLogReceived > ago(1d)",
                        "ZeroFox_CTI_telegram_CL\n            | summarize LastLogReceived = max(TimeGenerated)\n            | project IsConnected = LastLogReceived > ago(1d)",
                        "ZeroFox_CTI_threat_actors_CL\n            | summarize LastLogReceived = max(TimeGenerated)\n            | project IsConnected = LastLogReceived > ago(1d)",
                        "ZeroFox_CTI_vulnerabilities_CL\n            | summarize LastLogReceived = max(TimeGenerated)\n            | project IsConnected = LastLogReceived > ago(1d)"
                      ]
                    }
                  ],
                  "availability": {
                    "status": 1,
                    "isPreview": false
                  },
                  "permissions": {
                    "resourceProvider": [
                      {
                        "provider": "Microsoft.OperationalInsights/workspaces",
                        "permissionsDisplayText": "read and write permissions on the workspace are required.",
                        "providerDisplayName": "Workspace",
                        "scope": "Workspace",
                        "requiredPermissions": {
                          "write": true,
                          "read": true,
                          "delete": true
                        }
                      },
                      {
                        "provider": "Microsoft.OperationalInsights/workspaces/sharedKeys",
                        "permissionsDisplayText": "read permissions to shared keys for the workspace are required. [See the documentation to learn more about workspace keys](https://docs.microsoft.com/azure/azure-monitor/platform/agent-windows#obtain-workspace-id-and-key).",
                        "providerDisplayName": "Keys",
                        "scope": "Workspace",
                        "requiredPermissions": {
                          "action": true
                        }
                      }
                    ],
                    "customs": [
                      {
                        "name": "Microsoft.Web/sites permissions",
                        "description": "Read and write permissions to Azure Functions to create a Function App is required. [See the documentation to learn more about Azure Functions](https://docs.microsoft.com/azure/azure-functions/)."
                      },
                      {
                        "name": "ZeroFox API Credentials/permissions",
                        "description": "**ZeroFox Username**, **ZeroFox Personal Access Token** are required for ZeroFox CTI REST API."
                      }
                    ]
                  },
                  "instructionSteps": [
                    {
                      "description": ">**NOTE:** This connector uses Azure Functions to connect to the ZeroFox CTI REST API to pull logs into Microsoft Sentinel. This might result in additional data ingestion costs. Check the [Azure Functions pricing page](https://azure.microsoft.com/pricing/details/functions/) for details."
                    },
                    {
                      "description": ">**(Optional Step)** Securely store workspace and API authorization key(s) or token(s) in Azure Key Vault. Azure Key Vault provides a secure mechanism to store and retrieve key values. [Follow these instructions](https://docs.microsoft.com/azure/app-service/app-service-key-vault-references) to use Azure Key Vault with an Azure Function App."
                    },
                    {
                      "description": "**STEP 1 - Retrieval of ZeroFox credentials:**\n\n Follow these instructions for set up logging and obtain credentials. \n1. [Log into ZeroFox's website.](https://cloud.zerofox.com/login) using your username and password \n2 - Click into the Settings button and go to the Data Connectors Section. \n3 - Select the API DATA FEEDS tab and head to the bottom of the page, select <<Reset>> in the API Information box, to obtain a Personal Access Token to be used along with your username."
                    },
                    {
                      "description": "**STEP 2 - Choose ONE from the following two deployment options to deploy the connector and the associated Azure Function**\n\n>**IMPORTANT:** Before deploying the ZeroFox CTI data connector, have the Workspace ID and Workspace Primary Key (can be copied from the following), readily available.",
                      "instructions": [
                        {
                          "parameters": {
                            "fillWith": [
                              "WorkspaceId"
                            ],
                            "label": "Workspace ID"
                          },
                          "type": "CopyableLabel"
                        },
                        {
                          "parameters": {
                            "fillWith": [
                              "PrimaryKey"
                            ],
                            "label": "Primary Key"
                          },
                          "type": "CopyableLabel"
                        }
                      ]
                    },
                    {
                      "description": "Use this method for automated deployment of the ZeroFox CTI data connectors using an ARM Tempate.\n\n1. Click the **Deploy to Azure** button below. \n\n\t[![Deploy To Azure](https://aka.ms/deploytoazurebutton)](https://aka.ms/sentinel-zerofox-azuredeploy)\n2. Select the preferred **Subscription**, **Resource Group** and **Location**. \n3. Enter the **Workspace ID**, **Workspace Key**, **ZeroFox Username**, **ZeroFox Personal Access Token**\n4. Mark the checkbox labeled **I agree to the terms and conditions stated above**.\n5. Click **Purchase** to deploy.",
                      "title": "Option 1 - Azure Resource Manager (ARM) Template"
                    },
                    {
                      "description": "Use the following step-by-step instructions to deploy the ZeroFox CTI data connector manually with Azure Functions (Deployment via Visual Studio Code).",
                      "title": "Option 2 - Manual Deployment of Azure Functions"
                    },
                    {
                      "description": "**1. Deploy a Function App**\n\n> **NOTE:** You will need to [prepare VS code](https://docs.microsoft.com/azure/azure-functions/create-first-function-vs-code-python) for Azure function development.\n\n1. Download the [Azure Function App](https://aka.ms/sentinel-ZeroFoxCTI-functionapp) file. Extract archive to your local development computer.\n2. Start VS Code. Choose File in the main menu and select Open Folder.\n3. Select the top level folder from extracted files.\n4. Choose the Azure icon in the Activity bar, then in the **Azure: Functions** area, choose the **Deploy to function app** button.\nIf you aren't already signed in, choose the Azure icon in the Activity bar, then in the **Azure: Functions** area, choose **Sign in to Azure**\nIf you're already signed in, go to the next step.\n5. Provide the following information at the prompts:\n\n\ta. **Select folder:** Choose a folder from your workspace or browse to one that contains your function app.\n\n\tb. **Select Subscription:** Choose the subscription to use.\n\n\tc. Select **Create new Function App in Azure** (Don't choose the Advanced option)\n\n\td. **Enter a globally unique name for the function app:** Type a name that is valid in a URL path. The name you type is validated to make sure that it's unique in Azure Functions. (e.g. CTIXYZ).\n\n\te. **Select a runtime:** Choose Python 3.9.\n\n\tf. Select a location for new resources. For better performance and lower costs choose the same [region](https://azure.microsoft.com/regions/) where Microsoft Sentinel is located.\n\n6. Deployment will begin. A notification is displayed after your function app is created and the deployment package is applied.\n7. Go to Azure Portal for the Function App configuration."
                    },
                    {
                      "description": "**2. Configure the Function App**\n\n1. In the Function App, select the Function App Name and select **Configuration**.\n2. In the **Application settings** tab, select **+ New application setting**.\n3. Add each of the following application settings individually, with their respective string values (case-sensitive): \n\t\tWorkspaceID\n\t\tWorkspaceKey\n\t\tlogAnalyticsUri (optional)\n> - Use logAnalyticsUri to override the log analytics API endpoint for dedicated cloud. For example, for public cloud, leave the value empty; for Azure GovUS cloud environment, specify the value in the following format: `https://<CustomerId>.ods.opinsights.azure.us`.\n3. Once all application settings have been entered, click **Save**."
                    }
                  ]
                }
              }
            },
            {
              "type": "Microsoft.OperationalInsights/workspaces/providers/metadata",
              "apiVersion": "2023-04-01-preview",
              "name": "[concat(parameters('workspace'),'/Microsoft.SecurityInsights/',concat('DataConnector-', last(split(variables('_dataConnectorId1'),'/'))))]",
              "properties": {
                "parentId": "[extensionResourceId(resourceId('Microsoft.OperationalInsights/workspaces', parameters('workspace')), 'Microsoft.SecurityInsights/dataConnectors', variables('_dataConnectorContentId1'))]",
                "contentId": "[variables('_dataConnectorContentId1')]",
                "kind": "DataConnector",
                "version": "[variables('dataConnectorVersion1')]",
                "source": {
                  "kind": "Solution",
                  "name": "ZeroFox",
                  "sourceId": "[variables('_solutionId')]"
                },
                "author": {
                  "name": "ZeroFox",
                  "email": "[variables('_email')]"
                },
                "support": {
                  "tier": "Partner",
                  "name": "ZeroFox",
                  "email": "integration-support@zerofox.com",
                  "link": "https://www.zerofox.com/contact-us/"
                }
              }
            }
          ]
        },
        "packageKind": "Solution",
        "packageVersion": "[variables('_solutionVersion')]",
        "packageName": "[variables('_solutionName')]",
        "packageId": "[variables('_solutionId')]",
        "contentSchemaVersion": "3.0.0",
        "contentId": "[variables('_dataConnectorContentId1')]",
        "contentKind": "DataConnector",
        "displayName": "ZeroFox CTI (using Azure Functions)",
        "contentProductId": "[variables('_dataConnectorcontentProductId1')]",
        "id": "[variables('_dataConnectorcontentProductId1')]",
        "version": "[variables('dataConnectorVersion1')]"
      }
    },
    {
      "type": "Microsoft.OperationalInsights/workspaces/providers/metadata",
      "apiVersion": "2023-04-01-preview",
      "name": "[concat(parameters('workspace'),'/Microsoft.SecurityInsights/',concat('DataConnector-', last(split(variables('_dataConnectorId1'),'/'))))]",
      "dependsOn": [
        "[variables('_dataConnectorId1')]"
      ],
      "location": "[parameters('workspace-location')]",
      "properties": {
        "parentId": "[extensionResourceId(resourceId('Microsoft.OperationalInsights/workspaces', parameters('workspace')), 'Microsoft.SecurityInsights/dataConnectors', variables('_dataConnectorContentId1'))]",
        "contentId": "[variables('_dataConnectorContentId1')]",
        "kind": "DataConnector",
        "version": "[variables('dataConnectorVersion1')]",
        "source": {
          "kind": "Solution",
          "name": "ZeroFox",
          "sourceId": "[variables('_solutionId')]"
        },
        "author": {
          "name": "ZeroFox",
          "email": "[variables('_email')]"
        },
        "support": {
          "tier": "Partner",
          "name": "ZeroFox",
          "email": "integration-support@zerofox.com",
          "link": "https://www.zerofox.com/contact-us/"
        }
      }
    },
    {
      "name": "[concat(parameters('workspace'),'/Microsoft.SecurityInsights/',variables('_dataConnectorContentId1'))]",
      "apiVersion": "2021-03-01-preview",
      "type": "Microsoft.OperationalInsights/workspaces/providers/dataConnectors",
      "location": "[parameters('workspace-location')]",
      "kind": "GenericUI",
      "properties": {
        "connectorUiConfig": {
          "title": "ZeroFox CTI (using Azure Functions)",
          "publisher": "ZeroFox",
          "descriptionMarkdown": "The ZeroFox CTI data connectors provide the capability to ingest the different [ZeroFox](https://www.zerofox.com/threat-intelligence/) cyber threat intelligence alerts into Microsoft Sentinel.",
          "graphQueries": [
            {
              "metricName": "ZeroFox CTI Advanced Dark Web Logs",
              "legend": "ZeroFox_CTI_advanced_dark_web_CL",
              "baseQuery": "ZeroFox_CTI_advanced_dark_web_CL"
            },
            {
              "metricName": "ZeroFox CTI Botnet Logs",
              "baseQuery": "ZeroFox_CTI_botnet_CL"
            },
            {
              "metricName": "ZeroFox CTI Breaches Logs",
              "legend": "ZeroFox_CTI_breaches_CL",
              "baseQuery": "ZeroFox_CTI_breaches_CL"
            },
            {
              "metricName": "ZeroFox CTI C2 Domains Logs",
              "legend": "ZeroFox_CTI_C2_CL",
              "baseQuery": "ZeroFox_CTI_C2_CL"
            },
            {
              "metricName": "ZeroFox CTI Compromised Credentials Logs",
              "legend": "ZeroFox_CTI_compromised_credentials_CL",
              "baseQuery": "ZeroFox_CTI_compromised_credentials_CL"
            },
            {
              "metricName": "ZeroFox CTI Credit Cards Logs",
              "legend": "ZeroFox_CTI_credit_cards_CL",
              "baseQuery": "ZeroFox_CTI_credit_cards_CL"
            },
            {
              "metricName": "ZeroFox CTI Dark Web Logs",
              "legend": "ZeroFox_CTI_dark_web_CL",
              "baseQuery": "ZeroFox_CTI_dark_web_CL"
            },
            {
              "metricName": "ZeroFox CTI Discord Logs",
              "legend": "ZeroFox_CTI_discord_CL",
              "baseQuery": "ZeroFox_CTI_discord_CL"
            },
            {
              "metricName": "ZeroFox CTI Disruption Logs",
              "legend": "ZeroFox_CTI_disruption_CL",
              "baseQuery": "ZeroFox_CTI_disruption_CL"
            },
            {
              "metricName": "ZeroFox CTI Email Addresses Logs",
              "legend": "ZeroFox_CTI_email_addresses_CL",
              "baseQuery": "ZeroFox_CTI_email_addresses_CL"
            },
            {
              "metricName": "ZeroFox CTI Exploits Logs",
              "legend": "ZeroFox_CTI_exploits_CL",
              "baseQuery": "ZeroFox_CTI_exploits_CL"
            },
            {
              "metricName": "ZeroFox CTI Identity Breach Logs",
              "legend": "ZeroFox_CTI_identity_breach_CL",
              "baseQuery": "ZeroFox_CTI_identity_breach_CL"
            },
            {
              "metricName": "ZeroFox CTI IRC Logs",
              "legend": "ZeroFox_CTI_irc_CL",
              "baseQuery": "ZeroFox_CTI_irc_CL"
            },
            {
              "metricName": "ZeroFox CTI Malware Logs",
              "legend": "ZeroFox_CTI_malware_CL",
              "baseQuery": "ZeroFox_CTI_malware_CL"
            },
            {
              "metricName": "ZeroFox CTI National Ids Logs",
              "legend": "ZeroFox_CTI_national_ids_CL",
              "baseQuery": "ZeroFox_CTI_national_ids_CL"
            },
            {
              "metricName": "ZeroFox CTI Phishing Logs",
              "legend": "ZeroFox_CTI_phishing_CL",
              "baseQuery": "ZeroFox_CTI_phishing_CL"
            },
            {
              "metricName": "ZeroFox CTI Phone Numbers Logs",
              "legend": "ZeroFox_CTI_phone_numbers_CL",
              "baseQuery": "ZeroFox_CTI_phone_numbers_CL"
            },
            {
              "metricName": "ZeroFox CTI Ransomware Logs",
              "legend": "ZeroFox_CTI_ransomware_CL",
              "baseQuery": "ZeroFox_CTI_ransomware_CL"
            },
            {
              "metricName": "ZeroFox CTI Telegram Logs",
              "legend": "ZeroFox_CTI_telegram_CL",
              "baseQuery": "ZeroFox_CTI_telegram_CL"
            },
            {
              "metricName": "ZeroFox CTI Threat Actors Logs",
              "legend": "ZeroFox_CTI_threat_actors_CL",
              "baseQuery": "ZeroFox_CTI_threat_actors_CL"
            },
            {
              "metricName": "ZeroFox CTI Vulnerabilities Logs",
              "legend": "ZeroFox_CTI_vulnerabilities_CL",
              "baseQuery": "ZeroFox_CTI_vulnerabilities_CL"
            }
          ],
          "dataTypes": [
            {
              "name": "ZeroFox_CTI_advanced_dark_web_CL",
              "lastDataReceivedQuery": "ZeroFox_CTI_advanced_dark_web_CL\n            | summarize Time = max(TimeGenerated)\n            | where isnotempty(Time)"
            },
            {
              "name": "ZeroFox_CTI_botnet_CL",
              "lastDataReceivedQuery": "ZeroFox_CTI_botnet_CL\n            | summarize Time = max(TimeGenerated)\n            | where isnotempty(Time)"
            },
            {
              "name": "ZeroFox_CTI_breaches_CL",
              "lastDataReceivedQuery": "ZeroFox_CTI_breaches_CL\n            | summarize Time = max(TimeGenerated)\n            | where isnotempty(Time)"
            },
            {
              "name": "ZeroFox_CTI_C2_CL",
              "lastDataReceivedQuery": "ZeroFox_CTI_C2_CL\n            | summarize Time = max(TimeGenerated)\n            | where isnotempty(Time)"
            },
            {
              "name": "ZeroFox_CTI_compromised_credentials_CL",
              "lastDataReceivedQuery": "ZeroFox_CTI_compromised_credentials_CL\n            | summarize Time = max(TimeGenerated)\n            | where isnotempty(Time)"
            },
            {
              "name": "ZeroFox_CTI_credit_cards_CL",
              "lastDataReceivedQuery": "ZeroFox_CTI_credit_cards_CL\n            | summarize Time = max(TimeGenerated)\n            | where isnotempty(Time)"
            },
            {
              "name": "ZeroFox_CTI_dark_web_CL",
              "lastDataReceivedQuery": "ZeroFox_CTI_dark_web_CL\n            | summarize Time = max(TimeGenerated)\n            | where isnotempty(Time)"
            },
            {
              "name": "ZeroFox_CTI_discord_CL",
              "lastDataReceivedQuery": "ZeroFox_CTI_discord_CL\n            | summarize Time = max(TimeGenerated)\n            | where isnotempty(Time)"
            },
            {
              "name": "ZeroFox_CTI_disruption_CL",
              "lastDataReceivedQuery": "ZeroFox_CTI_disruption_CL\n            | summarize Time = max(TimeGenerated)\n            | where isnotempty(Time)"
            },
            {
              "name": "ZeroFox_CTI_email_addresses_CL",
              "lastDataReceivedQuery": "ZeroFox_CTI_email_addresses_CL\n            | summarize Time = max(TimeGenerated)\n            | where isnotempty(Time)"
            },
            {
              "name": "ZeroFox_CTI_exploits_CL",
              "lastDataReceivedQuery": "ZeroFox_CTI_exploits_CL\n            | summarize Time = max(TimeGenerated)\n            | where isnotempty(Time)"
            },
            {
              "name": "ZeroFox_CTI_identity_breach_CL",
              "lastDataReceivedQuery": "ZeroFox_CTI_identity_breach_CL\n            | summarize Time = max(TimeGenerated)\n            | where isnotempty(Time)"
            },
            {
              "name": "ZeroFox_CTI_irc_CL",
              "lastDataReceivedQuery": "ZeroFox_CTI_irc_CL\n            | summarize Time = max(TimeGenerated)\n            | where isnotempty(Time)"
            },
            {
              "name": "ZeroFox_CTI_malware_CL",
              "lastDataReceivedQuery": "ZeroFox_CTI_malware_CL\n            | summarize Time = max(TimeGenerated)\n            | where isnotempty(Time)"
            },
            {
              "name": "ZeroFox_CTI_national_ids_CL",
              "lastDataReceivedQuery": "ZeroFox_CTI_national_ids_CL\n            | summarize Time = max(TimeGenerated)\n            | where isnotempty(Time)"
            },
            {
              "name": "ZeroFox_CTI_phishing_CL",
              "lastDataReceivedQuery": "ZeroFox_CTI_phishing_CL\n            | summarize Time = max(TimeGenerated)\n            | where isnotempty(Time)"
            },
            {
              "name": "ZeroFox_CTI_phone_numbers_CL",
              "lastDataReceivedQuery": "ZeroFox_CTI_phone_numbers_CL\n            | summarize Time = max(TimeGenerated)\n            | where isnotempty(Time)"
            },
            {
              "name": "ZeroFox_CTI_ransomware_CL",
              "lastDataReceivedQuery": "ZeroFox_CTI_ransomware_CL\n            | summarize Time = max(TimeGenerated)\n            | where isnotempty(Time)"
            },
            {
              "name": "ZeroFox_CTI_telegram_CL",
              "lastDataReceivedQuery": "ZeroFox_CTI_telegram_CL\n            | summarize Time = max(TimeGenerated)\n            | where isnotempty(Time)"
            },
            {
              "name": "ZeroFox_CTI_threat_actors_CL",
              "lastDataReceivedQuery": "ZeroFox_CTI_threat_actors_CL\n            | summarize Time = max(TimeGenerated)\n            | where isnotempty(Time)"
            },
            {
              "name": "ZeroFox_CTI_vulnerabilities_CL",
              "lastDataReceivedQuery": "ZeroFox_CTI_vulnerabilities_CL\n            | summarize Time = max(TimeGenerated)\n            | where isnotempty(Time)"
            }
          ],
          "connectivityCriterias": [
            {
              "type": "IsConnectedQuery",
              "value": [
                "ZeroFox_CTI_advanced_dark_web_CL\n            | summarize LastLogReceived = max(TimeGenerated)\n            | project IsConnected = LastLogReceived > ago(1d)",
                "ZeroFox_CTI_botnet_CL\n            | summarize LastLogReceived = max(TimeGenerated)\n            | project IsConnected = LastLogReceived > ago(1d)",
                "ZeroFox_CTI_breaches_CL\n            | summarize LastLogReceived = max(TimeGenerated)\n            | project IsConnected = LastLogReceived > ago(1d)",
                "ZeroFox_CTI_C2_CL\n            | summarize LastLogReceived = max(TimeGenerated)\n            | project IsConnected = LastLogReceived > ago(1d)",
                "ZeroFox_CTI_compromised_credentials_CL\n            | summarize LastLogReceived = max(TimeGenerated)\n            | project IsConnected = LastLogReceived > ago(1d)",
                "ZeroFox_CTI_credit_cards_CL\n            | summarize LastLogReceived = max(TimeGenerated)\n            | project IsConnected = LastLogReceived > ago(1d)",
                "ZeroFox_CTI_dark_web_CL\n            | summarize LastLogReceived = max(TimeGenerated)\n            | project IsConnected = LastLogReceived > ago(1d)",
                "ZeroFox_CTI_discord_CL\n            | summarize LastLogReceived = max(TimeGenerated)\n            | project IsConnected = LastLogReceived > ago(1d)",
                "ZeroFox_CTI_disruption_CL\n            | summarize LastLogReceived = max(TimeGenerated)\n            | project IsConnected = LastLogReceived > ago(1d)",
                "ZeroFox_CTI_email_addresses_CL\n            | summarize LastLogReceived = max(TimeGenerated)\n            | project IsConnected = LastLogReceived > ago(1d)",
                "ZeroFox_CTI_exploits_CL\n            | summarize LastLogReceived = max(TimeGenerated)\n            | project IsConnected = LastLogReceived > ago(1d)",
                "ZeroFox_CTI_identity_breach_CL\n            | summarize LastLogReceived = max(TimeGenerated)\n            | project IsConnected = LastLogReceived > ago(1d)",
                "ZeroFox_CTI_irc_CL\n            | summarize LastLogReceived = max(TimeGenerated)\n            | project IsConnected = LastLogReceived > ago(1d)",
                "ZeroFox_CTI_malware_CL\n            | summarize LastLogReceived = max(TimeGenerated)\n            | project IsConnected = LastLogReceived > ago(1d)",
                "ZeroFox_CTI_national_ids_CL\n            | summarize LastLogReceived = max(TimeGenerated)\n            | project IsConnected = LastLogReceived > ago(1d)",
                "ZeroFox_CTI_phishing_CL\n            | summarize LastLogReceived = max(TimeGenerated)\n            | project IsConnected = LastLogReceived > ago(1d)",
                "ZeroFox_CTI_phone_numbers_CL\n            | summarize LastLogReceived = max(TimeGenerated)\n            | project IsConnected = LastLogReceived > ago(1d)",
                "ZeroFox_CTI_ransomware_CL\n            | summarize LastLogReceived = max(TimeGenerated)\n            | project IsConnected = LastLogReceived > ago(1d)",
                "ZeroFox_CTI_telegram_CL\n            | summarize LastLogReceived = max(TimeGenerated)\n            | project IsConnected = LastLogReceived > ago(1d)",
                "ZeroFox_CTI_threat_actors_CL\n            | summarize LastLogReceived = max(TimeGenerated)\n            | project IsConnected = LastLogReceived > ago(1d)",
                "ZeroFox_CTI_vulnerabilities_CL\n            | summarize LastLogReceived = max(TimeGenerated)\n            | project IsConnected = LastLogReceived > ago(1d)"
              ]
            }
          ],
          "sampleQueries": [
            {
              "description": "ZeroFox CTI C2-domains Logs",
              "query": "ZeroFox_CTI_C2_CL\n | sort by TimeGenerated desc"
            },
            {
              "description": "ZeroFox CTI Email Addresses Logs",
              "query": "ZeroFox_CTI_email_addresses_CL\n | sort by TimeGenerated desc"
            },
            {
              "description": "ZeroFox CTI Malware Logs",
              "query": "ZeroFox_CTI_malware_CL\n | sort by TimeGenerated desc"
            }
          ],
          "availability": {
            "status": 1,
            "isPreview": false
          },
          "permissions": {
            "resourceProvider": [
              {
                "provider": "Microsoft.OperationalInsights/workspaces",
                "permissionsDisplayText": "read and write permissions on the workspace are required.",
                "providerDisplayName": "Workspace",
                "scope": "Workspace",
                "requiredPermissions": {
                  "write": true,
                  "read": true,
                  "delete": true
                }
              },
              {
                "provider": "Microsoft.OperationalInsights/workspaces/sharedKeys",
                "permissionsDisplayText": "read permissions to shared keys for the workspace are required. [See the documentation to learn more about workspace keys](https://docs.microsoft.com/azure/azure-monitor/platform/agent-windows#obtain-workspace-id-and-key).",
                "providerDisplayName": "Keys",
                "scope": "Workspace",
                "requiredPermissions": {
                  "action": true
                }
              }
            ],
            "customs": [
              {
                "name": "Microsoft.Web/sites permissions",
                "description": "Read and write permissions to Azure Functions to create a Function App is required. [See the documentation to learn more about Azure Functions](https://docs.microsoft.com/azure/azure-functions/)."
              },
              {
                "name": "ZeroFox API Credentials/permissions",
                "description": "**ZeroFox Username**, **ZeroFox Personal Access Token** are required for ZeroFox CTI REST API."
              }
            ]
          },
          "instructionSteps": [
            {
              "description": ">**NOTE:** This connector uses Azure Functions to connect to the ZeroFox CTI REST API to pull logs into Microsoft Sentinel. This might result in additional data ingestion costs. Check the [Azure Functions pricing page](https://azure.microsoft.com/pricing/details/functions/) for details."
            },
            {
              "description": ">**(Optional Step)** Securely store workspace and API authorization key(s) or token(s) in Azure Key Vault. Azure Key Vault provides a secure mechanism to store and retrieve key values. [Follow these instructions](https://docs.microsoft.com/azure/app-service/app-service-key-vault-references) to use Azure Key Vault with an Azure Function App."
            },
            {
              "description": "**STEP 1 - Retrieval of ZeroFox credentials:**\n\n Follow these instructions for set up logging and obtain credentials. \n1. [Log into ZeroFox's website.](https://cloud.zerofox.com/login) using your username and password \n2 - Click into the Settings button and go to the Data Connectors Section. \n3 - Select the API DATA FEEDS tab and head to the bottom of the page, select <<Reset>> in the API Information box, to obtain a Personal Access Token to be used along with your username."
            },
            {
              "description": "**STEP 2 - Choose ONE from the following two deployment options to deploy the connector and the associated Azure Function**\n\n>**IMPORTANT:** Before deploying the ZeroFox CTI data connector, have the Workspace ID and Workspace Primary Key (can be copied from the following), readily available.",
              "instructions": [
                {
                  "parameters": {
                    "fillWith": [
                      "WorkspaceId"
                    ],
                    "label": "Workspace ID"
                  },
                  "type": "CopyableLabel"
                },
                {
                  "parameters": {
                    "fillWith": [
                      "PrimaryKey"
                    ],
                    "label": "Primary Key"
                  },
                  "type": "CopyableLabel"
                }
              ]
            },
            {
              "description": "Use this method for automated deployment of the ZeroFox CTI data connectors using an ARM Tempate.\n\n1. Click the **Deploy to Azure** button below. \n\n\t[![Deploy To Azure](https://aka.ms/deploytoazurebutton)](https://aka.ms/sentinel-zerofox-azuredeploy)\n2. Select the preferred **Subscription**, **Resource Group** and **Location**. \n3. Enter the **Workspace ID**, **Workspace Key**, **ZeroFox Username**, **ZeroFox Personal Access Token**\n4. Mark the checkbox labeled **I agree to the terms and conditions stated above**.\n5. Click **Purchase** to deploy.",
              "title": "Option 1 - Azure Resource Manager (ARM) Template"
            },
            {
              "description": "Use the following step-by-step instructions to deploy the ZeroFox CTI data connector manually with Azure Functions (Deployment via Visual Studio Code).",
              "title": "Option 2 - Manual Deployment of Azure Functions"
            },
            {
              "description": "**1. Deploy a Function App**\n\n> **NOTE:** You will need to [prepare VS code](https://docs.microsoft.com/azure/azure-functions/create-first-function-vs-code-python) for Azure function development.\n\n1. Download the [Azure Function App](https://aka.ms/sentinel-ZeroFoxCTI-functionapp) file. Extract archive to your local development computer.\n2. Start VS Code. Choose File in the main menu and select Open Folder.\n3. Select the top level folder from extracted files.\n4. Choose the Azure icon in the Activity bar, then in the **Azure: Functions** area, choose the **Deploy to function app** button.\nIf you aren't already signed in, choose the Azure icon in the Activity bar, then in the **Azure: Functions** area, choose **Sign in to Azure**\nIf you're already signed in, go to the next step.\n5. Provide the following information at the prompts:\n\n\ta. **Select folder:** Choose a folder from your workspace or browse to one that contains your function app.\n\n\tb. **Select Subscription:** Choose the subscription to use.\n\n\tc. Select **Create new Function App in Azure** (Don't choose the Advanced option)\n\n\td. **Enter a globally unique name for the function app:** Type a name that is valid in a URL path. The name you type is validated to make sure that it's unique in Azure Functions. (e.g. CTIXYZ).\n\n\te. **Select a runtime:** Choose Python 3.9.\n\n\tf. Select a location for new resources. For better performance and lower costs choose the same [region](https://azure.microsoft.com/regions/) where Microsoft Sentinel is located.\n\n6. Deployment will begin. A notification is displayed after your function app is created and the deployment package is applied.\n7. Go to Azure Portal for the Function App configuration."
            },
            {
              "description": "**2. Configure the Function App**\n\n1. In the Function App, select the Function App Name and select **Configuration**.\n2. In the **Application settings** tab, select **+ New application setting**.\n3. Add each of the following application settings individually, with their respective string values (case-sensitive): \n\t\tWorkspaceID\n\t\tWorkspaceKey\n\t\tlogAnalyticsUri (optional)\n> - Use logAnalyticsUri to override the log analytics API endpoint for dedicated cloud. For example, for public cloud, leave the value empty; for Azure GovUS cloud environment, specify the value in the following format: `https://<CustomerId>.ods.opinsights.azure.us`.\n3. Once all application settings have been entered, click **Save**."
            }
          ],
          "id": "[variables('_uiConfigId1')]"
        }
      }
    },
    {
      "type": "Microsoft.OperationalInsights/workspaces/providers/contentTemplates",
      "apiVersion": "2023-04-01-preview",
      "name": "[variables('dataConnectorTemplateSpecName2')]",
      "location": "[parameters('workspace-location')]",
      "dependsOn": [
        "[extensionResourceId(resourceId('Microsoft.OperationalInsights/workspaces', parameters('workspace')), 'Microsoft.SecurityInsights/contentPackages', variables('_solutionId'))]"
      ],
      "properties": {
        "description": "ZeroFox data connector with template version 3.0.1",
        "mainTemplate": {
          "$schema": "https://schema.management.azure.com/schemas/2019-04-01/deploymentTemplate.json#",
          "contentVersion": "[variables('dataConnectorVersion2')]",
          "parameters": {},
          "variables": {},
          "resources": [
            {
              "name": "[concat(parameters('workspace'),'/Microsoft.SecurityInsights/',variables('_dataConnectorContentId2'))]",
              "apiVersion": "2021-03-01-preview",
              "type": "Microsoft.OperationalInsights/workspaces/providers/dataConnectors",
              "location": "[parameters('workspace-location')]",
              "kind": "APIPolling",
              "properties": {
                "connectorUiConfig": {
                  "id": "[variables('_uiConfigId2')]",
                  "title": "ZeroFox Enterprise - Alerts (Polling CCP)",
                  "publisher": "ZeroFox Enterprise",
                  "descriptionMarkdown": "Collects alerts from ZeroFox API.",
                  "graphQueriesTableName": "ZeroFoxAlertPoller_CL",
                  "graphQueries": [
                    {
                      "metricName": "Total alerts received",
                      "legend": "ZeroFox Alerts",
                      "baseQuery": "{{graphQueriesTableName}}"
                    }
                  ],
                  "sampleQueries": [
                    {
                      "description": "List all ZeroFox alerts",
                      "query": "{{graphQueriesTableName}}\n| sort by TimeGenerated asc"
                    },
                    {
                      "description": "Count alerts by network type",
                      "query": "{{graphQueriesTableName}}\n| summarize Count = count() by ThreatSource=network_s"
                    },
                    {
                      "description": "Count alerts by entity",
                      "query": "{{graphQueriesTableName}}\n| summarize Count = count() by Entity=entity_name_s"
                    }
                  ],
                  "dataTypes": [
                    {
                      "name": "{{graphQueriesTableName}}",
                      "lastDataReceivedQuery": "{{graphQueriesTableName}}\n            | summarize Time = max(TimeGenerated)\n            | where isnotempty(Time)"
                    }
                  ],
                  "connectivityCriteria": [
                    {
                      "type": "SentinelKindsV2",
                      "value": [
                        "APIPolling"
                      ]
                    }
                  ],
                  "availability": {
                    "status": 1,
                    "isPreview": false
                  },
                  "permissions": {
                    "resourceProvider": [
                      {
                        "provider": "Microsoft.OperationalInsights/solutions",
                        "permissionsDisplayText": "read and write permissions are required.",
                        "providerDisplayName": "Workspace",
                        "scope": "Workspace",
                        "requiredPermissions": {
                          "action": true,
                          "write": true,
                          "read": true,
                          "delete": true
                        }
                      }
                    ],
                    "customs": [
                      {
                        "name": "ZeroFox Personal Access Token (PAT)",
                        "description": "A ZeroFox PAT is required. You can get it in Data Connectors > [API Data Feeds](https://cloud.zerofox.com/data_connectors/api)."
                      }
                    ]
                  },
                  "instructionSteps": [
                    {
                      "description": "Provide your ZeroFox PAT",
                      "instructions": [
                        {
                          "type": "APIKey"
                        }
                      ],
                      "title": "Connect ZeroFox to Microsoft Sentinel"
                    }
                  ]
                },
                "pollingConfig": {
                  "auth": {
                    "authType": "APIKey",
                    "APIKeyName": "Authorization",
                    "APIKeyIdentifier": "Token"
                  },
                  "request": {
                    "apiEndpoint": "https://api.zerofox.com/1.0/alerts/",
                    "httpMethod": "Get",
                    "queryTimeFormat": "yyyy-MM-ddTHH:mm:ssZ",
                    "startTimeAttributeName": "min_timestamp",
                    "endTimeAttributeName": "max_timestamp",
                    "queryParameters": {
                      "sort_direction": "asc"
                    }
                  },
                  "response": {
                    "eventsJsonPaths": [
                      "$.alerts[*]"
                    ]
                  },
                  "paging": {
                    "pagingType": "Offset",
                    "offsetParaName": "offset",
                    "pageSizeParaName": "limit",
                    "pageSize": 100
                  }
                }
              }
            },
            {
              "type": "Microsoft.OperationalInsights/workspaces/providers/metadata",
              "apiVersion": "2023-04-01-preview",
              "name": "[concat(parameters('workspace'),'/Microsoft.SecurityInsights/',concat('DataConnector-', last(split(variables('_dataConnectorId2'),'/'))))]",
              "properties": {
                "parentId": "[extensionResourceId(resourceId('Microsoft.OperationalInsights/workspaces', parameters('workspace')), 'Microsoft.SecurityInsights/dataConnectors', variables('_dataConnectorContentId2'))]",
                "contentId": "[variables('_dataConnectorContentId2')]",
                "kind": "DataConnector",
                "version": "[variables('dataConnectorVersion2')]",
                "source": {
                  "kind": "Solution",
                  "name": "ZeroFox",
                  "sourceId": "[variables('_solutionId')]"
                },
                "author": {
                  "name": "ZeroFox",
                  "email": "[variables('_email')]"
                },
                "support": {
                  "tier": "Partner",
                  "name": "ZeroFox",
                  "email": "integration-support@zerofox.com",
                  "link": "https://www.zerofox.com/contact-us/"
                }
              }
            }
          ]
        },
        "packageKind": "Solution",
        "packageVersion": "[variables('_solutionVersion')]",
        "packageName": "[variables('_solutionName')]",
        "packageId": "[variables('_solutionId')]",
        "contentSchemaVersion": "3.0.0",
        "contentId": "[variables('_dataConnectorContentId2')]",
        "contentKind": "DataConnector",
        "displayName": "ZeroFox Enterprise - Alerts (Polling CCP)",
        "contentProductId": "[variables('_dataConnectorcontentProductId2')]",
        "id": "[variables('_dataConnectorcontentProductId2')]",
        "version": "[variables('dataConnectorVersion2')]"
      }
    },
    {
      "type": "Microsoft.OperationalInsights/workspaces/providers/metadata",
      "apiVersion": "2023-04-01-preview",
      "name": "[concat(parameters('workspace'),'/Microsoft.SecurityInsights/',concat('DataConnector-', last(split(variables('_dataConnectorId2'),'/'))))]",
      "dependsOn": [
        "[variables('_dataConnectorId2')]"
      ],
      "location": "[parameters('workspace-location')]",
      "properties": {
        "parentId": "[extensionResourceId(resourceId('Microsoft.OperationalInsights/workspaces', parameters('workspace')), 'Microsoft.SecurityInsights/dataConnectors', variables('_dataConnectorContentId2'))]",
        "contentId": "[variables('_dataConnectorContentId2')]",
        "kind": "DataConnector",
        "version": "[variables('dataConnectorVersion2')]",
        "source": {
          "kind": "Solution",
          "name": "ZeroFox",
          "sourceId": "[variables('_solutionId')]"
        },
        "author": {
          "name": "ZeroFox",
          "email": "[variables('_email')]"
        },
        "support": {
          "tier": "Partner",
          "name": "ZeroFox",
          "email": "integration-support@zerofox.com",
          "link": "https://www.zerofox.com/contact-us/"
        }
      }
    },
    {
      "name": "[concat(parameters('workspace'),'/Microsoft.SecurityInsights/',variables('_dataConnectorContentId2'))]",
      "apiVersion": "2021-03-01-preview",
      "type": "Microsoft.OperationalInsights/workspaces/providers/dataConnectors",
      "location": "[parameters('workspace-location')]",
      "kind": "APIPolling",
      "properties": {
        "connectorUiConfig": {
          "id": "[variables('_uiConfigId2')]",
          "title": "ZeroFox Enterprise - Alerts (Polling CCP)",
          "publisher": "ZeroFox Enterprise",
          "descriptionMarkdown": "Collects alerts from ZeroFox API.",
          "graphQueriesTableName": "ZeroFoxAlertPoller_CL",
          "graphQueries": [
            {
              "metricName": "Total alerts received",
              "legend": "ZeroFox Alerts",
              "baseQuery": "{{graphQueriesTableName}}"
            }
          ],
          "sampleQueries": [
            {
              "description": "List all ZeroFox alerts",
              "query": "{{graphQueriesTableName}}\n| sort by TimeGenerated asc"
            },
            {
              "description": "Count alerts by network type",
              "query": "{{graphQueriesTableName}}\n| summarize Count = count() by ThreatSource=network_s"
            },
            {
              "description": "Count alerts by entity",
              "query": "{{graphQueriesTableName}}\n| summarize Count = count() by Entity=entity_name_s"
            }
          ],
          "dataTypes": [
            {
              "name": "{{graphQueriesTableName}}",
              "lastDataReceivedQuery": "{{graphQueriesTableName}}\n            | summarize Time = max(TimeGenerated)\n            | where isnotempty(Time)"
            }
          ],
          "connectivityCriteria": [
            {
              "type": "SentinelKindsV2",
              "value": [
                "APIPolling"
              ]
            }
          ],
          "availability": {
            "status": 1,
            "isPreview": false
          },
          "permissions": {
            "resourceProvider": [
              {
                "provider": "Microsoft.OperationalInsights/solutions",
                "permissionsDisplayText": "read and write permissions are required.",
                "providerDisplayName": "Workspace",
                "scope": "Workspace",
                "requiredPermissions": {
                  "action": true,
                  "write": true,
                  "read": true,
                  "delete": true
                }
              }
            ],
            "customs": [
              {
                "name": "ZeroFox Personal Access Token (PAT)",
                "description": "A ZeroFox PAT is required. You can get it in Data Connectors > [API Data Feeds](https://cloud.zerofox.com/data_connectors/api)."
              }
            ]
          },
          "instructionSteps": [
            {
              "description": "Provide your ZeroFox PAT",
              "instructions": [
                {
                  "type": "APIKey"
                }
              ],
              "title": "Connect ZeroFox to Microsoft Sentinel"
            }
          ]
        },
        "pollingConfig": {
          "auth": {
            "authType": "APIKey",
            "APIKeyName": "Authorization",
            "APIKeyIdentifier": "Token"
          },
          "request": {
            "apiEndpoint": "https://api.zerofox.com/1.0/alerts/",
            "httpMethod": "Get",
            "queryTimeFormat": "yyyy-MM-ddTHH:mm:ssZ",
            "startTimeAttributeName": "min_timestamp",
            "endTimeAttributeName": "max_timestamp",
            "queryParameters": {
              "sort_direction": "asc"
            }
          },
          "response": {
            "eventsJsonPaths": [
              "$.alerts[*]"
            ]
          },
          "paging": {
            "pagingType": "Offset",
            "offsetParaName": "offset",
            "pageSizeParaName": "limit",
            "pageSize": 100
          }
        }
      }
    },
    {
      "type": "Microsoft.OperationalInsights/workspaces/providers/contentTemplates",
      "apiVersion": "2023-04-01-preview",
      "name": "[variables('analyticRuleObject1').analyticRuleTemplateSpecName1]",
      "location": "[parameters('workspace-location')]",
      "dependsOn": [
        "[extensionResourceId(resourceId('Microsoft.OperationalInsights/workspaces', parameters('workspace')), 'Microsoft.SecurityInsights/contentPackages', variables('_solutionId'))]"
      ],
      "properties": {
        "description": "ZF_Alerts_HighSeverityRule_AnalyticalRules Analytics Rule with template version 3.0.1",
        "mainTemplate": {
          "$schema": "https://schema.management.azure.com/schemas/2019-04-01/deploymentTemplate.json#",
          "contentVersion": "[variables('analyticRuleObject1').analyticRuleVersion1]",
          "parameters": {},
          "variables": {},
          "resources": [
            {
              "type": "Microsoft.SecurityInsights/AlertRuleTemplates",
              "name": "[variables('analyticRuleObject1')._analyticRulecontentId1]",
              "apiVersion": "2023-02-01-preview",
              "kind": "Scheduled",
              "location": "[parameters('workspace-location')]",
              "properties": {
                "description": "Detects high severity alerts from ZeroFox",
                "displayName": "ZeroFox Alerts - High Severity Alerts",
                "enabled": false,
                "query": "ZeroFoxAlertPoller_CL\n| where Severity in (5)\n",
                "queryFrequency": "PT5M",
                "queryPeriod": "PT5M",
                "severity": "High",
                "suppressionDuration": "PT1H",
                "suppressionEnabled": false,
                "triggerOperator": "GreaterThan",
                "triggerThreshold": 0,
                "status": "Available",
                "requiredDataConnectors": [
                  {
                    "dataTypes": [
                      "ZeroFoxAlertPoller_CL"
                    ],
                    "connectorId": "ZeroFox_Alert_Polling"
                  }
                ],
                "tactics": [
                  "ResourceDevelopment",
                  "InitialAccess"
                ],
                "techniques": [
                  "T1583",
                  "T1586",
                  "T1566"
                ],
                "entityMappings": [
                  {
                    "fieldMappings": [
                      {
                        "identifier": "FullName",
                        "columnName": "entity_name_s"
                      }
                    ],
                    "entityType": "Account"
                  }
                ],
                "eventGroupingSettings": {
                  "aggregationKind": "AlertPerResult"
                }
              }
            },
            {
              "type": "Microsoft.OperationalInsights/workspaces/providers/metadata",
              "apiVersion": "2022-01-01-preview",
              "name": "[concat(parameters('workspace'),'/Microsoft.SecurityInsights/',concat('AnalyticsRule-', last(split(variables('analyticRuleObject1').analyticRuleId1,'/'))))]",
              "properties": {
                "description": "ZeroFox Analytics Rule 1",
                "parentId": "[variables('analyticRuleObject1').analyticRuleId1]",
                "contentId": "[variables('analyticRuleObject1')._analyticRulecontentId1]",
                "kind": "AnalyticsRule",
                "version": "[variables('analyticRuleObject1').analyticRuleVersion1]",
                "source": {
                  "kind": "Solution",
                  "name": "ZeroFox",
                  "sourceId": "[variables('_solutionId')]"
                },
                "author": {
                  "name": "ZeroFox",
                  "email": "[variables('_email')]"
                },
                "support": {
                  "tier": "Partner",
                  "name": "ZeroFox",
                  "email": "integration-support@zerofox.com",
                  "link": "https://www.zerofox.com/contact-us/"
                }
              }
            }
          ]
        },
        "packageKind": "Solution",
        "packageVersion": "[variables('_solutionVersion')]",
        "packageName": "[variables('_solutionName')]",
        "packageId": "[variables('_solutionId')]",
        "contentSchemaVersion": "3.0.0",
        "contentId": "[variables('analyticRuleObject1')._analyticRulecontentId1]",
        "contentKind": "AnalyticsRule",
        "displayName": "ZeroFox Alerts - High Severity Alerts",
        "contentProductId": "[variables('analyticRuleObject1')._analyticRulecontentProductId1]",
        "id": "[variables('analyticRuleObject1')._analyticRulecontentProductId1]",
        "version": "[variables('analyticRuleObject1').analyticRuleVersion1]"
      }
    },
    {
      "type": "Microsoft.OperationalInsights/workspaces/providers/contentTemplates",
      "apiVersion": "2023-04-01-preview",
      "name": "[variables('analyticRuleObject2').analyticRuleTemplateSpecName2]",
      "location": "[parameters('workspace-location')]",
      "dependsOn": [
        "[extensionResourceId(resourceId('Microsoft.OperationalInsights/workspaces', parameters('workspace')), 'Microsoft.SecurityInsights/contentPackages', variables('_solutionId'))]"
      ],
      "properties": {
        "description": "ZF_Alerts_InformationalSeverityRule_AnalyticalRules Analytics Rule with template version 3.0.1",
        "mainTemplate": {
          "$schema": "https://schema.management.azure.com/schemas/2019-04-01/deploymentTemplate.json#",
          "contentVersion": "[variables('analyticRuleObject2').analyticRuleVersion2]",
          "parameters": {},
          "variables": {},
          "resources": [
            {
              "type": "Microsoft.SecurityInsights/AlertRuleTemplates",
              "name": "[variables('analyticRuleObject2')._analyticRulecontentId2]",
              "apiVersion": "2023-02-01-preview",
              "kind": "Scheduled",
              "location": "[parameters('workspace-location')]",
              "properties": {
                "description": "Detects informational severity alerts from ZeroFox",
                "displayName": "ZeroFox Alerts - Informational Severity Alerts",
                "enabled": false,
                "query": "ZeroFoxAlertPoller_CL\n| where Severity in (1,2)\n",
                "queryFrequency": "PT5M",
                "queryPeriod": "PT5M",
                "severity": "Informational",
                "suppressionDuration": "PT1H",
                "suppressionEnabled": false,
                "triggerOperator": "GreaterThan",
                "triggerThreshold": 0,
                "status": "Available",
                "requiredDataConnectors": [
                  {
                    "dataTypes": [
                      "ZeroFoxAlertPoller_CL"
                    ],
                    "connectorId": "ZeroFox_Alert_Polling"
                  }
                ],
                "tactics": [
                  "ResourceDevelopment",
                  "InitialAccess"
                ],
                "techniques": [
                  "T1583",
                  "T1586",
                  "T1566"
                ],
                "entityMappings": [
                  {
                    "fieldMappings": [
                      {
                        "identifier": "FullName",
                        "columnName": "entity_name_s"
                      }
                    ],
                    "entityType": "Account"
                  }
                ],
                "eventGroupingSettings": {
                  "aggregationKind": "AlertPerResult"
                }
              }
            },
            {
              "type": "Microsoft.OperationalInsights/workspaces/providers/metadata",
              "apiVersion": "2022-01-01-preview",
              "name": "[concat(parameters('workspace'),'/Microsoft.SecurityInsights/',concat('AnalyticsRule-', last(split(variables('analyticRuleObject2').analyticRuleId2,'/'))))]",
              "properties": {
                "description": "ZeroFox Analytics Rule 2",
                "parentId": "[variables('analyticRuleObject2').analyticRuleId2]",
                "contentId": "[variables('analyticRuleObject2')._analyticRulecontentId2]",
                "kind": "AnalyticsRule",
                "version": "[variables('analyticRuleObject2').analyticRuleVersion2]",
                "source": {
                  "kind": "Solution",
                  "name": "ZeroFox",
                  "sourceId": "[variables('_solutionId')]"
                },
                "author": {
                  "name": "ZeroFox",
                  "email": "[variables('_email')]"
                },
                "support": {
                  "tier": "Partner",
                  "name": "ZeroFox",
                  "email": "integration-support@zerofox.com",
                  "link": "https://www.zerofox.com/contact-us/"
                }
              }
            }
          ]
        },
        "packageKind": "Solution",
        "packageVersion": "[variables('_solutionVersion')]",
        "packageName": "[variables('_solutionName')]",
        "packageId": "[variables('_solutionId')]",
        "contentSchemaVersion": "3.0.0",
        "contentId": "[variables('analyticRuleObject2')._analyticRulecontentId2]",
        "contentKind": "AnalyticsRule",
        "displayName": "ZeroFox Alerts - Informational Severity Alerts",
        "contentProductId": "[variables('analyticRuleObject2')._analyticRulecontentProductId2]",
        "id": "[variables('analyticRuleObject2')._analyticRulecontentProductId2]",
        "version": "[variables('analyticRuleObject2').analyticRuleVersion2]"
      }
    },
    {
      "type": "Microsoft.OperationalInsights/workspaces/providers/contentTemplates",
      "apiVersion": "2023-04-01-preview",
      "name": "[variables('analyticRuleObject3').analyticRuleTemplateSpecName3]",
      "location": "[parameters('workspace-location')]",
      "dependsOn": [
        "[extensionResourceId(resourceId('Microsoft.OperationalInsights/workspaces', parameters('workspace')), 'Microsoft.SecurityInsights/contentPackages', variables('_solutionId'))]"
      ],
      "properties": {
        "description": "ZF_Alerts_LowSeverityRule_AnalyticalRules Analytics Rule with template version 3.0.1",
        "mainTemplate": {
          "$schema": "https://schema.management.azure.com/schemas/2019-04-01/deploymentTemplate.json#",
          "contentVersion": "[variables('analyticRuleObject3').analyticRuleVersion3]",
          "parameters": {},
          "variables": {},
          "resources": [
            {
              "type": "Microsoft.SecurityInsights/AlertRuleTemplates",
              "name": "[variables('analyticRuleObject3')._analyticRulecontentId3]",
              "apiVersion": "2023-02-01-preview",
              "kind": "Scheduled",
              "location": "[parameters('workspace-location')]",
              "properties": {
                "description": "Detects low severity alerts from ZeroFox",
                "displayName": "ZeroFox Alerts - Low Severity Alerts",
                "enabled": false,
                "query": "ZeroFoxAlertPoller_CL\n| where Severity in (3)\n",
                "queryFrequency": "PT5M",
                "queryPeriod": "PT5M",
                "severity": "Low",
                "suppressionDuration": "PT1H",
                "suppressionEnabled": false,
                "triggerOperator": "GreaterThan",
                "triggerThreshold": 0,
                "status": "Available",
                "requiredDataConnectors": [
                  {
                    "dataTypes": [
                      "ZeroFoxAlertPoller_CL"
                    ],
                    "connectorId": "ZeroFox_Alert_Polling"
                  }
                ],
                "tactics": [
                  "ResourceDevelopment",
                  "InitialAccess"
                ],
                "techniques": [
                  "T1583",
                  "T1586",
                  "T1566"
                ],
                "entityMappings": [
                  {
                    "fieldMappings": [
                      {
                        "identifier": "FullName",
                        "columnName": "entity_name_s"
                      }
                    ],
                    "entityType": "Account"
                  }
                ],
                "eventGroupingSettings": {
                  "aggregationKind": "AlertPerResult"
                }
              }
            },
            {
              "type": "Microsoft.OperationalInsights/workspaces/providers/metadata",
              "apiVersion": "2022-01-01-preview",
              "name": "[concat(parameters('workspace'),'/Microsoft.SecurityInsights/',concat('AnalyticsRule-', last(split(variables('analyticRuleObject3').analyticRuleId3,'/'))))]",
              "properties": {
                "description": "ZeroFox Analytics Rule 3",
                "parentId": "[variables('analyticRuleObject3').analyticRuleId3]",
                "contentId": "[variables('analyticRuleObject3')._analyticRulecontentId3]",
                "kind": "AnalyticsRule",
                "version": "[variables('analyticRuleObject3').analyticRuleVersion3]",
                "source": {
                  "kind": "Solution",
                  "name": "ZeroFox",
                  "sourceId": "[variables('_solutionId')]"
                },
                "author": {
                  "name": "ZeroFox",
                  "email": "[variables('_email')]"
                },
                "support": {
                  "tier": "Partner",
                  "name": "ZeroFox",
                  "email": "integration-support@zerofox.com",
                  "link": "https://www.zerofox.com/contact-us/"
                }
              }
            }
          ]
        },
        "packageKind": "Solution",
        "packageVersion": "[variables('_solutionVersion')]",
        "packageName": "[variables('_solutionName')]",
        "packageId": "[variables('_solutionId')]",
        "contentSchemaVersion": "3.0.0",
        "contentId": "[variables('analyticRuleObject3')._analyticRulecontentId3]",
        "contentKind": "AnalyticsRule",
        "displayName": "ZeroFox Alerts - Low Severity Alerts",
        "contentProductId": "[variables('analyticRuleObject3')._analyticRulecontentProductId3]",
        "id": "[variables('analyticRuleObject3')._analyticRulecontentProductId3]",
        "version": "[variables('analyticRuleObject3').analyticRuleVersion3]"
      }
    },
    {
      "type": "Microsoft.OperationalInsights/workspaces/providers/contentTemplates",
      "apiVersion": "2023-04-01-preview",
      "name": "[variables('analyticRuleObject4').analyticRuleTemplateSpecName4]",
      "location": "[parameters('workspace-location')]",
      "dependsOn": [
        "[extensionResourceId(resourceId('Microsoft.OperationalInsights/workspaces', parameters('workspace')), 'Microsoft.SecurityInsights/contentPackages', variables('_solutionId'))]"
      ],
      "properties": {
        "description": "ZF_Alerts_MediumSeverityRule_AnalyticalRules Analytics Rule with template version 3.0.1",
        "mainTemplate": {
          "$schema": "https://schema.management.azure.com/schemas/2019-04-01/deploymentTemplate.json#",
          "contentVersion": "[variables('analyticRuleObject4').analyticRuleVersion4]",
          "parameters": {},
          "variables": {},
          "resources": [
            {
              "type": "Microsoft.SecurityInsights/AlertRuleTemplates",
              "name": "[variables('analyticRuleObject4')._analyticRulecontentId4]",
              "apiVersion": "2023-02-01-preview",
              "kind": "Scheduled",
              "location": "[parameters('workspace-location')]",
              "properties": {
                "description": "Detects medium severity alerts from ZeroFox",
                "displayName": "ZeroFox Alerts - Medium Severity Alerts",
                "enabled": false,
                "query": "ZeroFoxAlertPoller_CL\n| where Severity in (4)\n",
                "queryFrequency": "PT5M",
                "queryPeriod": "PT5M",
                "severity": "Medium",
                "suppressionDuration": "PT1H",
                "suppressionEnabled": false,
                "triggerOperator": "GreaterThan",
                "triggerThreshold": 0,
                "status": "Available",
                "requiredDataConnectors": [
                  {
                    "dataTypes": [
                      "ZeroFoxAlertPoller_CL"
                    ],
                    "connectorId": "ZeroFox_Alert_Polling"
                  }
                ],
                "tactics": [
                  "ResourceDevelopment",
                  "InitialAccess"
                ],
                "techniques": [
                  "T1583",
                  "T1586",
                  "T1566"
                ],
                "entityMappings": [
                  {
                    "fieldMappings": [
                      {
                        "identifier": "FullName",
                        "columnName": "entity_name_s"
                      }
                    ],
                    "entityType": "Account"
                  }
                ],
                "eventGroupingSettings": {
                  "aggregationKind": "AlertPerResult"
                }
              }
            },
            {
              "type": "Microsoft.OperationalInsights/workspaces/providers/metadata",
              "apiVersion": "2022-01-01-preview",
              "name": "[concat(parameters('workspace'),'/Microsoft.SecurityInsights/',concat('AnalyticsRule-', last(split(variables('analyticRuleObject4').analyticRuleId4,'/'))))]",
              "properties": {
                "description": "ZeroFox Analytics Rule 4",
                "parentId": "[variables('analyticRuleObject4').analyticRuleId4]",
                "contentId": "[variables('analyticRuleObject4')._analyticRulecontentId4]",
                "kind": "AnalyticsRule",
                "version": "[variables('analyticRuleObject4').analyticRuleVersion4]",
                "source": {
                  "kind": "Solution",
                  "name": "ZeroFox",
                  "sourceId": "[variables('_solutionId')]"
                },
                "author": {
                  "name": "ZeroFox",
                  "email": "[variables('_email')]"
                },
                "support": {
                  "tier": "Partner",
                  "name": "ZeroFox",
                  "email": "integration-support@zerofox.com",
                  "link": "https://www.zerofox.com/contact-us/"
                }
              }
            }
          ]
        },
        "packageKind": "Solution",
        "packageVersion": "[variables('_solutionVersion')]",
        "packageName": "[variables('_solutionName')]",
        "packageId": "[variables('_solutionId')]",
        "contentSchemaVersion": "3.0.0",
        "contentId": "[variables('analyticRuleObject4')._analyticRulecontentId4]",
        "contentKind": "AnalyticsRule",
        "displayName": "ZeroFox Alerts - Medium Severity Alerts",
        "contentProductId": "[variables('analyticRuleObject4')._analyticRulecontentProductId4]",
        "id": "[variables('analyticRuleObject4')._analyticRulecontentProductId4]",
        "version": "[variables('analyticRuleObject4').analyticRuleVersion4]"
      }
    },
    {
      "type": "Microsoft.OperationalInsights/workspaces/providers/contentPackages",
      "apiVersion": "2023-04-01-preview",
      "location": "[parameters('workspace-location')]",
      "properties": {
        "version": "3.0.1",
        "kind": "Solution",
        "contentSchemaVersion": "3.0.0",
        "displayName": "ZeroFox",
        "publisherDisplayName": "ZeroFox",
        "descriptionHtml": "<p><strong>Note:</strong> Please refer to the following before installing the solution:</p>\n<p>• Review the solution <a href=\"https://github.com/Azure/Azure-Sentinel/tree/master/Solutions/ZeroFox/ReleaseNotes.md\">Release Notes</a></p>\n<p>• There may be <a href=\"https://aka.ms/sentinelsolutionsknownissues\">known issues</a> pertaining to this Solution, please refer to them before installing.</p>\n<p>The <a href=\"https://www.zerofox.com/\">ZeroFox</a> solution for Microsoft Sentinel enables you to ingest <a href=\"https://www.zerofox.com/platform/\">ZeroFox Alerts</a> and <a href=\"https://www.zerofox.com/threat-intelligence/\">ZeroFox CTI events</a> into Microsoft Sentinel using the ZeroFox API.</p>\n<p><strong>Underlying Microsoft Technologies used:</strong></p>\n<p>This solution takes a dependency on the following technologies, and some of these dependencies either may be in <a href=\"https://azure.microsoft.com/support/legal/preview-supplemental-terms/\">Preview</a> state or might result in additional ingestion or operational costs:</p>\n<ol type=\"a\">\n<li><p><a href=\"https://docs.microsoft.com/azure/azure-monitor/logs/data-collector-api\">Azure Monitor HTTP Data Collector API</a></p>\n</li>\n<li><p><a href=\"https://azure.microsoft.com/services/functions/#overview\">Azure Functions</a></p>\n</li>\n</ol>\n<p><strong>Data Connectors:</strong> 2, <strong>Analytic Rules:</strong> 4</p>\n<p><a href=\"https://aka.ms/azuresentinel\">Learn more about Microsoft Sentinel</a> | <a href=\"https://aka.ms/azuresentinelsolutionsdoc\">Learn more about Solutions</a></p>\n",
        "contentKind": "Solution",
        "contentProductId": "[variables('_solutioncontentProductId')]",
        "id": "[variables('_solutioncontentProductId')]",
        "icon": "<img src=\"https://raw.githubusercontent.com/Azure/Azure-Sentinel/master/Logos/foxy-mark.svg\" width=\"75px\" height=\"75px\">",
        "contentId": "[variables('_solutionId')]",
        "parentId": "[variables('_solutionId')]",
        "source": {
          "kind": "Solution",
          "name": "ZeroFox",
          "sourceId": "[variables('_solutionId')]"
        },
        "author": {
          "name": "ZeroFox",
          "email": "[variables('_email')]"
        },
        "support": {
          "name": "ZeroFox",
          "email": "integration-support@zerofox.com",
          "tier": "Partner",
          "link": "https://www.zerofox.com/contact-us/"
        },
        "dependencies": {
          "operator": "AND",
          "criteria": [
            {
              "kind": "DataConnector",
              "contentId": "[variables('_dataConnectorContentId1')]",
              "version": "[variables('dataConnectorVersion1')]"
            },
            {
              "kind": "DataConnector",
              "contentId": "[variables('_dataConnectorContentId2')]",
              "version": "[variables('dataConnectorVersion2')]"
            },
            {
              "kind": "AnalyticsRule",
              "contentId": "[variables('analyticRuleObject1')._analyticRulecontentId1]",
              "version": "[variables('analyticRuleObject1').analyticRuleVersion1]"
            },
            {
              "kind": "AnalyticsRule",
              "contentId": "[variables('analyticRuleObject2')._analyticRulecontentId2]",
              "version": "[variables('analyticRuleObject2').analyticRuleVersion2]"
            },
            {
              "kind": "AnalyticsRule",
              "contentId": "[variables('analyticRuleObject3')._analyticRulecontentId3]",
              "version": "[variables('analyticRuleObject3').analyticRuleVersion3]"
            },
            {
              "kind": "AnalyticsRule",
              "contentId": "[variables('analyticRuleObject4')._analyticRulecontentId4]",
              "version": "[variables('analyticRuleObject4').analyticRuleVersion4]"
            }
          ]
        },
        "firstPublishDate": "2023-07-28",
        "providers": [
          "ZeroFox"
        ],
        "categories": {
          "domains": [
            "Security - Threat Protection",
            "Security - Automation (SOAR)"
          ]
        }
      },
      "name": "[concat(parameters('workspace'),'/Microsoft.SecurityInsights/', variables('_solutionId'))]"
    }
  ],
  "outputs": {}
}
