{
  "$schema": "https://schema.management.azure.com/schemas/0.1.2-preview/CreateUIDefinition.MultiVm.json#",
  "handler": "Microsoft.Azure.CreateUIDef",
  "version": "0.1.2-preview",
  "parameters": {
    "config": {
      "isWizard": false,
      "basics": {
        "description": "<img src=\"https://raw.githubusercontent.com/Azure/Azure-Sentinel/master/Solutions/SemperisDirectoryServicesProtector/Workbooks/Images/Logo/Semperis.svg\"width=\"75px\"height=\"75px\">\n\n**Important:** _This Azure Sentinel Solution is currently in public preview. This feature is provided without a service level agreement, and it's not recommended for production workloads. Certain features might not be supported or might have constrained capabilities. For more information, see [Supplemental Terms of Use for Microsoft Azure Previews](https://azure.microsoft.com/support/legal/preview-supplemental-terms/)._\n\n**Note:** _There may be [known issues](https://aka.ms/sentinelsolutionsknownissues) pertaining to this Solution, please refer to them before installing._\n\nSemperis Directory Services Protector (DSP) provides valuable insight into your Active Directory security posture. It queries your Active Directory environment and performs a set of tests against many aspects of Active Directory's security posture, including AD Delegation, Account security, AD Infrastructure security, Group Policy security, and Kerberos security. Each security indicator is mapped to MITRE ATT&CK® framework categories, explains what was evaluated, and indicates how likely an exposure will compromise Active Directory. Each IoE found highlights weak Active Directory configurations and provides actionable guidance on how to close gaps before they are exploited by attackers. Using this workbook, you can determine how you are doing from a security perspective, compared to best practice environments. In case of security regressions, Semperis Directory Services Protector will trigger alerts through Azure Sentinel.\n\nAzure Sentinel Solutions provide a consolidated way to acquire Azure Sentinel content like data connectors, workbooks, analytics, and automations in your workspace with a single deployment step.\n\n**Data Connectors:** 1, **Parsers:** 1, **Workbooks:** 1, **Analytic Rules:** 5\n\n[Learn more about Azure Sentinel](https://aka.ms/azuresentinel) | [Learn more about Solutions](https://aka.ms/azuresentinelsolutionsdoc)",
        "subscription": {
          "resourceProviders": [
            "Microsoft.OperationsManagement/solutions",
            "Microsoft.OperationalInsights/workspaces/providers/alertRules",
            "Microsoft.Insights/workbooks",
            "Microsoft.Logic/workflows"
          ]
        },
        "location": {
          "metadata": {
            "hidden": "Hiding location, we get it from the log analytics workspace"
          },
          "visible": false
        },
        "resourceGroup": {
          "allowExisting": true
        }
      }
    },
    "basics": [
      {
        "name": "getLAWorkspace",
        "type": "Microsoft.Solutions.ArmApiControl",
        "toolTip": "This filters by workspaces that exist in the Resource Group selected",
        "condition": "[greater(length(resourceGroup().name),0)]",
        "request": {
          "method": "GET",
          "path": "[concat(subscription().id,'/providers/Microsoft.OperationalInsights/workspaces?api-version=2020-08-01')]"
        }
      },
      {
        "name": "workspace",
        "type": "Microsoft.Common.DropDown",
        "label": "Workspace",
        "placeholder": "Select a workspace",
        "toolTip": "This dropdown will list only workspace that exists in the Resource Group selected",
        "constraints": {
          "allowedValues": "[map(filter(basics('getLAWorkspace').value, (filter) => contains(filter.id, toLower(resourceGroup().name))), (item) => parse(concat('{\"label\":\"', item.name, '\",\"value\":\"', item.name, '\"}')))]",
          "required": true
        },
        "visible": true
      }
    ],
    "steps": [
      {
        "name": "dataconnectors",
        "label": "Data Connectors",
        "bladeTitle": "Data Connectors",
        "elements": [
          {
            "name": "dataconnectors1-text",
            "type": "Microsoft.Common.TextBlock",
            "options": {
              "text": "This Solution installs the data connector for SemperisDSP. You can get SemperisDSP custom log data in your Azure Sentinel workspace. Configure and enable this data connector in the Data Connector gallery after this Solution deploys. This data connector creates custom log table(s) Event (Semperis-DSP-Security) in your Azure Sentinel / Azure Log Analytics workspace."
            }
          },
          {
            "name": "dataconnectors-parser-text",
            "type": "Microsoft.Common.TextBlock",
            "options": {
              "text": "The Solution installs a parser that transforms the ingested data into Azure Sentinel normalized format. The normalized format enables better correlation of different types of data from different data sources to drive end-to-end outcomes seamlessly in security monitoring, hunting, incident investigation and response scenarios in Azure Sentinel."
            }
          },
          {
            "name": "dataconnectors-link1",
            "type": "Microsoft.Common.TextBlock",
            "options": {
              "link": {
                "label": "Learn more about normalized format",
                "uri": "https://docs.microsoft.com/azure/sentinel/normalization-schema"
              }
            }
          },
          {
            "name": "dataconnectors-link2",
            "type": "Microsoft.Common.TextBlock",
            "options": {
              "link": {
                "label": "Learn more about connecting data sources",
                "uri": "https://docs.microsoft.com/azure/sentinel/connect-data-sources"
              }
            }
          }
        ]
      },
      {
        "name": "workbooks",
        "label": "Workbooks",
        "subLabel": {
          "preValidation": "Configure the workbooks",
          "postValidation": "Done"
        },
        "bladeTitle": "Workbooks",
        "elements": [
          {
            "name": "workbooks-text",
            "type": "Microsoft.Common.TextBlock",
            "options": {
              "text": "This Azure Sentinel Solution installs workbooks. Workbooks provide a flexible canvas for data monitoring, analysis, and the creation of rich visual reports within the Azure portal. They allow you to tap into one or many data sources from Azure Sentinel and combine them into unified interactive experiences.",
              "link": {
                "label": "Learn more",
                "uri": "https://docs.microsoft.com/azure/sentinel/tutorial-monitor-your-data"
              }
            }
          },
          {
            "name": "workbook1",
            "type": "Microsoft.Common.Section",
            "label": "SemperisDSP",
            "elements": [
              {
                "name": "workbook1-text",
                "type": "Microsoft.Common.TextBlock"
              },
              {
                "name": "workbook1-name",
                "type": "Microsoft.Common.TextBox",
                "label": "Display Name",
                "defaultValue": "SemperisDSP",
                "toolTip": "Display name for the workbook.",
                "constraints": {
                  "required": true,
                  "regex": "[a-z0-9A-Z]{1,256}$",
                  "validationMessage": "Please enter a workbook name"
                }
              }
            ]
          }
        ]
      },
      {
        "name": "analytics",
        "label": "Analytics",
        "subLabel": {
          "preValidation": "Configure the analytics",
          "postValidation": "Done"
        },
        "bladeTitle": "Analytics",
        "elements": [
          {
            "name": "analytics-text",
            "type": "Microsoft.Common.TextBlock",
            "options": {
              "text": "This Azure Sentinel Solution installs analytic rules for SemperisDSP that you can enable for custom alert generation in Azure Sentinel. These analytic rules will be deployed in disabled mode in the analytics rules gallery of your Azure Sentinel workspace. Configure and enable these rules in the analytic rules gallery after this Solution deploys.",
              "link": {
                "label": "Learn more",
                "uri": "https://docs.microsoft.com/azure/sentinel/tutorial-detect-threats-custom?WT.mc_id=Portal-Microsoft_Azure_CreateUIDef"
              }
            }
          },
          {
            "name": "analytic1",
            "type": "Microsoft.Common.Section",
            "label": "Semperis DSP Mimikatz's DCShadow Alert",
            "elements": [
              {
                "name": "analytic1-text",
                "type": "Microsoft.Common.TextBlock",
                "options": {
                  "text": "Mimikatz's DCShadow switch allows a user who has compromised an AD domain, to inject arbitrary changes into AD using a \"fake\" domain controller. These changes bypass the security event log and can't be spotted using normal AD tools. This rule looks for evidence that a machine has been used in this capacity."
                }
              }
            ]
          },
          {
            "name": "analytic2",
            "type": "Microsoft.Common.Section",
            "label": "Semperis DSP Kerberos krbtgt account with old password",
            "elements": [
              {
                "name": "analytic2-text",
                "type": "Microsoft.Common.TextBlock",
                "options": {
                  "text": "The krbtgt user account is a special (disabled) user account in every Active Directory domain that has a special role in Kerberos function. If this account's password is compromised, Golden Ticket attacks can be performed to get access to any resource in the AD domain. This indicator looks for a krbtgt user account whose password hasn't been changed in the past 180 days. While Microsoft recommends changing the password every year, STIG recommends changing it every 180 days."
                }
              }
            ]
          },
          {
            "name": "analytic3",
            "type": "Microsoft.Common.Section",
            "label": "Semperis DSP Recent sIDHistory changes on AD objects",
            "elements": [
              {
                "name": "analytic3-text",
                "type": "Microsoft.Common.TextBlock",
                "options": {
                  "text": "This indicator detects any recent changes to sIDHistory on AD objects, including changes to non-privileged accounts where privileged SIDs are added."
                }
              }
            ]
          },
          {
            "name": "analytic4",
            "type": "Microsoft.Common.Section",
            "label": "Semperis DSP Well-known privileged SIDs in sIDHistory",
            "elements": [
              {
                "name": "analytic4-text",
                "type": "Microsoft.Common.TextBlock",
                "options": {
                  "text": "This indicator looks for security principals that contain specific SIDs of accounts from built-in privileged groups within their sIDHistory attribute. This would allow those security principals to have the same privileges as those privileged accounts, but in a way that is not obvious to monitor (e.g. through group membership)."
                }
              }
            ]
          },
          {
            "name": "analytic5",
            "type": "Microsoft.Common.Section",
            "label": "Semperis DSP Zerologon vulnerability",
            "elements": [
              {
                "name": "analytic5-text",
                "type": "Microsoft.Common.TextBlock",
                "options": {
                  "text": "This indicator looks for security vulnerability to CVE-2020-1472, which was patched by Microsoft in August 2020. Without this patch, an unauthenticated attacker can exploit CVE-2020-1472 to elevate their privileges and get administrative access on the domain."
                }
              }
            ]
          }
        ]
      }
    ],
    "outputs": {
      "workspace-location": "[resourceGroup().location]",
      "location": "[location()]",
      "workspace": "[basics('workspace')]",
      "workbook1-name": "[steps('workbooks').workbook1.workbook1-name]"
    }
  }
}
