{
  "$schema": "https://schema.management.azure.com/schemas/2019-04-01/deploymentTemplate.json#",
  "contentVersion": "1.0.0.0",
  "metadata": {
    "author": "Microsoft - support@microsoft.com",
    "comments": "Solution template for FireEye Network Security"
  },
  "parameters": {
    "location": {
      "type": "string",
      "minLength": 1,
      "defaultValue": "[resourceGroup().location]",
      "metadata": {
        "description": "Not used, but needed to pass arm-ttk test `Location-Should-Not-Be-Hardcoded`.  We instead use the `workspace-location` which is derived from the LA workspace"
      }
    },
    "workspace-location": {
      "type": "string",
      "defaultValue": "",
      "metadata": {
        "description": "[concat('Region to deploy solution resources -- separate from location selection',parameters('location'))]"
      }
    },
    "workspace": {
      "defaultValue": "",
      "type": "string",
      "metadata": {
        "description": "Workspace name for Log Analytics where Microsoft Sentinel is setup"
      }
    }
  },
  "variables": {
    "solutionId": "azuresentinel.azure-sentinel-solution-fireeyenx",
    "_solutionId": "[variables('solutionId')]",
    "email": "support@microsoft.com",
    "_email": "[variables('email')]",
    "_solutionName": "FireEye Network Security",
    "_solutionVersion": "3.0.0",
    "uiConfigId1": "FireEyeNX",
    "_uiConfigId1": "[variables('uiConfigId1')]",
    "dataConnectorContentId1": "FireEyeNX",
    "_dataConnectorContentId1": "[variables('dataConnectorContentId1')]",
    "dataConnectorId1": "[extensionResourceId(resourceId('Microsoft.OperationalInsights/workspaces', parameters('workspace')), 'Microsoft.SecurityInsights/dataConnectors', variables('_dataConnectorContentId1'))]",
    "_dataConnectorId1": "[variables('dataConnectorId1')]",
    "dataConnectorTemplateSpecName1": "[concat(parameters('workspace'),'/Microsoft.SecurityInsights/',concat(parameters('workspace'),'-dc-',uniquestring(variables('_dataConnectorContentId1'))))]",
    "dataConnectorVersion1": "1.0.0",
    "_dataConnectorcontentProductId1": "[concat(take(variables('_solutionId'),50),'-','dc','-', uniqueString(concat(variables('_solutionId'),'-','DataConnector','-',variables('_dataConnectorContentId1'),'-', variables('dataConnectorVersion1'))))]",
    "uiConfigId2": "FireEyeNXAma",
    "_uiConfigId2": "[variables('uiConfigId2')]",
    "dataConnectorContentId2": "FireEyeNXAma",
    "_dataConnectorContentId2": "[variables('dataConnectorContentId2')]",
    "dataConnectorId2": "[extensionResourceId(resourceId('Microsoft.OperationalInsights/workspaces', parameters('workspace')), 'Microsoft.SecurityInsights/dataConnectors', variables('_dataConnectorContentId2'))]",
    "_dataConnectorId2": "[variables('dataConnectorId2')]",
    "dataConnectorTemplateSpecName2": "[concat(parameters('workspace'),'/Microsoft.SecurityInsights/',concat(parameters('workspace'),'-dc-',uniquestring(variables('_dataConnectorContentId2'))))]",
    "dataConnectorVersion2": "1.0.0",
    "_dataConnectorcontentProductId2": "[concat(take(variables('_solutionId'),50),'-','dc','-', uniqueString(concat(variables('_solutionId'),'-','DataConnector','-',variables('_dataConnectorContentId2'),'-', variables('dataConnectorVersion2'))))]",
    "parserName1": "FireEyeNXEvent",
    "_parserName1": "[concat(parameters('workspace'),'/',variables('parserName1'))]",
    "parserId1": "[resourceId('Microsoft.OperationalInsights/workspaces/savedSearches', parameters('workspace'), variables('parserName1'))]",
    "_parserId1": "[variables('parserId1')]",
    "parserTemplateSpecName1": "[concat(parameters('workspace'),'/Microsoft.SecurityInsights/',concat(parameters('workspace'),'-pr-',uniquestring(variables('_parserContentId1'))))]",
    "parserVersion1": "1.0.0",
    "parserContentId1": "FireEyeNXEvent-Parser",
    "_parserContentId1": "[variables('parserContentId1')]",
    "_parsercontentProductId1": "[concat(take(variables('_solutionId'),50),'-','pr','-', uniqueString(concat(variables('_solutionId'),'-','Parser','-',variables('_parserContentId1'),'-', variables('parserVersion1'))))]",
    "_solutioncontentProductId": "[concat(take(variables('_solutionId'),50),'-','sl','-', uniqueString(concat(variables('_solutionId'),'-','Solution','-',variables('_solutionId'),'-', variables('_solutionVersion'))))]"
  },
  "resources": [
    {
      "type": "Microsoft.OperationalInsights/workspaces/providers/contentTemplates",
      "apiVersion": "2023-04-01-preview",
      "name": "[variables('dataConnectorTemplateSpecName1')]",
      "location": "[parameters('workspace-location')]",
      "dependsOn": [
        "[extensionResourceId(resourceId('Microsoft.OperationalInsights/workspaces', parameters('workspace')), 'Microsoft.SecurityInsights/contentPackages', variables('_solutionId'))]"
      ],
      "properties": {
        "description": "FireEye Network Security data connector with template version 3.0.0",
        "mainTemplate": {
          "$schema": "https://schema.management.azure.com/schemas/2019-04-01/deploymentTemplate.json#",
          "contentVersion": "[variables('dataConnectorVersion1')]",
          "parameters": {},
          "variables": {},
          "resources": [
            {
              "name": "[concat(parameters('workspace'),'/Microsoft.SecurityInsights/',variables('_dataConnectorContentId1'))]",
              "apiVersion": "2021-03-01-preview",
              "type": "Microsoft.OperationalInsights/workspaces/providers/dataConnectors",
              "location": "[parameters('workspace-location')]",
              "kind": "GenericUI",
              "properties": {
                "connectorUiConfig": {
                  "id": "[variables('_uiConfigId1')]",
                  "title": "[Deprecated] FireEye Network Security (NX) via Legacy Agent",
                  "publisher": "FireEye",
                  "descriptionMarkdown": "The [FireEye Network Security (NX)](https://www.fireeye.com/products/network-security.html) data connector provides the capability to ingest FireEye Network Security logs into Microsoft Sentinel.",
                  "additionalRequirementBanner": "This data connector depends on a parser based on a Kusto Function to work as expected [**FireEyeNXEvent**](https://aka.ms/sentinel-FireEyeNX-parser) which is deployed with the Microsoft Sentinel Solution.",
                  "graphQueries": [
                    {
                      "metricName": "Total data received",
                      "legend": "FireEyeNX",
                      "baseQuery": "FireEyeNXEvent"
                    }
                  ],
                  "sampleQueries": [
                    {
                      "description": "Top 10 Sources",
                      "query": "FireEyeNXEvent\n | where isnotempty(SrcIpAddr)\n    | summarize count() by SrcIpAddr\n | top 10 by count_"
                    }
                  ],
                  "dataTypes": [
                    {
                      "name": "CommonSecurityLog (FireEyeNX)",
                      "lastDataReceivedQuery": "FireEyeNXEvent\n            | summarize Time = max(TimeGenerated)\n            | where isnotempty(Time)"
                    }
                  ],
                  "connectivityCriterias": [
                    {
                      "type": "IsConnectedQuery",
                      "value": [
                        "FireEyeNXEvent\n            | summarize LastLogReceived = max(TimeGenerated)\n            | project IsConnected = LastLogReceived > ago(30d)"
                      ]
                    }
                  ],
                  "availability": {
                    "status": 1,
                    "isPreview": false
                  },
                  "permissions": {
                    "resourceProvider": [
                      {
                        "provider": "Microsoft.OperationalInsights/workspaces",
                        "permissionsDisplayText": "read and write permissions are required.",
                        "providerDisplayName": "Workspace",
                        "scope": "Workspace",
                        "requiredPermissions": {
                          "write": true,
                          "read": true,
                          "delete": true
                        }
                      },
                      {
                        "provider": "Microsoft.OperationalInsights/workspaces/sharedKeys",
                        "permissionsDisplayText": "read permissions to shared keys for the workspace are required. [See the documentation to learn more about workspace keys](https://docs.microsoft.com/azure/azure-monitor/platform/agent-windows#obtain-workspace-id-and-key).",
                        "providerDisplayName": "Keys",
                        "scope": "Workspace",
                        "requiredPermissions": {
                          "action": true
                        }
                      }
                    ]
                  },
                  "instructionSteps": [
                    {
                      "description": ">**NOTE:** This data connector depends on a parser based on a Kusto Function to work as expected [**FireEyeNXEvent**](https://aka.ms/sentinel-FireEyeNX-parser) which is deployed with the Microsoft Sentinel Solution."
                    },
                    {
                      "description": ">**NOTE:** This data connector has been developed using FEOS release v9.0"
                    },
                    {
                      "description": "Install and configure the Linux agent to collect your Common Event Format (CEF) Syslog messages and forward them to Microsoft Sentinel.\n\n> Notice that the data from all regions will be stored in the selected workspace",
                      "innerSteps": [
                        {
                          "title": "1.1 Select or create a Linux machine",
                          "description": "Select or create a Linux machine that Microsoft Sentinel will use as the proxy between your security solution and Microsoft Sentinel this machine can be on your on-prem environment, Azure or other clouds."
                        },
                        {
                          "title": "1.2 Install the CEF collector on the Linux machine",
                          "description": "Install the Microsoft Monitoring Agent on your Linux machine and configure the machine to listen on the necessary port and forward messages to your Microsoft Sentinel workspace. The CEF collector collects CEF messages on port 514 TCP.\n\n> 1. Make sure that you have Python on your machine using the following command: python -version.\n\n> 2. You must have elevated permissions (sudo) on your machine.",
                          "instructions": [
                            {
                              "parameters": {
                                "fillWith": [
                                  "WorkspaceId",
                                  "PrimaryKey"
                                ],
                                "label": "Run the following command to install and apply the CEF collector:",
                                "value": "sudo wget -O cef_installer.py https://raw.githubusercontent.com/Azure/Azure-Sentinel/master/DataConnectors/CEF/cef_installer.py&&sudo python cef_installer.py {0} {1}"
                              },
                              "type": "CopyableLabel"
                            }
                          ]
                        }
                      ],
                      "title": "1. Linux Syslog agent configuration"
                    },
                    {
                      "description": "Complete the following steps to send data using CEF:\n\n2.1. Log into the FireEye appliance with an administrator account\n\n2.2. Click **Settings**\n\n2.3. Click **Notifications**\n\nClick **rsyslog**\n\n2.4. Check the **Event type** check box\n\n2.5. Make sure Rsyslog settings are:\n\n- Default format: CEF\n\n- Default delivery: Per event\n\n- Default send as: Alert",
                      "title": "2.  Configure FireEye NX to send logs using CEF"
                    },
                    {
                      "description": "Follow the instructions to validate your connectivity:\n\nOpen Log Analytics to check if the logs are received using the CommonSecurityLog schema.\n\n>It may take about 20 minutes until the connection streams data to your workspace.\n\nIf the logs are not received, run the following connectivity validation script:\n\n> 1. Make sure that you have Python on your machine using the following command: python -version\n\n>2. You must have elevated permissions (sudo) on your machine",
                      "instructions": [
                        {
                          "parameters": {
                            "fillWith": [
                              "WorkspaceId"
                            ],
                            "label": "Run the following command to validate your connectivity:",
                            "value": "sudo wget -O cef_troubleshoot.py https://raw.githubusercontent.com/Azure/Azure-Sentinel/master/DataConnectors/CEF/cef_troubleshoot.py&&sudo python cef_troubleshoot.py  {0}"
                          },
                          "type": "CopyableLabel"
                        }
                      ],
                      "title": "3. Validate connection"
                    },
                    {
                      "description": "Make sure to configure the machine's security according to your organization's security policy\n\n\n[Learn more >](https://aka.ms/SecureCEF)",
                      "title": "4. Secure your machine "
                    }
                  ]
                }
              }
            },
            {
              "type": "Microsoft.OperationalInsights/workspaces/providers/metadata",
              "apiVersion": "2023-04-01-preview",
              "name": "[concat(parameters('workspace'),'/Microsoft.SecurityInsights/',concat('DataConnector-', last(split(variables('_dataConnectorId1'),'/'))))]",
              "properties": {
                "parentId": "[extensionResourceId(resourceId('Microsoft.OperationalInsights/workspaces', parameters('workspace')), 'Microsoft.SecurityInsights/dataConnectors', variables('_dataConnectorContentId1'))]",
                "contentId": "[variables('_dataConnectorContentId1')]",
                "kind": "DataConnector",
                "version": "[variables('dataConnectorVersion1')]",
                "source": {
                  "kind": "Solution",
                  "name": "FireEye Network Security",
                  "sourceId": "[variables('_solutionId')]"
                },
                "author": {
                  "name": "Microsoft",
                  "email": "[variables('_email')]"
                },
                "support": {
                  "name": "Microsoft Corporation",
                  "email": "support@microsoft.com",
                  "tier": "Microsoft",
                  "link": "https://support.microsoft.com"
                }
              }
            }
          ]
        },
        "packageKind": "Solution",
        "packageVersion": "[variables('_solutionVersion')]",
        "packageName": "[variables('_solutionName')]",
        "packageId": "[variables('_solutionId')]",
        "contentSchemaVersion": "3.0.0",
        "contentId": "[variables('_dataConnectorContentId1')]",
        "contentKind": "DataConnector",
        "displayName": "[Deprecated] FireEye Network Security (NX) via Legacy Agent",
        "contentProductId": "[variables('_dataConnectorcontentProductId1')]",
        "id": "[variables('_dataConnectorcontentProductId1')]",
        "version": "[variables('dataConnectorVersion1')]"
      }
    },
    {
      "type": "Microsoft.OperationalInsights/workspaces/providers/metadata",
      "apiVersion": "2023-04-01-preview",
      "name": "[concat(parameters('workspace'),'/Microsoft.SecurityInsights/',concat('DataConnector-', last(split(variables('_dataConnectorId1'),'/'))))]",
      "dependsOn": [
        "[variables('_dataConnectorId1')]"
      ],
      "location": "[parameters('workspace-location')]",
      "properties": {
        "parentId": "[extensionResourceId(resourceId('Microsoft.OperationalInsights/workspaces', parameters('workspace')), 'Microsoft.SecurityInsights/dataConnectors', variables('_dataConnectorContentId1'))]",
        "contentId": "[variables('_dataConnectorContentId1')]",
        "kind": "DataConnector",
        "version": "[variables('dataConnectorVersion1')]",
        "source": {
          "kind": "Solution",
          "name": "FireEye Network Security",
          "sourceId": "[variables('_solutionId')]"
        },
        "author": {
          "name": "Microsoft",
          "email": "[variables('_email')]"
        },
        "support": {
          "name": "Microsoft Corporation",
          "email": "support@microsoft.com",
          "tier": "Microsoft",
          "link": "https://support.microsoft.com"
        }
      }
    },
    {
      "name": "[concat(parameters('workspace'),'/Microsoft.SecurityInsights/',variables('_dataConnectorContentId1'))]",
      "apiVersion": "2021-03-01-preview",
      "type": "Microsoft.OperationalInsights/workspaces/providers/dataConnectors",
      "location": "[parameters('workspace-location')]",
      "kind": "GenericUI",
      "properties": {
        "connectorUiConfig": {
          "title": "[Deprecated] FireEye Network Security (NX) via Legacy Agent",
          "publisher": "FireEye",
          "descriptionMarkdown": "The [FireEye Network Security (NX)](https://www.fireeye.com/products/network-security.html) data connector provides the capability to ingest FireEye Network Security logs into Microsoft Sentinel.",
          "graphQueries": [
            {
              "metricName": "Total data received",
              "legend": "FireEyeNX",
              "baseQuery": "FireEyeNXEvent"
            }
          ],
          "dataTypes": [
            {
              "name": "CommonSecurityLog (FireEyeNX)",
              "lastDataReceivedQuery": "FireEyeNXEvent\n            | summarize Time = max(TimeGenerated)\n            | where isnotempty(Time)"
            }
          ],
          "connectivityCriterias": [
            {
              "type": "IsConnectedQuery",
              "value": [
                "FireEyeNXEvent\n            | summarize LastLogReceived = max(TimeGenerated)\n            | project IsConnected = LastLogReceived > ago(30d)"
              ]
            }
          ],
          "sampleQueries": [
            {
              "description": "Top 10 Sources",
              "query": "FireEyeNXEvent\n | where isnotempty(SrcIpAddr)\n    | summarize count() by SrcIpAddr\n | top 10 by count_"
            }
          ],
          "availability": {
            "status": 1,
            "isPreview": false
          },
          "permissions": {
            "resourceProvider": [
              {
                "provider": "Microsoft.OperationalInsights/workspaces",
                "permissionsDisplayText": "read and write permissions are required.",
                "providerDisplayName": "Workspace",
                "scope": "Workspace",
                "requiredPermissions": {
                  "write": true,
                  "read": true,
                  "delete": true
                }
              },
              {
                "provider": "Microsoft.OperationalInsights/workspaces/sharedKeys",
                "permissionsDisplayText": "read permissions to shared keys for the workspace are required. [See the documentation to learn more about workspace keys](https://docs.microsoft.com/azure/azure-monitor/platform/agent-windows#obtain-workspace-id-and-key).",
                "providerDisplayName": "Keys",
                "scope": "Workspace",
                "requiredPermissions": {
                  "action": true
                }
              }
            ]
          },
          "instructionSteps": [
            {
              "description": ">**NOTE:** This data connector depends on a parser based on a Kusto Function to work as expected [**FireEyeNXEvent**](https://aka.ms/sentinel-FireEyeNX-parser) which is deployed with the Microsoft Sentinel Solution."
            },
            {
              "description": ">**NOTE:** This data connector has been developed using FEOS release v9.0"
            },
            {
              "description": "Install and configure the Linux agent to collect your Common Event Format (CEF) Syslog messages and forward them to Microsoft Sentinel.\n\n> Notice that the data from all regions will be stored in the selected workspace",
              "innerSteps": [
                {
                  "title": "1.1 Select or create a Linux machine",
                  "description": "Select or create a Linux machine that Microsoft Sentinel will use as the proxy between your security solution and Microsoft Sentinel this machine can be on your on-prem environment, Azure or other clouds."
                },
                {
                  "title": "1.2 Install the CEF collector on the Linux machine",
                  "description": "Install the Microsoft Monitoring Agent on your Linux machine and configure the machine to listen on the necessary port and forward messages to your Microsoft Sentinel workspace. The CEF collector collects CEF messages on port 514 TCP.\n\n> 1. Make sure that you have Python on your machine using the following command: python -version.\n\n> 2. You must have elevated permissions (sudo) on your machine.",
                  "instructions": [
                    {
                      "parameters": {
                        "fillWith": [
                          "WorkspaceId",
                          "PrimaryKey"
                        ],
                        "label": "Run the following command to install and apply the CEF collector:",
                        "value": "sudo wget -O cef_installer.py https://raw.githubusercontent.com/Azure/Azure-Sentinel/master/DataConnectors/CEF/cef_installer.py&&sudo python cef_installer.py {0} {1}"
                      },
                      "type": "CopyableLabel"
                    }
                  ]
                }
              ],
              "title": "1. Linux Syslog agent configuration"
            },
            {
              "description": "Complete the following steps to send data using CEF:\n\n2.1. Log into the FireEye appliance with an administrator account\n\n2.2. Click **Settings**\n\n2.3. Click **Notifications**\n\nClick **rsyslog**\n\n2.4. Check the **Event type** check box\n\n2.5. Make sure Rsyslog settings are:\n\n- Default format: CEF\n\n- Default delivery: Per event\n\n- Default send as: Alert",
              "title": "2.  Configure FireEye NX to send logs using CEF"
            },
            {
              "description": "Follow the instructions to validate your connectivity:\n\nOpen Log Analytics to check if the logs are received using the CommonSecurityLog schema.\n\n>It may take about 20 minutes until the connection streams data to your workspace.\n\nIf the logs are not received, run the following connectivity validation script:\n\n> 1. Make sure that you have Python on your machine using the following command: python -version\n\n>2. You must have elevated permissions (sudo) on your machine",
              "instructions": [
                {
                  "parameters": {
                    "fillWith": [
                      "WorkspaceId"
                    ],
                    "label": "Run the following command to validate your connectivity:",
                    "value": "sudo wget -O cef_troubleshoot.py https://raw.githubusercontent.com/Azure/Azure-Sentinel/master/DataConnectors/CEF/cef_troubleshoot.py&&sudo python cef_troubleshoot.py  {0}"
                  },
                  "type": "CopyableLabel"
                }
              ],
              "title": "3. Validate connection"
            },
            {
              "description": "Make sure to configure the machine's security according to your organization's security policy\n\n\n[Learn more >](https://aka.ms/SecureCEF)",
              "title": "4. Secure your machine "
            }
          ],
          "id": "[variables('_uiConfigId1')]",
          "additionalRequirementBanner": "This data connector depends on a parser based on a Kusto Function to work as expected [**FireEyeNXEvent**](https://aka.ms/sentinel-FireEyeNX-parser) which is deployed with the Microsoft Sentinel Solution."
        }
      }
    },
    {
      "type": "Microsoft.OperationalInsights/workspaces/providers/contentTemplates",
      "apiVersion": "2023-04-01-preview",
      "name": "[variables('dataConnectorTemplateSpecName2')]",
      "location": "[parameters('workspace-location')]",
      "dependsOn": [
        "[extensionResourceId(resourceId('Microsoft.OperationalInsights/workspaces', parameters('workspace')), 'Microsoft.SecurityInsights/contentPackages', variables('_solutionId'))]"
      ],
      "properties": {
        "description": "FireEye Network Security data connector with template version 3.0.0",
        "mainTemplate": {
          "$schema": "https://schema.management.azure.com/schemas/2019-04-01/deploymentTemplate.json#",
          "contentVersion": "[variables('dataConnectorVersion2')]",
          "parameters": {},
          "variables": {},
          "resources": [
            {
              "name": "[concat(parameters('workspace'),'/Microsoft.SecurityInsights/',variables('_dataConnectorContentId2'))]",
              "apiVersion": "2021-03-01-preview",
              "type": "Microsoft.OperationalInsights/workspaces/providers/dataConnectors",
              "location": "[parameters('workspace-location')]",
              "kind": "GenericUI",
              "properties": {
                "connectorUiConfig": {
                  "id": "[variables('_uiConfigId2')]",
                  "title": "FireEye Network Security (NX)",
                  "publisher": "FireEye",
                  "descriptionMarkdown": "The [FireEye Network Security (NX)](https://www.fireeye.com/products/network-security.html) data connector provides the capability to ingest FireEye Network Security logs into Microsoft Sentinel.",
                  "additionalRequirementBanner": "This data connector depends on a parser based on a Kusto Function to work as expected [**FireEyeNXEvent**](https://aka.ms/sentinel-FireEyeNX-parser) which is deployed with the Microsoft Sentinel Solution.",
                  "graphQueries": [
                    {
                      "metricName": "Total data received",
                      "legend": "FireEyeNX",
                      "baseQuery": "CommonSecurityLog\n |where DeviceVendor =~ 'FireEye'\n  |extend sent_by_ama = column_ifexists('CollectorHostName','')\n |where isnotempty(sent_by_ama)"
                    }
                  ],
                  "sampleQueries": [
                    {
                      "description": "Top 10 Sources",
                      "query": "FireEyeNXEvent\n | where isnotempty(SrcIpAddr)\n    | summarize count() by SrcIpAddr\n | top 10 by count_"
                    }
                  ],
                  "dataTypes": [
                    {
                      "name": "CommonSecurityLog (FireEyeNX)",
                      "lastDataReceivedQuery": "CommonSecurityLog\n |where DeviceVendor =~ 'FireEye'\n  |extend sent_by_ama = column_ifexists('CollectorHostName','')\n |where isnotempty(sent_by_ama)\n            | summarize Time = max(TimeGenerated)\n            | where isnotempty(Time)"
                    }
                  ],
                  "connectivityCriterias": [
                    {
                      "type": "IsConnectedQuery",
                      "value": [
                        "CommonSecurityLog\n |where DeviceVendor =~ 'FireEye'\n  |extend sent_by_ama = column_ifexists('CollectorHostName','')\n |where isnotempty(sent_by_ama)\n | summarize LastLogReceived = max(TimeGenerated)\n | project IsConnected = LastLogReceived > ago(30d)"
                      ]
                    }
                  ],
                  "availability": {
                    "status": 1,
                    "isPreview": false
                  },
                  "permissions": {
                    "resourceProvider": [
                      {
                        "provider": "Microsoft.OperationalInsights/workspaces",
                        "permissionsDisplayText": "read and write permissions are required.",
                        "providerDisplayName": "Workspace",
                        "scope": "Workspace",
                        "requiredPermissions": {
                          "write": true,
                          "read": true,
                          "delete": true
                        }
                      },
                      {
                        "provider": "Microsoft.OperationalInsights/workspaces/sharedKeys",
                        "permissionsDisplayText": "read permissions to shared keys for the workspace are required. [See the documentation to learn more about workspace keys](https://docs.microsoft.com/azure/azure-monitor/platform/agent-windows#obtain-workspace-id-and-key).",
                        "providerDisplayName": "Keys",
                        "scope": "Workspace",
                        "requiredPermissions": {
                          "action": true
                        }
                      }
                    ],
                    "customs": [
                      {
                        "description": "To collect data from non-Azure VMs, they must have Azure Arc installed and enabled. [Learn more](https://docs.microsoft.com/azure/azure-monitor/agents/azure-monitor-agent-install?tabs=ARMAgentPowerShell,PowerShellWindows,PowerShellWindowsArc,CLIWindows,CLIWindowsArc)"
                      },
                      {
                        "description": "Common Event Format (CEF) via AMA and Syslog via AMA data connectors must be installed [Learn more](https://learn.microsoft.com/azure/sentinel/connect-cef-ama#open-the-connector-page-and-create-the-dcr)"
                      }
                    ]
                  },
                  "instructionSteps": [
                    {
                      "description": ">**NOTE:** This data connector depends on a parser based on a Kusto Function to work as expected [**FireEyeNXEvent**](https://aka.ms/sentinel-FireEyeNX-parser) which is deployed with the Microsoft Sentinel Solution.",
                      "instructions": [
                        {
                          "parameters": {
                            "title": "1. Kindly follow the steps to configure the data connector",
                            "instructionSteps": [
                              {
                                "title": "Step A. Configure the Common Event Format (CEF) via AMA data connector",
                                "description": "_Note:- CEF logs are collected only from Linux Agents_\n\n1. Navigate to Microsoft Sentinel workspace ---> configuration ---> Data connector blade .\n\n2. Search for 'Common Event Format (CEF) via AMA' data connector and open it.\n\n3. Check If there is no existing DCR configured to collect required facility of logs, Create a new DCR (Data Collection Rule)\n\n\t_Note:- It is recommended to install minimum 1.27 version of AMA agent [Learn more](https://learn.microsoft.com/azure/azure-monitor/agents/azure-monitor-agent-manage?tabs=azure-portal ) and ensure there is no duplicate DCR as it can cause log duplicacy_\n\n4. Run the command provided in the CEF via AMA data connector page to configure the CEF collector on the machine",
                                "instructions": []
                              },
                              {
                                "title": "Step B. Configure FireEye NX to send logs using CEF",
                                "description": "Complete the following steps to send data using CEF:\n\n2.1. Log into the FireEye appliance with an administrator account\n\n2.2. Click **Settings**\n\n2.3. Click **Notifications**\n\nClick **rsyslog**\n\n2.4. Check the **Event type** check box\n\n2.5. Make sure Rsyslog settings are:\n\n- Default format: CEF\n\n- Default delivery: Per event\n\n- Default send as: Alert",
                                "instructions": []
                              },
                              {
                                "title": "Step C. Validate connection",
                                "description": "Follow the instructions to validate your connectivity:\n\nOpen Log Analytics to check if the logs are received using the CommonSecurityLog schema.\n\nIt may take about 20 minutes until the connection streams data to your workspace.\n\nIf the logs are not received, run the following connectivity validation script:\n\n 1. Make sure that you have Python on your machine using the following command: python -version\n\n2. You must have elevated permissions (sudo) on your machine",
                                "instructions": [
                                  {
                                    "parameters": {
                                      "label": "Run the following command to validate your connectivity:",
                                      "value": "sudo wget -O Sentinel_AMA_troubleshoot.py https://raw.githubusercontent.com/Azure/Azure-Sentinel/master/DataConnectors/Syslog/Sentinel_AMA_troubleshoot.py&&sudo python Sentinel_AMA_troubleshoot.py --cef"
                                    },
                                    "type": "CopyableLabel"
                                  }
                                ]
                              }
                            ]
                          },
                          "type": "InstructionStepsGroup"
                        }
                      ]
                    },
                    {
                      "description": "Make sure to configure the machine's security according to your organization's security policy\n\n\n[Learn more >](https://aka.ms/SecureCEF)",
                      "title": "2. Secure your machine "
                    }
                  ]
                }
              }
            },
            {
              "type": "Microsoft.OperationalInsights/workspaces/providers/metadata",
              "apiVersion": "2023-04-01-preview",
              "name": "[concat(parameters('workspace'),'/Microsoft.SecurityInsights/',concat('DataConnector-', last(split(variables('_dataConnectorId2'),'/'))))]",
              "properties": {
                "parentId": "[extensionResourceId(resourceId('Microsoft.OperationalInsights/workspaces', parameters('workspace')), 'Microsoft.SecurityInsights/dataConnectors', variables('_dataConnectorContentId2'))]",
                "contentId": "[variables('_dataConnectorContentId2')]",
                "kind": "DataConnector",
                "version": "[variables('dataConnectorVersion2')]",
                "source": {
                  "kind": "Solution",
                  "name": "FireEye Network Security",
                  "sourceId": "[variables('_solutionId')]"
                },
                "author": {
                  "name": "Microsoft",
                  "email": "[variables('_email')]"
                },
                "support": {
                  "name": "Microsoft Corporation",
                  "email": "support@microsoft.com",
                  "tier": "Microsoft",
                  "link": "https://support.microsoft.com"
                }
              }
            }
          ]
        },
        "packageKind": "Solution",
        "packageVersion": "[variables('_solutionVersion')]",
        "packageName": "[variables('_solutionName')]",
        "packageId": "[variables('_solutionId')]",
        "contentSchemaVersion": "3.0.0",
        "contentId": "[variables('_dataConnectorContentId2')]",
        "contentKind": "DataConnector",
        "displayName": "FireEye Network Security (NX)",
        "contentProductId": "[variables('_dataConnectorcontentProductId2')]",
        "id": "[variables('_dataConnectorcontentProductId2')]",
        "version": "[variables('dataConnectorVersion2')]"
      }
    },
    {
      "type": "Microsoft.OperationalInsights/workspaces/providers/metadata",
      "apiVersion": "2023-04-01-preview",
      "name": "[concat(parameters('workspace'),'/Microsoft.SecurityInsights/',concat('DataConnector-', last(split(variables('_dataConnectorId2'),'/'))))]",
      "dependsOn": [
        "[variables('_dataConnectorId2')]"
      ],
      "location": "[parameters('workspace-location')]",
      "properties": {
        "parentId": "[extensionResourceId(resourceId('Microsoft.OperationalInsights/workspaces', parameters('workspace')), 'Microsoft.SecurityInsights/dataConnectors', variables('_dataConnectorContentId2'))]",
        "contentId": "[variables('_dataConnectorContentId2')]",
        "kind": "DataConnector",
        "version": "[variables('dataConnectorVersion2')]",
        "source": {
          "kind": "Solution",
          "name": "FireEye Network Security",
          "sourceId": "[variables('_solutionId')]"
        },
        "author": {
          "name": "Microsoft",
          "email": "[variables('_email')]"
        },
        "support": {
          "name": "Microsoft Corporation",
          "email": "support@microsoft.com",
          "tier": "Microsoft",
          "link": "https://support.microsoft.com"
        }
      }
    },
    {
      "name": "[concat(parameters('workspace'),'/Microsoft.SecurityInsights/',variables('_dataConnectorContentId2'))]",
      "apiVersion": "2021-03-01-preview",
      "type": "Microsoft.OperationalInsights/workspaces/providers/dataConnectors",
      "location": "[parameters('workspace-location')]",
      "kind": "GenericUI",
      "properties": {
        "connectorUiConfig": {
          "title": "FireEye Network Security (NX)",
          "publisher": "FireEye",
          "descriptionMarkdown": "The [FireEye Network Security (NX)](https://www.fireeye.com/products/network-security.html) data connector provides the capability to ingest FireEye Network Security logs into Microsoft Sentinel.",
          "graphQueries": [
            {
              "metricName": "Total data received",
              "legend": "FireEyeNX",
              "baseQuery": "CommonSecurityLog\n |where DeviceVendor =~ 'FireEye'\n  |extend sent_by_ama = column_ifexists('CollectorHostName','')\n |where isnotempty(sent_by_ama)"
            }
          ],
          "dataTypes": [
            {
              "name": "CommonSecurityLog (FireEyeNX)",
              "lastDataReceivedQuery": "CommonSecurityLog\n |where DeviceVendor =~ 'FireEye'\n  |extend sent_by_ama = column_ifexists('CollectorHostName','')\n |where isnotempty(sent_by_ama)\n            | summarize Time = max(TimeGenerated)\n            | where isnotempty(Time)"
            }
          ],
          "connectivityCriterias": [
            {
              "type": "IsConnectedQuery",
              "value": [
                "CommonSecurityLog\n |where DeviceVendor =~ 'FireEye'\n  |extend sent_by_ama = column_ifexists('CollectorHostName','')\n |where isnotempty(sent_by_ama)\n | summarize LastLogReceived = max(TimeGenerated)\n | project IsConnected = LastLogReceived > ago(30d)"
              ]
            }
          ],
          "sampleQueries": [
            {
              "description": "Top 10 Sources",
              "query": "FireEyeNXEvent\n | where isnotempty(SrcIpAddr)\n    | summarize count() by SrcIpAddr\n | top 10 by count_"
            }
          ],
          "availability": {
            "status": 1,
            "isPreview": false
          },
          "permissions": {
            "resourceProvider": [
              {
                "provider": "Microsoft.OperationalInsights/workspaces",
                "permissionsDisplayText": "read and write permissions are required.",
                "providerDisplayName": "Workspace",
                "scope": "Workspace",
                "requiredPermissions": {
                  "write": true,
                  "read": true,
                  "delete": true
                }
              },
              {
                "provider": "Microsoft.OperationalInsights/workspaces/sharedKeys",
                "permissionsDisplayText": "read permissions to shared keys for the workspace are required. [See the documentation to learn more about workspace keys](https://docs.microsoft.com/azure/azure-monitor/platform/agent-windows#obtain-workspace-id-and-key).",
                "providerDisplayName": "Keys",
                "scope": "Workspace",
                "requiredPermissions": {
                  "action": true
                }
              }
            ],
            "customs": [
              {
                "description": "To collect data from non-Azure VMs, they must have Azure Arc installed and enabled. [Learn more](https://docs.microsoft.com/azure/azure-monitor/agents/azure-monitor-agent-install?tabs=ARMAgentPowerShell,PowerShellWindows,PowerShellWindowsArc,CLIWindows,CLIWindowsArc)"
              },
              {
                "description": "Common Event Format (CEF) via AMA and Syslog via AMA data connectors must be installed [Learn more](https://learn.microsoft.com/azure/sentinel/connect-cef-ama#open-the-connector-page-and-create-the-dcr)"
              }
            ]
          },
          "instructionSteps": [
            {
              "description": ">**NOTE:** This data connector depends on a parser based on a Kusto Function to work as expected [**FireEyeNXEvent**](https://aka.ms/sentinel-FireEyeNX-parser) which is deployed with the Microsoft Sentinel Solution.",
              "instructions": [
                {
                  "parameters": {
                    "title": "1. Kindly follow the steps to configure the data connector",
                    "instructionSteps": [
                      {
                        "title": "Step A. Configure the Common Event Format (CEF) via AMA data connector",
                        "description": "_Note:- CEF logs are collected only from Linux Agents_\n\n1. Navigate to Microsoft Sentinel workspace ---> configuration ---> Data connector blade .\n\n2. Search for 'Common Event Format (CEF) via AMA' data connector and open it.\n\n3. Check If there is no existing DCR configured to collect required facility of logs, Create a new DCR (Data Collection Rule)\n\n\t_Note:- It is recommended to install minimum 1.27 version of AMA agent [Learn more](https://learn.microsoft.com/azure/azure-monitor/agents/azure-monitor-agent-manage?tabs=azure-portal ) and ensure there is no duplicate DCR as it can cause log duplicacy_\n\n4. Run the command provided in the CEF via AMA data connector page to configure the CEF collector on the machine",
                        "instructions": []
                      },
                      {
                        "title": "Step B. Configure FireEye NX to send logs using CEF",
                        "description": "Complete the following steps to send data using CEF:\n\n2.1. Log into the FireEye appliance with an administrator account\n\n2.2. Click **Settings**\n\n2.3. Click **Notifications**\n\nClick **rsyslog**\n\n2.4. Check the **Event type** check box\n\n2.5. Make sure Rsyslog settings are:\n\n- Default format: CEF\n\n- Default delivery: Per event\n\n- Default send as: Alert",
                        "instructions": []
                      },
                      {
                        "title": "Step C. Validate connection",
                        "description": "Follow the instructions to validate your connectivity:\n\nOpen Log Analytics to check if the logs are received using the CommonSecurityLog schema.\n\nIt may take about 20 minutes until the connection streams data to your workspace.\n\nIf the logs are not received, run the following connectivity validation script:\n\n 1. Make sure that you have Python on your machine using the following command: python -version\n\n2. You must have elevated permissions (sudo) on your machine",
                        "instructions": [
                          {
                            "parameters": {
                              "label": "Run the following command to validate your connectivity:",
                              "value": "sudo wget -O Sentinel_AMA_troubleshoot.py https://raw.githubusercontent.com/Azure/Azure-Sentinel/master/DataConnectors/Syslog/Sentinel_AMA_troubleshoot.py&&sudo python Sentinel_AMA_troubleshoot.py --cef"
                            },
                            "type": "CopyableLabel"
                          }
                        ]
                      }
                    ]
                  },
                  "type": "InstructionStepsGroup"
                }
              ]
            },
            {
              "description": "Make sure to configure the machine's security according to your organization's security policy\n\n\n[Learn more >](https://aka.ms/SecureCEF)",
              "title": "2. Secure your machine "
            }
          ],
          "id": "[variables('_uiConfigId2')]",
          "additionalRequirementBanner": "This data connector depends on a parser based on a Kusto Function to work as expected [**FireEyeNXEvent**](https://aka.ms/sentinel-FireEyeNX-parser) which is deployed with the Microsoft Sentinel Solution."
        }
      }
    },
    {
      "type": "Microsoft.OperationalInsights/workspaces/providers/contentTemplates",
      "apiVersion": "2023-04-01-preview",
      "name": "[variables('parserTemplateSpecName1')]",
      "location": "[parameters('workspace-location')]",
      "dependsOn": [
        "[extensionResourceId(resourceId('Microsoft.OperationalInsights/workspaces', parameters('workspace')), 'Microsoft.SecurityInsights/contentPackages', variables('_solutionId'))]"
      ],
      "properties": {
        "description": "FireEyeNXEvent Data Parser with template version 3.0.0",
        "mainTemplate": {
          "$schema": "https://schema.management.azure.com/schemas/2019-04-01/deploymentTemplate.json#",
          "contentVersion": "[variables('parserVersion1')]",
          "parameters": {},
          "variables": {},
          "resources": [
            {
              "name": "[variables('_parserName1')]",
              "apiVersion": "2022-10-01",
              "type": "Microsoft.OperationalInsights/workspaces/savedSearches",
              "location": "[parameters('workspace-location')]",
              "properties": {
                "eTag": "*",
                "displayName": "FireEyeNXEvent",
                "category": "Microsoft Sentinel Parser",
                "functionAlias": "FireEyeNXEvent",
                "query": "CommonSecurityLog\n| where DeviceVendor =~ 'FireEye'\n|extend DeviceCustomNumber1 = coalesce(column_ifexists(\"FieldDeviceCustomNumber1\", long(null)),DeviceCustomNumber1),\n\t\tDeviceCustomNumber2 = coalesce(column_ifexists(\"FieldDeviceCustomNumber2\", long(null)),DeviceCustomNumber2),\n\t\tDeviceCustomNumber3 = coalesce(column_ifexists(\"FieldDeviceCustomNumber3\", long(null)),DeviceCustomNumber3),\n        ExternalID = coalesce(column_ifexists(\"ExtID\", \"\"),tostring(ExternalID))\n| extend packed = pack(DeviceCustomNumber1Label, DeviceCustomNumber1\n                     , DeviceCustomNumber2Label, DeviceCustomNumber2\n                     , DeviceCustomNumber3Label, DeviceCustomNumber3\n                     , DeviceCustomString1Label, DeviceCustomString1\n                     , DeviceCustomString2Label, DeviceCustomString2\n                     , DeviceCustomString3Label, DeviceCustomString3\n                     , DeviceCustomString4Label, DeviceCustomString4\n                     , DeviceCustomString5Label, DeviceCustomString5\n                     , DeviceCustomString6Label, DeviceCustomString6\n                     , DeviceCustomDate1Label, DeviceCustomDate1\n                     , DeviceCustomDate2Label, DeviceCustomDate2)\n| evaluate bag_unpack(packed)\n| project-rename EventVendor=DeviceVendor\n                , EventProduct=DeviceProduct\n                , EventProductVersion=DeviceVersion\n                , EventId=DeviceEventClassID\n                , EventSeverity=LogSeverity\n                , DstPortNumber=DestinationPort\n                , DstIpAddr=DestinationIP\n                , DvcIpAddr=DeviceAddress\n                , DvcHostname=DeviceName\n                , NetworkApplicationProtocol=Protocol\n                , SrcPortNumber=SourcePort\n                , SrcIpAddr=SourceIP\n                , DstMacAddr=DestinationMACAddress\n                , Id=ExternalID\n                , SrcDvcHostname=SourceHostName\n                , SrcMacAddr=SourceMACAddress\n| extend EventType=Activity\n| extend ThreatName = column_ifexists(\"anomaly\", \"\")\n         , OsInfo = column_ifexists(\"osinfo\", \"\")\n         , Malware = column_ifexists(\"osinfo\", \"\")\n         , Vlan = column_ifexists(\"osinfo\", \"\")\n         , IncidentUrl = column_ifexists(\"osinfo\", \"\")\n| extend EventTimeIngested=todatetime(ReceiptTime)\n| project-away Activity\n            , ReceiptTime\n            , DeviceCustomNumber1\n            , DeviceCustomNumber1Label\n            , DeviceCustomNumber2\n            , DeviceCustomNumber2Label\n            , DeviceCustomNumber3\n            , DeviceCustomNumber3Label\n            , DeviceCustomString1\n            , DeviceCustomString1Label\n            , DeviceCustomString2\n            , DeviceCustomString2Label\n            , DeviceCustomString3\n            , DeviceCustomString3Label\n            , DeviceCustomString4\n            , DeviceCustomString4Label\n            , DeviceCustomString5\n            , DeviceCustomString5Label\n            , DeviceCustomString6\n            , DeviceCustomString6Label\n",
                "functionParameters": "",
                "version": 2,
                "tags": [
                  {
                    "name": "description",
                    "value": ""
                  }
                ]
              }
            },
            {
              "type": "Microsoft.OperationalInsights/workspaces/providers/metadata",
              "apiVersion": "2022-01-01-preview",
              "name": "[concat(parameters('workspace'),'/Microsoft.SecurityInsights/',concat('Parser-', last(split(variables('_parserId1'),'/'))))]",
              "dependsOn": [
                "[variables('_parserName1')]"
              ],
              "properties": {
                "parentId": "[resourceId('Microsoft.OperationalInsights/workspaces/savedSearches', parameters('workspace'), variables('parserName1'))]",
                "contentId": "[variables('_parserContentId1')]",
                "kind": "Parser",
                "version": "[variables('parserVersion1')]",
                "source": {
                  "name": "FireEye Network Security",
                  "kind": "Solution",
                  "sourceId": "[variables('_solutionId')]"
                },
                "author": {
                  "name": "Microsoft",
                  "email": "[variables('_email')]"
                },
                "support": {
                  "name": "Microsoft Corporation",
                  "email": "support@microsoft.com",
                  "tier": "Microsoft",
                  "link": "https://support.microsoft.com"
                }
              }
            }
          ]
        },
        "packageKind": "Solution",
        "packageVersion": "[variables('_solutionVersion')]",
        "packageName": "[variables('_solutionName')]",
        "packageId": "[variables('_solutionId')]",
        "contentSchemaVersion": "3.0.0",
        "contentId": "[variables('_parserContentId1')]",
        "contentKind": "Parser",
        "displayName": "FireEyeNXEvent",
        "contentProductId": "[variables('_parsercontentProductId1')]",
        "id": "[variables('_parsercontentProductId1')]",
        "version": "[variables('parserVersion1')]"
      }
    },
    {
      "type": "Microsoft.OperationalInsights/workspaces/savedSearches",
      "apiVersion": "2022-10-01",
      "name": "[variables('_parserName1')]",
      "location": "[parameters('workspace-location')]",
      "properties": {
        "eTag": "*",
        "displayName": "FireEyeNXEvent",
        "category": "Microsoft Sentinel Parser",
        "functionAlias": "FireEyeNXEvent",
        "query": "CommonSecurityLog\n| where DeviceVendor =~ 'FireEye'\n|extend DeviceCustomNumber1 = coalesce(column_ifexists(\"FieldDeviceCustomNumber1\", long(null)),DeviceCustomNumber1),\n\t\tDeviceCustomNumber2 = coalesce(column_ifexists(\"FieldDeviceCustomNumber2\", long(null)),DeviceCustomNumber2),\n\t\tDeviceCustomNumber3 = coalesce(column_ifexists(\"FieldDeviceCustomNumber3\", long(null)),DeviceCustomNumber3),\n        ExternalID = coalesce(column_ifexists(\"ExtID\", \"\"),tostring(ExternalID))\n| extend packed = pack(DeviceCustomNumber1Label, DeviceCustomNumber1\n                     , DeviceCustomNumber2Label, DeviceCustomNumber2\n                     , DeviceCustomNumber3Label, DeviceCustomNumber3\n                     , DeviceCustomString1Label, DeviceCustomString1\n                     , DeviceCustomString2Label, DeviceCustomString2\n                     , DeviceCustomString3Label, DeviceCustomString3\n                     , DeviceCustomString4Label, DeviceCustomString4\n                     , DeviceCustomString5Label, DeviceCustomString5\n                     , DeviceCustomString6Label, DeviceCustomString6\n                     , DeviceCustomDate1Label, DeviceCustomDate1\n                     , DeviceCustomDate2Label, DeviceCustomDate2)\n| evaluate bag_unpack(packed)\n| project-rename EventVendor=DeviceVendor\n                , EventProduct=DeviceProduct\n                , EventProductVersion=DeviceVersion\n                , EventId=DeviceEventClassID\n                , EventSeverity=LogSeverity\n                , DstPortNumber=DestinationPort\n                , DstIpAddr=DestinationIP\n                , DvcIpAddr=DeviceAddress\n                , DvcHostname=DeviceName\n                , NetworkApplicationProtocol=Protocol\n                , SrcPortNumber=SourcePort\n                , SrcIpAddr=SourceIP\n                , DstMacAddr=DestinationMACAddress\n                , Id=ExternalID\n                , SrcDvcHostname=SourceHostName\n                , SrcMacAddr=SourceMACAddress\n| extend EventType=Activity\n| extend ThreatName = column_ifexists(\"anomaly\", \"\")\n         , OsInfo = column_ifexists(\"osinfo\", \"\")\n         , Malware = column_ifexists(\"osinfo\", \"\")\n         , Vlan = column_ifexists(\"osinfo\", \"\")\n         , IncidentUrl = column_ifexists(\"osinfo\", \"\")\n| extend EventTimeIngested=todatetime(ReceiptTime)\n| project-away Activity\n            , ReceiptTime\n            , DeviceCustomNumber1\n            , DeviceCustomNumber1Label\n            , DeviceCustomNumber2\n            , DeviceCustomNumber2Label\n            , DeviceCustomNumber3\n            , DeviceCustomNumber3Label\n            , DeviceCustomString1\n            , DeviceCustomString1Label\n            , DeviceCustomString2\n            , DeviceCustomString2Label\n            , DeviceCustomString3\n            , DeviceCustomString3Label\n            , DeviceCustomString4\n            , DeviceCustomString4Label\n            , DeviceCustomString5\n            , DeviceCustomString5Label\n            , DeviceCustomString6\n            , DeviceCustomString6Label\n",
        "functionParameters": "",
        "version": 2,
        "tags": [
          {
            "name": "description",
            "value": ""
          }
        ]
      }
    },
    {
      "type": "Microsoft.OperationalInsights/workspaces/providers/metadata",
      "apiVersion": "2022-01-01-preview",
      "location": "[parameters('workspace-location')]",
      "name": "[concat(parameters('workspace'),'/Microsoft.SecurityInsights/',concat('Parser-', last(split(variables('_parserId1'),'/'))))]",
      "dependsOn": [
        "[variables('_parserId1')]"
      ],
      "properties": {
        "parentId": "[resourceId('Microsoft.OperationalInsights/workspaces/savedSearches', parameters('workspace'), variables('parserName1'))]",
        "contentId": "[variables('_parserContentId1')]",
        "kind": "Parser",
        "version": "[variables('parserVersion1')]",
        "source": {
          "kind": "Solution",
          "name": "FireEye Network Security",
          "sourceId": "[variables('_solutionId')]"
        },
        "author": {
          "name": "Microsoft",
          "email": "[variables('_email')]"
        },
        "support": {
          "name": "Microsoft Corporation",
          "email": "support@microsoft.com",
          "tier": "Microsoft",
          "link": "https://support.microsoft.com"
        }
      }
    },
    {
      "type": "Microsoft.OperationalInsights/workspaces/providers/contentPackages",
      "apiVersion": "2023-04-01-preview",
      "location": "[parameters('workspace-location')]",
      "properties": {
        "version": "3.0.0",
        "kind": "Solution",
        "contentSchemaVersion": "3.0.0",
        "displayName": "FireEye Network Security",
        "publisherDisplayName": "Microsoft Sentinel, Microsoft Corporation",
        "descriptionHtml": "<p><strong>Note:</strong> <em>There may be <a href=\"https://aka.ms/sentinelsolutionsknownissues\">known issues</a> pertaining to this Solution, please refer to them before installing.</em></p>\n<p>The <a href=\"https://www.fireeye.com/products/network-security.html\">FireEye Network Security (NX)</a> solution provides the capability to ingest FireEye Network Security logs into Microsoft Sentinel.</p>\n<ol>\n<li><p><strong>FireEye Network Security via AMA</strong> - This data connector helps in ingesting FireEye Network Security logs into your Log Analytics Workspace using the new Azure Monitor Agent. Learn more about ingesting using the new Azure Monitor Agent <a href=\"https://learn.microsoft.com/azure/sentinel/connect-cef-ama\">here</a>. <strong>Microsoft recommends using this Data Connector</strong>.</p>\n</li>\n<li><p><strong>FireEye Network Security via Legacy Agent</strong> - This data connector helps in ingesting FireEye Network Security logs into your Log Analytics Workspace using the legacy Log Analytics agent.</p>\n</li>\n</ol>\n<p><strong>NOTE:</strong> Microsoft recommends installation of FireEye Network Security via AMA Connector. Legacy connector uses the Log Analytics agent which is about to be deprecated by <strong>Aug 31, 2024,</strong> and thus should only be installed where AMA is not supported. Using MMA and AMA on same machine can cause log duplication and extra ingestion cost <a href=\"https://learn.microsoft.com/en-us/azure/sentinel/ama-migrate\">more details</a>.</p>\n<p><strong>Data Connectors:</strong> 2, <strong>Parsers:</strong> 1</p>\n<p><a href=\"https://aka.ms/azuresentinel\">Learn more about Microsoft Sentinel</a> | <a href=\"https://aka.ms/azuresentinelsolutionsdoc\">Learn more about Solutions</a></p>\n",
        "contentKind": "Solution",
        "contentProductId": "[variables('_solutioncontentProductId')]",
        "id": "[variables('_solutioncontentProductId')]",
        "icon": "<img src=\"https://raw.githubusercontent.com/Azure/Azure-Sentinel/master/Logos/Azure_Sentinel.svg\" width=\"75px\" height=\"75px\">",
        "contentId": "[variables('_solutionId')]",
        "parentId": "[variables('_solutionId')]",
        "source": {
          "kind": "Solution",
          "name": "FireEye Network Security",
          "sourceId": "[variables('_solutionId')]"
        },
        "author": {
          "name": "Microsoft",
          "email": "[variables('_email')]"
        },
        "support": {
          "name": "Microsoft Corporation",
          "email": "support@microsoft.com",
          "tier": "Microsoft",
          "link": "https://support.microsoft.com"
        },
        "dependencies": {
          "operator": "AND",
          "criteria": [
            {
              "kind": "DataConnector",
              "contentId": "[variables('_dataConnectorContentId1')]",
              "version": "[variables('dataConnectorVersion1')]"
            },
            {
              "kind": "DataConnector",
              "contentId": "[variables('_dataConnectorContentId2')]",
              "version": "[variables('dataConnectorVersion2')]"
            },
            {
              "kind": "Parser",
              "contentId": "[variables('_parserContentId1')]",
              "version": "[variables('parserVersion1')]"
            }
          ]
        },
        "firstPublishDate": "2022-06-01",
        "providers": [
          "Fireeye"
        ],
        "categories": {
          "domains": [
            "Security - Network"
          ]
        }
      },
      "name": "[concat(parameters('workspace'),'/Microsoft.SecurityInsights/', variables('_solutionId'))]"
    }
  ],
  "outputs": {}
}
