{
  "$schema": "https://schema.management.azure.com/schemas/2019-04-01/deploymentTemplate.json#",
  "contentVersion": "1.0.0.0",
  "metadata": {
    "author": "archTIS",
    "comments": "Solution template for NC Protect Data Connector"
  },
  "parameters": {
    "location": {
      "type": "string",
      "minLength": 1,
      "defaultValue": "[resourceGroup().location]",
      "metadata": {
        "description": "Not used, but needed to pass arm-ttk test `Location-Should-Not-Be-Hardcoded`.  We instead use the `workspace-location` which is derived from the LA workspace"
      }
    },
    "workspace-location": {
      "type": "string",
      "defaultValue": "",
      "metadata": {
        "description": "[concat('Region to deploy solution resources -- separate from location selection',parameters('location'))]"
      }
    },
    "workspace": {
      "defaultValue": "",
      "type": "string",
      "metadata": {
        "description": "Workspace name for Log Analytics where Microsoft Sentinel is setup"
      }
    },
    "formattedTimeNow": {
      "type": "string",
      "defaultValue": "[utcNow('g')]",
      "metadata": {
        "description": "Appended to workbook displayNames to make them unique"
      }
    },
    "workbook1-id": {
      "type": "string",
      "defaultValue": "[newGuid()]",
      "minLength": 1,
      "metadata": {
        "description": "Unique id for the workbook"
      }
    },
    "workbook1-name": {
      "type": "string",
      "defaultValue": "NCProtect",
      "minLength": 1,
      "metadata": {
        "description": "Name for the workbook"
      }
    },
    "analyticsRule-id": {
      "type": "string",
      "defaultValue": "[newGuid()]",
      "metadata": {
        "description": "Unique id for the analytics rule"
      }
    },
    "automationRuleHigh-id": {
      "type": "string",
      "defaultValue": "[newGuid()]",
      "metadata": {
        "description": "Unique id for HIGH severity automation rule"
      }
    },
    "automationRuleMedium-id": {
      "type": "string",
      "defaultValue": "[newGuid()]",
      "metadata": {
        "description": "Unique id for MEDIUM severity automation rule"
      }
    },
    "automationRuleLow-id": {
      "type": "string",
      "defaultValue": "[newGuid()]",
      "metadata": {
        "description": "Unique id for LOW severity automation rule"
      }
    },
    "automationRuleInfo-id": {
      "type": "string",
      "defaultValue": "[newGuid()]",
      "metadata": {
        "description": "Unique id for INFORMATIONAL severity automation rule"
      }
    },
    "watchlist-displayName": {
      "type": "string",
      "defaultValue": "wNCPFileDownloadMonitoring",
      "metadata": {
        "description": "Display name for the watchlist"
      }
    }
  },
  "variables": {
    "workbook-source": "[concat(resourceGroup().id, '/providers/Microsoft.OperationalInsights/workspaces/',parameters('workspace'))]",
    "_workbook-source": "[variables('workbook-source')]",
    "solutionId": "nucleuscyber.nc-protect-azure-sentinel-data-connector",
    "_solutionId": "[variables('solutionId')]",
    "workspaceResourceId": "[resourceId('microsoft.OperationalInsights/Workspaces', parameters('workspace'))]",
    "uiConfigId1": "NCProtect",
    "_uiConfigId1": "[variables('uiConfigId1')]",
    "dataConnectorContentId1": "NCProtect",
    "_dataConnectorContentId1": "[variables('dataConnectorContentId1')]",
    "dataConnectorId1": "[extensionResourceId(resourceId('Microsoft.OperationalInsights/workspaces', parameters('workspace')), 'Microsoft.SecurityInsights/dataConnectors', variables('_dataConnectorContentId1'))]",
    "_dataConnectorId1": "[variables('dataConnectorId1')]",
    "dataConnectorTemplateSpecName1": "[concat(parameters('workspace'),'-dc-',uniquestring(variables('_dataConnectorContentId1')))]",
    "dataConnectorVersion1": "8.0.0",
    "workbookVersion1": "1.0.0",
    "workbookContentId1": "NCProtectWorkbook",
    "workbookId1": "[resourceId('Microsoft.Insights/workbooks', variables('workbookContentId1'))]",
    "workbookTemplateSpecName1": "[concat(parameters('workspace'),'-wb-',uniquestring(variables('_workbookContentId1')))]",
    "_workbookContentId1": "[variables('workbookContentId1')]"
  },
  "resources": [
    {
      "metadata": {
        "workspace": "[parameters('workspace')]"
      },
      "type": "Microsoft.Insights/workbooks",
      "name": "[parameters('workbook1-id')]",
      "location": "[parameters('workspace-location')]",
      "kind": "shared",
      "apiVersion": "2023-06-01",
      "properties": {
        "displayName": "[concat(parameters('workbook1-name'), ' - ', parameters('formattedTimeNow'))]",
        "serializedData": "{\"version\":\"Notebook/1.0\",\"items\":[{\"type\":1,\"content\":{\"json\":\"NC Protect\"},\"name\":\"text - 2\"},{\"type\":12,\"content\":{\"version\":\"NotebookGroup/1.0\",\"groupType\":\"editable\",\"items\":[{\"type\":3,\"content\":{\"version\":\"KqlItem/1.0\",\"query\":\"NCProtectUAL_CL | where TimeGenerated > ago(7d) | order by TimeGenerated desc \",\"size\":0,\"title\":\"Get last 7 days records\",\"timeContext\":{\"durationMs\":259200000},\"queryType\":0,\"resourceType\":\"microsoft.operationalinsights/workspaces\"},\"customWidth\":\"33\",\"name\":\"query - 1\",\"styleSettings\":{\"showBorder\":true}},{\"type\":3,\"content\":{\"version\":\"KqlItem/1.0\",\"query\":\"NCProtectUAL_CL | where TimeGenerated > ago(1h) and Type_s == 'LoginFailure' | summarize FailedRequestCount = count() by bin(TimeGenerated, 1h), UserDisplayName_s, UserEmail_s, UserLoginName_s, Type_s, JSONExtra_s | where  FailedRequestCount > 3 \",\"size\":0,\"title\":\"Login failed consecutively for more than 3 times in an hour by user\",\"timeContext\":{\"durationMs\":2592000000},\"queryType\":0,\"resourceType\":\"microsoft.operationalinsights/workspaces\"},\"customWidth\":\"33\",\"name\":\"query - 2\",\"styleSettings\":{\"showBorder\":true}},{\"type\":3,\"content\":{\"version\":\"KqlItem/1.0\",\"query\":\"NCProtectUAL_CL | where TimeGenerated > ago(1h) and Type_s == 'Open' and Status_s == 'Fail' | summarize FailedRequestCount = count() by bin(TimeGenerated, 1h), UserDisplayName_s, UserEmail_s, UserLoginName_s, Type_s, JSONExtra_s, DocumentUrl_s | where  FailedRequestCount > 3 \",\"size\":0,\"title\":\"Download failed consecutively for more than 3 times in an hour by user\",\"timeContext\":{\"durationMs\":2592000000},\"queryType\":0,\"resourceType\":\"microsoft.operationalinsights/workspaces\"},\"customWidth\":\"33\",\"name\":\"query - 3\",\"styleSettings\":{\"showBorder\":true}},{\"type\":3,\"content\":{\"version\":\"KqlItem/1.0\",\"query\":\"NCProtectUAL_CL | where TimeGenerated > ago(7d) and (Type_s == 'Create' or Type_s == 'Modify' or Type_s == 'Delete') and isnotempty(RuleName_s) | order by TimeGenerated desc \",\"size\":0,\"title\":\"Get logs for rule created or modified or deleted records in last 7 days\",\"timeContext\":{\"durationMs\":2592000000},\"queryType\":0,\"resourceType\":\"microsoft.operationalinsights/workspaces\"},\"customWidth\":\"33\",\"name\":\"query - 4\",\"styleSettings\":{\"showBorder\":true}}]},\"name\":\"group - 0\"}]}\r\n",
        "version": "1.0",
        "sourceId": "[variables('_workbook-source')]",
        "category": "sentinel"
      }
    },
    {
      "type": "Microsoft.Resources/templateSpecs",
      "apiVersion": "2022-02-01",
      "name": "[variables('dataConnectorTemplateSpecName1')]",
      "location": "[parameters('workspace-location')]",
      "tags": {
        "hidden-sentinelWorkspaceId": "[variables('workspaceResourceId')]",
        "hidden-sentinelContentType": "DataConnector"
      },
      "properties": {
        "description": "NC Protect Data Connector data connector with template",
        "displayName": "NC Protect Data Connector template"
      }
    },
    {
      "type": "Microsoft.OperationalInsights/workspaces/providers/watchlists",
      "apiVersion": "2023-11-01",
      "name": "[concat(parameters('workspace'),'/Microsoft.SecurityInsights/', 'NCPFDM')]",
      "properties": {
        "displayName": "[parameters('watchlist-displayName')]",
        "rawContent": "RuleName,DocumentDownloadThreshold,TimeWindowMinutes,IncidentSeverity\r\nrNCPFileDownloadMonitoring,5,60,Medium\r\n",
        "provider": "Microsoft",
        "source": "Local file",
        "sourceType": "Local",
        "numberOfLinesToSkip": 0,
        "itemsSearchKey": "RuleName",
        "contentType": "text/csv",
        "description": "Configuration watchlist for NC Protect file download monitoring thresholds"
      }
    },
    {
      "type": "Microsoft.OperationalInsights/workspaces/providers/alertRules",
      "apiVersion": "2023-12-01-preview",
      "name": "[concat(parameters('workspace'),'/Microsoft.SecurityInsights/', parameters('analyticsRule-id'))]",
      "dependsOn": [
        "[extensionResourceId(resourceId('Microsoft.OperationalInsights/workspaces', parameters('workspace')), 'Microsoft.SecurityInsights/watchlists', 'NCPFDM')]"
      ],
      "kind": "NRT",
      "location": "[parameters('workspace-location')]",
      "properties": {
        "displayName": "DownloadRateHighRule",
        "description": "Monitors high download rates based on configurable thresholds from watchlist",
        "severity": "Medium",
        "enabled": false,
        "query": "let NCPRuleConfig = _GetWatchlist('NCPFDM')\r\n| where RuleName == \"rNCPFileDownloadMonitoring\"\r\n| top 1 by RuleName\r\n| project \r\n\tDocumentDownloadThreshold = toint(DocumentDownloadThreshold),\r\n\tTimeWindowMinutes = toint(TimeWindowMinutes),\r\n\tIncidentSeverity = tostring(IncidentSeverity);\r\n\r\nlet downloadThreshold = toscalar(NCPRuleConfig | project DocumentDownloadThreshold);\r\nlet timeWindowMinutes = toscalar(NCPRuleConfig | project TimeWindowMinutes);\r\nlet incidentSeverity = toscalar(NCPRuleConfig | project IncidentSeverity);\r\n\r\nNCProtectUAL_CL\r\n| where TimeGenerated > ago(timeWindowMinutes * 1m)\r\n| where Type_s == \"Download\"\r\n| summarize\r\n    DownloadedDocuments = make_list(DocumentUrl_s, 50),\r\n    DownloadCount = count(),\r\n    FirstEvent = format_datetime(min(TimeGenerated), 'yyyy-MM-dd HH:mm:ss') ,\r\n    LastEvent = format_datetime(max(TimeGenerated), 'yyyy-MM-dd HH:mm:ss'),\r\n\tActiveUsers = make_set(UserEmail_s)\r\n    by UserLoginName_s, UserEmail_s\r\n| where DownloadCount > downloadThreshold\r\n| extend\r\n\tConfiguredDownloadThreshold = downloadThreshold,\r\n\tConfiguredTimeWindow = strcat(timeWindowMinutes, \"m\"),\r\n\tConfiguredIncidentSeverity = incidentSeverity\r\n| project \r\n\tUserLoginName_s,\r\n    UserEmail_s,\r\n    DownloadCount,\r\n    DownloadedDocuments,\r\n    FirstEvent,\r\n    LastEvent,\r\n    ActiveUsers,\r\n \tConfiguredDownloadThreshold,\r\n\tConfiguredTimeWindow,\r\n\tConfiguredIncidentSeverity",
        "suppressionDuration": "PT5H",
        "suppressionEnabled": false,
        "alertRuleTemplateName": null,
        "incidentConfiguration": {
          "createIncident": true,
          "groupingConfiguration": {
            "enabled": false,
            "reopenClosedIncident": false,
            "lookbackDuration": "PT1H",
            "matchingMethod": "AllEntities"
          }
        },
        "eventGroupingSettings": {
          "aggregationKind": "AlertPerResult"
        },
        "alertDetailsOverride": {
          "alertDisplayNameFormat": "NCP-{{UserEmail_s}}-{{DownloadCount}}-downloaded-documents",
          "alertDescriptionFormat": "Document Download High rate ( {{DownloadCount}} ) detected within {{FirstEvent}} : {{LastEvent}} "
        },
        "customDetails": {
          "DynSeverity": "ConfiguredIncidentSeverity",
          "DynThreshold": "ConfiguredDownloadThreshold",
          "DynDownloadWindow": "ConfiguredTimeWindow"
        },
        "entityMappings": null,
        "sentinelEntitiesMappings": null,
        "templateVersion": null
      }
    },
    {
      "type": "Microsoft.OperationalInsights/workspaces/providers/automationRules",
      "apiVersion": "2023-12-01-preview",
      "name": "[concat(parameters('workspace'),'/Microsoft.SecurityInsights/', parameters('automationRuleHigh-id'))]",
      "dependsOn": [
        "[resourceId('Microsoft.OperationalInsights/workspaces/providers/alertRules', parameters('workspace'), 'Microsoft.SecurityInsights', parameters('analyticsRule-id'))]"
      ],
      "properties": {
        "displayName": "FileDownloadedHighRateAR_Severity_HIGH",
        "order": 1,
        "triggeringLogic": {
          "isEnabled": true,
          "triggersOn": "Incidents",
          "triggersWhen": "Created",
          "conditions": [
            {
              "conditionType": "PropertyArray",
              "conditionProperties": {
                "arrayType": "CustomDetails",
                "arrayConditionType": "AnyItem",
                "itemConditions": [
                  {
                    "conditionType": "PropertyArray",
                    "conditionProperties": {
                      "arrayType": "CustomDetailValues",
                      "arrayConditionType": "AnyItem",
                      "itemConditions": [
                        {
                          "conditionType": "Property",
                          "conditionProperties": {
                            "propertyName": "IncidentCustomDetailsValue",
                            "operator": "Contains",
                            "propertyValues": [
                              "High",
                              "high",
                              "HIGH"
                            ]
                          }
                        }
                      ]
                    }
                  },
                  {
                    "conditionType": "Property",
                    "conditionProperties": {
                      "propertyName": "IncidentCustomDetailsKey",
                      "operator": "Equals",
                      "propertyValues": [
                        "DynSeverity"
                      ]
                    }
                  }
                ]
              }
            }
          ]
        },
        "actions": [
          {
            "order": 1,
            "actionType": "ModifyProperties",
            "actionConfiguration": {
              "severity": "High"
            }
          }
        ]
      }
    },
    {
      "type": "Microsoft.OperationalInsights/workspaces/providers/automationRules",
      "apiVersion": "2023-12-01-preview",
      "name": "[concat(parameters('workspace'),'/Microsoft.SecurityInsights/', parameters('automationRuleMedium-id'))]",
      "dependsOn": [
        "[resourceId('Microsoft.OperationalInsights/workspaces/providers/alertRules', parameters('workspace'), 'Microsoft.SecurityInsights', parameters('analyticsRule-id'))]"
      ],
      "properties": {
        "displayName": "FileDownloadedHighRateAR_Severity_MEDIUM",
        "order": 2,
        "triggeringLogic": {
          "isEnabled": true,
          "triggersOn": "Incidents",
          "triggersWhen": "Created",
          "conditions": [
            {
              "conditionType": "PropertyArray",
              "conditionProperties": {
                "arrayType": "CustomDetails",
                "arrayConditionType": "AnyItem",
                "itemConditions": [
                  {
                    "conditionType": "PropertyArray",
                    "conditionProperties": {
                      "arrayType": "CustomDetailValues",
                      "arrayConditionType": "AnyItem",
                      "itemConditions": [
                        {
                          "conditionType": "Property",
                          "conditionProperties": {
                            "propertyName": "IncidentCustomDetailsValue",
                            "operator": "Contains",
                            "propertyValues": [
                              "Medium",
                              "medium",
                              "MEDIUM"
                            ]
                          }
                        }
                      ]
                    }
                  },
                  {
                    "conditionType": "Property",
                    "conditionProperties": {
                      "propertyName": "IncidentCustomDetailsKey",
                      "operator": "Equals",
                      "propertyValues": [
                        "DynSeverity"
                      ]
                    }
                  }
                ]
              }
            }
          ]
        },
        "actions": [
          {
            "order": 1,
            "actionType": "ModifyProperties",
            "actionConfiguration": {
              "severity": "Medium"
            }
          }
        ]
      }
    },
    {
      "type": "Microsoft.OperationalInsights/workspaces/providers/automationRules",
      "apiVersion": "2023-12-01-preview",
      "name": "[concat(parameters('workspace'),'/Microsoft.SecurityInsights/', parameters('automationRuleLow-id'))]",
      "dependsOn": [
        "[resourceId('Microsoft.OperationalInsights/workspaces/providers/alertRules', parameters('workspace'), 'Microsoft.SecurityInsights', parameters('analyticsRule-id'))]"
      ],
      "properties": {
        "displayName": "FileDownloadedHighRateAR_Severity_LOW",
        "order": 3,
        "triggeringLogic": {
          "isEnabled": true,
          "triggersOn": "Incidents",
          "triggersWhen": "Created",
          "conditions": [
            {
              "conditionType": "PropertyArray",
              "conditionProperties": {
                "arrayType": "CustomDetails",
                "arrayConditionType": "AnyItem",
                "itemConditions": [
                  {
                    "conditionType": "PropertyArray",
                    "conditionProperties": {
                      "arrayType": "CustomDetailValues",
                      "arrayConditionType": "AnyItem",
                      "itemConditions": [
                        {
                          "conditionType": "Property",
                          "conditionProperties": {
                            "propertyName": "IncidentCustomDetailsValue",
                            "operator": "Contains",
                            "propertyValues": [
                              "Low",
                              "low",
                              "LOW"
                            ]
                          }
                        }
                      ]
                    }
                  },
                  {
                    "conditionType": "Property",
                    "conditionProperties": {
                      "propertyName": "IncidentCustomDetailsKey",
                      "operator": "Equals",
                      "propertyValues": [
                        "DynSeverity"
                      ]
                    }
                  }
                ]
              }
            }
          ]
        },
        "actions": [
          {
            "order": 1,
            "actionType": "ModifyProperties",
            "actionConfiguration": {
              "severity": "Low"
            }
          }
        ]
      }
    },
    {
      "type": "Microsoft.OperationalInsights/workspaces/providers/automationRules",
      "apiVersion": "2023-12-01-preview",
      "name": "[concat(parameters('workspace'),'/Microsoft.SecurityInsights/', parameters('automationRuleInfo-id'))]",
      "dependsOn": [
        "[resourceId('Microsoft.OperationalInsights/workspaces/providers/alertRules', parameters('workspace'), 'Microsoft.SecurityInsights', parameters('analyticsRule-id'))]"
      ],
      "properties": {
        "displayName": "FileDownloadedHighRateAR_Severity_INFORMATIONAL",
        "order": 4,
        "triggeringLogic": {
          "isEnabled": true,
          "triggersOn": "Incidents",
          "triggersWhen": "Created",
          "conditions": [
            {
              "conditionType": "PropertyArray",
              "conditionProperties": {
                "arrayType": "CustomDetails",
                "arrayConditionType": "AnyItem",
                "itemConditions": [
                  {
                    "conditionType": "PropertyArray",
                    "conditionProperties": {
                      "arrayType": "CustomDetailValues",
                      "arrayConditionType": "AnyItem",
                      "itemConditions": [
                        {
                          "conditionType": "Property",
                          "conditionProperties": {
                            "propertyName": "IncidentCustomDetailsValue",
                            "operator": "Contains",
                            "propertyValues": [
                              "Informational",
                              "informational",
                              "INFORMATIONAL"
                            ]
                          }
                        }
                      ]
                    }
                  },
                  {
                    "conditionType": "Property",
                    "conditionProperties": {
                      "propertyName": "IncidentCustomDetailsKey",
                      "operator": "Equals",
                      "propertyValues": [
                        "DynSeverity"
                      ]
                    }
                  }
                ]
              }
            }
          ]
        },
        "actions": [
          {
            "order": 1,
            "actionType": "ModifyProperties",
            "actionConfiguration": {
              "severity": "Informational"
            }
          }
        ]
      }
    },
    {
      "type": "Microsoft.Resources/templateSpecs/versions",
      "apiVersion": "2022-02-01",
      "name": "[concat(variables('dataConnectorTemplateSpecName1'),'/',variables('dataConnectorVersion1'))]",
      "location": "[parameters('workspace-location')]",
      "tags": {
        "hidden-sentinelWorkspaceId": "[variables('workspaceResourceId')]",
        "hidden-sentinelContentType": "DataConnector"
      },
      "dependsOn": [
        "[resourceId('Microsoft.Resources/templateSpecs', variables('dataConnectorTemplateSpecName1'))]"
      ],
      "properties": {
        "description": "NC Protect Data Connector data connector with template version 2.0.0",
        "mainTemplate": {
          "$schema": "https://schema.management.azure.com/schemas/2019-04-01/deploymentTemplate.json#",
          "contentVersion": "[variables('dataConnectorVersion1')]",
          "parameters": {
          },
          "variables": {
          },
          "resources": [
            {
              "name": "[concat(parameters('workspace'),'/Microsoft.SecurityInsights/',variables('_dataConnectorContentId1'))]",
              "apiVersion": "2021-03-01-preview",
              "type": "Microsoft.OperationalInsights/workspaces/providers/dataConnectors",
              "location": "[parameters('workspace-location')]",
              "kind": "GenericUI",
              "properties": {
                "connectorUiConfig": {
                  "id": "[variables('_uiConfigId1')]",
                  "title": "NC Protect",
                  "publisher": "archTIS",
                  "descriptionMarkdown": "[NC Protect Data Connector (archtis.com)](https://info.archtis.com/get-started-with-nc-protect-sentinel-data-connector) provides the capability to ingest user activity logs and events into Microsoft Sentinel. The connector provides visibility into NC Protect user activity logs and events in Microsoft Sentinel to improve monitoring and investigation capabilities",
                  "graphQueries": [
                    {
                      "metricName": "Total data received",
                      "legend": "NCProtectUAL_CL",
                      "baseQuery": "NCProtectUAL_CL"
                    }
                  ],
                  "sampleQueries": [
                    {
                      "description": "Get last 7 days records",
                      "query": "\nNCProtectUAL_CL\n | where TimeGenerated > ago(7d)\n | order by TimeGenerated desc"
                    },
                    {
                      "description": "Login failed consecutively for more than 3 times in an hour by user",
                      "query": "\nNCProtectUAL_CL\n | where TimeGenerated > ago(1h) and Type_s == 'LoginFailure'\n | summarize FailedRequestCount = count() by bin(TimeGenerated, 1h), UserDisplayName_s, UserEmail_s, UserLoginName_s, Type_s, JSONExtra_s\n | where  FailedRequestCount > 3"
                    },
                    {
                      "description": "Download failed consecutively for more than 3 times in an hour by user",
                      "query": "\nNCProtectUAL_CL\n | where TimeGenerated > ago(1h) and Type_s == 'Open' and Status_s == 'Fail'\n | summarize FailedRequestCount = count() by bin(TimeGenerated, 1h), UserDisplayName_s, UserEmail_s, UserLoginName_s, Type_s, JSONExtra_s, DocumentUrl_s\n | where  FailedRequestCount > 3"
                    },
                    {
                      "description": "Get logs for rule created or modified or deleted records in last 7 days",
                      "query": "\nNCProtectUAL_CL\n | where TimeGenerated > ago(7d) and (Type_s == 'Create' or Type_s == 'Modify' or Type_s == 'Delete') and isnotempty(RuleName_s)\n | order by TimeGenerated desc"
                    }
                  ],
                  "dataTypes": [
                    {
                      "name": "NCProtectUAL_CL",
                      "lastDataReceivedQuery": "\nNCProtectUAL_CL\n            | summarize Time = max(TimeGenerated)\n            | where isnotempty(Time)"
                    }
                  ],
                  "connectivityCriterias": [
                    {
                      "type": "IsConnectedQuery",
                      "value": [
                        "\nNCProtectUAL_CL\n            | summarize LastLogReceived = max(TimeGenerated)\n            | project IsConnected = LastLogReceived > ago(30d)"
                      ]
                    }
                  ],
                  "availability": {
                    "status": 1,
                    "isPreview": false
                  },
                  "permissions": {
                    "resourceProvider": [
                      {
                        "provider": "Microsoft.OperationalInsights/workspaces",
                        "permissionsDisplayText": "read and write permissions are required.",
                        "providerDisplayName": "Workspace",
                        "scope": "Workspace",
                        "requiredPermissions": {
                          "write": true,
                          "read": true,
                          "delete": true
                        }
                      },
                      {
                        "provider": "Microsoft.OperationalInsights/workspaces/sharedKeys",
                        "permissionsDisplayText": "read permissions to shared keys for the workspace are required. [See the documentation to learn more about workspace keys](https://docs.microsoft.com/azure/azure-monitor/platform/agent-windows#obtain-workspace-id-and-key).",
                        "providerDisplayName": "Keys",
                        "scope": "Workspace",
                        "requiredPermissions": {
                          "action": true
                        }
                      }
                    ],
                    "customs": [
                      {
                        "name": "NC Protect",
                        "description": "You must have a running instance of NC Protect for O365. Please [contact us](https://www.archtis.com/data-discovery-classification-protection-software-secure-collaboration/)."
                      }
                    ]
                  },
                  "instructionSteps": [
                    {
                      "description": "1. Install NC Protect into your Azure Tenancy\n2. Log into the NC Protect Administration site\n3. From the left hand navigation menu, select General -> User Activity Monitoring\n4. Tick the checkbox to Enable SIEM and click the Configure button\n5. Select Microsoft Sentinel as the Application and complete the configuration using the information below\n6. Click Save to activate the connection\n",
                      "instructions": [
                        {
                          "parameters": {
                            "fillWith": [
                              "WorkspaceId"
                            ],
                            "label": "Workspace ID"
                          },
                          "type": "CopyableLabel"
                        },
                        {
                          "parameters": {
                            "fillWith": [
                              "PrimaryKey"
                            ],
                            "label": "Primary Key"
                          },
                          "type": "CopyableLabel"
                        }
                      ]
                    }
                  ],
                  "metadata": {
                    "id": "3161ee3b-2ddd-4902-aeff-5e297b98bc00",
                    "version": "8.0.0",
                    "kind": "dataConnector",
                    "source": {
                      "kind": "community"
                    },
                    "author": {
                      "name": "archTIS"
                    },
                    "support": {
                      "name": "archTIS",
                      "link": "https://www.archtis.com/nc-protect-support/",
                      "tier": "developer"
                    }
                  }
                }
              }
            },
            {
              "type": "Microsoft.OperationalInsights/workspaces/providers/metadata",
              "apiVersion": "2022-01-01-preview",
              "name": "[concat(parameters('workspace'),'/Microsoft.SecurityInsights/',concat('DataConnector-', last(split(variables('_dataConnectorId1'),'/'))))]",
              "properties": {
                "parentId": "[extensionResourceId(resourceId('Microsoft.OperationalInsights/workspaces', parameters('workspace')), 'Microsoft.SecurityInsights/dataConnectors', variables('_dataConnectorContentId1'))]",
                "contentId": "[variables('_dataConnectorContentId1')]",
                "kind": "DataConnector",
                "version": "[variables('dataConnectorVersion1')]",
                "source": {
                  "kind": "Solution",
                  "name": "NC Protect Data Connector",
                  "sourceId": "[variables('_solutionId')]"
                },
                "author": {
                  "name": "archTIS"
                },
                "support": {
                  "name": "archTIS",
                  "tier": "Partner",
                  "link": "https://www.archtis.com/nc-protect-support/"
                }
              }
            }
          ]
        }
      }
    },
    {
      "type": "Microsoft.OperationalInsights/workspaces/providers/metadata",
      "apiVersion": "2022-01-01-preview",
      "name": "[concat(parameters('workspace'),'/Microsoft.SecurityInsights/',concat('DataConnector-', last(split(variables('_dataConnectorId1'),'/'))))]",
      "dependsOn": [
        "[variables('_dataConnectorId1')]"
      ],
      "location": "[parameters('workspace-location')]",
      "properties": {
        "parentId": "[extensionResourceId(resourceId('Microsoft.OperationalInsights/workspaces', parameters('workspace')), 'Microsoft.SecurityInsights/dataConnectors', variables('_dataConnectorContentId1'))]",
        "contentId": "[variables('_dataConnectorContentId1')]",
        "kind": "DataConnector",
        "version": "[variables('dataConnectorVersion1')]",
        "source": {
          "kind": "Solution",
          "name": "NC Protect Data Connector",
          "sourceId": "[variables('_solutionId')]"
        },
        "author": {
          "name": "archTIS"
        },
        "support": {
          "name": "archTIS",
          "tier": "Partner",
          "link": "https://www.archtis.com/nc-protect-support/"
        }
      }
    },
    {
      "name": "[concat(parameters('workspace'),'/Microsoft.SecurityInsights/',variables('_dataConnectorContentId1'))]",
      "apiVersion": "2021-03-01-preview",
      "type": "Microsoft.OperationalInsights/workspaces/providers/dataConnectors",
      "location": "[parameters('workspace-location')]",
      "kind": "GenericUI",
      "properties": {
        "connectorUiConfig": {
          "title": "NC Protect",
          "publisher": "archTIS",
          "descriptionMarkdown": "[NC Protect Data Connector (archtis.com)](https://info.archtis.com/get-started-with-nc-protect-sentinel-data-connector) provides the capability to ingest user activity logs and events into Microsoft Sentinel. The connector provides visibility into NC Protect user activity logs and events in Microsoft Sentinel to improve monitoring and investigation capabilities",
          "graphQueries": [
            {
              "metricName": "Total data received",
              "legend": "NCProtectUAL_CL",
              "baseQuery": "NCProtectUAL_CL"
            }
          ],
          "dataTypes": [
            {
              "name": "NCProtectUAL_CL",
              "lastDataReceivedQuery": "\nNCProtectUAL_CL\n            | summarize Time = max(TimeGenerated)\n            | where isnotempty(Time)"
            }
          ],
          "connectivityCriterias": [
            {
              "type": "IsConnectedQuery",
              "value": [
                "\nNCProtectUAL_CL\n            | summarize LastLogReceived = max(TimeGenerated)\n            | project IsConnected = LastLogReceived > ago(30d)"
              ]
            }
          ],
          "sampleQueries": [
            {
              "description": "Get last 7 days records",
              "query": "\nNCProtectUAL_CL\n | where TimeGenerated > ago(7d)\n | order by TimeGenerated desc"
            },
            {
              "description": "Login failed consecutively for more than 3 times in an hour by user",
              "query": "\nNCProtectUAL_CL\n | where TimeGenerated > ago(1h) and Type_s == 'LoginFailure'\n | summarize FailedRequestCount = count() by bin(TimeGenerated, 1h), UserDisplayName_s, UserEmail_s, UserLoginName_s, Type_s, JSONExtra_s\n | where  FailedRequestCount > 3"
            },
            {
              "description": "Download failed consecutively for more than 3 times in an hour by user",
              "query": "\nNCProtectUAL_CL\n | where TimeGenerated > ago(1h) and Type_s == 'Open' and Status_s == 'Fail'\n | summarize FailedRequestCount = count() by bin(TimeGenerated, 1h), UserDisplayName_s, UserEmail_s, UserLoginName_s, Type_s, JSONExtra_s, DocumentUrl_s\n | where  FailedRequestCount > 3"
            },
            {
              "description": "Get logs for rule created or modified or deleted records in last 7 days",
              "query": "\nNCProtectUAL_CL\n | where TimeGenerated > ago(7d) and (Type_s == 'Create' or Type_s == 'Modify' or Type_s == 'Delete') and isnotempty(RuleName_s)\n | order by TimeGenerated desc"
            }
          ],
          "availability": {
            "status": 1,
            "isPreview": false
          },
          "permissions": {
            "resourceProvider": [
              {
                "provider": "Microsoft.OperationalInsights/workspaces",
                "permissionsDisplayText": "read and write permissions are required.",
                "providerDisplayName": "Workspace",
                "scope": "Workspace",
                "requiredPermissions": {
                  "write": true,
                  "read": true,
                  "delete": true
                }
              },
              {
                "provider": "Microsoft.OperationalInsights/workspaces/sharedKeys",
                "permissionsDisplayText": "read permissions to shared keys for the workspace are required. [See the documentation to learn more about workspace keys](https://docs.microsoft.com/azure/azure-monitor/platform/agent-windows#obtain-workspace-id-and-key).",
                "providerDisplayName": "Keys",
                "scope": "Workspace",
                "requiredPermissions": {
                  "action": true
                }
              }
            ],
            "customs": [
              {
                "name": "NC Protect",
                "description": "You must have a running instance of NC Protect for O365. Please [contact us](https://www.archtis.com/data-discovery-classification-protection-software-secure-collaboration/)."
              }
            ]
          },
          "instructionSteps": [
            {
              "description": "1. Install NC Protect into your Azure Tenancy\n2. Log into the NC Protect Administration site\n3. From the left hand navigation menu, select General -> User Activity Monitoring\n4. Tick the checkbox to Enable SIEM and click the Configure button\n5. Select Microsoft Sentinel as the Application and complete the configuration using the information below\n6. Click Save to activate the connection\n",
              "instructions": [
                {
                  "parameters": {
                    "fillWith": [
                      "WorkspaceId"
                    ],
                    "label": "Workspace ID"
                  },
                  "type": "CopyableLabel"
                },
                {
                  "parameters": {
                    "fillWith": [
                      "PrimaryKey"
                    ],
                    "label": "Primary Key"
                  },
                  "type": "CopyableLabel"
                }
              ]
            }
          ],
          "id": "[variables('_uiConfigId1')]"
        }
      }
    },
    {
      "type": "Microsoft.Resources/templateSpecs",
      "apiVersion": "2022-02-01",
      "name": "[variables('workbookTemplateSpecName1')]",
      "location": "[parameters('workspace-location')]",
      "tags": {
        "hidden-sentinelWorkspaceId": "[variables('workspaceResourceId')]",
        "hidden-sentinelContentType": "Workbook"
      },
      "properties": {
        "description": "NC Protect Data Connector Workbook with template",
        "displayName": "NC Protect Data Connector workbook template"
      }
    },
    {
      "type": "Microsoft.Resources/templateSpecs/versions",
      "apiVersion": "2022-02-01",
      "name": "[concat(variables('workbookTemplateSpecName1'),'/',variables('workbookVersion1'))]",
      "location": "[parameters('workspace-location')]",
      "tags": {
        "hidden-sentinelWorkspaceId": "[variables('workspaceResourceId')]",
        "hidden-sentinelContentType": "Workbook"
      },
      "dependsOn": [
        "[resourceId('Microsoft.Resources/templateSpecs', variables('workbookTemplateSpecName1'))]"
      ],
      "properties": {
        "description": "archTIS_NCProtect_Workbook  with template version 3.0.0",
        "mainTemplate": {
          "$schema": "https://schema.management.azure.com/schemas/2019-04-01/deploymentTemplate.json#",
          "contentVersion": "[variables('workbookVersion1')]",
          "parameters": {
          },
          "variables": {
          },
          "resources": [
            {
              "type": "Microsoft.Insights/workbooks",
              "name": "[variables('workbookContentId1')]",
              "location": "[parameters('workspace-location')]",
              "kind": "shared",
              "apiVersion": "2023-06-01",
              "metadata": {
                "description": "Sets the time name for analysis"
              },
              "properties": {
                "displayName": "[parameters('workbook1-name')]",
                "serializedData": "{\"version\":\"Notebook/1.0\",\"items\":[{\"type\":1,\"content\":{\"json\":\"NC Protect\"},\"name\":\"text - 2\"},{\"type\":12,\"content\":{\"version\":\"NotebookGroup/1.0\",\"groupType\":\"editable\",\"items\":[{\"type\":3,\"content\":{\"version\":\"KqlItem/1.0\",\"query\":\"NCProtectUAL_CL | where TimeGenerated > ago(7d) | order by TimeGenerated desc \",\"size\":0,\"title\":\"Get last 7 days records\",\"timeContext\":{\"durationMs\":259200000},\"queryType\":0,\"resourceType\":\"microsoft.operationalinsights/workspaces\"},\"customWidth\":\"33\",\"name\":\"query - 1\",\"styleSettings\":{\"showBorder\":true}},{\"type\":3,\"content\":{\"version\":\"KqlItem/1.0\",\"query\":\"NCProtectUAL_CL | where TimeGenerated > ago(1h) and Type_s == 'LoginFailure' | summarize FailedRequestCount = count() by bin(TimeGenerated, 1h), UserDisplayName_s, UserEmail_s, UserLoginName_s, Type_s, JSONExtra_s | where  FailedRequestCount > 3 \",\"size\":0,\"title\":\"Login failed consecutively for more than 3 times in an hour by user\",\"timeContext\":{\"durationMs\":2592000000},\"queryType\":0,\"resourceType\":\"microsoft.operationalinsights/workspaces\"},\"customWidth\":\"33\",\"name\":\"query - 2\",\"styleSettings\":{\"showBorder\":true}},{\"type\":3,\"content\":{\"version\":\"KqlItem/1.0\",\"query\":\"NCProtectUAL_CL | where TimeGenerated > ago(1h) and Type_s == 'Open' and Status_s == 'Fail' | summarize FailedRequestCount = count() by bin(TimeGenerated, 1h), UserDisplayName_s, UserEmail_s, UserLoginName_s, Type_s, JSONExtra_s, DocumentUrl_s | where  FailedRequestCount > 3 \",\"size\":0,\"title\":\"Download failed consecutively for more than 3 times in an hour by user\",\"timeContext\":{\"durationMs\":2592000000},\"queryType\":0,\"resourceType\":\"microsoft.operationalinsights/workspaces\"},\"customWidth\":\"33\",\"name\":\"query - 3\",\"styleSettings\":{\"showBorder\":true}},{\"type\":3,\"content\":{\"version\":\"KqlItem/1.0\",\"query\":\"NCProtectUAL_CL | where TimeGenerated > ago(7d) and (Type_s == 'Create' or Type_s == 'Modify' or Type_s == 'Delete') and isnotempty(RuleName_s) | order by TimeGenerated desc \",\"size\":0,\"title\":\"Get logs for rule created or modified or deleted records in last 7 days\",\"timeContext\":{\"durationMs\":2592000000},\"queryType\":0,\"resourceType\":\"microsoft.operationalinsights/workspaces\"},\"customWidth\":\"33\",\"name\":\"query - 4\",\"styleSettings\":{\"showBorder\":true}}]},\"name\":\"group - 0\"}]}\r\n",
                "version": "1.0",
                "sourceId": "[variables('workspaceResourceId')]",
                "category": "sentinel"
              }
            },
            {
              "type": "Microsoft.OperationalInsights/workspaces/providers/metadata",
              "apiVersion": "2022-01-01-preview",
              "name": "[concat(parameters('workspace'),'/Microsoft.SecurityInsights/',concat('Workbook-', last(split(variables('workbookId1'),'/'))))]",
              "properties": {
                "description": "@{workbookKey=NCProtectWorkbook; logoFileName=NCProtectIcon.svg; description=Sets the time name for analysis; dataTypesDependencies=System.Object[]; dataConnectorsDependencies=System.Object[]; previewImagesFileNames=System.Object[]; version=1.0.0; title=NCProtect; templateRelativePath=archTIS_NCProtect_Workbook.json; subtitle=; provider=archTIS}.description",
                "parentId": "[variables('workbookId1')]",
                "contentId": "[variables('_workbookContentId1')]",
                "kind": "Workbook",
                "version": "[variables('workbookVersion1')]",
                "source": {
                  "kind": "Solution",
                  "name": "NC Protect Data Connector",
                  "sourceId": "[variables('_solutionId')]"
                },
                "author": {
                  "name": "archTIS"
                },
                "support": {
                  "name": "archTIS",
                  "tier": "Partner",
                  "link": "https://www.archtis.com/nc-protect-support/"
                },
                "dependencies": {
                  "operator": "AND",
                  "criteria": [
                    {
                      "contentId": "NCProtectUAL_CL",
                      "kind": "DataType"
                    },
                    {
                      "contentId": "NCProtect",
                      "kind": "DataConnector"
                    }
                  ]
                }
              }
            }
          ]
        }
      }
    },
    {
      "type": "Microsoft.OperationalInsights/workspaces/providers/metadata",
      "apiVersion": "2022-01-01-preview",
      "location": "[parameters('workspace-location')]",
      "properties": {
        "version": "3.0.0",
        "kind": "Solution",
        "contentSchemaVersion": "2.0.0",
        "contentId": "[variables('_solutionId')]",
        "parentId": "[variables('_solutionId')]",
        "source": {
          "kind": "Solution",
          "name": "NC Protect Data Connector",
          "sourceId": "[variables('_solutionId')]"
        },
        "author": {
          "name": "archTIS"
        },
        "support": {
          "name": "archTIS",
          "tier": "Partner",
          "link": "https://www.archtis.com/nc-protect-support/"
        },
        "dependencies": {
          "operator": "AND",
          "criteria": [
            {
              "kind": "DataConnector",
              "contentId": "[variables('_dataConnectorContentId1')]",
              "version": "[variables('dataConnectorVersion1')]"
            },
            {
              "kind": "Workbook",
              "contentId": "[variables('_workbookContentId1')]",
              "version": "[variables('workbookVersion1')]"
            }
          ]
        },
        "firstPublishDate": "2021-10-20",
        "providers": [
          "archTIS"
        ],
        "categories": {
          "domains": [
            "Security – Information Protection"
          ]
        }
      },
      "name": "[concat(parameters('workspace'),'/Microsoft.SecurityInsights/', variables('_solutionId'))]"
    }
  ],
  "outputs": {
    "watchlistId": {
      "type": "string",
      "value": "[resourceId('Microsoft.OperationalInsights/workspaces/providers/Watchlists', parameters('workspace'), 'Microsoft.SecurityInsights', 'NCPFDM')]"
    },
    "workbookId": {
      "type": "string",
      "value": "[resourceId('Microsoft.Insights/workbooks', parameters('workbook1-id'))]"
    },
    "analyticsRuleId": {
      "type": "string",
      "value": "[resourceId('Microsoft.OperationalInsights/workspaces/providers/alertRules', parameters('workspace'), 'Microsoft.SecurityInsights', parameters('analyticsRule-id'))]"
    },
    "automationRuleHighId": {
      "type": "string",
      "value": "[resourceId('Microsoft.OperationalInsights/workspaces/providers/automationRules', parameters('workspace'), 'Microsoft.SecurityInsights', parameters('automationRuleHigh-id'))]"
    },
    "automationRuleMediumId": {
      "type": "string",
      "value": "[resourceId('Microsoft.OperationalInsights/workspaces/providers/automationRules', parameters('workspace'), 'Microsoft.SecurityInsights', parameters('automationRuleMedium-id'))]"
    },
    "automationRuleLowId": {
      "type": "string",
      "value": "[resourceId('Microsoft.OperationalInsights/workspaces/providers/automationRules', parameters('workspace'), 'Microsoft.SecurityInsights', parameters('automationRuleLow-id'))]"
    },
    "automationRuleInfoId": {
      "type": "string",
      "value": "[resourceId('Microsoft.OperationalInsights/workspaces/providers/automationRules', parameters('workspace'), 'Microsoft.SecurityInsights', parameters('automationRuleInfo-id'))]"
    }
  }
}