{
  "$schema": "https://schema.management.azure.com/schemas/0.1.2-preview/CreateUIDefinition.MultiVm.json#",
  "handler": "Microsoft.Azure.CreateUIDef",
  "version": "0.1.2-preview",
  "parameters": {
    "config": {
      "isWizard": false,
      "basics": {
        "description": "<img src=\"https://raw.githubusercontent.com/Azure/Azure-Sentinel/master/Solutions/Google%20Cloud%20Platform%20Audit%20Logs/logo/Google-Cloud-Branding.png\" width=\"75px\" height=\"75px\">\n\n**Note:** Please refer to the following before installing the solution: \n\n• Review the solution [Release Notes](https://github.com/Azure/Azure-Sentinel/tree/master/Solutions/Google%20Cloud%20Platform%20Audit%20Logs/ReleaseNotes.md)\n\n • There may be [known issues](https://aka.ms/sentinelsolutionsknownissues) pertaining to this Solution, please refer to them before installing.\n\nThe Google Cloud Platform (GCP) audit logs, ingested from Microsoft Sentinel's connector, enables you to capture and track all activity that occurs in your GCP environment. These audit logs provide valuable insights for monitoring user activity, troubleshooting issues, and ensuring compliance with security regulations. They serve as a record of events that practitioners can utilize to monitor access and identify potential threats across GCP resources.\n\n**Data Connectors:** 1, **Analytic Rules:** 7, **Hunting Queries:** 5\n\n[Learn more about Microsoft Sentinel](https://aka.ms/azuresentinel) | [Learn more about Solutions](https://aka.ms/azuresentinelsolutionsdoc)",
        "subscription": {
          "resourceProviders": [
            "Microsoft.OperationsManagement/solutions",
            "Microsoft.OperationalInsights/workspaces/providers/alertRules",
            "Microsoft.Insights/workbooks",
            "Microsoft.Logic/workflows"
          ]
        },
        "location": {
          "metadata": {
            "hidden": "Hiding location, we get it from the log analytics workspace"
          },
          "visible": false
        },
        "resourceGroup": {
          "allowExisting": true
        }
      }
    },
    "basics": [
      {
        "name": "getLAWorkspace",
        "type": "Microsoft.Solutions.ArmApiControl",
        "toolTip": "This filters by workspaces that exist in the Resource Group selected",
        "condition": "[greater(length(resourceGroup().name),0)]",
        "request": {
          "method": "GET",
          "path": "[concat(subscription().id,'/providers/Microsoft.OperationalInsights/workspaces?api-version=2020-08-01')]"
        }
      },
      {
        "name": "workspace",
        "type": "Microsoft.Common.DropDown",
        "label": "Workspace",
        "placeholder": "Select a workspace",
        "toolTip": "This dropdown will list only workspace that exists in the Resource Group selected",
        "constraints": {
          "allowedValues": "[map(filter(basics('getLAWorkspace').value, (filter) => contains(toLower(filter.id), toLower(resourceGroup().name))), (item) => parse(concat('{\"label\":\"', item.name, '\",\"value\":\"', item.name, '\"}')))]",
          "required": true
        },
        "visible": true
      }
    ],
    "steps": [
      {
        "name": "dataconnectors",
        "label": "Data Connectors",
        "bladeTitle": "Data Connectors",
        "elements": [
          {
            "name": "dataconnectors1-text",
            "type": "Microsoft.Common.TextBlock",
            "options": {
              "text": "This Solution installs the data connector for GCP Pub/Sub Audit Logs. You can get GCP Pub/Sub Audit Logs data in your Microsoft Sentinel workspace. After installing the solution, configure and enable this data connector by following guidance in Manage solution view."
            }
          },
          {
            "name": "dataconnectors-link1",
            "type": "Microsoft.Common.TextBlock",
            "options": {
              "link": {
                "label": "Learn more about connecting data sources",
                "uri": "https://docs.microsoft.com/azure/sentinel/connect-data-sources"
              }
            }
          }
        ]
      },
      {
        "name": "analytics",
        "label": "Analytics",
        "subLabel": {
          "preValidation": "Configure the analytics",
          "postValidation": "Done"
        },
        "bladeTitle": "Analytics",
        "elements": [
          {
            "name": "analytics-text",
            "type": "Microsoft.Common.TextBlock",
            "options": {
              "text": "This solution installs the following analytic rule templates. After installing the solution, create and enable analytic rules in Manage solution view."
            }
          },
          {
            "name": "analytics-link",
            "type": "Microsoft.Common.TextBlock",
            "options": {
              "link": {
                "label": "Learn more",
                "uri": "https://docs.microsoft.com/azure/sentinel/tutorial-detect-threats-custom?WT.mc_id=Portal-Microsoft_Azure_CreateUIDef"
              }
            }
          },
          {
            "name": "analytic1",
            "type": "Microsoft.Common.Section",
            "label": "GCP Audit Logs - Detect Bulk VM Snapshot Deletion",
            "elements": [
              {
                "name": "analytic1-text",
                "type": "Microsoft.Common.TextBlock",
                "options": {
                  "text": "Detects bulk deletion of Google Cloud VM snapshots within a short time period, which may indicate data destruction or defense evasion activities.\nVM snapshots are critical for backup and disaster recovery. Bulk deletion of snapshots can prevent recovery from incidents and may indicate\nmalicious activity such as ransomware, data destruction, or an attempt to cover tracks after a security breach.\nAdversaries may delete snapshots to maximize damage, prevent forensic investigation, or hinder recovery efforts.\nThis rule triggers when multiple snapshots are deleted by the same user within a 1-minute window."
                }
              }
            ]
          },
          {
            "name": "analytic2",
            "type": "Microsoft.Common.Section",
            "label": "GCP Audit Logs - Data Access Logging Exemption Added for Principal",
            "elements": [
              {
                "name": "analytic2-text",
                "type": "Microsoft.Common.TextBlock",
                "options": {
                  "text": "Detects when a principal (user or service account) is exempted from GCP data access audit logging.\nThis is a critical security event as it reduces visibility into privileged operations and may indicate an attempt to hide malicious activity.\nAdversaries may exempt their accounts from audit logging to evade detection while performing reconnaissance, privilege escalation, or data exfiltration.\nThis rule monitors SetIamPolicy operations that add audit log exemptions for ADMIN_READ, DATA_READ, or DATA_WRITE log types."
                }
              }
            ]
          },
          {
            "name": "analytic3",
            "type": "Microsoft.Common.Section",
            "label": "GCP Audit Logs - Open Firewall Rule Created or Modified",
            "elements": [
              {
                "name": "analytic3-text",
                "type": "Microsoft.Common.TextBlock",
                "options": {
                  "text": "Detects when a Google Cloud Platform firewall rule is created or modified to allow traffic from any source (0.0.0.0/0 or 0.0.0.0).\nOpen firewall rules expose resources to the internet and can significantly increase the attack surface of cloud infrastructure.\nThis may indicate a misconfiguration, lack of security awareness, or malicious activity to create backdoor access.\nAdversaries may create or modify firewall rules to enable persistent access or facilitate lateral movement.\nThis rule monitors firewall insert and patch operations where sourceRanges include unrestricted access patterns."
                }
              }
            ]
          },
          {
            "name": "analytic4",
            "type": "Microsoft.Common.Section",
            "label": "GCP Audit Logs - Detect Organization Policy Deletion or Updation",
            "elements": [
              {
                "name": "analytic4-text",
                "type": "Microsoft.Common.TextBlock",
                "options": {
                  "text": "Detects when a Google Cloud Platform organization policy is deleted or updated. \nOrganization policies provide centralized control over your organization's cloud resources and help ensure security and compliance.\nDeletion or modification of org policies may indicate an attempt to bypass security controls or weaken the security posture of GCP projects.\nAdversaries may delete or update organization policies to disable security constraints before performing malicious activities."
                }
              }
            ]
          },
          {
            "name": "analytic5",
            "type": "Microsoft.Common.Section",
            "label": "GCP Audit Logs - Storage Bucket Made Public",
            "elements": [
              {
                "name": "analytic5-text",
                "type": "Microsoft.Common.TextBlock",
                "options": {
                  "text": "Detects when a Google Cloud Storage bucket is made publicly accessible by granting permissions to allUsers or allAuthenticatedUsers.\nMaking buckets public can expose sensitive data to unauthorized access and may indicate a misconfiguration or malicious activity.\nAdversaries may make buckets public to exfiltrate data or as part of a data exposure attack.\nThis rule monitors setIamPermissions operations that add public access roles to storage buckets."
                }
              }
            ]
          },
          {
            "name": "analytic6",
            "type": "Microsoft.Common.Section",
            "label": "GCP Audit Logs - VPC Flow Logs Disabled",
            "elements": [
              {
                "name": "analytic6-text",
                "type": "Microsoft.Common.TextBlock",
                "options": {
                  "text": "Detects when Google Cloud Platform VPC Flow Logs configurations are disabled or deleted.\nVPC Flow Logs capture information about IP traffic going to and from network interfaces in VPC networks, providing critical visibility for security monitoring and forensic analysis.\nDisabling VPC Flow Logs reduces network visibility and may indicate an attempt to evade detection before performing malicious activities.\nAdversaries may disable flow logs to hide lateral movement, data exfiltration, or command and control traffic."
                }
              }
            ]
          },
          {
            "name": "analytic7",
            "type": "Microsoft.Common.Section",
            "label": "GCP Audit Logs - DNSSEC Disabled on Managed DNS Zone",
            "elements": [
              {
                "name": "analytic7-text",
                "type": "Microsoft.Common.TextBlock",
                "options": {
                  "text": "Detects when DNSSEC (DNS Security Extensions) is disabled on a Google Cloud DNS managed zone.\nDNSSEC provides cryptographic authentication of DNS data, preventing DNS spoofing and cache poisoning attacks.\nAdversaries may disable DNSSEC to enable DNS-based command and control, phishing campaigns, or\nto redirect traffic to malicious infrastructure without cryptographic validation.\nThis rule monitors DNS zone patch operations where DNSSEC state changes from ON to OFF."
                }
              }
            ]
          }
        ]
      },
      {
        "name": "huntingqueries",
        "label": "Hunting Queries",
        "bladeTitle": "Hunting Queries",
        "elements": [
          {
            "name": "huntingqueries-text",
            "type": "Microsoft.Common.TextBlock",
            "options": {
              "text": "This solution installs the following hunting queries. After installing the solution, run these hunting queries to hunt for threats in Manage solution view. "
            }
          },
          {
            "name": "huntingqueries-link",
            "type": "Microsoft.Common.TextBlock",
            "options": {
              "link": {
                "label": "Learn more",
                "uri": "https://docs.microsoft.com/azure/sentinel/hunting"
              }
            }
          },
          {
            "name": "huntingquery1",
            "type": "Microsoft.Common.Section",
            "label": "GCP Audit Logs - List Activities Disabling Data Access Logging for GCP Services",
            "elements": [
              {
                "name": "huntingquery1-text",
                "type": "Microsoft.Common.TextBlock",
                "options": {
                  "text": "List all activities where data access logging (ADMIN_READ, DATA_READ, or DATA_WRITE) is disabled for GCP services through IAM policy modifications. This hunting query depends on GCPAuditLogsDefinition data connector (GCPAuditLogs Parser or Table)"
                }
              }
            ]
          },
          {
            "name": "huntingquery2",
            "type": "Microsoft.Common.Section",
            "label": "GCP Audit Logs - List All GCP Firewall Operations by Principal",
            "elements": [
              {
                "name": "huntingquery2-text",
                "type": "Microsoft.Common.TextBlock",
                "options": {
                  "text": "Lists all Google Cloud Platform firewall rule operations performed by principals (users and service accounts). This hunting query depends on GCPAuditLogsDefinition data connector (GCPAuditLogs Parser or Table)"
                }
              }
            ]
          },
          {
            "name": "huntingquery3",
            "type": "Microsoft.Common.Section",
            "label": "GCP Audit Logs - List GCP Organization Policy Modifications by Principal",
            "elements": [
              {
                "name": "huntingquery3-text",
                "type": "Microsoft.Common.TextBlock",
                "options": {
                  "text": "Lists all Google Cloud Platform organization policy deletion and update operations performed by principals (users and service accounts). This hunting query depends on GCPAuditLogsDefinition data connector (GCPAuditLogs Parser or Table)"
                }
              }
            ]
          },
          {
            "name": "huntingquery4",
            "type": "Microsoft.Common.Section",
            "label": "GCP Audit Logs - List All GCP VPN Tunnels Created",
            "elements": [
              {
                "name": "huntingquery4-text",
                "type": "Microsoft.Common.TextBlock",
                "options": {
                  "text": "Lists all Google Cloud VPN tunnel creation operations to identify network connectivity changes and tunnel configurations. This hunting query depends on GCPAuditLogsDefinition data connector (GCPAuditLogs Parser or Table)"
                }
              }
            ]
          },
          {
            "name": "huntingquery5",
            "type": "Microsoft.Common.Section",
            "label": "GCP Audit Logs - List All GCP VPN Tunnels Deleted",
            "elements": [
              {
                "name": "huntingquery5-text",
                "type": "Microsoft.Common.TextBlock",
                "options": {
                  "text": "Lists all Google Cloud VPN tunnel deletion operations to identify network connectivity changes and potential security impacts. This hunting query depends on GCPAuditLogsDefinition data connector (GCPAuditLogs Parser or Table)"
                }
              }
            ]
          }
        ]
      }
    ],
    "outputs": {
      "workspace-location": "[first(map(filter(basics('getLAWorkspace').value, (filter) => and(contains(toLower(filter.id), toLower(resourceGroup().name)),equals(filter.name,basics('workspace')))), (item) => item.location))]",
      "location": "[location()]",
      "workspace": "[basics('workspace')]"
    }
  }
}
