{
  "$schema": "https://schema.management.azure.com/schemas/2019-04-01/deploymentTemplate.json#",
  "contentVersion": "1.0.0.0",
  "metadata": {
    "author": "Microsoft",
    "comments": "Solution template for Cyfirma Cyber Intelligence"
  },
  "parameters": {
    "location": {
      "type": "string",
      "minLength": 1,
      "defaultValue": "[resourceGroup().location]",
      "metadata": {
        "description": "Not used, but needed to pass arm-ttk test `Location-Should-Not-Be-Hardcoded`.  We instead use the `workspace-location` which is derived from the LA workspace"
      }
    },
    "workspace-location": {
      "type": "string",
      "defaultValue": "",
      "metadata": {
        "description": "[concat('Region to deploy solution resources -- separate from location selection',parameters('location'))]"
      }
    },
    "workspace": {
      "defaultValue": "",
      "type": "string",
      "metadata": {
        "description": "Workspace name for Log Analytics where Microsoft Sentinel is setup"
      }
    },
    "resourceGroupName": {
      "type": "string",
      "defaultValue": "[resourceGroup().name]",
      "metadata": {
        "description": "resource group name where Microsoft Sentinel is setup"
      }
    },
    "subscription": {
      "type": "string",
      "defaultValue": "[last(split(subscription().id, '/'))]",
      "metadata": {
        "description": "subscription id where Microsoft Sentinel is setup"
      }
    }
  },
  "variables": {
    "_solutionName": "Cyfirma Cyber Intelligence",
    "_solutionVersion": "3.0.0",
    "solutionId": "cyfirmaholdingspteltd1742879329545.azure-sentinel-solution-cyfirma-cyber-intelligence",
    "_solutionId": "[variables('solutionId')]",
    "workspaceResourceId": "[resourceId('microsoft.OperationalInsights/Workspaces', parameters('workspace'))]",
    "dataConnectorCCPVersion": "1.0.0",
    "_dataConnectorContentIdConnectorDefinition1": "CyfirmaCyberIntelligenceDC",
    "dataConnectorTemplateNameConnectorDefinition1": "[concat(parameters('workspace'),'-dc-',uniquestring(variables('_dataConnectorContentIdConnectorDefinition1')))]",
    "_dataConnectorContentIdConnections1": "CyfirmaCyberIntelligenceDCConnections",
    "dataConnectorTemplateNameConnections1": "[concat(parameters('workspace'),'-dc-',uniquestring(variables('_dataConnectorContentIdConnections1')))]",
    "dataCollectionEndpointId1": "[concat('/subscriptions/',parameters('subscription'),'/resourceGroups/',parameters('resourceGroupName'),'/providers/Microsoft.Insights/dataCollectionEndpoints/',parameters('workspace'))]",
    "blanks": "[replace('b', 'b', '')]",
    "_solutioncontentProductId": "[concat(take(variables('_solutionId'),50),'-','sl','-', uniqueString(concat(variables('_solutionId'),'-','Solution','-',variables('_solutionId'),'-', variables('_solutionVersion'))))]"
  },
  "resources": [
    {
      "type": "Microsoft.OperationalInsights/workspaces/providers/contentTemplates",
      "apiVersion": "2023-04-01-preview",
      "name": "[concat(parameters('workspace'),'/Microsoft.SecurityInsights/', variables('dataConnectorTemplateNameConnectorDefinition1'), variables('dataConnectorCCPVersion'))]",
      "location": "[parameters('workspace-location')]",
      "dependsOn": [
        "[extensionResourceId(resourceId('Microsoft.OperationalInsights/workspaces', parameters('workspace')), 'Microsoft.SecurityInsights/contentPackages', variables('_solutionId'))]"
      ],
      "properties": {
        "contentId": "[variables('_dataConnectorContentIdConnectorDefinition1')]",
        "displayName": "Cyfirma Cyber Intelligence",
        "contentKind": "DataConnector",
        "mainTemplate": {
          "$schema": "https://schema.management.azure.com/schemas/2019-04-01/deploymentTemplate.json#",
          "contentVersion": "[variables('dataConnectorCCPVersion')]",
          "parameters": {},
          "variables": {},
          "resources": [
            {
              "name": "[concat(parameters('workspace'),'/Microsoft.SecurityInsights/',variables('_dataConnectorContentIdConnectorDefinition1'))]",
              "apiVersion": "2022-09-01-preview",
              "type": "Microsoft.OperationalInsights/workspaces/providers/dataConnectorDefinitions",
              "location": "[parameters('workspace-location')]",
              "kind": "Customizable",
              "properties": {
                "connectorUiConfig": {
                  "id": "CyfirmaCyberIntelligenceDC",
                  "title": "Cyfirma Cyber Intelligence",
                  "publisher": "Microsoft",
                  "isConnectivityCriteriasMatchSome": false,
                  "descriptionMarkdown": "The Cyfirma Cyber Intelligence data connector enables seamless log ingestion from the DeCYFIR API into Microsoft Sentinel. Built on the Microsoft Sentinel Codeless Connector Platform, it leverages the DeCYFIR Alerts API to retrieve logs. Additionally, it supports DCR-based [ingestion time transformations](https://docs.microsoft.com/azure/azure-monitor/logs/custom-logs-overview), which parse security data into a custom table during ingestion. This eliminates the need for query-time parsing, enhancing performance and efficiency.",
                  "graphQueries": [
                    {
                      "metricName": "Total Cyfirma Indicators logs received",
                      "legend": "Cyfirma Indicators Logs",
                      "baseQuery": "CyfirmaIndicators_CL"
                    },
                    {
                      "metricName": "Total Cyfirma Threat Actors logs received",
                      "legend": "Cyfirma Threat Actors Logs",
                      "baseQuery": "CyfirmaThreatActors_CL"
                    },
                    {
                      "metricName": "Total Cyfirma Campaigns logs received",
                      "legend": "Cyfirma Campaigns Logs",
                      "baseQuery": "CyfirmaCampaigns_CL"
                    },
                    {
                      "metricName": "Total Cyfirma Malware logs received",
                      "legend": "Cyfirma Malware Logs",
                      "baseQuery": "CyfirmaMalware_CL"
                    }
                  ],
                  "sampleQueries": [
                    {
                      "description": "Get Sample of Indicators logs",
                      "query": "CyfirmaIndicators_CL | take 10"
                    },
                    {
                      "description": "Get Sample of Threat Actors logs",
                      "query": "CyfirmaThreatActors_CL | take 10"
                    },
                    {
                      "description": "Get Sample of Campaigns logs",
                      "query": "CyfirmaCampaigns_CL | take 10"
                    },
                    {
                      "description": "Get Sample of Malware logs",
                      "query": "CyfirmaMalware_CL | take 10"
                    }
                  ],
                  "dataTypes": [
                    {
                      "name": "CyfirmaIndicators_CL",
                      "lastDataReceivedQuery": "CyfirmaIndicators_CL\n | where TimeGenerated > ago(5m) | summarize Time = max(TimeGenerated)\n  | where isnotempty(Time)"
                    },
                    {
                      "name": "CyfirmaThreatActors_CL",
                      "lastDataReceivedQuery": "CyfirmaThreatActors_CL\n | where TimeGenerated > ago(5m) | summarize Time = max(TimeGenerated)\n  | where isnotempty(Time)"
                    },
                    {
                      "name": "CyfirmaCampaigns_CL",
                      "lastDataReceivedQuery": "CyfirmaCampaigns_CL\n | where TimeGenerated > ago(5m) | summarize Time = max(TimeGenerated)\n  | where isnotempty(Time)"
                    },
                    {
                      "name": "CyfirmaMalware_CL",
                      "lastDataReceivedQuery": "CyfirmaMalware_CL\n | where TimeGenerated > ago(5m) | summarize Time = max(TimeGenerated)\n  | where isnotempty(Time)"
                    }
                  ],
                  "connectivityCriteria": [
                    {
                      "type": "HasDataConnectors"
                    }
                  ],
                  "availability": {
                    "status": 1,
                    "isPreview": false
                  },
                  "permissions": {
                    "resourceProvider": [
                      {
                        "provider": "Microsoft.OperationalInsights/workspaces",
                        "permissionsDisplayText": "Read and Write permissions are required.",
                        "providerDisplayName": "Workspace",
                        "scope": "Workspace",
                        "requiredPermissions": {
                          "read": true,
                          "write": true,
                          "delete": true,
                          "action": false
                        }
                      },
                      {
                        "provider": "Microsoft.SecurityInsights/threatintelligence/write",
                        "permissionsDisplayText": "write permissions are required.",
                        "providerDisplayName": "Workspace",
                        "scope": "Workspace",
                        "requiredPermissions": {
                          "write": true,
                          "read": true,
                          "delete": true
                        }
                      }
                    ]
                  },
                  "instructionSteps": [
                    {
                      "title": "Cyfirma Cyber Intelligence",
                      "description": "This connector provides the Indicators, Threat actors, Malware and Campaigns logs from Cyfirma Cyber Intelligence. The connector uses the DeCYFIR API to retrieve logs and supports DCR-based ingestion time transformations, parsing security data into a custom table during ingestion. This eliminates the need for query-time parsing, enhancing performance and efficiency.",
                      "descriptionMarkdown": "This connector provides the Indicators, Threat actors, Malware and Campaigns logs from Cyfirma Cyber Intelligence. The connector uses the DeCYFIR API to retrieve logs and supports DCR-based ingestion time transformations, parsing security data into a custom table during ingestion. This eliminates the need for query-time parsing, enhancing performance and efficiency.",
                      "estimatedTime": "5 minutes",
                      "icon": "https://www.microsoft.com/favicon.ico",
                      "instructions": [
                        {
                          "type": "Textbox",
                          "parameters": {
                            "label": "Cyfirma API Key",
                            "placeholder": "Cyfirma API Key",
                            "type": "password",
                            "name": "cyfirmaAPIKey"
                          }
                        },
                        {
                          "type": "Textbox",
                          "parameters": {
                            "label": "Pull all IoC's Or Tailoried IoC's",
                            "placeholder": "All IoC's or Tailoried IoC's",
                            "type": "text",
                            "name": "apiAll",
                            "defaultValue": "false",
                            "description": "Set to true to pull all IoC's, set to false to pull tailoried IoC's"
                          }
                        },
                        {
                          "type": "Textbox",
                          "parameters": {
                            "label": "API Delta",
                            "placeholder": "API Delta",
                            "type": "text",
                            "name": "apiDelta",
                            "defaultValue": "false",
                            "description": ""
                          }
                        },
                        {
                          "type": "Textbox",
                          "parameters": {
                            "label": "Recommended Actions",
                            "placeholder": "Recommended Action can be any one of:All/Monitor/Block",
                            "type": "text",
                            "name": "recommendedActions",
                            "defaultValue": "All",
                            "description": ""
                          }
                        },
                        {
                          "type": "Textbox",
                          "parameters": {
                            "label": "Threat Actor Associated",
                            "placeholder": "Is any Threat Actor Associated with the IoC's",
                            "type": "text",
                            "name": "is-threat-actor-exists",
                            "defaultValue": "false",
                            "description": ""
                          }
                        },
                        {
                          "type": "ConnectionToggleButton",
                          "parameters": {
                            "connectLabel": "Connect",
                            "name": "toggle"
                          }
                        }
                      ]
                    }
                  ]
                }
              }
            },
            {
              "name": "[concat(parameters('workspace'),'/Microsoft.SecurityInsights/',concat('DataConnector-', variables('_dataConnectorContentIdConnectorDefinition1')))]",
              "apiVersion": "2022-01-01-preview",
              "type": "Microsoft.OperationalInsights/workspaces/providers/metadata",
              "properties": {
                "parentId": "[extensionResourceId(resourceId('Microsoft.OperationalInsights/workspaces', parameters('workspace')), 'Microsoft.SecurityInsights/dataConnectorDefinitions', variables('_dataConnectorContentIdConnectorDefinition1'))]",
                "contentId": "[variables('_dataConnectorContentIdConnectorDefinition1')]",
                "kind": "DataConnector",
                "version": "[variables('dataConnectorCCPVersion')]",
                "source": {
                  "sourceId": "[variables('_solutionId')]",
                  "name": "[variables('_solutionName')]",
                  "kind": "Solution"
                },
                "author": {
                  "name": "Microsoft"
                },
                "support": {
                  "name": "Cyfirma",
                  "email": "support@cyfirma.com",
                  "tier": "Partner",
                  "link": "https://www.cyfirma.com/contact-us/"
                },
                "dependencies": {
                  "criteria": [
                    {
                      "version": "[variables('dataConnectorCCPVersion')]",
                      "contentId": "[variables('_dataConnectorContentIdConnections1')]",
                      "kind": "ResourcesDataConnector"
                    }
                  ]
                }
              }
            },
            {
              "name": "CyfirmaCyberIntelDCR",
              "apiVersion": "2022-06-01",
              "type": "Microsoft.Insights/dataCollectionRules",
              "location": "[parameters('workspace-location')]",
              "kind": "[variables('blanks')]",
              "properties": {
                "dataCollectionEndpointId": "[variables('dataCollectionEndpointId1')]",
                "streamDeclarations": {
                  "Custom-CyfirmaIndicators_CL": {
                    "columns": [
                      {
                        "name": "type",
                        "type": "string"
                      },
                      {
                        "name": "name",
                        "type": "string"
                      },
                      {
                        "name": "id",
                        "type": "string"
                      },
                      {
                        "name": "created",
                        "type": "datetime"
                      },
                      {
                        "name": "modified",
                        "type": "datetime"
                      },
                      {
                        "name": "indicator_types",
                        "type": "dynamic"
                      },
                      {
                        "name": "pattern",
                        "type": "string"
                      },
                      {
                        "name": "pattern_type",
                        "type": "string"
                      },
                      {
                        "name": "valid_from",
                        "type": "datetime"
                      },
                      {
                        "name": "confidence",
                        "type": "int"
                      },
                      {
                        "name": "spec_version",
                        "type": "string"
                      },
                      {
                        "name": "labels",
                        "type": "dynamic"
                      },
                      {
                        "name": "extensions",
                        "type": "dynamic"
                      },
                      {
                        "name": "description",
                        "type": "string"
                      }
                    ]
                  },
                  "Custom-CyfirmaThreatActors_CL": {
                    "columns": [
                      {
                        "name": "type",
                        "type": "string"
                      },
                      {
                        "name": "name",
                        "type": "string"
                      },
                      {
                        "name": "id",
                        "type": "string"
                      },
                      {
                        "name": "spec_version",
                        "type": "string"
                      },
                      {
                        "name": "created",
                        "type": "datetime"
                      },
                      {
                        "name": "modified",
                        "type": "datetime"
                      },
                      {
                        "name": "description",
                        "type": "string"
                      },
                      {
                        "name": "threat_actor_types",
                        "type": "dynamic"
                      },
                      {
                        "name": "primary_motivation",
                        "type": "string"
                      },
                      {
                        "name": "aliases",
                        "type": "dynamic"
                      },
                      {
                        "name": "extensions",
                        "type": "dynamic"
                      }
                    ]
                  },
                  "Custom-CyfirmaCampaigns_CL": {
                    "columns": [
                      {
                        "name": "type",
                        "type": "string"
                      },
                      {
                        "name": "name",
                        "type": "string"
                      },
                      {
                        "name": "id",
                        "type": "string"
                      },
                      {
                        "name": "description",
                        "type": "string"
                      },
                      {
                        "name": "created",
                        "type": "datetime"
                      },
                      {
                        "name": "modified",
                        "type": "datetime"
                      },
                      {
                        "name": "spec_version",
                        "type": "string"
                      },
                      {
                        "name": "aliases",
                        "type": "string"
                      },
                      {
                        "name": "first_seen",
                        "type": "datetime"
                      },
                      {
                        "name": "last_seen",
                        "type": "datetime"
                      },
                      {
                        "name": "extensions",
                        "type": "dynamic"
                      }
                    ]
                  },
                  "Custom-CyfirmaMalware_CL": {
                    "columns": [
                      {
                        "name": "type",
                        "type": "string"
                      },
                      {
                        "name": "name",
                        "type": "string"
                      },
                      {
                        "name": "id",
                        "type": "string"
                      },
                      {
                        "name": "spec_version",
                        "type": "string"
                      },
                      {
                        "name": "created",
                        "type": "datetime"
                      },
                      {
                        "name": "modified",
                        "type": "datetime"
                      },
                      {
                        "name": "description",
                        "type": "string"
                      },
                      {
                        "name": "aliases",
                        "type": "dynamic"
                      },
                      {
                        "name": "is_family",
                        "type": "boolean"
                      },
                      {
                        "name": "malware_types",
                        "type": "dynamic"
                      },
                      {
                        "name": "first_seen",
                        "type": "datetime"
                      },
                      {
                        "name": "last_seen",
                        "type": "datetime"
                      },
                      {
                        "name": "extensions",
                        "type": "dynamic"
                      }
                    ]
                  }
                },
                "destinations": {
                  "logAnalytics": [
                    {
                      "workspaceResourceId": "[variables('workspaceResourceId')]",
                      "name": "clv2ws1"
                    }
                  ]
                },
                "dataFlows": [
                  {
                    "streams": [
                      "Custom-CyfirmaIndicators_CL"
                    ],
                    "destinations": [
                      "clv2ws1"
                    ],
                    "transformKql": "source \n| extend\n    TimeGenerated=created,\n    ThreatType=indicator_types[0],\n    Tags=labels,\n    ConfidenceScore = confidence,\n    Description=description,\n    IndicatorID = id\n| extend ParsedJson = parse_json(extensions)\n| extend ExtensionID = extract(@\"(extension-definition--[0-9a-f]{8}-[0-9a-f]{4}-[0-9a-f]{4}-[0-9a-f]{4}-[0-9a-f]{12})\", 1, tostring(extensions))\n| extend ext = ParsedJson[ExtensionID]\n| extend props = ext.properties\n| extend \n    ThreatActors = props.threat_actors,\n    Country = props.country,\n    RecommendedActions = tostring(props.recommended_actions),\n    SecurityVendors=  tostring(props.security_vendors),\n    Sources = tostring(props.sources),\n    Roles = tostring(props.roles),\n    IPAbuse= tostring(props.ip_abuse_categories)\n| project-away\n    ['type'],\n    ParsedJson,\n    ExtensionID,\n    ext,\n    props,\n    confidence,\n    labels,\n    indicator_types,\n    id,\n    description,\n    pattern_type,\n    spec_version\n",
                    "outputStream": "Custom-CyfirmaIndicators_CL"
                  },
                  {
                    "streams": [
                      "Custom-CyfirmaThreatActors_CL"
                    ],
                    "destinations": [
                      "clv2ws1"
                    ],
                    "transformKql": "source\n| extend\n    TimeGenerated=created,\n    Aliases=aliases,\n    ThreatType=threat_actor_types[0],\n    PrimaryMotivation=primary_motivation,\n    Description=description\n| extend ParsedJson = parse_json(extensions)\n| extend ExtensionID = extract(@\"(extension-definition--[0-9a-f]{8}-[0-9a-f]{4}-[0-9a-f]{4}-[0-9a-f]{4}-[0-9a-f]{12})\", 1, tostring(extensions))\n| extend ext = ParsedJson[ExtensionID]\n| extend props = ext.properties\n| extend \n    Country = props[\"origin-of-country\"],\n    TargetCountries = props[\"target-countries\"],\n    TargetIndustries = props[\"target-industries\"],\n    TargetTechnologies = props[\"target-technologies\"]\n| project-away type, ParsedJson, ExtensionID, ext, props, threat_actor_types, spec_version, primary_motivation,aliases,description\n",
                    "outputStream": "Custom-CyfirmaThreatActors_CL"
                  },
                  {
                    "streams": [
                      "Custom-CyfirmaCampaigns_CL"
                    ],
                    "destinations": [
                      "clv2ws1"
                    ],
                    "transformKql": "source\n| extend\n    TimeGenerated = last_seen,\n    Name=name,\n    CampaignID=id,\n    Description=description,\n    Aliases=aliases,\n    Modified=modified,\n    FirstSeen=first_seen,\n    LastSeen=last_seen,\n    Created=created\n| extend ParsedJson = parse_json(extensions)\n| extend ExtensionID = extract(@\"(extension-definition--[0-9a-f]{8}-[0-9a-f]{4}-[0-9a-f]{4}-[0-9a-f]{4}-[0-9a-f]{12})\", 1, tostring(extensions))\n| extend ext = ParsedJson[ExtensionID]\n| extend props = ext.properties\n| extend \n    Country = props[\"geographies\"],\n    Technologies = props[\"technologies\"],\n    Industries = props[\"industries\"]\n| project-away\n    ParsedJson,\n    created,\n    name,\n    id,\n    description,\n    aliases,\n    ExtensionID,\n    ext,\n    props,\n    spec_version,\n    ['type'],\n    first_seen,\n    modified,\n    last_seen\n",
                    "outputStream": "Custom-CyfirmaCampaigns_CL"
                  },
                  {
                    "streams": [
                      "Custom-CyfirmaMalware_CL"
                    ],
                    "destinations": [
                      "clv2ws1"
                    ],
                    "transformKql": "source\n| extend\n    TimeGenerated=last_seen,\n    Name=name,\n    MalwareID=id,\n    Description=description,\n    Aliases=aliases,\n    Modified=modified,\n    FirstSeen=first_seen,\n    LastSeen=last_seen,\n    Created=created,\n    ThreatType=malware_types[0],\n    IsFamily=is_family\n| extend ParsedJson = parse_json(extensions)\n| extend ExtensionID = extract(@\"(extension-definition--[0-9a-f]{8}-[0-9a-f]{4}-[0-9a-f]{4}-[0-9a-f]{4}-[0-9a-f]{12})\", 1, tostring(extensions))\n| extend ext = ParsedJson[ExtensionID]\n| extend props = ext.properties\n| extend \n    Countries = props[\"geographies\"],\n    Technologies = props[\"technologies\"]\n| project-away\n    ParsedJson,\n    created,\n    name,\n    id,\n    description,\n    aliases,\n    ExtensionID,\n    ext,\n    props,\n    spec_version,\n    ['type'],\n    first_seen,\n    modified,\n    last_seen,\n    malware_types,\n    is_family\n",
                    "outputStream": "Custom-CyfirmaMalware_CL"
                  }
                ]
              }
            },
            {
              "name": "CyfirmaIndicators_CL",
              "apiVersion": "2022-10-01",
              "type": "Microsoft.OperationalInsights/workspaces/tables",
              "location": "[parameters('workspace-location')]",
              "kind": null,
              "properties": {
                "schema": {
                  "name": "CyfirmaIndicators_CL",
                  "columns": [
                    {
                      "name": "created",
                      "type": "datetime",
                      "isDefaultDisplay": false,
                      "isHidden": false
                    },
                    {
                      "name": "extensions",
                      "type": "dynamic",
                      "isDefaultDisplay": false,
                      "isHidden": false
                    },
                    {
                      "name": "modified",
                      "type": "datetime",
                      "isDefaultDisplay": false,
                      "isHidden": false
                    },
                    {
                      "name": "name",
                      "type": "string",
                      "isDefaultDisplay": false,
                      "isHidden": false
                    },
                    {
                      "name": "pattern",
                      "type": "string",
                      "isDefaultDisplay": false,
                      "isHidden": false
                    },
                    {
                      "name": "valid_from",
                      "type": "datetime",
                      "isDefaultDisplay": false,
                      "isHidden": false
                    },
                    {
                      "name": "TimeGenerated",
                      "type": "datetime",
                      "isDefaultDisplay": false,
                      "isHidden": false
                    },
                    {
                      "name": "ThreatType",
                      "type": "dynamic",
                      "isDefaultDisplay": false,
                      "isHidden": false
                    },
                    {
                      "name": "Tags",
                      "type": "dynamic",
                      "isDefaultDisplay": false,
                      "isHidden": false
                    },
                    {
                      "name": "ConfidenceScore",
                      "type": "int",
                      "isDefaultDisplay": false,
                      "isHidden": false
                    },
                    {
                      "name": "Description",
                      "type": "string",
                      "isDefaultDisplay": false,
                      "isHidden": false
                    },
                    {
                      "name": "IndicatorID",
                      "type": "string",
                      "isDefaultDisplay": false,
                      "isHidden": false
                    },
                    {
                      "name": "ThreatActors",
                      "type": "dynamic",
                      "isDefaultDisplay": false,
                      "isHidden": false
                    },
                    {
                      "name": "Country",
                      "type": "dynamic",
                      "isDefaultDisplay": false,
                      "isHidden": false
                    },
                    {
                      "name": "RecommendedActions",
                      "type": "string",
                      "isDefaultDisplay": false,
                      "isHidden": false
                    },
                    {
                      "name": "SecurityVendors",
                      "type": "string",
                      "isDefaultDisplay": false,
                      "isHidden": false
                    },
                    {
                      "name": "Sources",
                      "type": "string",
                      "isDefaultDisplay": false,
                      "isHidden": false
                    },
                    {
                      "name": "Roles",
                      "type": "string",
                      "isDefaultDisplay": false,
                      "isHidden": false
                    },
                    {
                      "name": "IPAbuse",
                      "type": "string",
                      "isDefaultDisplay": false,
                      "isHidden": false
                    }
                  ]
                }
              }
            },
            {
              "name": "CyfirmaCampaigns_CL",
              "apiVersion": "2022-10-01",
              "type": "Microsoft.OperationalInsights/workspaces/tables",
              "location": "[parameters('workspace-location')]",
              "kind": null,
              "properties": {
                "schema": {
                  "name": "CyfirmaCampaigns_CL",
                  "columns": [
                    {
                      "name": "extensions",
                      "type": "dynamic",
                      "isDefaultDisplay": false,
                      "isHidden": false
                    },
                    {
                      "name": "TimeGenerated",
                      "type": "datetime",
                      "isDefaultDisplay": false,
                      "isHidden": false
                    },
                    {
                      "name": "Name",
                      "type": "string",
                      "isDefaultDisplay": false,
                      "isHidden": false
                    },
                    {
                      "name": "CampaignID",
                      "type": "string",
                      "isDefaultDisplay": false,
                      "isHidden": false
                    },
                    {
                      "name": "Description",
                      "type": "string",
                      "isDefaultDisplay": false,
                      "isHidden": false
                    },
                    {
                      "name": "Aliases",
                      "type": "string",
                      "isDefaultDisplay": false,
                      "isHidden": false
                    },
                    {
                      "name": "Modified",
                      "type": "datetime",
                      "isDefaultDisplay": false,
                      "isHidden": false
                    },
                    {
                      "name": "FirstSeen",
                      "type": "datetime",
                      "isDefaultDisplay": false,
                      "isHidden": false
                    },
                    {
                      "name": "LastSeen",
                      "type": "datetime",
                      "isDefaultDisplay": false,
                      "isHidden": false
                    },
                    {
                      "name": "Created",
                      "type": "datetime",
                      "isDefaultDisplay": false,
                      "isHidden": false
                    },
                    {
                      "name": "Country",
                      "type": "dynamic",
                      "isDefaultDisplay": false,
                      "isHidden": false
                    },
                    {
                      "name": "Technologies",
                      "type": "dynamic",
                      "isDefaultDisplay": false,
                      "isHidden": false
                    },
                    {
                      "name": "Industries",
                      "type": "dynamic",
                      "isDefaultDisplay": false,
                      "isHidden": false
                    }
                  ]
                }
              }
            },
            {
              "name": "CyfirmaThreatActors_CL",
              "apiVersion": "2022-10-01",
              "type": "Microsoft.OperationalInsights/workspaces/tables",
              "location": "[parameters('workspace-location')]",
              "kind": null,
              "properties": {
                "schema": {
                  "name": "CyfirmaThreatActors_CL",
                  "columns": [
                    {
                      "name": "created",
                      "type": "datetime",
                      "isDefaultDisplay": false,
                      "isHidden": false
                    },
                    {
                      "name": "extensions",
                      "type": "dynamic",
                      "isDefaultDisplay": false,
                      "isHidden": false
                    },
                    {
                      "name": "id",
                      "type": "string",
                      "isDefaultDisplay": false,
                      "isHidden": false
                    },
                    {
                      "name": "modified",
                      "type": "datetime",
                      "isDefaultDisplay": false,
                      "isHidden": false
                    },
                    {
                      "name": "name",
                      "type": "string",
                      "isDefaultDisplay": false,
                      "isHidden": false
                    },
                    {
                      "name": "TimeGenerated",
                      "type": "datetime",
                      "isDefaultDisplay": false,
                      "isHidden": false
                    },
                    {
                      "name": "Aliases",
                      "type": "dynamic",
                      "isDefaultDisplay": false,
                      "isHidden": false
                    },
                    {
                      "name": "ThreatType",
                      "type": "dynamic",
                      "isDefaultDisplay": false,
                      "isHidden": false
                    },
                    {
                      "name": "PrimaryMotivation",
                      "type": "string",
                      "isDefaultDisplay": false,
                      "isHidden": false
                    },
                    {
                      "name": "Description",
                      "type": "string",
                      "isDefaultDisplay": false,
                      "isHidden": false
                    },
                    {
                      "name": "Country",
                      "type": "dynamic",
                      "isDefaultDisplay": false,
                      "isHidden": false
                    },
                    {
                      "name": "TargetCountries",
                      "type": "dynamic",
                      "isDefaultDisplay": false,
                      "isHidden": false
                    },
                    {
                      "name": "TargetIndustries",
                      "type": "dynamic",
                      "isDefaultDisplay": false,
                      "isHidden": false
                    },
                    {
                      "name": "TargetTechnologies",
                      "type": "dynamic",
                      "isDefaultDisplay": false,
                      "isHidden": false
                    }
                  ]
                }
              }
            },
            {
              "name": "CyfirmaMalware_CL",
              "apiVersion": "2022-10-01",
              "type": "Microsoft.OperationalInsights/workspaces/tables",
              "location": "[parameters('workspace-location')]",
              "kind": null,
              "properties": {
                "schema": {
                  "name": "CyfirmaMalware_CL",
                  "columns": [
                    {
                      "name": "extensions",
                      "type": "dynamic",
                      "isDefaultDisplay": false,
                      "isHidden": false
                    },
                    {
                      "name": "TimeGenerated",
                      "type": "datetime",
                      "isDefaultDisplay": false,
                      "isHidden": false
                    },
                    {
                      "name": "Name",
                      "type": "string",
                      "isDefaultDisplay": false,
                      "isHidden": false
                    },
                    {
                      "name": "MalwareID",
                      "type": "string",
                      "isDefaultDisplay": false,
                      "isHidden": false
                    },
                    {
                      "name": "Description",
                      "type": "string",
                      "isDefaultDisplay": false,
                      "isHidden": false
                    },
                    {
                      "name": "Aliases",
                      "type": "dynamic",
                      "isDefaultDisplay": false,
                      "isHidden": false
                    },
                    {
                      "name": "Modified",
                      "type": "datetime",
                      "isDefaultDisplay": false,
                      "isHidden": false
                    },
                    {
                      "name": "FirstSeen",
                      "type": "datetime",
                      "isDefaultDisplay": false,
                      "isHidden": false
                    },
                    {
                      "name": "LastSeen",
                      "type": "datetime",
                      "isDefaultDisplay": false,
                      "isHidden": false
                    },
                    {
                      "name": "Created",
                      "type": "datetime",
                      "isDefaultDisplay": false,
                      "isHidden": false
                    },
                    {
                      "name": "ThreatType",
                      "type": "dynamic",
                      "isDefaultDisplay": false,
                      "isHidden": false
                    },
                    {
                      "name": "IsFamily",
                      "type": "boolean",
                      "isDefaultDisplay": false,
                      "isHidden": false
                    },
                    {
                      "name": "Countries",
                      "type": "dynamic",
                      "isDefaultDisplay": false,
                      "isHidden": false
                    },
                    {
                      "name": "Technologies",
                      "type": "dynamic",
                      "isDefaultDisplay": false,
                      "isHidden": false
                    }
                  ]
                }
              }
            }
          ]
        },
        "packageKind": "Solution",
        "packageVersion": "[variables('_solutionVersion')]",
        "packageName": "[variables('_solutionName')]",
        "contentProductId": "[concat(take(variables('_solutionId'), 50),'-','dc','-', uniqueString(concat(variables('_solutionId'),'-','DataConnector','-',variables('_dataConnectorContentIdConnectorDefinition1'),'-', variables('dataConnectorCCPVersion'))))]",
        "packageId": "[variables('_solutionId')]",
        "contentSchemaVersion": "3.0.0",
        "version": "[variables('dataConnectorCCPVersion')]"
      }
    },
    {
      "name": "[concat(parameters('workspace'),'/Microsoft.SecurityInsights/',variables('_dataConnectorContentIdConnectorDefinition1'))]",
      "apiVersion": "2022-09-01-preview",
      "type": "Microsoft.OperationalInsights/workspaces/providers/dataConnectorDefinitions",
      "location": "[parameters('workspace-location')]",
      "kind": "Customizable",
      "properties": {
        "connectorUiConfig": {
          "id": "CyfirmaCyberIntelligenceDC",
          "title": "Cyfirma Cyber Intelligence",
          "publisher": "Microsoft",
          "isConnectivityCriteriasMatchSome": false,
          "descriptionMarkdown": "The Cyfirma Cyber Intelligence data connector enables seamless log ingestion from the DeCYFIR API into Microsoft Sentinel. Built on the Microsoft Sentinel Codeless Connector Platform, it leverages the DeCYFIR Alerts API to retrieve logs. Additionally, it supports DCR-based [ingestion time transformations](https://docs.microsoft.com/azure/azure-monitor/logs/custom-logs-overview), which parse security data into a custom table during ingestion. This eliminates the need for query-time parsing, enhancing performance and efficiency.",
          "graphQueries": [
            {
              "metricName": "Total Cyfirma Indicators logs received",
              "legend": "Cyfirma Indicators Logs",
              "baseQuery": "CyfirmaIndicators_CL"
            },
            {
              "metricName": "Total Cyfirma Threat Actors logs received",
              "legend": "Cyfirma Threat Actors Logs",
              "baseQuery": "CyfirmaThreatActors_CL"
            },
            {
              "metricName": "Total Cyfirma Campaigns logs received",
              "legend": "Cyfirma Campaigns Logs",
              "baseQuery": "CyfirmaCampaigns_CL"
            },
            {
              "metricName": "Total Cyfirma Malware logs received",
              "legend": "Cyfirma Malware Logs",
              "baseQuery": "CyfirmaMalware_CL"
            }
          ],
          "sampleQueries": [
            {
              "description": "Get Sample of Indicators logs",
              "query": "CyfirmaIndicators_CL | take 10"
            },
            {
              "description": "Get Sample of Threat Actors logs",
              "query": "CyfirmaThreatActors_CL | take 10"
            },
            {
              "description": "Get Sample of Campaigns logs",
              "query": "CyfirmaCampaigns_CL | take 10"
            },
            {
              "description": "Get Sample of Malware logs",
              "query": "CyfirmaMalware_CL | take 10"
            }
          ],
          "dataTypes": [
            {
              "name": "CyfirmaIndicators_CL",
              "lastDataReceivedQuery": "CyfirmaIndicators_CL\n | where TimeGenerated > ago(5m) | summarize Time = max(TimeGenerated)\n  | where isnotempty(Time)"
            },
            {
              "name": "CyfirmaThreatActors_CL",
              "lastDataReceivedQuery": "CyfirmaThreatActors_CL\n | where TimeGenerated > ago(5m) | summarize Time = max(TimeGenerated)\n  | where isnotempty(Time)"
            },
            {
              "name": "CyfirmaCampaigns_CL",
              "lastDataReceivedQuery": "CyfirmaCampaigns_CL\n | where TimeGenerated > ago(5m) | summarize Time = max(TimeGenerated)\n  | where isnotempty(Time)"
            },
            {
              "name": "CyfirmaMalware_CL",
              "lastDataReceivedQuery": "CyfirmaMalware_CL\n | where TimeGenerated > ago(5m) | summarize Time = max(TimeGenerated)\n  | where isnotempty(Time)"
            }
          ],
          "connectivityCriteria": [
            {
              "type": "HasDataConnectors"
            }
          ],
          "availability": {
            "status": 1,
            "isPreview": false
          },
          "permissions": {
            "resourceProvider": [
              {
                "provider": "Microsoft.OperationalInsights/workspaces",
                "permissionsDisplayText": "Read and Write permissions are required.",
                "providerDisplayName": "Workspace",
                "scope": "Workspace",
                "requiredPermissions": {
                  "read": true,
                  "write": true,
                  "delete": true,
                  "action": false
                }
              },
              {
                "provider": "Microsoft.SecurityInsights/threatintelligence/write",
                "permissionsDisplayText": "write permissions are required.",
                "providerDisplayName": "Workspace",
                "scope": "Workspace",
                "requiredPermissions": {
                  "write": true,
                  "read": true,
                  "delete": true
                }
              }
            ]
          },
          "instructionSteps": [
            {
              "title": "Cyfirma Cyber Intelligence",
              "description": "This connector provides the Indicators, Threat actors, Malware and Campaigns logs from Cyfirma Cyber Intelligence. The connector uses the DeCYFIR API to retrieve logs and supports DCR-based ingestion time transformations, parsing security data into a custom table during ingestion. This eliminates the need for query-time parsing, enhancing performance and efficiency.",
              "descriptionMarkdown": "This connector provides the Indicators, Threat actors, Malware and Campaigns logs from Cyfirma Cyber Intelligence. The connector uses the DeCYFIR API to retrieve logs and supports DCR-based ingestion time transformations, parsing security data into a custom table during ingestion. This eliminates the need for query-time parsing, enhancing performance and efficiency.",
              "estimatedTime": "5 minutes",
              "icon": "https://www.microsoft.com/favicon.ico",
              "instructions": [
                {
                  "type": "Textbox",
                  "parameters": {
                    "label": "Cyfirma API Key",
                    "placeholder": "Cyfirma API Key",
                    "type": "password",
                    "name": "cyfirmaAPIKey"
                  }
                },
                {
                  "type": "Textbox",
                  "parameters": {
                    "label": "Pull all IoC's Or Tailoried IoC's",
                    "placeholder": "All IoC's or Tailoried IoC's",
                    "type": "text",
                    "name": "apiAll",
                    "defaultValue": "false",
                    "description": "Set to true to pull all IoC's, set to false to pull tailoried IoC's"
                  }
                },
                {
                  "type": "Textbox",
                  "parameters": {
                    "label": "API Delta",
                    "placeholder": "API Delta",
                    "type": "text",
                    "name": "apiDelta",
                    "defaultValue": "false",
                    "description": ""
                  }
                },
                {
                  "type": "Textbox",
                  "parameters": {
                    "label": "Recommended Actions",
                    "placeholder": "Recommended Action can be any one of:All/Monitor/Block",
                    "type": "text",
                    "name": "recommendedActions",
                    "defaultValue": "All",
                    "description": ""
                  }
                },
                {
                  "type": "Textbox",
                  "parameters": {
                    "label": "Threat Actor Associated",
                    "placeholder": "Is any Threat Actor Associated with the IoC's",
                    "type": "text",
                    "name": "is-threat-actor-exists",
                    "defaultValue": "false",
                    "description": ""
                  }
                },
                {
                  "type": "ConnectionToggleButton",
                  "parameters": {
                    "connectLabel": "Connect",
                    "name": "toggle"
                  }
                }
              ]
            }
          ]
        }
      }
    },
    {
      "name": "[concat(parameters('workspace'),'/Microsoft.SecurityInsights/',concat('DataConnector-', variables('_dataConnectorContentIdConnectorDefinition1')))]",
      "apiVersion": "2022-01-01-preview",
      "type": "Microsoft.OperationalInsights/workspaces/providers/metadata",
      "properties": {
        "parentId": "[extensionResourceId(resourceId('Microsoft.OperationalInsights/workspaces', parameters('workspace')), 'Microsoft.SecurityInsights/dataConnectorDefinitions', variables('_dataConnectorContentIdConnectorDefinition1'))]",
        "contentId": "[variables('_dataConnectorContentIdConnectorDefinition1')]",
        "kind": "DataConnector",
        "version": "[variables('dataConnectorCCPVersion')]",
        "source": {
          "sourceId": "[variables('_solutionId')]",
          "name": "[variables('_solutionName')]",
          "kind": "Solution"
        },
        "author": {
          "name": "Microsoft"
        },
        "support": {
          "name": "Cyfirma",
          "email": "support@cyfirma.com",
          "tier": "Partner",
          "link": "https://www.cyfirma.com/contact-us/"
        },
        "dependencies": {
          "criteria": [
            {
              "version": "[variables('dataConnectorCCPVersion')]",
              "contentId": "[variables('_dataConnectorContentIdConnections1')]",
              "kind": "ResourcesDataConnector"
            }
          ]
        }
      }
    },
    {
      "type": "Microsoft.OperationalInsights/workspaces/providers/contentTemplates",
      "apiVersion": "2023-04-01-preview",
      "name": "[concat(parameters('workspace'),'/Microsoft.SecurityInsights/', variables('dataConnectorTemplateNameConnections1'), variables('dataConnectorCCPVersion'))]",
      "location": "[parameters('workspace-location')]",
      "dependsOn": [
        "[extensionResourceId(resourceId('Microsoft.OperationalInsights/workspaces', parameters('workspace')), 'Microsoft.SecurityInsights/contentPackages', variables('_solutionId'))]"
      ],
      "properties": {
        "contentId": "[variables('_dataConnectorContentIdConnections1')]",
        "displayName": "Cyfirma Cyber Intelligence",
        "contentKind": "ResourcesDataConnector",
        "mainTemplate": {
          "$schema": "https://schema.management.azure.com/schemas/2019-04-01/deploymentTemplate.json#",
          "contentVersion": "[variables('dataConnectorCCPVersion')]",
          "parameters": {
            "guidValue": {
              "defaultValue": "[[newGuid()]",
              "type": "securestring"
            },
            "innerWorkspace": {
              "defaultValue": "[parameters('workspace')]",
              "type": "securestring"
            },
            "connectorDefinitionName": {
              "defaultValue": "Cyfirma Cyber Intelligence",
              "type": "securestring",
              "minLength": 1
            },
            "workspace": {
              "defaultValue": "[parameters('workspace')]",
              "type": "securestring"
            },
            "dcrConfig": {
              "defaultValue": {
                "dataCollectionEndpoint": "data collection Endpoint",
                "dataCollectionRuleImmutableId": "data collection rule immutableId"
              },
              "type": "object"
            },
            "cyfirmaAPIKey": {
              "defaultValue": "cyfirmaAPIKey",
              "type": "securestring",
              "minLength": 1
            },
            "apiAll": {
              "defaultValue": "apiAll",
              "type": "securestring",
              "minLength": 1
            },
            "apiDelta": {
              "defaultValue": "apiDelta",
              "type": "securestring",
              "minLength": 1
            },
            "recommendedActions": {
              "defaultValue": "recommendedActions",
              "type": "securestring",
              "minLength": 1
            },
            "is-threat-actor-exists": {
              "defaultValue": "is-threat-actor-exists",
              "type": "securestring",
              "minLength": 1
            }
          },
          "variables": {
            "_dataConnectorContentIdConnections1": "[variables('_dataConnectorContentIdConnections1')]"
          },
          "resources": [
            {
              "name": "[concat(parameters('workspace'),'/Microsoft.SecurityInsights/',concat('DataConnector-', variables('_dataConnectorContentIdConnections1')))]",
              "apiVersion": "2022-01-01-preview",
              "type": "Microsoft.OperationalInsights/workspaces/providers/metadata",
              "properties": {
                "parentId": "[extensionResourceId(resourceId('Microsoft.OperationalInsights/workspaces', parameters('workspace')), 'Microsoft.SecurityInsights/dataConnectors', variables('_dataConnectorContentIdConnections1'))]",
                "contentId": "[variables('_dataConnectorContentIdConnections1')]",
                "kind": "ResourcesDataConnector",
                "version": "[variables('dataConnectorCCPVersion')]",
                "source": {
                  "sourceId": "[variables('_solutionId')]",
                  "name": "[variables('_solutionName')]",
                  "kind": "Solution"
                },
                "author": {
                  "name": "Microsoft"
                },
                "support": {
                  "name": "Cyfirma",
                  "email": "support@cyfirma.com",
                  "tier": "Partner",
                  "link": "https://www.cyfirma.com/contact-us/"
                }
              }
            },
            {
              "name": "[[concat(parameters('innerWorkspace'),'/Microsoft.SecurityInsights/', 'CyfirmaIoCPoller', parameters('guidValue'))]",
              "apiVersion": "2023-02-01-preview",
              "type": "Microsoft.OperationalInsights/workspaces/providers/dataConnectors",
              "location": "[parameters('workspace-location')]",
              "kind": "RestApiPoller",
              "properties": {
                "displayName": "",
                "connectorDefinitionName": "CyfirmaCyberIntelligenceDC",
                "auth": {
                  "type": "APIKey",
                  "ApiKey": "[[parameters('cyfirmaAPIKey')]",
                  "ApiKeyName": "key"
                },
                "request": {
                  "apiEndpoint": "https://decyfir.cyfirma.com/core/api-ua/stix-v2.1/v2/ioc",
                  "httpMethod": "GET",
                  "headers": {
                    "Accept": "application/json"
                  },
                  "queryTimeFormat": "UnixTimestampInMills",
                  "queryWindowInMin": 5,
                  "logResponseContent": true,
                  "queryParameters": {
                    "product-name": "MS_AZURE_DC",
                    "delta": "[[parameters('apiDelta')]",
                    "all": "[[parameters('apiAll')]",
                    "key": "[[parameters('cyfirmaAPIKey')]",
                    "recommended-actions": "[[parameters('recommendedActions')]",
                    "is-threat-actor-exists": "[[parameters('isThreatActorExists')]"
                  }
                },
                "response": {
                  "EventsJsonPaths": [
                    "$"
                  ],
                  "format": "json",
                  "SuccessStatusValue": "success"
                },
                "dcrConfig": {
                  "streamName": "Custom-CyfirmaIndicators_CL",
                  "dataCollectionEndpoint": "[[parameters('dcrConfig').dataCollectionEndpoint]",
                  "dataCollectionRuleImmutableId": "[[parameters('dcrConfig').dataCollectionRuleImmutableId]"
                }
              }
            },
            {
              "name": "[[concat(parameters('innerWorkspace'),'/Microsoft.SecurityInsights/', 'CyfirmaThreatActorPoller', parameters('guidValue'))]",
              "apiVersion": "2023-02-01-preview",
              "type": "Microsoft.OperationalInsights/workspaces/providers/dataConnectors",
              "location": "[parameters('workspace-location')]",
              "kind": "RestApiPoller",
              "properties": {
                "displayName": "",
                "connectorDefinitionName": "CyfirmaCyberIntelDC",
                "auth": {
                  "type": "APIKey",
                  "ApiKey": "[[parameters('cyfirmaAPIKey')]",
                  "ApiKeyName": "key"
                },
                "request": {
                  "apiEndpoint": "https://decyfir.cyfirma.com/core/api-ua/threatactor/ctc/stix/v2.1",
                  "httpMethod": "GET",
                  "headers": {
                    "Accept": "application/json"
                  },
                  "queryTimeFormat": "UnixTimestampInMills",
                  "queryWindowInMin": 5,
                  "logResponseContent": true,
                  "queryParameters": {
                    "product-name": "MS_AZURE_DC",
                    "key": "[[parameters('cyfirmaAPIKey')]"
                  }
                },
                "response": {
                  "EventsJsonPaths": [
                    "$"
                  ],
                  "format": "json",
                  "SuccessStatusValue": "success"
                },
                "dcrConfig": {
                  "streamName": "Custom-CyfirmaThreatActors_CL",
                  "dataCollectionEndpoint": "[[parameters('dcrConfig').dataCollectionEndpoint]",
                  "dataCollectionRuleImmutableId": "[[parameters('dcrConfig').dataCollectionRuleImmutableId]"
                }
              }
            },
            {
              "name": "[[concat(parameters('innerWorkspace'),'/Microsoft.SecurityInsights/', 'CyfirmaCampaignsPoller', parameters('guidValue'))]",
              "apiVersion": "2023-02-01-preview",
              "type": "Microsoft.OperationalInsights/workspaces/providers/dataConnectors",
              "location": "[parameters('workspace-location')]",
              "kind": "RestApiPoller",
              "properties": {
                "displayName": "",
                "connectorDefinitionName": "CyfirmaCyberIntelDC",
                "auth": {
                  "type": "APIKey",
                  "ApiKey": "[[parameters('cyfirmaAPIKey')]",
                  "ApiKeyName": "key"
                },
                "request": {
                  "apiEndpoint": "https://decyfir.cyfirma.com/core/api-ua/campaigns/stix/v2.1",
                  "httpMethod": "GET",
                  "headers": {
                    "Accept": "application/json"
                  },
                  "queryTimeFormat": "UnixTimestampInMills",
                  "queryWindowInMin": 5,
                  "logResponseContent": true,
                  "queryParameters": {
                    "product-name": "MS_AZURE_DC",
                    "key": "[[parameters('cyfirmaAPIKey')]"
                  }
                },
                "response": {
                  "EventsJsonPaths": [
                    "$"
                  ],
                  "format": "json",
                  "SuccessStatusValue": "success"
                },
                "dcrConfig": {
                  "streamName": "Custom-CyfirmaCampaigns_CL",
                  "dataCollectionEndpoint": "[[parameters('dcrConfig').dataCollectionEndpoint]",
                  "dataCollectionRuleImmutableId": "[[parameters('dcrConfig').dataCollectionRuleImmutableId]"
                }
              }
            },
            {
              "name": "[[concat(parameters('innerWorkspace'),'/Microsoft.SecurityInsights/', 'CyfirmaMalwaresPoller', parameters('guidValue'))]",
              "apiVersion": "2023-02-01-preview",
              "type": "Microsoft.OperationalInsights/workspaces/providers/dataConnectors",
              "location": "[parameters('workspace-location')]",
              "kind": "RestApiPoller",
              "properties": {
                "displayName": "",
                "connectorDefinitionName": "CyfirmaCyberIntelDC",
                "auth": {
                  "type": "APIKey",
                  "ApiKey": "[[parameters('cyfirmaAPIKey')]",
                  "ApiKeyName": "key"
                },
                "request": {
                  "apiEndpoint": "https://decyfir.cyfirma.com/core/api-ua/malwares/ctc/stix/v2.1",
                  "httpMethod": "GET",
                  "headers": {
                    "Accept": "application/json"
                  },
                  "queryTimeFormat": "UnixTimestampInMills",
                  "queryWindowInMin": 5,
                  "logResponseContent": true,
                  "queryParameters": {
                    "product-name": "MS_AZURE_DC",
                    "key": "[[parameters('cyfirmaAPIKey')]"
                  }
                },
                "response": {
                  "EventsJsonPaths": [
                    "$"
                  ],
                  "format": "json",
                  "SuccessStatusValue": "success"
                },
                "dcrConfig": {
                  "streamName": "Custom-CyfirmaMalware_CL",
                  "dataCollectionEndpoint": "[[parameters('dcrConfig').dataCollectionEndpoint]",
                  "dataCollectionRuleImmutableId": "[[parameters('dcrConfig').dataCollectionRuleImmutableId]"
                }
              }
            }
          ]
        },
        "packageKind": "Solution",
        "packageVersion": "[variables('_solutionVersion')]",
        "packageName": "[variables('_solutionName')]",
        "contentProductId": "[concat(take(variables('_solutionId'), 50),'-','rdc','-', uniqueString(concat(variables('_solutionId'),'-','ResourcesDataConnector','-',variables('_dataConnectorContentIdConnections1'),'-', variables('dataConnectorCCPVersion'))))]",
        "packageId": "[variables('_solutionId')]",
        "contentSchemaVersion": "3.0.0",
        "version": "[variables('dataConnectorCCPVersion')]"
      }
    },
    {
      "type": "Microsoft.OperationalInsights/workspaces/providers/contentPackages",
      "apiVersion": "2023-04-01-preview",
      "location": "[parameters('workspace-location')]",
      "properties": {
        "version": "3.0.0",
        "kind": "Solution",
        "contentSchemaVersion": "3.0.0",
        "displayName": "Cyfirma Cyber Intelligence",
        "publisherDisplayName": "Cyfirma",
        "descriptionHtml": "<p><strong>Note:</strong> Please refer to the following before installing the solution:</p>\n<p>• Review the solution <a href=\"https://github.com/Azure/Azure-Sentinel/tree/master/Solutions/Cyfirma%20Cyber%20Intelligence/ReleaseNotes.md\">Release Notes</a></p>\n<p>• There may be <a href=\"https://aka.ms/sentinelsolutionsknownissues\">known issues</a> pertaining to this Solution, please refer to them before installing.</p>\n<p>The Cyfirma Cyber Intelligence solution integrates with Microsoft Sentinel to provide actionable intelligence on IOCs, threat actors, malicious campaigns, and malware. This integration enables security teams to detect, analyze, and respond to emerging threats by correlating external threat data with internal telemetry. By ingesting enriched threat intelligence into Sentinel, organizations gain visibility into malicious activity, track threat actor tactics, and automate defense mechanisms to mitigate risks proactively.</p>\n<p><strong>Data Connectors:</strong> 1</p>\n<p><a href=\"https://aka.ms/azuresentinel\">Learn more about Microsoft Sentinel</a> | <a href=\"https://aka.ms/azuresentinelsolutionsdoc\">Learn more about Solutions</a></p>\n",
        "contentKind": "Solution",
        "contentProductId": "[variables('_solutioncontentProductId')]",
        "id": "[variables('_solutioncontentProductId')]",
        "icon": "<img src=\"https://raw.githubusercontent.com/Azure/Azure-Sentinel/master/Logos/Cyfirma_logo.svg\" width=\"75px\" height=\"75px\">",
        "contentId": "[variables('_solutionId')]",
        "parentId": "[variables('_solutionId')]",
        "source": {
          "kind": "Solution",
          "name": "Cyfirma Cyber Intelligence",
          "sourceId": "[variables('_solutionId')]"
        },
        "author": {
          "name": "Microsoft"
        },
        "support": {
          "name": "Cyfirma",
          "email": "support@cyfirma.com",
          "tier": "Partner",
          "link": "https://www.cyfirma.com/contact-us/"
        },
        "dependencies": {
          "operator": "AND",
          "criteria": [
            {
              "kind": "DataConnector",
              "contentId": "[variables('_dataConnectorContentIdConnections1')]",
              "version": "[variables('dataConnectorCCPVersion')]"
            }
          ]
        },
        "firstPublishDate": "2025-05-15",
        "providers": [
          "Cyfirma"
        ],
        "categories": {
          "domains": [
            "Security - Threat Protection",
            "Application",
            "Security - Automation (SOAR)"
          ]
        }
      },
      "name": "[concat(parameters('workspace'),'/Microsoft.SecurityInsights/', variables('_solutionId'))]"
    }
  ],
  "outputs": {}
}
