{
  "$schema": "https://schema.management.azure.com/schemas/0.1.2-preview/CreateUIDefinition.MultiVm.json#",
  "handler": "Microsoft.Azure.CreateUIDef",
  "version": "0.1.2-preview",
  "parameters": {
    "config": {
      "isWizard": false,
      "basics": {
        "description": "<img src=\"https://raw.githubusercontent.com/Azure/Azure-Sentinel/master/Logos/Netskope.svg\" width=\"75px\" height=\"75px\">\n\n**Note:** Please refer to the following before installing the solution: \n\n• Review the solution [Release Notes](https://github.com/Azure/Azure-Sentinel/tree/master/Solutions/Netskopev2/ReleaseNotes.md)\n\n • There may be [known issues](https://aka.ms/sentinelsolutionsknownissues) pertaining to this Solution, please refer to them before installing.\n\nNetskope solution for Microsoft Sentinel enables you to ingest Netskope alerts and events into Microsoft Sentinel. The connector provides visibility into Netskope Platform Events and Alerts in Microsoft Sentinel to improve monitoring and investigation capabilities.\n\n**Data Connectors:** 3, **Parsers:** 30, **Workbooks:** 4, **Analytic Rules:** 1, **Playbooks:** 2\n\n[Learn more about Microsoft Sentinel](https://aka.ms/azuresentinel) | [Learn more about Solutions](https://aka.ms/azuresentinelsolutionsdoc)",
        "subscription": {
          "resourceProviders": [
            "Microsoft.OperationsManagement/solutions",
            "Microsoft.OperationalInsights/workspaces/providers/alertRules",
            "Microsoft.Insights/workbooks",
            "Microsoft.Logic/workflows"
          ]
        },
        "location": {
          "metadata": {
            "hidden": "Hiding location, we get it from the log analytics workspace"
          },
          "visible": false
        },
        "resourceGroup": {
          "allowExisting": true
        }
      }
    },
    "basics": [
      {
        "name": "getLAWorkspace",
        "type": "Microsoft.Solutions.ArmApiControl",
        "toolTip": "This filters by workspaces that exist in the Resource Group selected",
        "condition": "[greater(length(resourceGroup().name),0)]",
        "request": {
          "method": "GET",
          "path": "[concat(subscription().id,'/providers/Microsoft.OperationalInsights/workspaces?api-version=2020-08-01')]"
        }
      },
      {
        "name": "workspace",
        "type": "Microsoft.Common.DropDown",
        "label": "Workspace",
        "placeholder": "Select a workspace",
        "toolTip": "This dropdown will list only workspace that exists in the Resource Group selected",
        "constraints": {
          "allowedValues": "[map(filter(basics('getLAWorkspace').value, (filter) => contains(toLower(filter.id), toLower(resourceGroup().name))), (item) => parse(concat('{\"label\":\"', item.name, '\",\"value\":\"', item.name, '\"}')))]",
          "required": true
        },
        "visible": true
      }
    ],
    "steps": [
      {
        "name": "dataconnectors",
        "label": "Data Connectors",
        "bladeTitle": "Data Connectors",
        "elements": [
          {
            "name": "dataconnectors1-text",
            "type": "Microsoft.Common.TextBlock",
            "options": {
              "text": "This Solution installs the data connector for Netskopev2. You can get Netskopev2 custom log data in your Microsoft Sentinel workspace. After installing the solution, configure and enable this data connector by following guidance in Manage solution view."
            }
          },
          {
            "name": "dataconnectors2-text",
            "type": "Microsoft.Common.TextBlock",
            "options": {
              "text": "This Solution installs the data connector for Netskopev2. You can get Netskopev2 data in your Microsoft Sentinel workspace. After installing the solution, configure and enable this data connector by following guidance in Manage solution view."
            }
          },
          {
            "name": "dataconnectors-link3",
            "type": "Microsoft.Common.TextBlock",
            "options": {
              "link": {
                "label": "Learn more about connecting data sources",
                "uri": "https://docs.microsoft.com/azure/sentinel/connect-data-sources"
              }
            }
          }
        ]
      },
      {
        "name": "workbooks",
        "label": "Workbooks",
        "subLabel": {
          "preValidation": "Configure the workbooks",
          "postValidation": "Done"
        },
        "bladeTitle": "Workbooks",
        "elements": [
          {
            "name": "workbooks-text",
            "type": "Microsoft.Common.TextBlock",
            "options": {
              "text": "This solution installs workbook(s) to help you gain insights into the telemetry collected in Microsoft Sentinel. After installing the solution, start using the workbook in Manage solution view."
            }
          },
          {
            "name": "workbooks-link",
            "type": "Microsoft.Common.TextBlock",
            "options": {
              "link": {
                "label": "Learn more",
                "uri": "https://docs.microsoft.com/azure/sentinel/tutorial-monitor-your-data"
              }
            }
          },
          {
            "name": "workbook1",
            "type": "Microsoft.Common.Section",
            "label": "NetskopeDashboard",
            "elements": [
              {
                "name": "workbook1-text",
                "type": "Microsoft.Common.TextBlock",
                "options": {
                  "text": "A workbook providing insights into Netskope Alerts, Events and WebTransactions."
                }
              }
            ]
          },
          {
            "name": "workbook2",
            "type": "Microsoft.Common.Section",
            "label": "NetskopeCCPDashboard",
            "elements": [
              {
                "name": "workbook2-text",
                "type": "Microsoft.Common.TextBlock",
                "options": {
                  "text": "Gain insights and comprehensive monitoring into Netskope events data by analyzing traffic and user activities.\nThis workbook provides insights into various Netskope events types such as Cloud Firewall, Network Private Access, Applications, Security Alerts as well as Web Transactions.\nYou can use this workbook to get visibility in to your Netskope Security Cloud and quickly identify threats, anamolies, traffic patterns, cloud application useage, blocked URL addresses and more."
                }
              }
            ]
          },
          {
            "name": "workbook3",
            "type": "Microsoft.Common.Section",
            "label": "NetskopeCEDashboard",
            "elements": [
              {
                "name": "workbook3-text",
                "type": "Microsoft.Common.TextBlock",
                "options": {
                  "text": "Gain insights and comprehensive monitoring into Netskope events data by analyzing traffic and user activities.\nThis workbook provides insights into various Netskope events types such as Cloud Firewall, Network Private Access, Applications, Security Alerts as well as Web Transactions.\nYou can use this workbook to get visibility in to your Netskope Security Cloud and quickly identify threats, anamolies, traffic patterns, cloud application useage, blocked URL addresses and more."
                }
              }
            ]
          },
          {
            "name": "workbook4",
            "type": "Microsoft.Common.Section",
            "label": "Netskope CCF WebTx Dashboard",
            "elements": [
              {
                "name": "workbook4-text",
                "type": "Microsoft.Common.TextBlock",
                "options": {
                  "text": "Gain insights and comprehensive monitoring into Netskope events data by analyzing traffic and user activities.\nThis workbook provides insights into various Netskope events types such as Cloud Firewall, Network Private Access, Applications, Security Alerts as well as Web Transactions.\nYou can use this workbook to get visibility in to your Netskope Security Cloud and quickly identify threats, anamolies, traffic patterns, cloud application useage, blocked URL addresses and more."
                }
              }
            ]
          }
        ]
      },
      {
        "name": "analytics",
        "label": "Analytics",
        "subLabel": {
          "preValidation": "Configure the analytics",
          "postValidation": "Done"
        },
        "bladeTitle": "Analytics",
        "elements": [
          {
            "name": "analytics-text",
            "type": "Microsoft.Common.TextBlock",
            "options": {
              "text": "This solution installs the following analytic rule templates. After installing the solution, create and enable analytic rules in Manage solution view."
            }
          },
          {
            "name": "analytics-link",
            "type": "Microsoft.Common.TextBlock",
            "options": {
              "link": {
                "label": "Learn more",
                "uri": "https://docs.microsoft.com/azure/sentinel/tutorial-detect-threats-custom?WT.mc_id=Portal-Microsoft_Azure_CreateUIDef"
              }
            }
          },
          {
            "name": "analytic1",
            "type": "Microsoft.Common.Section",
            "label": "Netskope - WebTransaction Error Detection",
            "elements": [
              {
                "name": "analytic1-text",
                "type": "Microsoft.Common.TextBlock",
                "options": {
                  "text": "Rule helps to track error occurred in Netskope WebTransaction Data Connector."
                }
              }
            ]
          }
        ]
      },
      {
        "name": "playbooks",
        "label": "Playbooks",
        "subLabel": {
          "preValidation": "Configure the playbooks",
          "postValidation": "Done"
        },
        "bladeTitle": "Playbooks",
        "elements": [
          {
            "name": "playbooks-text",
            "type": "Microsoft.Common.TextBlock",
            "options": {
              "text": "This solution installs the Playbook templates to help implement your Security Orchestration, Automation and Response (SOAR) operations. After installing the solution, these will be deployed under Playbook Templates in the Automation blade in Microsoft Sentinel. They can be configured and managed from the Manage solution view in Content Hub."
            }
          },
          {
            "name": "playbooks-link",
            "type": "Microsoft.Common.TextBlock",
            "options": {
              "link": {
                "label": "Learn more",
                "uri": "https://docs.microsoft.com/azure/sentinel/tutorial-respond-threats-playbook?WT.mc_id=Portal-Microsoft_Azure_CreateUIDef"
              }
            }
          }
        ]
      }
    ],
    "outputs": {
      "workspace-location": "[first(map(filter(basics('getLAWorkspace').value, (filter) => and(contains(toLower(filter.id), toLower(resourceGroup().name)),equals(filter.name,basics('workspace')))), (item) => item.location))]",
      "location": "[location()]",
      "workspace": "[basics('workspace')]"
    }
  }
}
