{
  "$schema": "https://schema.management.azure.com/schemas/2019-04-01/deploymentTemplate.json#",
  "contentVersion": "1.0.0.0",
  "metadata": {
    "author": "Microsoft - support@microsoft.com",
    "comments": "Solution template for VMware Carbon Black Cloud"
  },
  "parameters": {
    "location": {
      "type": "string",
      "minLength": 1,
      "defaultValue": "[resourceGroup().location]",
      "metadata": {
        "description": "Not used, but needed to pass arm-ttk test `Location-Should-Not-Be-Hardcoded`.  We instead use the `workspace-location` which is derived from the LA workspace"
      }
    },
    "workspace-location": {
      "type": "string",
      "defaultValue": "",
      "metadata": {
        "description": "[concat('Region to deploy solution resources -- separate from location selection',parameters('location'))]"
      }
    },
    "workspace": {
      "defaultValue": "",
      "type": "string",
      "metadata": {
        "description": "Workspace name for Log Analytics where Microsoft Sentinel is setup"
      }
    },
    "workbook1-name": {
      "type": "string",
      "defaultValue": "VMware Carbon Black Cloud",
      "minLength": 1,
      "metadata": {
        "description": "Name for the workbook"
      }
    }
  },
  "variables": {
    "solutionId": "azuresentinel.azure-sentinel-solution-vmwarecarbonblack",
    "_solutionId": "[variables('solutionId')]",
    "email": "support@microsoft.com",
    "_email": "[variables('email')]",
    "workspaceResourceId": "[resourceId('microsoft.OperationalInsights/Workspaces', parameters('workspace'))]",
    "uiConfigId1": "VMwareCarbonBlack",
    "_uiConfigId1": "[variables('uiConfigId1')]",
    "dataConnectorContentId1": "VMwareCarbonBlack",
    "_dataConnectorContentId1": "[variables('dataConnectorContentId1')]",
    "dataConnectorId1": "[extensionResourceId(resourceId('Microsoft.OperationalInsights/workspaces', parameters('workspace')), 'Microsoft.SecurityInsights/dataConnectors', variables('_dataConnectorContentId1'))]",
    "_dataConnectorId1": "[variables('dataConnectorId1')]",
    "dataConnectorTemplateSpecName1": "[concat(parameters('workspace'),'-dc-',uniquestring(variables('_dataConnectorContentId1')))]",
    "dataConnectorVersion1": "1.0.0",
    "analyticRuleVersion1": "1.0.0",
    "analyticRulecontentId1": "2ca4e7fc-c61a-49e5-9736-5da8035c47e0",
    "_analyticRulecontentId1": "[variables('analyticRulecontentId1')]",
    "analyticRuleId1": "[resourceId('Microsoft.SecurityInsights/AlertRuleTemplates', variables('analyticRulecontentId1'))]",
    "analyticRuleTemplateSpecName1": "[concat(parameters('workspace'),'-ar-',uniquestring(variables('_analyticRulecontentId1')))]",
    "analyticRuleVersion2": "1.0.0",
    "analyticRulecontentId2": "9f86885f-f31f-4e66-a39d-352771ee789e",
    "_analyticRulecontentId2": "[variables('analyticRulecontentId2')]",
    "analyticRuleId2": "[resourceId('Microsoft.SecurityInsights/AlertRuleTemplates', variables('analyticRulecontentId2'))]",
    "analyticRuleTemplateSpecName2": "[concat(parameters('workspace'),'-ar-',uniquestring(variables('_analyticRulecontentId2')))]",
    "workbookVersion1": "1.0.0",
    "workbookContentId1": "VMwareCarbonBlack",
    "workbookId1": "[resourceId('Microsoft.Insights/workbooks', variables('workbookContentId1'))]",
    "workbookTemplateSpecName1": "[concat(parameters('workspace'),'-wb-',uniquestring(variables('_workbookContentId1')))]",
    "_workbookContentId1": "[variables('workbookContentId1')]"
  },
  "resources": [
    {
      "type": "Microsoft.Resources/templateSpecs",
      "apiVersion": "2021-05-01",
      "name": "[variables('dataConnectorTemplateSpecName1')]",
      "location": "[parameters('workspace-location')]",
      "tags": {
        "hidden-sentinelWorkspaceId": "[variables('workspaceResourceId')]",
        "hidden-sentinelContentType": "DataConnector"
      },
      "properties": {
        "description": "VMware Carbon Black Cloud data connector with template",
        "displayName": "VMware Carbon Black Cloud template"
      }
    },
    {
      "type": "Microsoft.Resources/templateSpecs/versions",
      "apiVersion": "2021-05-01",
      "name": "[concat(variables('dataConnectorTemplateSpecName1'),'/',variables('dataConnectorVersion1'))]",
      "location": "[parameters('workspace-location')]",
      "tags": {
        "hidden-sentinelWorkspaceId": "[variables('workspaceResourceId')]",
        "hidden-sentinelContentType": "DataConnector"
      },
      "dependsOn": [
        "[resourceId('Microsoft.Resources/templateSpecs', variables('dataConnectorTemplateSpecName1'))]"
      ],
      "properties": {
        "description": "VMware Carbon Black Cloud data connector with template version 2.0.0",
        "mainTemplate": {
          "$schema": "https://schema.management.azure.com/schemas/2019-04-01/deploymentTemplate.json#",
          "contentVersion": "[variables('dataConnectorVersion1')]",
          "parameters": {},
          "variables": {},
          "resources": [
            {
              "name": "[concat(parameters('workspace'),'/Microsoft.SecurityInsights/',variables('_dataConnectorContentId1'))]",
              "apiVersion": "2021-03-01-preview",
              "type": "Microsoft.OperationalInsights/workspaces/providers/dataConnectors",
              "location": "[parameters('workspace-location')]",
              "kind": "GenericUI",
              "properties": {
                "connectorUiConfig": {
                  "id": "[variables('_uiConfigId1')]",
                  "title": "VMware Carbon Black Cloud (using Azure Function)",
                  "publisher": "VMware",
                  "descriptionMarkdown": "The [VMware Carbon Black Cloud](https://www.vmware.com/products/carbon-black-cloud.html) connector provides the capability to ingest Carbon Black data into Azure Sentinel. The connector provides visibility into Audit, Notification and Event logs in Azure Sentinel to view dashboards, create custom alerts, and to improve monitoring and investigation capabilities.",
                  "graphQueries": [
                    {
                      "metricName": "Total data received",
                      "legend": "CarbonBlackEvents_CL",
                      "baseQuery": "CarbonBlackEvents_CL"
                    },
                    {
                      "metricName": "Total data received",
                      "legend": "CarbonBlackNotifications_CL",
                      "baseQuery": "CarbonBlackNotifications_CL"
                    },
                    {
                      "metricName": "Total data received",
                      "legend": "CarbonBlackAuditLogs_CL",
                      "baseQuery": "CarbonBlackAuditLogs_CL"
                    }
                  ],
                  "sampleQueries": [
                    {
                      "description": "Top 10 Event Generating Endpoints",
                      "query": "CarbonBlackEvents_CL\n | summarize count() by deviceDetails_deviceName_s \n| top 10 by count_"
                    },
                    {
                      "description": "Top 10 User Console Logins",
                      "query": "CarbonBlackAuditLogs_CL\n | summarize count() by loginName_s \n| top 10 by count_"
                    },
                    {
                      "description": "Top 10 Threats",
                      "query": "CarbonBlackNotifications_CL\n | summarize count() by threatHunterInfo_reportName_s \n| top 10 by count_"
                    }
                  ],
                  "dataTypes": [
                    {
                      "name": "CarbonBlackEvents_CL",
                      "lastDataReceivedQuery": "CarbonBlackEvents_CL\n            | summarize Time = max(TimeGenerated)\n            | where isnotempty(Time)"
                    },
                    {
                      "name": "CarbonBlackAuditLogs_CL",
                      "lastDataReceivedQuery": "CarbonBlackAuditLogs_CL\n            | summarize Time = max(TimeGenerated)\n            | where isnotempty(Time)"
                    },
                    {
                      "name": "CarbonBlackNotifications_CL",
                      "lastDataReceivedQuery": "CarbonBlackNotifications_CL\n            | summarize Time = max(TimeGenerated)\n            | where isnotempty(Time)"
                    }
                  ],
                  "connectivityCriterias": [
                    {
                      "type": "IsConnectedQuery",
                      "value": [
                        "CarbonBlackEvents_CL\n            | summarize LastLogReceived = max(TimeGenerated)\n            | project IsConnected = LastLogReceived > ago(30d)",
                        "CarbonBlackNotifications_CL\n            | summarize LastLogReceived = max(TimeGenerated)\n            | project IsConnected = LastLogReceived > ago(30d)",
                        "CarbonBlackAuditLogs_CL\n            | summarize LastLogReceived = max(TimeGenerated)\n            | project IsConnected = LastLogReceived > ago(30d)"
                      ]
                    }
                  ],
                  "availability": {
                    "status": 1,
                    "isPreview": false
                  },
                  "permissions": {
                    "resourceProvider": [
                      {
                        "provider": "Microsoft.OperationalInsights/workspaces",
                        "permissionsDisplayText": "read and write permissions on the workspace are required.",
                        "providerDisplayName": "Workspace",
                        "scope": "Workspace",
                        "requiredPermissions": {
                          "write": true,
                          "read": true,
                          "delete": true
                        }
                      },
                      {
                        "provider": "Microsoft.OperationalInsights/workspaces/sharedKeys",
                        "permissionsDisplayText": "read permissions to shared keys for the workspace are required. [See the documentation to learn more about workspace keys](https://docs.microsoft.com/azure/azure-monitor/platform/agent-windows#obtain-workspace-id-and-key).",
                        "providerDisplayName": "Keys",
                        "scope": "Workspace",
                        "requiredPermissions": {
                          "action": true
                        }
                      }
                    ],
                    "customs": [
                      {
                        "name": "Microsoft.Web/sites permissions",
                        "description": "Read and write permissions to Azure Functions to create a Function App is required. [See the documentation to learn more about Azure Functions](https://docs.microsoft.com/azure/azure-functions/)."
                      },
                      {
                        "name": "VMware Carbon Black API Key(s)",
                        "description": "Carbon Black API and/or SIEM Level API Key(s) are required. See the documentation to learn more about the [Carbon Black API](https://developer.carbonblack.com/reference/carbon-black-cloud/cb-defense/latest/rest-api/).\n - A Carbon Black **API** access level API ID and Key is required for [Audit](https://developer.carbonblack.com/reference/carbon-black-cloud/cb-defense/latest/rest-api/#audit-log-events) and [Event](https://developer.carbonblack.com/reference/carbon-black-cloud/platform/latest/data-forwarder-config-api/) logs. \n - A Carbon Black **SIEM** access level  API ID and Key is required for [Notification](https://developer.carbonblack.com/reference/carbon-black-cloud/cb-defense/latest/rest-api/#notifications) alerts."
                      },
                      {
                        "name": "Amazon S3 REST API Credentials/permissions",
                        "description": "**AWS Access Key Id**, **AWS Secret Access Key**, **AWS S3 Bucket Name**, **Folder Name in AWS S3 Bucket** are required for Amazon S3 REST API."
                      }
                    ]
                  },
                  "instructionSteps": [
                    {
                      "description": ">**NOTE:** This connector uses Azure Functions to connect to VMware Carbon Black to pull its logs into Azure Sentinel. This might result in additional data ingestion costs. Check the [Azure Functions pricing page](https://azure.microsoft.com/pricing/details/functions/) for details."
                    },
                    {
                      "description": ">**(Optional Step)** Securely store workspace and API authorization key(s) or token(s) in Azure Key Vault. Azure Key Vault provides a secure mechanism to store and retrieve key values. [Follow these instructions](https://docs.microsoft.com/azure/app-service/app-service-key-vault-references) to use Azure Key Vault with an Azure Function App."
                    },
                    {
                      "description": "**STEP 1 - Configuration steps for the VMware Carbon Black API**\n\n [Follow these instructions](https://developer.carbonblack.com/reference/carbon-black-cloud/authentication/#creating-an-api-key) to create an API Key."
                    },
                    {
                      "description": "**STEP 2 - Choose ONE from the following two deployment options to deploy the connector and the associated Azure Function**\n\n>**IMPORTANT:** Before deploying the VMware Carbon Black connector, have the Workspace ID and Workspace Primary Key (can be copied from the following), as well as the VMware Carbon Black API Authorization Key(s), readily available.",
                      "instructions": [
                        {
                          "parameters": {
                            "fillWith": [
                              "WorkspaceId"
                            ],
                            "label": "Workspace ID"
                          },
                          "type": "CopyableLabel"
                        },
                        {
                          "parameters": {
                            "fillWith": [
                              "PrimaryKey"
                            ],
                            "label": "Primary Key"
                          },
                          "type": "CopyableLabel"
                        }
                      ]
                    },
                    {
                      "description": "This method provides an automated deployment of the VMware Carbon Black connector using an ARM Tempate.\n\n1. Click the **Deploy to Azure** button below. \n\n\t[![Deploy To Azure](https://aka.ms/deploytoazurebutton)](https://aka.ms/deploytoazurebutton)](https://aka.ms/sentinelcarbonblackazuredeploy)\n2. Select the preferred **Subscription**, **Resource Group** and **Location**. \n3. Enter the **Workspace ID**, **Workspace Key**, **Log Types**, **API ID(s)**, **API Key(s)**, **Carbon Black Org Key**, **S3 Bucket Name**, **AWS Access Key Id**, **AWS Secret Access Key**, **EventPrefixFolderName**,**AlertPrefixFolderName**,  and validate the **URI**.\n> - Enter the URI that corresponds to your region. The complete list of API URLs can be [found here](https://community.carbonblack.com/t5/Knowledge-Base/PSC-What-URLs-are-used-to-access-the-APIs/ta-p/67346)\n - The default **Time Interval** is set to pull the last five (5) minutes of data. If the time interval needs to be modified, it is recommended to change the Function App Timer Trigger accordingly (in the function.json file, post deployment) to prevent overlapping data ingestion. \n - Carbon Black requires a seperate set of API ID/Keys to ingest Notification alerts. Enter the SIEM API ID/Key values or leave blank, if not required. \n> - Note: If using Azure Key Vault secrets for any of the values above, use the`@Microsoft.KeyVault(SecretUri={Security Identifier})`schema in place of the string values. Refer to [Key Vault references documentation](https://docs.microsoft.com/azure/app-service/app-service-key-vault-references) for further details. \n4. Mark the checkbox labeled **I agree to the terms and conditions stated above**. \n5. Click **Purchase** to deploy.",
                      "title": "Option 1 - Azure Resource Manager (ARM) Template"
                    },
                    {
                      "description": "Use the following step-by-step instructions to deploy the VMware Carbon Black connector manually with Azure Functions.",
                      "title": "Option 2 - Manual Deployment of Azure Functions"
                    },
                    {
                      "description": "**1. Create a Function App**\n\n1.  From the Azure Portal, navigate to [Function App](https://portal.azure.com/#blade/HubsExtension/BrowseResource/resourceType/Microsoft.Web%2Fsites/kind/functionapp), and select **+ Add**.\n2. In the **Basics** tab, ensure Runtime stack is set to **Powershell Core**. \n3. In the **Hosting** tab, ensure the **Consumption (Serverless)** plan type is selected.\n4. Make other preferrable configuration changes, if needed, then click **Create**."
                    },
                    {
                      "description": "**2. Import Function App Code**\n\n1. In the newly created Function App, select **Functions** on the left pane and click **+ Add**.\n2. Select **Timer Trigger**.\n3. Enter a unique Function **Name** and modify the cron schedule, if needed. The default value is set to run the Function App every 5 minutes. (Note: the Timer trigger should match the `timeInterval` value below to prevent overlapping data), click **Create**.\n4. Click on **Code + Test** on the left pane. \n5. Copy the [Function App Code](https://aka.ms/sentinelcarbonblackazurefunctioncode) and paste into the Function App `run.ps1` editor.\n5. Click **Save**."
                    },
                    {
                      "description": "**3. Configure the Function App**\n\n1. In the Function App, select the Function App Name and select **Configuration**.\n2. In the **Application settings** tab, select **+ New application setting**.\n3. Add each of the following thirteen to sixteen (13-16) application settings individually, with their respective string values (case-sensitive): \n\t\tapiId\n\t\tapiKey\n\t\tworkspaceID\n\t\tworkspaceKey\n\t\turi\n\t\ttimeInterval\n\t\tCarbonBlackOrgKey\n\t\tCarbonBlackLogTypes \n\t\ts3BucketName \n\t\tEventPrefixFolderName \n\t\tAlertPrefixFolderName \n\t\tAWSAccessKeyId \n\t\tAWSSecretAccessKey \n\t\tSIEMapiId (Optional)\n\t\tSIEMapiKey (Optional)\n\t\tlogAnalyticsUri (optional) \n> - Enter the URI that corresponds to your region. The complete list of API URLs can be [found here](https://community.carbonblack.com/t5/Knowledge-Base/PSC-What-URLs-are-used-to-access-the-APIs/ta-p/67346). The `uri` value must follow the following schema: `https://<API URL>.conferdeploy.net` - There is no need to add a time suffix to the URI, the Function App will dynamically append the Time Value to the URI in the proper format.\n> - Set the `timeInterval` (in minutes) to the default value of `5` to correspond to the default Timer Trigger of every `5` minutes. If the time interval needs to be modified, it is recommended to change the Function App Timer Trigger accordingly to prevent overlapping data ingestion.\n> - Carbon Black requires a seperate set of API ID/Keys to ingest Notification alerts. Enter the `SIEMapiId` and `SIEMapiKey` values, if needed, or omit, if not required. \n> - Note: If using Azure Key Vault, use the`@Microsoft.KeyVault(SecretUri={Security Identifier})`schema in place of the string values. Refer to [Key Vault references documentation](https://docs.microsoft.com/azure/app-service/app-service-key-vault-references) for further details. \n> - Use logAnalyticsUri to override the log analytics API endpoint for dedicated cloud. For example, for public cloud, leave the value empty; for Azure GovUS cloud environment, specify the value in the following format: `https://<CustomerId>.ods.opinsights.azure.us`\n4. Once all application settings have been entered, click **Save**."
                    }
                  ]
                }
              }
            },
            {
              "type": "Microsoft.OperationalInsights/workspaces/providers/metadata",
              "apiVersion": "2022-01-01-preview",
              "name": "[concat(parameters('workspace'),'/Microsoft.SecurityInsights/',concat('DataConnector-', last(split(variables('_dataConnectorId1'),'/'))))]",
              "properties": {
                "parentId": "[extensionResourceId(resourceId('Microsoft.OperationalInsights/workspaces', parameters('workspace')), 'Microsoft.SecurityInsights/dataConnectors', variables('_dataConnectorContentId1'))]",
                "contentId": "[variables('_dataConnectorContentId1')]",
                "kind": "DataConnector",
                "version": "[variables('dataConnectorVersion1')]",
                "source": {
                  "kind": "Solution",
                  "name": "VMware Carbon Black Cloud",
                  "sourceId": "[variables('_solutionId')]"
                },
                "author": {
                  "name": "Microsoft",
                  "email": "[variables('_email')]"
                },
                "support": {
                  "name": "Microsoft",
                  "tier": "Microsoft",
                  "email": "support@microsoft.com",
                  "link": "https://support.microsoft.com/"
                }
              }
            }
          ]
        }
      }
    },
    {
      "type": "Microsoft.OperationalInsights/workspaces/providers/metadata",
      "apiVersion": "2022-01-01-preview",
      "name": "[concat(parameters('workspace'),'/Microsoft.SecurityInsights/',concat('DataConnector-', last(split(variables('_dataConnectorId1'),'/'))))]",
      "dependsOn": [
        "[variables('_dataConnectorId1')]"
      ],
      "location": "[parameters('workspace-location')]",
      "properties": {
        "parentId": "[extensionResourceId(resourceId('Microsoft.OperationalInsights/workspaces', parameters('workspace')), 'Microsoft.SecurityInsights/dataConnectors', variables('_dataConnectorContentId1'))]",
        "contentId": "[variables('_dataConnectorContentId1')]",
        "kind": "DataConnector",
        "version": "[variables('dataConnectorVersion1')]",
        "source": {
          "kind": "Solution",
          "name": "VMware Carbon Black Cloud",
          "sourceId": "[variables('_solutionId')]"
        },
        "author": {
          "name": "Microsoft",
          "email": "[variables('_email')]"
        },
        "support": {
          "name": "Microsoft",
          "tier": "Microsoft",
          "email": "support@microsoft.com",
          "link": "https://support.microsoft.com/"
        }
      }
    },
    {
      "name": "[concat(parameters('workspace'),'/Microsoft.SecurityInsights/',variables('_dataConnectorContentId1'))]",
      "apiVersion": "2021-03-01-preview",
      "type": "Microsoft.OperationalInsights/workspaces/providers/dataConnectors",
      "location": "[parameters('workspace-location')]",
      "kind": "GenericUI",
      "properties": {
        "connectorUiConfig": {
          "title": "VMware Carbon Black Cloud (using Azure Function)",
          "publisher": "VMware",
          "descriptionMarkdown": "The [VMware Carbon Black Cloud](https://www.vmware.com/products/carbon-black-cloud.html) connector provides the capability to ingest Carbon Black data into Azure Sentinel. The connector provides visibility into Audit, Notification and Event logs in Azure Sentinel to view dashboards, create custom alerts, and to improve monitoring and investigation capabilities.",
          "graphQueries": [
            {
              "metricName": "Total data received",
              "legend": "CarbonBlackEvents_CL",
              "baseQuery": "CarbonBlackEvents_CL"
            },
            {
              "metricName": "Total data received",
              "legend": "CarbonBlackNotifications_CL",
              "baseQuery": "CarbonBlackNotifications_CL"
            },
            {
              "metricName": "Total data received",
              "legend": "CarbonBlackAuditLogs_CL",
              "baseQuery": "CarbonBlackAuditLogs_CL"
            }
          ],
          "dataTypes": [
            {
              "name": "CarbonBlackEvents_CL",
              "lastDataReceivedQuery": "CarbonBlackEvents_CL\n            | summarize Time = max(TimeGenerated)\n            | where isnotempty(Time)"
            },
            {
              "name": "CarbonBlackAuditLogs_CL",
              "lastDataReceivedQuery": "CarbonBlackAuditLogs_CL\n            | summarize Time = max(TimeGenerated)\n            | where isnotempty(Time)"
            },
            {
              "name": "CarbonBlackNotifications_CL",
              "lastDataReceivedQuery": "CarbonBlackNotifications_CL\n            | summarize Time = max(TimeGenerated)\n            | where isnotempty(Time)"
            }
          ],
          "connectivityCriterias": [
            {
              "type": "IsConnectedQuery",
              "value": [
                "CarbonBlackEvents_CL\n            | summarize LastLogReceived = max(TimeGenerated)\n            | project IsConnected = LastLogReceived > ago(30d)",
                "CarbonBlackNotifications_CL\n            | summarize LastLogReceived = max(TimeGenerated)\n            | project IsConnected = LastLogReceived > ago(30d)",
                "CarbonBlackAuditLogs_CL\n            | summarize LastLogReceived = max(TimeGenerated)\n            | project IsConnected = LastLogReceived > ago(30d)"
              ]
            }
          ],
          "sampleQueries": [
            {
              "description": "Top 10 Event Generating Endpoints",
              "query": "CarbonBlackEvents_CL\n | summarize count() by deviceDetails_deviceName_s \n| top 10 by count_"
            },
            {
              "description": "Top 10 User Console Logins",
              "query": "CarbonBlackAuditLogs_CL\n | summarize count() by loginName_s \n| top 10 by count_"
            },
            {
              "description": "Top 10 Threats",
              "query": "CarbonBlackNotifications_CL\n | summarize count() by threatHunterInfo_reportName_s \n| top 10 by count_"
            }
          ],
          "availability": {
            "status": 1,
            "isPreview": false
          },
          "permissions": {
            "resourceProvider": [
              {
                "provider": "Microsoft.OperationalInsights/workspaces",
                "permissionsDisplayText": "read and write permissions on the workspace are required.",
                "providerDisplayName": "Workspace",
                "scope": "Workspace",
                "requiredPermissions": {
                  "write": true,
                  "read": true,
                  "delete": true
                }
              },
              {
                "provider": "Microsoft.OperationalInsights/workspaces/sharedKeys",
                "permissionsDisplayText": "read permissions to shared keys for the workspace are required. [See the documentation to learn more about workspace keys](https://docs.microsoft.com/azure/azure-monitor/platform/agent-windows#obtain-workspace-id-and-key).",
                "providerDisplayName": "Keys",
                "scope": "Workspace",
                "requiredPermissions": {
                  "action": true
                }
              }
            ],
            "customs": [
              {
                "name": "Microsoft.Web/sites permissions",
                "description": "Read and write permissions to Azure Functions to create a Function App is required. [See the documentation to learn more about Azure Functions](https://docs.microsoft.com/azure/azure-functions/)."
              },
              {
                "name": "VMware Carbon Black API Key(s)",
                "description": "Carbon Black API and/or SIEM Level API Key(s) are required. See the documentation to learn more about the [Carbon Black API](https://developer.carbonblack.com/reference/carbon-black-cloud/cb-defense/latest/rest-api/).\n - A Carbon Black **API** access level API ID and Key is required for [Audit](https://developer.carbonblack.com/reference/carbon-black-cloud/cb-defense/latest/rest-api/#audit-log-events) and [Event](https://developer.carbonblack.com/reference/carbon-black-cloud/platform/latest/data-forwarder-config-api/) logs. \n - A Carbon Black **SIEM** access level  API ID and Key is required for [Notification](https://developer.carbonblack.com/reference/carbon-black-cloud/cb-defense/latest/rest-api/#notifications) alerts."
              },
              {
                "name": "Amazon S3 REST API Credentials/permissions",
                "description": "**AWS Access Key Id**, **AWS Secret Access Key**, **AWS S3 Bucket Name**, **Folder Name in AWS S3 Bucket** are required for Amazon S3 REST API."
              }
            ]
          },
          "instructionSteps": [
            {
              "description": ">**NOTE:** This connector uses Azure Functions to connect to VMware Carbon Black to pull its logs into Azure Sentinel. This might result in additional data ingestion costs. Check the [Azure Functions pricing page](https://azure.microsoft.com/pricing/details/functions/) for details."
            },
            {
              "description": ">**(Optional Step)** Securely store workspace and API authorization key(s) or token(s) in Azure Key Vault. Azure Key Vault provides a secure mechanism to store and retrieve key values. [Follow these instructions](https://docs.microsoft.com/azure/app-service/app-service-key-vault-references) to use Azure Key Vault with an Azure Function App."
            },
            {
              "description": "**STEP 1 - Configuration steps for the VMware Carbon Black API**\n\n [Follow these instructions](https://developer.carbonblack.com/reference/carbon-black-cloud/authentication/#creating-an-api-key) to create an API Key."
            },
            {
              "description": "**STEP 2 - Choose ONE from the following two deployment options to deploy the connector and the associated Azure Function**\n\n>**IMPORTANT:** Before deploying the VMware Carbon Black connector, have the Workspace ID and Workspace Primary Key (can be copied from the following), as well as the VMware Carbon Black API Authorization Key(s), readily available.",
              "instructions": [
                {
                  "parameters": {
                    "fillWith": [
                      "WorkspaceId"
                    ],
                    "label": "Workspace ID"
                  },
                  "type": "CopyableLabel"
                },
                {
                  "parameters": {
                    "fillWith": [
                      "PrimaryKey"
                    ],
                    "label": "Primary Key"
                  },
                  "type": "CopyableLabel"
                }
              ]
            },
            {
              "description": "This method provides an automated deployment of the VMware Carbon Black connector using an ARM Tempate.\n\n1. Click the **Deploy to Azure** button below. \n\n\t[![Deploy To Azure](https://aka.ms/deploytoazurebutton)](https://aka.ms/deploytoazurebutton)](https://aka.ms/sentinelcarbonblackazuredeploy)\n2. Select the preferred **Subscription**, **Resource Group** and **Location**. \n3. Enter the **Workspace ID**, **Workspace Key**, **Log Types**, **API ID(s)**, **API Key(s)**, **Carbon Black Org Key**, **S3 Bucket Name**, **AWS Access Key Id**, **AWS Secret Access Key**, **EventPrefixFolderName**,**AlertPrefixFolderName**,  and validate the **URI**.\n> - Enter the URI that corresponds to your region. The complete list of API URLs can be [found here](https://community.carbonblack.com/t5/Knowledge-Base/PSC-What-URLs-are-used-to-access-the-APIs/ta-p/67346)\n - The default **Time Interval** is set to pull the last five (5) minutes of data. If the time interval needs to be modified, it is recommended to change the Function App Timer Trigger accordingly (in the function.json file, post deployment) to prevent overlapping data ingestion. \n - Carbon Black requires a seperate set of API ID/Keys to ingest Notification alerts. Enter the SIEM API ID/Key values or leave blank, if not required. \n> - Note: If using Azure Key Vault secrets for any of the values above, use the`@Microsoft.KeyVault(SecretUri={Security Identifier})`schema in place of the string values. Refer to [Key Vault references documentation](https://docs.microsoft.com/azure/app-service/app-service-key-vault-references) for further details. \n4. Mark the checkbox labeled **I agree to the terms and conditions stated above**. \n5. Click **Purchase** to deploy.",
              "title": "Option 1 - Azure Resource Manager (ARM) Template"
            },
            {
              "description": "Use the following step-by-step instructions to deploy the VMware Carbon Black connector manually with Azure Functions.",
              "title": "Option 2 - Manual Deployment of Azure Functions"
            },
            {
              "description": "**1. Create a Function App**\n\n1.  From the Azure Portal, navigate to [Function App](https://portal.azure.com/#blade/HubsExtension/BrowseResource/resourceType/Microsoft.Web%2Fsites/kind/functionapp), and select **+ Add**.\n2. In the **Basics** tab, ensure Runtime stack is set to **Powershell Core**. \n3. In the **Hosting** tab, ensure the **Consumption (Serverless)** plan type is selected.\n4. Make other preferrable configuration changes, if needed, then click **Create**."
            },
            {
              "description": "**2. Import Function App Code**\n\n1. In the newly created Function App, select **Functions** on the left pane and click **+ Add**.\n2. Select **Timer Trigger**.\n3. Enter a unique Function **Name** and modify the cron schedule, if needed. The default value is set to run the Function App every 5 minutes. (Note: the Timer trigger should match the `timeInterval` value below to prevent overlapping data), click **Create**.\n4. Click on **Code + Test** on the left pane. \n5. Copy the [Function App Code](https://aka.ms/sentinelcarbonblackazurefunctioncode) and paste into the Function App `run.ps1` editor.\n5. Click **Save**."
            },
            {
              "description": "**3. Configure the Function App**\n\n1. In the Function App, select the Function App Name and select **Configuration**.\n2. In the **Application settings** tab, select **+ New application setting**.\n3. Add each of the following thirteen to sixteen (13-16) application settings individually, with their respective string values (case-sensitive): \n\t\tapiId\n\t\tapiKey\n\t\tworkspaceID\n\t\tworkspaceKey\n\t\turi\n\t\ttimeInterval\n\t\tCarbonBlackOrgKey\n\t\tCarbonBlackLogTypes \n\t\ts3BucketName \n\t\tEventPrefixFolderName \n\t\tAlertPrefixFolderName \n\t\tAWSAccessKeyId \n\t\tAWSSecretAccessKey \n\t\tSIEMapiId (Optional)\n\t\tSIEMapiKey (Optional)\n\t\tlogAnalyticsUri (optional) \n> - Enter the URI that corresponds to your region. The complete list of API URLs can be [found here](https://community.carbonblack.com/t5/Knowledge-Base/PSC-What-URLs-are-used-to-access-the-APIs/ta-p/67346). The `uri` value must follow the following schema: `https://<API URL>.conferdeploy.net` - There is no need to add a time suffix to the URI, the Function App will dynamically append the Time Value to the URI in the proper format.\n> - Set the `timeInterval` (in minutes) to the default value of `5` to correspond to the default Timer Trigger of every `5` minutes. If the time interval needs to be modified, it is recommended to change the Function App Timer Trigger accordingly to prevent overlapping data ingestion.\n> - Carbon Black requires a seperate set of API ID/Keys to ingest Notification alerts. Enter the `SIEMapiId` and `SIEMapiKey` values, if needed, or omit, if not required. \n> - Note: If using Azure Key Vault, use the`@Microsoft.KeyVault(SecretUri={Security Identifier})`schema in place of the string values. Refer to [Key Vault references documentation](https://docs.microsoft.com/azure/app-service/app-service-key-vault-references) for further details. \n> - Use logAnalyticsUri to override the log analytics API endpoint for dedicated cloud. For example, for public cloud, leave the value empty; for Azure GovUS cloud environment, specify the value in the following format: `https://<CustomerId>.ods.opinsights.azure.us`\n4. Once all application settings have been entered, click **Save**."
            }
          ],
          "id": "[variables('_uiConfigId1')]"
        }
      }
    },
    {
      "type": "Microsoft.Resources/templateSpecs",
      "apiVersion": "2021-05-01",
      "name": "[variables('analyticRuleTemplateSpecName1')]",
      "location": "[parameters('workspace-location')]",
      "tags": {
        "hidden-sentinelWorkspaceId": "[variables('workspaceResourceId')]",
        "hidden-sentinelContentType": "AnalyticsRule"
      },
      "properties": {
        "description": "VMware Carbon Black Cloud Analytics Rule 1 with template",
        "displayName": "VMware Carbon Black Cloud Analytics Rule template"
      }
    },
    {
      "type": "Microsoft.Resources/templateSpecs/versions",
      "apiVersion": "2021-05-01",
      "name": "[concat(variables('analyticRuleTemplateSpecName1'),'/',variables('analyticRuleVersion1'))]",
      "location": "[parameters('workspace-location')]",
      "tags": {
        "hidden-sentinelWorkspaceId": "[variables('workspaceResourceId')]",
        "hidden-sentinelContentType": "AnalyticsRule"
      },
      "dependsOn": [
        "[resourceId('Microsoft.Resources/templateSpecs', variables('analyticRuleTemplateSpecName1'))]"
      ],
      "properties": {
        "description": "CriticalThreatDetected_AnalyticalRules Analytics Rule with template version 2.0.0",
        "mainTemplate": {
          "$schema": "https://schema.management.azure.com/schemas/2019-04-01/deploymentTemplate.json#",
          "contentVersion": "[variables('analyticRuleVersion1')]",
          "parameters": {},
          "variables": {},
          "resources": [
            {
              "type": "Microsoft.SecurityInsights/AlertRuleTemplates",
              "name": "[variables('AnalyticRulecontentId1')]",
              "apiVersion": "2022-04-01-preview",
              "kind": "Scheduled",
              "location": "[parameters('workspace-location')]",
              "properties": {
                "description": "This creates an incident in the event a critical threat was identified on a Carbon Black managed endpoint.",
                "displayName": "Critical Threat Detected",
                "enabled": false,
                "query": "\nlet threshold = 8;\nCarbonBlackNotifications_CL\n| where threatHunterInfo_score_d >= threshold\n| extend eventTime = datetime(1970-01-01) + tolong(threatHunterInfo_time_d/1000) * 1sec\n| summarize StartTime = min(TimeGenerated), EndTime = max(TimeGenerated), count() by eventTime, Threat_Name = threatHunterInfo_reportName_s, Device_Name = deviceInfo_deviceName_s,  Internal_IP = deviceInfo_internalIpAddress_s, External_IP = deviceInfo_externalIpAddress_s, Threat_Score = threatHunterInfo_score_d\n| project-away count_\n| extend timestamp = StartTime, HostCustomEntity = Device_Name, IPCustomEntity = Internal_IP\n",
                "queryFrequency": "PT1H",
                "queryPeriod": "PT1H",
                "severity": "Medium",
                "suppressionDuration": "PT1H",
                "suppressionEnabled": false,
                "triggerOperator": "GreaterThan",
                "triggerThreshold": 0,
                "status": "Available",
                "requiredDataConnectors": [
                  {
                    "connectorId": "VMwareCarbonBlack",
                    "dataTypes": [
                      "CarbonBlackNotifications_CL"
                    ]
                  }
                ],
                "tactics": [
                  "LateralMovement"
                ],
                "entityMappings": [
                  {
                    "entityType": "Host",
                    "fieldMappings": [
                      {
                        "columnName": "HostCustomEntity",
                        "identifier": "FullName"
                      }
                    ]
                  },
                  {
                    "entityType": "IP",
                    "fieldMappings": [
                      {
                        "columnName": "IPCustomEntity",
                        "identifier": "Address"
                      }
                    ]
                  }
                ]
              }
            },
            {
              "type": "Microsoft.OperationalInsights/workspaces/providers/metadata",
              "apiVersion": "2022-01-01-preview",
              "name": "[concat(parameters('workspace'),'/Microsoft.SecurityInsights/',concat('AnalyticsRule-', last(split(variables('analyticRuleId1'),'/'))))]",
              "properties": {
                "description": "VMware Carbon Black Cloud Analytics Rule 1",
                "parentId": "[variables('analyticRuleId1')]",
                "contentId": "[variables('_analyticRulecontentId1')]",
                "kind": "AnalyticsRule",
                "version": "[variables('analyticRuleVersion1')]",
                "source": {
                  "kind": "Solution",
                  "name": "VMware Carbon Black Cloud",
                  "sourceId": "[variables('_solutionId')]"
                },
                "author": {
                  "name": "Microsoft",
                  "email": "[variables('_email')]"
                },
                "support": {
                  "name": "Microsoft",
                  "tier": "Microsoft",
                  "email": "support@microsoft.com",
                  "link": "https://support.microsoft.com/"
                }
              }
            }
          ]
        }
      }
    },
    {
      "type": "Microsoft.Resources/templateSpecs",
      "apiVersion": "2021-05-01",
      "name": "[variables('analyticRuleTemplateSpecName2')]",
      "location": "[parameters('workspace-location')]",
      "tags": {
        "hidden-sentinelWorkspaceId": "[variables('workspaceResourceId')]",
        "hidden-sentinelContentType": "AnalyticsRule"
      },
      "properties": {
        "description": "VMware Carbon Black Cloud Analytics Rule 2 with template",
        "displayName": "VMware Carbon Black Cloud Analytics Rule template"
      }
    },
    {
      "type": "Microsoft.Resources/templateSpecs/versions",
      "apiVersion": "2021-05-01",
      "name": "[concat(variables('analyticRuleTemplateSpecName2'),'/',variables('analyticRuleVersion2'))]",
      "location": "[parameters('workspace-location')]",
      "tags": {
        "hidden-sentinelWorkspaceId": "[variables('workspaceResourceId')]",
        "hidden-sentinelContentType": "AnalyticsRule"
      },
      "dependsOn": [
        "[resourceId('Microsoft.Resources/templateSpecs', variables('analyticRuleTemplateSpecName2'))]"
      ],
      "properties": {
        "description": "KnownMalwareDetected_AnalyticalRules Analytics Rule with template version 2.0.0",
        "mainTemplate": {
          "$schema": "https://schema.management.azure.com/schemas/2019-04-01/deploymentTemplate.json#",
          "contentVersion": "[variables('analyticRuleVersion2')]",
          "parameters": {},
          "variables": {},
          "resources": [
            {
              "type": "Microsoft.SecurityInsights/AlertRuleTemplates",
              "name": "[variables('AnalyticRulecontentId2')]",
              "apiVersion": "2022-04-01-preview",
              "kind": "Scheduled",
              "location": "[parameters('workspace-location')]",
              "properties": {
                "description": "This creates an incident when a known Malware is detected on a endpoint managed by a Carbon Black.",
                "displayName": "Known Malware Detected",
                "enabled": false,
                "query": "\nCarbonBlackEvents_CL\n| extend eventTime = datetime(1970-01-01) + tolong(eventTime_d/1000) * 1sec\n| where targetApp_effectiveReputation_s =~ \"KNOWN_MALWARE\"\n| summarize StartTime = min(TimeGenerated), EndTime = max(TimeGenerated), count() by eventTime, deviceDetails_deviceName_s, deviceDetails_deviceIpAddress_s, processDetails_fullUserName_s, processDetails_targetName_s\n| extend timestamp = StartTime, AccountCustomEntity = processDetails_fullUserName_s, HostCustomEntity = deviceDetails_deviceName_s, IPCustomEntity = deviceDetails_deviceIpAddress_s\n",
                "queryFrequency": "PT1H",
                "queryPeriod": "PT1H",
                "severity": "Medium",
                "suppressionDuration": "PT1H",
                "suppressionEnabled": false,
                "triggerOperator": "GreaterThan",
                "triggerThreshold": 0,
                "status": "Available",
                "requiredDataConnectors": [
                  {
                    "connectorId": "VMwareCarbonBlack",
                    "dataTypes": [
                      "CarbonBlackEvents_CL"
                    ]
                  }
                ],
                "tactics": [
                  "Execution"
                ],
                "entityMappings": [
                  {
                    "entityType": "Account",
                    "fieldMappings": [
                      {
                        "columnName": "AccountCustomEntity",
                        "identifier": "FullName"
                      }
                    ]
                  },
                  {
                    "entityType": "Host",
                    "fieldMappings": [
                      {
                        "columnName": "HostCustomEntity",
                        "identifier": "FullName"
                      }
                    ]
                  },
                  {
                    "entityType": "IP",
                    "fieldMappings": [
                      {
                        "columnName": "IPCustomEntity",
                        "identifier": "Address"
                      }
                    ]
                  }
                ]
              }
            },
            {
              "type": "Microsoft.OperationalInsights/workspaces/providers/metadata",
              "apiVersion": "2022-01-01-preview",
              "name": "[concat(parameters('workspace'),'/Microsoft.SecurityInsights/',concat('AnalyticsRule-', last(split(variables('analyticRuleId2'),'/'))))]",
              "properties": {
                "description": "VMware Carbon Black Cloud Analytics Rule 2",
                "parentId": "[variables('analyticRuleId2')]",
                "contentId": "[variables('_analyticRulecontentId2')]",
                "kind": "AnalyticsRule",
                "version": "[variables('analyticRuleVersion2')]",
                "source": {
                  "kind": "Solution",
                  "name": "VMware Carbon Black Cloud",
                  "sourceId": "[variables('_solutionId')]"
                },
                "author": {
                  "name": "Microsoft",
                  "email": "[variables('_email')]"
                },
                "support": {
                  "name": "Microsoft",
                  "tier": "Microsoft",
                  "email": "support@microsoft.com",
                  "link": "https://support.microsoft.com/"
                }
              }
            }
          ]
        }
      }
    },
    {
      "type": "Microsoft.Resources/templateSpecs",
      "apiVersion": "2021-05-01",
      "name": "[variables('workbookTemplateSpecName1')]",
      "location": "[parameters('workspace-location')]",
      "tags": {
        "hidden-sentinelWorkspaceId": "[variables('workspaceResourceId')]",
        "hidden-sentinelContentType": "Workbook"
      },
      "properties": {
        "description": "VMware Carbon Black Cloud Workbook with template",
        "displayName": "VMware Carbon Black Cloud workbook template"
      }
    },
    {
      "type": "Microsoft.Resources/templateSpecs/versions",
      "apiVersion": "2021-05-01",
      "name": "[concat(variables('workbookTemplateSpecName1'),'/',variables('workbookVersion1'))]",
      "location": "[parameters('workspace-location')]",
      "tags": {
        "hidden-sentinelWorkspaceId": "[variables('workspaceResourceId')]",
        "hidden-sentinelContentType": "Workbook"
      },
      "dependsOn": [
        "[resourceId('Microsoft.Resources/templateSpecs', variables('workbookTemplateSpecName1'))]"
      ],
      "properties": {
        "description": "VMwareCarbonBlackWorkbook Workbook with template version 2.0.0",
        "mainTemplate": {
          "$schema": "https://schema.management.azure.com/schemas/2019-04-01/deploymentTemplate.json#",
          "contentVersion": "[variables('workbookVersion1')]",
          "parameters": {},
          "variables": {},
          "resources": [
            {
              "type": "Microsoft.Insights/workbooks",
              "name": "[variables('workbookContentId1')]",
              "location": "[parameters('workspace-location')]",
              "kind": "shared",
              "apiVersion": "2021-08-01",
              "metadata": {
                "description": "Sets the time name for analysis"
              },
              "properties": {
                "displayName": "[parameters('workbook1-name')]",
                "serializedData": "{\"version\":\"Notebook/1.0\",\"items\":[{\"type\":9,\"content\":{\"version\":\"KqlParameterItem/1.0\",\"parameters\":[{\"id\":\"7276a9d6-ba34-4f06-9a14-785f03cedf52\",\"version\":\"KqlParameterItem/1.0\",\"name\":\"TimeRange\",\"label\":\"Time Range\",\"type\":4,\"isRequired\":true,\"value\":{\"durationMs\":2419200000},\"typeSettings\":{\"selectableValues\":[{\"durationMs\":300000},{\"durationMs\":900000},{\"durationMs\":1800000},{\"durationMs\":3600000},{\"durationMs\":14400000},{\"durationMs\":43200000},{\"durationMs\":86400000},{\"durationMs\":172800000},{\"durationMs\":259200000},{\"durationMs\":604800000},{\"durationMs\":1209600000},{\"durationMs\":2419200000},{\"durationMs\":2592000000},{\"durationMs\":5184000000},{\"durationMs\":7776000000}],\"allowCustom\":true},\"resourceType\":\"microsoft.insights/components\"},{\"id\":\"e10ce65c-0f31-4def-a81b-2c565d36a1d6\",\"version\":\"KqlParameterItem/1.0\",\"name\":\"EventType\",\"label\":\"Event Type\",\"type\":2,\"isRequired\":true,\"multiSelect\":true,\"quote\":\"'\",\"delimiter\":\",\",\"query\":\"CarbonBlackEvents_CL\\n| distinct eventType_s\\n| sort by eventType_s asc\",\"value\":[\"value::all\"],\"typeSettings\":{\"additionalResourceOptions\":[\"value::all\"]},\"timeContext\":{\"durationMs\":0},\"timeContextFromParameter\":\"TimeRange\",\"queryType\":0,\"resourceType\":\"microsoft.operationalinsights/workspaces\"},{\"id\":\"b7f7d6bb-20af-4f36-9d0e-389147598e04\",\"version\":\"KqlParameterItem/1.0\",\"name\":\"ThreatIndicator\",\"label\":\"Threat Indicator\",\"type\":2,\"isRequired\":true,\"multiSelect\":true,\"quote\":\"'\",\"delimiter\":\",\",\"query\":\"CarbonBlackEvents_CL\\r\\n| mvexpand todynamic(threatIndicators_s)\\r\\n| distinct tostring(threatIndicators_s)\\r\\n| sort by threatIndicators_s asc\",\"value\":[\"value::all\"],\"typeSettings\":{\"additionalResourceOptions\":[\"value::all\"]},\"timeContext\":{\"durationMs\":0},\"timeContextFromParameter\":\"TimeRange\",\"queryType\":0,\"resourceType\":\"microsoft.operationalinsights/workspaces\"},{\"id\":\"34e19468-ad9e-4170-bd1e-d9970cc6df5b\",\"version\":\"KqlParameterItem/1.0\",\"name\":\"PriorityType\",\"type\":2,\"isRequired\":true,\"multiSelect\":true,\"quote\":\"'\",\"delimiter\":\",\",\"query\":\"CarbonBlackEvents_CL\\r\\n| mvexpand todynamic(deviceDetails_targetPriorityType_s)\\r\\n| distinct tostring(deviceDetails_targetPriorityType_s)\\r\\n| sort by deviceDetails_targetPriorityType_s asc\",\"value\":[\"value::all\"],\"typeSettings\":{\"additionalResourceOptions\":[\"value::all\"]},\"timeContext\":{\"durationMs\":0},\"timeContextFromParameter\":\"TimeRange\",\"queryType\":0,\"resourceType\":\"microsoft.operationalinsights/workspaces\",\"label\":\"Priority Type\"},{\"id\":\"b06c1de8-163e-4f8a-8cc5-5aa0fe3fccfc\",\"version\":\"KqlParameterItem/1.0\",\"name\":\"Location\",\"type\":2,\"isRequired\":true,\"multiSelect\":true,\"quote\":\"'\",\"delimiter\":\",\",\"query\":\"CarbonBlackEvents_CL\\r\\n| summarize count() by deviceDetails_deviceLocation_countryName_s\\r\\n| project deviceDetails_deviceLocation_countryName_s\\r\\n| order by deviceDetails_deviceLocation_countryName_s asc\",\"value\":[\"value::all\"],\"typeSettings\":{\"additionalResourceOptions\":[\"value::all\"]},\"timeContext\":{\"durationMs\":0},\"timeContextFromParameter\":\"TimeRange\",\"queryType\":0,\"resourceType\":\"microsoft.operationalinsights/workspaces\"},{\"id\":\"046ce247-834a-49d5-9896-9d2bd5a559ce\",\"version\":\"KqlParameterItem/1.0\",\"name\":\"SensorOS\",\"label\":\"Sensor OS\",\"type\":2,\"isRequired\":true,\"multiSelect\":true,\"quote\":\"'\",\"delimiter\":\",\",\"query\":\"CarbonBlackEvents_CL\\n| distinct deviceDetails_deviceVersion_s\\n| sort by deviceDetails_deviceVersion_s asc\",\"value\":[\"value::all\"],\"typeSettings\":{\"additionalResourceOptions\":[\"value::all\"]},\"timeContext\":{\"durationMs\":0},\"timeContextFromParameter\":\"TimeRange\",\"queryType\":0,\"resourceType\":\"microsoft.operationalinsights/workspaces\"}],\"style\":\"above\",\"queryType\":0,\"resourceType\":\"microsoft.operationalinsights/workspaces\"},\"name\":\"parameters - 8\"},{\"type\":3,\"content\":{\"version\":\"KqlItem/1.0\",\"query\":\"CarbonBlackEvents_CL\\r\\n| mvexpand todynamic(threatIndicators_s)\\r\\n| where threatIndicators_s in ({ThreatIndicator}) or '*' in ({ThreatIndicator})\\r\\n| where deviceDetails_deviceLocation_countryName_s in ({Location}) or '*' in ({Location})\\r\\n| where deviceDetails_targetPriorityType_s in ({PriorityType}) or '*' in ({PriorityType})\\r\\n| where eventType_s in ({EventType}) or '*' in ({EventType})\\r\\n| where deviceDetails_deviceVersion_s in ({SensorOS}) or '*' in ({SensorOS})\\r\\n| extend eventTime = datetime(1970-01-01) + tolong(eventTime_d/1000) * 1sec\\r\\n| summarize count() by bin(eventTime,{TimeRange:grain}), tostring(threatIndicators_s)\",\"size\":0,\"title\":\"Total Events by Threat Indicators\",\"timeContext\":{\"durationMs\":0},\"timeContextFromParameter\":\"TimeRange\",\"queryType\":0,\"resourceType\":\"microsoft.operationalinsights/workspaces\",\"visualization\":\"barchart\",\"tileSettings\":{\"showBorder\":false,\"titleContent\":{\"columnMatch\":\"threatIndicators_s\",\"formatter\":1},\"leftContent\":{\"columnMatch\":\"count_\",\"formatter\":12,\"formatOptions\":{\"palette\":\"auto\"},\"numberFormat\":{\"unit\":17,\"options\":{\"maximumSignificantDigits\":3,\"maximumFractionDigits\":2}}}}},\"name\":\"query - 10\"},{\"type\":3,\"content\":{\"version\":\"KqlItem/1.0\",\"query\":\"CarbonBlackEvents_CL\\r\\n| mvexpand todynamic(threatIndicators_s)\\r\\n| where threatIndicators_s in ({ThreatIndicator}) or '*' in ({ThreatIndicator})\\r\\n| where deviceDetails_deviceLocation_countryName_s in ({Location}) or '*' in ({Location})\\r\\n| where deviceDetails_targetPriorityType_s in ({PriorityType}) or '*' in ({PriorityType})\\r\\n| where eventType_s in ({EventType}) or '*' in ({EventType})\\r\\n| where deviceDetails_deviceVersion_s in ({SensorOS}) or '*' in ({SensorOS})\\r\\n| extend eventTime = datetime(1970-01-01) + tolong(eventTime_d/1000) * 1sec\\r\\n| summarize count() by bin(eventTime, {TimeRange:grain}), deviceDetails_targetPriorityType_s\",\"size\":0,\"title\":\"Total Events by Priority Type\",\"timeContext\":{\"durationMs\":0},\"timeContextFromParameter\":\"TimeRange\",\"queryType\":0,\"resourceType\":\"microsoft.operationalinsights/workspaces\",\"visualization\":\"barchart\",\"chartSettings\":{\"seriesLabelSettings\":[{\"seriesName\":\"MEDIUM\",\"color\":\"orange\"},{\"seriesName\":\"HIGH\",\"color\":\"redBright\"}]}},\"customWidth\":\"50\",\"name\":\"query - 4\"},{\"type\":3,\"content\":{\"version\":\"KqlItem/1.0\",\"query\":\"CarbonBlackEvents_CL\\n| mvexpand todynamic(threatIndicators_s)\\n| where threatIndicators_s in ({ThreatIndicator}) or '*' in ({ThreatIndicator})\\n| where deviceDetails_deviceLocation_countryName_s in ({Location}) or '*' in ({Location})\\n| where deviceDetails_targetPriorityType_s in ({PriorityType}) or '*' in ({PriorityType})\\n| where eventType_s in ({EventType}) or '*' in ({EventType})\\n| where deviceDetails_deviceVersion_s in ({SensorOS}) or '*' in ({SensorOS})\\n| extend eventTime = datetime(1970-01-01) + tolong(eventTime_d/1000) * 1sec\\n| summarize count() by City = netFlow_peerLocation_city_s, netFlow_peerLocation_countryName_s, latitude = netFlow_peerLocation_latitude_d, longitude = netFlow_peerLocation_longitude_d\\n| where isnotempty(City)\",\"size\":0,\"title\":\"Net Data Flow by City\",\"timeContext\":{\"durationMs\":0},\"timeContextFromParameter\":\"TimeRange\",\"queryType\":0,\"resourceType\":\"microsoft.operationalinsights/workspaces\",\"visualization\":\"map\",\"mapSettings\":{\"locInfo\":\"LatLong\",\"latitude\":\"latitude\",\"longitude\":\"longitude\",\"sizeSettings\":\"count_\",\"sizeAggregation\":\"Sum\",\"labelSettings\":\"City\",\"legendMetric\":\"count_\",\"legendAggregation\":\"Sum\",\"itemColorSettings\":{\"nodeColorField\":\"count_\",\"colorAggregation\":\"Sum\",\"type\":\"heatmap\",\"heatmapPalette\":\"greenRed\"},\"numberFormatSettings\":{\"unit\":17,\"options\":{\"style\":\"decimal\",\"maximumFractionDigits\":1}}}},\"customWidth\":\"50\",\"name\":\"query - 17 - Copy\"},{\"type\":3,\"content\":{\"version\":\"KqlItem/1.0\",\"query\":\"CarbonBlackEvents_CL\\n| mvexpand todynamic(threatIndicators_s)\\n| where threatIndicators_s in ({ThreatIndicator}) or '*' in ({ThreatIndicator})\\n| where deviceDetails_deviceLocation_countryName_s in ({Location}) or '*' in ({Location})\\n| where deviceDetails_targetPriorityType_s in ({PriorityType}) or '*' in ({PriorityType})\\n| where eventType_s in ({EventType}) or '*' in ({EventType})\\n| where deviceDetails_deviceVersion_s in ({SensorOS}) or '*' in ({SensorOS})\\n| extend eventTime = datetime(1970-01-01) + tolong(eventTime_d/1000) * 1sec\\n| summarize count() by City = deviceDetails_deviceLocation_city_s, IPAddress = deviceDetails_deviceIpV4Address_s, Country = deviceDetails_deviceLocation_countryName_s, latitude = deviceDetails_deviceLocation_latitude_d, longitude = deviceDetails_deviceLocation_longitude_d\",\"size\":0,\"title\":\"Endpoint Generated Events by City\",\"timeContext\":{\"durationMs\":0},\"timeContextFromParameter\":\"TimeRange\",\"queryType\":0,\"resourceType\":\"microsoft.operationalinsights/workspaces\",\"visualization\":\"map\",\"mapSettings\":{\"locInfo\":\"LatLong\",\"latitude\":\"latitude\",\"longitude\":\"longitude\",\"sizeSettings\":\"count_\",\"sizeAggregation\":\"Sum\",\"labelSettings\":\"City\",\"legendMetric\":\"count_\",\"legendAggregation\":\"Sum\",\"itemColorSettings\":{\"nodeColorField\":\"count_\",\"colorAggregation\":\"Sum\",\"type\":\"heatmap\",\"heatmapPalette\":\"greenRed\"},\"numberFormatSettings\":{\"unit\":17,\"options\":{\"style\":\"decimal\",\"maximumFractionDigits\":1}}}},\"customWidth\":\"50\",\"name\":\"query - 17\"},{\"type\":3,\"content\":{\"version\":\"KqlItem/1.0\",\"query\":\"CarbonBlackEvents_CL\\r\\n| mvexpand todynamic(threatIndicators_s)\\r\\n| where threatIndicators_s in ({ThreatIndicator}) or '*' in ({ThreatIndicator})\\r\\n| where deviceDetails_deviceLocation_countryName_s in ({Location}) or '*' in ({Location})\\r\\n| where deviceDetails_targetPriorityType_s in ({PriorityType}) or '*' in ({PriorityType})\\r\\n| where eventType_s in ({EventType}) or '*' in ({EventType})\\r\\n| extend eventTime = datetime(1970-01-01) + tolong(eventTime_d/1000) * 1sec\\r\\n| summarize HIGH = countif(deviceDetails_targetPriorityType_s == \\\"HIGH\\\"), MEDIUM = countif(deviceDetails_targetPriorityType_s == \\\"MEDIUM\\\"), LOW = countif(deviceDetails_targetPriorityType_s == \\\"LOW\\\"),  Total = count() by ParentProcess = processDetails_name_s\\r\\n| top 10 by Total\",\"size\":0,\"title\":\"Top 10 Parent Processes\",\"timeContext\":{\"durationMs\":0},\"timeContextFromParameter\":\"TimeRange\",\"queryType\":0,\"resourceType\":\"microsoft.operationalinsights/workspaces\",\"gridSettings\":{\"formatters\":[{\"columnMatch\":\"HIGH\",\"formatter\":8,\"formatOptions\":{\"palette\":\"redDark\"},\"numberFormat\":{\"unit\":17,\"options\":{\"style\":\"decimal\",\"useGrouping\":true}}},{\"columnMatch\":\"MEDIUM\",\"formatter\":8,\"formatOptions\":{\"palette\":\"orange\"},\"numberFormat\":{\"unit\":17,\"options\":{\"style\":\"decimal\",\"useGrouping\":false,\"maximumFractionDigits\":1}}},{\"columnMatch\":\"LOW\",\"formatter\":8,\"formatOptions\":{\"palette\":\"blue\"},\"numberFormat\":{\"unit\":17,\"options\":{\"style\":\"decimal\",\"useGrouping\":false,\"maximumFractionDigits\":2}}},{\"columnMatch\":\"Total\",\"formatter\":3,\"formatOptions\":{\"palette\":\"yellowOrangeRed\"},\"numberFormat\":{\"unit\":17,\"options\":{\"style\":\"decimal\",\"maximumFractionDigits\":1}}},{\"columnMatch\":\"Count\",\"formatter\":0,\"numberFormat\":{\"unit\":17,\"options\":{\"style\":\"decimal\",\"useGrouping\":false,\"maximumFractionDigits\":2}}}],\"labelSettings\":[{\"columnId\":\"ParentProcess\",\"label\":\"Parent Process\"},{\"columnId\":\"HIGH\"},{\"columnId\":\"MEDIUM\"},{\"columnId\":\"LOW\"},{\"columnId\":\"Total\"}]},\"tileSettings\":{\"showBorder\":false,\"titleContent\":{\"columnMatch\":\"ApplicationName\",\"formatter\":1},\"leftContent\":{\"columnMatch\":\"Count\",\"formatter\":12,\"formatOptions\":{\"palette\":\"auto\"},\"numberFormat\":{\"unit\":17,\"options\":{\"maximumSignificantDigits\":3,\"maximumFractionDigits\":2}}}}},\"customWidth\":\"50\",\"name\":\"query - 9 - Copy\"},{\"type\":3,\"content\":{\"version\":\"KqlItem/1.0\",\"query\":\"CarbonBlackEvents_CL\\r\\n| mvexpand todynamic(threatIndicators_s)\\r\\n| where threatIndicators_s in ({ThreatIndicator}) or '*' in ({ThreatIndicator})\\r\\n| where deviceDetails_deviceLocation_countryName_s in ({Location}) or '*' in ({Location})\\r\\n| where deviceDetails_targetPriorityType_s in ({PriorityType}) or '*' in ({PriorityType})\\r\\n| where eventType_s in ({EventType}) or '*' in ({EventType})\\r\\n| where deviceDetails_deviceVersion_s in ({SensorOS}) or '*' in ({SensorOS})\\r\\n| extend eventTime = datetime(1970-01-01) + tolong(eventTime_d/1000) * 1sec\\r\\n| summarize count() by eventType_s\",\"size\":0,\"title\":\"Event Types\",\"timeContext\":{\"durationMs\":0},\"timeContextFromParameter\":\"TimeRange\",\"queryType\":0,\"resourceType\":\"microsoft.operationalinsights/workspaces\",\"visualization\":\"piechart\"},\"customWidth\":\"50\",\"name\":\"query - 7\"},{\"type\":3,\"content\":{\"version\":\"KqlItem/1.0\",\"query\":\"CarbonBlackEvents_CL\\r\\n| mvexpand todynamic(threatIndicators_s)\\r\\n| where threatIndicators_s in ({ThreatIndicator}) or '*' in ({ThreatIndicator})\\r\\n| where deviceDetails_deviceLocation_countryName_s in ({Location}) or '*' in ({Location})\\r\\n| where deviceDetails_targetPriorityType_s in ({PriorityType}) or '*' in ({PriorityType})\\r\\n| where eventType_s in ({EventType}) or '*' in ({EventType})\\r\\n| where deviceDetails_deviceVersion_s in ({SensorOS}) or '*' in ({SensorOS})\\r\\n| extend eventTime = datetime(1970-01-01) + tolong(eventTime_d/1000) * 1sec\\r\\n| summarize count() by targetApp_effectiveReputation_s\",\"size\":0,\"title\":\"Trageted Application Reputation Types\",\"timeContext\":{\"durationMs\":0},\"timeContextFromParameter\":\"TimeRange\",\"queryType\":0,\"resourceType\":\"microsoft.operationalinsights/workspaces\",\"visualization\":\"piechart\"},\"customWidth\":\"50\",\"name\":\"query - 7 - Copy\",\"styleSettings\":{\"progressStyle\":\"squares\"}},{\"type\":3,\"content\":{\"version\":\"KqlItem/1.0\",\"query\":\"CarbonBlackEvents_CL\\r\\n| where deviceDetails_deviceLocation_countryName_s in ({Location}) or '*' in ({Location})\\r\\n| where deviceDetails_targetPriorityType_s in ({PriorityType}) or '*' in ({PriorityType})\\r\\n| where eventType_s in ({EventType}) or '*' in ({EventType})\\r\\n| where deviceDetails_deviceVersion_s in ({SensorOS}) or '*' in ({SensorOS})\\r\\n| extend eventTime = datetime(1970-01-01) + tolong(eventTime_d/1000) * 1sec\\r\\n| summarize Sensors = dcount(deviceDetails_deviceName_s)\",\"size\":0,\"title\":\"Total Sensors\",\"timeContext\":{\"durationMs\":0},\"timeContextFromParameter\":\"TimeRange\",\"queryType\":0,\"resourceType\":\"microsoft.operationalinsights/workspaces\",\"visualization\":\"tiles\",\"gridSettings\":{\"formatters\":[{\"columnMatch\":\"Count\",\"formatter\":3,\"formatOptions\":{\"palette\":\"blue\"},\"numberFormat\":{\"unit\":17,\"options\":{\"style\":\"decimal\",\"useGrouping\":true,\"maximumFractionDigits\":1}}}]},\"tileSettings\":{\"titleContent\":{\"formatter\":1},\"leftContent\":{\"columnMatch\":\"Sensors\",\"formatter\":12,\"formatOptions\":{\"palette\":\"auto\"}},\"showBorder\":false,\"size\":\"auto\"}},\"customWidth\":\"20\",\"name\":\"query - 9 - Copy\"},{\"type\":3,\"content\":{\"version\":\"KqlItem/1.0\",\"query\":\"CarbonBlackEvents_CL\\r\\n| mvexpand todynamic(threatIndicators_s)\\r\\n| where threatIndicators_s in ({ThreatIndicator}) or '*' in ({ThreatIndicator})\\r\\n| where deviceDetails_deviceLocation_countryName_s in ({Location}) or '*' in ({Location})\\r\\n| where deviceDetails_targetPriorityType_s in ({PriorityType}) or '*' in ({PriorityType})\\r\\n| where eventType_s in ({EventType}) or '*' in ({EventType})\\r\\n| where deviceDetails_deviceVersion_s in ({SensorOS}) or '*' in ({SensorOS})\\r\\n| extend eventTime = datetime(1970-01-01) + tolong(eventTime_d/1000) * 1sec\\r\\n| summarize Total = count() by Sensor = deviceDetails_deviceName_s\\r\\n| top 10 by Total\",\"size\":0,\"title\":\"Top 10 Event Generating Sensors\",\"timeContext\":{\"durationMs\":0},\"timeContextFromParameter\":\"TimeRange\",\"queryType\":0,\"resourceType\":\"microsoft.operationalinsights/workspaces\",\"gridSettings\":{\"formatters\":[{\"columnMatch\":\"Total\",\"formatter\":3,\"formatOptions\":{\"palette\":\"hotCold\"},\"numberFormat\":{\"unit\":17,\"options\":{\"style\":\"decimal\",\"useGrouping\":false,\"maximumFractionDigits\":1}}},{\"columnMatch\":\"Count\",\"formatter\":3,\"formatOptions\":{\"palette\":\"blue\"},\"numberFormat\":{\"unit\":17,\"options\":{\"style\":\"decimal\",\"useGrouping\":true,\"maximumFractionDigits\":1}}}]}},\"customWidth\":\"40\",\"name\":\"query - 9\"},{\"type\":3,\"content\":{\"version\":\"KqlItem/1.0\",\"query\":\"CarbonBlackEvents_CL\\r\\n| mvexpand todynamic(threatIndicators_s)\\r\\n| where threatIndicators_s in ({ThreatIndicator}) or '*' in ({ThreatIndicator})\\r\\n| where deviceDetails_deviceLocation_countryName_s in ({Location}) or '*' in ({Location})\\r\\n| where deviceDetails_targetPriorityType_s in ({PriorityType}) or '*' in ({PriorityType})\\r\\n| where eventType_s in ({EventType}) or '*' in ({EventType})\\r\\n| where deviceDetails_deviceVersion_s in ({SensorOS}) or '*' in ({SensorOS})\\r\\n| extend eventTime = datetime(1970-01-01) + tolong(eventTime_d/1000) * 1sec\\r\\n| summarize Total = dcount(deviceDetails_deviceName_s) by ['OS Version'] = deviceDetails_deviceVersion_s\",\"size\":0,\"title\":\"Top 10 Sensor Operating Systems\",\"timeContext\":{\"durationMs\":0},\"timeContextFromParameter\":\"TimeRange\",\"queryType\":0,\"resourceType\":\"microsoft.operationalinsights/workspaces\",\"gridSettings\":{\"formatters\":[{\"columnMatch\":\"Total\",\"formatter\":3,\"formatOptions\":{\"palette\":\"blue\"}}]}},\"customWidth\":\"40\",\"name\":\"query - 9 - Copy\"},{\"type\":3,\"content\":{\"version\":\"KqlItem/1.0\",\"query\":\"CarbonBlackEvents_CL\\r\\n| mvexpand todynamic(threatIndicators_s)\\r\\n| where threatIndicators_s in ({ThreatIndicator}) or '*' in ({ThreatIndicator})\\r\\n| where deviceDetails_deviceLocation_countryName_s in ({Location}) or '*' in ({Location})\\r\\n| where deviceDetails_targetPriorityType_s in ({PriorityType}) or '*' in ({PriorityType})\\r\\n| where eventType_s in ({EventType}) or '*' in ({EventType})\\r\\n| extend eventTime = datetime(1970-01-01) + tolong(eventTime_d/1000) * 1sec\\r\\n| where targetApp_effectiveReputation_s == \\\"KNOWN_MALWARE\\\"\\r\\n| summarize count() by eventTime, processDetails_fullUserName_s, deviceDetails_deviceName_s, processDetails_targetName_s, targetApp_applicationName_s\\r\\n| project-away count_\\r\\n| sort by eventTime desc, deviceDetails_deviceName_s asc\",\"size\":0,\"title\":\"Recent Known Malware Detected\",\"timeContext\":{\"durationMs\":0},\"timeContextFromParameter\":\"TimeRange\",\"queryType\":0,\"resourceType\":\"microsoft.operationalinsights/workspaces\",\"gridSettings\":{\"formatters\":[{\"columnMatch\":\"HIGH\",\"formatter\":8,\"formatOptions\":{\"palette\":\"redDark\"},\"numberFormat\":{\"unit\":17,\"options\":{\"style\":\"decimal\",\"useGrouping\":true}}},{\"columnMatch\":\"MEDIUM\",\"formatter\":8,\"formatOptions\":{\"palette\":\"orange\"},\"numberFormat\":{\"unit\":17,\"options\":{\"style\":\"decimal\",\"useGrouping\":false,\"maximumFractionDigits\":1}}},{\"columnMatch\":\"LOW\",\"formatter\":8,\"formatOptions\":{\"palette\":\"blue\"},\"numberFormat\":{\"unit\":17,\"options\":{\"style\":\"decimal\",\"useGrouping\":false,\"maximumFractionDigits\":2}}},{\"columnMatch\":\"Total\",\"formatter\":3,\"formatOptions\":{\"palette\":\"yellowOrangeRed\"},\"numberFormat\":{\"unit\":17,\"options\":{\"style\":\"decimal\",\"maximumFractionDigits\":1}}},{\"columnMatch\":\"Count\",\"formatter\":0,\"numberFormat\":{\"unit\":17,\"options\":{\"style\":\"decimal\",\"useGrouping\":false,\"maximumFractionDigits\":2}}}],\"labelSettings\":[{\"columnId\":\"eventTime\",\"label\":\"Event Time\"},{\"columnId\":\"processDetails_fullUserName_s\",\"label\":\"User\"},{\"columnId\":\"deviceDetails_deviceName_s\",\"label\":\"Endpoint\"},{\"columnId\":\"processDetails_targetName_s\",\"label\":\"Process Name\"},{\"columnId\":\"targetApp_applicationName_s\",\"label\":\"Application Name\"}]},\"tileSettings\":{\"showBorder\":false,\"titleContent\":{\"columnMatch\":\"ApplicationName\",\"formatter\":1},\"leftContent\":{\"columnMatch\":\"Count\",\"formatter\":12,\"formatOptions\":{\"palette\":\"auto\"},\"numberFormat\":{\"unit\":17,\"options\":{\"maximumSignificantDigits\":3,\"maximumFractionDigits\":2}}}}},\"customWidth\":\"50\",\"name\":\"query - 9 - Copy - Copy\"},{\"type\":3,\"content\":{\"version\":\"KqlItem/1.0\",\"query\":\"CarbonBlackEvents_CL\\r\\n| mvexpand todynamic(threatIndicators_s)\\r\\n| where threatIndicators_s in ({ThreatIndicator}) or '*' in ({ThreatIndicator})\\r\\n| where deviceDetails_deviceLocation_countryName_s in ({Location}) or '*' in ({Location})\\r\\n| where deviceDetails_targetPriorityType_s in ({PriorityType}) or '*' in ({PriorityType})\\r\\n| where eventType_s in ({EventType}) or '*' in ({EventType})\\r\\n| extend eventTime = datetime(1970-01-01) + tolong(eventTime_d/1000) * 1sec\\r\\n| where targetApp_effectiveReputation_s == \\\"KNOWN_MALWARE\\\"\\r\\n| summarize count() by deviceDetails_deviceName_s, bin(TimeGenerated,{TimeRange:grain})\",\"size\":0,\"title\":\"Known Malware Activity by Endpoint\",\"timeContext\":{\"durationMs\":0},\"timeContextFromParameter\":\"TimeRange\",\"queryType\":0,\"resourceType\":\"microsoft.operationalinsights/workspaces\",\"visualization\":\"barchart\",\"gridSettings\":{\"formatters\":[{\"columnMatch\":\"HIGH\",\"formatter\":8,\"formatOptions\":{\"palette\":\"redDark\"},\"numberFormat\":{\"unit\":17,\"options\":{\"style\":\"decimal\",\"useGrouping\":true}}},{\"columnMatch\":\"MEDIUM\",\"formatter\":8,\"formatOptions\":{\"palette\":\"orange\"},\"numberFormat\":{\"unit\":17,\"options\":{\"style\":\"decimal\",\"useGrouping\":false,\"maximumFractionDigits\":1}}},{\"columnMatch\":\"LOW\",\"formatter\":8,\"formatOptions\":{\"palette\":\"blue\"},\"numberFormat\":{\"unit\":17,\"options\":{\"style\":\"decimal\",\"useGrouping\":false,\"maximumFractionDigits\":2}}},{\"columnMatch\":\"Total\",\"formatter\":3,\"formatOptions\":{\"palette\":\"yellowOrangeRed\"},\"numberFormat\":{\"unit\":17,\"options\":{\"style\":\"decimal\",\"maximumFractionDigits\":1}}},{\"columnMatch\":\"Count\",\"formatter\":0,\"numberFormat\":{\"unit\":17,\"options\":{\"style\":\"decimal\",\"useGrouping\":false,\"maximumFractionDigits\":2}}}],\"labelSettings\":[{\"columnId\":\"eventTime\",\"label\":\"Event Time\"},{\"columnId\":\"processDetails_fullUserName_s\",\"label\":\"User\"},{\"columnId\":\"deviceDetails_deviceName_s\",\"label\":\"Endpoint\"},{\"columnId\":\"processDetails_targetName_s\",\"label\":\"Process Name\"},{\"columnId\":\"targetApp_applicationName_s\",\"label\":\"Application Name\"}]},\"tileSettings\":{\"showBorder\":false,\"titleContent\":{\"columnMatch\":\"ApplicationName\",\"formatter\":1},\"leftContent\":{\"columnMatch\":\"Count\",\"formatter\":12,\"formatOptions\":{\"palette\":\"auto\"},\"numberFormat\":{\"unit\":17,\"options\":{\"maximumSignificantDigits\":3,\"maximumFractionDigits\":2}}}}},\"customWidth\":\"50\",\"name\":\"query - 9 - Copy - Copy - Copy\"}],\"fromTemplateId\":\"sentinel-VMwareCarbonBlack\",\"$schema\":\"https://github.com/Microsoft/Application-Insights-Workbooks/blob/master/schema/workbook.json\"}\r\n",
                "version": "1.0",
                "sourceId": "[variables('workspaceResourceId')]",
                "category": "sentinel"
              }
            },
            {
              "type": "Microsoft.OperationalInsights/workspaces/providers/metadata",
              "apiVersion": "2022-01-01-preview",
              "name": "[concat(parameters('workspace'),'/Microsoft.SecurityInsights/',concat('Workbook-', last(split(variables('workbookId1'),'/'))))]",
              "properties": {
                "description": "@{workbookKey=VMwareCarbonBlack; logoFileName=Azure_Sentinel.svg; description=Sets the time name for analysis; dataTypesDependencies=System.Object[]; dataConnectorsDependencies=System.Object[]; previewImagesFileNames=System.Object[]; version=1.0.0; title=VMware Carbon Black Cloud; templateRelativePath=VMwareCarbonBlack.json; subtitle=; provider=Microsoft}.description",
                "parentId": "[variables('workbookId1')]",
                "contentId": "[variables('_workbookContentId1')]",
                "kind": "Workbook",
                "version": "[variables('workbookVersion1')]",
                "source": {
                  "kind": "Solution",
                  "name": "VMware Carbon Black Cloud",
                  "sourceId": "[variables('_solutionId')]"
                },
                "author": {
                  "name": "Microsoft",
                  "email": "[variables('_email')]"
                },
                "support": {
                  "name": "Microsoft",
                  "tier": "Microsoft",
                  "email": "support@microsoft.com",
                  "link": "https://support.microsoft.com/"
                },
                "dependencies": {
                  "operator": "AND",
                  "criteria": [
                    {
                      "contentId": "CarbonBlackEvents_CL",
                      "kind": "DataType"
                    },
                    {
                      "contentId": "CarbonBlackAuditLogs_CL",
                      "kind": "DataType"
                    },
                    {
                      "contentId": "CarbonBlackNotifications_CL",
                      "kind": "DataType"
                    },
                    {
                      "contentId": "VMwareCarbonBlack",
                      "kind": "DataConnector"
                    }
                  ]
                }
              }
            }
          ]
        }
      }
    },
    {
      "type": "Microsoft.OperationalInsights/workspaces/providers/metadata",
      "apiVersion": "2022-01-01-preview",
      "location": "[parameters('workspace-location')]",
      "properties": {
        "version": "2.0.0",
        "kind": "Solution",
        "contentSchemaVersion": "2.0.0",
        "contentId": "[variables('_solutionId')]",
        "parentId": "[variables('_solutionId')]",
        "source": {
          "kind": "Solution",
          "name": "VMware Carbon Black Cloud",
          "sourceId": "[variables('_solutionId')]"
        },
        "author": {
          "name": "Microsoft",
          "email": "[variables('_email')]"
        },
        "support": {
          "name": "Microsoft",
          "email": "support@microsoft.com",
          "tier": "Microsoft",
          "link": "https://support.microsoft.com/"
        },
        "dependencies": {
          "operator": "AND",
          "criteria": [
            {
              "kind": "DataConnector",
              "contentId": "[variables('_dataConnectorContentId1')]",
              "version": "[variables('dataConnectorVersion1')]"
            },
            {
              "kind": "AnalyticsRule",
              "contentId": "[variables('analyticRulecontentId1')]",
              "version": "[variables('analyticRuleVersion1')]"
            },
            {
              "kind": "AnalyticsRule",
              "contentId": "[variables('analyticRulecontentId2')]",
              "version": "[variables('analyticRuleVersion2')]"
            },
            {
              "kind": "Workbook",
              "contentId": "[variables('_workbookContentId1')]",
              "version": "[variables('workbookVersion1')]"
            }
          ]
        },
        "firstPublishDate": "2022-06-01",
        "providers": [
          "VMWare"
        ],
        "categories": {
          "domains": [
            "Security - Threat Protection"
          ]
        }
      },
      "name": "[concat(parameters('workspace'),'/Microsoft.SecurityInsights/', variables('_solutionId'))]"
    }
  ],
  "outputs": {}
}
