{
  "$schema": "https://schema.management.azure.com/schemas/2019-04-01/deploymentTemplate.json#",
  "contentVersion": "1.0.0.0",
  "metadata": {
    "author": "Microsoft - support@microsoft.com",
    "comments": "Solution template for FireEye Network Security"
  },
  "parameters": {
    "location": {
      "type": "string",
      "minLength": 1,
      "defaultValue": "[resourceGroup().location]",
      "metadata": {
        "description": "Not used, but needed to pass arm-ttk test `Location-Should-Not-Be-Hardcoded`.  We instead use the `workspace-location` which is derived from the LA workspace"
      }
    },
    "workspace-location": {
      "type": "string",
      "defaultValue": "",
      "metadata": {
        "description": "[concat('Region to deploy solution resources -- separate from location selection',parameters('location'))]"
      }
    },
    "workspace": {
      "defaultValue": "",
      "type": "string",
      "metadata": {
        "description": "Workspace name for Log Analytics where Microsoft Sentinel is setup"
      }
    }
  },
  "variables": {
    "solutionId": "azuresentinel.azure-sentinel-solution-fireeyenx",
    "_solutionId": "[variables('solutionId')]",
    "email": "support@microsoft.com",
    "_email": "[variables('email')]",
    "workspaceResourceId": "[resourceId('microsoft.OperationalInsights/Workspaces', parameters('workspace'))]",
    "uiConfigId1": "FireEyeNX",
    "_uiConfigId1": "[variables('uiConfigId1')]",
    "dataConnectorContentId1": "FireEyeNX",
    "_dataConnectorContentId1": "[variables('dataConnectorContentId1')]",
    "dataConnectorId1": "[extensionResourceId(resourceId('Microsoft.OperationalInsights/workspaces', parameters('workspace')), 'Microsoft.SecurityInsights/dataConnectors', variables('_dataConnectorContentId1'))]",
    "_dataConnectorId1": "[variables('dataConnectorId1')]",
    "dataConnectorTemplateSpecName1": "[concat(parameters('workspace'),'-dc-',uniquestring(variables('_dataConnectorContentId1')))]",
    "dataConnectorVersion1": "1.0.0",
    "parserVersion1": "1.0.0",
    "parserContentId1": "FireEyeNXEvent-Parser",
    "_parserContentId1": "[variables('parserContentId1')]",
    "parserName1": "FireEyeNXEvent",
    "_parserName1": "[concat(parameters('workspace'),'/',variables('parserName1'))]",
    "parserId1": "[resourceId('Microsoft.OperationalInsights/workspaces/savedSearches', parameters('workspace'), variables('parserName1'))]",
    "_parserId1": "[variables('parserId1')]",
    "parserTemplateSpecName1": "[concat(parameters('workspace'),'-pr-',uniquestring(variables('_parserContentId1')))]"
  },
  "resources": [
    {
      "type": "Microsoft.Resources/templateSpecs",
      "apiVersion": "2021-05-01",
      "name": "[variables('dataConnectorTemplateSpecName1')]",
      "location": "[parameters('workspace-location')]",
      "tags": {
        "hidden-sentinelWorkspaceId": "[variables('workspaceResourceId')]",
        "hidden-sentinelContentType": "DataConnector"
      },
      "properties": {
        "description": "FireEye Network Security data connector with template",
        "displayName": "FireEye Network Security template"
      }
    },
    {
      "type": "Microsoft.Resources/templateSpecs/versions",
      "apiVersion": "2021-05-01",
      "name": "[concat(variables('dataConnectorTemplateSpecName1'),'/',variables('dataConnectorVersion1'))]",
      "location": "[parameters('workspace-location')]",
      "tags": {
        "hidden-sentinelWorkspaceId": "[variables('workspaceResourceId')]",
        "hidden-sentinelContentType": "DataConnector"
      },
      "dependsOn": [
        "[resourceId('Microsoft.Resources/templateSpecs', variables('dataConnectorTemplateSpecName1'))]"
      ],
      "properties": {
        "description": "FireEye Network Security data connector with template version 2.0.2",
        "mainTemplate": {
          "$schema": "https://schema.management.azure.com/schemas/2019-04-01/deploymentTemplate.json#",
          "contentVersion": "[variables('dataConnectorVersion1')]",
          "parameters": {},
          "variables": {},
          "resources": [
            {
              "name": "[concat(parameters('workspace'),'/Microsoft.SecurityInsights/',variables('_dataConnectorContentId1'))]",
              "apiVersion": "2021-03-01-preview",
              "type": "Microsoft.OperationalInsights/workspaces/providers/dataConnectors",
              "location": "[parameters('workspace-location')]",
              "kind": "GenericUI",
              "properties": {
                "connectorUiConfig": {
                  "id": "[variables('_uiConfigId1')]",
                  "title": "FireEye Network Security (NX)",
                  "publisher": "FireEye",
                  "descriptionMarkdown": "The [FireEye Network Security (NX)](https://www.fireeye.com/products/network-security.html) data connector provides the capability to ingest FireEye Network Security logs into Microsoft Sentinel.",
                  "additionalRequirementBanner": "This data connector depends on a parser based on a Kusto Function to work as expected [**FireEyeNXEvent**](https://aka.ms/sentinel-FireEyeNX-parser) which is deployed with the Microsoft Sentinel Solution.",
                  "graphQueries": [
                    {
                      "metricName": "Total data received",
                      "legend": "FireEyeNX",
                      "baseQuery": "FireEyeNXEvent"
                    }
                  ],
                  "sampleQueries": [
                    {
                      "description": "Top 10 Sources",
                      "query": "FireEyeNXEvent\n | where isnotempty(SrcIpAddr)\n    | summarize count() by SrcIpAddr\n | top 10 by count_"
                    }
                  ],
                  "dataTypes": [
                    {
                      "name": "CommonSecurityLog (FireEyeNX)",
                      "lastDataReceivedQuery": "FireEyeNXEvent\n            | summarize Time = max(TimeGenerated)\n            | where isnotempty(Time)"
                    }
                  ],
                  "connectivityCriterias": [
                    {
                      "type": "IsConnectedQuery",
                      "value": [
                        "FireEyeNXEvent\n            | summarize LastLogReceived = max(TimeGenerated)\n            | project IsConnected = LastLogReceived > ago(30d)"
                      ]
                    }
                  ],
                  "availability": {
                    "status": 1,
                    "isPreview": false
                  },
                  "permissions": {
                    "resourceProvider": [
                      {
                        "provider": "Microsoft.OperationalInsights/workspaces",
                        "permissionsDisplayText": "read and write permissions are required.",
                        "providerDisplayName": "Workspace",
                        "scope": "Workspace",
                        "requiredPermissions": {
                          "write": true,
                          "read": true,
                          "delete": true
                        }
                      },
                      {
                        "provider": "Microsoft.OperationalInsights/workspaces/sharedKeys",
                        "permissionsDisplayText": "read permissions to shared keys for the workspace are required. [See the documentation to learn more about workspace keys](https://docs.microsoft.com/azure/azure-monitor/platform/agent-windows#obtain-workspace-id-and-key).",
                        "providerDisplayName": "Keys",
                        "scope": "Workspace",
                        "requiredPermissions": {
                          "action": true
                        }
                      }
                    ]
                  },
                  "instructionSteps": [
                    {
                      "description": ">**NOTE:** This data connector depends on a parser based on a Kusto Function to work as expected [**FireEyeNXEvent**](https://aka.ms/sentinel-FireEyeNX-parser) which is deployed with the Microsoft Sentinel Solution."
                    },
                    {
                      "description": ">**NOTE:** This data connector has been developed using FEOS release v9.0"
                    },
                    {
                      "description": "Install and configure the Linux agent to collect your Common Event Format (CEF) Syslog messages and forward them to Microsoft Sentinel.\n\n> Notice that the data from all regions will be stored in the selected workspace",
                      "innerSteps": [
                        {
                          "title": "1.1 Select or create a Linux machine",
                          "description": "Select or create a Linux machine that Microsoft Sentinel will use as the proxy between your security solution and Microsoft Sentinel this machine can be on your on-prem environment, Azure or other clouds."
                        },
                        {
                          "title": "1.2 Install the CEF collector on the Linux machine",
                          "description": "Install the Microsoft Monitoring Agent on your Linux machine and configure the machine to listen on the necessary port and forward messages to your Microsoft Sentinel workspace. The CEF collector collects CEF messages on port 514 TCP.\n\n> 1. Make sure that you have Python on your machine using the following command: python -version.\n\n> 2. You must have elevated permissions (sudo) on your machine.",
                          "instructions": [
                            {
                              "parameters": {
                                "fillWith": [
                                  "WorkspaceId",
                                  "PrimaryKey"
                                ],
                                "label": "Run the following command to install and apply the CEF collector:",
                                "value": "sudo wget -O cef_installer.py https://raw.githubusercontent.com/Azure/Azure-Sentinel/master/DataConnectors/CEF/cef_installer.py&&sudo python cef_installer.py {0} {1}"
                              },
                              "type": "CopyableLabel"
                            }
                          ]
                        }
                      ],
                      "title": "1. Linux Syslog agent configuration"
                    },
                    {
                      "description": "Complete the following steps to send data using CEF:\n\n2.1. Log into the FireEye appliance with an administrator account\n\n2.2. Click **Settings**\n\n2.3. Click **Notifications**\n\nClick **rsyslog**\n\n2.4. Check the **Event type** check box\n\n2.5. Make sure Rsyslog settings are:\n\n- Default format: CEF\n\n- Default delivery: Per event\n\n- Default send as: Alert",
                      "title": "2.  Configure FireEye NX to send logs using CEF"
                    },
                    {
                      "description": "Follow the instructions to validate your connectivity:\n\nOpen Log Analytics to check if the logs are received using the CommonSecurityLog schema.\n\n>It may take about 20 minutes until the connection streams data to your workspace.\n\nIf the logs are not received, run the following connectivity validation script:\n\n> 1. Make sure that you have Python on your machine using the following command: python -version\n\n>2. You must have elevated permissions (sudo) on your machine",
                      "instructions": [
                        {
                          "parameters": {
                            "fillWith": [
                              "WorkspaceId"
                            ],
                            "label": "Run the following command to validate your connectivity:",
                            "value": "sudo wget -O cef_troubleshoot.py https://raw.githubusercontent.com/Azure/Azure-Sentinel/master/DataConnectors/CEF/cef_troubleshoot.py&&sudo python cef_troubleshoot.py  {0}"
                          },
                          "type": "CopyableLabel"
                        }
                      ],
                      "title": "3. Validate connection"
                    },
                    {
                      "description": "Make sure to configure the machine's security according to your organization's security policy\n\n\n[Learn more >](https://aka.ms/SecureCEF)",
                      "title": "4. Secure your machine "
                    }
                  ]
                }
              }
            },
            {
              "type": "Microsoft.OperationalInsights/workspaces/providers/metadata",
              "apiVersion": "2022-01-01-preview",
              "name": "[concat(parameters('workspace'),'/Microsoft.SecurityInsights/',concat('DataConnector-', last(split(variables('_dataConnectorId1'),'/'))))]",
              "properties": {
                "parentId": "[extensionResourceId(resourceId('Microsoft.OperationalInsights/workspaces', parameters('workspace')), 'Microsoft.SecurityInsights/dataConnectors', variables('_dataConnectorContentId1'))]",
                "contentId": "[variables('_dataConnectorContentId1')]",
                "kind": "DataConnector",
                "version": "[variables('dataConnectorVersion1')]",
                "source": {
                  "kind": "Solution",
                  "name": "FireEye Network Security",
                  "sourceId": "[variables('_solutionId')]"
                },
                "author": {
                  "name": "Microsoft",
                  "email": "[variables('_email')]"
                },
                "support": {
                  "name": "Microsoft Corporation",
                  "email": "support@microsoft.com",
                  "tier": "Microsoft",
                  "link": "https://support.microsoft.com"
                }
              }
            }
          ]
        }
      }
    },
    {
      "type": "Microsoft.OperationalInsights/workspaces/providers/metadata",
      "apiVersion": "2022-01-01-preview",
      "name": "[concat(parameters('workspace'),'/Microsoft.SecurityInsights/',concat('DataConnector-', last(split(variables('_dataConnectorId1'),'/'))))]",
      "dependsOn": [
        "[variables('_dataConnectorId1')]"
      ],
      "location": "[parameters('workspace-location')]",
      "properties": {
        "parentId": "[extensionResourceId(resourceId('Microsoft.OperationalInsights/workspaces', parameters('workspace')), 'Microsoft.SecurityInsights/dataConnectors', variables('_dataConnectorContentId1'))]",
        "contentId": "[variables('_dataConnectorContentId1')]",
        "kind": "DataConnector",
        "version": "[variables('dataConnectorVersion1')]",
        "source": {
          "kind": "Solution",
          "name": "FireEye Network Security",
          "sourceId": "[variables('_solutionId')]"
        },
        "author": {
          "name": "Microsoft",
          "email": "[variables('_email')]"
        },
        "support": {
          "name": "Microsoft Corporation",
          "email": "support@microsoft.com",
          "tier": "Microsoft",
          "link": "https://support.microsoft.com"
        }
      }
    },
    {
      "name": "[concat(parameters('workspace'),'/Microsoft.SecurityInsights/',variables('_dataConnectorContentId1'))]",
      "apiVersion": "2021-03-01-preview",
      "type": "Microsoft.OperationalInsights/workspaces/providers/dataConnectors",
      "location": "[parameters('workspace-location')]",
      "kind": "GenericUI",
      "properties": {
        "connectorUiConfig": {
          "title": "FireEye Network Security (NX)",
          "publisher": "FireEye",
          "descriptionMarkdown": "The [FireEye Network Security (NX)](https://www.fireeye.com/products/network-security.html) data connector provides the capability to ingest FireEye Network Security logs into Microsoft Sentinel.",
          "graphQueries": [
            {
              "metricName": "Total data received",
              "legend": "FireEyeNX",
              "baseQuery": "FireEyeNXEvent"
            }
          ],
          "dataTypes": [
            {
              "name": "CommonSecurityLog (FireEyeNX)",
              "lastDataReceivedQuery": "FireEyeNXEvent\n            | summarize Time = max(TimeGenerated)\n            | where isnotempty(Time)"
            }
          ],
          "connectivityCriterias": [
            {
              "type": "IsConnectedQuery",
              "value": [
                "FireEyeNXEvent\n            | summarize LastLogReceived = max(TimeGenerated)\n            | project IsConnected = LastLogReceived > ago(30d)"
              ]
            }
          ],
          "sampleQueries": [
            {
              "description": "Top 10 Sources",
              "query": "FireEyeNXEvent\n | where isnotempty(SrcIpAddr)\n    | summarize count() by SrcIpAddr\n | top 10 by count_"
            }
          ],
          "availability": {
            "status": 1,
            "isPreview": false
          },
          "permissions": {
            "resourceProvider": [
              {
                "provider": "Microsoft.OperationalInsights/workspaces",
                "permissionsDisplayText": "read and write permissions are required.",
                "providerDisplayName": "Workspace",
                "scope": "Workspace",
                "requiredPermissions": {
                  "write": true,
                  "read": true,
                  "delete": true
                }
              },
              {
                "provider": "Microsoft.OperationalInsights/workspaces/sharedKeys",
                "permissionsDisplayText": "read permissions to shared keys for the workspace are required. [See the documentation to learn more about workspace keys](https://docs.microsoft.com/azure/azure-monitor/platform/agent-windows#obtain-workspace-id-and-key).",
                "providerDisplayName": "Keys",
                "scope": "Workspace",
                "requiredPermissions": {
                  "action": true
                }
              }
            ]
          },
          "instructionSteps": [
            {
              "description": ">**NOTE:** This data connector depends on a parser based on a Kusto Function to work as expected [**FireEyeNXEvent**](https://aka.ms/sentinel-FireEyeNX-parser) which is deployed with the Microsoft Sentinel Solution."
            },
            {
              "description": ">**NOTE:** This data connector has been developed using FEOS release v9.0"
            },
            {
              "description": "Install and configure the Linux agent to collect your Common Event Format (CEF) Syslog messages and forward them to Microsoft Sentinel.\n\n> Notice that the data from all regions will be stored in the selected workspace",
              "innerSteps": [
                {
                  "title": "1.1 Select or create a Linux machine",
                  "description": "Select or create a Linux machine that Microsoft Sentinel will use as the proxy between your security solution and Microsoft Sentinel this machine can be on your on-prem environment, Azure or other clouds."
                },
                {
                  "title": "1.2 Install the CEF collector on the Linux machine",
                  "description": "Install the Microsoft Monitoring Agent on your Linux machine and configure the machine to listen on the necessary port and forward messages to your Microsoft Sentinel workspace. The CEF collector collects CEF messages on port 514 TCP.\n\n> 1. Make sure that you have Python on your machine using the following command: python -version.\n\n> 2. You must have elevated permissions (sudo) on your machine.",
                  "instructions": [
                    {
                      "parameters": {
                        "fillWith": [
                          "WorkspaceId",
                          "PrimaryKey"
                        ],
                        "label": "Run the following command to install and apply the CEF collector:",
                        "value": "sudo wget -O cef_installer.py https://raw.githubusercontent.com/Azure/Azure-Sentinel/master/DataConnectors/CEF/cef_installer.py&&sudo python cef_installer.py {0} {1}"
                      },
                      "type": "CopyableLabel"
                    }
                  ]
                }
              ],
              "title": "1. Linux Syslog agent configuration"
            },
            {
              "description": "Complete the following steps to send data using CEF:\n\n2.1. Log into the FireEye appliance with an administrator account\n\n2.2. Click **Settings**\n\n2.3. Click **Notifications**\n\nClick **rsyslog**\n\n2.4. Check the **Event type** check box\n\n2.5. Make sure Rsyslog settings are:\n\n- Default format: CEF\n\n- Default delivery: Per event\n\n- Default send as: Alert",
              "title": "2.  Configure FireEye NX to send logs using CEF"
            },
            {
              "description": "Follow the instructions to validate your connectivity:\n\nOpen Log Analytics to check if the logs are received using the CommonSecurityLog schema.\n\n>It may take about 20 minutes until the connection streams data to your workspace.\n\nIf the logs are not received, run the following connectivity validation script:\n\n> 1. Make sure that you have Python on your machine using the following command: python -version\n\n>2. You must have elevated permissions (sudo) on your machine",
              "instructions": [
                {
                  "parameters": {
                    "fillWith": [
                      "WorkspaceId"
                    ],
                    "label": "Run the following command to validate your connectivity:",
                    "value": "sudo wget -O cef_troubleshoot.py https://raw.githubusercontent.com/Azure/Azure-Sentinel/master/DataConnectors/CEF/cef_troubleshoot.py&&sudo python cef_troubleshoot.py  {0}"
                  },
                  "type": "CopyableLabel"
                }
              ],
              "title": "3. Validate connection"
            },
            {
              "description": "Make sure to configure the machine's security according to your organization's security policy\n\n\n[Learn more >](https://aka.ms/SecureCEF)",
              "title": "4. Secure your machine "
            }
          ],
          "id": "[variables('_uiConfigId1')]",
          "additionalRequirementBanner": "This data connector depends on a parser based on a Kusto Function to work as expected [**FireEyeNXEvent**](https://aka.ms/sentinel-FireEyeNX-parser) which is deployed with the Microsoft Sentinel Solution."
        }
      }
    },
    {
      "type": "Microsoft.Resources/templateSpecs",
      "apiVersion": "2021-05-01",
      "name": "[variables('parserTemplateSpecName1')]",
      "location": "[parameters('workspace-location')]",
      "tags": {
        "hidden-sentinelWorkspaceId": "[variables('workspaceResourceId')]",
        "hidden-sentinelContentType": "Parser"
      },
      "properties": {
        "description": "FireEyeNXEvent Data Parser with template",
        "displayName": "FireEyeNXEvent Data Parser template"
      }
    },
    {
      "type": "Microsoft.Resources/templateSpecs/versions",
      "apiVersion": "2021-05-01",
      "name": "[concat(variables('parserTemplateSpecName1'),'/',variables('parserVersion1'))]",
      "location": "[parameters('workspace-location')]",
      "tags": {
        "hidden-sentinelWorkspaceId": "[variables('workspaceResourceId')]",
        "hidden-sentinelContentType": "Parser"
      },
      "dependsOn": [
        "[resourceId('Microsoft.Resources/templateSpecs', variables('parserTemplateSpecName1'))]"
      ],
      "properties": {
        "description": "FireEyeNXEvent Data Parser with template version 2.0.2",
        "mainTemplate": {
          "$schema": "https://schema.management.azure.com/schemas/2019-04-01/deploymentTemplate.json#",
          "contentVersion": "[variables('parserVersion1')]",
          "parameters": {},
          "variables": {},
          "resources": [
            {
              "name": "[variables('_parserName1')]",
              "apiVersion": "2020-08-01",
              "type": "Microsoft.OperationalInsights/workspaces/savedSearches",
              "location": "[parameters('workspace-location')]",
              "properties": {
                "eTag": "*",
                "displayName": "FireEyeNXEvent",
                "category": "Samples",
                "functionAlias": "FireEyeNXEvent",
                "query": "\nCommonSecurityLog\r\n| where DeviceVendor =~ 'FireEye'\r\n|extend DeviceCustomNumber1 = coalesce(column_ifexists(\"FieldDeviceCustomNumber1\", long(null)),DeviceCustomNumber1),\r\n\t\tDeviceCustomNumber2 = coalesce(column_ifexists(\"FieldDeviceCustomNumber2\", long(null)),DeviceCustomNumber2),\r\n\t\tDeviceCustomNumber3 = coalesce(column_ifexists(\"FieldDeviceCustomNumber3\", long(null)),DeviceCustomNumber3),\r\n        ExternalID = coalesce(column_ifexists(\"ExtID\", \"\"),tostring(ExternalID))\r\n| extend packed = pack(DeviceCustomNumber1Label, DeviceCustomNumber1\r\n                     , DeviceCustomNumber2Label, DeviceCustomNumber2\r\n                     , DeviceCustomNumber3Label, DeviceCustomNumber3\r\n                     , DeviceCustomString1Label, DeviceCustomString1\r\n                     , DeviceCustomString2Label, DeviceCustomString2\r\n                     , DeviceCustomString3Label, DeviceCustomString3\r\n                     , DeviceCustomString4Label, DeviceCustomString4\r\n                     , DeviceCustomString5Label, DeviceCustomString5\r\n                     , DeviceCustomString6Label, DeviceCustomString6\r\n                     , DeviceCustomDate1Label, DeviceCustomDate1\r\n                     , DeviceCustomDate2Label, DeviceCustomDate2)\r\n| evaluate bag_unpack(packed)\r\n| project-rename EventVendor=DeviceVendor\r\n                , EventProduct=DeviceProduct\r\n                , EventProductVersion=DeviceVersion\r\n                , EventId=DeviceEventClassID\r\n                , EventSeverity=LogSeverity\r\n                , DstPortNumber=DestinationPort\r\n                , DstIpAddr=DestinationIP\r\n                , DvcIpAddr=DeviceAddress\r\n                , DvcHostname=DeviceName\r\n                , NetworkApplicationProtocol=Protocol\r\n                , SrcPortNumber=SourcePort\r\n                , SrcIpAddr=SourceIP\r\n                , DstMacAddr=DestinationMACAddress\r\n                , Id=ExternalID\r\n                , SrcDvcHostname=SourceHostName\r\n                , SrcMacAddr=SourceMACAddress\r\n| extend EventType=Activity\r\n| extend ThreatName = column_ifexists(\"anomaly\", \"\")\r\n         , OsInfo = column_ifexists(\"osinfo\", \"\")\r\n         , Malware = column_ifexists(\"osinfo\", \"\")\r\n         , Vlan = column_ifexists(\"osinfo\", \"\")\r\n         , IncidentUrl = column_ifexists(\"osinfo\", \"\")\r\n| extend EventTimeIngested=todatetime(ReceiptTime)\r\n| project-away Activity\r\n            , ReceiptTime\r\n            , DeviceCustomNumber1\r\n            , DeviceCustomNumber1Label\r\n            , DeviceCustomNumber2\r\n            , DeviceCustomNumber2Label\r\n            , DeviceCustomNumber3\r\n            , DeviceCustomNumber3Label\r\n            , DeviceCustomString1\r\n            , DeviceCustomString1Label\r\n            , DeviceCustomString2\r\n            , DeviceCustomString2Label\r\n            , DeviceCustomString3\r\n            , DeviceCustomString3Label\r\n            , DeviceCustomString4\r\n            , DeviceCustomString4Label\r\n            , DeviceCustomString5\r\n            , DeviceCustomString5Label\r\n            , DeviceCustomString6\r\n            , DeviceCustomString6Label",
                "version": 1,
                "tags": [
                  {
                    "name": "description",
                    "value": "FireEyeNXEvent"
                  }
                ]
              }
            },
            {
              "type": "Microsoft.OperationalInsights/workspaces/providers/metadata",
              "apiVersion": "2022-01-01-preview",
              "name": "[concat(parameters('workspace'),'/Microsoft.SecurityInsights/',concat('Parser-', last(split(variables('_parserId1'),'/'))))]",
              "dependsOn": [
                "[variables('_parserName1')]"
              ],
              "properties": {
                "parentId": "[resourceId('Microsoft.OperationalInsights/workspaces/savedSearches', parameters('workspace'), variables('parserName1'))]",
                "contentId": "[variables('_parserContentId1')]",
                "kind": "Parser",
                "version": "[variables('parserVersion1')]",
                "source": {
                  "name": "FireEye Network Security",
                  "kind": "Solution",
                  "sourceId": "[variables('_solutionId')]"
                },
                "author": {
                  "name": "Microsoft",
                  "email": "[variables('_email')]"
                },
                "support": {
                  "name": "Microsoft Corporation",
                  "email": "support@microsoft.com",
                  "tier": "Microsoft",
                  "link": "https://support.microsoft.com"
                }
              }
            }
          ]
        }
      }
    },
    {
      "type": "Microsoft.OperationalInsights/workspaces/savedSearches",
      "apiVersion": "2021-06-01",
      "name": "[variables('_parserName1')]",
      "location": "[parameters('workspace-location')]",
      "properties": {
        "eTag": "*",
        "displayName": "FireEyeNXEvent",
        "category": "Samples",
        "functionAlias": "FireEyeNXEvent",
        "query": "\nCommonSecurityLog\r\n| where DeviceVendor =~ 'FireEye'\r\n|extend DeviceCustomNumber1 = coalesce(column_ifexists(\"FieldDeviceCustomNumber1\", long(null)),DeviceCustomNumber1),\r\n\t\tDeviceCustomNumber2 = coalesce(column_ifexists(\"FieldDeviceCustomNumber2\", long(null)),DeviceCustomNumber2),\r\n\t\tDeviceCustomNumber3 = coalesce(column_ifexists(\"FieldDeviceCustomNumber3\", long(null)),DeviceCustomNumber3),\r\n        ExternalID = coalesce(column_ifexists(\"ExtID\", \"\"),tostring(ExternalID))\r\n| extend packed = pack(DeviceCustomNumber1Label, DeviceCustomNumber1\r\n                     , DeviceCustomNumber2Label, DeviceCustomNumber2\r\n                     , DeviceCustomNumber3Label, DeviceCustomNumber3\r\n                     , DeviceCustomString1Label, DeviceCustomString1\r\n                     , DeviceCustomString2Label, DeviceCustomString2\r\n                     , DeviceCustomString3Label, DeviceCustomString3\r\n                     , DeviceCustomString4Label, DeviceCustomString4\r\n                     , DeviceCustomString5Label, DeviceCustomString5\r\n                     , DeviceCustomString6Label, DeviceCustomString6\r\n                     , DeviceCustomDate1Label, DeviceCustomDate1\r\n                     , DeviceCustomDate2Label, DeviceCustomDate2)\r\n| evaluate bag_unpack(packed)\r\n| project-rename EventVendor=DeviceVendor\r\n                , EventProduct=DeviceProduct\r\n                , EventProductVersion=DeviceVersion\r\n                , EventId=DeviceEventClassID\r\n                , EventSeverity=LogSeverity\r\n                , DstPortNumber=DestinationPort\r\n                , DstIpAddr=DestinationIP\r\n                , DvcIpAddr=DeviceAddress\r\n                , DvcHostname=DeviceName\r\n                , NetworkApplicationProtocol=Protocol\r\n                , SrcPortNumber=SourcePort\r\n                , SrcIpAddr=SourceIP\r\n                , DstMacAddr=DestinationMACAddress\r\n                , Id=ExternalID\r\n                , SrcDvcHostname=SourceHostName\r\n                , SrcMacAddr=SourceMACAddress\r\n| extend EventType=Activity\r\n| extend ThreatName = column_ifexists(\"anomaly\", \"\")\r\n         , OsInfo = column_ifexists(\"osinfo\", \"\")\r\n         , Malware = column_ifexists(\"osinfo\", \"\")\r\n         , Vlan = column_ifexists(\"osinfo\", \"\")\r\n         , IncidentUrl = column_ifexists(\"osinfo\", \"\")\r\n| extend EventTimeIngested=todatetime(ReceiptTime)\r\n| project-away Activity\r\n            , ReceiptTime\r\n            , DeviceCustomNumber1\r\n            , DeviceCustomNumber1Label\r\n            , DeviceCustomNumber2\r\n            , DeviceCustomNumber2Label\r\n            , DeviceCustomNumber3\r\n            , DeviceCustomNumber3Label\r\n            , DeviceCustomString1\r\n            , DeviceCustomString1Label\r\n            , DeviceCustomString2\r\n            , DeviceCustomString2Label\r\n            , DeviceCustomString3\r\n            , DeviceCustomString3Label\r\n            , DeviceCustomString4\r\n            , DeviceCustomString4Label\r\n            , DeviceCustomString5\r\n            , DeviceCustomString5Label\r\n            , DeviceCustomString6\r\n            , DeviceCustomString6Label",
        "version": 1
      }
    },
    {
      "type": "Microsoft.OperationalInsights/workspaces/providers/metadata",
      "apiVersion": "2022-01-01-preview",
      "location": "[parameters('workspace-location')]",
      "name": "[concat(parameters('workspace'),'/Microsoft.SecurityInsights/',concat('Parser-', last(split(variables('_parserId1'),'/'))))]",
      "dependsOn": [
        "[variables('_parserId1')]"
      ],
      "properties": {
        "parentId": "[resourceId('Microsoft.OperationalInsights/workspaces/savedSearches', parameters('workspace'), variables('parserName1'))]",
        "contentId": "[variables('_parserContentId1')]",
        "kind": "Parser",
        "version": "[variables('parserVersion1')]",
        "source": {
          "kind": "Solution",
          "name": "FireEye Network Security",
          "sourceId": "[variables('_solutionId')]"
        },
        "author": {
          "name": "Microsoft",
          "email": "[variables('_email')]"
        },
        "support": {
          "name": "Microsoft Corporation",
          "email": "support@microsoft.com",
          "tier": "Microsoft",
          "link": "https://support.microsoft.com"
        }
      }
    },
    {
      "type": "Microsoft.OperationalInsights/workspaces/providers/metadata",
      "apiVersion": "2022-01-01-preview",
      "location": "[parameters('workspace-location')]",
      "properties": {
        "version": "2.0.2",
        "kind": "Solution",
        "contentSchemaVersion": "2.0.0",
        "contentId": "[variables('_solutionId')]",
        "parentId": "[variables('_solutionId')]",
        "source": {
          "kind": "Solution",
          "name": "FireEye Network Security",
          "sourceId": "[variables('_solutionId')]"
        },
        "author": {
          "name": "Microsoft",
          "email": "[variables('_email')]"
        },
        "support": {
          "name": "Microsoft Corporation",
          "email": "support@microsoft.com",
          "tier": "Microsoft",
          "link": "https://support.microsoft.com"
        },
        "dependencies": {
          "operator": "AND",
          "criteria": [
            {
              "kind": "DataConnector",
              "contentId": "[variables('_dataConnectorContentId1')]",
              "version": "[variables('dataConnectorVersion1')]"
            },
            {
              "kind": "Parser",
              "contentId": "[variables('_parserContentId1')]",
              "version": "[variables('parserVersion1')]"
            }
          ]
        },
        "firstPublishDate": "2022-06-01",
        "providers": [
          "Fireeye"
        ],
        "categories": {
          "domains": [
            "Security – Network"
          ]
        }
      },
      "name": "[concat(parameters('workspace'),'/Microsoft.SecurityInsights/', variables('_solutionId'))]"
    }
  ],
  "outputs": {}
}
