{
  "$schema": "https://schema.management.azure.com/schemas/2019-04-01/deploymentTemplate.json#",
  "contentVersion": "1.0.0.0",
  "metadata": {
    "author": "BlinkOps - support@blinkops.com",
    "comments": "Solution template for BlinkOps"
  },
  "parameters": {
    "location": {
      "type": "string",
      "minLength": 1,
      "defaultValue": "[resourceGroup().location]",
      "metadata": {
        "description": "Not used, but needed to pass arm-ttk test `Location-Should-Not-Be-Hardcoded`.  We instead use the `workspace-location` which is derived from the LA workspace"
      }
    },
    "workspace-location": {
      "type": "string",
      "defaultValue": "",
      "metadata": {
        "description": "[concat('Region to deploy solution resources -- separate from location selection',parameters('location'))]"
      }
    },
    "workspace": {
      "defaultValue": "",
      "type": "string",
      "metadata": {
        "description": "Workspace name for Log Analytics where Microsoft Sentinel is setup"
      }
    }
  },
  "variables": {
    "email": "support@blinkops.com",
    "_email": "[variables('email')]",
    "_solutionName": "BlinkOps",
    "_solutionVersion": "3.0.1",
    "solutionId": "blinkoperations1709924858838.azure-sentinel-blink_automation",
    "_solutionId": "[variables('solutionId')]",
    "Sentinel Incident Handler": "Sentinel Incident Handler",
    "_Sentinel Incident Handler": "[variables('Sentinel Incident Handler')]",
    "playbookVersion1": "1.0",
    "playbookContentId1": "Sentinel Incident Handler",
    "_playbookContentId1": "[variables('playbookContentId1')]",
    "playbookId1": "[resourceId('Microsoft.Logic/workflows', variables('playbookContentId1'))]",
    "playbookTemplateSpecName1": "[concat(parameters('workspace'),'/Microsoft.SecurityInsights/',concat(parameters('workspace'),'-pl-',uniquestring(variables('_playbookContentId1'))))]",
    "workspaceResourceId": "[resourceId('microsoft.OperationalInsights/Workspaces', parameters('workspace'))]",
    "_playbookcontentProductId1": "[concat(take(variables('_solutionId'),50),'-','pl','-', uniqueString(concat(variables('_solutionId'),'-','Playbook','-',variables('_playbookContentId1'),'-', variables('playbookVersion1'))))]",
    "Sentinel Alert Handler": "Sentinel Alert Handler",
    "_Sentinel Alert Handler": "[variables('Sentinel Alert Handler')]",
    "playbookVersion2": "1.0",
    "playbookContentId2": "Sentinel Alert Handler",
    "_playbookContentId2": "[variables('playbookContentId2')]",
    "playbookId2": "[resourceId('Microsoft.Logic/workflows', variables('playbookContentId2'))]",
    "playbookTemplateSpecName2": "[concat(parameters('workspace'),'/Microsoft.SecurityInsights/',concat(parameters('workspace'),'-pl-',uniquestring(variables('_playbookContentId2'))))]",
    "_playbookcontentProductId2": "[concat(take(variables('_solutionId'),50),'-','pl','-', uniqueString(concat(variables('_solutionId'),'-','Playbook','-',variables('_playbookContentId2'),'-', variables('playbookVersion2'))))]",
    "_solutioncontentProductId": "[concat(take(variables('_solutionId'),50),'-','sl','-', uniqueString(concat(variables('_solutionId'),'-','Solution','-',variables('_solutionId'),'-', variables('_solutionVersion'))))]"
  },
  "resources": [
    {
      "type": "Microsoft.OperationalInsights/workspaces/providers/contentTemplates",
      "apiVersion": "2023-04-01-preview",
      "name": "[variables('playbookTemplateSpecName1')]",
      "location": "[parameters('workspace-location')]",
      "dependsOn": [
        "[extensionResourceId(resourceId('Microsoft.OperationalInsights/workspaces', parameters('workspace')), 'Microsoft.SecurityInsights/contentPackages', variables('_solutionId'))]"
      ],
      "properties": {
        "description": "Sentinel Incident Handler Playbook with template version 3.0.1",
        "mainTemplate": {
          "$schema": "https://schema.management.azure.com/schemas/2019-04-01/deploymentTemplate.json#",
          "contentVersion": "[variables('playbookVersion1')]",
          "parameters": {
            "PlaybookName": {
              "defaultValue": "Sentinel Incident Handler",
              "type": "String"
            }
          },
          "variables": {
            "AzureSentinelConnectionName": "[[concat('azuresentinel-', parameters('PlaybookName'))]",
            "connection-1": "[[concat('/subscriptions/', subscription().subscriptionId, '/providers/Microsoft.Web/locations/', variables('workspace-location-inline'), '/managedApis/azuresentinel')]",
            "_connection-1": "[[variables('connection-1')]",
            "workspace-location-inline": "[concat('[resourceGroup().locatio', 'n]')]",
            "workspace-name": "[parameters('workspace')]",
            "workspaceResourceId": "[[resourceId('microsoft.OperationalInsights/Workspaces', variables('workspace-name'))]"
          },
          "resources": [
            {
              "type": "Microsoft.Web/connections",
              "apiVersion": "2016-06-01",
              "name": "[[variables('AzureSentinelConnectionName')]",
              "location": "[[variables('workspace-location-inline')]",
              "kind": "V1",
              "properties": {
                "displayName": "[[variables('AzureSentinelConnectionName')]",
                "parameterValueType": "Alternative",
                "api": {
                  "id": "[[variables('_connection-1')]"
                }
              }
            },
            {
              "type": "Microsoft.Logic/workflows",
              "apiVersion": "2017-07-01",
              "name": "[[parameters('PlaybookName')]",
              "location": "[[variables('workspace-location-inline')]",
              "identity": {
                "type": "SystemAssigned"
              },
              "dependsOn": [
                "[[resourceId('Microsoft.Web/connections', variables('AzureSentinelConnectionName'))]"
              ],
              "properties": {
                "state": "Enabled",
                "definition": {
                  "$schema": "https://schema.management.azure.com/providers/Microsoft.Logic/schemas/2016-06-01/workflowdefinition.json#",
                  "contentVersion": "1.0.0.0",
                  "parameters": {
                    "Blink-Webhook-Full-URL": {
                      "defaultValue": "https://{tenant_subdomain}.blinkops.com/webhooks/{webhook_id}?apikey={api_key}",
                      "type": "String"
                    },
                    "PlaybookName": {
                      "defaultValue": "Sentinel Incident Handler",
                      "type": "String"
                    },
                    "$connections": {
                      "type": "Object"
                    }
                  },
                  "triggers": {
                    "Microsoft_Sentinel_incident": {
                      "type": "ApiConnectionWebhook",
                      "inputs": {
                        "host": {
                          "connection": {
                            "name": "@parameters('$connections')['azuresentinel']['connectionId']"
                          }
                        },
                        "body": {
                          "callback_url": "@listCallbackUrl()"
                        },
                        "path": "/incident-creation"
                      }
                    }
                  },
                  "actions": {
                    "Trigger_Blink_Workflow": {
                      "limit": {
                        "timeout": "PT30S"
                      },
                      "type": "Http",
                      "inputs": {
                        "method": "POST",
                        "uri": "@parameters('Blink-Webhook-Full-URL')"
                      },
                      "operationOptions": "DisableAsyncPattern"
                    },
                    "Terminate_Success": {
                      "runAfter": {
                        "Trigger_Blink_Workflow": [
                          "Succeeded"
                        ]
                      },
                      "type": "Terminate",
                      "inputs": {
                        "runStatus": "Succeeded"
                      }
                    }
                  }
                },
                "parameters": {
                  "$connections": {
                    "value": {
                      "azuresentinel": {
                        "id": "[[concat('/subscriptions/', subscription().subscriptionId, '/providers/Microsoft.Web/locations/', variables('workspace-location-inline'), '/managedApis/azuresentinel')]",
                        "connectionId": "[[resourceId('Microsoft.Web/connections', variables('AzureSentinelConnectionName'))]",
                        "connectionName": "[[variables('AzureSentinelConnectionName')]",
                        "connectionProperties": {
                          "authentication": {
                            "type": "ManagedServiceIdentity"
                          }
                        }
                      }
                    }
                  }
                }
              },
              "tags": {
                "hidden-SentinelWorkspaceId": "[[variables('workspaceResourceId')]"
              }
            },
            {
              "type": "Microsoft.OperationalInsights/workspaces/providers/metadata",
              "apiVersion": "2022-01-01-preview",
              "name": "[concat(parameters('workspace'),'/Microsoft.SecurityInsights/',concat('Playbook-', last(split(variables('playbookId1'),'/'))))]",
              "properties": {
                "parentId": "[variables('playbookId1')]",
                "contentId": "[variables('_playbookContentId1')]",
                "kind": "Playbook",
                "version": "[variables('playbookVersion1')]",
                "source": {
                  "kind": "Solution",
                  "name": "BlinkOps",
                  "sourceId": "[variables('_solutionId')]"
                },
                "author": {
                  "name": "BlinkOps",
                  "email": "[variables('_email')]"
                },
                "support": {
                  "name": "Blink Support",
                  "email": "support@blinkops.com",
                  "tier": "Partner",
                  "link": "https://support.blinkops.com"
                }
              }
            }
          ],
          "metadata": {
            "title": "Retrieve Incident from Microsoft Sentinel and Trigger a Blink Workflow via Webhook",
            "description": "Send a webhook request to a Blink workflow trigger whenever a new Incident is created in Microsoft Sentinel",
            "prerequisites": [
              "Set up a new Microsoft XDR webhook in Blink before deploying this playbook",
              "Copy the Webhook Full URL from the configured Microsoft XDR webhook"
            ],
            "postDeployment": [
              "Once deployed, go to your Microsoft Sentinel workspace > Configuration > Automation, click 'Create', and choose 'Automation rule' to set up a new rule that will send a notification to Blink when a new Sentinel Incident is triggered.",
              "Assign a descriptive name to the automation rule.",
              "In the Trigger section, choose 'When incident is created' or 'When incident is updated'.",
              "In the Actions section, select 'Run playbook'.",
              "From the playbook list, pick 'Sentinel Incident Handler' and click 'Apply'."
            ],
            "lastUpdateTime": "2025-05-04T00:00:00Z",
            "releaseNotes": [
              {
                "version": "1.0",
                "title": "Sentinel Incident Handler",
                "notes": [
                  "Initial version"
                ]
              }
            ]
          }
        },
        "packageKind": "Solution",
        "packageVersion": "[variables('_solutionVersion')]",
        "packageName": "[variables('_solutionName')]",
        "packageId": "[variables('_solutionId')]",
        "contentSchemaVersion": "3.0.0",
        "contentId": "[variables('_playbookContentId1')]",
        "contentKind": "Playbook",
        "displayName": "Sentinel Incident Handler",
        "contentProductId": "[variables('_playbookcontentProductId1')]",
        "id": "[variables('_playbookcontentProductId1')]",
        "version": "[variables('playbookVersion1')]"
      }
    },
    {
      "type": "Microsoft.OperationalInsights/workspaces/providers/contentTemplates",
      "apiVersion": "2023-04-01-preview",
      "name": "[variables('playbookTemplateSpecName2')]",
      "location": "[parameters('workspace-location')]",
      "dependsOn": [
        "[extensionResourceId(resourceId('Microsoft.OperationalInsights/workspaces', parameters('workspace')), 'Microsoft.SecurityInsights/contentPackages', variables('_solutionId'))]"
      ],
      "properties": {
        "description": "Sentinel Alert Handler Playbook with template version 3.0.1",
        "mainTemplate": {
          "$schema": "https://schema.management.azure.com/schemas/2019-04-01/deploymentTemplate.json#",
          "contentVersion": "[variables('playbookVersion2')]",
          "parameters": {
            "PlaybookName": {
              "defaultValue": "Sentinel Alert Handler",
              "type": "String"
            }
          },
          "variables": {
            "AzureSentinelConnectionName": "[[concat('azuresentinel-', parameters('PlaybookName'))]",
            "connection-1": "[[concat('/subscriptions/', subscription().subscriptionId, '/providers/Microsoft.Web/locations/', variables('workspace-location-inline'), '/managedApis/azuresentinel')]",
            "_connection-1": "[[variables('connection-1')]",
            "workspace-location-inline": "[concat('[resourceGroup().locatio', 'n]')]",
            "workspace-name": "[parameters('workspace')]",
            "workspaceResourceId": "[[resourceId('microsoft.OperationalInsights/Workspaces', variables('workspace-name'))]"
          },
          "resources": [
            {
              "type": "Microsoft.Web/connections",
              "apiVersion": "2016-06-01",
              "name": "[[variables('AzureSentinelConnectionName')]",
              "location": "[[variables('workspace-location-inline')]",
              "kind": "V1",
              "properties": {
                "displayName": "[[variables('AzureSentinelConnectionName')]",
                "parameterValueType": "Alternative",
                "api": {
                  "id": "[[variables('_connection-1')]"
                }
              }
            },
            {
              "type": "Microsoft.Logic/workflows",
              "apiVersion": "2017-07-01",
              "name": "[[parameters('PlaybookName')]",
              "location": "[[variables('workspace-location-inline')]",
              "identity": {
                "type": "SystemAssigned"
              },
              "dependsOn": [
                "[[resourceId('Microsoft.Web/connections', variables('AzureSentinelConnectionName'))]"
              ],
              "properties": {
                "state": "Enabled",
                "definition": {
                  "$schema": "https://schema.management.azure.com/providers/Microsoft.Logic/schemas/2016-06-01/workflowdefinition.json#",
                  "contentVersion": "1.0.0.0",
                  "parameters": {
                    "Blink-Webhook-Full-URL": {
                      "defaultValue": "https://{tenant_subdomain}.blinkops.com/webhooks/{webhook_id}?apikey={api_key}",
                      "type": "String"
                    },
                    "Playbook-Name": {
                      "defaultValue": "Sentinel Alert Handler",
                      "type": "String"
                    },
                    "$connections": {
                      "type": "Object"
                    }
                  },
                  "triggers": {
                    "Microsoft_Sentinel_alert": {
                      "type": "ApiConnectionWebhook",
                      "inputs": {
                        "host": {
                          "connection": {
                            "name": "@parameters('$connections')['azuresentinel']['connectionId']"
                          }
                        },
                        "body": {
                          "callback_url": "@listCallbackUrl()"
                        },
                        "path": "/subscribe"
                      }
                    }
                  },
                  "actions": {
                    "Trigger_Blink_Workflow": {
                      "limit": {
                        "timeout": "PT30S"
                      },
                      "type": "Http",
                      "inputs": {
                        "method": "POST",
                        "uri": "@parameters('Blink-Webhook-Full-URL')"
                      },
                      "operationOptions": "DisableAsyncPattern"
                    },
                    "Terminate_Success": {
                      "runAfter": {
                        "Trigger_Blink_Workflow": [
                          "Succeeded"
                        ]
                      },
                      "type": "Terminate",
                      "inputs": {
                        "runStatus": "Succeeded"
                      }
                    }
                  }
                },
                "parameters": {
                  "$connections": {
                    "value": {
                      "azuresentinel": {
                        "id": "[[concat('/subscriptions/', subscription().subscriptionId, '/providers/Microsoft.Web/locations/', variables('workspace-location-inline'), '/managedApis/azuresentinel')]",
                        "connectionId": "[[resourceId('Microsoft.Web/connections', variables('AzureSentinelConnectionName'))]",
                        "connectionName": "[[variables('AzureSentinelConnectionName')]",
                        "connectionProperties": {
                          "authentication": {
                            "type": "ManagedServiceIdentity"
                          }
                        }
                      }
                    }
                  }
                }
              },
              "tags": {
                "hidden-SentinelWorkspaceId": "[[variables('workspaceResourceId')]"
              }
            },
            {
              "type": "Microsoft.OperationalInsights/workspaces/providers/metadata",
              "apiVersion": "2022-01-01-preview",
              "name": "[concat(parameters('workspace'),'/Microsoft.SecurityInsights/',concat('Playbook-', last(split(variables('playbookId2'),'/'))))]",
              "properties": {
                "parentId": "[variables('playbookId2')]",
                "contentId": "[variables('_playbookContentId2')]",
                "kind": "Playbook",
                "version": "[variables('playbookVersion2')]",
                "source": {
                  "kind": "Solution",
                  "name": "BlinkOps",
                  "sourceId": "[variables('_solutionId')]"
                },
                "author": {
                  "name": "BlinkOps",
                  "email": "[variables('_email')]"
                },
                "support": {
                  "name": "Blink Support",
                  "email": "support@blinkops.com",
                  "tier": "Partner",
                  "link": "https://support.blinkops.com"
                }
              }
            }
          ],
          "metadata": {
            "title": "Retrieve Alert from Microsoft Sentinel and Trigger a Blink Workflow via Webhook",
            "description": "Send a webhook request to a Blink workflow trigger whenever a new alert is created in Microsoft Sentinel",
            "prerequisites": [
              "Set up a new Microsoft XDR webhook in Blink before deploying this playbook",
              "Copy the Webhook Full URL from the configured Microsoft XDR webhook"
            ],
            "postDeployment": [
              "Once deployed, go to your Microsoft Sentinel workspace > Configuration > Automation, click 'Create', and choose 'Automation rule' to set up a new rule that will send a notification to Blink when a new Sentinel alert is triggered.",
              "Assign a descriptive name to the automation rule.",
              "In the Trigger section, choose 'When alert is created'.",
              "In the Actions section, select 'Run playbook'.",
              "From the playbook list, pick 'Sentinel Alert Handler' and click 'Apply'."
            ],
            "lastUpdateTime": "2025-05-04T00:00:00Z",
            "releaseNotes": [
              {
                "version": "1.0",
                "title": "Sentinel Alert Handler",
                "notes": [
                  "Initial version"
                ]
              }
            ]
          }
        },
        "packageKind": "Solution",
        "packageVersion": "[variables('_solutionVersion')]",
        "packageName": "[variables('_solutionName')]",
        "packageId": "[variables('_solutionId')]",
        "contentSchemaVersion": "3.0.0",
        "contentId": "[variables('_playbookContentId2')]",
        "contentKind": "Playbook",
        "displayName": "Sentinel Alert Handler",
        "contentProductId": "[variables('_playbookcontentProductId2')]",
        "id": "[variables('_playbookcontentProductId2')]",
        "version": "[variables('playbookVersion2')]"
      }
    },
    {
      "type": "Microsoft.OperationalInsights/workspaces/providers/contentPackages",
      "apiVersion": "2023-04-01-preview",
      "location": "[parameters('workspace-location')]",
      "properties": {
        "version": "3.0.1",
        "kind": "Solution",
        "contentSchemaVersion": "3.0.0",
        "displayName": "BlinkOps",
        "publisherDisplayName": "Blink Support",
        "descriptionHtml": "<p><strong>Note:</strong> Please refer to the following before installing the solution:</p>\n<p>• Review the solution <a href=\"https://github.com/Azure/Azure-Sentinel/tree/master/Solutions/BlinkOps/ReleaseNotes.md\">Release Notes</a></p>\n<p>• There may be <a href=\"https://aka.ms/sentinelsolutionsknownissues\">known issues</a> pertaining to this Solution, please refer to them before installing.</p>\n<p><a href=\"https://www.blinkops.com/\">BlinkOps</a> Blink is redefining security automation by leveraging agentic AI to enable security professionals—regardless of technical expertise—to create and deploy complex workflows in minutes.</p>\n<p><strong>Playbooks:</strong> 2</p>\n<p><a href=\"https://aka.ms/azuresentinel\">Learn more about Microsoft Sentinel</a> | <a href=\"https://aka.ms/azuresentinelsolutionsdoc\">Learn more about Solutions</a></p>\n",
        "contentKind": "Solution",
        "contentProductId": "[variables('_solutioncontentProductId')]",
        "id": "[variables('_solutioncontentProductId')]",
        "icon": "<img src=\"https://raw.githubusercontent.com/Azure/Azure-Sentinel/master/Logos/blinkops.svg\" width=\"75px\" height=\"75px\">",
        "contentId": "[variables('_solutionId')]",
        "parentId": "[variables('_solutionId')]",
        "source": {
          "kind": "Solution",
          "name": "BlinkOps",
          "sourceId": "[variables('_solutionId')]"
        },
        "author": {
          "name": "BlinkOps",
          "email": "[variables('_email')]"
        },
        "support": {
          "name": "Blink Support",
          "email": "support@blinkops.com",
          "tier": "Partner",
          "link": "https://support.blinkops.com"
        },
        "dependencies": {
          "operator": "AND",
          "criteria": [
            {
              "kind": "Playbook",
              "contentId": "[variables('_Sentinel Incident Handler')]",
              "version": "[variables('playbookVersion1')]"
            },
            {
              "kind": "Playbook",
              "contentId": "[variables('_Sentinel Alert Handler')]",
              "version": "[variables('playbookVersion2')]"
            }
          ]
        },
        "firstPublishDate": "2025-05-05",
        "providers": [
          "BlinkOps"
        ],
        "categories": {
          "domains": [
            "Application"
          ]
        }
      },
      "name": "[concat(parameters('workspace'),'/Microsoft.SecurityInsights/', variables('_solutionId'))]"
    }
  ],
  "outputs": {}
}
