{
  "$schema": "https://schema.management.azure.com/schemas/0.1.2-preview/CreateUIDefinition.MultiVm.json#",
  "handler": "Microsoft.Azure.CreateUIDef",
  "version": "0.1.2-preview",
  "parameters": {
    "config": {
      "isWizard": false,
      "basics": {
        "description": "<img src=\"https://raw.githubusercontent.com/Azure/Azure-Sentinel/master/Logos/Azure_Sentinel.svg\"width=\"75px\"height=\"75px\">\n\n**Note:** Please refer to the following before installing the solution: \n\n• Review the solution [Release Notes](https://github.com/Azure/Azure-Sentinel/tree/master/Solutions/UEBA%20Essentials/ReleaseNotes.md)\n\n • There may be [known issues](https://aka.ms/sentinelsolutionsknownissues) pertaining to this Solution, please refer to them before installing.\n\nThe Microsoft Sentinel UEBA content package will provide you with various queries based on UEBA tables, that allows you to hunt for tailored threat scenarios. You'll be able to investigate and search for anomalous activities over UEBA's enriched data, and get inspired to customize queries according to your own use-cases.\n\n**Important :** Some of the queries that are part of this solution, make use of [Built-in Watchlist Templates](https://docs.microsoft.com/azure/sentinel/watchlist-schemas) and will not work unless the corresponding watchlist is created. Other queries may requires changes to match your environment details.\n\n**Hunting Queries:** 23\n\n[Learn more about Microsoft Sentinel](https://aka.ms/azuresentinel) | [Learn more about Solutions](https://aka.ms/azuresentinelsolutionsdoc)",
        "subscription": {
          "resourceProviders": [
            "Microsoft.OperationsManagement/solutions",
            "Microsoft.OperationalInsights/workspaces/providers/alertRules",
            "Microsoft.Insights/workbooks",
            "Microsoft.Logic/workflows"
          ]
        },
        "location": {
          "metadata": {
            "hidden": "Hiding location, we get it from the log analytics workspace"
          },
          "visible": false
        },
        "resourceGroup": {
          "allowExisting": true
        }
      }
    },
    "basics": [
      {
        "name": "getLAWorkspace",
        "type": "Microsoft.Solutions.ArmApiControl",
        "toolTip": "This filters by workspaces that exist in the Resource Group selected",
        "condition": "[greater(length(resourceGroup().name),0)]",
        "request": {
          "method": "GET",
          "path": "[concat(subscription().id,'/providers/Microsoft.OperationalInsights/workspaces?api-version=2020-08-01')]"
        }
      },
      {
        "name": "workspace",
        "type": "Microsoft.Common.DropDown",
        "label": "Workspace",
        "placeholder": "Select a workspace",
        "toolTip": "This dropdown will list only workspace that exists in the Resource Group selected",
        "constraints": {
          "allowedValues": "[map(filter(basics('getLAWorkspace').value, (filter) => contains(toLower(filter.id), toLower(resourceGroup().name))), (item) => parse(concat('{\"label\":\"', item.name, '\",\"value\":\"', item.name, '\"}')))]",
          "required": true
        },
        "visible": true
      }
    ],
    "steps": [
      {
        "name": "huntingqueries",
        "label": "Hunting Queries",
        "bladeTitle": "Hunting Queries",
        "elements": [
          {
            "name": "huntingqueries-text",
            "type": "Microsoft.Common.TextBlock",
            "options": {
              "text": "This solution installs the following hunting queries. After installing the solution, run these hunting queries to hunt for threats in Manage solution view. "
            }
          },
          {
            "name": "huntingqueries-link",
            "type": "Microsoft.Common.TextBlock",
            "options": {
              "link": {
                "label": "Learn more",
                "uri": "https://docs.microsoft.com/azure/sentinel/hunting"
              }
            }
          },
          {
            "name": "huntingquery1",
            "type": "Microsoft.Common.Section",
            "label": "Anomalies on users tagged as VIP",
            "elements": [
              {
                "name": "huntingquery1-text",
                "type": "Microsoft.Common.TextBlock",
                "options": {
                  "text": "Shows all users tagged as VIP in the VIP users watchlist that had anomalies with a score greater than 0. This hunting query depends on BehaviorAnalytics data connector (BehaviorAnalytics Parser or Table)"
                }
              }
            ]
          },
          {
            "name": "huntingquery2",
            "type": "Microsoft.Common.Section",
            "label": "Anomalous action performed in tenant by privileged user",
            "elements": [
              {
                "name": "huntingquery2-text",
                "type": "Microsoft.Common.TextBlock",
                "options": {
                  "text": "Shows activities that have never been executed in the tenant, performed by a user with high privileges. This hunting query depends on BehaviorAnalytics data connector (BehaviorAnalytics Parser or Table)"
                }
              }
            ]
          },
          {
            "name": "huntingquery3",
            "type": "Microsoft.Common.Section",
            "label": "Dormant account activity from uncommon country",
            "elements": [
              {
                "name": "huntingquery3-text",
                "type": "Microsoft.Common.TextBlock",
                "options": {
                  "text": "Shows dormant accounts (not active in the last 180 days) that connect from a country for the first time and the country is uncommon in the tenant or is the first time the ISP is used. This hunting query depends on BehaviorAnalytics data connector (BehaviorAnalytics Parser or Table)"
                }
              }
            ]
          },
          {
            "name": "huntingquery4",
            "type": "Microsoft.Common.Section",
            "label": "Anomalous connection from highly privileged user",
            "elements": [
              {
                "name": "huntingquery4-text",
                "type": "Microsoft.Common.TextBlock",
                "options": {
                  "text": "Shows all users from a given department, which have a high impact on the organization, who connected to a resource for the first time and none of their peers accessed it. This hunting query depends on BehaviorAnalytics data connector (BehaviorAnalytics IdentityInfo Parser or Table)"
                }
              }
            ]
          },
          {
            "name": "huntingquery5",
            "type": "Microsoft.Common.Section",
            "label": "Anomalous login activity originated from Botnet, Tor proxy or C2",
            "elements": [
              {
                "name": "huntingquery5-text",
                "type": "Microsoft.Common.TextBlock",
                "options": {
                  "text": "Shows login activity (successful or failed) originated from botnet, Tor proxy or C2, with at least one 'True' activity insight. This hunting query depends on BehaviorAnalytics data connector (BehaviorAnalytics Parser or Table)"
                }
              }
            ]
          },
          {
            "name": "huntingquery6",
            "type": "Microsoft.Common.Section",
            "label": "New account added to admin group",
            "elements": [
              {
                "name": "huntingquery6-text",
                "type": "Microsoft.Common.TextBlock",
                "options": {
                  "text": "Account created in the last 7 days that is added to administrators group This hunting query depends on BehaviorAnalytics data connector (IdentityInfo Parser or Table)"
                }
              }
            ]
          },
          {
            "name": "huntingquery7",
            "type": "Microsoft.Common.Section",
            "label": "Terminated employee accessing High Value Asset",
            "elements": [
              {
                "name": "huntingquery7-text",
                "type": "Microsoft.Common.TextBlock",
                "options": {
                  "text": "Shows all users tagged as terminated employees in the Terminated Employees watchlist that had activities after their termination date. This hunting query depends on BehaviorAnalytics data connector (BehaviorAnalytics Parser or Table)"
                }
              }
            ]
          },
          {
            "name": "huntingquery8",
            "type": "Microsoft.Common.Section",
            "label": "Activity from terminated employees after their termination date",
            "elements": [
              {
                "name": "huntingquery8-text",
                "type": "Microsoft.Common.TextBlock",
                "options": {
                  "text": "Shows all users tagged as terminated employees in the Terminated Employees watchlist that had activities after their termination date. This hunting query depends on BehaviorAnalytics data connector (BehaviorAnalytics Parser or Table)"
                }
              }
            ]
          },
          {
            "name": "huntingquery9",
            "type": "Microsoft.Common.Section",
            "label": "Anomalous update Key Vault activity by high blast radius user",
            "elements": [
              {
                "name": "huntingquery9-text",
                "type": "Microsoft.Common.TextBlock",
                "options": {
                  "text": "Shows all update Key Vault activities done by a user with a High blast radius. If the activity is performed for the first time (by the user or in the tenant) or if the activity originated in a never seen before country This hunting query depends on BehaviorAnalytics data connector (BehaviorAnalytics Parser or Table)"
                }
              }
            ]
          },
          {
            "name": "huntingquery10",
            "type": "Microsoft.Common.Section",
            "label": "Anomalous Microsoft Entra ID Account Manipulation",
            "elements": [
              {
                "name": "huntingquery10-text",
                "type": "Microsoft.Common.TextBlock",
                "options": {
                  "text": "Adversaries may manipulate accounts to maintain access to victim systems. These actions include adding new accounts to high privilleged groups. \n Dragonfly 2.0, for example, added newly created accounts to the administrators group to maintain elevated access. The query below generates an \n output of all high Blast Radius users performing \"Update user\" (name change) to priveleged role, or where one or more features of the activitiy \n deviates from the user, his peers or the tenant profile. This hunting query depends on BehaviorAnalytics AzureActiveDirectory data connector (BehaviorAnalytics AuditLogs Parser or Table)"
                }
              }
            ]
          },
          {
            "name": "huntingquery11",
            "type": "Microsoft.Common.Section",
            "label": "Anomalous Microsoft Entra ID Account Creation",
            "elements": [
              {
                "name": "huntingquery11-text",
                "type": "Microsoft.Common.TextBlock",
                "options": {
                  "text": "Adversaries may create a cloud account to maintain access to victim systems. With a sufficient level of access, such accounts may be used to establish secondary credentialed access that does not require persistent remote access tools to be deployed on the system. The query below generates an output of all the users performing user creation where one or more features of the activity deviate from the user, his peers, or the tenant profile. This hunting query depends on BehaviorAnalytics AzureActiveDirectory data connector (BehaviorAnalytics AuditLogs Parser or Table)"
                }
              }
            ]
          },
          {
            "name": "huntingquery12",
            "type": "Microsoft.Common.Section",
            "label": "Anomalous Activity Role Assignment",
            "elements": [
              {
                "name": "huntingquery12-text",
                "type": "Microsoft.Common.TextBlock",
                "options": {
                  "text": "Adversaries may circumvent mechanisms designed to control elevated privileges to gain higher-level permissions. The query below generates an output\nof all users performing an \"action\" operation regarding an access elevation, where one or more features of the activity deviate from the user,\nhis peers or the tenant profile. This hunting query depends on BehaviorAnalytics data connector (BehaviorAnalytics Parser or Table)"
                }
              }
            ]
          },
          {
            "name": "huntingquery13",
            "type": "Microsoft.Common.Section",
            "label": "Anomalous Code Execution",
            "elements": [
              {
                "name": "huntingquery13-text",
                "type": "Microsoft.Common.TextBlock",
                "options": {
                  "text": "Adversaries may abuse command and script interpreters to execute commands, scripts, or binaries. These interfaces and languages provide ways of interacting with computer systems and are a common feature across many different platforms. APT19, for example, used PowerShell commands to execute payloads. The query below generates an output of all users performing an \"action\" operation regarding \"runCommand\" in virtual machines, where one or more features of the activity deviate from the user, his peers, or the tenant profile. This hunting query depends on BehaviorAnalytics data connector (BehaviorAnalytics Parser or Table)"
                }
              }
            ]
          },
          {
            "name": "huntingquery14",
            "type": "Microsoft.Common.Section",
            "label": "Anomalous Data Access",
            "elements": [
              {
                "name": "huntingquery14-text",
                "type": "Microsoft.Common.TextBlock",
                "options": {
                  "text": "Adversaries may access data objects from cloud storage. The query below generates an output of all users performing a \"read\" operation regarding data or files, where one or more features of the activity deviate from the user, his peers, or the tenant profile. This hunting query depends on BehaviorAnalytics data connector (BehaviorAnalytics Parser or Table)"
                }
              }
            ]
          },
          {
            "name": "huntingquery15",
            "type": "Microsoft.Common.Section",
            "label": "Anomalous Defensive Mechanism Modification",
            "elements": [
              {
                "name": "huntingquery15-text",
                "type": "Microsoft.Common.TextBlock",
                "options": {
                  "text": "Adversaries may disable security tools to avoid possible detection of their tools and activities. DarkComet, for example, can disable Security Center functions like anti-virus. The query below generates an output of all users performing a \"delete\" operation regarding a security policy where one or more features of the activity deviate from the user, his peers, or the tenant profile. This hunting query depends on BehaviorAnalytics data connector (BehaviorAnalytics Parser or Table)"
                }
              }
            ]
          },
          {
            "name": "huntingquery16",
            "type": "Microsoft.Common.Section",
            "label": "Anomalous Failed Logon",
            "elements": [
              {
                "name": "huntingquery16-text",
                "type": "Microsoft.Common.TextBlock",
                "options": {
                  "text": "Adversaries with no prior knowledge of legitimate credentials within the system or environment may guess passwords to attempt access to accounts. Emotet, for example, has been observed using a hard-coded list of passwords to brute-force user accounts. The query below generates an output of all users with 'High' BlastRadius that perform failed Sign-in:Invalid username or password. This hunting query depends on BehaviorAnalytics AzureActiveDirectory data connector (BehaviorAnalytics SigninLogs Parser or Table)"
                }
              }
            ]
          },
          {
            "name": "huntingquery17",
            "type": "Microsoft.Common.Section",
            "label": "Anomalous Login to Devices",
            "elements": [
              {
                "name": "huntingquery17-text",
                "type": "Microsoft.Common.TextBlock",
                "options": {
                  "text": "Adversaries may steal the credentials of a specific user or service account using credential access techniques or capture credentials earlier in their reconnaissance process through social engineering as a means of gaining initial access. APT33, for example, has used valid accounts for initial access and privilege escalation. The query below generates an output of all administrator users performing an interactive logon (4624:2) where one or more features of the activity deviate from the user, his peers, or the tenant profile. This hunting query depends on BehaviorAnalytics data connector (BehaviorAnalytics Parser or Table)"
                }
              }
            ]
          },
          {
            "name": "huntingquery18",
            "type": "Microsoft.Common.Section",
            "label": "Anomalous Geo Location Logon",
            "elements": [
              {
                "name": "huntingquery18-text",
                "type": "Microsoft.Common.TextBlock",
                "options": {
                  "text": "Adversaries may steal the credentials of a specific user or service account using credential access techniques or capture credentials earlier in their reconnaissance process through social engineering as a means of gaining initial access. APT33, for example, has used valid accounts for initial access. The query below generates an output of a successful sign-in performed by a user from a new geolocation he has never connected to before and none of his peers as well. This hunting query depends on BehaviorAnalytics AzureActiveDirectory data connector (BehaviorAnalytics SigninLogs Parser or Table)"
                }
              }
            ]
          },
          {
            "name": "huntingquery19",
            "type": "Microsoft.Common.Section",
            "label": "Anomalous Password Reset",
            "elements": [
              {
                "name": "huntingquery19-text",
                "type": "Microsoft.Common.TextBlock",
                "options": {
                  "text": "Adversaries may interrupt the availability of system and network resources by inhibiting access to accounts utilized by legitimate users. Accounts may be deleted, locked, or manipulated (ex: changed credentials) to remove access to them. LockerGoga, for example, has been observed changing account passwords and logging off current users. The query below generates an output of all users performing Reset User Password where one or more features of the activity deviate from the user, his peers, or the tenant profile. This hunting query depends on BehaviorAnalytics AzureActiveDirectory data connector (BehaviorAnalytics AuditLogs Parser or Table)"
                }
              }
            ]
          },
          {
            "name": "huntingquery20",
            "type": "Microsoft.Common.Section",
            "label": "Anomalous RDP Activity",
            "elements": [
              {
                "name": "huntingquery20-text",
                "type": "Microsoft.Common.TextBlock",
                "options": {
                  "text": "Adversaries may use valid accounts to log into a computer using the Remote Desktop Protocol (RDP).\nThe adversary may then perform actions as the logged-on user. FIN10, for example, has used RDP to move laterally to systems in the victim environment. This hunting query depends on BehaviorAnalytics data connector (BehaviorAnalytics Parser or Table)"
                }
              }
            ]
          },
          {
            "name": "huntingquery21",
            "type": "Microsoft.Common.Section",
            "label": "Anomalous Resource Access",
            "elements": [
              {
                "name": "huntingquery21-text",
                "type": "Microsoft.Common.TextBlock",
                "options": {
                  "text": "The adversary may be trying to move through the environment. APT29 and APT32, for example, have used PtH and PtT techniques to lateral move around the network. The query below generates an output of all users performing resource access (4624:3) to devices for the first time. This hunting query depends on BehaviorAnalytics data connector (BehaviorAnalytics Parser or Table)"
                }
              }
            ]
          },
          {
            "name": "huntingquery22",
            "type": "Microsoft.Common.Section",
            "label": "Anomalous Role Assignment",
            "elements": [
              {
                "name": "huntingquery22-text",
                "type": "Microsoft.Common.TextBlock",
                "options": {
                  "text": "Adversaries may manipulate accounts to maintain access to victim systems. These actions include adding new accounts to high-privilege groups. Dragonfly 2.0, for example, added newly created accounts to the administrators group to maintain elevated access. The query below generates an output of all high Blast Radius users performing Add member to priveleged role, or where one or more features of the activity deviate from the user, his peers, or the tenant profile. This hunting query depends on BehaviorAnalytics AzureActiveDirectory data connector (BehaviorAnalytics AuditLogs Parser or Table)"
                }
              }
            ]
          },
          {
            "name": "huntingquery23",
            "type": "Microsoft.Common.Section",
            "label": "Anomalous Sign-in Activity",
            "elements": [
              {
                "name": "huntingquery23-text",
                "type": "Microsoft.Common.TextBlock",
                "options": {
                  "text": "Adversaries may steal the credentials of a specific user or service account using credential access techniques or capture credentials earlier in their reconnaissance process through social engineering as a means of gaining persistence.\" Umbreon, for example, creates valid users to provide access to the system.\nThe query below generates an output of successful sign-in with one or more of the following indications:-\n- performed by new or recently dormant accounts\n- where one or more features of the activity deviate from the user, his peers, or the tenant's profile.\n- performed by a user with risk information from Microsoft Entra ID This hunting query depends on BehaviorAnalytics AzureActiveDirectory data connector (BehaviorAnalytics SigninLogs Parser or Table)"
                }
              }
            ]
          }
        ]
      }
    ],
    "outputs": {
      "workspace-location": "[first(map(filter(basics('getLAWorkspace').value, (filter) => and(contains(toLower(filter.id), toLower(resourceGroup().name)),equals(filter.name,basics('workspace')))), (item) => item.location))]",
      "location": "[location()]",
      "workspace": "[basics('workspace')]"
    }
  }
}
