{
  "$schema": "https://schema.management.azure.com/schemas/2019-04-01/deploymentTemplate.json#",
  "contentVersion": "1.0.0.0",
  "metadata": {
    "author": "Cybersixgill",
    "comments": "Solution template for Cybersixgill-Actionable-Alerts"
  },
  "parameters": {
    "location": {
      "type": "string",
      "minLength": 1,
      "defaultValue": "[resourceGroup().location]",
      "metadata": {
        "description": "Not used, but needed to pass arm-ttk test `Location-Should-Not-Be-Hardcoded`.  We instead use the `workspace-location` which is derived from the LA workspace"
      }
    },
    "workspace-location": {
      "type": "string",
      "defaultValue": "",
      "metadata": {
        "description": "[concat('Region to deploy solution resources -- separate from location selection',parameters('location'))]"
      }
    },
    "workspace": {
      "defaultValue": "",
      "type": "string",
      "metadata": {
        "description": "Workspace name for Log Analytics where Microsoft Sentinel is setup"
      }
    },
    "workbook1-name": {
      "type": "string",
      "defaultValue": "Cybersixgill Actionable Alerts List",
      "minLength": 1,
      "metadata": {
        "description": "Name for the workbook"
      }
    },
    "workbook2-name": {
      "type": "string",
      "defaultValue": "Cybersixgill Actionable Alerts Dashboard",
      "minLength": 1,
      "metadata": {
        "description": "Name for the workbook"
      }
    }
  },
  "variables": {
    "solutionId": "cybersixgill1657701397011.azure-sentinel-cybersixgill-actionable-alerts",
    "_solutionId": "[variables('solutionId')]",
    "workbookVersion1": "1.0.0",
    "workbookContentId1": "ActionableAlertsList",
    "workbookId1": "[resourceId('Microsoft.Insights/workbooks', variables('workbookContentId1'))]",
    "workbookTemplateSpecName1": "[concat(parameters('workspace'),'-wb-',uniquestring(variables('_workbookContentId1')))]",
    "_workbookContentId1": "[variables('workbookContentId1')]",
    "workspaceResourceId": "[resourceId('microsoft.OperationalInsights/Workspaces', parameters('workspace'))]",
    "workbookVersion2": "1.0.0",
    "workbookContentId2": "ActionableAlertsDashboard",
    "workbookId2": "[resourceId('Microsoft.Insights/workbooks', variables('workbookContentId2'))]",
    "workbookTemplateSpecName2": "[concat(parameters('workspace'),'-wb-',uniquestring(variables('_workbookContentId2')))]",
    "_workbookContentId2": "[variables('workbookContentId2')]",
    "CybersixgillAlertStatusUpdate": "CybersixgillAlertStatusUpdate",
    "_CybersixgillAlertStatusUpdate": "[variables('CybersixgillAlertStatusUpdate')]",
    "playbookVersion1": "1.0",
    "playbookContentId1": "CybersixgillAlertStatusUpdate",
    "_playbookContentId1": "[variables('playbookContentId1')]",
    "playbookId1": "[resourceId('Microsoft.Logic/workflows', variables('playbookContentId1'))]",
    "playbookTemplateSpecName1": "[concat(parameters('workspace'),'-pl-',uniquestring(variables('_playbookContentId1')))]",
    "blanks": "[replace('b', 'b', '')]",
    "DeleteCybersixgillAlert": "DeleteCybersixgillAlert",
    "_DeleteCybersixgillAlert": "[variables('DeleteCybersixgillAlert')]",
    "playbookVersion2": "1.0",
    "playbookContentId2": "DeleteCybersixgillAlert",
    "_playbookContentId2": "[variables('playbookContentId2')]",
    "playbookId2": "[resourceId('Microsoft.Logic/workflows', variables('playbookContentId2'))]",
    "playbookTemplateSpecName2": "[concat(parameters('workspace'),'-pl-',uniquestring(variables('_playbookContentId2')))]",
    "uiConfigId1": "CybersixgillActionableAlerts",
    "_uiConfigId1": "[variables('uiConfigId1')]",
    "dataConnectorContentId1": "CybersixgillActionableAlerts",
    "_dataConnectorContentId1": "[variables('dataConnectorContentId1')]",
    "dataConnectorId1": "[extensionResourceId(resourceId('Microsoft.OperationalInsights/workspaces', parameters('workspace')), 'Microsoft.SecurityInsights/dataConnectors', variables('_dataConnectorContentId1'))]",
    "_dataConnectorId1": "[variables('dataConnectorId1')]",
    "dataConnectorTemplateSpecName1": "[concat(parameters('workspace'),'-dc-',uniquestring(variables('_dataConnectorContentId1')))]",
    "dataConnectorVersion1": "1.0.0",
    "huntingQueryVersion1": "1.0.0",
    "huntingQuerycontentId1": "532133dd-a8ed-4062-bf0d-f04dc97bb71a",
    "_huntingQuerycontentId1": "[variables('huntingQuerycontentId1')]",
    "huntingQueryId1": "[resourceId('Microsoft.OperationalInsights/savedSearches', variables('_huntingQuerycontentId1'))]",
    "huntingQueryTemplateSpecName1": "[concat(parameters('workspace'),'-hq-',uniquestring(variables('_huntingQuerycontentId1')))]"
  },
  "resources": [
    {
      "type": "Microsoft.Resources/templateSpecs",
      "apiVersion": "2021-05-01",
      "name": "[variables('workbookTemplateSpecName1')]",
      "location": "[parameters('workspace-location')]",
      "tags": {
        "hidden-sentinelWorkspaceId": "[variables('workspaceResourceId')]",
        "hidden-sentinelContentType": "Workbook"
      },
      "properties": {
        "description": "Cybersixgill-Actionable-Alerts Workbook with template",
        "displayName": "Cybersixgill-Actionable-Alerts workbook template"
      }
    },
    {
      "type": "Microsoft.Resources/templateSpecs/versions",
      "apiVersion": "2021-05-01",
      "name": "[concat(variables('workbookTemplateSpecName1'),'/',variables('workbookVersion1'))]",
      "location": "[parameters('workspace-location')]",
      "tags": {
        "hidden-sentinelWorkspaceId": "[variables('workspaceResourceId')]",
        "hidden-sentinelContentType": "Workbook"
      },
      "dependsOn": [
        "[resourceId('Microsoft.Resources/templateSpecs', variables('workbookTemplateSpecName1'))]"
      ],
      "properties": {
        "description": "ActionableAlertsListWorkbook Workbook with template version 2.0.1",
        "mainTemplate": {
          "$schema": "https://schema.management.azure.com/schemas/2019-04-01/deploymentTemplate.json#",
          "contentVersion": "[variables('workbookVersion1')]",
          "parameters": {},
          "variables": {},
          "resources": [
            {
              "type": "Microsoft.Insights/workbooks",
              "name": "[variables('workbookContentId1')]",
              "location": "[parameters('workspace-location')]",
              "kind": "shared",
              "apiVersion": "2021-08-01",
              "metadata": {
                "description": "None."
              },
              "properties": {
                "displayName": "[parameters('workbook1-name')]",
                "serializedData": "{\"version\":\"Notebook/1.0\",\"items\":[{\"type\":9,\"content\":{\"version\":\"KqlParameterItem/1.0\",\"parameters\":[{\"id\":\"f7f8867d-6fcd-41c3-a908-12de727e6f35\",\"version\":\"KqlParameterItem/1.0\",\"name\":\"date\",\"label\":\"Date\",\"type\":4,\"isGlobal\":true,\"value\":{\"durationMs\":2592000000},\"typeSettings\":{\"selectableValues\":[{\"durationMs\":86400000},{\"durationMs\":604800000},{\"durationMs\":2592000000},{\"durationMs\":5184000000},{\"durationMs\":7776000000}],\"allowCustom\":true},\"timeContext\":{\"durationMs\":86400000}},{\"id\":\"e5d5d76d-a748-4f16-94f0-ffed5fecfa00\",\"version\":\"KqlParameterItem/1.0\",\"name\":\"threat_type\",\"label\":\"Threat Type\",\"type\":2,\"isGlobal\":true,\"multiSelect\":true,\"quote\":\"'\",\"delimiter\":\",\",\"query\":\"CyberSixgill_Alerts_CL\\r\\n| where TimeGenerated > ago(720d)\\r\\n| project MyJson = parse_json(threats_s)\\r\\n| mvexpand MyJson\\r\\n| summarize by tostring(MyJson)\\r\\n| sort by MyJson asc\",\"typeSettings\":{\"additionalResourceOptions\":[\"value::all\"],\"showDefault\":false},\"defaultValue\":\"value::all\",\"queryType\":0,\"resourceType\":\"microsoft.operationalinsights/workspaces\"},{\"id\":\"361f855c-e983-44c9-86b4-4f57286d77e1\",\"version\":\"KqlParameterItem/1.0\",\"name\":\"threat_level\",\"label\":\"Threat Level\",\"type\":2,\"isGlobal\":true,\"multiSelect\":true,\"quote\":\"'\",\"delimiter\":\",\",\"typeSettings\":{\"additionalResourceOptions\":[\"value::all\"],\"showDefault\":false},\"jsonData\":\"[{\\\"label\\\": \\\"Emerging\\\", \\\"value\\\": \\\"emerging\\\"},\\r\\n{\\\"label\\\": \\\"Imminent\\\", \\\"value\\\": \\\"imminent\\\"}]\",\"defaultValue\":\"value::all\"},{\"id\":\"a89b3f31-ac61-419b-94a0-553ccd3ac7ac\",\"version\":\"KqlParameterItem/1.0\",\"name\":\"status\",\"label\":\"Status\",\"type\":2,\"isGlobal\":true,\"multiSelect\":true,\"quote\":\"'\",\"delimiter\":\",\",\"typeSettings\":{\"additionalResourceOptions\":[\"value::all\"],\"showDefault\":false},\"jsonData\":\"[{\\\"label\\\": \\\"Treatment Required\\\", \\\"value\\\": \\\"treatment_required\\\"},\\r\\n{\\\"label\\\": \\\"In Treatment\\\", \\\"value\\\": \\\"in_treatment\\\"},\\r\\n{\\\"label\\\": \\\"Resolved\\\", \\\"value\\\": \\\"resolved\\\"}]\",\"defaultValue\":\"value::all\"}],\"style\":\"above\",\"queryType\":0,\"resourceType\":\"microsoft.operationalinsights/workspaces\"},\"name\":\"parameters - 1\"},{\"type\":3,\"content\":{\"version\":\"KqlItem/1.0\",\"query\":\"CyberSixgill_Alerts_CL\\n| extend threats = parse_json(threats_s)\\n| where threats has_any ({threat_type})\\n| where threat_level_s has_any ({threat_level})\\n| where status_name_s has_any ({status})\\n| project [\\\"Alert ID\\\"]=id_s,Title=title_s,[\\\"Threat Type\\\"]=strcat_array(threats, \\\",\\\"), Status=status_name_s, [\\\"Threat Actor\\\"]=threat_actor_s, [\\\"Threat Source\\\"]=threat_source_s, [\\\"Matched Assets\\\"]=assets_s, [\\\"Portal URL\\\"]=portal_url_s, Content=content_s\\n//| where TimeGenerated {date}\",\"size\":2,\"timeContextFromParameter\":\"date\",\"queryType\":0,\"resourceType\":\"microsoft.operationalinsights/workspaces\",\"gridSettings\":{\"formatters\":[{\"columnMatch\":\"Portal URL\",\"formatter\":7,\"formatOptions\":{\"linkTarget\":\"Url\",\"linkLabel\":\"View in Cybersixgill portal\"}},{\"columnMatch\":\"content_s\",\"formatter\":0,\"tooltipFormat\":{\"tooltip\":\"{0}\"}}],\"rowLimit\":50,\"filter\":true}},\"name\":\"cybersixgill-alerts-list\"}],\"fallbackResourceIds\":[\"\"],\"fromTemplateId\":\"sentinel-ActionableAlertsList\",\"$schema\":\"https://github.com/Microsoft/Application-Insights-Workbooks/blob/master/schema/workbook.json\"}\r\n",
                "version": "1.0",
                "sourceId": "[variables('workspaceResourceId')]",
                "category": "sentinel"
              }
            },
            {
              "type": "Microsoft.OperationalInsights/workspaces/providers/metadata",
              "apiVersion": "2022-01-01-preview",
              "name": "[concat(parameters('workspace'),'/Microsoft.SecurityInsights/',concat('Workbook-', last(split(variables('workbookId1'),'/'))))]",
              "properties": {
                "description": "@{workbookKey=ActionableAlertsList; logoFileName=; description=None.; dataTypesDependencies=System.Object[]; dataConnectorsDependencies=System.Object[]; previewImagesFileNames=System.Object[]; version=1.0.0; title=Cybersixgill Actionable Alerts List; templateRelativePath=ActionableAlertsList.json; subtitle=; provider=Cybersixgill}.description",
                "parentId": "[variables('workbookId1')]",
                "contentId": "[variables('_workbookContentId1')]",
                "kind": "Workbook",
                "version": "[variables('workbookVersion1')]",
                "source": {
                  "kind": "Solution",
                  "name": "Cybersixgill-Actionable-Alerts",
                  "sourceId": "[variables('_solutionId')]"
                },
                "author": {
                  "name": "Cybersixgill"
                },
                "support": {
                  "name": "Cybersixgill",
                  "email": "info@cybersixgill.com",
                  "tier": "Partner",
                  "link": "https://www.cybersixgill.com/"
                },
                "dependencies": {
                  "operator": "AND",
                  "criteria": [
                    {
                      "contentId": "CyberSixgill_Alerts_CL",
                      "kind": "DataType"
                    },
                    {
                      "contentId": "CybersixgillActionableAlerts",
                      "kind": "DataConnector"
                    }
                  ]
                }
              }
            }
          ]
        }
      }
    },
    {
      "type": "Microsoft.Resources/templateSpecs",
      "apiVersion": "2021-05-01",
      "name": "[variables('workbookTemplateSpecName2')]",
      "location": "[parameters('workspace-location')]",
      "tags": {
        "hidden-sentinelWorkspaceId": "[variables('workspaceResourceId')]",
        "hidden-sentinelContentType": "Workbook"
      },
      "properties": {
        "description": "Cybersixgill-Actionable-Alerts Workbook with template",
        "displayName": "Cybersixgill-Actionable-Alerts workbook template"
      }
    },
    {
      "type": "Microsoft.Resources/templateSpecs/versions",
      "apiVersion": "2021-05-01",
      "name": "[concat(variables('workbookTemplateSpecName2'),'/',variables('workbookVersion2'))]",
      "location": "[parameters('workspace-location')]",
      "tags": {
        "hidden-sentinelWorkspaceId": "[variables('workspaceResourceId')]",
        "hidden-sentinelContentType": "Workbook"
      },
      "dependsOn": [
        "[resourceId('Microsoft.Resources/templateSpecs', variables('workbookTemplateSpecName2'))]"
      ],
      "properties": {
        "description": "ActionableAlertsDashboardWorkbook Workbook with template version 2.0.1",
        "mainTemplate": {
          "$schema": "https://schema.management.azure.com/schemas/2019-04-01/deploymentTemplate.json#",
          "contentVersion": "[variables('workbookVersion2')]",
          "parameters": {},
          "variables": {},
          "resources": [
            {
              "type": "Microsoft.Insights/workbooks",
              "name": "[variables('workbookContentId2')]",
              "location": "[parameters('workspace-location')]",
              "kind": "shared",
              "apiVersion": "2021-08-01",
              "metadata": {
                "description": "None."
              },
              "properties": {
                "displayName": "[parameters('workbook2-name')]",
                "serializedData": "{\"version\":\"Notebook/1.0\",\"items\":[{\"type\":9,\"content\":{\"version\":\"KqlParameterItem/1.0\",\"parameters\":[{\"id\":\"228d6050-af03-4f13-8075-8a19c58ce548\",\"version\":\"KqlParameterItem/1.0\",\"name\":\"Date\",\"type\":4,\"isGlobal\":true,\"value\":{\"durationMs\":2592000000},\"typeSettings\":{\"selectableValues\":[{\"durationMs\":86400000},{\"durationMs\":604800000},{\"durationMs\":2592000000},{\"durationMs\":5184000000},{\"durationMs\":7776000000}],\"allowCustom\":true},\"timeContext\":{\"durationMs\":86400000}}],\"style\":\"above\",\"queryType\":0,\"resourceType\":\"microsoft.operationalinsights/workspaces\"},\"name\":\"parameters - 4\"},{\"type\":12,\"content\":{\"version\":\"NotebookGroup/1.0\",\"groupType\":\"editable\",\"items\":[{\"type\":3,\"content\":{\"version\":\"KqlItem/1.0\",\"query\":\"CyberSixgill_Alerts_CL\\r\\n| summarize count() by threat_level_s\\r\\n| order by count_\",\"size\":2,\"timeContextFromParameter\":\"Date\",\"queryType\":0,\"resourceType\":\"microsoft.operationalinsights/workspaces\",\"visualization\":\"tiles\",\"tileSettings\":{\"showBorder\":false,\"titleContent\":{\"columnMatch\":\"threat_level_s\",\"formatter\":1},\"leftContent\":{\"columnMatch\":\"count_\",\"formatter\":12,\"formatOptions\":{\"palette\":\"auto\"},\"numberFormat\":{\"unit\":17,\"options\":{\"maximumSignificantDigits\":3,\"maximumFractionDigits\":2}}}}},\"customWidth\":\"50\",\"name\":\"query - 6\"},{\"type\":3,\"content\":{\"version\":\"KqlItem/1.0\",\"query\":\"CyberSixgill_Alerts_CL\\r\\n| project MyJson = parse_json(assets_s)\\r\\n| mvexpand MyJson\\r\\n| summarize count() by tostring(MyJson)\\r\\n| top 10 by count_\",\"size\":2,\"title\":\"Top 10 Matched Assets\",\"timeContextFromParameter\":\"Date\",\"queryType\":0,\"resourceType\":\"microsoft.operationalinsights/workspaces\",\"visualization\":\"piechart\"},\"customWidth\":\"50\",\"name\":\"query - 2\"},{\"type\":3,\"content\":{\"version\":\"KqlItem/1.0\",\"query\":\"CyberSixgill_Alerts_CL\",\"size\":0,\"timeContextFromParameter\":\"Date\",\"queryType\":0,\"resourceType\":\"microsoft.operationalinsights/workspaces\",\"visualization\":\"timechart\",\"chartSettings\":{\"showMetrics\":false,\"showDataPoints\":true}},\"name\":\"item-1-timeline\"},{\"type\":3,\"content\":{\"version\":\"KqlItem/1.0\",\"query\":\"CyberSixgill_Alerts_CL\\r\\n| where threat_actor_s != \\\"\\\"\\r\\n| summarize count() by threat_actor_s \\r\\n| top 10 by count_\",\"size\":2,\"title\":\"Top 10 threat actors\",\"timeContextFromParameter\":\"Date\",\"queryType\":0,\"resourceType\":\"microsoft.operationalinsights/workspaces\",\"visualization\":\"piechart\"},\"customWidth\":\"50\",\"name\":\"item-2-threat-actors\"},{\"type\":3,\"content\":{\"version\":\"KqlItem/1.0\",\"query\":\"CyberSixgill_Alerts_CL\\r\\n| summarize count() by threat_level_s \\r\\n| top 10 by count_\",\"size\":2,\"title\":\"Threat Level\",\"timeContextFromParameter\":\"Date\",\"queryType\":0,\"resourceType\":\"microsoft.operationalinsights/workspaces\",\"visualization\":\"piechart\"},\"customWidth\":\"50\",\"name\":\"item-3-theat-level\"},{\"type\":3,\"content\":{\"version\":\"KqlItem/1.0\",\"query\":\"CyberSixgill_Alerts_CL\\r\\n| summarize count() by threat_source_s \\r\\n| top 10 by count_\",\"size\":2,\"title\":\"Top 10 Sources\",\"timeContextFromParameter\":\"Date\",\"queryType\":0,\"resourceType\":\"microsoft.operationalinsights/workspaces\",\"visualization\":\"piechart\"},\"customWidth\":\"50\",\"name\":\"item-4-threat-source\"},{\"type\":3,\"content\":{\"version\":\"KqlItem/1.0\",\"query\":\"CyberSixgill_Alerts_CL\\r\\n| project MyJson = parse_json(threats_s)\\r\\n| mvexpand MyJson\\r\\n| summarize count() by tostring(MyJson)\",\"size\":2,\"title\":\"Alerts by Type\",\"timeContextFromParameter\":\"Date\",\"queryType\":0,\"resourceType\":\"microsoft.operationalinsights/workspaces\",\"visualization\":\"piechart\"},\"customWidth\":\"50\",\"name\":\"query - 2\"}]},\"name\":\"group - 5\"}],\"fallbackResourceIds\":[\"\"],\"fromTemplateId\":\"sentinel-ActionableAlertsDashboard\",\"$schema\":\"https://github.com/Microsoft/Application-Insights-Workbooks/blob/master/schema/workbook.json\"}\r\n",
                "version": "1.0",
                "sourceId": "[variables('workspaceResourceId')]",
                "category": "sentinel"
              }
            },
            {
              "type": "Microsoft.OperationalInsights/workspaces/providers/metadata",
              "apiVersion": "2022-01-01-preview",
              "name": "[concat(parameters('workspace'),'/Microsoft.SecurityInsights/',concat('Workbook-', last(split(variables('workbookId2'),'/'))))]",
              "properties": {
                "description": "@{workbookKey=ActionableAlertsDashboard; logoFileName=; description=None.; dataTypesDependencies=System.Object[]; dataConnectorsDependencies=System.Object[]; previewImagesFileNames=System.Object[]; version=1.0.0; title=Cybersixgill Actionable Alerts Dashboard; templateRelativePath=ActionableAlertsDashboard.json; subtitle=; provider=Cybersixgill}.description",
                "parentId": "[variables('workbookId2')]",
                "contentId": "[variables('_workbookContentId2')]",
                "kind": "Workbook",
                "version": "[variables('workbookVersion2')]",
                "source": {
                  "kind": "Solution",
                  "name": "Cybersixgill-Actionable-Alerts",
                  "sourceId": "[variables('_solutionId')]"
                },
                "author": {
                  "name": "Cybersixgill"
                },
                "support": {
                  "name": "Cybersixgill",
                  "email": "info@cybersixgill.com",
                  "tier": "Partner",
                  "link": "https://www.cybersixgill.com/"
                },
                "dependencies": {
                  "operator": "AND",
                  "criteria": [
                    {
                      "contentId": "CyberSixgill_Alerts_CL",
                      "kind": "DataType"
                    },
                    {
                      "contentId": "CybersixgillActionableAlerts",
                      "kind": "DataConnector"
                    }
                  ]
                }
              }
            }
          ]
        }
      }
    },
    {
      "type": "Microsoft.Resources/templateSpecs",
      "apiVersion": "2021-05-01",
      "name": "[variables('playbookTemplateSpecName1')]",
      "location": "[parameters('workspace-location')]",
      "tags": {
        "hidden-sentinelWorkspaceId": "[variables('workspaceResourceId')]",
        "hidden-sentinelContentType": "Playbook"
      },
      "properties": {
        "description": "CybersixgillAlertStatusUpdate playbook",
        "displayName": "CybersixgillAlertStatusUpdate playbook"
      }
    },
    {
      "type": "Microsoft.Resources/templateSpecs/versions",
      "apiVersion": "2021-05-01",
      "name": "[concat(variables('playbookTemplateSpecName1'),'/',variables('playbookVersion1'))]",
      "location": "[parameters('workspace-location')]",
      "tags": {
        "hidden-sentinelWorkspaceId": "[variables('workspaceResourceId')]",
        "hidden-sentinelContentType": "Playbook"
      },
      "dependsOn": [
        "[resourceId('Microsoft.Resources/templateSpecs', variables('playbookTemplateSpecName1'))]"
      ],
      "properties": {
        "description": "CybersixgillAlertStatusUpdate Playbook with template version 2.0.1",
        "mainTemplate": {
          "$schema": "https://schema.management.azure.com/schemas/2019-04-01/deploymentTemplate.json#",
          "contentVersion": "[variables('playbookVersion1')]",
          "parameters": {
            "PlaybookName": {
              "defaultValue": "CybersixgillAlertStatusUpdate",
              "type": "string"
            },
            "Client ID key name": {
              "type": "string",
              "metadata": {
                "description": "Enter value for Client ID key name"
              }
            },
            "Client Secret key name": {
              "type": "string",
              "metadata": {
                "description": "Enter value for Client Secret key name"
              }
            },
            "Keyvault Name": {
              "defaultValue": "",
              "type": "string",
              "metadata": {
                "description": "Enter value for Keyvault Name"
              }
            }
          },
          "variables": {
            "MicrosoftSentinelConnectionName": "[[concat('MicrosoftSentinel-', parameters('PlaybookName'))]",
            "KeyvaultConnectionName": "[[concat('Keyvault-', parameters('PlaybookName'))]",
            "connection-2": "[[concat('/subscriptions/', subscription().subscriptionId, '/providers/Microsoft.Web/locations/', variables('workspace-location-inline'), '/managedApis/Azuresentinel')]",
            "_connection-2": "[[variables('connection-2')]",
            "connection-3": "[[concat('/subscriptions/', subscription().subscriptionId, '/providers/Microsoft.Web/locations/', variables('workspace-location-inline'), '/managedApis/Keyvault')]",
            "_connection-3": "[[variables('connection-3')]",
            "workspace-location-inline": "[concat('[resourceGroup().locatio', 'n]')]",
            "workspace-name": "[parameters('workspace')]",
            "workspaceResourceId": "[[resourceId('microsoft.OperationalInsights/Workspaces', variables('workspace-name'))]"
          },
          "resources": [
            {
              "properties": {
                "provisioningState": "Succeeded",
                "state": "Enabled",
                "definition": {
                  "$schema": "https://schema.management.azure.com/providers/Microsoft.Logic/schemas/2016-06-01/workflowdefinition.json#",
                  "contentVersion": "1.0.0.0",
                  "parameters": {
                    "$connections": {
                      "type": "Object"
                    },
                    "Keyvault Name": {
                      "type": "string",
                      "defaultValue": "[[parameters('Keyvault Name')]"
                    },
                    "Client ID key name": {
                      "type": "string",
                      "defaultValue": "[[parameters('Client ID key name')]"
                    },
                    "Client Secret key name": {
                      "type": "string",
                      "defaultValue": "[[parameters('Client Secret key name')]"
                    }
                  },
                  "triggers": {
                    "Microsoft_Sentinel_incident": {
                      "type": "ApiConnectionWebhook",
                      "inputs": {
                        "body": {
                          "callback_url": "@{listCallbackUrl()}"
                        },
                        "host": {
                          "connection": {
                            "name": "@parameters('$connections')['azuresentinel']['connectionId']"
                          }
                        },
                        "path": "/incident-creation"
                      }
                    }
                  },
                  "actions": {
                    "Authenticate_Cybersixgill_API": {
                      "runAfter": {
                        "Get_Cybersixgill_Client_Secret": [
                          "Succeeded"
                        ]
                      },
                      "type": "Http",
                      "inputs": {
                        "body": "client_id=@{body('Get_Cybersixgill_Client_ID')?['value']}&client_secret=@{body('Get_Cybersixgill_Client_Secret')?['value']}&grant_type=client_credentials",
                        "headers": {
                          "Cache-Control": "no-cache",
                          "Content-Type": "application/x-www-form-urlencoded"
                        },
                        "method": "POST",
                        "uri": "https://api.cybersixgill.com/auth/token"
                      }
                    },
                    "Build_Patch_body": {
                      "runAfter": {
                        "Switch": [
                          "Succeeded"
                        ]
                      },
                      "type": "InitializeVariable",
                      "inputs": {
                        "variables": [
                          {
                            "name": "alert_status_patch",
                            "type": "object",
                            "value": {
                              "status": {
                                "status": "@{variables('alert_status')}"
                              }
                            }
                          }
                        ]
                      }
                    },
                    "Extract_Access_Token": {
                      "runAfter": {
                        "Authenticate_Cybersixgill_API": [
                          "Succeeded"
                        ]
                      },
                      "type": "ParseJson",
                      "inputs": {
                        "content": "@body('Authenticate_Cybersixgill_API')",
                        "schema": {
                          "properties": {
                            "access_token": {
                              "type": "string"
                            },
                            "expires_in": {
                              "type": "integer"
                            },
                            "ext_expires_in": {
                              "type": "integer"
                            },
                            "token_type": {
                              "type": "string"
                            }
                          },
                          "type": "object"
                        }
                      }
                    },
                    "Extract_Alert_ID": {
                      "runAfter": {
                        "Initialize_status": [
                          "Succeeded"
                        ]
                      },
                      "type": "InitializeVariable",
                      "inputs": {
                        "variables": [
                          {
                            "name": "alert_object",
                            "type": "string",
                            "value": "@{triggerBody()?['object']?['properties']?['Bookmarks']?[0]?['properties']?['queryResult']}"
                          }
                        ]
                      }
                    },
                    "Get_Cybersixgill_Client_ID": {
                      "type": "ApiConnection",
                      "inputs": {
                        "host": {
                          "connection": {
                            "name": "@parameters('$connections')['keyvault']['connectionId']"
                          }
                        },
                        "method": "get",
                        "path": "/secrets/@{encodeURIComponent(parameters('Client ID key name'))}/value"
                      }
                    },
                    "Get_Cybersixgill_Client_Secret": {
                      "runAfter": {
                        "Get_Cybersixgill_Client_ID": [
                          "Succeeded"
                        ]
                      },
                      "type": "ApiConnection",
                      "inputs": {
                        "host": {
                          "connection": {
                            "name": "@parameters('$connections')['keyvault']['connectionId']"
                          }
                        },
                        "method": "get",
                        "path": "/secrets/@{encodeURIComponent(parameters('Client Secret key name'))}/value"
                      }
                    },
                    "Initialize_status": {
                      "runAfter": {
                        "Extract_Access_Token": [
                          "Succeeded"
                        ]
                      },
                      "type": "InitializeVariable",
                      "inputs": {
                        "variables": [
                          {
                            "name": "alert_status",
                            "type": "string"
                          }
                        ]
                      }
                    },
                    "Parse_JSON": {
                      "runAfter": {
                        "Extract_Alert_ID": [
                          "Succeeded"
                        ]
                      },
                      "type": "ParseJson",
                      "inputs": {
                        "content": "@variables('alert_object')",
                        "schema": {
                          "properties": {
                            "Category": {
                              "type": "string"
                            },
                            "Computer": {
                              "type": "string"
                            },
                            "MG": {
                              "type": "string"
                            },
                            "ManagementGroupName": {
                              "type": "string"
                            },
                            "RawData": {
                              "type": "string"
                            },
                            "Severity": {
                              "type": "integer"
                            },
                            "SourceSystem": {
                              "type": "string"
                            },
                            "TenantId": {
                              "type": "string"
                            },
                            "TimeGenerated": {
                              "type": "string"
                            },
                            "Type": {
                              "type": "string"
                            },
                            "_ResourceId": {
                              "type": "string"
                            },
                            "_time_s": {
                              "type": "string"
                            },
                            "actor_url_with_context_s": {
                              "type": "string"
                            },
                            "actor_url_without_context_s": {
                              "type": "string"
                            },
                            "aggregate_alert_id_d": {
                              "type": "integer"
                            },
                            "alert_creation_date_s": {
                              "type": "string"
                            },
                            "alert_name_s": {
                              "type": "string"
                            },
                            "alert_type_id_s": {
                              "type": "string"
                            },
                            "assets_s": {
                              "type": "string"
                            },
                            "content_s": {
                              "type": "string"
                            },
                            "date_s": {
                              "type": "string"
                            },
                            "id_s": {
                              "type": "string"
                            },
                            "lang_s": {
                              "type": "string"
                            },
                            "langcode_s": {
                              "type": "string"
                            },
                            "matched_assets_organization_aliases_s": {
                              "type": "string"
                            },
                            "matched_assets_organization_name_s": {
                              "type": "string"
                            },
                            "matched_assets_products_s": {
                              "type": "string"
                            },
                            "organization_name_s": {
                              "type": "string"
                            },
                            "parent_id_s": {
                              "type": "string"
                            },
                            "portal_url_s": {
                              "type": "string"
                            },
                            "read_b": {
                              "type": "boolean"
                            },
                            "site_s": {
                              "type": "string"
                            },
                            "status_name_s": {
                              "type": "string"
                            },
                            "sub_alerts_count_d": {
                              "type": "string"
                            },
                            "threat_actor_s": {
                              "type": "string"
                            },
                            "threat_level_s": {
                              "type": "string"
                            },
                            "threat_source_s": {
                              "type": "string"
                            },
                            "threats_s": {
                              "type": "string"
                            },
                            "title_s": {
                              "type": "string"
                            },
                            "unique_id_s": {
                              "type": "string"
                            },
                            "user_id_s": {
                              "type": "string"
                            }
                          },
                          "type": "object"
                        }
                      }
                    },
                    "Switch": {
                      "runAfter": {
                        "Parse_JSON": [
                          "Succeeded"
                        ]
                      },
                      "cases": {
                        "Status_Active": {
                          "case": "Active",
                          "actions": {
                            "Status_-_in_treatment": {
                              "type": "SetVariable",
                              "inputs": {
                                "name": "alert_status",
                                "value": "in_treatment"
                              }
                            }
                          }
                        },
                        "Status_Closed": {
                          "case": "Closed",
                          "actions": {
                            "Status_resolved": {
                              "type": "SetVariable",
                              "inputs": {
                                "name": "alert_status",
                                "value": "resolved"
                              }
                            }
                          }
                        },
                        "Status_New": {
                          "case": "New",
                          "actions": {
                            "Status_treatment_required": {
                              "type": "SetVariable",
                              "inputs": {
                                "name": "alert_status",
                                "value": "treatment_required"
                              }
                            }
                          }
                        }
                      },
                      "expression": "@triggerBody()?['object']?['properties']?['status']",
                      "type": "Switch"
                    },
                    "Update_Alert_Status_": {
                      "runAfter": {
                        "Build_Patch_body": [
                          "Succeeded"
                        ]
                      },
                      "type": "Http",
                      "inputs": {
                        "body": "@variables('alert_status_patch')",
                        "headers": {
                          "Authorization": "Bearer @{body('Extract_Access_Token')?['access_token']}",
                          "Content-Type": "application/json"
                        },
                        "method": "PATCH",
                        "uri": "https://api.cybersixgill.com/alerts/actionable_alert/@{body('Parse_JSON')?['id_s']}"
                      }
                    }
                  }
                },
                "parameters": {
                  "$connections": {
                    "value": {
                      "azuresentinel": {
                        "connectionId": "[[resourceId('Microsoft.Web/connections', variables('MicrosoftSentinelConnectionName'))]",
                        "connectionName": "[[variables('MicrosoftSentinelConnectionName')]",
                        "id": "[[concat('/subscriptions/', subscription().subscriptionId, '/providers/Microsoft.Web/locations/', variables('workspace-location-inline'), '/managedApis/Azuresentinel')]",
                        "connectionProperties": {
                          "authentication": {
                            "type": "ManagedServiceIdentity"
                          }
                        }
                      },
                      "keyvault": {
                        "connectionId": "[[resourceId('Microsoft.Web/connections', variables('KeyvaultConnectionName'))]",
                        "connectionName": "[[variables('KeyvaultConnectionName')]",
                        "id": "[[concat('/subscriptions/', subscription().subscriptionId, '/providers/Microsoft.Web/locations/', variables('workspace-location-inline'), '/managedApis/Keyvault')]",
                        "connectionProperties": {
                          "authentication": {
                            "type": "ManagedServiceIdentity"
                          }
                        }
                      }
                    }
                  }
                }
              },
              "name": "[[parameters('PlaybookName')]",
              "type": "Microsoft.Logic/workflows",
              "location": "[[variables('workspace-location-inline')]",
              "identity": {
                "type": "SystemAssigned"
              },
              "tags": {
                "hidden-SentinelTemplateName": "CybersixgillAlertStatusUpdate",
                "hidden-SentinelTemplateVersion": "1.0",
                "hidden-SentinelWorkspaceId": "[[variables('workspaceResourceId')]"
              },
              "apiVersion": "2017-07-01",
              "dependsOn": [
                "[[resourceId('Microsoft.Web/connections', variables('MicrosoftSentinelConnectionName'))]",
                "[[resourceId('Microsoft.Web/connections', variables('KeyvaultConnectionName'))]"
              ]
            },
            {
              "type": "Microsoft.Web/connections",
              "apiVersion": "2016-06-01",
              "name": "[[variables('MicrosoftSentinelConnectionName')]",
              "location": "[[variables('workspace-location-inline')]",
              "kind": "V1",
              "properties": {
                "displayName": "[[variables('MicrosoftSentinelConnectionName')]",
                "parameterValueType": "Alternative",
                "api": {
                  "id": "[[variables('_connection-2')]"
                }
              }
            },
            {
              "type": "Microsoft.Web/connections",
              "apiVersion": "2016-06-01",
              "name": "[[variables('KeyvaultConnectionName')]",
              "location": "[[variables('workspace-location-inline')]",
              "kind": "V1",
              "properties": {
                "displayName": "[[variables('KeyvaultConnectionName')]",
                "parameterValueType": "Alternative",
                "alternativeParameterValues": {
                  "vaultName": "[[parameters('Keyvault Name')]"
                },
                "nonSecretParameterValues": {
                  "vaultName": "[[parameters('Keyvault Name')]"
                },
                "api": {
                  "id": "[[variables('_connection-3')]"
                }
              }
            },
            {
              "type": "Microsoft.OperationalInsights/workspaces/providers/metadata",
              "apiVersion": "2022-01-01-preview",
              "name": "[concat(parameters('workspace'),'/Microsoft.SecurityInsights/',concat('Playbook-', last(split(variables('playbookId1'),'/'))))]",
              "properties": {
                "parentId": "[variables('playbookId1')]",
                "contentId": "[variables('_playbookContentId1')]",
                "kind": "Playbook",
                "version": "[variables('playbookVersion1')]",
                "source": {
                  "kind": "Solution",
                  "name": "Cybersixgill-Actionable-Alerts",
                  "sourceId": "[variables('_solutionId')]"
                },
                "author": {
                  "name": "Cybersixgill"
                },
                "support": {
                  "name": "Cybersixgill",
                  "email": "info@cybersixgill.com",
                  "tier": "Partner",
                  "link": "https://www.cybersixgill.com/"
                }
              }
            }
          ],
          "metadata": {
            "title": "Cybersixgill-Alert-Status-Update",
            "description": "This playbook will update status of Cybersixgill Alerts when respective incident status is updated in Microsoft Sentinel",
            "prerequisites": "Cybersixgill Client ID and Client Secret should be stored in Azure KeyVault before deploying this playbook.",
            "lastUpdateTime": "2022-12-23T18:18:05Z",
            "tags": [
              "Incident",
              "Sync"
            ],
            "releaseNotes": {
              "version": "1.0",
              "title": "[variables('blanks')]",
              "notes": [
                "Initial version"
              ]
            }
          }
        }
      }
    },
    {
      "type": "Microsoft.Resources/templateSpecs",
      "apiVersion": "2021-05-01",
      "name": "[variables('playbookTemplateSpecName2')]",
      "location": "[parameters('workspace-location')]",
      "tags": {
        "hidden-sentinelWorkspaceId": "[variables('workspaceResourceId')]",
        "hidden-sentinelContentType": "Playbook"
      },
      "properties": {
        "description": "DeleteCybersixgillAlert playbook",
        "displayName": "DeleteCybersixgillAlert playbook"
      }
    },
    {
      "type": "Microsoft.Resources/templateSpecs/versions",
      "apiVersion": "2021-05-01",
      "name": "[concat(variables('playbookTemplateSpecName2'),'/',variables('playbookVersion2'))]",
      "location": "[parameters('workspace-location')]",
      "tags": {
        "hidden-sentinelWorkspaceId": "[variables('workspaceResourceId')]",
        "hidden-sentinelContentType": "Playbook"
      },
      "dependsOn": [
        "[resourceId('Microsoft.Resources/templateSpecs', variables('playbookTemplateSpecName2'))]"
      ],
      "properties": {
        "description": "DeleteCybersixgillAlert Playbook with template version 2.0.1",
        "mainTemplate": {
          "$schema": "https://schema.management.azure.com/schemas/2019-04-01/deploymentTemplate.json#",
          "contentVersion": "[variables('playbookVersion2')]",
          "parameters": {
            "PlaybookName": {
              "defaultValue": "DeleteCybersixgillAlert",
              "type": "string"
            },
            "Keyvault Name": {
              "type": "string",
              "defaultValue": "",
              "metadata": {
                "description": "Enter value for Keyvault Name"
              }
            },
            "Client ID key name": {
              "type": "string",
              "metadata": {
                "description": "Enter value for Client ID key name"
              }
            },
            "Client Secret key name": {
              "type": "string",
              "metadata": {
                "description": "Enter value for Client Secret key name"
              }
            }
          },
          "variables": {
            "MicrosoftSentinelConnectionName": "[[concat('MicrosoftSentinel-', parameters('PlaybookName'))]",
            "KeyvaultConnectionName": "[[concat('Keyvault-', parameters('PlaybookName'))]",
            "connection-2": "[[concat('/subscriptions/', subscription().subscriptionId, '/providers/Microsoft.Web/locations/', variables('workspace-location-inline'), '/managedApis/Azuresentinel')]",
            "_connection-2": "[[variables('connection-2')]",
            "connection-3": "[[concat('/subscriptions/', subscription().subscriptionId, '/providers/Microsoft.Web/locations/', variables('workspace-location-inline'), '/managedApis/Keyvault')]",
            "_connection-3": "[[variables('connection-3')]",
            "workspace-location-inline": "[concat('[resourceGroup().locatio', 'n]')]",
            "workspace-name": "[parameters('workspace')]",
            "workspaceResourceId": "[[resourceId('microsoft.OperationalInsights/Workspaces', variables('workspace-name'))]"
          },
          "resources": [
            {
              "properties": {
                "provisioningState": "Succeeded",
                "state": "Enabled",
                "definition": {
                  "$schema": "https://schema.management.azure.com/providers/Microsoft.Logic/schemas/2016-06-01/workflowdefinition.json#",
                  "contentVersion": "1.0.0.0",
                  "parameters": {
                    "$connections": {
                      "type": "Object"
                    },
                    "Client ID key name": {
                      "type": "string",
                      "defaultValue": "[[parameters('Client ID key name')]"
                    },
                    "Client Secret key name": {
                      "type": "string",
                      "defaultValue": "[[parameters('Client Secret key name')]"
                    },
                    "Keyvault Name": {
                      "type": "string",
                      "defaultValue": "[[parameters('Keyvault Name')]"
                    }
                  },
                  "staticResults": {
                    "HTTP0": {
                      "status": "Succeeded",
                      "outputs": {
                        "statusCode": "OK"
                      }
                    }
                  },
                  "triggers": {
                    "Microsoft_Sentinel_incident": {
                      "type": "ApiConnectionWebhook",
                      "inputs": {
                        "body": {
                          "callback_url": "@{listCallbackUrl()}"
                        },
                        "host": {
                          "connection": {
                            "name": "@parameters('$connections')['azuresentinel']['connectionId']"
                          }
                        },
                        "path": "/incident-creation"
                      }
                    }
                  },
                  "actions": {
                    "Authenticate_Sixgill_API": {
                      "runAfter": {
                        "Get_Cybersixgill_Client_Secret": [
                          "Succeeded"
                        ]
                      },
                      "type": "Http",
                      "inputs": {
                        "body": "client_id=@{body('Get_Cybersixgill_Client_ID')?['value']}&client_secret=@{body('Get_Cybersixgill_Client_Secret')?['value']}&grant_type=client_credentials",
                        "headers": {
                          "Cache-Control": "no-cache",
                          "Content-Type": "application/x-www-form-urlencoded"
                        },
                        "method": "POST",
                        "uri": "https://api.cybersixgill.com/auth/token"
                      },
                      "runtimeConfiguration": {
                        "staticResult": {
                          "staticResultOptions": "Disabled",
                          "name": "HTTP0"
                        }
                      }
                    },
                    "Delete_Incident_from_Cybersixgill": {
                      "runAfter": {
                        "Parse_JSON": [
                          "Succeeded"
                        ]
                      },
                      "type": "Http",
                      "inputs": {
                        "headers": {
                          "Authorization": "Bearer @{body('Extract_Access_Token')?['access_token']}",
                          "Content-Type": "application/json"
                        },
                        "method": "DELETE",
                        "uri": "https://api.cybersixgill.com/alerts/actionable_alert/@{body('Parse_JSON')?['id_s']}"
                      }
                    },
                    "Extract_Access_Token": {
                      "runAfter": {
                        "Authenticate_Sixgill_API": [
                          "Succeeded"
                        ]
                      },
                      "type": "ParseJson",
                      "inputs": {
                        "content": "@body('Authenticate_Sixgill_API')",
                        "schema": {
                          "properties": {
                            "access_token": {
                              "type": "string"
                            },
                            "expires_in": {
                              "type": "integer"
                            },
                            "ext_expires_in": {
                              "type": "integer"
                            },
                            "token_type": {
                              "type": "string"
                            }
                          },
                          "type": "object"
                        }
                      }
                    },
                    "Get_Cybersixgill_Client_ID": {
                      "type": "ApiConnection",
                      "inputs": {
                        "host": {
                          "connection": {
                            "name": "@parameters('$connections')['keyvault']['connectionId']"
                          }
                        },
                        "method": "get",
                        "path": "/secrets/@{encodeURIComponent(parameters('Client ID key name'))}/value"
                      }
                    },
                    "Get_Cybersixgill_Client_Secret": {
                      "runAfter": {
                        "Get_Cybersixgill_Client_ID": [
                          "Succeeded"
                        ]
                      },
                      "type": "ApiConnection",
                      "inputs": {
                        "host": {
                          "connection": {
                            "name": "@parameters('$connections')['keyvault']['connectionId']"
                          }
                        },
                        "method": "get",
                        "path": "/secrets/@{encodeURIComponent(parameters('Client Secret key name'))}/value"
                      }
                    },
                    "Initialize_variable": {
                      "runAfter": {
                        "Extract_Access_Token": [
                          "Succeeded"
                        ]
                      },
                      "type": "InitializeVariable",
                      "inputs": {
                        "variables": [
                          {
                            "name": "alert_object",
                            "type": "string",
                            "value": "@{triggerBody()?['object']?['properties']?['Bookmarks']?[0]?['properties']?['queryResult']}"
                          }
                        ]
                      }
                    },
                    "Parse_JSON": {
                      "runAfter": {
                        "Initialize_variable": [
                          "Succeeded"
                        ]
                      },
                      "type": "ParseJson",
                      "inputs": {
                        "content": "@variables('alert_object')",
                        "schema": {
                          "properties": {
                            "Category": {
                              "type": "string"
                            },
                            "Computer": {
                              "type": "string"
                            },
                            "MG": {
                              "type": "string"
                            },
                            "ManagementGroupName": {
                              "type": "string"
                            },
                            "RawData": {
                              "type": "string"
                            },
                            "Severity": {
                              "type": "integer"
                            },
                            "SourceSystem": {
                              "type": "string"
                            },
                            "TenantId": {
                              "type": "string"
                            },
                            "TimeGenerated": {
                              "type": "string"
                            },
                            "Type": {
                              "type": "string"
                            },
                            "_ResourceId": {
                              "type": "string"
                            },
                            "_time_s": {
                              "type": "string"
                            },
                            "actor_url_with_context_s": {
                              "type": "string"
                            },
                            "actor_url_without_context_s": {
                              "type": "string"
                            },
                            "aggregate_alert_id_d": {
                              "type": "integer"
                            },
                            "alert_creation_date_s": {
                              "type": "string"
                            },
                            "alert_name_s": {
                              "type": "string"
                            },
                            "alert_type_id_s": {
                              "type": "string"
                            },
                            "assets_s": {
                              "type": "string"
                            },
                            "content_s": {
                              "type": "string"
                            },
                            "date_s": {
                              "type": "string"
                            },
                            "id_s": {
                              "type": "string"
                            },
                            "lang_s": {
                              "type": "string"
                            },
                            "langcode_s": {
                              "type": "string"
                            },
                            "matched_assets_organization_aliases_s": {
                              "type": "string"
                            },
                            "matched_assets_organization_name_s": {
                              "type": "string"
                            },
                            "matched_assets_products_s": {
                              "type": "string"
                            },
                            "organization_name_s": {
                              "type": "string"
                            },
                            "parent_id_s": {
                              "type": "string"
                            },
                            "portal_url_s": {
                              "type": "string"
                            },
                            "read_b": {
                              "type": "boolean"
                            },
                            "site_s": {
                              "type": "string"
                            },
                            "status_name_s": {
                              "type": "string"
                            },
                            "sub_alerts_count_d": {
                              "type": "string"
                            },
                            "threat_actor_s": {
                              "type": "string"
                            },
                            "threat_level_s": {
                              "type": "string"
                            },
                            "threat_source_s": {
                              "type": "string"
                            },
                            "threats_s": {
                              "type": "string"
                            },
                            "title_s": {
                              "type": "string"
                            },
                            "unique_id_s": {
                              "type": "string"
                            },
                            "user_id_s": {
                              "type": "string"
                            }
                          },
                          "type": "object"
                        }
                      }
                    }
                  }
                },
                "parameters": {
                  "$connections": {
                    "value": {
                      "azuresentinel": {
                        "connectionId": "[[resourceId('Microsoft.Web/connections', variables('MicrosoftSentinelConnectionName'))]",
                        "connectionName": "[[variables('MicrosoftSentinelConnectionName')]",
                        "id": "[[concat('/subscriptions/', subscription().subscriptionId, '/providers/Microsoft.Web/locations/', variables('workspace-location-inline'), '/managedApis/Azuresentinel')]",
                        "connectionProperties": {
                          "authentication": {
                            "type": "ManagedServiceIdentity"
                          }
                        }
                      },
                      "keyvault": {
                        "connectionId": "[[resourceId('Microsoft.Web/connections', variables('KeyvaultConnectionName'))]",
                        "connectionName": "[[variables('KeyvaultConnectionName')]",
                        "id": "[[concat('/subscriptions/', subscription().subscriptionId, '/providers/Microsoft.Web/locations/', variables('workspace-location-inline'), '/managedApis/Keyvault')]",
                        "connectionProperties": {
                          "authentication": {
                            "type": "ManagedServiceIdentity"
                          }
                        }
                      }
                    }
                  }
                }
              },
              "name": "[[parameters('PlaybookName')]",
              "type": "Microsoft.Logic/workflows",
              "location": "[[variables('workspace-location-inline')]",
              "identity": {
                "type": "SystemAssigned"
              },
              "tags": {
                "hidden-SentinelTemplateName": "DeleteCybersixgillAlert",
                "hidden-SentinelTemplateVersion": "1.0",
                "hidden-SentinelWorkspaceId": "[[variables('workspaceResourceId')]"
              },
              "apiVersion": "2017-07-01",
              "dependsOn": [
                "[[resourceId('Microsoft.Web/connections', variables('MicrosoftSentinelConnectionName'))]",
                "[[resourceId('Microsoft.Web/connections', variables('KeyvaultConnectionName'))]"
              ]
            },
            {
              "type": "Microsoft.Web/connections",
              "apiVersion": "2016-06-01",
              "name": "[[variables('MicrosoftSentinelConnectionName')]",
              "location": "[[variables('workspace-location-inline')]",
              "kind": "V1",
              "properties": {
                "displayName": "[[variables('MicrosoftSentinelConnectionName')]",
                "parameterValueType": "Alternative",
                "api": {
                  "id": "[[variables('_connection-2')]"
                }
              }
            },
            {
              "type": "Microsoft.Web/connections",
              "apiVersion": "2016-06-01",
              "name": "[[variables('KeyvaultConnectionName')]",
              "location": "[[variables('workspace-location-inline')]",
              "kind": "V1",
              "properties": {
                "displayName": "[[variables('KeyvaultConnectionName')]",
                "parameterValueType": "Alternative",
                "alternativeParameterValues": {
                  "vaultName": "[[parameters('Keyvault Name')]"
                },
                "nonSecretParameterValues": {
                  "vaultName": "[[parameters('Keyvault Name')]"
                },
                "api": {
                  "id": "[[variables('_connection-3')]"
                }
              }
            },
            {
              "type": "Microsoft.OperationalInsights/workspaces/providers/metadata",
              "apiVersion": "2022-01-01-preview",
              "name": "[concat(parameters('workspace'),'/Microsoft.SecurityInsights/',concat('Playbook-', last(split(variables('playbookId2'),'/'))))]",
              "properties": {
                "parentId": "[variables('playbookId2')]",
                "contentId": "[variables('_playbookContentId2')]",
                "kind": "Playbook",
                "version": "[variables('playbookVersion2')]",
                "source": {
                  "kind": "Solution",
                  "name": "Cybersixgill-Actionable-Alerts",
                  "sourceId": "[variables('_solutionId')]"
                },
                "author": {
                  "name": "Cybersixgill"
                },
                "support": {
                  "name": "Cybersixgill",
                  "email": "info@cybersixgill.com",
                  "tier": "Partner",
                  "link": "https://www.cybersixgill.com/"
                }
              }
            }
          ],
          "metadata": {
            "title": "Delete-Cybersixgill-Alert",
            "description": "This playbook will delete Alert on Cybersixgill portal when resective Incident is deleted in Microsoft Sentinel",
            "prerequisites": "Cybersixgill Client ID and Client Secret should be stored in Azure KeyVault before deploying this playbook.",
            "lastUpdateTime": "2022-12-23T18:18:05Z",
            "tags": [
              "Incident",
              "Sync"
            ],
            "releaseNotes": {
              "version": "1.0",
              "title": "[variables('blanks')]",
              "notes": [
                "Initial version"
              ]
            }
          }
        }
      }
    },
    {
      "type": "Microsoft.Resources/templateSpecs",
      "apiVersion": "2021-05-01",
      "name": "[variables('dataConnectorTemplateSpecName1')]",
      "location": "[parameters('workspace-location')]",
      "tags": {
        "hidden-sentinelWorkspaceId": "[variables('workspaceResourceId')]",
        "hidden-sentinelContentType": "DataConnector"
      },
      "properties": {
        "description": "Cybersixgill-Actionable-Alerts data connector with template",
        "displayName": "Cybersixgill-Actionable-Alerts template"
      }
    },
    {
      "type": "Microsoft.Resources/templateSpecs/versions",
      "apiVersion": "2021-05-01",
      "name": "[concat(variables('dataConnectorTemplateSpecName1'),'/',variables('dataConnectorVersion1'))]",
      "location": "[parameters('workspace-location')]",
      "tags": {
        "hidden-sentinelWorkspaceId": "[variables('workspaceResourceId')]",
        "hidden-sentinelContentType": "DataConnector"
      },
      "dependsOn": [
        "[resourceId('Microsoft.Resources/templateSpecs', variables('dataConnectorTemplateSpecName1'))]"
      ],
      "properties": {
        "description": "Cybersixgill-Actionable-Alerts data connector with template version 2.0.1",
        "mainTemplate": {
          "$schema": "https://schema.management.azure.com/schemas/2019-04-01/deploymentTemplate.json#",
          "contentVersion": "[variables('dataConnectorVersion1')]",
          "parameters": {},
          "variables": {},
          "resources": [
            {
              "name": "[concat(parameters('workspace'),'/Microsoft.SecurityInsights/',variables('_dataConnectorContentId1'))]",
              "apiVersion": "2021-03-01-preview",
              "type": "Microsoft.OperationalInsights/workspaces/providers/dataConnectors",
              "location": "[parameters('workspace-location')]",
              "kind": "GenericUI",
              "properties": {
                "connectorUiConfig": {
                  "id": "[variables('_uiConfigId1')]",
                  "title": "Cybersixgill Actionable Alerts (using Azure Function)",
                  "publisher": "Cybersixgill",
                  "descriptionMarkdown": "Actionable alerts provide customized alerts based on configured assets",
                  "graphQueries": [
                    {
                      "metricName": "Total data received",
                      "legend": "CyberSixgill_Alerts_CL",
                      "baseQuery": "CyberSixgill_Alerts_CL"
                    }
                  ],
                  "sampleQueries": [
                    {
                      "description": "All Alerts",
                      "query": "CyberSixgill_Alerts"
                    }
                  ],
                  "dataTypes": [
                    {
                      "name": "CyberSixgill_Alerts_CL",
                      "lastDataReceivedQuery": "CyberSixgill_Alerts_CL\n            | summarize Time = max(TimeGenerated)\n            | where isnotempty(Time)"
                    }
                  ],
                  "connectivityCriterias": [
                    {
                      "type": "IsConnectedQuery",
                      "value": [
                        "CyberSixgill_Alerts_CL\n            | summarize LastLogReceived = max(TimeGenerated)\n            | project IsConnected = LastLogReceived > ago(30d)"
                      ]
                    }
                  ],
                  "availability": {
                    "status": 1,
                    "isPreview": false
                  },
                  "permissions": {
                    "resourceProvider": [
                      {
                        "provider": "Microsoft.OperationalInsights/workspaces",
                        "permissionsDisplayText": "read and write permissions on the workspace are required.",
                        "providerDisplayName": "Workspace",
                        "scope": "Workspace",
                        "requiredPermissions": {
                          "write": true,
                          "read": true,
                          "delete": true
                        }
                      },
                      {
                        "provider": "Microsoft.OperationalInsights/workspaces/sharedKeys",
                        "permissionsDisplayText": "read permissions to shared keys for the workspace are required. [See the documentation to learn more about workspace keys](https://docs.microsoft.com/azure/azure-monitor/platform/agent-windows#obtain-workspace-id-and-key).",
                        "providerDisplayName": "Keys",
                        "scope": "Workspace",
                        "requiredPermissions": {
                          "action": true
                        }
                      }
                    ],
                    "customs": [
                      {
                        "name": "Microsoft.Web/sites permissions",
                        "description": "Read and write permissions to Azure Functions to create a Function App is required. [See the documentation to learn more about Azure Functions](https://docs.microsoft.com/azure/azure-functions/)."
                      },
                      {
                        "name": "REST API Credentials/permissions",
                        "description": "**Client_ID** and **Client_Secret** are required for making API calls."
                      }
                    ]
                  },
                  "instructionSteps": [
                    {
                      "description": ">**NOTE:** This connector uses Azure Functions to connect to the Cybersixgill API to pull Alerts into Microsoft Sentinel. This might result in additional costs for data ingestion and for storing data in Azure Blob Storage costs. Check the [Azure Functions pricing page](https://azure.microsoft.com/pricing/details/functions/) and [Azure Blob Storage pricing page](https://azure.microsoft.com/pricing/details/storage/blobs/) for details."
                    },
                    {
                      "description": ">**(Optional Step)** Securely store workspace and API authorization key(s) or token(s) in Azure Key Vault. Azure Key Vault provides a secure mechanism to store and retrieve key values. [Follow these instructions](https://docs.microsoft.com/azure/app-service/app-service-key-vault-references) to use Azure Key Vault with an Azure Function App."
                    },
                    {
                      "instructions": [
                        {
                          "parameters": {
                            "fillWith": [
                              "WorkspaceId"
                            ],
                            "label": "Workspace ID"
                          },
                          "type": "CopyableLabel"
                        },
                        {
                          "parameters": {
                            "fillWith": [
                              "PrimaryKey"
                            ],
                            "label": "Primary Key"
                          },
                          "type": "CopyableLabel"
                        }
                      ]
                    },
                    {
                      "description": "Use this method for automated deployment of the Cybersixgill Actionable Alerts data connector using an ARM Tempate.\n\n1. Click the **Deploy to Azure** button below. \n\n\t[![Deploy To Azure](https://aka.ms/deploytoazurebutton)](https://portal.azure.com/#create/Microsoft.Template/uri/https%3A%2F%2Fgithub.com%2Fsyed-loginsoft%2FAzure-Sentinel%2Fraw%2Fcybersixgill%2FSolutions%2FCybersixgill-Actionable-Alerts%2FData%20Connectors%2Fazuredeploy_Connector_Cybersixgill_AzureFunction.json)\n2. Select the preferred **Subscription**, **Resource Group** and **Location**. \n3. Enter the **Workspace ID**, **Workspace Key**, **Client ID**, **Client Secret**, **TimeInterval** and deploy. \n4. Mark the checkbox labeled **I agree to the terms and conditions stated above**. \n5. Click **Purchase** to deploy.",
                      "title": "Option 1 - Azure Resource Manager (ARM) Template"
                    },
                    {
                      "description": "Use the following step-by-step instructions to deploy the Cybersixgill Actionable Alerts data connector manually with Azure Functions (Deployment via Visual Studio Code).",
                      "title": "Option 2 - Manual Deployment of Azure Functions"
                    },
                    {
                      "description": "**1. Deploy a Function App**\n\n> NOTE:You will need to [prepare VS code](https://docs.microsoft.com/azure/azure-functions/functions-create-first-function-python#prerequisites) for Azure function development.\n\n1. Download the [Azure Function App](https://github.com/syed-loginsoft/Azure-Sentinel/blob/cybersixgill/Solutions/Cybersixgill-Actionable-Alerts/Data%20Connectors/CybersixgillAlerts.zip?raw=true) file. Extract archive to your local development computer.\n2. Start VS Code. Choose File in the main menu and select Open Folder.\n3. Select the top level folder from extracted files.\n4. Choose the Azure icon in the Activity bar, then in the **Azure: Functions** area, choose the **Deploy to function app** button.\nIf you aren't already signed in, choose the Azure icon in the Activity bar, then in the **Azure: Functions** area, choose **Sign in to Azure**\nIf you're already signed in, go to the next step.\n5. Provide the following information at the prompts:\n\n\ta. **Select folder:** Choose a folder from your workspace or browse to one that contains your function app.\n\n\tb. **Select Subscription:** Choose the subscription to use.\n\n\tc. Select **Create new Function App in Azure** (Don't choose the Advanced option)\n\n\td. **Enter a globally unique name for the function app:** Type a name that is valid in a URL path. The name you type is validated to make sure that it's unique in Azure Functions. (e.g. CybersixgillAlertsXXX).\n\n\te. **Select a runtime:** Choose Python 3.8.\n\n\tf. Select a location for new resources. For better performance and lower costs choose the same [region](https://azure.microsoft.com/regions/) where Microsoft sentinel is located.\n\n6. Deployment will begin. A notification is displayed after your function app is created and the deployment package is applied.\n7. Go to Azure Portal for the Function App configuration."
                    },
                    {
                      "description": "**2. Configure the Function App**\n\n1. In the Function App, select the Function App Name and select **Configuration**.\n2. In the **Application settings** tab, select **+ New application setting**.\n3. Add each of the following application settings individually, with their respective string values (case-sensitive): \n\t\tClientID\n\t\tClientSecret\n\t\tPolling\n\t\tWorkspaceID\n\t\tWorkspaceKey\n\t\tlogAnalyticsUri (optional)\n - Use logAnalyticsUri to override the log analytics API endpoint for dedicated cloud. For example, for public cloud, leave the value empty; for Azure GovUS cloud environment, specify the value in the following format: `https://<CustomerId>.ods.opinsights.azure.us`\n3. Once all application settings have been entered, click **Save**."
                    }
                  ]
                }
              }
            },
            {
              "type": "Microsoft.OperationalInsights/workspaces/providers/metadata",
              "apiVersion": "2022-01-01-preview",
              "name": "[concat(parameters('workspace'),'/Microsoft.SecurityInsights/',concat('DataConnector-', last(split(variables('_dataConnectorId1'),'/'))))]",
              "properties": {
                "parentId": "[extensionResourceId(resourceId('Microsoft.OperationalInsights/workspaces', parameters('workspace')), 'Microsoft.SecurityInsights/dataConnectors', variables('_dataConnectorContentId1'))]",
                "contentId": "[variables('_dataConnectorContentId1')]",
                "kind": "DataConnector",
                "version": "[variables('dataConnectorVersion1')]",
                "source": {
                  "kind": "Solution",
                  "name": "Cybersixgill-Actionable-Alerts",
                  "sourceId": "[variables('_solutionId')]"
                },
                "author": {
                  "name": "Cybersixgill"
                },
                "support": {
                  "name": "Cybersixgill",
                  "email": "info@cybersixgill.com",
                  "tier": "Partner",
                  "link": "https://www.cybersixgill.com/"
                }
              }
            }
          ]
        }
      }
    },
    {
      "type": "Microsoft.OperationalInsights/workspaces/providers/metadata",
      "apiVersion": "2022-01-01-preview",
      "name": "[concat(parameters('workspace'),'/Microsoft.SecurityInsights/',concat('DataConnector-', last(split(variables('_dataConnectorId1'),'/'))))]",
      "dependsOn": [
        "[variables('_dataConnectorId1')]"
      ],
      "location": "[parameters('workspace-location')]",
      "properties": {
        "parentId": "[extensionResourceId(resourceId('Microsoft.OperationalInsights/workspaces', parameters('workspace')), 'Microsoft.SecurityInsights/dataConnectors', variables('_dataConnectorContentId1'))]",
        "contentId": "[variables('_dataConnectorContentId1')]",
        "kind": "DataConnector",
        "version": "[variables('dataConnectorVersion1')]",
        "source": {
          "kind": "Solution",
          "name": "Cybersixgill-Actionable-Alerts",
          "sourceId": "[variables('_solutionId')]"
        },
        "author": {
          "name": "Cybersixgill"
        },
        "support": {
          "name": "Cybersixgill",
          "email": "info@cybersixgill.com",
          "tier": "Partner",
          "link": "https://www.cybersixgill.com/"
        }
      }
    },
    {
      "name": "[concat(parameters('workspace'),'/Microsoft.SecurityInsights/',variables('_dataConnectorContentId1'))]",
      "apiVersion": "2021-03-01-preview",
      "type": "Microsoft.OperationalInsights/workspaces/providers/dataConnectors",
      "location": "[parameters('workspace-location')]",
      "kind": "GenericUI",
      "properties": {
        "connectorUiConfig": {
          "title": "Cybersixgill Actionable Alerts (using Azure Function)",
          "publisher": "Cybersixgill",
          "descriptionMarkdown": "Actionable alerts provide customized alerts based on configured assets",
          "graphQueries": [
            {
              "metricName": "Total data received",
              "legend": "CyberSixgill_Alerts_CL",
              "baseQuery": "CyberSixgill_Alerts_CL"
            }
          ],
          "dataTypes": [
            {
              "name": "CyberSixgill_Alerts_CL",
              "lastDataReceivedQuery": "CyberSixgill_Alerts_CL\n            | summarize Time = max(TimeGenerated)\n            | where isnotempty(Time)"
            }
          ],
          "connectivityCriterias": [
            {
              "type": "IsConnectedQuery",
              "value": [
                "CyberSixgill_Alerts_CL\n            | summarize LastLogReceived = max(TimeGenerated)\n            | project IsConnected = LastLogReceived > ago(30d)"
              ]
            }
          ],
          "sampleQueries": [
            {
              "description": "All Alerts",
              "query": "CyberSixgill_Alerts"
            }
          ],
          "availability": {
            "status": 1,
            "isPreview": false
          },
          "permissions": {
            "resourceProvider": [
              {
                "provider": "Microsoft.OperationalInsights/workspaces",
                "permissionsDisplayText": "read and write permissions on the workspace are required.",
                "providerDisplayName": "Workspace",
                "scope": "Workspace",
                "requiredPermissions": {
                  "write": true,
                  "read": true,
                  "delete": true
                }
              },
              {
                "provider": "Microsoft.OperationalInsights/workspaces/sharedKeys",
                "permissionsDisplayText": "read permissions to shared keys for the workspace are required. [See the documentation to learn more about workspace keys](https://docs.microsoft.com/azure/azure-monitor/platform/agent-windows#obtain-workspace-id-and-key).",
                "providerDisplayName": "Keys",
                "scope": "Workspace",
                "requiredPermissions": {
                  "action": true
                }
              }
            ],
            "customs": [
              {
                "name": "Microsoft.Web/sites permissions",
                "description": "Read and write permissions to Azure Functions to create a Function App is required. [See the documentation to learn more about Azure Functions](https://docs.microsoft.com/azure/azure-functions/)."
              },
              {
                "name": "REST API Credentials/permissions",
                "description": "**Client_ID** and **Client_Secret** are required for making API calls."
              }
            ]
          },
          "instructionSteps": [
            {
              "description": ">**NOTE:** This connector uses Azure Functions to connect to the Cybersixgill API to pull Alerts into Microsoft Sentinel. This might result in additional costs for data ingestion and for storing data in Azure Blob Storage costs. Check the [Azure Functions pricing page](https://azure.microsoft.com/pricing/details/functions/) and [Azure Blob Storage pricing page](https://azure.microsoft.com/pricing/details/storage/blobs/) for details."
            },
            {
              "description": ">**(Optional Step)** Securely store workspace and API authorization key(s) or token(s) in Azure Key Vault. Azure Key Vault provides a secure mechanism to store and retrieve key values. [Follow these instructions](https://docs.microsoft.com/azure/app-service/app-service-key-vault-references) to use Azure Key Vault with an Azure Function App."
            },
            {
              "instructions": [
                {
                  "parameters": {
                    "fillWith": [
                      "WorkspaceId"
                    ],
                    "label": "Workspace ID"
                  },
                  "type": "CopyableLabel"
                },
                {
                  "parameters": {
                    "fillWith": [
                      "PrimaryKey"
                    ],
                    "label": "Primary Key"
                  },
                  "type": "CopyableLabel"
                }
              ]
            },
            {
              "description": "Use this method for automated deployment of the Cybersixgill Actionable Alerts data connector using an ARM Tempate.\n\n1. Click the **Deploy to Azure** button below. \n\n\t[![Deploy To Azure](https://aka.ms/deploytoazurebutton)](https://portal.azure.com/#create/Microsoft.Template/uri/https%3A%2F%2Fgithub.com%2Fsyed-loginsoft%2FAzure-Sentinel%2Fraw%2Fcybersixgill%2FSolutions%2FCybersixgill-Actionable-Alerts%2FData%20Connectors%2Fazuredeploy_Connector_Cybersixgill_AzureFunction.json)\n2. Select the preferred **Subscription**, **Resource Group** and **Location**. \n3. Enter the **Workspace ID**, **Workspace Key**, **Client ID**, **Client Secret**, **TimeInterval** and deploy. \n4. Mark the checkbox labeled **I agree to the terms and conditions stated above**. \n5. Click **Purchase** to deploy.",
              "title": "Option 1 - Azure Resource Manager (ARM) Template"
            },
            {
              "description": "Use the following step-by-step instructions to deploy the Cybersixgill Actionable Alerts data connector manually with Azure Functions (Deployment via Visual Studio Code).",
              "title": "Option 2 - Manual Deployment of Azure Functions"
            },
            {
              "description": "**1. Deploy a Function App**\n\n> NOTE:You will need to [prepare VS code](https://docs.microsoft.com/azure/azure-functions/functions-create-first-function-python#prerequisites) for Azure function development.\n\n1. Download the [Azure Function App](https://github.com/syed-loginsoft/Azure-Sentinel/blob/cybersixgill/Solutions/Cybersixgill-Actionable-Alerts/Data%20Connectors/CybersixgillAlerts.zip?raw=true) file. Extract archive to your local development computer.\n2. Start VS Code. Choose File in the main menu and select Open Folder.\n3. Select the top level folder from extracted files.\n4. Choose the Azure icon in the Activity bar, then in the **Azure: Functions** area, choose the **Deploy to function app** button.\nIf you aren't already signed in, choose the Azure icon in the Activity bar, then in the **Azure: Functions** area, choose **Sign in to Azure**\nIf you're already signed in, go to the next step.\n5. Provide the following information at the prompts:\n\n\ta. **Select folder:** Choose a folder from your workspace or browse to one that contains your function app.\n\n\tb. **Select Subscription:** Choose the subscription to use.\n\n\tc. Select **Create new Function App in Azure** (Don't choose the Advanced option)\n\n\td. **Enter a globally unique name for the function app:** Type a name that is valid in a URL path. The name you type is validated to make sure that it's unique in Azure Functions. (e.g. CybersixgillAlertsXXX).\n\n\te. **Select a runtime:** Choose Python 3.8.\n\n\tf. Select a location for new resources. For better performance and lower costs choose the same [region](https://azure.microsoft.com/regions/) where Microsoft sentinel is located.\n\n6. Deployment will begin. A notification is displayed after your function app is created and the deployment package is applied.\n7. Go to Azure Portal for the Function App configuration."
            },
            {
              "description": "**2. Configure the Function App**\n\n1. In the Function App, select the Function App Name and select **Configuration**.\n2. In the **Application settings** tab, select **+ New application setting**.\n3. Add each of the following application settings individually, with their respective string values (case-sensitive): \n\t\tClientID\n\t\tClientSecret\n\t\tPolling\n\t\tWorkspaceID\n\t\tWorkspaceKey\n\t\tlogAnalyticsUri (optional)\n - Use logAnalyticsUri to override the log analytics API endpoint for dedicated cloud. For example, for public cloud, leave the value empty; for Azure GovUS cloud environment, specify the value in the following format: `https://<CustomerId>.ods.opinsights.azure.us`\n3. Once all application settings have been entered, click **Save**."
            }
          ],
          "id": "[variables('_uiConfigId1')]"
        }
      }
    },
    {
      "type": "Microsoft.Resources/templateSpecs",
      "apiVersion": "2021-05-01",
      "name": "[variables('huntingQueryTemplateSpecName1')]",
      "location": "[parameters('workspace-location')]",
      "tags": {
        "hidden-sentinelWorkspaceId": "[variables('workspaceResourceId')]",
        "hidden-sentinelContentType": "HuntingQuery"
      },
      "properties": {
        "description": "Cybersixgill-Actionable-Alerts Hunting Query 1 with template",
        "displayName": "Cybersixgill-Actionable-Alerts Hunting Query template"
      }
    },
    {
      "type": "Microsoft.Resources/templateSpecs/versions",
      "apiVersion": "2021-05-01",
      "name": "[concat(variables('huntingQueryTemplateSpecName1'),'/',variables('huntingQueryVersion1'))]",
      "location": "[parameters('workspace-location')]",
      "tags": {
        "hidden-sentinelWorkspaceId": "[variables('workspaceResourceId')]",
        "hidden-sentinelContentType": "HuntingQuery"
      },
      "dependsOn": [
        "[resourceId('Microsoft.Resources/templateSpecs', variables('huntingQueryTemplateSpecName1'))]"
      ],
      "properties": {
        "description": "ActionableAlerts_HuntingQueries Hunting Query with template version 2.0.1",
        "mainTemplate": {
          "$schema": "https://schema.management.azure.com/schemas/2019-04-01/deploymentTemplate.json#",
          "contentVersion": "[variables('huntingQueryVersion1')]",
          "parameters": {},
          "variables": {},
          "resources": [
            {
              "type": "Microsoft.OperationalInsights/savedSearches",
              "apiVersion": "2020-08-01",
              "name": "Cybersixgill-Actionable-Alerts_Hunting_Query_1",
              "location": "[parameters('workspace-location')]",
              "properties": {
                "eTag": "*",
                "displayName": "Cybersixgill Actionable alerts",
                "category": "Hunting Queries",
                "query": "CyberSixgill_Alerts_CL\n| where TimeGenerated > ago(30d)\n",
                "version": 2,
                "tags": [
                  {
                    "name": "description",
                    "value": "View Cybersixgill Actionable alerts for last 30 days"
                  }
                ]
              }
            },
            {
              "type": "Microsoft.OperationalInsights/workspaces/providers/metadata",
              "apiVersion": "2022-01-01-preview",
              "name": "[concat(parameters('workspace'),'/Microsoft.SecurityInsights/',concat('HuntingQuery-', last(split(variables('huntingQueryId1'),'/'))))]",
              "properties": {
                "description": "Cybersixgill-Actionable-Alerts Hunting Query 1",
                "parentId": "[variables('huntingQueryId1')]",
                "contentId": "[variables('_huntingQuerycontentId1')]",
                "kind": "HuntingQuery",
                "version": "[variables('huntingQueryVersion1')]",
                "source": {
                  "kind": "Solution",
                  "name": "Cybersixgill-Actionable-Alerts",
                  "sourceId": "[variables('_solutionId')]"
                },
                "author": {
                  "name": "Cybersixgill"
                },
                "support": {
                  "name": "Cybersixgill",
                  "email": "info@cybersixgill.com",
                  "tier": "Partner",
                  "link": "https://www.cybersixgill.com/"
                }
              }
            }
          ]
        }
      }
    },
    {
      "type": "Microsoft.OperationalInsights/workspaces/providers/metadata",
      "apiVersion": "2022-01-01-preview",
      "location": "[parameters('workspace-location')]",
      "properties": {
        "version": "2.0.1",
        "kind": "Solution",
        "contentSchemaVersion": "2.0.0",
        "contentId": "[variables('_solutionId')]",
        "parentId": "[variables('_solutionId')]",
        "source": {
          "kind": "Solution",
          "name": "Cybersixgill-Actionable-Alerts",
          "sourceId": "[variables('_solutionId')]"
        },
        "author": {
          "name": "Cybersixgill"
        },
        "support": {
          "name": "Cybersixgill",
          "email": "info@cybersixgill.com",
          "tier": "Partner",
          "link": "https://www.cybersixgill.com/"
        },
        "dependencies": {
          "operator": "AND",
          "criteria": [
            {
              "kind": "Workbook",
              "contentId": "[variables('_workbookContentId1')]",
              "version": "[variables('workbookVersion1')]"
            },
            {
              "kind": "Workbook",
              "contentId": "[variables('_workbookContentId2')]",
              "version": "[variables('workbookVersion2')]"
            },
            {
              "kind": "Playbook",
              "contentId": "[variables('_CybersixgillAlertStatusUpdate')]",
              "version": "[variables('playbookVersion1')]"
            },
            {
              "kind": "Playbook",
              "contentId": "[variables('_DeleteCybersixgillAlert')]",
              "version": "[variables('playbookVersion2')]"
            },
            {
              "kind": "DataConnector",
              "contentId": "[variables('_dataConnectorContentId1')]",
              "version": "[variables('dataConnectorVersion1')]"
            },
            {
              "kind": "HuntingQuery",
              "contentId": "[variables('_huntingQuerycontentId1')]",
              "version": "[variables('huntingQueryVersion1')]"
            }
          ]
        },
        "firstPublishDate": "2023-02-27",
        "lastPublishDate": "2023-02-27",
        "providers": [
          "Cybersixgill"
        ],
        "categories": {
          "domains": [
            "Security - Threat Intelligence"
          ]
        }
      },
      "name": "[concat(parameters('workspace'),'/Microsoft.SecurityInsights/', variables('_solutionId'))]"
    }
  ],
  "outputs": {}
}
