{
  "$schema": "https://schema.management.azure.com/schemas/0.1.2-preview/CreateUIDefinition.MultiVm.json#",
  "handler": "Microsoft.Azure.CreateUIDef",
  "version": "0.1.2-preview",
  "parameters": {
    "config": {
      "isWizard": false,
      "basics": {
        "description": "<img src=\"https://raw.githubusercontent.com/Azure/Azure-Sentinel/master/Workbooks/Images/Logos/waf_logo.svg\"width=\"75px\" height=\"75px\">\n\n**Note:** Please refer to the following before installing the solution: \n\n• Review the solution [Release Notes](https://github.com/Azure/Azure-Sentinel/tree/master/Solutions/Azure%20Web%20Application%20Firewall%20%28WAF%29/ReleaseNotes.md)\n\n • There may be [known issues](https://aka.ms/sentinelsolutionsknownissues) pertaining to this Solution, please refer to them before installing.\n\nThe Azure Web Application Firewall (WAF) solution for Microsoft Sentinel allows you to ingest Diagnostic Metrics from Application Gateway, Front Door and CDN into Microsoft Sentinel.\n\n**Data Connectors:** 1, **Workbooks:** 4, **Analytic Rules:** 10\n\n[Learn more about Microsoft Sentinel](https://aka.ms/azuresentinel) | [Learn more about Solutions](https://aka.ms/azuresentinelsolutionsdoc)",
        "subscription": {
          "resourceProviders": [
            "Microsoft.OperationsManagement/solutions",
            "Microsoft.OperationalInsights/workspaces/providers/alertRules",
            "Microsoft.Insights/workbooks",
            "Microsoft.Logic/workflows"
          ]
        },
        "location": {
          "metadata": {
            "hidden": "Hiding location, we get it from the log analytics workspace"
          },
          "visible": false
        },
        "resourceGroup": {
          "allowExisting": true
        }
      }
    },
    "basics": [
      {
        "name": "getLAWorkspace",
        "type": "Microsoft.Solutions.ArmApiControl",
        "toolTip": "This filters by workspaces that exist in the Resource Group selected",
        "condition": "[greater(length(resourceGroup().name),0)]",
        "request": {
          "method": "GET",
          "path": "[concat(subscription().id,'/providers/Microsoft.OperationalInsights/workspaces?api-version=2020-08-01')]"
        }
      },
      {
        "name": "workspace",
        "type": "Microsoft.Common.DropDown",
        "label": "Workspace",
        "placeholder": "Select a workspace",
        "toolTip": "This dropdown will list only workspace that exists in the Resource Group selected",
        "constraints": {
          "allowedValues": "[map(filter(basics('getLAWorkspace').value, (filter) => contains(toLower(filter.id), toLower(resourceGroup().name))), (item) => parse(concat('{\"label\":\"', item.name, '\",\"value\":\"', item.name, '\"}')))]",
          "required": true
        },
        "visible": true
      }
    ],
    "steps": [
      {
        "name": "dataconnectors",
        "label": "Data Connectors",
        "bladeTitle": "Data Connectors",
        "elements": [
          {
            "name": "dataconnectors1-text",
            "type": "Microsoft.Common.TextBlock",
            "options": {
              "text": "This Solution installs the data connector for Azure Web Application Firewall (WAF). You can get Azure Web Application Firewall (WAF) custom log data in your Microsoft Sentinel workspace. After installing the solution, configure and enable this data connector by following guidance in Manage solution view."
            }
          },
          {
            "name": "dataconnectors-link1",
            "type": "Microsoft.Common.TextBlock",
            "options": {
              "link": {
                "label": "Learn more about connecting data sources",
                "uri": "https://docs.microsoft.com/azure/sentinel/connect-data-sources"
              }
            }
          }
        ]
      },
      {
        "name": "workbooks",
        "label": "Workbooks",
        "subLabel": {
          "preValidation": "Configure the workbooks",
          "postValidation": "Done"
        },
        "bladeTitle": "Workbooks",
        "elements": [
          {
            "name": "workbooks-text",
            "type": "Microsoft.Common.TextBlock",
            "options": {
              "text": "This solution installs workbook(s) to help you gain insights into the telemetry collected in Microsoft Sentinel. After installing the solution, start using the workbook in Manage solution view."
            }
          },
          {
            "name": "workbooks-link",
            "type": "Microsoft.Common.TextBlock",
            "options": {
              "link": {
                "label": "Learn more",
                "uri": "https://docs.microsoft.com/azure/sentinel/tutorial-monitor-your-data"
              }
            }
          },
          {
            "name": "workbook1",
            "type": "Microsoft.Common.Section",
            "label": "Microsoft Web Application Firewall (WAF) - firewall events",
            "elements": [
              {
                "name": "workbook1-text",
                "type": "Microsoft.Common.TextBlock",
                "options": {
                  "text": "Gain insights into your organization's Azure web application firewall (WAF). You will get visibility in to your application gateway firewall. You can view anomalies and trends across all firewall event triggers, attack events, blocked URL addresses and more."
                }
              }
            ]
          },
          {
            "name": "workbook2",
            "type": "Microsoft.Common.Section",
            "label": "Microsoft Web Application Firewall (WAF) - gateway access events",
            "elements": [
              {
                "name": "workbook2-text",
                "type": "Microsoft.Common.TextBlock",
                "options": {
                  "text": "Gain insights into your organization's Azure web application firewall (WAF). You will get visibility in to your application gateway access events. You can view anomalies and trends across received and sent data, client IP addresses, URL addresses and more, and drill down into details."
                }
              }
            ]
          },
          {
            "name": "workbook3",
            "type": "Microsoft.Common.Section",
            "label": "Microsoft Web Application Firewall (WAF) - overview",
            "elements": [
              {
                "name": "workbook3-text",
                "type": "Microsoft.Common.TextBlock",
                "options": {
                  "text": "Gain insights into your organization's Azure web application firewall (WAF). You will get a general overview of your application gateway firewall and application gateway access events."
                }
              }
            ]
          },
          {
            "name": "workbook4",
            "type": "Microsoft.Common.Section",
            "label": "Microsoft Web Application Firewall (WAF) - Azure WAF",
            "elements": [
              {
                "name": "workbook4-text",
                "type": "Microsoft.Common.TextBlock",
                "options": {
                  "text": "Gain insights into your organization's Azure web application firewall (WAF) across various services such as Azure Front Door Service and Application Gateway. You can view event triggers, full messages, attacks over time, among other data. Several aspects of the workbook are interactable to allow users to further understand their data"
                }
              }
            ]
          }
        ]
      },
      {
        "name": "analytics",
        "label": "Analytics",
        "subLabel": {
          "preValidation": "Configure the analytics",
          "postValidation": "Done"
        },
        "bladeTitle": "Analytics",
        "elements": [
          {
            "name": "analytics-text",
            "type": "Microsoft.Common.TextBlock",
            "options": {
              "text": "This solution installs the following analytic rule templates. After installing the solution, create and enable analytic rules in Manage solution view."
            }
          },
          {
            "name": "analytics-link",
            "type": "Microsoft.Common.TextBlock",
            "options": {
              "link": {
                "label": "Learn more",
                "uri": "https://docs.microsoft.com/azure/sentinel/tutorial-detect-threats-custom?WT.mc_id=Portal-Microsoft_Azure_CreateUIDef"
              }
            }
          },
          {
            "name": "analytic1",
            "type": "Microsoft.Common.Section",
            "label": "A potentially malicious web request was executed against a web server",
            "elements": [
              {
                "name": "analytic1-text",
                "type": "Microsoft.Common.TextBlock",
                "options": {
                  "text": "Detects unobstructed Web Application Firewall (WAF) activity in sessions where the WAF blocked incoming requests by computing the ratio between blocked requests and unobstructed WAF requests in these sessions (BlockvsSuccessRatio metric).\nA high ratio value for a given client IP and hostname calls for further investigation of the WAF data in that session, due to the significantly high number of blocked requests and a few unobstructed logs that may be malicious but have passed undetected through the WAF. The successCode variable defines what the detection thinks is a successful status code and should be altered to fit the environment."
                }
              }
            ]
          },
          {
            "name": "analytic2",
            "type": "Microsoft.Common.Section",
            "label": "Front Door Premium WAF - SQLi Detection",
            "elements": [
              {
                "name": "analytic2-text",
                "type": "Microsoft.Common.TextBlock",
                "options": {
                  "text": "Identifies a match for a SQL Injection attack in the Front Door Premium WAF logs. The threshold value in the query can be changed as per your infrastructure's requirements.\nReferences: https://owasp.org/Top10/A03_2021-Injection/"
                }
              }
            ]
          },
          {
            "name": "analytic3",
            "type": "Microsoft.Common.Section",
            "label": "Front Door Premium WAF - XSS Detection",
            "elements": [
              {
                "name": "analytic3-text",
                "type": "Microsoft.Common.TextBlock",
                "options": {
                  "text": "Identifies a match for an XSS attack in the Front Door Premium WAF logs. The threshold value in the query can be changed as per your infrastructure's requirements.\n References: https://owasp.org/www-project-top-ten/2017/A7_2017-Cross-Site_Scripting_(XSS)"
                }
              }
            ]
          },
          {
            "name": "analytic4",
            "type": "Microsoft.Common.Section",
            "label": "AFD WAF - Code Injection",
            "elements": [
              {
                "name": "analytic4-text",
                "type": "Microsoft.Common.TextBlock",
                "options": {
                  "text": "Identifies a match for a Code Injection based attack in the AFD WAF logs. The threshold value in the query can be changed as per your infrastructure's requirements.\nReferences: https://owasp.org/www-community/attacks/Code_Injection"
                }
              }
            ]
          },
          {
            "name": "analytic5",
            "type": "Microsoft.Common.Section",
            "label": "AFD WAF - Path Traversal Attack",
            "elements": [
              {
                "name": "analytic5-text",
                "type": "Microsoft.Common.TextBlock",
                "options": {
                  "text": "Identifies a match for a Path Traversal based attack in the AFD WAF logs. The threshold value in the query can be changed as per your infrastructure's requirements.\nReferences: https://owasp.org/www-community/attacks/Path_Traversal"
                }
              }
            ]
          },
          {
            "name": "analytic6",
            "type": "Microsoft.Common.Section",
            "label": "App GW WAF - Code Injection",
            "elements": [
              {
                "name": "analytic6-text",
                "type": "Microsoft.Common.TextBlock",
                "options": {
                  "text": "Identifies a match for a Code Injection based attack in the App Gateway WAF logs. The threshold value in the query can be changed as per your infrastructure's requirements.\nReferences: https://owasp.org/www-community/attacks/Code_Injection"
                }
              }
            ]
          },
          {
            "name": "analytic7",
            "type": "Microsoft.Common.Section",
            "label": "App GW WAF - Path Traversal Attack",
            "elements": [
              {
                "name": "analytic7-text",
                "type": "Microsoft.Common.TextBlock",
                "options": {
                  "text": "Identifies a match for a Path Traversal based attack in the App Gateway WAF logs. The threshold value in the query can be changed as per your infrastructure's requirements.\nReferences: https://owasp.org/www-community/attacks/Path_Traversal"
                }
              }
            ]
          },
          {
            "name": "analytic8",
            "type": "Microsoft.Common.Section",
            "label": "App Gateway WAF - Scanner Detection",
            "elements": [
              {
                "name": "analytic8-text",
                "type": "Microsoft.Common.TextBlock",
                "options": {
                  "text": "Identifies a match for a Scanner detection user agent based attack in the App Gateway WAF logs. The threshold value in the query can be changed as per your infrastructure's requirements.\nReferences: https://owasp.org/www-community/Vulnerability_Scanning_Tools"
                }
              }
            ]
          },
          {
            "name": "analytic9",
            "type": "Microsoft.Common.Section",
            "label": "App Gateway WAF - SQLi Detection",
            "elements": [
              {
                "name": "analytic9-text",
                "type": "Microsoft.Common.TextBlock",
                "options": {
                  "text": "Identifies a match for a SQL Injection attack in the App Gateway WAF logs. The threshold value in the query can be changed as per your infrastructure's requirements.\nReferences: https://owasp.org/Top10/A03_2021-Injection/"
                }
              }
            ]
          },
          {
            "name": "analytic10",
            "type": "Microsoft.Common.Section",
            "label": "App Gateway WAF - XSS Detection",
            "elements": [
              {
                "name": "analytic10-text",
                "type": "Microsoft.Common.TextBlock",
                "options": {
                  "text": "Identifies a match for an XSS attack in the App Gateway WAF logs. The threshold value in the query can be changed as per your infrastructure's requirements.\n References: https://owasp.org/www-project-top-ten/2017/A7_2017-Cross-Site_Scripting_(XSS)"
                }
              }
            ]
          }
        ]
      }
    ],
    "outputs": {
      "workspace-location": "[first(map(filter(basics('getLAWorkspace').value, (filter) => and(contains(toLower(filter.id), toLower(resourceGroup().name)),equals(filter.name,basics('workspace')))), (item) => item.location))]",
      "location": "[location()]",
      "workspace": "[basics('workspace')]"
    }
  }
}
