{
  "$schema": "https://schema.management.azure.com/schemas/0.1.2-preview/CreateUIDefinition.MultiVm.json#",
  "handler": "Microsoft.Azure.CreateUIDef",
  "version": "0.1.2-preview",
  "parameters": {
    "config": {
      "isWizard": false,
      "basics": {
        "description": "<img src=\"https://raw.githubusercontent.com/Azure/Azure-Sentinel/master/Logos/CybleLogo.svg\" width=\"75px\" height=\"75px\">\n\n**Note:** Please refer to the following before installing the solution: \n\n• Review the solution [Release Notes](https://github.com/Azure/Azure-Sentinel/tree/master/Solutions/Cyble%20Vision/ReleaseNotes.md)\n\n • There may be [known issues](https://aka.ms/sentinelsolutionsknownissues) pertaining to this Solution, please refer to them before installing.\n\nThis Solution provides Playbooks for Cyble Vision Threat Intelligence ingestion and IOC enrichment, integrating Cyble APIs.\n\n This Solution also includes a CCF Conenctor which enables Alerts ingestion from Cyble Platform to Microsoft Sentinel Workspace.\n\n**Data Connectors:** 1, **Parsers:** 45, **Workbooks:** 1, **Analytic Rules:** 43, **Playbooks:** 3\n\n[Learn more about Microsoft Sentinel](https://aka.ms/azuresentinel) | [Learn more about Solutions](https://aka.ms/azuresentinelsolutionsdoc)",
        "subscription": {
          "resourceProviders": [
            "Microsoft.OperationsManagement/solutions",
            "Microsoft.OperationalInsights/workspaces/providers/alertRules",
            "Microsoft.Insights/workbooks",
            "Microsoft.Logic/workflows"
          ]
        },
        "location": {
          "metadata": {
            "hidden": "Hiding location, we get it from the log analytics workspace"
          },
          "visible": false
        },
        "resourceGroup": {
          "allowExisting": true
        }
      }
    },
    "basics": [
      {
        "name": "getLAWorkspace",
        "type": "Microsoft.Solutions.ArmApiControl",
        "toolTip": "This filters by workspaces that exist in the Resource Group selected",
        "condition": "[greater(length(resourceGroup().name),0)]",
        "request": {
          "method": "GET",
          "path": "[concat(subscription().id,'/providers/Microsoft.OperationalInsights/workspaces?api-version=2020-08-01')]"
        }
      },
      {
        "name": "workspace",
        "type": "Microsoft.Common.DropDown",
        "label": "Workspace",
        "placeholder": "Select a workspace",
        "toolTip": "This dropdown will list only workspace that exists in the Resource Group selected",
        "constraints": {
          "allowedValues": "[map(filter(basics('getLAWorkspace').value, (filter) => contains(toLower(filter.id), toLower(resourceGroup().name))), (item) => parse(concat('{\"label\":\"', item.name, '\",\"value\":\"', item.name, '\"}')))]",
          "required": true
        },
        "visible": true
      }
    ],
    "steps": [
      {
        "name": "dataconnectors",
        "label": "Data Connectors",
        "bladeTitle": "Data Connectors",
        "elements": [
          {
            "name": "dataconnectors1-text",
            "type": "Microsoft.Common.TextBlock",
            "options": {
              "text": "This Solution installs the data connector for Cyble Vision Alerts. You can get Cyble Vision Alerts data in your Microsoft Sentinel workspace. After installing the solution, configure and enable this data connector by following guidance in Manage solution view."
            }
          },
          {
            "name": "dataconnectors-link1",
            "type": "Microsoft.Common.TextBlock",
            "options": {
              "link": {
                "label": "Learn more about connecting data sources",
                "uri": "https://docs.microsoft.com/azure/sentinel/connect-data-sources"
              }
            }
          }
        ]
      },
      {
        "name": "workbooks",
        "label": "Workbooks",
        "subLabel": {
          "preValidation": "Configure the workbooks",
          "postValidation": "Done"
        },
        "bladeTitle": "Workbooks",
        "elements": [
          {
            "name": "workbooks-text",
            "type": "Microsoft.Common.TextBlock",
            "options": {
              "text": "This solution installs workbook(s) to help you gain insights into the telemetry collected in Microsoft Sentinel. After installing the solution, start using the workbook in Manage solution view."
            }
          },
          {
            "name": "workbooks-link",
            "type": "Microsoft.Common.TextBlock",
            "options": {
              "link": {
                "label": "Learn more",
                "uri": "https://docs.microsoft.com/azure/sentinel/tutorial-monitor-your-data"
              }
            }
          },
          {
            "name": "workbook1",
            "type": "Microsoft.Common.Section",
            "label": "Cyble Vision Alerts Workbook  (Preview)",
            "elements": [
              {
                "name": "workbook1-text",
                "type": "Microsoft.Common.TextBlock",
                "options": {
                  "text": "This Workbook is used to display and analyze Cyble Vision Alerts. Cyble Vision is a threat intelligence platform that provides real-time monitoring of an organization's digital footprint across the dark, deep, and surface web."
                }
              }
            ]
          }
        ]
      },
      {
        "name": "analytics",
        "label": "Analytics",
        "subLabel": {
          "preValidation": "Configure the analytics",
          "postValidation": "Done"
        },
        "bladeTitle": "Analytics",
        "elements": [
          {
            "name": "analytics-text",
            "type": "Microsoft.Common.TextBlock",
            "options": {
              "text": "This solution installs the following analytic rule templates. After installing the solution, create and enable analytic rules in Manage solution view."
            }
          },
          {
            "name": "analytics-link",
            "type": "Microsoft.Common.TextBlock",
            "options": {
              "link": {
                "label": "Learn more",
                "uri": "https://docs.microsoft.com/azure/sentinel/tutorial-detect-threats-custom?WT.mc_id=Portal-Microsoft_Azure_CreateUIDef"
              }
            }
          },
          {
            "name": "analytic1",
            "type": "Microsoft.Common.Section",
            "label": "Cyble Vision Alerts Assets",
            "elements": [
              {
                "name": "analytic1-text",
                "type": "Microsoft.Common.TextBlock",
                "options": {
                  "text": "Scheduled rule that creates incidents for asset alerts using saved parser Alerts_assets. Mandatory custom details: MappedSeverity, Status, AlertID, Service."
                }
              }
            ]
          },
          {
            "name": "analytic2",
            "type": "Microsoft.Common.Section",
            "label": "Cyble Vision Alerts Bitbucket",
            "elements": [
              {
                "name": "analytic2-text",
                "type": "Microsoft.Common.TextBlock",
                "options": {
                  "text": "Detects exposed secrets in Bitbucket repositories using the Alerts_bit_bucket parser. Creates one incident per matched secret. Includes decoder, detector, commit, file, and repository context for SOC triage."
                }
              }
            ]
          },
          {
            "name": "analytic3",
            "type": "Microsoft.Common.Section",
            "label": "Cyble Vision Alerts Cloud Storage",
            "elements": [
              {
                "name": "analytic3-text",
                "type": "Microsoft.Common.TextBlock",
                "options": {
                  "text": "Detects cloud storage objects/paths discovered in ingestion (uses Alerts_cloud_storage parser). Creates incidents for discovered S3/GCS/Azure blob objects, includes bucket/object/url, size and workflow metadata. Mandatory custom details: MappedSeverity, Status, AlertID, Service."
                }
              }
            ]
          },
          {
            "name": "analytic4",
            "type": "Microsoft.Common.Section",
            "label": "Cyble Vision Alerts Compromised Endpoint Cookies",
            "elements": [
              {
                "name": "analytic4-text",
                "type": "Microsoft.Common.TextBlock",
                "options": {
                  "text": "Detects compromised browser cookies associated with monitored entities. Identifies exposed authentication cookies with future expiry, enabling potential session hijacking or persistent unauthorized access."
                }
              }
            ]
          },
          {
            "name": "analytic5",
            "type": "Microsoft.Common.Section",
            "label": "Cyble Vision Alerts Compromised Files",
            "elements": [
              {
                "name": "analytic5-text",
                "type": "Microsoft.Common.TextBlock",
                "options": {
                  "text": "Detects compromised files containing credential or logon data (stealer logs) related to monitored entities. Uses Alerts_compromised_files parser to expose file paths, log objects, and extracted email identifiers."
                }
              }
            ]
          },
          {
            "name": "analytic6",
            "type": "Microsoft.Common.Section",
            "label": "CybleVision Alerts Cyber Crime Forum Alerts",
            "elements": [
              {
                "name": "analytic6-text",
                "type": "Microsoft.Common.TextBlock",
                "options": {
                  "text": "Detects discussions, marketplace posts, threat actor activity, and intelligence mentions from cybercrime forums. Extracts discussion metadata, topic details, URLs, emails, phone numbers, and content using Alerts_CyberCrimeForums parser."
                }
              }
            ]
          },
          {
            "name": "analytic7",
            "type": "Microsoft.Common.Section",
            "label": "Cyble Vision Alerts Darkweb Data Breaches",
            "elements": [
              {
                "name": "analytic7-text",
                "type": "Microsoft.Common.TextBlock",
                "options": {
                  "text": "Detects darkweb credential leakage and data breach records from CybleVision. Extracts leaked username, email, password hashes, registration dates, and metadata using the Alerts_DarkwebDataBreaches parser. Incidents grouped per service."
                }
              }
            ]
          },
          {
            "name": "analytic8",
            "type": "Microsoft.Common.Section",
            "label": "CybleVision Alerts Darkweb Marketplace Alerts",
            "elements": [
              {
                "name": "analytic8-text",
                "type": "Microsoft.Common.TextBlock",
                "options": {
                  "text": "Detects stolen credentials, financial information, stealer logs, and related payloads listed on Darkweb marketplaces such as RussianMarket. Extracts card data, victim info, metadata, and marketplace context via Alerts_DarkwebMarketplaces."
                }
              }
            ]
          },
          {
            "name": "analytic9",
            "type": "Microsoft.Common.Section",
            "label": "Cyble Vision Alerts Darkweb Ransomware Leak",
            "elements": [
              {
                "name": "analytic9-text",
                "type": "Microsoft.Common.TextBlock",
                "options": {
                  "text": "A ransomware threat actor has posted victim data on the dark web. This alert includes leaked documents, threat actor name, victim organization, timestamps, and extracted text content for SOC triage."
                }
              }
            ]
          },
          {
            "name": "analytic10",
            "type": "Microsoft.Common.Section",
            "label": "Cyble Vision Alerts Website Defacement Content",
            "elements": [
              {
                "name": "analytic10-text",
                "type": "Microsoft.Common.TextBlock",
                "options": {
                  "text": "Triggers when monitored websites show new or suspicious content referencing known defacement patterns. Supports investigation into potential web compromise incidents."
                }
              }
            ]
          },
          {
            "name": "analytic11",
            "type": "Microsoft.Common.Section",
            "label": "Cyble Vision Alerts Website Defacement Keyword",
            "elements": [
              {
                "name": "analytic11-text",
                "type": "Microsoft.Common.TextBlock",
                "options": {
                  "text": "Triggers when monitored defacement keywords appear on a website, indicating potential early signs of website compromise or defacement-related activity."
                }
              }
            ]
          },
          {
            "name": "analytic12",
            "type": "Microsoft.Common.Section",
            "label": "Cyble Vision Alerts Website Defacement URL",
            "elements": [
              {
                "name": "analytic12-text",
                "type": "Microsoft.Common.TextBlock",
                "options": {
                  "text": "Detects suspicious or unexpected changes to monitored URLs which may indicate website tampering or defacement."
                }
              }
            ]
          },
          {
            "name": "analytic13",
            "type": "Microsoft.Common.Section",
            "label": "Cyble Vision Alerts Discord Keyword",
            "elements": [
              {
                "name": "analytic13-text",
                "type": "Microsoft.Common.TextBlock",
                "options": {
                  "text": "Triggers when monitored keywords or risky content appear in Discord channels. Useful for detecting data leakage, impersonation, abuse or reputational threats originating from social platforms."
                }
              }
            ]
          },
          {
            "name": "analytic14",
            "type": "Microsoft.Common.Section",
            "label": "Cyble Vision Alerts Docker",
            "elements": [
              {
                "name": "analytic14-text",
                "type": "Microsoft.Common.TextBlock",
                "options": {
                  "text": "Detects Docker Hub container entries related to monitored keywords. Uses Alerts_docker parser. Includes metadata such as developer, stars, downloads, and image URL. Raises one incident per alert."
                }
              }
            ]
          },
          {
            "name": "analytic15",
            "type": "Microsoft.Common.Section",
            "label": "Cyble Vision Alerts Domain Expiry Alert",
            "elements": [
              {
                "name": "analytic15-text",
                "type": "Microsoft.Common.TextBlock",
                "options": {
                  "text": "Triggers when a monitored domain is about to expire. Expired domains risk service disruption, takeover, or misuse by adversaries."
                }
              }
            ]
          },
          {
            "name": "analytic16",
            "type": "Microsoft.Common.Section",
            "label": "Cyble Vision Alerts Domain Watchlist",
            "elements": [
              {
                "name": "analytic16-text",
                "type": "Microsoft.Common.TextBlock",
                "options": {
                  "text": "Triggers when monitored domain DNS records change (A, NS, MX, TXT, SOA). DNS record changes may indicate misconfiguration, domain takeover attempts, or infrastructure shifts requiring review."
                }
              }
            ]
          },
          {
            "name": "analytic17",
            "type": "Microsoft.Common.Section",
            "label": "Cyble Vision Alerts Flash Report",
            "elements": [
              {
                "name": "analytic17-text",
                "type": "Microsoft.Common.TextBlock",
                "options": {
                  "text": "Detects new threat intelligence flash reports from CybleVision. Extracts company-level context and report identifiers for triage."
                }
              }
            ]
          },
          {
            "name": "analytic18",
            "type": "Microsoft.Common.Section",
            "label": "Cyble Vision Alerts Github",
            "elements": [
              {
                "name": "analytic18-text",
                "type": "Microsoft.Common.TextBlock",
                "options": {
                  "text": "This alert generates incidents for Github"
                }
              }
            ]
          },
          {
            "name": "analytic19",
            "type": "Microsoft.Common.Section",
            "label": "Cyble Vision Alerts Hacktivism",
            "elements": [
              {
                "name": "analytic19-text",
                "type": "Microsoft.Common.TextBlock",
                "options": {
                  "text": "Detects hacktivist activity (Telegram posts, defacements, site takedowns, etc.) using the Alerts_Hacktivism parser. Extracts post content, attacker/team,domains, links, IPs, media and metadata for triage."
                }
              }
            ]
          },
          {
            "name": "analytic20",
            "type": "Microsoft.Common.Section",
            "label": "Cyble Vision Alerts I2P Monitoring",
            "elements": [
              {
                "name": "analytic20-text",
                "type": "Microsoft.Common.TextBlock",
                "options": {
                  "text": "Triggers when I2P content is detected related to monitored keywords. Useful for identifying extremist narratives, radicalization indicators, or harmful ideological campaigns spreading through I2P hidden services."
                }
              }
            ]
          },
          {
            "name": "analytic21",
            "type": "Microsoft.Common.Section",
            "label": "Cyble Vision Alerts IOC'S",
            "elements": [
              {
                "name": "analytic21-text",
                "type": "Microsoft.Common.TextBlock",
                "options": {
                  "text": "Detects malicious Indicators of Compromise such as IPs, domains, URLs, and hashes. Extracts IOC type, behaviour tags, risk rating, and timestamps using Alerts_IOCs parser. Triggers an incident with mapped entities, severity, and details."
                }
              }
            ]
          },
          {
            "name": "analytic22",
            "type": "Microsoft.Common.Section",
            "label": "Cyble Vision Alerts IP Risk Score",
            "elements": [
              {
                "name": "analytic22-text",
                "type": "Microsoft.Common.TextBlock",
                "options": {
                  "text": "Triggers when the risk score for a monitored IP increases significantly. This may indicate new malicious behavior or updated threat intelligence classification."
                }
              }
            ]
          },
          {
            "name": "analytic23",
            "type": "Microsoft.Common.Section",
            "label": "Cyble Vision Alerts Leaked Credentials",
            "elements": [
              {
                "name": "analytic23-text",
                "type": "Microsoft.Common.TextBlock",
                "options": {
                  "text": "Detects leaked credentials identified by CybleVision ingestion and triggers an incident with mapped entities, severity, and details."
                }
              }
            ]
          },
          {
            "name": "analytic24",
            "type": "Microsoft.Common.Section",
            "label": "Cyble Vision Alerts Malicious Ads Detected",
            "elements": [
              {
                "name": "analytic24-text",
                "type": "Microsoft.Common.TextBlock",
                "options": {
                  "text": "Generates an incident when Cyble Intelligence detects a malicious advertisement, malvertising activity, or redirect attempting to impersonate a legitimate brand."
                }
              }
            ]
          },
          {
            "name": "analytic25",
            "type": "Microsoft.Common.Section",
            "label": "CybleVision Alerts Mobile Apps",
            "elements": [
              {
                "name": "analytic25-text",
                "type": "Microsoft.Common.TextBlock",
                "options": {
                  "text": "Detects suspicious, unauthorized or impersonating mobile applications from 3rd-party marketplaces using CybleVision data. Extracts metadata, screenshots, developer, package name, and detailed app attributes."
                }
              }
            ]
          },
          {
            "name": "analytic26",
            "type": "Microsoft.Common.Section",
            "label": "Cyble Vision Alerts New Vulnerability Detected",
            "elements": [
              {
                "name": "analytic26-text",
                "type": "Microsoft.Common.TextBlock",
                "options": {
                  "text": "A newly detected CVE has been associated with a monitored keyword or asset. This may indicate exposure to newly published or exploited vulnerabilities."
                }
              }
            ]
          },
          {
            "name": "analytic27",
            "type": "Microsoft.Common.Section",
            "label": "Cyble Vision Alerts News Feed Alert",
            "elements": [
              {
                "name": "analytic27-text",
                "type": "Microsoft.Common.TextBlock",
                "options": {
                  "text": "Triggers when monitored keywords are found in external news feeds. Helps analysts track relevant cybersecurity news, advisories, or threat intelligence updates tied to monitored entities."
                }
              }
            ]
          },
          {
            "name": "analytic28",
            "type": "Microsoft.Common.Section",
            "label": "Cyble Vision Alerts OSINT Mention Detected",
            "elements": [
              {
                "name": "analytic28-text",
                "type": "Microsoft.Common.TextBlock",
                "options": {
                  "text": "Triggers when Cyble detects an OSINT mention related to monitored keywords, entities, or brand identifiers. OSINT findings may indicate data leaks, expose content, targeting activity, impersonation, or discussions that may require investigation."
                }
              }
            ]
          },
          {
            "name": "analytic29",
            "type": "Microsoft.Common.Section",
            "label": "Cyble Vision Alerts OT/ICS Threat Activity Detected",
            "elements": [
              {
                "name": "analytic29-text",
                "type": "Microsoft.Common.TextBlock",
                "options": {
                  "text": "This alert indicates detection of OT/ICS-related network activity involving industrial control protocols (e.g., IEC104). May indicate probing, reconnaissance, or attempted access against critical infrastructure assets."
                }
              }
            ]
          },
          {
            "name": "analytic30",
            "type": "Microsoft.Common.Section",
            "label": "Cyble Vision Alerts Pastebin",
            "elements": [
              {
                "name": "analytic30-text",
                "type": "Microsoft.Common.TextBlock",
                "options": {
                  "text": "Cyble detected a paste containing references to monitored keywords or domains. Pastebin/Gist exposure may indicate data leakage or threat actor activity referencing the organization."
                }
              }
            ]
          },
          {
            "name": "analytic31",
            "type": "Microsoft.Common.Section",
            "label": "Cyble Vision Alerts Phishing Domain Detected",
            "elements": [
              {
                "name": "analytic31-text",
                "type": "Microsoft.Common.TextBlock",
                "options": {
                  "text": "Cyble detected a phishing website impersonating a monitored brand. This alert provides landing page, host, screenshot, status and configured keyword for SOC triage."
                }
              }
            ]
          },
          {
            "name": "analytic32",
            "type": "Microsoft.Common.Section",
            "label": "Cyble Vision Alerts Physical Threat Alert",
            "elements": [
              {
                "name": "analytic32-text",
                "type": "Microsoft.Common.TextBlock",
                "options": {
                  "text": "Creates an incident for physical threats identified by Cyble Intelligence such as explosions, safety incidents, riots, or violence. Each alert generates a single incident for SOC evaluation."
                }
              }
            ]
          },
          {
            "name": "analytic33",
            "type": "Microsoft.Common.Section",
            "label": "Cyble Vision Alerts Postman API Exposure Detection",
            "elements": [
              {
                "name": "analytic33-text",
                "type": "Microsoft.Common.TextBlock",
                "options": {
                  "text": "Detects exposed Postman requests, collections or endpoints referencing monitored entities. Alerts analysts to possible API enumeration, leaked endpoints, or unintended exposure."
                }
              }
            ]
          },
          {
            "name": "analytic34",
            "type": "Microsoft.Common.Section",
            "label": "Cyble Vision Alerts Product Vulnerability Detected",
            "elements": [
              {
                "name": "analytic34-text",
                "type": "Microsoft.Common.TextBlock",
                "options": {
                  "text": "Detects product vulnerability updates (CVE) for monitored products. Triggers SOC triage when a product vulnerability is reported or updated for a monitored product/version."
                }
              }
            ]
          },
          {
            "name": "analytic35",
            "type": "Microsoft.Common.Section",
            "label": "Cyble Vision Alerts Social Media Monitoring",
            "elements": [
              {
                "name": "analytic35-text",
                "type": "Microsoft.Common.TextBlock",
                "options": {
                  "text": "Detects and CybleVision 'social_media_monitoring' alerts into a single incident."
                }
              }
            ]
          },
          {
            "name": "analytic36",
            "type": "Microsoft.Common.Section",
            "label": "Cyble Vision Alerts SSL Certificate Expiry",
            "elements": [
              {
                "name": "analytic36-text",
                "type": "Microsoft.Common.TextBlock",
                "options": {
                  "text": "Generates Microsoft Sentinel incidents for SSL certificates nearing expiry as detected by Cyble. These alerts help identify certificate hygiene risks that may lead to service disruption or security issues. Severity is normalized using MappedSeverity for downstream automation."
                }
              }
            ]
          },
          {
            "name": "analytic37",
            "type": "Microsoft.Common.Section",
            "label": "CybleVision Alerts Stealer Logs",
            "elements": [
              {
                "name": "analytic37-text",
                "type": "Microsoft.Common.TextBlock",
                "options": {
                  "text": "Detects credential theft and information-stealer malware logs. Extracts stolen credentials, URLs, device info, IPs, domains, and metadata using the Alerts_StealerLogs parser."
                }
              }
            ]
          },
          {
            "name": "analytic38",
            "type": "Microsoft.Common.Section",
            "label": "Cyble Vision Alerts Discovered Subdomain",
            "elements": [
              {
                "name": "analytic38-text",
                "type": "Microsoft.Common.TextBlock",
                "options": {
                  "text": "Triggers when a new subdomain is detected for a monitored keyword/domain."
                }
              }
            ]
          },
          {
            "name": "analytic39",
            "type": "Microsoft.Common.Section",
            "label": "Cyble Vision Alerts Suspicious Domain",
            "elements": [
              {
                "name": "analytic39-text",
                "type": "Microsoft.Common.TextBlock",
                "options": {
                  "text": "This Rule generates Cyble Vision Alerts for Service - Suspicious Domain severity LOW"
                }
              }
            ]
          },
          {
            "name": "analytic40",
            "type": "Microsoft.Common.Section",
            "label": "CybleVision Alerts Telegram Mentions",
            "elements": [
              {
                "name": "analytic40-text",
                "type": "Microsoft.Common.TextBlock",
                "options": {
                  "text": "Detects mentions of monitored keywords across Telegram channels and groups. Extracts message content, URLs, chat metadata, user identity, and timestamps."
                }
              }
            ]
          },
          {
            "name": "analytic41",
            "type": "Microsoft.Common.Section",
            "label": "Cyble Vision Alerts TOR Links",
            "elements": [
              {
                "name": "analytic41-text",
                "type": "Microsoft.Common.TextBlock",
                "options": {
                  "text": "Detects Tor marketplace, darkweb link, and onion domain alerts from CybleVision. Uses the Alerts_TorLinks parser to extract onion URLs, search engines, search keywords, content, and identifiers. Incidents are grouped by service."
                }
              }
            ]
          },
          {
            "name": "analytic42",
            "type": "Microsoft.Common.Section",
            "label": "Cyble Vision Alerts Vulnerability",
            "elements": [
              {
                "name": "analytic42-text",
                "type": "Microsoft.Common.TextBlock",
                "options": {
                  "text": "Detects SSL/TLS and application vulnerabilities from CybleVision. Extracts host, IP, port, severity, vulnerability ID and first-seen metadata using the Alerts_Vulnerability parser. Incidents grouped per service."
                }
              }
            ]
          },
          {
            "name": "analytic43",
            "type": "Microsoft.Common.Section",
            "label": "Cyble Vision Alerts Cyble Web Applications",
            "elements": [
              {
                "name": "analytic43-text",
                "type": "Microsoft.Common.TextBlock",
                "options": {
                  "text": "Creates an incident for each discovered or exposed web application detected by Cyble Intelligence. Useful for SOC teams to investigate externally facing login portals, misconfigurations, and exposed infrastructure."
                }
              }
            ]
          }
        ]
      },
      {
        "name": "playbooks",
        "label": "Playbooks",
        "subLabel": {
          "preValidation": "Configure the playbooks",
          "postValidation": "Done"
        },
        "bladeTitle": "Playbooks",
        "elements": [
          {
            "name": "playbooks-text",
            "type": "Microsoft.Common.TextBlock",
            "options": {
              "text": "This solution installs the Playbook templates to help implement your Security Orchestration, Automation and Response (SOAR) operations. After installing the solution, these will be deployed under Playbook Templates in the Automation blade in Microsoft Sentinel. They can be configured and managed from the Manage solution view in Content Hub."
            }
          },
          {
            "name": "playbooks-link",
            "type": "Microsoft.Common.TextBlock",
            "options": {
              "link": {
                "label": "Learn more",
                "uri": "https://docs.microsoft.com/azure/sentinel/tutorial-respond-threats-playbook?WT.mc_id=Portal-Microsoft_Azure_CreateUIDef"
              }
            }
          }
        ]
      }
    ],
    "outputs": {
      "workspace-location": "[first(map(filter(basics('getLAWorkspace').value, (filter) => and(contains(toLower(filter.id), toLower(resourceGroup().name)),equals(filter.name,basics('workspace')))), (item) => item.location))]",
      "location": "[location()]",
      "workspace": "[basics('workspace')]"
    }
  }
}
