{
  "$schema": "https://schema.management.azure.com/schemas/0.1.2-preview/CreateUIDefinition.MultiVm.json#",
  "handler": "Microsoft.Azure.CreateUIDef",
  "version": "0.1.2-preview",
  "parameters": {
    "config": {
      "isWizard": false,
      "basics": {
        "description": "<img src=\"https://raw.githubusercontent.com/Azure/Azure-Sentinel/master/Logos/google_logo.svg\" width=\"75px\" height=\"75px\">\n\n**Note:** _There may be [known issues](https://aka.ms/sentinelsolutionsknownissues) pertaining to this Solution, please refer to them before installing._\n\nThe Google Cloud Platform DNS data connector provides the capability to ingest [Cloud DNS query logs](https://cloud.google.com/dns/docs/monitoring#using_logging) and [Cloud DNS audit logs](https://cloud.google.com/dns/docs/audit-logging) into Microsoft Sentinel using the [GCP Logging](https://cloud.google.com/logging/docs/api) API. Refer to GCP Logging [API documentation](https://cloud.google.com/logging/docs/api) for more information.\n\n**Underlying Microsoft Technologies used:**\n\nThis solution takes a dependency on the following technologies, and some of these dependencies either may be in [Preview](https://azure.microsoft.com/support/legal/preview-supplemental-terms/) state or might result in additional ingestion or operational costs\n\n a. [Azure Monitor HTTP Data Collector API](https://docs.microsoft.com/azure/azure-monitor/logs/data-collector-api) \n \n b. [Azure Functions ](https://azure.microsoft.com/services/functions/#overview)\n\n**Data Connectors:** 1, **Parsers:** 1, **Workbooks:** 1, **Analytic Rules:** 11, **Hunting Queries:** 10\n\n[Learn more about Microsoft Sentinel](https://aka.ms/azuresentinel) | [Learn more about Solutions](https://aka.ms/azuresentinelsolutionsdoc)",
        "subscription": {
          "resourceProviders": [
            "Microsoft.OperationsManagement/solutions",
            "Microsoft.OperationalInsights/workspaces/providers/alertRules",
            "Microsoft.Insights/workbooks",
            "Microsoft.Logic/workflows"
          ]
        },
        "location": {
          "metadata": {
            "hidden": "Hiding location, we get it from the log analytics workspace"
          },
          "visible": false
        },
        "resourceGroup": {
          "allowExisting": true
        }
      }
    },
    "basics": [
      {
        "name": "getLAWorkspace",
        "type": "Microsoft.Solutions.ArmApiControl",
        "toolTip": "This filters by workspaces that exist in the Resource Group selected",
        "condition": "[greater(length(resourceGroup().name),0)]",
        "request": {
          "method": "GET",
          "path": "[concat(subscription().id,'/providers/Microsoft.OperationalInsights/workspaces?api-version=2020-08-01')]"
        }
      },
      {
        "name": "workspace",
        "type": "Microsoft.Common.DropDown",
        "label": "Workspace",
        "placeholder": "Select a workspace",
        "toolTip": "This dropdown will list only workspace that exists in the Resource Group selected",
        "constraints": {
          "allowedValues": "[map(filter(basics('getLAWorkspace').value, (filter) => contains(toLower(filter.id), toLower(resourceGroup().name))), (item) => parse(concat('{\"label\":\"', item.name, '\",\"value\":\"', item.name, '\"}')))]",
          "required": true
        },
        "visible": true
      }
    ],
    "steps": [
      {
        "name": "dataconnectors",
        "label": "Data Connectors",
        "bladeTitle": "Data Connectors",
        "elements": [
          {
            "name": "dataconnectors1-text",
            "type": "Microsoft.Common.TextBlock",
            "options": {
              "text": "This solution installs the data connector for ingesting Google Cloud Platform DNS query and audit logs into Microsoft Sentinel. After installing the solution, configure and enable this data connector by following guidance in Manage solution view."
            }
          },
          {
            "name": "dataconnectors-parser-text",
            "type": "Microsoft.Common.TextBlock",
            "options": {
              "text": "The solution also installs a parser that transforms ingested data. The transformed logs can be accessed using the DNSGCPCloudDNS Kusto Function alias"
            }
          },
          {
            "name": "dataconnectors-link2",
            "type": "Microsoft.Common.TextBlock",
            "options": {
              "link": {
                "label": "Learn more about connecting data sources",
                "uri": "https://docs.microsoft.com/azure/sentinel/connect-data-sources"
              }
            }
          }
        ]
      },
      {
        "name": "workbooks",
        "label": "Workbooks",
        "subLabel": {
          "preValidation": "Configure the workbooks",
          "postValidation": "Done"
        },
        "bladeTitle": "Workbooks",
        "elements": [
          {
            "name": "workbooks-text",
            "type": "Microsoft.Common.TextBlock",
            "options": {
              "text": "This Microsoft Sentinel Solution installs workbooks. Workbooks provide a flexible canvas for data monitoring, analysis, and the creation of rich visual reports within the Azure portal. They allow you to tap into one or many data sources from Microsoft Sentinel and combine them into unified interactive experiences."
            }
          },
          {
            "name": "workbooks-link",
            "type": "Microsoft.Common.TextBlock",
            "options": {
              "link": {
                "label": "Learn more",
                "uri": "https://docs.microsoft.com/azure/sentinel/tutorial-monitor-your-data"
              }
            }
          }
        ]
      },
      {
        "name": "analytics",
        "label": "Analytics",
        "subLabel": {
          "preValidation": "Configure the analytics",
          "postValidation": "Done"
        },
        "bladeTitle": "Analytics",
        "elements": [
          {
            "name": "analytics-text",
            "type": "Microsoft.Common.TextBlock",
            "options": {
              "text": "This solution installs the following analytic rule templates. After installing the solution, create and enable analytic rules in Manage solution view."
            }
          },
          {
            "name": "analytics-link",
            "type": "Microsoft.Common.TextBlock",
            "options": {
              "link": {
                "label": "Learn more",
                "uri": "https://docs.microsoft.com/azure/sentinel/tutorial-detect-threats-custom?WT.mc_id=Portal-Microsoft_Azure_CreateUIDef"
              }
            }
          },
          {
            "name": "analytic1",
            "type": "Microsoft.Common.Section",
            "label": "Google DNS - Possible data exfiltration",
            "elements": [
              {
                "name": "analytic1-text",
                "type": "Microsoft.Common.TextBlock",
                "options": {
                  "text": "Detects possible data exfiltration."
                }
              }
            ]
          },
          {
            "name": "analytic2",
            "type": "Microsoft.Common.Section",
            "label": "Google DNS - Exchange online autodiscover abuse",
            "elements": [
              {
                "name": "analytic2-text",
                "type": "Microsoft.Common.TextBlock",
                "options": {
                  "text": "Detects possible Exchange online autodiscover abuse."
                }
              }
            ]
          },
          {
            "name": "analytic3",
            "type": "Microsoft.Common.Section",
            "label": "Google DNS - CVE-2021-40444 exploitation",
            "elements": [
              {
                "name": "analytic3-text",
                "type": "Microsoft.Common.TextBlock",
                "options": {
                  "text": "Detects CVE-2021-40444 exploitation."
                }
              }
            ]
          },
          {
            "name": "analytic4",
            "type": "Microsoft.Common.Section",
            "label": "Google DNS - IP check activity",
            "elements": [
              {
                "name": "analytic4-text",
                "type": "Microsoft.Common.TextBlock",
                "options": {
                  "text": "Detects requests to ip lookup resources."
                }
              }
            ]
          },
          {
            "name": "analytic5",
            "type": "Microsoft.Common.Section",
            "label": "Google DNS - Request to dynamic DNS service",
            "elements": [
              {
                "name": "analytic5-text",
                "type": "Microsoft.Common.TextBlock",
                "options": {
                  "text": "Detects requests to ip lookup resources."
                }
              }
            ]
          },
          {
            "name": "analytic6",
            "type": "Microsoft.Common.Section",
            "label": "Google DNS - Malicous Python packages",
            "elements": [
              {
                "name": "analytic6-text",
                "type": "Microsoft.Common.TextBlock",
                "options": {
                  "text": "Detects requests to resources with malicious Python packages."
                }
              }
            ]
          },
          {
            "name": "analytic7",
            "type": "Microsoft.Common.Section",
            "label": "Google DNS - Multiple errors for source",
            "elements": [
              {
                "name": "analytic7-text",
                "type": "Microsoft.Common.TextBlock",
                "options": {
                  "text": "Detects multiple errors for the same source IP address."
                }
              }
            ]
          },
          {
            "name": "analytic8",
            "type": "Microsoft.Common.Section",
            "label": "Google DNS - Multiple errors to same domain",
            "elements": [
              {
                "name": "analytic8-text",
                "type": "Microsoft.Common.TextBlock",
                "options": {
                  "text": "Detects multiple errors to same domain."
                }
              }
            ]
          },
          {
            "name": "analytic9",
            "type": "Microsoft.Common.Section",
            "label": "Google DNS - CVE-2021-34527 (PrintNightmare) external exploit",
            "elements": [
              {
                "name": "analytic9-text",
                "type": "Microsoft.Common.TextBlock",
                "options": {
                  "text": "Detects CVE-2021-34527 (PrintNightmare) external exploit"
                }
              }
            ]
          },
          {
            "name": "analytic10",
            "type": "Microsoft.Common.Section",
            "label": "Google DNS - CVE-2020-1350 (SIGRED) exploitation pattern",
            "elements": [
              {
                "name": "analytic10-text",
                "type": "Microsoft.Common.TextBlock",
                "options": {
                  "text": "Detects exploitation pattern of CVE-2020-1350 (SIGRED) vulnerability."
                }
              }
            ]
          },
          {
            "name": "analytic11",
            "type": "Microsoft.Common.Section",
            "label": "Google DNS - UNC2452 (Nobelium) APT Group activity",
            "elements": [
              {
                "name": "analytic11-text",
                "type": "Microsoft.Common.TextBlock",
                "options": {
                  "text": "Detects UNC2452 (Nobelium) APT Group activity."
                }
              }
            ]
          }
        ]
      },
      {
        "name": "huntingqueries",
        "label": "Hunting Queries",
        "bladeTitle": "Hunting Queries",
        "elements": [
          {
            "name": "huntingqueries-text",
            "type": "Microsoft.Common.TextBlock",
            "options": {
              "text": "This solution installs the following hunting queries. After installing the solution, run these hunting queries to hunt for threats in Manage solution view. "
            }
          },
          {
            "name": "huntingqueries-link",
            "type": "Microsoft.Common.TextBlock",
            "options": {
              "link": {
                "label": "Learn more",
                "uri": "https://docs.microsoft.com/azure/sentinel/hunting"
              }
            }
          },
          {
            "name": "huntingquery1",
            "type": "Microsoft.Common.Section",
            "label": "Google DNS - Errors",
            "elements": [
              {
                "name": "huntingquery1-text",
                "type": "Microsoft.Common.TextBlock",
                "options": {
                  "text": "Query searches for DNS requests with errors. It depends on the GCPDNSDataConnector data connector and GCPCloudDNS data type and GCPDNSDataConnector parser."
                }
              }
            ]
          },
          {
            "name": "huntingquery2",
            "type": "Microsoft.Common.Section",
            "label": "Google DNS - Requests to IP lookup resources",
            "elements": [
              {
                "name": "huntingquery2-text",
                "type": "Microsoft.Common.TextBlock",
                "options": {
                  "text": "Query searches for requests to IP lookup resources. It depends on the GCPDNSDataConnector data connector and GCPCloudDNS data type and GCPDNSDataConnector parser."
                }
              }
            ]
          },
          {
            "name": "huntingquery3",
            "type": "Microsoft.Common.Section",
            "label": "Google DNS - Requests to online shares",
            "elements": [
              {
                "name": "huntingquery3-text",
                "type": "Microsoft.Common.TextBlock",
                "options": {
                  "text": "Query searches for requests to online/cloud shares. It depends on the GCPDNSDataConnector data connector and GCPCloudDNS data type and GCPDNSDataConnector parser."
                }
              }
            ]
          },
          {
            "name": "huntingquery4",
            "type": "Microsoft.Common.Section",
            "label": "Google DNS - Rare domains",
            "elements": [
              {
                "name": "huntingquery4-text",
                "type": "Microsoft.Common.TextBlock",
                "options": {
                  "text": "Query searches for requests rare domains. It depends on the GCPDNSDataConnector data connector and GCPCloudDNS data type and GCPDNSDataConnector parser."
                }
              }
            ]
          },
          {
            "name": "huntingquery5",
            "type": "Microsoft.Common.Section",
            "label": "Google DNS - Domains with rare errors",
            "elements": [
              {
                "name": "huntingquery5-text",
                "type": "Microsoft.Common.TextBlock",
                "options": {
                  "text": "Query searches for Domains with rare errors. It depends on the GCPDNSDataConnector data connector and GCPCloudDNS data type and GCPDNSDataConnector parser."
                }
              }
            ]
          },
          {
            "name": "huntingquery6",
            "type": "Microsoft.Common.Section",
            "label": "Google DNS - Requests to TOR resources",
            "elements": [
              {
                "name": "huntingquery6-text",
                "type": "Microsoft.Common.TextBlock",
                "options": {
                  "text": "Query searches for requests to TOR resources. It depends on the GCPDNSDataConnector data connector and GCPCloudDNS data type and GCPDNSDataConnector parser."
                }
              }
            ]
          },
          {
            "name": "huntingquery7",
            "type": "Microsoft.Common.Section",
            "label": "Google DNS - Server latency",
            "elements": [
              {
                "name": "huntingquery7-text",
                "type": "Microsoft.Common.TextBlock",
                "options": {
                  "text": "Query searches for server latency. It depends on the GCPDNSDataConnector data connector and GCPCloudDNS data type and GCPDNSDataConnector parser."
                }
              }
            ]
          },
          {
            "name": "huntingquery8",
            "type": "Microsoft.Common.Section",
            "label": "Google DNS - Sources with high number of errors",
            "elements": [
              {
                "name": "huntingquery8-text",
                "type": "Microsoft.Common.TextBlock",
                "options": {
                  "text": "Query searches for sources with high number of errors. It depends on the GCPDNSDataConnector data connector and GCPCloudDNS data type and GCPDNSDataConnector parser."
                }
              }
            ]
          },
          {
            "name": "huntingquery9",
            "type": "Microsoft.Common.Section",
            "label": "Google DNS - Unexpected top level domains",
            "elements": [
              {
                "name": "huntingquery9-text",
                "type": "Microsoft.Common.TextBlock",
                "options": {
                  "text": "Query searches for unexpected TLDs. It depends on the GCPDNSDataConnector data connector and GCPCloudDNS data type and GCPDNSDataConnector parser."
                }
              }
            ]
          },
          {
            "name": "huntingquery10",
            "type": "Microsoft.Common.Section",
            "label": "Google DNS - Unusual top level domains",
            "elements": [
              {
                "name": "huntingquery10-text",
                "type": "Microsoft.Common.TextBlock",
                "options": {
                  "text": "Query searches for unusual TLDs. It depends on the GCPDNSDataConnector data connector and GCPCloudDNS data type and GCPDNSDataConnector parser."
                }
              }
            ]
          }
        ]
      }
    ],
    "outputs": {
      "workspace-location": "[first(map(filter(basics('getLAWorkspace').value, (filter) => and(contains(toLower(filter.id), toLower(resourceGroup().name)),equals(filter.name,basics('workspace')))), (item) => item.location))]",
      "location": "[location()]",
      "workspace": "[basics('workspace')]"
    }
  }
}
