{
  "$schema": "https://schema.management.azure.com/schemas/2019-04-01/deploymentTemplate.json#",
  "contentVersion": "1.0.0.0",
  "metadata": {
    "author": "Microsoft - support@microsoft.com",
    "comments": "Solution template for Cloud Identity Threat Protection Essentials"
  },
  "parameters": {
    "location": {
      "type": "string",
      "minLength": 1,
      "defaultValue": "[resourceGroup().location]",
      "metadata": {
        "description": "Not used, but needed to pass arm-ttk test `Location-Should-Not-Be-Hardcoded`.  We instead use the `workspace-location` which is derived from the LA workspace"
      }
    },
    "workspace-location": {
      "type": "string",
      "defaultValue": "",
      "metadata": {
        "description": "[concat('Region to deploy solution resources -- separate from location selection',parameters('location'))]"
      }
    },
    "workspace": {
      "defaultValue": "",
      "type": "string",
      "metadata": {
        "description": "Workspace name for Log Analytics where Microsoft Sentinel is setup"
      }
    }
  },
  "variables": {
    "solutionId": "azuresentinel.azure-sentinel-solution-cloudthreatdetection",
    "_solutionId": "[variables('solutionId')]",
    "email": "support@microsoft.com",
    "_email": "[variables('email')]",
    "huntingQueryVersion1": "1.0.0",
    "huntingQuerycontentId1": "a73c52f2-b3a5-4fe4-be7d-4d59b8558590",
    "_huntingQuerycontentId1": "[variables('huntingQuerycontentId1')]",
    "huntingQueryId1": "[resourceId('Microsoft.OperationalInsights/savedSearches', variables('_huntingQuerycontentId1'))]",
    "huntingQueryTemplateSpecName1": "[concat(parameters('workspace'),'-hq-',uniquestring(variables('_huntingQuerycontentId1')))]",
    "workspaceResourceId": "[resourceId('microsoft.OperationalInsights/Workspaces', parameters('workspace'))]",
    "huntingQueryVersion2": "1.0.0",
    "huntingQuerycontentId2": "0cd51b2e-d3b2-4001-8e3f-5cbb604f69b2",
    "_huntingQuerycontentId2": "[variables('huntingQuerycontentId2')]",
    "huntingQueryId2": "[resourceId('Microsoft.OperationalInsights/savedSearches', variables('_huntingQuerycontentId2'))]",
    "huntingQueryTemplateSpecName2": "[concat(parameters('workspace'),'-hq-',uniquestring(variables('_huntingQuerycontentId2')))]",
    "huntingQueryVersion3": "1.0.0",
    "huntingQuerycontentId3": "b00f127c-46fa-40bd-9ab6-b266974d29cc",
    "_huntingQuerycontentId3": "[variables('huntingQuerycontentId3')]",
    "huntingQueryId3": "[resourceId('Microsoft.OperationalInsights/savedSearches', variables('_huntingQuerycontentId3'))]",
    "huntingQueryTemplateSpecName3": "[concat(parameters('workspace'),'-hq-',uniquestring(variables('_huntingQuerycontentId3')))]",
    "huntingQueryVersion4": "1.0.0",
    "huntingQuerycontentId4": "cdc9b092-8a16-4559-9e5e-831877e8209a",
    "_huntingQuerycontentId4": "[variables('huntingQuerycontentId4')]",
    "huntingQueryId4": "[resourceId('Microsoft.OperationalInsights/savedSearches', variables('_huntingQuerycontentId4'))]",
    "huntingQueryTemplateSpecName4": "[concat(parameters('workspace'),'-hq-',uniquestring(variables('_huntingQuerycontentId4')))]",
    "huntingQueryVersion5": "1.0.0",
    "huntingQuerycontentId5": "86490334-5371-40a2-971a-3749c2654954",
    "_huntingQuerycontentId5": "[variables('huntingQuerycontentId5')]",
    "huntingQueryId5": "[resourceId('Microsoft.OperationalInsights/savedSearches', variables('_huntingQuerycontentId5'))]",
    "huntingQueryTemplateSpecName5": "[concat(parameters('workspace'),'-hq-',uniquestring(variables('_huntingQuerycontentId5')))]",
    "huntingQueryVersion6": "1.0.0",
    "huntingQuerycontentId6": "2b6a3882-d601-4298-983b-880f6dc7acdb",
    "_huntingQuerycontentId6": "[variables('huntingQuerycontentId6')]",
    "huntingQueryId6": "[resourceId('Microsoft.OperationalInsights/savedSearches', variables('_huntingQuerycontentId6'))]",
    "huntingQueryTemplateSpecName6": "[concat(parameters('workspace'),'-hq-',uniquestring(variables('_huntingQuerycontentId6')))]",
    "huntingQueryVersion7": "1.0.0",
    "huntingQuerycontentId7": "4696e072-aca8-4a4f-bf05-89fddc5ac3c9",
    "_huntingQuerycontentId7": "[variables('huntingQuerycontentId7')]",
    "huntingQueryId7": "[resourceId('Microsoft.OperationalInsights/savedSearches', variables('_huntingQuerycontentId7'))]",
    "huntingQueryTemplateSpecName7": "[concat(parameters('workspace'),'-hq-',uniquestring(variables('_huntingQuerycontentId7')))]",
    "huntingQueryVersion8": "1.0.0",
    "huntingQuerycontentId8": "c7941212-4ff9-4d2d-b38d-54d78fa087cc",
    "_huntingQuerycontentId8": "[variables('huntingQuerycontentId8')]",
    "huntingQueryId8": "[resourceId('Microsoft.OperationalInsights/savedSearches', variables('_huntingQuerycontentId8'))]",
    "huntingQueryTemplateSpecName8": "[concat(parameters('workspace'),'-hq-',uniquestring(variables('_huntingQuerycontentId8')))]",
    "analyticRuleVersion1": "1.0.2",
    "analyticRulecontentId1": "65c78944-930b-4cae-bd79-c3664ae30ba7",
    "_analyticRulecontentId1": "[variables('analyticRulecontentId1')]",
    "analyticRuleId1": "[resourceId('Microsoft.SecurityInsights/AlertRuleTemplates', variables('analyticRulecontentId1'))]",
    "analyticRuleTemplateSpecName1": "[concat(parameters('workspace'),'-ar-',uniquestring(variables('_analyticRulecontentId1')))]",
    "analyticRuleVersion2": "1.0.0",
    "analyticRulecontentId2": "d7424fd9-abb3-4ded-a723-eebe023aaa0b",
    "_analyticRulecontentId2": "[variables('analyticRulecontentId2')]",
    "analyticRuleId2": "[resourceId('Microsoft.SecurityInsights/AlertRuleTemplates', variables('analyticRulecontentId2'))]",
    "analyticRuleTemplateSpecName2": "[concat(parameters('workspace'),'-ar-',uniquestring(variables('_analyticRulecontentId2')))]"
  },
  "resources": [
    {
      "type": "Microsoft.Resources/templateSpecs",
      "apiVersion": "2021-05-01",
      "name": "[variables('huntingQueryTemplateSpecName1')]",
      "location": "[parameters('workspace-location')]",
      "tags": {
        "hidden-sentinelWorkspaceId": "[variables('workspaceResourceId')]",
        "hidden-sentinelContentType": "HuntingQuery"
      },
      "properties": {
        "description": "Cloud Identity Threat Protection Essentials Hunting Query 1 with template",
        "displayName": "Cloud Identity Threat Protection Essentials Hunting Query template"
      }
    },
    {
      "type": "Microsoft.Resources/templateSpecs/versions",
      "apiVersion": "2021-05-01",
      "name": "[concat(variables('huntingQueryTemplateSpecName1'),'/',variables('huntingQueryVersion1'))]",
      "location": "[parameters('workspace-location')]",
      "tags": {
        "hidden-sentinelWorkspaceId": "[variables('workspaceResourceId')]",
        "hidden-sentinelContentType": "HuntingQuery"
      },
      "dependsOn": [
        "[resourceId('Microsoft.Resources/templateSpecs', variables('huntingQueryTemplateSpecName1'))]"
      ],
      "properties": {
        "description": "SuspiciousSignintoPrivilegedAccount_HuntingQueries Hunting Query with template version 2.0.0",
        "mainTemplate": {
          "$schema": "https://schema.management.azure.com/schemas/2019-04-01/deploymentTemplate.json#",
          "contentVersion": "[variables('huntingQueryVersion1')]",
          "parameters": {},
          "variables": {},
          "resources": [
            {
              "type": "Microsoft.OperationalInsights/savedSearches",
              "apiVersion": "2020-08-01",
              "name": "Cloud_Identity_Threat_Protection_Essentials_Hunting_Query_1",
              "location": "[parameters('workspace-location')]",
              "properties": {
                "eTag": "*",
                "displayName": "Suspicious Sign-in to Privileged Account",
                "category": "Hunting Queries",
                "query": "let priv_users = ('_GetWatchlist(\"VIPUsers\")') ;\n(union isfuzzy=true\n(SigninLogs //when a device is registered/joined without MFA \n| where AuthenticationRequirement == \"multiFactorAuthentication\"\n| where ResourceDisplayName == \"Device Registration Service\" \n| where ConditionalAccessStatus == \"success\"\n| extend AccountName = tolower(split(UserPrincipalName, \"@\")[0]), WinSecEventDomain = \"-\"\n| where AccountName in (priv_users)\n| project-rename  ServiceOrSystem = AppDisplayName, ClientIP = IPAddress), \n(\n(SigninLogs //Sign-ins by non-compliant devices\n| where DeviceDetail.isCompliant == false\n| where ConditionalAccessStatus == \"success\"\n  | extend AccountName = tolower(split(UserPrincipalName, \"@\")[0]), WinSecEventDomain = \"-\"\n  | where AccountName in (priv_users)\n  | project-rename  ServiceOrSystem = AppDisplayName, ClientIP = IPAddress)\n),\n(SigninLogs //Sign-ins by unknown devices\n| where isempty(DeviceDetail.deviceId)\n| where AuthenticationRequirement == \"singleFactorAuthentication\"\n| where ResultType == \"0\"\n| where NetworkLocationDetails == \"[]\"\n| extend AccountName = tolower(split(UserPrincipalName, \"@\")[0]), WinSecEventDomain = \"-\"\n| where AccountName in (priv_users)\n| project-rename  ServiceOrSystem = AppDisplayName, ClientIP = IPAddress)\n)\n| project AccountCustomEntity = AccountName, AppId, Category, IPCustomEntity = ClientIP, CorrelationId, ResourceCustomEntity = ResourceId, Identity\n",
                "version": 2,
                "tags": [
                  {
                    "name": "description",
                    "value": "This query will help detect any Sign-in's from non-compliant device/device registered without MFA(Multi-factor Authentication)/unknown device to privileged account using pre-built watchlist to identify accounts.\nMicrosoft Sentinel now provides built-in watchlist templates, that can be customized for your environment and used during investigations.\nReference: https://techcommunity.microsoft.com/t5/azure-sentinel/what-s-new-watchlists-templates-are-now-in-public-preview/ba-p/2614340"
                  },
                  {
                    "name": "tactics",
                    "value": "InitialAccess"
                  },
                  {
                    "name": "techniques",
                    "value": "T1078"
                  }
                ]
              }
            },
            {
              "type": "Microsoft.OperationalInsights/workspaces/providers/metadata",
              "apiVersion": "2022-01-01-preview",
              "name": "[concat(parameters('workspace'),'/Microsoft.SecurityInsights/',concat('HuntingQuery-', last(split(variables('huntingQueryId1'),'/'))))]",
              "properties": {
                "description": "Cloud Identity Threat Protection Essentials Hunting Query 1",
                "parentId": "[variables('huntingQueryId1')]",
                "contentId": "[variables('_huntingQuerycontentId1')]",
                "kind": "HuntingQuery",
                "version": "[variables('huntingQueryVersion1')]",
                "source": {
                  "kind": "Solution",
                  "name": "Cloud Identity Threat Protection Essentials",
                  "sourceId": "[variables('_solutionId')]"
                },
                "author": {
                  "name": "Microsoft",
                  "email": "[variables('_email')]"
                },
                "support": {
                  "name": "Microsoft Corporation",
                  "email": "support@microsoft.com",
                  "tier": "Microsoft",
                  "link": "https://support.microsoft.com"
                }
              }
            }
          ]
        }
      }
    },
    {
      "type": "Microsoft.Resources/templateSpecs",
      "apiVersion": "2021-05-01",
      "name": "[variables('huntingQueryTemplateSpecName2')]",
      "location": "[parameters('workspace-location')]",
      "tags": {
        "hidden-sentinelWorkspaceId": "[variables('workspaceResourceId')]",
        "hidden-sentinelContentType": "HuntingQuery"
      },
      "properties": {
        "description": "Cloud Identity Threat Protection Essentials Hunting Query 2 with template",
        "displayName": "Cloud Identity Threat Protection Essentials Hunting Query template"
      }
    },
    {
      "type": "Microsoft.Resources/templateSpecs/versions",
      "apiVersion": "2021-05-01",
      "name": "[concat(variables('huntingQueryTemplateSpecName2'),'/',variables('huntingQueryVersion2'))]",
      "location": "[parameters('workspace-location')]",
      "tags": {
        "hidden-sentinelWorkspaceId": "[variables('workspaceResourceId')]",
        "hidden-sentinelContentType": "HuntingQuery"
      },
      "dependsOn": [
        "[resourceId('Microsoft.Resources/templateSpecs', variables('huntingQueryTemplateSpecName2'))]"
      ],
      "properties": {
        "description": "DisabledAccountSigninAttemptsByIP_HuntingQueries Hunting Query with template version 2.0.0",
        "mainTemplate": {
          "$schema": "https://schema.management.azure.com/schemas/2019-04-01/deploymentTemplate.json#",
          "contentVersion": "[variables('huntingQueryVersion2')]",
          "parameters": {},
          "variables": {},
          "resources": [
            {
              "type": "Microsoft.OperationalInsights/savedSearches",
              "apiVersion": "2020-08-01",
              "name": "Cloud_Identity_Threat_Protection_Essentials_Hunting_Query_2",
              "location": "[parameters('workspace-location')]",
              "properties": {
                "eTag": "*",
                "displayName": "Attempts to sign in to disabled accounts by IP address",
                "category": "Hunting Queries",
                "query": "\nSigninLogs \n| where ResultType == \"50057\" \n| where ResultDescription == \"User account is disabled. The account has been disabled by an administrator.\" \n| summarize StartTime = min(TimeGenerated), EndTime = max(TimeGenerated), numberAccountsTargeted = dcount(UserPrincipalName), \nnumberApplicationsTargeted = dcount(AppDisplayName), accountSet = makeset(UserPrincipalName), applicationSet=makeset(AppDisplayName), \nnumberLoginAttempts = count() by IPAddress\n| extend timestamp = StartTime, IPCustomEntity = IPAddress\n| order by numberLoginAttempts desc\n",
                "version": 2,
                "tags": [
                  {
                    "name": "description",
                    "value": "Failed attempts to sign in to disabled accounts summarized by the IP address from from the sign-in attempts originate"
                  },
                  {
                    "name": "tactics",
                    "value": "InitialAccess"
                  },
                  {
                    "name": "techniques",
                    "value": "T1078"
                  }
                ]
              }
            },
            {
              "type": "Microsoft.OperationalInsights/workspaces/providers/metadata",
              "apiVersion": "2022-01-01-preview",
              "name": "[concat(parameters('workspace'),'/Microsoft.SecurityInsights/',concat('HuntingQuery-', last(split(variables('huntingQueryId2'),'/'))))]",
              "properties": {
                "description": "Cloud Identity Threat Protection Essentials Hunting Query 2",
                "parentId": "[variables('huntingQueryId2')]",
                "contentId": "[variables('_huntingQuerycontentId2')]",
                "kind": "HuntingQuery",
                "version": "[variables('huntingQueryVersion2')]",
                "source": {
                  "kind": "Solution",
                  "name": "Cloud Identity Threat Protection Essentials",
                  "sourceId": "[variables('_solutionId')]"
                },
                "author": {
                  "name": "Microsoft",
                  "email": "[variables('_email')]"
                },
                "support": {
                  "name": "Microsoft Corporation",
                  "email": "support@microsoft.com",
                  "tier": "Microsoft",
                  "link": "https://support.microsoft.com"
                }
              }
            }
          ]
        }
      }
    },
    {
      "type": "Microsoft.Resources/templateSpecs",
      "apiVersion": "2021-05-01",
      "name": "[variables('huntingQueryTemplateSpecName3')]",
      "location": "[parameters('workspace-location')]",
      "tags": {
        "hidden-sentinelWorkspaceId": "[variables('workspaceResourceId')]",
        "hidden-sentinelContentType": "HuntingQuery"
      },
      "properties": {
        "description": "Cloud Identity Threat Protection Essentials Hunting Query 3 with template",
        "displayName": "Cloud Identity Threat Protection Essentials Hunting Query template"
      }
    },
    {
      "type": "Microsoft.Resources/templateSpecs/versions",
      "apiVersion": "2021-05-01",
      "name": "[concat(variables('huntingQueryTemplateSpecName3'),'/',variables('huntingQueryVersion3'))]",
      "location": "[parameters('workspace-location')]",
      "tags": {
        "hidden-sentinelWorkspaceId": "[variables('workspaceResourceId')]",
        "hidden-sentinelContentType": "HuntingQuery"
      },
      "dependsOn": [
        "[resourceId('Microsoft.Resources/templateSpecs', variables('huntingQueryTemplateSpecName3'))]"
      ],
      "properties": {
        "description": "DisabledAccountSigninAttempts_HuntingQueries Hunting Query with template version 2.0.0",
        "mainTemplate": {
          "$schema": "https://schema.management.azure.com/schemas/2019-04-01/deploymentTemplate.json#",
          "contentVersion": "[variables('huntingQueryVersion3')]",
          "parameters": {},
          "variables": {},
          "resources": [
            {
              "type": "Microsoft.OperationalInsights/savedSearches",
              "apiVersion": "2020-08-01",
              "name": "Cloud_Identity_Threat_Protection_Essentials_Hunting_Query_3",
              "location": "[parameters('workspace-location')]",
              "properties": {
                "eTag": "*",
                "displayName": "Attempts to sign in to disabled accounts by account name",
                "category": "Hunting Queries",
                "query": "\nSigninLogs \n| where ResultType == \"50057\" \n| where ResultDescription == \"User account is disabled. The account has been disabled by an administrator.\" \n| summarize StartTime = min(TimeGenerated), EndTime = max(TimeGenerated), count() by AppDisplayName, UserPrincipalName\n| extend timestamp = StartTime, AccountCustomEntity = UserPrincipalName\n| order by count_ desc\n",
                "version": 2,
                "tags": [
                  {
                    "name": "description",
                    "value": "Failed attempts to sign in to disabled accounts summarized by account name"
                  },
                  {
                    "name": "tactics",
                    "value": "InitialAccess"
                  },
                  {
                    "name": "techniques",
                    "value": "T1078"
                  }
                ]
              }
            },
            {
              "type": "Microsoft.OperationalInsights/workspaces/providers/metadata",
              "apiVersion": "2022-01-01-preview",
              "name": "[concat(parameters('workspace'),'/Microsoft.SecurityInsights/',concat('HuntingQuery-', last(split(variables('huntingQueryId3'),'/'))))]",
              "properties": {
                "description": "Cloud Identity Threat Protection Essentials Hunting Query 3",
                "parentId": "[variables('huntingQueryId3')]",
                "contentId": "[variables('_huntingQuerycontentId3')]",
                "kind": "HuntingQuery",
                "version": "[variables('huntingQueryVersion3')]",
                "source": {
                  "kind": "Solution",
                  "name": "Cloud Identity Threat Protection Essentials",
                  "sourceId": "[variables('_solutionId')]"
                },
                "author": {
                  "name": "Microsoft",
                  "email": "[variables('_email')]"
                },
                "support": {
                  "name": "Microsoft Corporation",
                  "email": "support@microsoft.com",
                  "tier": "Microsoft",
                  "link": "https://support.microsoft.com"
                }
              }
            }
          ]
        }
      }
    },
    {
      "type": "Microsoft.Resources/templateSpecs",
      "apiVersion": "2021-05-01",
      "name": "[variables('huntingQueryTemplateSpecName4')]",
      "location": "[parameters('workspace-location')]",
      "tags": {
        "hidden-sentinelWorkspaceId": "[variables('workspaceResourceId')]",
        "hidden-sentinelContentType": "HuntingQuery"
      },
      "properties": {
        "description": "Cloud Identity Threat Protection Essentials Hunting Query 4 with template",
        "displayName": "Cloud Identity Threat Protection Essentials Hunting Query template"
      }
    },
    {
      "type": "Microsoft.Resources/templateSpecs/versions",
      "apiVersion": "2021-05-01",
      "name": "[concat(variables('huntingQueryTemplateSpecName4'),'/',variables('huntingQueryVersion4'))]",
      "location": "[parameters('workspace-location')]",
      "tags": {
        "hidden-sentinelWorkspaceId": "[variables('workspaceResourceId')]",
        "hidden-sentinelContentType": "HuntingQuery"
      },
      "dependsOn": [
        "[resourceId('Microsoft.Resources/templateSpecs', variables('huntingQueryTemplateSpecName4'))]"
      ],
      "properties": {
        "description": "Signins-from-NordVPN-Providers_HuntingQueries Hunting Query with template version 2.0.0",
        "mainTemplate": {
          "$schema": "https://schema.management.azure.com/schemas/2019-04-01/deploymentTemplate.json#",
          "contentVersion": "[variables('huntingQueryVersion4')]",
          "parameters": {},
          "variables": {},
          "resources": [
            {
              "type": "Microsoft.OperationalInsights/savedSearches",
              "apiVersion": "2020-08-01",
              "name": "Cloud_Identity_Threat_Protection_Essentials_Hunting_Query_4",
              "location": "[parameters('workspace-location')]",
              "properties": {
                "eTag": "*",
                "displayName": "Signins from Nord VPN Providers",
                "category": "Hunting Queries",
                "query": "let nord_vpn_feed = (externaldata(id:int,ip_address: string,search_keywords: dynamic,categories:dynamic,name: string,domain:string,price:int,flag:string,country:string,location:dynamic ,load: int ,features:dynamic)\n  [@\"https://raw.githubusercontent.com/microsoft/mstic/master/nordvpn-servers.csv\"] with (format=\"csv\", ignoreFirstRecord=True));\nSigninLogs \n  | where TimeGenerated > ago(4h) \n  | where ResultType == 0 \n  | summarize TotalEvents = count(), AppList = make_set(AppDisplayName),  StartTime = min(TimeGenerated), EndTime = max(TimeGenerated) by IPAddress, UserPrincipalName, ClientAppUsed, ConditionalAccessStatus, AuthenticationRequirement, RiskDetail \n  | join kind= inner nord_vpn_feed on $left.IPAddress == $right.ip_address\n  | project StartTime , EndTime, IPAddress, UserPrincipalName, AppList, ClientAppUsed, ConditionalAccessStatus, AuthenticationRequirement, RiskDetail, categories, domain, country\n  | extend timestamp = StartTime, AccountCustomEntity = UserPrincipalName, IPCustomEntity = IPAddress\n",
                "version": 2,
                "tags": [
                  {
                    "name": "description",
                    "value": "This query looks for sign-in activity from Nord VPN providers using the Public feed leveraging NordVPN API which is updated daily. \nInvestigation any unknown sign-in attempts from VPN providers such as Nord VPN unless it is commonly seen from users in the organization"
                  },
                  {
                    "name": "tactics",
                    "value": "InitialAccess"
                  },
                  {
                    "name": "techniques",
                    "value": "T1078"
                  }
                ]
              }
            },
            {
              "type": "Microsoft.OperationalInsights/workspaces/providers/metadata",
              "apiVersion": "2022-01-01-preview",
              "name": "[concat(parameters('workspace'),'/Microsoft.SecurityInsights/',concat('HuntingQuery-', last(split(variables('huntingQueryId4'),'/'))))]",
              "properties": {
                "description": "Cloud Identity Threat Protection Essentials Hunting Query 4",
                "parentId": "[variables('huntingQueryId4')]",
                "contentId": "[variables('_huntingQuerycontentId4')]",
                "kind": "HuntingQuery",
                "version": "[variables('huntingQueryVersion4')]",
                "source": {
                  "kind": "Solution",
                  "name": "Cloud Identity Threat Protection Essentials",
                  "sourceId": "[variables('_solutionId')]"
                },
                "author": {
                  "name": "Microsoft",
                  "email": "[variables('_email')]"
                },
                "support": {
                  "name": "Microsoft Corporation",
                  "email": "support@microsoft.com",
                  "tier": "Microsoft",
                  "link": "https://support.microsoft.com"
                }
              }
            }
          ]
        }
      }
    },
    {
      "type": "Microsoft.Resources/templateSpecs",
      "apiVersion": "2021-05-01",
      "name": "[variables('huntingQueryTemplateSpecName5')]",
      "location": "[parameters('workspace-location')]",
      "tags": {
        "hidden-sentinelWorkspaceId": "[variables('workspaceResourceId')]",
        "hidden-sentinelContentType": "HuntingQuery"
      },
      "properties": {
        "description": "Cloud Identity Threat Protection Essentials Hunting Query 5 with template",
        "displayName": "Cloud Identity Threat Protection Essentials Hunting Query template"
      }
    },
    {
      "type": "Microsoft.Resources/templateSpecs/versions",
      "apiVersion": "2021-05-01",
      "name": "[concat(variables('huntingQueryTemplateSpecName5'),'/',variables('huntingQueryVersion5'))]",
      "location": "[parameters('workspace-location')]",
      "tags": {
        "hidden-sentinelWorkspaceId": "[variables('workspaceResourceId')]",
        "hidden-sentinelContentType": "HuntingQuery"
      },
      "dependsOn": [
        "[resourceId('Microsoft.Resources/templateSpecs', variables('huntingQueryTemplateSpecName5'))]"
      ],
      "properties": {
        "description": "Signins-From-VPS-Providers_HuntingQueries Hunting Query with template version 2.0.0",
        "mainTemplate": {
          "$schema": "https://schema.management.azure.com/schemas/2019-04-01/deploymentTemplate.json#",
          "contentVersion": "[variables('huntingQueryVersion5')]",
          "parameters": {},
          "variables": {},
          "resources": [
            {
              "type": "Microsoft.OperationalInsights/savedSearches",
              "apiVersion": "2020-08-01",
              "name": "Cloud_Identity_Threat_Protection_Essentials_Hunting_Query_5",
              "location": "[parameters('workspace-location')]",
              "properties": {
                "eTag": "*",
                "displayName": "Signins From VPS Providers",
                "category": "Hunting Queries",
                "query": "\nlet IP_Data = (externaldata(network:string)\n[@\"https://raw.githubusercontent.com/Azure/Azure-Sentinel/master/Sample%20Data/Feeds/VPS_Networks.csv\"] with (format=\"csv\"));\nSigninLogs\n| where ResultType == 0\n| extend additionalDetails = tostring(Status.additionalDetails)\n| evaluate ipv4_lookup(IP_Data, IPAddress, network, return_unmatched = false)\n| summarize make_set(additionalDetails), StartTime = min(TimeGenerated), EndTime = max(TimeGenerated) by IPAddress, UserPrincipalName\n// Uncomment the remaining lines to only see logons from VPS providers with token only logons.\n//| where array_length(set_additionalDetails) == 2\n//| where (set_additionalDetails[1] == \"MFA requirement satisfied by claim in the token\" and set_additionalDetails[0] == \"MFA requirement satisfied by claim provided by external provider\") or (set_additionalDetails[0] == \"MFA requirement satisfied by claim in the token\" and set_additionalDetails[1] == \"MFA requirement satisfied by claim provided by external provider\")\n| extend timestamp = StartTime, AccountCustomEntity = UserPrincipalName, IPCustomEntity = IPAddress\n",
                "version": 2,
                "tags": [
                  {
                    "name": "description",
                    "value": "Looks for successful logons from known VPS provider network ranges with suspicious token based logon patterns.\nThis is not an exhaustive list of VPS provider ranges but covers some of the most prevelent providers observed."
                  },
                  {
                    "name": "tactics",
                    "value": "InitialAccess"
                  },
                  {
                    "name": "techniques",
                    "value": "T1078"
                  }
                ]
              }
            },
            {
              "type": "Microsoft.OperationalInsights/workspaces/providers/metadata",
              "apiVersion": "2022-01-01-preview",
              "name": "[concat(parameters('workspace'),'/Microsoft.SecurityInsights/',concat('HuntingQuery-', last(split(variables('huntingQueryId5'),'/'))))]",
              "properties": {
                "description": "Cloud Identity Threat Protection Essentials Hunting Query 5",
                "parentId": "[variables('huntingQueryId5')]",
                "contentId": "[variables('_huntingQuerycontentId5')]",
                "kind": "HuntingQuery",
                "version": "[variables('huntingQueryVersion5')]",
                "source": {
                  "kind": "Solution",
                  "name": "Cloud Identity Threat Protection Essentials",
                  "sourceId": "[variables('_solutionId')]"
                },
                "author": {
                  "name": "Microsoft",
                  "email": "[variables('_email')]"
                },
                "support": {
                  "name": "Microsoft Corporation",
                  "email": "support@microsoft.com",
                  "tier": "Microsoft",
                  "link": "https://support.microsoft.com"
                }
              }
            }
          ]
        }
      }
    },
    {
      "type": "Microsoft.Resources/templateSpecs",
      "apiVersion": "2021-05-01",
      "name": "[variables('huntingQueryTemplateSpecName6')]",
      "location": "[parameters('workspace-location')]",
      "tags": {
        "hidden-sentinelWorkspaceId": "[variables('workspaceResourceId')]",
        "hidden-sentinelContentType": "HuntingQuery"
      },
      "properties": {
        "description": "Cloud Identity Threat Protection Essentials Hunting Query 6 with template",
        "displayName": "Cloud Identity Threat Protection Essentials Hunting Query template"
      }
    },
    {
      "type": "Microsoft.Resources/templateSpecs/versions",
      "apiVersion": "2021-05-01",
      "name": "[concat(variables('huntingQueryTemplateSpecName6'),'/',variables('huntingQueryVersion6'))]",
      "location": "[parameters('workspace-location')]",
      "tags": {
        "hidden-sentinelWorkspaceId": "[variables('workspaceResourceId')]",
        "hidden-sentinelContentType": "HuntingQuery"
      },
      "dependsOn": [
        "[resourceId('Microsoft.Resources/templateSpecs', variables('huntingQueryTemplateSpecName6'))]"
      ],
      "properties": {
        "description": "UserGrantedAccess_GrantsOthersAccess_HuntingQueries Hunting Query with template version 2.0.0",
        "mainTemplate": {
          "$schema": "https://schema.management.azure.com/schemas/2019-04-01/deploymentTemplate.json#",
          "contentVersion": "[variables('huntingQueryVersion6')]",
          "parameters": {},
          "variables": {},
          "resources": [
            {
              "type": "Microsoft.OperationalInsights/savedSearches",
              "apiVersion": "2020-08-01",
              "name": "Cloud_Identity_Threat_Protection_Essentials_Hunting_Query_6",
              "location": "[parameters('workspace-location')]",
              "properties": {
                "eTag": "*",
                "displayName": "User Granted Access and Grants others Access",
                "category": "Hunting Queries",
                "query": "let starttime = todatetime('{{StartTimeISO}}');\nlet endtime = todatetime('{{EndTimeISO}}');\nlet auditLookback = starttime - 14d;\nlet opName = dynamic([\"Add user\", \"Invite external user\"]);\n// Helper function to extract relevant fields from AuditLog events\nlet auditLogEvents = view (startTimeSpan:timespan, operation:dynamic)  {\n    AuditLogs | where TimeGenerated >= auditLookback\n    | where OperationName in~ (operation)\n    | extend ModProps = iff(TargetResources.[0].modifiedProperties != \"[]\", TargetResources.[0].modifiedProperties, todynamic(\"NoValues\"))\n    | extend IpAddress = iff(isnotempty(tostring(parse_json(tostring(InitiatedBy.user)).ipAddress)), \n    tostring(parse_json(tostring(InitiatedBy.user)).ipAddress), tostring(parse_json(tostring(InitiatedBy.app)).ipAddress))\n    | extend InitiatedByFull = iff(isnotempty(tostring(parse_json(tostring(InitiatedBy.user)).userPrincipalName)), \n    tostring(parse_json(tostring(InitiatedBy.user)).userPrincipalName), tostring(parse_json(tostring(InitiatedBy.app)).displayName))\n    | extend InitiatedBy = replace(\"_\",\"@\",tostring(split(InitiatedByFull, \"#\")[0]))\n    | extend TargetUserPrincipalName = tostring(TargetResources[0].userPrincipalName)\n    | extend TargetUserName = replace(\"_\",\"@\",tostring(split(TargetUserPrincipalName, \"#\")[0]))\n    | extend TargetResourceName = case(\n    isempty(tostring(TargetResources.[0].displayName)), TargetUserPrincipalName,\n    isnotempty(tostring(TargetResources.[0].displayName)) and tostring(TargetResources.[0].displayName) startswith \"upn:\", tolower(tostring(TargetResources.[0].displayName)),\n    tolower(tostring(TargetResources.[0].displayName))\n    )\n    | extend TargetUserName = replace(\"_\",\"@\",tostring(split(TargetUserPrincipalName, \"#\")[0]))\n    | extend TargetUserName = iff(isempty(TargetUserName), tostring(split(split(TargetResourceName, \",\")[0], \" \")[1]), TargetUserName ) \n    | mvexpand ModProps\n    | extend PropertyName = tostring(ModProps.displayName), newValue = replace('\\\"','',tostring(ModProps.newValue));\n};\n// Assigning time for First TargetUserName that was added\nlet FirstAdd = auditLogEvents(auditLookback, opName)  \n| project FirstAddTimeUtc = TimeGenerated, Type, FirstInitiatedBy = InitiatedBy, IpAddress, FirstTargetUserName = TargetUserName, FirstTargetResourceName = TargetResourceName, \nFirstOperationName = OperationName, FirstPropertyName = PropertyName, FirstnewValue = newValue, FirstCorrelationId = CorrelationId, FirstId = Id;\n// Assigning time for second TargetUserName that was added, which will allow us to see if a first TargetUserName added in is the Initiated by on the second in the later join\nlet SecondAdd = auditLogEvents(auditLookback, opName)  \n| project SecondAddTimeUtc = TimeGenerated, Type, SecondInitiatedBy = InitiatedBy, IpAddress, SecondTargetUserName = TargetUserName, SecondTargetResourceName = TargetResourceName, \nSecondOperationName = OperationName, SecondPropertyName = PropertyName, SecondnewValue = newValue, SecondCorrelationId = CorrelationId, SecondId = Id;\n//  Joining the FirstAdd with SecondAdd where the FirstAdd TargetUserName value matches the SecondAdd InitiatedBy.  This shows the new user adding a user.\nlet NewUserAddsUser = FirstAdd | join SecondAdd on $left.FirstTargetUserName == $right.SecondInitiatedBy\n// we only want items where the FirstAddTimeUtc is before the SecondAddTimeUtc\n| where FirstAddTimeUtc < SecondAddTimeUtc\n;\n// Build out some of the properties for context\nNewUserAddsUser\n| extend FirstnewValue = split(FirstnewValue, \";\"), SecondnewValue = split(SecondnewValue, \";\")\n| extend PropertyUpdate = pack(FirstPropertyName, FirstnewValue, SecondPropertyName, SecondnewValue, \"FirstCorrelationId\", FirstCorrelationId, \"FirstId\", FirstId, \"SecondCorrelationId\", SecondCorrelationId, \"SecondId\", SecondId)\n| summarize PropertyUpdateSet = make_bag(PropertyUpdate) by FirstAddTimeUtc, FirstInitiatedBy, FirstTargetUserName, SecondAddTimeUtc, SecondInitiatedBy, SecondTargetUserName, \nIpAddress, FirstTargetResourceName, SecondTargetResourceName, FirstOperationName, SecondOperationName\n| extend timestamp = FirstAddTimeUtc, AccountCustomEntity = FirstInitiatedBy, HostCustomEntity = FirstTargetResourceName, IPCustomEntity = IpAddress\n",
                "version": 2,
                "tags": [
                  {
                    "name": "description",
                    "value": "Identifies when a new user is granted access and starts granting access to other users.  This can help you identify rogue or malicious user behavior."
                  },
                  {
                    "name": "tactics",
                    "value": "Persistence,PrivilegeEscalation"
                  },
                  {
                    "name": "techniques",
                    "value": "T1098,T1078"
                  }
                ]
              }
            },
            {
              "type": "Microsoft.OperationalInsights/workspaces/providers/metadata",
              "apiVersion": "2022-01-01-preview",
              "name": "[concat(parameters('workspace'),'/Microsoft.SecurityInsights/',concat('HuntingQuery-', last(split(variables('huntingQueryId6'),'/'))))]",
              "properties": {
                "description": "Cloud Identity Threat Protection Essentials Hunting Query 6",
                "parentId": "[variables('huntingQueryId6')]",
                "contentId": "[variables('_huntingQuerycontentId6')]",
                "kind": "HuntingQuery",
                "version": "[variables('huntingQueryVersion6')]",
                "source": {
                  "kind": "Solution",
                  "name": "Cloud Identity Threat Protection Essentials",
                  "sourceId": "[variables('_solutionId')]"
                },
                "author": {
                  "name": "Microsoft",
                  "email": "[variables('_email')]"
                },
                "support": {
                  "name": "Microsoft Corporation",
                  "email": "support@microsoft.com",
                  "tier": "Microsoft",
                  "link": "https://support.microsoft.com"
                }
              }
            }
          ]
        }
      }
    },
    {
      "type": "Microsoft.Resources/templateSpecs",
      "apiVersion": "2021-05-01",
      "name": "[variables('huntingQueryTemplateSpecName7')]",
      "location": "[parameters('workspace-location')]",
      "tags": {
        "hidden-sentinelWorkspaceId": "[variables('workspaceResourceId')]",
        "hidden-sentinelContentType": "HuntingQuery"
      },
      "properties": {
        "description": "Cloud Identity Threat Protection Essentials Hunting Query 7 with template",
        "displayName": "Cloud Identity Threat Protection Essentials Hunting Query template"
      }
    },
    {
      "type": "Microsoft.Resources/templateSpecs/versions",
      "apiVersion": "2021-05-01",
      "name": "[concat(variables('huntingQueryTemplateSpecName7'),'/',variables('huntingQueryVersion7'))]",
      "location": "[parameters('workspace-location')]",
      "tags": {
        "hidden-sentinelWorkspaceId": "[variables('workspaceResourceId')]",
        "hidden-sentinelContentType": "HuntingQuery"
      },
      "dependsOn": [
        "[resourceId('Microsoft.Resources/templateSpecs', variables('huntingQueryTemplateSpecName7'))]"
      ],
      "properties": {
        "description": "StsRefreshTokenModification_HuntingQueries Hunting Query with template version 2.0.0",
        "mainTemplate": {
          "$schema": "https://schema.management.azure.com/schemas/2019-04-01/deploymentTemplate.json#",
          "contentVersion": "[variables('huntingQueryVersion7')]",
          "parameters": {},
          "variables": {},
          "resources": [
            {
              "type": "Microsoft.OperationalInsights/savedSearches",
              "apiVersion": "2020-08-01",
              "name": "Cloud_Identity_Threat_Protection_Essentials_Hunting_Query_7",
              "location": "[parameters('workspace-location')]",
              "properties": {
                "eTag": "*",
                "displayName": "Interactive STS refresh token modifications",
                "category": "Hunting Queries",
                "query": "// Include your additions to the allow list below as needed\nlet AllowedUserList = dynamic([\"Microsoft Cloud App Security\",\"ADConnectSyncAccount1\",\"SyncAccount2\"]);\nAuditLogs\n| where OperationName has 'StsRefreshTokenValidFrom'\n| where TargetResources[0].modifiedProperties != '[]'\n| where TargetResources[0].modifiedProperties !has 'DirectorySync'\n| extend TargetResourcesModProps = TargetResources[0].modifiedProperties\n| mv-expand TargetResourcesModProps\n| where tostring(TargetResourcesModProps.displayName) =~ 'StsRefreshTokensValidFrom'\n| extend InitiatingUserOrApp = iff(isnotempty(InitiatedBy.user.userPrincipalName),tostring(InitiatedBy.user.userPrincipalName), tostring(InitiatedBy.app.displayName))\n| where InitiatingUserOrApp !in (AllowedUserList)\n| extend targetUserOrApp = TargetResources[0].userPrincipalName\n| extend eventName = tostring(TargetResourcesModProps.displayName)\n| extend oldStsRefreshValidFrom = todatetime(parse_json(tostring(TargetResourcesModProps.oldValue))[0])\n| extend newStsRefreshValidFrom = todatetime(parse_json(tostring(TargetResourcesModProps.newValue))[0])\n| extend tokenMinutesAdded = datetime_diff('minute',newStsRefreshValidFrom,oldStsRefreshValidFrom)\n| extend tokenMinutesRemaining = datetime_diff('minute',TimeGenerated,newStsRefreshValidFrom)\n| project-reorder Result, AADOperationType\n| extend InitiatingIpAddress = iff(isnotempty(InitiatedBy.user.ipAddress), tostring(InitiatedBy.user.ipAddress), tostring(InitiatedBy.app.ipAddress))\n| extend timestamp = TimeGenerated, AccountCustomEntity = InitiatingUserOrApp, IPCustomEntity = InitiatingIpAddress\n",
                "version": 2,
                "tags": [
                  {
                    "name": "description",
                    "value": "This will show Active Directory Security Token Service (STS) refresh token modifications by Service Principals and Applications other than DirectorySync. Refresh tokens are used to validate identification and obtain access tokens.\nThis event is not necessarily an indication of malicious activity but can also be generated when legitimate administrators manually expire token validation or keep longer refresh tokens for better login experience with less prompts.\nAlso an allowlist has been included to filter known accounts which can be customized after careful review of past historical activity.\nAnalyze the results for unusual operations performed by administrators to extend a refresh token of a compromised account in order to extend the time they can use it without the need to re-authenticate (and thus potentially lose access).\nFor in-depth documentation of AAD Security Tokens, see https://docs.microsoft.com/azure/active-directory/develop/security-tokens.\nFor further information on AuditLogs please see https://docs.microsoft.com/azure/active-directory/reports-monitoring/reference-audit-activities.\nFor valid use cases of altering token lifetime values, refer https://docs.microsoft.com/azure/active-directory/develop/access-tokens#token-timeouts\nMore information about risky use-cases, refer https://docs.microsoft.com/azure/active-directory/develop/active-directory-configurable-token-lifetimes#token-lifetimes-with-public-client-refresh-tokens"
                  },
                  {
                    "name": "tactics",
                    "value": "CredentialAccess"
                  },
                  {
                    "name": "techniques",
                    "value": "T1550.001"
                  }
                ]
              }
            },
            {
              "type": "Microsoft.OperationalInsights/workspaces/providers/metadata",
              "apiVersion": "2022-01-01-preview",
              "name": "[concat(parameters('workspace'),'/Microsoft.SecurityInsights/',concat('HuntingQuery-', last(split(variables('huntingQueryId7'),'/'))))]",
              "properties": {
                "description": "Cloud Identity Threat Protection Essentials Hunting Query 7",
                "parentId": "[variables('huntingQueryId7')]",
                "contentId": "[variables('_huntingQuerycontentId7')]",
                "kind": "HuntingQuery",
                "version": "[variables('huntingQueryVersion7')]",
                "source": {
                  "kind": "Solution",
                  "name": "Cloud Identity Threat Protection Essentials",
                  "sourceId": "[variables('_solutionId')]"
                },
                "author": {
                  "name": "Microsoft",
                  "email": "[variables('_email')]"
                },
                "support": {
                  "name": "Microsoft Corporation",
                  "email": "support@microsoft.com",
                  "tier": "Microsoft",
                  "link": "https://support.microsoft.com"
                }
              }
            }
          ]
        }
      }
    },
    {
      "type": "Microsoft.Resources/templateSpecs",
      "apiVersion": "2021-05-01",
      "name": "[variables('huntingQueryTemplateSpecName8')]",
      "location": "[parameters('workspace-location')]",
      "tags": {
        "hidden-sentinelWorkspaceId": "[variables('workspaceResourceId')]",
        "hidden-sentinelContentType": "HuntingQuery"
      },
      "properties": {
        "description": "Cloud Identity Threat Protection Essentials Hunting Query 8 with template",
        "displayName": "Cloud Identity Threat Protection Essentials Hunting Query template"
      }
    },
    {
      "type": "Microsoft.Resources/templateSpecs/versions",
      "apiVersion": "2021-05-01",
      "name": "[concat(variables('huntingQueryTemplateSpecName8'),'/',variables('huntingQueryVersion8'))]",
      "location": "[parameters('workspace-location')]",
      "tags": {
        "hidden-sentinelWorkspaceId": "[variables('workspaceResourceId')]",
        "hidden-sentinelContentType": "HuntingQuery"
      },
      "dependsOn": [
        "[resourceId('Microsoft.Resources/templateSpecs', variables('huntingQueryTemplateSpecName8'))]"
      ],
      "properties": {
        "description": "ApplicationGrantedEWSPermissions_HuntingQueries Hunting Query with template version 2.0.0",
        "mainTemplate": {
          "$schema": "https://schema.management.azure.com/schemas/2019-04-01/deploymentTemplate.json#",
          "contentVersion": "[variables('huntingQueryVersion8')]",
          "parameters": {},
          "variables": {},
          "resources": [
            {
              "type": "Microsoft.OperationalInsights/savedSearches",
              "apiVersion": "2020-08-01",
              "name": "Cloud_Identity_Threat_Protection_Essentials_Hunting_Query_8",
              "location": "[parameters('workspace-location')]",
              "properties": {
                "eTag": "*",
                "displayName": "Application Granted EWS Permissions",
                "category": "Hunting Queries",
                "query": "AuditLogs\n| where Category == \"ApplicationManagement\"\n| where OperationName has \"Add app role assignment to service principal\"\n| extend UA = tostring(AdditionalDetails[0].value)\n| mv-expand TargetResources\n| extend ModifiedProps = TargetResources.modifiedProperties\n| mv-expand ModifiedProps\n| where ModifiedProps.newValue has \"Use Exchange Web Services with full access to all mailboxes\"\n| extend Action = ModifiedProps.newValue\n| extend User = tolower(tostring(parse_json(tostring(InitiatedBy.user)).userPrincipalName))\n| join kind=inner AuditLogs on CorrelationId\n| mv-expand TargetResources1\n| mv-expand TargetResources1.modifiedProperties\n| project-reorder TargetResources1_modifiedProperties\n| extend displayName_ = tostring(TargetResources1_modifiedProperties.displayName)\n| extend AppId = iff(tostring(TargetResources1_modifiedProperties.displayName) == \"ServicePrincipal.AppId\", tostring(TargetResources1_modifiedProperties.newValue), \"\")\n| extend AppName = iff(tostring(TargetResources1_modifiedProperties.displayName) == \"ServicePrincipal.DisplayName\", tostring(TargetResources1_modifiedProperties.newValue), \"\")\n| summarize make_set(AppName), make_set(AppId) by TimeGenerated, ActivityDisplayName, UA, User, Result, OperationName, tostring(InitiatedBy), bin(TimeGenerated, 1d), tostring(Action)\n| where tostring(set_AppId) != '[\"\"]'\n| project-reorder TimeGenerated, User, set_AppName\n| join kind=leftouter (SecurityAlert\n| where ProviderName == \"IPC\"\n| extend User = tolower(tostring(parse_json(ExtendedProperties).[\"User Account\"]))\n| summarize count_AlertName = count() by bin(TimeGenerated, 1d), User) on TimeGenerated, User\n| extend NumberofAADAlerts = iif(isnotempty(count_AlertName), count_AlertName, 0)\n| sort by NumberofAADAlerts desc\n| extend AppName = tostring(set_AppName[1])\n| extend AppID = tostring(set_AppId[1])\n| project-away set_AppName, set_AppId\n| project-reorder TimeGenerated, ActivityDisplayName, Action, User, NumberofAADAlerts, AppName, AppID\n| extend timestamp = TimeGenerated, AccountCustomEntity = User\n",
                "version": 2,
                "tags": [
                  {
                    "name": "description",
                    "value": "Finds AD applications granted permissions to read users mailboxes via Exchange Web Services (EWS). A threat actor could add these permissions to an application they control in order to gain persistent access to user's mail.\nReview the applications granted these permissions to ensure they are required and were granted legitimately."
                  },
                  {
                    "name": "tactics",
                    "value": "Collection,PrivilegeEscalation"
                  },
                  {
                    "name": "techniques",
                    "value": "T1078.004,T1114.002"
                  }
                ]
              }
            },
            {
              "type": "Microsoft.OperationalInsights/workspaces/providers/metadata",
              "apiVersion": "2022-01-01-preview",
              "name": "[concat(parameters('workspace'),'/Microsoft.SecurityInsights/',concat('HuntingQuery-', last(split(variables('huntingQueryId8'),'/'))))]",
              "properties": {
                "description": "Cloud Identity Threat Protection Essentials Hunting Query 8",
                "parentId": "[variables('huntingQueryId8')]",
                "contentId": "[variables('_huntingQuerycontentId8')]",
                "kind": "HuntingQuery",
                "version": "[variables('huntingQueryVersion8')]",
                "source": {
                  "kind": "Solution",
                  "name": "Cloud Identity Threat Protection Essentials",
                  "sourceId": "[variables('_solutionId')]"
                },
                "author": {
                  "name": "Microsoft",
                  "email": "[variables('_email')]"
                },
                "support": {
                  "name": "Microsoft Corporation",
                  "email": "support@microsoft.com",
                  "tier": "Microsoft",
                  "link": "https://support.microsoft.com"
                }
              }
            }
          ]
        }
      }
    },
    {
      "type": "Microsoft.Resources/templateSpecs",
      "apiVersion": "2021-05-01",
      "name": "[variables('analyticRuleTemplateSpecName1')]",
      "location": "[parameters('workspace-location')]",
      "tags": {
        "hidden-sentinelWorkspaceId": "[variables('workspaceResourceId')]",
        "hidden-sentinelContentType": "AnalyticsRule"
      },
      "properties": {
        "description": "Cloud Identity Threat Protection Essentials Analytics Rule 1 with template",
        "displayName": "Cloud Identity Threat Protection Essentials Analytics Rule template"
      }
    },
    {
      "type": "Microsoft.Resources/templateSpecs/versions",
      "apiVersion": "2021-05-01",
      "name": "[concat(variables('analyticRuleTemplateSpecName1'),'/',variables('analyticRuleVersion1'))]",
      "location": "[parameters('workspace-location')]",
      "tags": {
        "hidden-sentinelWorkspaceId": "[variables('workspaceResourceId')]",
        "hidden-sentinelContentType": "AnalyticsRule"
      },
      "dependsOn": [
        "[resourceId('Microsoft.Resources/templateSpecs', variables('analyticRuleTemplateSpecName1'))]"
      ],
      "properties": {
        "description": "MFADisable_AnalyticalRules Analytics Rule with template version 2.0.0",
        "mainTemplate": {
          "$schema": "https://schema.management.azure.com/schemas/2019-04-01/deploymentTemplate.json#",
          "contentVersion": "[variables('analyticRuleVersion1')]",
          "parameters": {},
          "variables": {},
          "resources": [
            {
              "type": "Microsoft.SecurityInsights/AlertRuleTemplates",
              "name": "[variables('AnalyticRulecontentId1')]",
              "apiVersion": "2022-04-01-preview",
              "kind": "Scheduled",
              "location": "[parameters('workspace-location')]",
              "properties": {
                "description": "Multi-Factor Authentication (MFA) helps prevent credential compromise. This alert identifies when an attempt has been made to disable MFA for a user ",
                "displayName": "MFA disabled for a user",
                "enabled": false,
                "query": "\n(union isfuzzy=true\n(AuditLogs \n| where OperationName =~ \"Disable Strong Authentication\"\n| extend IPAddress = tostring(parse_json(tostring(InitiatedBy.user)).ipAddress) \n| extend InitiatedByUser = iff(isnotempty(tostring(parse_json(tostring(InitiatedBy.user)).userPrincipalName)), \n tostring(parse_json(tostring(InitiatedBy.user)).userPrincipalName), tostring(parse_json(tostring(InitiatedBy.app)).displayName))\n| extend Targetprop = todynamic(TargetResources)\n| extend TargetUser = tostring(Targetprop[0].userPrincipalName) \n| summarize StartTimeUtc = min(TimeGenerated), EndTimeUtc = max(TimeGenerated) by User = TargetUser, InitiatedByUser , Operation = OperationName , CorrelationId, IPAddress, Category, Source = SourceSystem , AADTenantId, Type\n),\n(AWSCloudTrail\n| where EventName in~ (\"DeactivateMFADevice\", \"DeleteVirtualMFADevice\") \n| extend InstanceProfileName = tostring(parse_json(RequestParameters).InstanceProfileName)\n| extend TargetUser = tostring(parse_json(RequestParameters).userName)\n| summarize StartTimeUtc = min(TimeGenerated), EndTimeUtc = max(TimeGenerated) by User = TargetUser, Source = EventSource , Operation = EventName , TenantorInstance_Detail = InstanceProfileName, IPAddress = SourceIpAddress\n)\n)\n| extend timestamp = StartTimeUtc, AccountCustomEntity = User, IPCustomEntity = IPAddress\n",
                "queryFrequency": "PT1H",
                "queryPeriod": "PT1H",
                "severity": "Medium",
                "suppressionDuration": "PT1H",
                "suppressionEnabled": false,
                "triggerOperator": "GreaterThan",
                "triggerThreshold": 0,
                "status": "Available",
                "requiredDataConnectors": [
                  {
                    "dataTypes": [
                      "AuditLogs"
                    ],
                    "connectorId": "AzureActiveDirectory"
                  },
                  {
                    "dataTypes": [
                      "AWSCloudTrail"
                    ],
                    "connectorId": "AWS"
                  }
                ],
                "tactics": [
                  "CredentialAccess",
                  "Persistence"
                ],
                "entityMappings": [
                  {
                    "entityType": "Account",
                    "fieldMappings": [
                      {
                        "identifier": "FullName",
                        "columnName": "AccountCustomEntity"
                      }
                    ]
                  },
                  {
                    "entityType": "IP",
                    "fieldMappings": [
                      {
                        "identifier": "Address",
                        "columnName": "IPCustomEntity"
                      }
                    ]
                  }
                ]
              }
            },
            {
              "type": "Microsoft.OperationalInsights/workspaces/providers/metadata",
              "apiVersion": "2022-01-01-preview",
              "name": "[concat(parameters('workspace'),'/Microsoft.SecurityInsights/',concat('AnalyticsRule-', last(split(variables('analyticRuleId1'),'/'))))]",
              "properties": {
                "description": "Cloud Identity Threat Protection Essentials Analytics Rule 1",
                "parentId": "[variables('analyticRuleId1')]",
                "contentId": "[variables('_analyticRulecontentId1')]",
                "kind": "AnalyticsRule",
                "version": "[variables('analyticRuleVersion1')]",
                "source": {
                  "kind": "Solution",
                  "name": "Cloud Identity Threat Protection Essentials",
                  "sourceId": "[variables('_solutionId')]"
                },
                "author": {
                  "name": "Microsoft",
                  "email": "[variables('_email')]"
                },
                "support": {
                  "name": "Microsoft Corporation",
                  "email": "support@microsoft.com",
                  "tier": "Microsoft",
                  "link": "https://support.microsoft.com"
                }
              }
            }
          ]
        }
      }
    },
    {
      "type": "Microsoft.Resources/templateSpecs",
      "apiVersion": "2021-05-01",
      "name": "[variables('analyticRuleTemplateSpecName2')]",
      "location": "[parameters('workspace-location')]",
      "tags": {
        "hidden-sentinelWorkspaceId": "[variables('workspaceResourceId')]",
        "hidden-sentinelContentType": "AnalyticsRule"
      },
      "properties": {
        "description": "Cloud Identity Threat Protection Essentials Analytics Rule 2 with template",
        "displayName": "Cloud Identity Threat Protection Essentials Analytics Rule template"
      }
    },
    {
      "type": "Microsoft.Resources/templateSpecs/versions",
      "apiVersion": "2021-05-01",
      "name": "[concat(variables('analyticRuleTemplateSpecName2'),'/',variables('analyticRuleVersion2'))]",
      "location": "[parameters('workspace-location')]",
      "tags": {
        "hidden-sentinelWorkspaceId": "[variables('workspaceResourceId')]",
        "hidden-sentinelContentType": "AnalyticsRule"
      },
      "dependsOn": [
        "[resourceId('Microsoft.Resources/templateSpecs', variables('analyticRuleTemplateSpecName2'))]"
      ],
      "properties": {
        "description": "NewExtUserGrantedAdmin_AnalyticalRules Analytics Rule with template version 2.0.0",
        "mainTemplate": {
          "$schema": "https://schema.management.azure.com/schemas/2019-04-01/deploymentTemplate.json#",
          "contentVersion": "[variables('analyticRuleVersion2')]",
          "parameters": {},
          "variables": {},
          "resources": [
            {
              "type": "Microsoft.SecurityInsights/AlertRuleTemplates",
              "name": "[variables('AnalyticRulecontentId2')]",
              "apiVersion": "2022-04-01-preview",
              "kind": "Scheduled",
              "location": "[parameters('workspace-location')]",
              "properties": {
                "description": "This query will detect instances where a newly invited external user is granted an administrative role. By default this query\nwill alert on any granted administrative role, however this can be modified using the roles variable if false positives occur\nin your environment. The maximum delta between invite and escalation to admin is 60 minues, this can be configured using the \ndeltaBetweenInviteEscalation variable.",
                "displayName": "New External User Granted Admin",
                "enabled": false,
                "query": "// Administrative roles to look for, default is all admin roles\nlet roles = dynamic([\"Administrator\", \"Admin\"]);\n// The maximum distances between and invite and acceptance\nlet maxTimeBetweenInviteAccept = 30min;\n// The delta (minutes) between the invite being sent and the account being escalated\nlet deltaBetweenInviteEscalation = 60;\n// Collect external user invitations\nlet invite = AuditLogs\n| where Category =~ \"UserManagement\"\n| where OperationName =~ \"Invite external user\"\n| extend Target = tostring(TargetResources[0].[\"userPrincipalName\"])\n| extend InviteInitiator = tostring(InitiatedBy.[\"user\"].[\"userPrincipalName\"])\n| where isnotempty(InviteInitiator);\n// Collect redeem events\nlet redeem = AuditLogs\n| where Category =~ \"UserManagement\"\n| where OperationName =~ \"Redeem external user invite\"\n| where Result =~ \"success\"\n| extend Target = tostring(TargetResources[0].[\"displayName\"]) | extend Target = tostring(extract(@\"UPN\\:\\s(.+)\\,\\sEmail\",1,Target))\n| where isnotempty(Target);\n// Union the inivtation and redeem data then run the sequence_detect kusto plugin\ninvite\n| union redeem\n| order by TimeGenerated\n| project TimeGenerated, Target, InviteInitiator, OperationName, TenantId\n| evaluate sequence_detect(TimeGenerated, maxTimeBetweenInviteAccept, maxTimeBetweenInviteAccept, invite=(OperationName has \"Invite external user\"), redeem=(OperationName has \"Redeem external user invite\"), Target)\n| join (\nAuditLogs\n| where Category =~ \"RoleManagement\"\n| where AADOperationType in (\"Assign\", \"AssignEligibleRole\")\n| where ActivityDisplayName has_any (\"Add eligible member to role\", \"Add member to role\")\n| mv-expand TargetResources\n// Limit to external accounts\n| where TargetResources.userPrincipalName has \"EXT\"\n| mv-expand TargetResources.modifiedProperties\n| extend displayName_ = tostring(TargetResources_modifiedProperties.displayName)\n| where displayName_ =~ \"Role.DisplayName\"\n| extend RoleName = tostring(parse_json(tostring(TargetResources_modifiedProperties.newValue)))\n// Perform check for admin roles\n| where RoleName has_any(roles)\n| extend InitiatingApp = tostring(parse_json(tostring(InitiatedBy.app)).displayName)\n| extend Initiator = iif(isnotempty(InitiatingApp), InitiatingApp, tostring(parse_json(tostring(InitiatedBy.user)).userPrincipalName))\n| where Initiator != \"MS-PIM\"\n| extend Target = tostring(TargetResources.userPrincipalName)\n| summarize by TimeGenerated, OperationName,  RoleName, Target, Initiator, Result\n) on Target\n// Calculate delta between the invite and the account escalation\n| extend delta = datetime_diff(\"minute\", TimeGenerated, invite_TimeGenerated)\n| where delta <= deltaBetweenInviteEscalation\n| project InvitationTime=invite_TimeGenerated, RedeemTime=redeem_TimeGenerated, GrantTime=TimeGenerated, ExternalUser=Target, RoleGranted=RoleName, AdminInitiator=Initiator, MinsBetweenInviteAndEscalation=delta\n",
                "queryFrequency": "P1D",
                "queryPeriod": "P1D",
                "severity": "Medium",
                "suppressionDuration": "PT1H",
                "suppressionEnabled": false,
                "triggerOperator": "GreaterThan",
                "triggerThreshold": 0,
                "status": "Available",
                "requiredDataConnectors": [
                  {
                    "dataTypes": [
                      "AuditLogs"
                    ],
                    "connectorId": "AzureActiveDirectory"
                  }
                ],
                "tactics": [
                  "Persistence"
                ],
                "entityMappings": [
                  {
                    "entityType": "Account",
                    "fieldMappings": [
                      {
                        "identifier": "FullName",
                        "columnName": "ExternalUser"
                      }
                    ]
                  },
                  {
                    "entityType": "Account",
                    "fieldMappings": [
                      {
                        "identifier": "FullName",
                        "columnName": "AdminInitiator"
                      }
                    ]
                  }
                ]
              }
            },
            {
              "type": "Microsoft.OperationalInsights/workspaces/providers/metadata",
              "apiVersion": "2022-01-01-preview",
              "name": "[concat(parameters('workspace'),'/Microsoft.SecurityInsights/',concat('AnalyticsRule-', last(split(variables('analyticRuleId2'),'/'))))]",
              "properties": {
                "description": "Cloud Identity Threat Protection Essentials Analytics Rule 2",
                "parentId": "[variables('analyticRuleId2')]",
                "contentId": "[variables('_analyticRulecontentId2')]",
                "kind": "AnalyticsRule",
                "version": "[variables('analyticRuleVersion2')]",
                "source": {
                  "kind": "Solution",
                  "name": "Cloud Identity Threat Protection Essentials",
                  "sourceId": "[variables('_solutionId')]"
                },
                "author": {
                  "name": "Microsoft",
                  "email": "[variables('_email')]"
                },
                "support": {
                  "name": "Microsoft Corporation",
                  "email": "support@microsoft.com",
                  "tier": "Microsoft",
                  "link": "https://support.microsoft.com"
                }
              }
            }
          ]
        }
      }
    },
    {
      "type": "Microsoft.OperationalInsights/workspaces/providers/metadata",
      "apiVersion": "2022-01-01-preview",
      "location": "[parameters('workspace-location')]",
      "properties": {
        "version": "2.0.0",
        "kind": "Solution",
        "contentSchemaVersion": "2.0.0",
        "contentId": "[variables('_solutionId')]",
        "parentId": "[variables('_solutionId')]",
        "source": {
          "kind": "Solution",
          "name": "Cloud Identity Threat Protection Essentials",
          "sourceId": "[variables('_solutionId')]"
        },
        "author": {
          "name": "Microsoft",
          "email": "[variables('_email')]"
        },
        "support": {
          "name": "Microsoft Corporation",
          "email": "support@microsoft.com",
          "tier": "Microsoft",
          "link": "https://support.microsoft.com"
        },
        "dependencies": {
          "operator": "AND",
          "criteria": [
            {
              "kind": "HuntingQuery",
              "contentId": "[variables('_huntingQuerycontentId1')]",
              "version": "[variables('huntingQueryVersion1')]"
            },
            {
              "kind": "HuntingQuery",
              "contentId": "[variables('_huntingQuerycontentId2')]",
              "version": "[variables('huntingQueryVersion2')]"
            },
            {
              "kind": "HuntingQuery",
              "contentId": "[variables('_huntingQuerycontentId3')]",
              "version": "[variables('huntingQueryVersion3')]"
            },
            {
              "kind": "HuntingQuery",
              "contentId": "[variables('_huntingQuerycontentId4')]",
              "version": "[variables('huntingQueryVersion4')]"
            },
            {
              "kind": "HuntingQuery",
              "contentId": "[variables('_huntingQuerycontentId5')]",
              "version": "[variables('huntingQueryVersion5')]"
            },
            {
              "kind": "HuntingQuery",
              "contentId": "[variables('_huntingQuerycontentId6')]",
              "version": "[variables('huntingQueryVersion6')]"
            },
            {
              "kind": "HuntingQuery",
              "contentId": "[variables('_huntingQuerycontentId7')]",
              "version": "[variables('huntingQueryVersion7')]"
            },
            {
              "kind": "HuntingQuery",
              "contentId": "[variables('_huntingQuerycontentId8')]",
              "version": "[variables('huntingQueryVersion8')]"
            },
            {
              "kind": "AnalyticsRule",
              "contentId": "[variables('analyticRulecontentId1')]",
              "version": "[variables('analyticRuleVersion1')]"
            },
            {
              "kind": "AnalyticsRule",
              "contentId": "[variables('analyticRulecontentId2')]",
              "version": "[variables('analyticRuleVersion2')]"
            }
          ]
        },
        "firstPublishDate": "2022-11-16",
        "providers": [
          "Microsoft"
        ],
        "categories": {
          "domains": [
            "Security - Threat Protection",
            "Security - Cloud Security"
          ]
        }
      },
      "name": "[concat(parameters('workspace'),'/Microsoft.SecurityInsights/', variables('_solutionId'))]"
    }
  ],
  "outputs": {}
}
