{
  "$schema": "https://schema.management.azure.com/schemas/2019-04-01/deploymentTemplate.json#",
  "contentVersion": "1.0.0.0",
  "metadata": {
    "author": "Data443 Risk Mitigation, Inc. - support@data443.com",
    "comments": "Solution template for CyrenThreatIntelligence"
  },
  "parameters": {
    "location": {
      "type": "string",
      "minLength": 1,
      "defaultValue": "[resourceGroup().location]",
      "metadata": {
        "description": "Not used, but needed to pass arm-ttk test `Location-Should-Not-Be-Hardcoded`.  We instead use the `workspace-location` which is derived from the LA workspace"
      }
    },
    "workspace-location": {
      "type": "string",
      "defaultValue": "",
      "metadata": {
        "description": "[concat('Region to deploy solution resources -- separate from location selection',parameters('location'))]"
      }
    },
    "workspace": {
      "defaultValue": "",
      "type": "string",
      "metadata": {
        "description": "Workspace name for Log Analytics where Microsoft Sentinel is setup"
      }
    },
    "resourceGroupName": {
      "type": "string",
      "defaultValue": "[resourceGroup().name]",
      "metadata": {
        "description": "resource group name where Microsoft Sentinel is setup"
      }
    },
    "subscription": {
      "type": "string",
      "defaultValue": "[last(split(subscription().id, '/'))]",
      "metadata": {
        "description": "subscription id where Microsoft Sentinel is setup"
      }
    },
    "workbook1-name": {
      "type": "string",
      "defaultValue": "Cyren Threat Intelligence Dashboard",
      "minLength": 1,
      "metadata": {
        "description": "Name for the workbook"
      }
    },
    "cyrenIpReputationToken": {
      "type": "securestring",
      "minLength": 1,
      "metadata": {
        "description": "Cyren IP Reputation feed JWT token for authentication."
      }
    },
    "cyrenMalwareUrlToken": {
      "type": "securestring",
      "minLength": 1,
      "metadata": {
        "description": "Cyren Malware URL feed JWT token for authentication."
      }
    }
  },
  "variables": {
    "email": "support@data443.com",
    "_email": "[variables('email')]",
    "_solutionName": "CyrenThreatIntelligence",
    "_solutionVersion": "3.0.1",
    "solutionId": "data443.azure-sentinel-solution-cyren-threat-intelligence",
    "_solutionId": "[variables('solutionId')]",
    "workspaceResourceId": "[resourceId('microsoft.OperationalInsights/Workspaces', parameters('workspace'))]",
    "dataConnectorCCPVersion": "1.0.0",
    "_dataConnectorContentIdConnectorDefinition1": "CyrenThreatIntel",
    "dataConnectorTemplateNameConnectorDefinition1": "[concat(parameters('workspace'),'-dc-',uniquestring(variables('_dataConnectorContentIdConnectorDefinition1')))]",
    "_dataConnectorContentIdConnections1": "CyrenThreatIntelConnections",
    "dataConnectorTemplateNameConnections1": "[concat(parameters('workspace'),'-dc-',uniquestring(variables('_dataConnectorContentIdConnections1')))]",
    "dataCollectionEndpointId1": "[concat('/subscriptions/',parameters('subscription'),'/resourceGroups/',parameters('resourceGroupName'),'/providers/Microsoft.Insights/dataCollectionEndpoints/',parameters('workspace'))]",
    "dceName": "[concat('DCE-', parameters('workspace'))]",
    "cyrenDcrName": "[concat('DCR-Cyren-', parameters('workspace'))]",
    "blanks": "[replace('b', 'b', '')]",
    "analyticRuleObject1": {
      "analyticRuleVersion1": "1.0.0",
      "_analyticRulecontentId1": "5d7e8b3a-1f2c-4e5d-9a0b-c1d2e3f4a5b6",
      "analyticRuleId1": "[resourceId('Microsoft.SecurityInsights/AlertRuleTemplates', '5d7e8b3a-1f2c-4e5d-9a0b-c1d2e3f4a5b6')]",
      "analyticRuleTemplateSpecName1": "[concat(parameters('workspace'),'/Microsoft.SecurityInsights/',concat(parameters('workspace'),'-ar-',uniquestring('5d7e8b3a-1f2c-4e5d-9a0b-c1d2e3f4a5b6')))]",
      "_analyticRulecontentProductId1": "[concat(take(variables('_solutionId'),50),'-','ar','-', uniqueString(concat(variables('_solutionId'),'-','AnalyticsRule','-','5d7e8b3a-1f2c-4e5d-9a0b-c1d2e3f4a5b6','-', '1.0.0')))]"
    },
    "analyticRuleObject2": {
      "analyticRuleVersion2": "1.0.0",
      "_analyticRulecontentId2": "6e8f9c4b-2a3b-5c6d-0e1f-d2e3f4a5b6c7",
      "analyticRuleId2": "[resourceId('Microsoft.SecurityInsights/AlertRuleTemplates', '6e8f9c4b-2a3b-5c6d-0e1f-d2e3f4a5b6c7')]",
      "analyticRuleTemplateSpecName2": "[concat(parameters('workspace'),'/Microsoft.SecurityInsights/',concat(parameters('workspace'),'-ar-',uniquestring('6e8f9c4b-2a3b-5c6d-0e1f-d2e3f4a5b6c7')))]",
      "_analyticRulecontentProductId2": "[concat(take(variables('_solutionId'),50),'-','ar','-', uniqueString(concat(variables('_solutionId'),'-','AnalyticsRule','-','6e8f9c4b-2a3b-5c6d-0e1f-d2e3f4a5b6c7','-', '1.0.0')))]"
    },
    "analyticRuleObject3": {
      "analyticRuleVersion3": "1.0.0",
      "_analyticRulecontentId3": "7f9a0d5c-3b4c-6d7e-1f2a-e3f4a5b6c7d8",
      "analyticRuleId3": "[resourceId('Microsoft.SecurityInsights/AlertRuleTemplates', '7f9a0d5c-3b4c-6d7e-1f2a-e3f4a5b6c7d8')]",
      "analyticRuleTemplateSpecName3": "[concat(parameters('workspace'),'/Microsoft.SecurityInsights/',concat(parameters('workspace'),'-ar-',uniquestring('7f9a0d5c-3b4c-6d7e-1f2a-e3f4a5b6c7d8')))]",
      "_analyticRulecontentProductId3": "[concat(take(variables('_solutionId'),50),'-','ar','-', uniqueString(concat(variables('_solutionId'),'-','AnalyticsRule','-','7f9a0d5c-3b4c-6d7e-1f2a-e3f4a5b6c7d8','-', '1.0.0')))]"
    },
    "workbookVersion1": "1.0.0",
    "workbookContentId1": "CyrenThreatIntelligenceDashboard",
    "workbookId1": "[resourceId('Microsoft.Insights/workbooks', variables('workbookContentId1'))]",
    "workbookTemplateSpecName1": "[concat(parameters('workspace'),'/Microsoft.SecurityInsights/',concat(parameters('workspace'),'-wb-',uniquestring(variables('_workbookContentId1'))))]",
    "_workbookContentId1": "[variables('workbookContentId1')]",
    "_workbookcontentProductId1": "[concat(take(variables('_solutionId'),50),'-','wb','-', uniqueString(concat(variables('_solutionId'),'-','Workbook','-',variables('_workbookContentId1'),'-', variables('workbookVersion1'))))]",
    "_solutioncontentProductId": "[concat(take(variables('_solutionId'),50),'-','sl','-', uniqueString(concat(variables('_solutionId'),'-','Solution','-',variables('_solutionId'),'-', variables('_solutionVersion'))))]"
  },
  "resources": [
    {
      "type": "Microsoft.Insights/dataCollectionEndpoints",
      "apiVersion": "2024-03-11",
      "name": "[variables('dceName')]",
      "location": "[parameters('workspace-location')]",
      "properties": {
        "networkAcls": {
          "publicNetworkAccess": "Enabled"
        }
      }
    },
    {
      "type": "Microsoft.Insights/dataCollectionRules",
      "apiVersion": "2024-03-11",
      "name": "[variables('cyrenDcrName')]",
      "location": "[parameters('workspace-location')]",
      "dependsOn": [
        "[resourceId('Microsoft.Insights/dataCollectionEndpoints', variables('dceName'))]"
      ],
      "properties": {
        "dataCollectionEndpointId": "[resourceId('Microsoft.Insights/dataCollectionEndpoints', variables('dceName'))]",
        "streamDeclarations": {
          "Custom-Cyren_Indicators_CL": {
            "columns": [
              { "name": "TimeGenerated", "type": "datetime" },
              { "name": "payload", "type": "dynamic" },
              { "name": "timestamp", "type": "datetime" }
            ]
          }
        },
        "destinations": {
          "logAnalytics": [
            {
              "workspaceResourceId": "[variables('workspaceResourceId')]",
              "name": "clv2ws1"
            }
          ]
        },
        "dataFlows": [
          {
            "streams": ["Custom-Cyren_Indicators_CL"],
            "destinations": ["clv2ws1"],
            "transformKql": "source | extend p=todynamic(payload) | extend d=todynamic(p.detection), m=todynamic(p.meta) | extend url_str=tostring(p.url) | extend TimeGenerated=todatetime(timestamp), url_s=url_str, ip_s=tostring(p.identifier), domain_s=iif(isnotempty(url_str), tostring(split(split(url_str, '://')[1], '/')[0]), ''), fileHash_s='', protocol_s=tostring(m.protocol), port_d=toint(m.port), category_s=iif(isnull(d.category), '', strcat_array(d.category, ',')), risk_d=toint(d.risk), firstSeen_t=todatetime(p.first_seen), lastSeen_t=todatetime(p.last_seen), source_s='Cyren', relationships_s=tostring(p.relationships), detection_methods_s=iif(isnull(p.detection_methods), '', strcat_array(p.detection_methods, ',')), action_s=tostring(p.action), type_s=tostring(p.type), identifier_s=tostring(p.identifier), detection_ts_t=todatetime(d.detection_ts), object_type_s=tostring(m.object_type) | project TimeGenerated, url_s, ip_s, fileHash_s, domain_s, protocol_s, port_d, category_s, risk_d, firstSeen_t, lastSeen_t, source_s, relationships_s, detection_methods_s, action_s, type_s, identifier_s, detection_ts_t, object_type_s",
            "outputStream": "Custom-Cyren_Indicators_CL"
          }
        ]
      }
    },
    {
      "type": "Microsoft.OperationalInsights/workspaces/tables",
      "apiVersion": "2025-07-01",
      "name": "[concat(parameters('workspace'), '/Cyren_Indicators_CL')]",
      "dependsOn": [
        "[resourceId('Microsoft.Insights/dataCollectionRules', variables('cyrenDcrName'))]"
      ],
      "properties": {
        "retentionInDays": 4,
        "totalRetentionInDays": 4,
        "plan": "Analytics",
        "schema": {
          "name": "Cyren_Indicators_CL",
          "columns": [
            { "name": "TimeGenerated", "type": "datetime" },
            { "name": "url_s", "type": "string" },
            { "name": "ip_s", "type": "string" },
            { "name": "fileHash_s", "type": "string" },
            { "name": "domain_s", "type": "string" },
            { "name": "protocol_s", "type": "string" },
            { "name": "port_d", "type": "int" },
            { "name": "category_s", "type": "string" },
            { "name": "risk_d", "type": "int" },
            { "name": "firstSeen_t", "type": "datetime" },
            { "name": "lastSeen_t", "type": "datetime" },
            { "name": "source_s", "type": "string" },
            { "name": "relationships_s", "type": "string" },
            { "name": "detection_methods_s", "type": "string" },
            { "name": "action_s", "type": "string" },
            { "name": "type_s", "type": "string" },
            { "name": "identifier_s", "type": "string" },
            { "name": "detection_ts_t", "type": "datetime" },
            { "name": "object_type_s", "type": "string" }
          ]
        }
      }
    },
    {
      "type": "Microsoft.OperationalInsights/workspaces/providers/dataConnectors",
      "apiVersion": "2025-09-01",
      "name": "[concat(parameters('workspace'), '/Microsoft.SecurityInsights/', 'CyrenIpReputation')]",
      "location": "[parameters('workspace-location')]",
      "dependsOn": [
        "[resourceId('Microsoft.Insights/dataCollectionEndpoints', variables('dceName'))]",
        "[resourceId('Microsoft.Insights/dataCollectionRules', variables('cyrenDcrName'))]",
        "[resourceId('Microsoft.OperationalInsights/workspaces/tables', parameters('workspace'), 'Cyren_Indicators_CL')]"
      ],
      "kind": "RestApiPoller",
      "properties": {
        "connectorDefinitionName": "CyrenThreatIntel",
        "dataType": "Cyren_Indicators_CL",
        "dcrConfig": {
          "streamName": "Custom-Cyren_Indicators_CL",
          "dataCollectionEndpoint": "[reference(resourceId('Microsoft.Insights/dataCollectionEndpoints', variables('dceName')), '2024-03-11').logsIngestion.endpoint]",
          "dataCollectionRuleImmutableId": "[reference(resourceId('Microsoft.Insights/dataCollectionRules', variables('cyrenDcrName')), '2024-03-11').immutableId]"
        },
        "auth": {
          "type": "APIKey",
          "ApiKeyName": "Authorization",
          "ApiKeyIdentifier": "Bearer",
          "ApiKey": "[parameters('cyrenIpReputationToken')]"
        },
        "request": {
          "apiEndpoint": "https://api-feeds.cyren.com/v1/feed/data?feedId=ip_reputation",
          "httpMethod": "GET",
          "queryParameters": {
            "count": 100,
            "format": "jsonl"
          },
          "queryWindowInMin": 360,
          "queryTimeFormat": "yyyy-MM-ddTHH:mm:ss.fffZ",
          "startTimeAttributeName": "startTime",
          "endTimeAttributeName": "endTime",
          "rateLimitQps": 1,
          "retryCount": 3,
          "timeoutInSeconds": 60,
          "headers": {
            "Accept": "application/json",
            "User-Agent": "Microsoft-Sentinel-Cyren/1.0"
          }
        },
        "paging": {
          "pagingType": "None"
        },
        "response": {
          "eventsJsonPaths": ["$"],
          "format": "jsonl"
        }
      }
    },
    {
      "type": "Microsoft.OperationalInsights/workspaces/providers/dataConnectors",
      "apiVersion": "2025-09-01",
      "name": "[concat(parameters('workspace'), '/Microsoft.SecurityInsights/', 'CyrenMalwareUrls')]",
      "location": "[parameters('workspace-location')]",
      "dependsOn": [
        "[resourceId('Microsoft.Insights/dataCollectionEndpoints', variables('dceName'))]",
        "[resourceId('Microsoft.Insights/dataCollectionRules', variables('cyrenDcrName'))]",
        "[resourceId('Microsoft.OperationalInsights/workspaces/tables', parameters('workspace'), 'Cyren_Indicators_CL')]"
      ],
      "kind": "RestApiPoller",
      "properties": {
        "connectorDefinitionName": "CyrenThreatIntel",
        "dataType": "Cyren_Indicators_CL",
        "dcrConfig": {
          "streamName": "Custom-Cyren_Indicators_CL",
          "dataCollectionEndpoint": "[reference(resourceId('Microsoft.Insights/dataCollectionEndpoints', variables('dceName')), '2024-03-11').logsIngestion.endpoint]",
          "dataCollectionRuleImmutableId": "[reference(resourceId('Microsoft.Insights/dataCollectionRules', variables('cyrenDcrName')), '2024-03-11').immutableId]"
        },
        "auth": {
          "type": "APIKey",
          "ApiKeyName": "Authorization",
          "ApiKeyIdentifier": "Bearer",
          "ApiKey": "[parameters('cyrenMalwareUrlToken')]"
        },
        "request": {
          "apiEndpoint": "https://api-feeds.cyren.com/v1/feed/data?feedId=malware_urls",
          "httpMethod": "GET",
          "queryParameters": {
            "count": 100,
            "format": "jsonl"
          },
          "queryWindowInMin": 360,
          "queryTimeFormat": "yyyy-MM-ddTHH:mm:ss.fffZ",
          "startTimeAttributeName": "startTime",
          "endTimeAttributeName": "endTime",
          "rateLimitQps": 1,
          "retryCount": 3,
          "timeoutInSeconds": 60,
          "headers": {
            "Accept": "application/json",
            "User-Agent": "Microsoft-Sentinel-Cyren/1.0"
          }
        },
        "paging": {
          "pagingType": "None"
        },
        "response": {
          "eventsJsonPaths": ["$"],
          "format": "jsonl"
        }
      }
    },
    {
      "type": "Microsoft.OperationalInsights/workspaces/providers/contentTemplates",
      "apiVersion": "2025-09-01",
      "name": "[concat(parameters('workspace'),'/Microsoft.SecurityInsights/', variables('dataConnectorTemplateNameConnectorDefinition1'), variables('dataConnectorCCPVersion'))]",
      "location": "[parameters('workspace-location')]",
      "dependsOn": [
        "[extensionResourceId(resourceId('Microsoft.OperationalInsights/workspaces', parameters('workspace')), 'Microsoft.SecurityInsights/contentPackages', variables('_solutionId'))]"
      ],
      "properties": {
        "contentId": "[variables('_dataConnectorContentIdConnectorDefinition1')]",
        "displayName": "Cyren Threat Intelligence",
        "contentKind": "DataConnector",
        "mainTemplate": {
          "$schema": "https://schema.management.azure.com/schemas/2019-04-01/deploymentTemplate.json#",
          "contentVersion": "[variables('dataConnectorCCPVersion')]",
          "parameters": {},
          "variables": {},
          "resources": [
            {
              "name": "[concat(parameters('workspace'),'/Microsoft.SecurityInsights/',variables('_dataConnectorContentIdConnectorDefinition1'))]",
              "apiVersion": "2025-09-01",
              "type": "Microsoft.OperationalInsights/workspaces/providers/dataConnectorDefinitions",
              "location": "[parameters('workspace-location')]",
              "kind": "Customizable",
              "properties": {
                "connectorUiConfig": {
                  "id": "CyrenThreatIntel",
                  "connectorId": "CyrenThreatIntel",
                  "title": "Cyren Threat Intelligence",
                  "publisher": "Cyren",
                  "descriptionMarkdown": "Ingest IP reputation and malware URL indicators from Cyren using the Common Connector Framework (CCF).",
                  "graphQueriesTableName": "Cyren_Indicators_CL",
                  "graphQueries": [
                    {
                      "metricName": "Total Cyren indicators received",
                      "legend": "Cyren Indicators",
                      "baseQuery": "Cyren_Indicators_CL"
                    }
                  ],
                  "sampleQueries": [
                    {
                      "description": "High-risk indicators (last 7 days)",
                      "query": "Cyren_Indicators_CL | where TimeGenerated >= ago(7d) | where risk_d >= 70 | project TimeGenerated, indicator_s, type_s, risk_d, category_s, source_s"
                    }
                  ],
                  "dataTypes": [
                    {
                      "name": "Cyren_Indicators_CL",
                      "lastDataReceivedQuery": "Cyren_Indicators_CL | summarize Time = max(TimeGenerated) | where isnotempty(Time)"
                    }
                  ],
                  "connectivityCriteria": [
                    {
                      "type": "HasDataConnectors"
                    }
                  ],
                  "availability": {
                    "status": "Available",
                    "isPreview": false
                  },
                  "permissions": {
                    "resourceProvider": [
                      {
                        "provider": "Microsoft.OperationalInsights/workspaces",
                        "permissionsDisplayText": "Read and write permissions required",
                        "providerDisplayName": "Workspace",
                        "scope": "Workspace",
                        "requiredPermissions": {
                          "write": true,
                          "read": true,
                          "delete": false
                        }
                      }
                    ],
                    "customs": [
                      {
                        "name": "Cyren JWT Tokens",
                        "description": "JWT tokens stored in Azure Key Vault or provided at deployment time."
                      }
                    ]
                  },
                  "instructionSteps": [
                    {
                      "title": "Connect Cyren Threat Intelligence",
                      "description": "To enable the Cyren Threat Intelligence connector, provide your JWT tokens below and click Connect.\n\n>For enhanced security, you can enable Key Vault integration to store and retrieve the JWT tokens.",
                      "instructions": [
                        {
                          "type": "Textbox",
                          "parameters": {
                            "label": "IP Reputation JWT Token",
                            "placeholder": "Enter your IP Reputation feed JWT token",
                            "type": "password",
                            "name": "cyrenIpReputationToken"
                          }
                        },
                        {
                          "type": "Textbox",
                          "parameters": {
                            "label": "Malware URL JWT Token",
                            "placeholder": "Enter your Malware URL feed JWT token",
                            "type": "password",
                            "name": "cyrenMalwareUrlToken"
                          }
                        },
                        {
                          "type": "ConnectionToggleButton",
                          "parameters": {
                            "connectLabel": "Connect",
                            "name": "connect"
                          }
                        }
                      ]
                    }
                  ]
                }
              }
            },
            {
              "name": "[concat(parameters('workspace'),'/Microsoft.SecurityInsights/',concat('DataConnector-', variables('_dataConnectorContentIdConnectorDefinition1')))]",
              "apiVersion": "2025-09-01",
              "type": "Microsoft.OperationalInsights/workspaces/providers/metadata",
              "properties": {
                "parentId": "[extensionResourceId(resourceId('Microsoft.OperationalInsights/workspaces', parameters('workspace')), 'Microsoft.SecurityInsights/dataConnectorDefinitions', variables('_dataConnectorContentIdConnectorDefinition1'))]",
                "contentId": "[variables('_dataConnectorContentIdConnectorDefinition1')]",
                "kind": "DataConnector",
                "version": "[variables('dataConnectorCCPVersion')]",
                "source": {
                  "sourceId": "[variables('_solutionId')]",
                  "name": "[variables('_solutionName')]",
                  "kind": "Solution"
                },
                "author": {
                  "name": "Data443 Risk Mitigation, Inc.",
                  "email": "[variables('_email')]"
                },
                "support": {
                  "name": "Data443 Risk Mitigation, Inc.",
                  "email": "support@data443.com",
                  "tier": "Partner",
                  "link": "https://www.data443.com"
                },
                "dependencies": {
                  "criteria": [
                    {
                      "version": "[variables('dataConnectorCCPVersion')]",
                      "contentId": "[variables('_dataConnectorContentIdConnections1')]",
                      "kind": "ResourcesDataConnector"
                    }
                  ]
                }
              }
            },
            {
              "name": "dcr-cyren-ip-reputation",
              "apiVersion": "2024-03-11",
              "type": "Microsoft.Insights/dataCollectionRules",
              "location": "[parameters('workspace-location')]",
              "kind": "[variables('blanks')]",
              "properties": {
                "dataCollectionEndpointId": "[variables('dataCollectionEndpointId1')]",
                "streamDeclarations": {
                  "Custom-Cyren_Indicators_CL": {
                    "columns": [
                      {
                        "name": "TimeGenerated",
                        "type": "datetime"
                      },
                      {
                        "name": "payload",
                        "type": "dynamic"
                      },
                      {
                        "name": "timestamp",
                        "type": "datetime"
                      },
                      {
                        "name": "url_s",
                        "type": "string"
                      },
                      {
                        "name": "ip_s",
                        "type": "string"
                      },
                      {
                        "name": "fileHash_s",
                        "type": "string"
                      },
                      {
                        "name": "domain_s",
                        "type": "string"
                      },
                      {
                        "name": "protocol_s",
                        "type": "string"
                      },
                      {
                        "name": "port_d",
                        "type": "int"
                      },
                      {
                        "name": "category_s",
                        "type": "string"
                      },
                      {
                        "name": "risk_d",
                        "type": "int"
                      },
                      {
                        "name": "firstSeen_t",
                        "type": "datetime"
                      },
                      {
                        "name": "lastSeen_t",
                        "type": "datetime"
                      },
                      {
                        "name": "source_s",
                        "type": "string"
                      },
                      {
                        "name": "relationships_s",
                        "type": "string"
                      },
                      {
                        "name": "detection_methods_s",
                        "type": "string"
                      },
                      {
                        "name": "action_s",
                        "type": "string"
                      },
                      {
                        "name": "type_s",
                        "type": "string"
                      },
                      {
                        "name": "identifier_s",
                        "type": "string"
                      },
                      {
                        "name": "detection_ts_t",
                        "type": "datetime"
                      },
                      {
                        "name": "object_type_s",
                        "type": "string"
                      }
                    ]
                  }
                },
                "destinations": {
                  "logAnalytics": [
                    {
                      "workspaceResourceId": "[variables('workspaceResourceId')]",
                      "name": "clv2ws1"
                    }
                  ]
                },
                "dataFlows": [
                  {
                    "streams": [
                      "Custom-Cyren_Indicators_CL"
                    ],
                    "destinations": [
                      "clv2ws1"
                    ],
                    "transformKql": "source | extend p=todynamic(payload) | extend d=todynamic(p.detection), m=todynamic(p.meta) | extend url_str=tostring(p.url) | extend TimeGenerated=todatetime(timestamp), url_s=url_str, ip_s=tostring(p.identifier), domain_s=iif(isnotempty(url_str), tostring(split(split(url_str, '://')[1], '/')[0]), ''), fileHash_s='', protocol_s=tostring(m.protocol), port_d=toint(m.port), category_s=iif(isnull(d.category), '', strcat_array(d.category, ',')), risk_d=toint(d.risk), firstSeen_t=todatetime(p.first_seen), lastSeen_t=todatetime(p.last_seen), source_s='Cyren IP Reputation', relationships_s=tostring(p.relationships), detection_methods_s=iif(isnull(p.detection_methods), '', strcat_array(p.detection_methods, ',')), action_s=tostring(p.action), type_s=tostring(p.type), identifier_s=tostring(p.identifier), detection_ts_t=todatetime(d.detection_ts), object_type_s=tostring(m.object_type) | project TimeGenerated, url_s, ip_s, fileHash_s, domain_s, protocol_s, port_d, category_s, risk_d, firstSeen_t, lastSeen_t, source_s, relationships_s, detection_methods_s, action_s, type_s, identifier_s, detection_ts_t, object_type_s",
                    "outputStream": "Custom-Cyren_Indicators_CL"
                  }
                ]
              }
            },
            {
              "name": "Cyren_Indicators_CL",
              "apiVersion": "2025-07-01",
              "type": "Microsoft.OperationalInsights/workspaces/tables",
              "location": "[parameters('workspace-location')]",
              "properties": {
                "retentionInDays": 4,
                "totalRetentionInDays": 4,
                "plan": "Analytics",
                "schema": {
                  "name": "Cyren_Indicators_CL",
                  "columns": [
                    {
                      "name": "TimeGenerated",
                      "type": "datetime"
                    },
                    {
                      "name": "url_s",
                      "type": "string"
                    },
                    {
                      "name": "ip_s",
                      "type": "string"
                    },
                    {
                      "name": "fileHash_s",
                      "type": "string"
                    },
                    {
                      "name": "domain_s",
                      "type": "string"
                    },
                    {
                      "name": "protocol_s",
                      "type": "string"
                    },
                    {
                      "name": "port_d",
                      "type": "int"
                    },
                    {
                      "name": "category_s",
                      "type": "string"
                    },
                    {
                      "name": "risk_d",
                      "type": "int"
                    },
                    {
                      "name": "firstSeen_t",
                      "type": "datetime"
                    },
                    {
                      "name": "lastSeen_t",
                      "type": "datetime"
                    },
                    {
                      "name": "source_s",
                      "type": "string"
                    },
                    {
                      "name": "relationships_s",
                      "type": "string"
                    },
                    {
                      "name": "detection_methods_s",
                      "type": "string"
                    },
                    {
                      "name": "action_s",
                      "type": "string"
                    },
                    {
                      "name": "type_s",
                      "type": "string"
                    },
                    {
                      "name": "identifier_s",
                      "type": "string"
                    },
                    {
                      "name": "detection_ts_t",
                      "type": "datetime"
                    },
                    {
                      "name": "object_type_s",
                      "type": "string"
                    }
                  ]
                }
              }
            }
          ]
        },
        "packageKind": "Solution",
        "packageVersion": "[variables('_solutionVersion')]",
        "packageName": "[variables('_solutionName')]",
        "contentProductId": "[concat(take(variables('_solutionId'), 50),'-','dc','-', uniqueString(concat(variables('_solutionId'),'-','DataConnector','-',variables('_dataConnectorContentIdConnectorDefinition1'),'-', variables('dataConnectorCCPVersion'))))]",
        "packageId": "[variables('_solutionId')]",
        "contentSchemaVersion": "3.0.0",
        "version": "[variables('dataConnectorCCPVersion')]"
      }
    },
    {
      "name": "[concat(parameters('workspace'),'/Microsoft.SecurityInsights/',variables('_dataConnectorContentIdConnectorDefinition1'))]",
      "apiVersion": "2025-09-01",
      "type": "Microsoft.OperationalInsights/workspaces/providers/dataConnectorDefinitions",
      "location": "[parameters('workspace-location')]",
      "kind": "Customizable",
      "properties": {
        "connectorUiConfig": {
          "id": "CyrenThreatIntel",
          "connectorId": "CyrenThreatIntel",
          "title": "Cyren Threat Intelligence",
          "publisher": "Cyren",
          "descriptionMarkdown": "Ingest IP reputation and malware URL indicators from Cyren using the Common Connector Framework (CCF).",
          "graphQueriesTableName": "Cyren_Indicators_CL",
          "graphQueries": [
            {
              "metricName": "Total Cyren indicators received",
              "legend": "Cyren Indicators",
              "baseQuery": "Cyren_Indicators_CL"
            }
          ],
          "sampleQueries": [
            {
              "description": "High-risk indicators (last 7 days)",
              "query": "Cyren_Indicators_CL | where TimeGenerated >= ago(7d) | where risk_d >= 70 | project TimeGenerated, indicator_s, type_s, risk_d, category_s, source_s"
            }
          ],
          "dataTypes": [
            {
              "name": "Cyren_Indicators_CL",
              "lastDataReceivedQuery": "Cyren_Indicators_CL | summarize Time = max(TimeGenerated) | where isnotempty(Time)"
            }
          ],
          "connectivityCriteria": [
            {
              "type": "HasDataConnectors"
            }
          ],
          "availability": {
            "status": "Available",
            "isPreview": false
          },
          "permissions": {
            "resourceProvider": [
              {
                "provider": "Microsoft.OperationalInsights/workspaces",
                "permissionsDisplayText": "Read and write permissions required",
                "providerDisplayName": "Workspace",
                "scope": "Workspace",
                "requiredPermissions": {
                  "write": true,
                  "read": true,
                  "delete": false
                }
              }
            ],
            "customs": [
              {
                "name": "Cyren JWT Tokens",
                "description": "JWT tokens stored in Azure Key Vault or provided at deployment time."
              }
            ]
          },
          "instructionSteps": [
            {
              "title": "Connect Cyren Threat Intelligence",
              "description": "To enable the Cyren Threat Intelligence connector, provide your JWT tokens below and click Connect.\n\n>For enhanced security, you can enable Key Vault integration to store and retrieve the JWT tokens.",
              "instructions": [
                {
                  "type": "Textbox",
                  "parameters": {
                    "label": "IP Reputation JWT Token",
                    "placeholder": "Enter your IP Reputation feed JWT token",
                    "type": "password",
                    "name": "cyrenIpReputationToken"
                  }
                },
                {
                  "type": "Textbox",
                  "parameters": {
                    "label": "Malware URL JWT Token",
                    "placeholder": "Enter your Malware URL feed JWT token",
                    "type": "password",
                    "name": "cyrenMalwareUrlToken"
                  }
                },
                {
                  "type": "ConnectionToggleButton",
                  "parameters": {
                    "connectLabel": "Connect",
                    "name": "connect"
                  }
                }
              ]
            }
          ]
        }
      }
    },
    {
      "name": "[concat(parameters('workspace'),'/Microsoft.SecurityInsights/',concat('DataConnector-', variables('_dataConnectorContentIdConnectorDefinition1')))]",
      "apiVersion": "2025-09-01",
      "type": "Microsoft.OperationalInsights/workspaces/providers/metadata",
      "properties": {
        "parentId": "[extensionResourceId(resourceId('Microsoft.OperationalInsights/workspaces', parameters('workspace')), 'Microsoft.SecurityInsights/dataConnectorDefinitions', variables('_dataConnectorContentIdConnectorDefinition1'))]",
        "contentId": "[variables('_dataConnectorContentIdConnectorDefinition1')]",
        "kind": "DataConnector",
        "version": "[variables('dataConnectorCCPVersion')]",
        "source": {
          "sourceId": "[variables('_solutionId')]",
          "name": "[variables('_solutionName')]",
          "kind": "Solution"
        },
        "author": {
          "name": "Data443 Risk Mitigation, Inc.",
          "email": "[variables('_email')]"
        },
        "support": {
          "name": "Data443 Risk Mitigation, Inc.",
          "email": "support@data443.com",
          "tier": "Partner",
          "link": "https://www.data443.com"
        },
        "dependencies": {
          "criteria": [
            {
              "version": "[variables('dataConnectorCCPVersion')]",
              "contentId": "[variables('_dataConnectorContentIdConnections1')]",
              "kind": "ResourcesDataConnector"
            }
          ]
        }
      }
    },
    {
      "type": "Microsoft.OperationalInsights/workspaces/providers/contentTemplates",
      "apiVersion": "2025-09-01",
      "name": "[concat(parameters('workspace'),'/Microsoft.SecurityInsights/', variables('dataConnectorTemplateNameConnections1'), variables('dataConnectorCCPVersion'))]",
      "location": "[parameters('workspace-location')]",
      "dependsOn": [
        "[extensionResourceId(resourceId('Microsoft.OperationalInsights/workspaces', parameters('workspace')), 'Microsoft.SecurityInsights/contentPackages', variables('_solutionId'))]"
      ],
      "properties": {
        "contentId": "[variables('_dataConnectorContentIdConnections1')]",
        "displayName": "Cyren Threat Intelligence",
        "contentKind": "ResourcesDataConnector",
        "mainTemplate": {
          "$schema": "https://schema.management.azure.com/schemas/2019-04-01/deploymentTemplate.json#",
          "contentVersion": "[variables('dataConnectorCCPVersion')]",
          "parameters": {
            "guidValue": {
              "defaultValue": "[[newGuid()]",
              "type": "securestring"
            },
            "innerWorkspace": {
              "defaultValue": "[parameters('workspace')]",
              "type": "securestring"
            },
            "connectorDefinitionName": {
              "defaultValue": "Cyren Threat Intelligence",
              "type": "securestring",
              "minLength": 1
            },
            "workspace": {
              "defaultValue": "[parameters('workspace')]",
              "type": "securestring"
            },
            "dcrConfig": {
              "defaultValue": {
                "dataCollectionEndpoint": "data collection Endpoint",
                "dataCollectionRuleImmutableId": "data collection rule immutableId"
              },
              "type": "object"
            },
            "cyrenIpReputationToken": {
              "defaultValue": "cyrenIpReputationToken",
              "type": "securestring",
              "minLength": 1
            },
            "cyrenMalwareUrlToken": {
              "defaultValue": "cyrenMalwareUrlToken",
              "type": "securestring",
              "minLength": 1
            }
          },
          "variables": {
            "_dataConnectorContentIdConnections1": "[variables('_dataConnectorContentIdConnections1')]"
          },
          "resources": [
            {
              "name": "[concat(parameters('workspace'),'/Microsoft.SecurityInsights/',concat('DataConnector-', variables('_dataConnectorContentIdConnections1')))]",
              "apiVersion": "2025-09-01",
              "type": "Microsoft.OperationalInsights/workspaces/providers/metadata",
              "properties": {
                "parentId": "[extensionResourceId(resourceId('Microsoft.OperationalInsights/workspaces', parameters('workspace')), 'Microsoft.SecurityInsights/dataConnectors', variables('_dataConnectorContentIdConnections1'))]",
                "contentId": "[variables('_dataConnectorContentIdConnections1')]",
                "kind": "ResourcesDataConnector",
                "version": "[variables('dataConnectorCCPVersion')]",
                "source": {
                  "sourceId": "[variables('_solutionId')]",
                  "name": "[variables('_solutionName')]",
                  "kind": "Solution"
                },
                "author": {
                  "name": "Data443 Risk Mitigation, Inc.",
                  "email": "[variables('_email')]"
                },
                "support": {
                  "name": "Data443 Risk Mitigation, Inc.",
                  "email": "support@data443.com",
                  "tier": "Partner",
                  "link": "https://www.data443.com"
                }
              }
            },
            {
              "name": "[[concat(parameters('innerWorkspace'),'/Microsoft.SecurityInsights/', 'CyrenIPReputation', parameters('guidValue'))]",
              "apiVersion": "2025-09-01",
              "type": "Microsoft.OperationalInsights/workspaces/providers/dataConnectors",
              "location": "[parameters('workspace-location')]",
              "kind": "RestApiPoller",
              "properties": {
                "connectorDefinitionName": "CyrenThreatIntel",
                "dataType": "Cyren_Indicators_CL",
                "dcrConfig": {
                  "streamName": "Custom-Cyren_Indicators_CL",
                  "dataCollectionEndpoint": "[[parameters('dcrConfig').dataCollectionEndpoint]",
                  "dataCollectionRuleImmutableId": "[[parameters('dcrConfig').dataCollectionRuleImmutableId]"
                },
                "auth": {
                  "type": "APIKey",
                  "ApiKeyName": "Authorization",
                  "ApiKeyIdentifier": "Bearer",
                  "ApiKey": "[[parameters('cyrenIpReputationToken')]"
                },
                "request": {
                  "apiEndpoint": "https://api-feeds.cyren.com/v1/feed/data?feedId=ip_reputation",
                  "httpMethod": "GET",
                  "queryParameters": {
                    "count": 100,
                    "format": "jsonl"
                  },
                  "queryWindowInMin": 360,
                  "queryTimeFormat": "yyyy-MM-ddTHH:mm:ss.fffZ",
                  "startTimeAttributeName": "startTime",
                  "endTimeAttributeName": "endTime",
                  "rateLimitQps": 1,
                  "retryCount": 3,
                  "timeoutInSeconds": 60,
                  "headers": {
                    "Accept": "application/json",
                    "User-Agent": "Microsoft-Sentinel-Cyren/1.0"
                  }
                },
                "paging": {
                  "pagingType": "None"
                },
                "response": {
                  "eventsJsonPaths": [
                    "$"
                  ],
                  "format": "jsonl"
                }
              }
            },
            {
              "name": "[[concat(parameters('innerWorkspace'),'/Microsoft.SecurityInsights/', 'CyrenMalwareURLs', parameters('guidValue'))]",
              "apiVersion": "2025-09-01",
              "type": "Microsoft.OperationalInsights/workspaces/providers/dataConnectors",
              "location": "[parameters('workspace-location')]",
              "kind": "RestApiPoller",
              "properties": {
                "connectorDefinitionName": "CyrenThreatIntel",
                "dataType": "Cyren_Indicators_CL",
                "dcrConfig": {
                  "streamName": "Custom-Cyren_Indicators_CL",
                  "dataCollectionEndpoint": "[[parameters('dcrConfig').dataCollectionEndpoint]",
                  "dataCollectionRuleImmutableId": "[[parameters('dcrConfig').dataCollectionRuleImmutableId]"
                },
                "auth": {
                  "type": "APIKey",
                  "ApiKeyName": "Authorization",
                  "ApiKeyIdentifier": "Bearer",
                  "ApiKey": "[[parameters('cyrenMalwareUrlToken')]"
                },
                "request": {
                  "apiEndpoint": "https://api-feeds.cyren.com/v1/feed/data?feedId=malware_urls",
                  "httpMethod": "GET",
                  "queryParameters": {
                    "count": 100,
                    "format": "jsonl"
                  },
                  "queryWindowInMin": 360,
                  "queryTimeFormat": "yyyy-MM-ddTHH:mm:ss.fffZ",
                  "startTimeAttributeName": "startTime",
                  "endTimeAttributeName": "endTime",
                  "rateLimitQps": 1,
                  "retryCount": 3,
                  "timeoutInSeconds": 60,
                  "headers": {
                    "Accept": "application/json",
                    "User-Agent": "Microsoft-Sentinel-Cyren/1.0"
                  }
                },
                "paging": {
                  "pagingType": "None"
                },
                "response": {
                  "eventsJsonPaths": [
                    "$"
                  ],
                  "format": "jsonl"
                }
              }
            }
          ]
        },
        "packageKind": "Solution",
        "packageVersion": "[variables('_solutionVersion')]",
        "packageName": "[variables('_solutionName')]",
        "contentProductId": "[concat(take(variables('_solutionId'), 50),'-','rdc','-', uniqueString(concat(variables('_solutionId'),'-','ResourcesDataConnector','-',variables('_dataConnectorContentIdConnections1'),'-', variables('dataConnectorCCPVersion'))))]",
        "packageId": "[variables('_solutionId')]",
        "contentSchemaVersion": "3.0.0",
        "version": "[variables('dataConnectorCCPVersion')]"
      }
    },
    {
      "type": "Microsoft.OperationalInsights/workspaces/providers/contentTemplates",
      "apiVersion": "2025-09-01",
      "name": "[variables('analyticRuleObject1').analyticRuleTemplateSpecName1]",
      "location": "[parameters('workspace-location')]",
      "dependsOn": [
        "[extensionResourceId(resourceId('Microsoft.OperationalInsights/workspaces', parameters('workspace')), 'Microsoft.SecurityInsights/contentPackages', variables('_solutionId'))]"
      ],
      "properties": {
        "description": "Cyren - High Risk IP Indicators_AnalyticalRules Analytics Rule with template version 3.0.0",
        "mainTemplate": {
          "$schema": "https://schema.management.azure.com/schemas/2019-04-01/deploymentTemplate.json#",
          "contentVersion": "[variables('analyticRuleObject1').analyticRuleVersion1]",
          "parameters": {},
          "variables": {},
          "resources": [
            {
              "type": "Microsoft.SecurityInsights/AlertRuleTemplates",
              "name": "[variables('analyticRuleObject1')._analyticRulecontentId1]",
              "apiVersion": "2025-09-01",
              "kind": "Scheduled",
              "location": "[parameters('workspace-location')]",
              "properties": {
                "description": "Detects high-risk IP indicators (risk score >= 80) from Cyren threat intelligence feeds in the last 24 hours.\nThese IPs are associated with malicious activity such as malware distribution, phishing, or botnet command and control.",
                "displayName": "Cyren High-Risk IP Indicators",
                "enabled": false,
                "query": "Cyren_Indicators_CL\n| where TimeGenerated > ago(1d)\n| where isnotempty(ip_s)\n| extend Risk = toint(risk_d)\n| where Risk >= 80\n| summarize \n    DetectionCount = count(), \n    MaxRisk = max(Risk), \n    Categories = make_set(category_s) \n  by IP = ip_s, Source = source_s\n| where DetectionCount >= 1\n| extend \n    IPAddress = IP,\n    ThreatCategories = strcat_array(Categories, \", \")\n",
                "queryFrequency": "PT1H",
                "queryPeriod": "P1D",
                "severity": "High",
                "suppressionDuration": "PT1H",
                "suppressionEnabled": false,
                "triggerOperator": "GreaterThan",
                "triggerThreshold": 0,
                "status": "Available",
                "requiredDataConnectors": [
                  {
                    "connectorId": "CyrenThreatIntel",
                    "dataTypes": [
                      "Cyren_Indicators_CL"
                    ]
                  }
                ],
                "tactics": [
                  "CommandAndControl",
                  "Impact"
                ],
                "techniques": [
                  "T1071",
                  "T1568"
                ],
                "entityMappings": [
                  {
                    "entityType": "IP",
                    "fieldMappings": [
                      {
                        "identifier": "Address",
                        "columnName": "IPAddress"
                      }
                    ]
                  }
                ],
                "eventGroupingSettings": {
                  "aggregationKind": "AlertPerResult"
                },
                "customDetails": {
                  "Source": "Source",
                  "DetectionCount": "DetectionCount",
                  "Categories": "ThreatCategories",
                  "RiskScore": "MaxRisk"
                },
                "incidentConfiguration": {
                  "groupingConfiguration": {
                    "matchingMethod": "Selected",
                    "enabled": true,
                    "groupByEntities": [
                      "IP"
                    ],
                    "reopenClosedIncident": false,
                    "lookbackDuration": "1d"
                  },
                  "createIncident": true
                }
              }
            },
            {
              "type": "Microsoft.OperationalInsights/workspaces/providers/metadata",
              "apiVersion": "2025-09-01",
              "name": "[concat(parameters('workspace'),'/Microsoft.SecurityInsights/',concat('AnalyticsRule-', last(split(variables('analyticRuleObject1').analyticRuleId1,'/'))))]",
              "properties": {
                "description": "CyrenThreatIntelligence Analytics Rule 1",
                "parentId": "[variables('analyticRuleObject1').analyticRuleId1]",
                "contentId": "[variables('analyticRuleObject1')._analyticRulecontentId1]",
                "kind": "AnalyticsRule",
                "version": "[variables('analyticRuleObject1').analyticRuleVersion1]",
                "source": {
                  "kind": "Solution",
                  "name": "CyrenThreatIntelligence",
                  "sourceId": "[variables('_solutionId')]"
                },
                "author": {
                  "name": "Data443 Risk Mitigation, Inc.",
                  "email": "[variables('_email')]"
                },
                "support": {
                  "name": "Data443 Risk Mitigation, Inc.",
                  "email": "support@data443.com",
                  "tier": "Partner",
                  "link": "https://www.data443.com"
                }
              }
            }
          ]
        },
        "packageKind": "Solution",
        "packageVersion": "[variables('_solutionVersion')]",
        "packageName": "[variables('_solutionName')]",
        "packageId": "[variables('_solutionId')]",
        "contentSchemaVersion": "3.0.0",
        "contentId": "[variables('analyticRuleObject1')._analyticRulecontentId1]",
        "contentKind": "AnalyticsRule",
        "displayName": "Cyren High-Risk IP Indicators",
        "contentProductId": "[variables('analyticRuleObject1')._analyticRulecontentProductId1]",
        "id": "[variables('analyticRuleObject1')._analyticRulecontentProductId1]",
        "version": "[variables('analyticRuleObject1').analyticRuleVersion1]"
      }
    },
    {
      "type": "Microsoft.OperationalInsights/workspaces/providers/contentTemplates",
      "apiVersion": "2025-09-01",
      "name": "[variables('analyticRuleObject2').analyticRuleTemplateSpecName2]",
      "location": "[parameters('workspace-location')]",
      "dependsOn": [
        "[extensionResourceId(resourceId('Microsoft.OperationalInsights/workspaces', parameters('workspace')), 'Microsoft.SecurityInsights/contentPackages', variables('_solutionId'))]"
      ],
      "properties": {
        "description": "Cyren - High Risk URL Indicators_AnalyticalRules Analytics Rule with template version 3.0.0",
        "mainTemplate": {
          "$schema": "https://schema.management.azure.com/schemas/2019-04-01/deploymentTemplate.json#",
          "contentVersion": "[variables('analyticRuleObject2').analyticRuleVersion2]",
          "parameters": {},
          "variables": {},
          "resources": [
            {
              "type": "Microsoft.SecurityInsights/AlertRuleTemplates",
              "name": "[variables('analyticRuleObject2')._analyticRulecontentId2]",
              "apiVersion": "2025-09-01",
              "kind": "Scheduled",
              "location": "[parameters('workspace-location')]",
              "properties": {
                "description": "Detects high-risk URL indicators (risk score >= 80) from Cyren malware URL threat intelligence feeds in the last 24 hours.\nThese URLs are associated with malware distribution, phishing campaigns, or other malicious content hosting.",
                "displayName": "Cyren High-Risk URL Indicators",
                "enabled": false,
                "query": "Cyren_Indicators_CL\n| where TimeGenerated > ago(1d)\n| where isnotempty(url_s)\n| extend Risk = toint(risk_d)\n| where Risk >= 80\n| summarize \n    DetectionCount = count(), \n    MaxRisk = max(Risk), \n    Categories = make_set(category_s) \n  by URL = url_s, Domain = domain_s, Source = source_s\n| where DetectionCount >= 1\n| extend \n    MaliciousURL = URL,\n    ThreatCategories = strcat_array(Categories, \", \")\n",
                "queryFrequency": "PT1H",
                "queryPeriod": "P1D",
                "severity": "High",
                "suppressionDuration": "PT1H",
                "suppressionEnabled": false,
                "triggerOperator": "GreaterThan",
                "triggerThreshold": 0,
                "status": "Available",
                "requiredDataConnectors": [
                  {
                    "connectorId": "CyrenThreatIntel",
                    "dataTypes": [
                      "Cyren_Indicators_CL"
                    ]
                  }
                ],
                "tactics": [
                  "InitialAccess",
                  "Execution"
                ],
                "techniques": [
                  "T1566",
                  "T1189"
                ],
                "entityMappings": [
                  {
                    "entityType": "URL",
                    "fieldMappings": [
                      {
                        "identifier": "Url",
                        "columnName": "MaliciousURL"
                      }
                    ]
                  }
                ],
                "eventGroupingSettings": {
                  "aggregationKind": "AlertPerResult"
                },
                "customDetails": {
                  "Source": "Source",
                  "DetectionCount": "DetectionCount",
                  "Domain": "Domain",
                  "Categories": "ThreatCategories",
                  "RiskScore": "MaxRisk"
                },
                "incidentConfiguration": {
                  "groupingConfiguration": {
                    "matchingMethod": "Selected",
                    "enabled": true,
                    "groupByEntities": [
                      "URL"
                    ],
                    "reopenClosedIncident": false,
                    "lookbackDuration": "1d"
                  },
                  "createIncident": true
                }
              }
            },
            {
              "type": "Microsoft.OperationalInsights/workspaces/providers/metadata",
              "apiVersion": "2025-09-01",
              "name": "[concat(parameters('workspace'),'/Microsoft.SecurityInsights/',concat('AnalyticsRule-', last(split(variables('analyticRuleObject2').analyticRuleId2,'/'))))]",
              "properties": {
                "description": "CyrenThreatIntelligence Analytics Rule 2",
                "parentId": "[variables('analyticRuleObject2').analyticRuleId2]",
                "contentId": "[variables('analyticRuleObject2')._analyticRulecontentId2]",
                "kind": "AnalyticsRule",
                "version": "[variables('analyticRuleObject2').analyticRuleVersion2]",
                "source": {
                  "kind": "Solution",
                  "name": "CyrenThreatIntelligence",
                  "sourceId": "[variables('_solutionId')]"
                },
                "author": {
                  "name": "Data443 Risk Mitigation, Inc.",
                  "email": "[variables('_email')]"
                },
                "support": {
                  "name": "Data443 Risk Mitigation, Inc.",
                  "email": "support@data443.com",
                  "tier": "Partner",
                  "link": "https://www.data443.com"
                }
              }
            }
          ]
        },
        "packageKind": "Solution",
        "packageVersion": "[variables('_solutionVersion')]",
        "packageName": "[variables('_solutionName')]",
        "packageId": "[variables('_solutionId')]",
        "contentSchemaVersion": "3.0.0",
        "contentId": "[variables('analyticRuleObject2')._analyticRulecontentId2]",
        "contentKind": "AnalyticsRule",
        "displayName": "Cyren High-Risk URL Indicators",
        "contentProductId": "[variables('analyticRuleObject2')._analyticRulecontentProductId2]",
        "id": "[variables('analyticRuleObject2')._analyticRulecontentProductId2]",
        "version": "[variables('analyticRuleObject2').analyticRuleVersion2]"
      }
    },
    {
      "type": "Microsoft.OperationalInsights/workspaces/providers/contentTemplates",
      "apiVersion": "2025-09-01",
      "name": "[variables('analyticRuleObject3').analyticRuleTemplateSpecName3]",
      "location": "[parameters('workspace-location')]",
      "dependsOn": [
        "[extensionResourceId(resourceId('Microsoft.OperationalInsights/workspaces', parameters('workspace')), 'Microsoft.SecurityInsights/contentPackages', variables('_solutionId'))]"
      ],
      "properties": {
        "description": "Cyren - Feed Outage Detection_AnalyticalRules Analytics Rule with template version 3.0.0",
        "mainTemplate": {
          "$schema": "https://schema.management.azure.com/schemas/2019-04-01/deploymentTemplate.json#",
          "contentVersion": "[variables('analyticRuleObject3').analyticRuleVersion3]",
          "parameters": {},
          "variables": {},
          "resources": [
            {
              "type": "Microsoft.SecurityInsights/AlertRuleTemplates",
              "name": "[variables('analyticRuleObject3')._analyticRulecontentId3]",
              "apiVersion": "2025-09-01",
              "kind": "Scheduled",
              "location": "[parameters('workspace-location')]",
              "properties": {
                "description": "Detects when the Cyren threat intelligence feed has not ingested any data for 6 or more hours.\nThis may indicate a connectivity issue with the data connector, API authentication problems, or upstream service disruption.",
                "displayName": "Cyren Feed Outage Detection",
                "enabled": false,
                "query": "Cyren_Indicators_CL\n| where TimeGenerated >= ago(24h)\n| summarize \n    Total = count(), \n    Latest = max(TimeGenerated)\n| extend HoursAgo = datetime_diff('hour', now(), Latest)\n| where isnotempty(Latest) and HoursAgo >= 6\n| project \n    LatestEventTime = Latest, \n    HoursSinceLastEvent = HoursAgo, \n    TotalEventsLast24h = Total,\n    AlertMessage = strcat(\"Cyren feed has not received data for \", HoursAgo, \" hours\")\n",
                "queryFrequency": "PT1H",
                "queryPeriod": "P1D",
                "severity": "Medium",
                "suppressionDuration": "PT1H",
                "suppressionEnabled": false,
                "triggerOperator": "GreaterThan",
                "triggerThreshold": 0,
                "status": "Available",
                "requiredDataConnectors": [
                  {
                    "connectorId": "CyrenThreatIntel",
                    "dataTypes": [
                      "Cyren_Indicators_CL"
                    ]
                  }
                ],
                "tactics": [
                  "DefenseEvasion"
                ],
                "techniques": [
                  "T1562"
                ],
                "eventGroupingSettings": {
                  "aggregationKind": "SingleAlert"
                },
                "customDetails": {
                  "TotalEventsLast24h": "TotalEventsLast24h",
                  "LatestEventTime": "LatestEventTime",
                  "HoursSinceLastEvent": "HoursSinceLastEvent"
                },
                "incidentConfiguration": {
                  "groupingConfiguration": {
                    "matchingMethod": "Selected",
                    "enabled": false,
                    "reopenClosedIncident": false,
                    "lookbackDuration": "1d"
                  },
                  "createIncident": true
                }
              }
            },
            {
              "type": "Microsoft.OperationalInsights/workspaces/providers/metadata",
              "apiVersion": "2025-09-01",
              "name": "[concat(parameters('workspace'),'/Microsoft.SecurityInsights/',concat('AnalyticsRule-', last(split(variables('analyticRuleObject3').analyticRuleId3,'/'))))]",
              "properties": {
                "description": "CyrenThreatIntelligence Analytics Rule 3",
                "parentId": "[variables('analyticRuleObject3').analyticRuleId3]",
                "contentId": "[variables('analyticRuleObject3')._analyticRulecontentId3]",
                "kind": "AnalyticsRule",
                "version": "[variables('analyticRuleObject3').analyticRuleVersion3]",
                "source": {
                  "kind": "Solution",
                  "name": "CyrenThreatIntelligence",
                  "sourceId": "[variables('_solutionId')]"
                },
                "author": {
                  "name": "Data443 Risk Mitigation, Inc.",
                  "email": "[variables('_email')]"
                },
                "support": {
                  "name": "Data443 Risk Mitigation, Inc.",
                  "email": "support@data443.com",
                  "tier": "Partner",
                  "link": "https://www.data443.com"
                }
              }
            }
          ]
        },
        "packageKind": "Solution",
        "packageVersion": "[variables('_solutionVersion')]",
        "packageName": "[variables('_solutionName')]",
        "packageId": "[variables('_solutionId')]",
        "contentSchemaVersion": "3.0.0",
        "contentId": "[variables('analyticRuleObject3')._analyticRulecontentId3]",
        "contentKind": "AnalyticsRule",
        "displayName": "Cyren Feed Outage Detection",
        "contentProductId": "[variables('analyticRuleObject3')._analyticRulecontentProductId3]",
        "id": "[variables('analyticRuleObject3')._analyticRulecontentProductId3]",
        "version": "[variables('analyticRuleObject3').analyticRuleVersion3]"
      }
    },
    {
      "type": "Microsoft.OperationalInsights/workspaces/providers/contentTemplates",
      "apiVersion": "2025-09-01",
      "name": "[variables('workbookTemplateSpecName1')]",
      "location": "[parameters('workspace-location')]",
      "dependsOn": [
        "[extensionResourceId(resourceId('Microsoft.OperationalInsights/workspaces', parameters('workspace')), 'Microsoft.SecurityInsights/contentPackages', variables('_solutionId'))]"
      ],
      "properties": {
        "description": "CyrenThreatIntelligenceDashboard Workbook with template version 3.0.0",
        "mainTemplate": {
          "$schema": "https://schema.management.azure.com/schemas/2019-04-01/deploymentTemplate.json#",
          "contentVersion": "[variables('workbookVersion1')]",
          "parameters": {},
          "variables": {},
          "resources": [
            {
              "type": "Microsoft.Insights/workbooks",
              "name": "[variables('workbookContentId1')]",
              "location": "[parameters('workspace-location')]",
              "kind": "shared",
              "apiVersion": "2021-08-01",
              "metadata": {
                "description": "This workbook provides visualization and monitoring for Cyren threat intelligence indicators including IP reputation and malware URLs."
              },
              "properties": {
                "displayName": "[parameters('workbook1-name')]",
                "serializedData": "{\"version\":\"Notebook/1.0\",\"items\":[{\"type\":1,\"content\":{\"json\":\"## 🛡️ Cyren Threat Intelligence Dashboard\\n\\n**Real-time visibility into Cyren IP Reputation and Malware URLs feeds**\\n\\n✅ All queries validated with production data | 🔄 Auto-refresh every 5 minutes\\n\\n---\"},\"name\":\"header\"},{\"type\":9,\"content\":{\"version\":\"KqlParameterItem/1.0\",\"parameters\":[{\"id\":\"time-range\",\"version\":\"KqlParameterItem/1.0\",\"name\":\"TimeRange\",\"type\":4,\"isRequired\":true,\"value\":{\"durationMs\":86400000},\"typeSettings\":{\"selectableValues\":[{\"durationMs\":3600000,\"label\":\"1 hour\"},{\"durationMs\":21600000,\"label\":\"6 hours\"},{\"durationMs\":86400000,\"label\":\"24 hours\"},{\"durationMs\":604800000,\"label\":\"7 days\"},{\"durationMs\":2592000000,\"label\":\"30 days\"}],\"allowCustom\":true}}],\"style\":\"pills\",\"queryType\":0,\"resourceType\":\"microsoft.operationalinsights/workspaces\"},\"name\":\"parameters\"},{\"type\":3,\"content\":{\"version\":\"KqlItem/1.0\",\"query\":\"Cyren_Indicators_CL \\n| where TimeGenerated >= ago(1h) \\n| summarize \\n    Total=count(), \\n    IPRep=countif(source_s contains 'IP'), \\n    MalwareURLs=countif(source_s contains 'Malware'), \\n    Latest=max(TimeGenerated),\\n    HoursAgo=datetime_diff('hour', now(), max(TimeGenerated))\\n| extend Status = case(\\n    HoursAgo > 7, \\\"🔴 Critical - No data > 7 hours\\\",\\n    HoursAgo > 6, \\\"🟡 Warning - Data delayed\\\",\\n    \\\"🟢 Healthy - Data flowing\\\"\\n)\\n| project Status, Total, IPRep, MalwareURLs, Latest, HoursAgo\",\"size\":3,\"title\":\"🔍 Data Pipeline Health (Last Hour)\",\"queryType\":0,\"resourceType\":\"microsoft.operationalinsights/workspaces\",\"visualization\":\"tiles\",\"tileSettings\":{\"titleContent\":{\"columnMatch\":\"Status\",\"formatter\":1},\"leftContent\":{\"columnMatch\":\"Total\",\"formatter\":12,\"formatOptions\":{\"palette\":\"auto\"}},\"showBorder\":true}},\"name\":\"health-tiles\"},{\"type\":3,\"content\":{\"version\":\"KqlItem/1.0\",\"query\":\"Cyren_Indicators_CL\\n| where TimeGenerated {TimeRange}\\n| where isnotempty(ip_s)\\n| extend Risk = toint(risk_d)\\n| summarize \\n    Count = count(),\\n    AvgRisk = avg(Risk),\\n    MaxRisk = max(Risk),\\n    Categories = make_set(category_s)\\n  by bin(TimeGenerated, 1h)\\n| order by TimeGenerated asc\",\"size\":0,\"title\":\"📊 IP Reputation Indicators Over Time\",\"queryType\":0,\"resourceType\":\"microsoft.operationalinsights/workspaces\",\"visualization\":\"timechart\"},\"name\":\"ip-indicators-chart\"},{\"type\":3,\"content\":{\"version\":\"KqlItem/1.0\",\"query\":\"Cyren_Indicators_CL\\n| where TimeGenerated {TimeRange}\\n| where isnotempty(url_s)\\n| extend Risk = toint(risk_d)\\n| summarize \\n    Count = count(),\\n    AvgRisk = avg(Risk),\\n    MaxRisk = max(Risk)\\n  by bin(TimeGenerated, 1h)\\n| order by TimeGenerated asc\",\"size\":0,\"title\":\"🔗 Malware URL Indicators Over Time\",\"queryType\":0,\"resourceType\":\"microsoft.operationalinsights/workspaces\",\"visualization\":\"timechart\"},\"name\":\"url-indicators-chart\"},{\"type\":3,\"content\":{\"version\":\"KqlItem/1.0\",\"query\":\"Cyren_Indicators_CL\\n| where TimeGenerated {TimeRange}\\n| where isnotempty(ip_s)\\n| extend Risk = toint(risk_d)\\n| where Risk >= 80\\n| summarize \\n    DetectionCount = count(),\\n    MaxRisk = max(Risk),\\n    Categories = make_set(category_s),\\n    FirstSeen = min(TimeGenerated),\\n    LastSeen = max(TimeGenerated)\\n  by IP = ip_s\\n| order by MaxRisk desc\\n| take 100\",\"size\":0,\"title\":\"🚨 High-Risk IP Indicators (Risk >= 80)\",\"queryType\":0,\"resourceType\":\"microsoft.operationalinsights/workspaces\",\"visualization\":\"table\",\"gridSettings\":{\"formatters\":[{\"columnMatch\":\"MaxRisk\",\"formatter\":8,\"formatOptions\":{\"palette\":\"redGreen\"}}]}},\"name\":\"high-risk-ips-table\"},{\"type\":3,\"content\":{\"version\":\"KqlItem/1.0\",\"query\":\"Cyren_Indicators_CL\\n| where TimeGenerated {TimeRange}\\n| where isnotempty(url_s)\\n| extend Risk = toint(risk_d)\\n| where Risk >= 80\\n| summarize \\n    DetectionCount = count(),\\n    MaxRisk = max(Risk),\\n    Categories = make_set(category_s),\\n    FirstSeen = min(TimeGenerated),\\n    LastSeen = max(TimeGenerated)\\n  by URL = url_s, Domain = domain_s\\n| order by MaxRisk desc\\n| take 100\",\"size\":0,\"title\":\"🚨 High-Risk Malware URLs (Risk >= 80)\",\"queryType\":0,\"resourceType\":\"microsoft.operationalinsights/workspaces\",\"visualization\":\"table\",\"gridSettings\":{\"formatters\":[{\"columnMatch\":\"MaxRisk\",\"formatter\":8,\"formatOptions\":{\"palette\":\"redGreen\"}}]}},\"name\":\"high-risk-urls-table\"},{\"type\":3,\"content\":{\"version\":\"KqlItem/1.0\",\"query\":\"Cyren_Indicators_CL\\n| where TimeGenerated {TimeRange}\\n| extend Category = tostring(category_s)\\n| where isnotempty(Category)\\n| summarize Count = count() by Category\\n| order by Count desc\\n| take 10\",\"size\":0,\"title\":\"📈 Top Threat Categories\",\"queryType\":0,\"resourceType\":\"microsoft.operationalinsights/workspaces\",\"visualization\":\"piechart\"},\"name\":\"categories-pie\"}],\"fromTemplateId\":\"sentinel-CyrenThreatIntelligence\",\"$schema\":\"https://github.com/Microsoft/Application-Insights-Workbooks/blob/master/schema/workbook.json\",\"metadata\":{\"version\":\"1.0\",\"name\":\"Cyren Threat Intelligence Dashboard\",\"description\":\"This workbook provides visualization and monitoring for Cyren threat intelligence indicators including IP reputation and malware URLs.\"}}\n",
                "version": "1.0",
                "sourceId": "[variables('workspaceResourceId')]",
                "category": "sentinel"
              }
            },
            {
              "type": "Microsoft.OperationalInsights/workspaces/providers/metadata",
              "apiVersion": "2025-09-01",
              "name": "[concat(parameters('workspace'),'/Microsoft.SecurityInsights/',concat('Workbook-', last(split(variables('workbookId1'),'/'))))]",
              "properties": {
                "description": "@{workbookKey=CyrenThreatIntelligenceDashboard; logoFileName=cyren_logo.svg; description=This workbook provides visualization and monitoring for Cyren threat intelligence indicators including IP reputation and malware URLs.; dataTypesDependencies=System.Object[]; dataConnectorsDependencies=System.Object[]; previewImagesFileNames=System.Object[]; version=1.0.0; title=Cyren Threat Intelligence Dashboard; templateRelativePath=CyrenThreatIntelligenceDashboard.json; subtitle=; provider=Data443 Risk Mitigation, Inc.}.description",
                "parentId": "[variables('workbookId1')]",
                "contentId": "[variables('_workbookContentId1')]",
                "kind": "Workbook",
                "version": "[variables('workbookVersion1')]",
                "source": {
                  "kind": "Solution",
                  "name": "CyrenThreatIntelligence",
                  "sourceId": "[variables('_solutionId')]"
                },
                "author": {
                  "name": "Data443 Risk Mitigation, Inc.",
                  "email": "[variables('_email')]"
                },
                "support": {
                  "name": "Data443 Risk Mitigation, Inc.",
                  "email": "support@data443.com",
                  "tier": "Partner",
                  "link": "https://www.data443.com"
                },
                "dependencies": {
                  "operator": "AND",
                  "criteria": [
                    {
                      "contentId": "Cyren_Indicators_CL",
                      "kind": "DataType"
                    },
                    {
                      "contentId": "CyrenThreatIntel",
                      "kind": "DataConnector"
                    }
                  ]
                }
              },
              "description": "This workbook provides visualization and monitoring for Cyren threat intelligence indicators including IP reputation and malware URLs."
            }
          ]
        },
        "packageKind": "Solution",
        "packageVersion": "[variables('_solutionVersion')]",
        "packageName": "[variables('_solutionName')]",
        "packageId": "[variables('_solutionId')]",
        "contentSchemaVersion": "3.0.0",
        "contentId": "[variables('_workbookContentId1')]",
        "contentKind": "Workbook",
        "displayName": "[parameters('workbook1-name')]",
        "contentProductId": "[variables('_workbookcontentProductId1')]",
        "id": "[variables('_workbookcontentProductId1')]",
        "version": "[variables('workbookVersion1')]"
      }
    },
    {
      "type": "Microsoft.OperationalInsights/workspaces/providers/contentPackages",
      "apiVersion": "2025-09-01",
      "location": "[parameters('workspace-location')]",
      "properties": {
        "version": "3.0.0",
        "kind": "Solution",
        "contentSchemaVersion": "3.0.0",
        "displayName": "CyrenThreatIntelligence",
        "publisherDisplayName": "Data443 Risk Mitigation, Inc.",
        "descriptionHtml": "<p><strong>Note:</strong> Please refer to the following before installing the solution:</p>\n<p>• Review the solution <a href=\"https://github.com/Azure/Azure-Sentinel/tree/master/Solutions/CyrenThreatIntelligence/ReleaseNotes.md\">Release Notes</a></p>\n<p>• There may be <a href=\"https://aka.ms/sentinelsolutionsknownissues\">known issues</a> pertaining to this Solution, please refer to them before installing.</p>\n<p>The <a href=\"https://data443.com/cyren-threat-intelligence/\">Cyren Threat Intelligence</a> solution provides the capability to ingest Cyren IP reputation and malware URL threat intelligence into Microsoft Sentinel using the Codeless Connector Framework (CCF). This solution deploys REST API poller connectors, a custom log table, data collection rules, analytics rules, and visualization workbook to help security teams detect and investigate network-based threats.</p>\n<p><strong>Data Connectors:</strong> 1, <strong>Workbooks:</strong> 1, <strong>Analytic Rules:</strong> 3</p>\n<p><a href=\"https://aka.ms/azuresentinel\">Learn more about Microsoft Sentinel</a> | <a href=\"https://aka.ms/azuresentinelsolutionsdoc\">Learn more about Solutions</a></p>\n",
        "contentKind": "Solution",
        "contentProductId": "[variables('_solutioncontentProductId')]",
        "id": "[variables('_solutioncontentProductId')]",
        "icon": "<img src=\"https://raw.githubusercontent.com/Azure/Azure-Sentinel/master/Logos/cyren_logo.svg\"width=\"75px\"height=\"75px\">",
        "contentId": "[variables('_solutionId')]",
        "parentId": "[variables('_solutionId')]",
        "source": {
          "kind": "Solution",
          "name": "CyrenThreatIntelligence",
          "sourceId": "[variables('_solutionId')]"
        },
        "author": {
          "name": "Data443 Risk Mitigation, Inc.",
          "email": "[variables('_email')]"
        },
        "support": {
          "name": "Data443 Risk Mitigation, Inc.",
          "email": "support@data443.com",
          "tier": "Partner",
          "link": "https://www.data443.com"
        },
        "dependencies": {
          "operator": "AND",
          "criteria": [
            {
              "kind": "DataConnector",
              "contentId": "[variables('_dataConnectorContentIdConnections1')]",
              "version": "[variables('dataConnectorCCPVersion')]"
            },
            {
              "kind": "AnalyticsRule",
              "contentId": "[variables('analyticRuleObject1')._analyticRulecontentId1]",
              "version": "[variables('analyticRuleObject1').analyticRuleVersion1]"
            },
            {
              "kind": "AnalyticsRule",
              "contentId": "[variables('analyticRuleObject2')._analyticRulecontentId2]",
              "version": "[variables('analyticRuleObject2').analyticRuleVersion2]"
            },
            {
              "kind": "AnalyticsRule",
              "contentId": "[variables('analyticRuleObject3')._analyticRulecontentId3]",
              "version": "[variables('analyticRuleObject3').analyticRuleVersion3]"
            },
            {
              "kind": "Workbook",
              "contentId": "[variables('_workbookContentId1')]",
              "version": "[variables('workbookVersion1')]"
            }
          ]
        },
        "firstPublishDate": "2025-11-16",
        "providers": [
          "Data443 Risk Mitigation, Inc."
        ],
        "categories": {
          "domains": [
            "Security - Threat Intelligence"
          ]
        }
      },
      "name": "[concat(parameters('workspace'),'/Microsoft.SecurityInsights/', variables('_solutionId'))]"
    }
  ],
  "outputs": {}
}

