{
  "$schema": "https://schema.management.azure.com/schemas/2019-04-01/deploymentTemplate.json#",
  "contentVersion": "1.0.0.0",
  "metadata": {
    "author": "Quokka - mvang@quokka.io",
    "comments": "Solution template for Quokka"
  },
  "parameters": {
    "location": {
      "type": "string",
      "minLength": 1,
      "defaultValue": "[resourceGroup().location]",
      "metadata": {
        "description": "Not used, but needed to pass arm-ttk test `Location-Should-Not-Be-Hardcoded`.  We instead use the `workspace-location` which is derived from the LA workspace"
      }
    },
    "workspace-location": {
      "type": "string",
      "defaultValue": "",
      "metadata": {
        "description": "[concat('Region to deploy solution resources -- separate from location selection',parameters('location'))]"
      }
    },
    "workspace": {
      "defaultValue": "",
      "type": "string",
      "metadata": {
        "description": "Workspace name for Log Analytics where Microsoft Sentinel is setup"
      }
    },
    "workbook1-name": {
      "type": "string",
      "defaultValue": "Qscout Dashboards",
      "minLength": 1,
      "metadata": {
        "description": "Name for the workbook"
      }
    },
    "resourceGroupName": {
      "type": "string",
      "defaultValue": "[resourceGroup().name]",
      "metadata": {
        "description": "resource group name where Microsoft Sentinel is setup"
      }
    },
    "subscription": {
      "type": "string",
      "defaultValue": "[last(split(subscription().id, '/'))]",
      "metadata": {
        "description": "subscription id where Microsoft Sentinel is setup"
      }
    }
  },
  "variables": {
    "email": "mvang@quokka.io",
    "_email": "[variables('email')]",
    "_solutionName": "Quokka",
    "_solutionVersion": "3.0.1",
    "solutionId": "quokka.azure-sentinel-solution-quokka",
    "_solutionId": "[variables('solutionId')]",
    "workbookVersion1": "1.0.0",
    "workbookContentId1": "QscoutWorkbook",
    "workbookId1": "[resourceId('Microsoft.Insights/workbooks', variables('workbookContentId1'))]",
    "workbookTemplateSpecName1": "[concat(parameters('workspace'),'/Microsoft.SecurityInsights/',concat(parameters('workspace'),'-wb-',uniquestring(variables('_workbookContentId1'))))]",
    "_workbookContentId1": "[variables('workbookContentId1')]",
    "workspaceResourceId": "[resourceId('microsoft.OperationalInsights/Workspaces', parameters('workspace'))]",
    "_workbookcontentProductId1": "[concat(take(variables('_solutionId'),50),'-','wb','-', uniqueString(concat(variables('_solutionId'),'-','Workbook','-',variables('_workbookContentId1'),'-', variables('workbookVersion1'))))]",
    "analyticRuleObject1": {
      "analyticRuleVersion1": "1.0.0",
      "_analyticRulecontentId1": "97ad71ed-e4c0-4f7a-b1a2-683108bece4f",
      "analyticRuleId1": "[resourceId('Microsoft.SecurityInsights/AlertRuleTemplates', '97ad71ed-e4c0-4f7a-b1a2-683108bece4f')]",
      "analyticRuleTemplateSpecName1": "[concat(parameters('workspace'),'/Microsoft.SecurityInsights/',concat(parameters('workspace'),'-ar-',uniquestring('97ad71ed-e4c0-4f7a-b1a2-683108bece4f')))]",
      "_analyticRulecontentProductId1": "[concat(take(variables('_solutionId'),50),'-','ar','-', uniqueString(concat(variables('_solutionId'),'-','AnalyticsRule','-','97ad71ed-e4c0-4f7a-b1a2-683108bece4f','-', '1.0.0')))]"
    },
    "dataConnectorCCPVersion": "1.0.0",
    "_dataConnectorContentIdConnectorDefinition1": "QscoutAppEventsCCFDefinition",
    "dataConnectorTemplateNameConnectorDefinition1": "[concat(parameters('workspace'),'-dc-',uniquestring(variables('_dataConnectorContentIdConnectorDefinition1')))]",
    "_dataConnectorContentIdConnections1": "QscoutAppEventsCCFDefinitionConnections",
    "dataConnectorTemplateNameConnections1": "[concat(parameters('workspace'),'-dc-',uniquestring(variables('_dataConnectorContentIdConnections1')))]",
    "dataCollectionEndpointId1": "[concat('/subscriptions/',parameters('subscription'),'/resourceGroups/',parameters('resourceGroupName'),'/providers/Microsoft.Insights/dataCollectionEndpoints/',parameters('workspace'))]",
    "blanks": "[replace('b', 'b', '')]",
    "TemplateEmptyObject": "[json('{}')]",
    "_solutioncontentProductId": "[concat(take(variables('_solutionId'),50),'-','sl','-', uniqueString(concat(variables('_solutionId'),'-','Solution','-',variables('_solutionId'),'-', variables('_solutionVersion'))))]"
  },
  "resources": [
    {
      "type": "Microsoft.OperationalInsights/workspaces/providers/contentTemplates",
      "apiVersion": "2023-04-01-preview",
      "name": "[variables('workbookTemplateSpecName1')]",
      "location": "[parameters('workspace-location')]",
      "dependsOn": [
        "[extensionResourceId(resourceId('Microsoft.OperationalInsights/workspaces', parameters('workspace')), 'Microsoft.SecurityInsights/contentPackages', variables('_solutionId'))]"
      ],
      "properties": {
        "description": "QscoutDashboards Workbook with template version 3.0.1",
        "mainTemplate": {
          "$schema": "https://schema.management.azure.com/schemas/2019-04-01/deploymentTemplate.json#",
          "contentVersion": "[variables('workbookVersion1')]",
          "parameters": {},
          "variables": {},
          "resources": [
            {
              "type": "Microsoft.Insights/workbooks",
              "name": "[variables('workbookContentId1')]",
              "location": "[parameters('workspace-location')]",
              "kind": "shared",
              "apiVersion": "2021-08-01",
              "metadata": {
                "description": "Gain insights into your organization's mobile apps security using Qscout through analysis findings."
              },
              "properties": {
                "displayName": "[parameters('workbook1-name')]",
                "serializedData": "{\"version\":\"Notebook/1.0\",\"items\":[{\"type\":1,\"content\":{\"json\":\"# Quokka Findings Dashboards (last 7d)\"},\"name\":\"workbook title\"},{\"type\":1,\"content\":{\"json\":\"## Suspicious / Malicious findings\"},\"name\":\"malicious findings title\"},{\"type\":3,\"content\":{\"version\":\"KqlItem/1.0\",\"query\":\"QscoutAppEvents_CL\\n| where TimeGenerated > ago(7d)\\n| where result_type == \\\"maliciousness\\\"\\n| extend r = todynamic(results)\\n| where isnotempty(r.entries)\\n| mv-expand entry = r.entries\\n| extend ruleId = tostring(entry.ruleId)\\n| summarize count() by ruleId\\n\",\"size\":0,\"queryType\":0,\"resourceType\":\"microsoft.operationalinsights/workspaces\",\"visualization\":\"barchart\",\"graphSettings\":{\"type\":0,\"topContent\":{\"columnMatch\":\"ruleId\",\"formatter\":1},\"centerContent\":{\"columnMatch\":\"count_\",\"formatter\":1,\"numberFormat\":{\"unit\":17,\"options\":{\"maximumSignificantDigits\":3,\"maximumFractionDigits\":2}}}},\"chartSettings\":{\"seriesLabelSettings\":[{\"seriesName\":\"\",\"color\":\"blue\"},{\"seriesName\":\"malware/suspicious\",\"label\":\"Suspicious findings\",\"color\":\"orange\"},{\"seriesName\":\"malware/malicious\",\"label\":\"Malicious findings\",\"color\":\"red\"},{\"color\":\"lightBlue\"}]}},\"name\":\"malicious findings chart\"},{\"type\":1,\"content\":{\"json\":\"## SBOM findings (grouped by CVE ID with an averaged severity score)\"},\"name\":\"sbom findings title\"},{\"type\":3,\"content\":{\"version\":\"KqlItem/1.0\",\"query\":\"QscoutAppEvents_CL\\n| where TimeGenerated > ago(7d)\\n| where result_type == \\\"sbom\\\"\\n| extend r = todynamic(results)\\n| where isnotempty(r.vulnerabilities)\\n| mv-expand vulnerability = r.vulnerabilities\\n| extend vulnId = tostring(vulnerability.id)\\n| mv-expand rating = vulnerability.ratings\\n| extend score = todouble(rating.score)\\n| summarize avgScore = avg(score) by vulnId\\n| order by avgScore desc\\n\",\"size\":0,\"queryType\":0,\"resourceType\":\"microsoft.operationalinsights/workspaces\",\"visualization\":\"categoricalbar\",\"graphSettings\":{\"type\":0,\"topContent\":{\"columnMatch\":\"vulnId\",\"formatter\":1},\"centerContent\":{\"columnMatch\":\"count_\",\"formatter\":1,\"numberFormat\":{\"unit\":17,\"options\":{\"maximumSignificantDigits\":3,\"maximumFractionDigits\":2}}}},\"chartSettings\":{\"createOtherGroup\":50}},\"name\":\"sbom findings chart\"},{\"type\":1,\"content\":{\"json\":\"## SARIF error-level findings\"},\"name\":\"sarif error-level findings\"},{\"type\":3,\"content\":{\"version\":\"KqlItem/1.0\",\"query\":\"QscoutAppEvents_CL\\n| where TimeGenerated > ago(7d)\\n| where result_type == \\\"pattern\\\"\\n| extend r = todynamic(results)\\n| mv-expand findingKey = bag_keys(r.findings)\\n| extend findingKey = tostring(findingKey)\\n| extend finding = r.findings[findingKey]\\n| extend category = findingKey,\\n         errorCount = toint(finding.error.count)\\n| summarize totalErrors = sum(errorCount) by category\\n| project category, totalErrors\\n\",\"size\":0,\"queryType\":0,\"resourceType\":\"microsoft.operationalinsights/workspaces\",\"visualization\":\"barchart\",\"chartSettings\":{\"createOtherGroup\":25}},\"name\":\"sarif error-level findings chart\"},{\"type\":1,\"content\":{\"json\":\"## SARIF warning-level findings\"},\"name\":\"sarif warning-level findings\"},{\"type\":3,\"content\":{\"version\":\"KqlItem/1.0\",\"query\":\"QscoutAppEvents_CL\\n| where TimeGenerated > ago(7d)\\n| where result_type == \\\"pattern\\\"\\n| extend r = todynamic(results)\\n| mv-expand findingKey = bag_keys(r.findings)\\n| extend findingKey = tostring(findingKey)\\n| extend finding = r.findings[findingKey]\\n| extend category = findingKey,\\n         warningCount = toint(finding.warning.count)\\n| summarize totalWarnings = sum(warningCount) by category\\n| project category, totalWarnings\\n\",\"size\":0,\"queryType\":0,\"resourceType\":\"microsoft.operationalinsights/workspaces\",\"visualization\":\"barchart\",\"chartSettings\":{\"createOtherGroup\":25}},\"name\":\"sarif warning-level findings chart\"}],\"fromTemplateId\":\"sentinel-QscoutWorkbook\",\"$schema\":\"https://github.com/Microsoft/Application-Insights-Workbooks/blob/master/schema/workbook.json\"}\n",
                "version": "1.0",
                "sourceId": "[variables('workspaceResourceId')]",
                "category": "sentinel"
              }
            },
            {
              "type": "Microsoft.OperationalInsights/workspaces/providers/metadata",
              "apiVersion": "2022-01-01-preview",
              "name": "[concat(parameters('workspace'),'/Microsoft.SecurityInsights/',concat('Workbook-', last(split(variables('workbookId1'),'/'))))]",
              "properties": {
                "description": "@{workbookKey=QscoutWorkbook; logoFileName=quokka_logo.svg; description=Gain insights into your organization's mobile apps security using Qscout through analysis findings.; dataTypesDependencies=System.Object[]; dataConnectorsDependencies=System.Object[]; previewImagesFileNames=System.Object[]; version=1.0.0; title=Qscout Dashboards; templateRelativePath=QscoutDashboards.json; subtitle=; provider=Quokka}.description",
                "parentId": "[variables('workbookId1')]",
                "contentId": "[variables('_workbookContentId1')]",
                "kind": "Workbook",
                "version": "[variables('workbookVersion1')]",
                "source": {
                  "kind": "Solution",
                  "name": "Quokka",
                  "sourceId": "[variables('_solutionId')]"
                },
                "author": {
                  "name": "Quokka",
                  "email": "[variables('_email')]"
                },
                "support": {
                  "name": "Quokka",
                  "tier": "Partner",
                  "link": "https://www.quokka.io/contact-us#customer-support"
                },
                "dependencies": {
                  "operator": "AND",
                  "criteria": [
                    {
                      "contentId": "QscoutAppEvents_CL",
                      "kind": "DataType"
                    },
                    {
                      "contentId": "QscoutAppEventsCCFDefinition",
                      "kind": "DataConnector"
                    }
                  ]
                }
              }
            }
          ]
        },
        "packageKind": "Solution",
        "packageVersion": "[variables('_solutionVersion')]",
        "packageName": "[variables('_solutionName')]",
        "packageId": "[variables('_solutionId')]",
        "contentSchemaVersion": "3.0.0",
        "contentId": "[variables('_workbookContentId1')]",
        "contentKind": "Workbook",
        "displayName": "[parameters('workbook1-name')]",
        "contentProductId": "[variables('_workbookcontentProductId1')]",
        "id": "[variables('_workbookcontentProductId1')]",
        "version": "[variables('workbookVersion1')]"
      }
    },
    {
      "type": "Microsoft.OperationalInsights/workspaces/providers/contentTemplates",
      "apiVersion": "2023-04-01-preview",
      "name": "[variables('analyticRuleObject1').analyticRuleTemplateSpecName1]",
      "location": "[parameters('workspace-location')]",
      "dependsOn": [
        "[extensionResourceId(resourceId('Microsoft.OperationalInsights/workspaces', parameters('workspace')), 'Microsoft.SecurityInsights/contentPackages', variables('_solutionId'))]"
      ],
      "properties": {
        "description": "MaliciousResultsDetection_AnalyticalRules Analytics Rule with template version 3.0.1",
        "mainTemplate": {
          "$schema": "https://schema.management.azure.com/schemas/2019-04-01/deploymentTemplate.json#",
          "contentVersion": "[variables('analyticRuleObject1').analyticRuleVersion1]",
          "parameters": {},
          "variables": {},
          "resources": [
            {
              "type": "Microsoft.SecurityInsights/AlertRuleTemplates",
              "name": "[variables('analyticRuleObject1')._analyticRulecontentId1]",
              "apiVersion": "2023-02-01-preview",
              "kind": "Scheduled",
              "location": "[parameters('workspace-location')]",
              "properties": {
                "description": "Detects if there are any malicious results in the app events coming from organization devices.",
                "displayName": "Quokka - Malicious Results Detected",
                "enabled": false,
                "query": "let timeRange = 1h;\nlet appEventsWithMaliciousResults = QscoutAppEvents_CL\n| extend AccountCustomEntity = tostring(org_id)\n| where TimeGenerated >= ago(timeRange)\n| where result_type == 'maliciousness'\n| where isnotempty(results.entries);\nappEventsWithMaliciousResults\n| mv-expand entry = results.entries\n| project\n    TimeGenerated,\n    AccountCustomEntity,\n    app_id,\n    mdm_source,\n    mdm_device_id,\n    package,\n    platform,\n    version,\n    rule_id = tostring(entry.ruleId),\n    desription = tostring(entry.description),\n    threat_level = toint(entry.threatLevel),\n    threat_types = tostring(entry.threatTypes)\n",
                "queryFrequency": "PT1H",
                "queryPeriod": "PT1H",
                "severity": "Medium",
                "suppressionDuration": "PT1H",
                "suppressionEnabled": false,
                "triggerOperator": "GreaterThan",
                "triggerThreshold": 0,
                "status": "Available",
                "requiredDataConnectors": [
                  {
                    "dataTypes": [
                      "QscoutAppEvents_CL"
                    ],
                    "connectorId": "QscoutAppEventsCCFDefinition"
                  }
                ],
                "tactics": [
                  "InitialAccess",
                  "Execution",
                  "Persistence",
                  "PrivilegeEscalation",
                  "DefenseEvasion",
                  "CredentialAccess",
                  "Discovery",
                  "Collection",
                  "CommandAndControl",
                  "Impact"
                ],
                "techniques": [
                  "T1406",
                  "T1409",
                  "T1414",
                  "T1417",
                  "T1418",
                  "T1422",
                  "T1424",
                  "T1429",
                  "T1430",
                  "T1471",
                  "T1474",
                  "T1481",
                  "T1509",
                  "T1512",
                  "T1513",
                  "T1516",
                  "T1517",
                  "T1532",
                  "T1541",
                  "T1544",
                  "T1582",
                  "T1616",
                  "T1617",
                  "T1623",
                  "T1624",
                  "T1625",
                  "T1627",
                  "T1628",
                  "T1629",
                  "T1630",
                  "T1631",
                  "T1633",
                  "T1634",
                  "T1635",
                  "T1636",
                  "T1638",
                  "T1640",
                  "T1641",
                  "T1642",
                  "T1643"
                ],
                "entityMappings": [
                  {
                    "entityType": "Account",
                    "fieldMappings": [
                      {
                        "columnName": "AccountCustomEntity",
                        "identifier": "Name"
                      }
                    ]
                  }
                ]
              }
            },
            {
              "type": "Microsoft.OperationalInsights/workspaces/providers/metadata",
              "apiVersion": "2022-01-01-preview",
              "name": "[concat(parameters('workspace'),'/Microsoft.SecurityInsights/',concat('AnalyticsRule-', last(split(variables('analyticRuleObject1').analyticRuleId1,'/'))))]",
              "properties": {
                "description": "Quokka Analytics Rule 1",
                "parentId": "[variables('analyticRuleObject1').analyticRuleId1]",
                "contentId": "[variables('analyticRuleObject1')._analyticRulecontentId1]",
                "kind": "AnalyticsRule",
                "version": "[variables('analyticRuleObject1').analyticRuleVersion1]",
                "source": {
                  "kind": "Solution",
                  "name": "Quokka",
                  "sourceId": "[variables('_solutionId')]"
                },
                "author": {
                  "name": "Quokka",
                  "email": "[variables('_email')]"
                },
                "support": {
                  "name": "Quokka",
                  "tier": "Partner",
                  "link": "https://www.quokka.io/contact-us#customer-support"
                }
              }
            }
          ]
        },
        "packageKind": "Solution",
        "packageVersion": "[variables('_solutionVersion')]",
        "packageName": "[variables('_solutionName')]",
        "packageId": "[variables('_solutionId')]",
        "contentSchemaVersion": "3.0.0",
        "contentId": "[variables('analyticRuleObject1')._analyticRulecontentId1]",
        "contentKind": "AnalyticsRule",
        "displayName": "Quokka - Malicious Results Detected",
        "contentProductId": "[variables('analyticRuleObject1')._analyticRulecontentProductId1]",
        "id": "[variables('analyticRuleObject1')._analyticRulecontentProductId1]",
        "version": "[variables('analyticRuleObject1').analyticRuleVersion1]"
      }
    },
    {
      "type": "Microsoft.OperationalInsights/workspaces/providers/contentTemplates",
      "apiVersion": "2023-04-01-preview",
      "name": "[concat(parameters('workspace'),'/Microsoft.SecurityInsights/', variables('dataConnectorTemplateNameConnectorDefinition1'), variables('dataConnectorCCPVersion'))]",
      "location": "[parameters('workspace-location')]",
      "dependsOn": [
        "[extensionResourceId(resourceId('Microsoft.OperationalInsights/workspaces', parameters('workspace')), 'Microsoft.SecurityInsights/contentPackages', variables('_solutionId'))]"
      ],
      "properties": {
        "contentId": "[variables('_dataConnectorContentIdConnectorDefinition1')]",
        "displayName": "QscoutAppEventsConnector",
        "contentKind": "DataConnector",
        "mainTemplate": {
          "$schema": "https://schema.management.azure.com/schemas/2019-04-01/deploymentTemplate.json#",
          "contentVersion": "[variables('dataConnectorCCPVersion')]",
          "parameters": {},
          "variables": {},
          "resources": [
            {
              "name": "[concat(parameters('workspace'),'/Microsoft.SecurityInsights/',variables('_dataConnectorContentIdConnectorDefinition1'))]",
              "apiVersion": "2022-09-01-preview",
              "type": "Microsoft.OperationalInsights/workspaces/providers/dataConnectorDefinitions",
              "location": "[parameters('workspace-location')]",
              "kind": "Customizable",
              "properties": {
                "connectorUiConfig": {
                  "id": "QscoutAppEventsCCFDefinition",
                  "title": "QscoutAppEventsConnector",
                  "publisher": "Quokka",
                  "descriptionMarkdown": "Ingest Qscout application events into Microsoft Sentinel",
                  "graphQueriesTableName": "QscoutAppEvents_CL",
                  "graphQueries": [
                    {
                      "metricName": "Events received",
                      "legend": "Data connector events",
                      "baseQuery": "{{graphQueriesTableName}}"
                    }
                  ],
                  "sampleQueries": [
                    {
                      "description": "All event logs",
                      "query": "{{graphQueriesTableName}} | take 10"
                    }
                  ],
                  "dataTypes": [
                    {
                      "name": "{{graphQueriesTableName}}",
                      "lastDataReceivedQuery": "{{graphQueriesTableName}} | summarize Time = max  (TimeGenerated)\n|where isnotempty(Time)"
                    }
                  ],
                  "connectivityCriteria": [
                    {
                      "type": "HasDataConnectors"
                    }
                  ],
                  "permissions": {
                    "resourceProvider": [
                      {
                        "provider": "Microsoft.OperationalInsights/workspaces",
                        "permissionsDisplayText": "Read and Write permissions are required.",
                        "providerDisplayName": "Workspace",
                        "scope": "Workspace",
                        "requiredPermissions": {
                          "write": true,
                          "read": true,
                          "delete": true
                        }
                      }
                    ],
                    "customs": [
                      {
                        "name": "Qscout Organization ID",
                        "description": "The API requires your organization ID in Qscout."
                      },
                      {
                        "name": "Qscout Organization API Key",
                        "description": "The API requires your organization API key in Qscout."
                      }
                    ]
                  },
                  "instructionSteps": [
                    {
                      "description": ">**NOTE:** This connector uses Codeless Connector Framework (CCF) to connect to the Qscout app events feed and ingest data into Microsoft Sentinel"
                    },
                    {
                      "description": "Provide the required values below:\n",
                      "instructions": [
                        {
                          "type": "Textbox",
                          "parameters": {
                            "label": "Qscout Organization ID",
                            "placeholder": "123456",
                            "type": "text",
                            "name": "organizationId"
                          }
                        },
                        {
                          "type": "Textbox",
                          "parameters": {
                            "label": "Qscout Organization API Key",
                            "placeholder": "abcdxyz",
                            "type": "password",
                            "name": "apiKey"
                          }
                        },
                        {
                          "type": "ConnectionToggleButton",
                          "parameters": {
                            "connectLabel": "Connect",
                            "name": "connect"
                          }
                        }
                      ]
                    }
                  ]
                }
              }
            },
            {
              "name": "[concat(parameters('workspace'),'/Microsoft.SecurityInsights/',concat('DataConnector-', variables('_dataConnectorContentIdConnectorDefinition1')))]",
              "apiVersion": "2022-01-01-preview",
              "type": "Microsoft.OperationalInsights/workspaces/providers/metadata",
              "properties": {
                "parentId": "[extensionResourceId(resourceId('Microsoft.OperationalInsights/workspaces', parameters('workspace')), 'Microsoft.SecurityInsights/dataConnectorDefinitions', variables('_dataConnectorContentIdConnectorDefinition1'))]",
                "contentId": "[variables('_dataConnectorContentIdConnectorDefinition1')]",
                "kind": "DataConnector",
                "version": "[variables('dataConnectorCCPVersion')]",
                "source": {
                  "sourceId": "[variables('_solutionId')]",
                  "name": "[variables('_solutionName')]",
                  "kind": "Solution"
                },
                "author": {
                  "name": "Quokka",
                  "email": "[variables('_email')]"
                },
                "support": {
                  "name": "Quokka",
                  "tier": "Partner",
                  "link": "https://www.quokka.io/contact-us#customer-support"
                },
                "dependencies": {
                  "criteria": [
                    {
                      "version": "[variables('dataConnectorCCPVersion')]",
                      "contentId": "[variables('_dataConnectorContentIdConnections1')]",
                      "kind": "ResourcesDataConnector"
                    }
                  ]
                }
              }
            },
            {
              "name": "QscoutAppEventsDCR",
              "apiVersion": "2022-06-01",
              "type": "Microsoft.Insights/dataCollectionRules",
              "location": "[parameters('workspace-location')]",
              "kind": "[variables('blanks')]",
              "properties": {
                "streamDeclarations": {
                  "Custom-QscoutAppEvents_CL": {
                    "columns": [
                      {
                        "name": "app_id",
                        "type": "string"
                      },
                      {
                        "name": "org_id",
                        "type": "string"
                      },
                      {
                        "name": "package",
                        "type": "string"
                      },
                      {
                        "name": "version",
                        "type": "string"
                      },
                      {
                        "name": "platform",
                        "type": "string"
                      },
                      {
                        "name": "mdm_source",
                        "type": "string"
                      },
                      {
                        "name": "mdm_device_id",
                        "type": "string"
                      },
                      {
                        "name": "device_os_build_version",
                        "type": "string"
                      },
                      {
                        "name": "result_type",
                        "type": "string"
                      },
                      {
                        "name": "results",
                        "type": "dynamic"
                      },
                      {
                        "name": "received_at",
                        "type": "datetime"
                      }
                    ]
                  }
                },
                "dataSources": "[variables('TemplateEmptyObject')]",
                "destinations": {
                  "logAnalytics": [
                    {
                      "workspaceResourceId": "[variables('workspaceResourceId')]",
                      "name": "clv2ws1"
                    }
                  ]
                },
                "dataFlows": [
                  {
                    "streams": [
                      "Custom-QscoutAppEvents_CL"
                    ],
                    "destinations": [
                      "clv2ws1"
                    ],
                    "transformKql": "source\n| extend TimeGenerated = todatetime(received_at)\n",
                    "outputStream": "Custom-QscoutAppEvents_CL"
                  }
                ],
                "dataCollectionEndpointId": "[variables('dataCollectionEndpointId1')]"
              }
            },
            {
              "name": "QscoutAppEvents_CL",
              "apiVersion": "2022-10-01",
              "type": "Microsoft.OperationalInsights/workspaces/tables",
              "location": "[parameters('workspace-location')]",
              "kind": null,
              "properties": {
                "schema": {
                  "name": "QscoutAppEvents_CL",
                  "columns": [
                    {
                      "name": "TimeGenerated",
                      "type": "datetime",
                      "description": "The timestamp (UTC) reflecting the time when the event was ingested"
                    },
                    {
                      "name": "app_id",
                      "type": "string"
                    },
                    {
                      "name": "org_id",
                      "type": "string",
                      "description": "Unique identifier of the organization"
                    },
                    {
                      "name": "package",
                      "type": "string",
                      "description": "The package name of the application"
                    },
                    {
                      "name": "version",
                      "type": "string",
                      "description": "The version of the application"
                    },
                    {
                      "name": "platform",
                      "type": "string",
                      "description": "The platform of the device (e.g., iOS, Android)"
                    },
                    {
                      "name": "mdm_source",
                      "type": "string",
                      "description": "The Mobile Device Management source"
                    },
                    {
                      "name": "mdm_device_id",
                      "type": "string",
                      "description": "The unique identifier of the device in MDM"
                    },
                    {
                      "name": "device_os_build_version",
                      "type": "string",
                      "description": "The OS build version of the device"
                    },
                    {
                      "name": "result_type",
                      "type": "string",
                      "description": "The type of result returned"
                    },
                    {
                      "name": "results",
                      "type": "dynamic",
                      "description": "The detailed results of the app event"
                    },
                    {
                      "name": "received_at",
                      "type": "datetime",
                      "description": "The timestamp when the event was received from QScout"
                    }
                  ]
                }
              }
            }
          ]
        },
        "packageKind": "Solution",
        "packageVersion": "[variables('_solutionVersion')]",
        "packageName": "[variables('_solutionName')]",
        "contentProductId": "[concat(take(variables('_solutionId'), 50),'-','dc','-', uniqueString(concat(variables('_solutionId'),'-','DataConnector','-',variables('_dataConnectorContentIdConnectorDefinition1'),'-', variables('dataConnectorCCPVersion'))))]",
        "packageId": "[variables('_solutionId')]",
        "contentSchemaVersion": "3.0.0",
        "version": "[variables('dataConnectorCCPVersion')]"
      }
    },
    {
      "name": "[concat(parameters('workspace'),'/Microsoft.SecurityInsights/',variables('_dataConnectorContentIdConnectorDefinition1'))]",
      "apiVersion": "2022-09-01-preview",
      "type": "Microsoft.OperationalInsights/workspaces/providers/dataConnectorDefinitions",
      "location": "[parameters('workspace-location')]",
      "kind": "Customizable",
      "properties": {
        "connectorUiConfig": {
          "id": "QscoutAppEventsCCFDefinition",
          "title": "QscoutAppEventsConnector",
          "publisher": "Quokka",
          "descriptionMarkdown": "Ingest Qscout application events into Microsoft Sentinel",
          "graphQueriesTableName": "QscoutAppEvents_CL",
          "graphQueries": [
            {
              "metricName": "Events received",
              "legend": "Data connector events",
              "baseQuery": "{{graphQueriesTableName}}"
            }
          ],
          "sampleQueries": [
            {
              "description": "All event logs",
              "query": "{{graphQueriesTableName}} | take 10"
            }
          ],
          "dataTypes": [
            {
              "name": "{{graphQueriesTableName}}",
              "lastDataReceivedQuery": "{{graphQueriesTableName}} | summarize Time = max  (TimeGenerated)\n|where isnotempty(Time)"
            }
          ],
          "connectivityCriteria": [
            {
              "type": "HasDataConnectors"
            }
          ],
          "permissions": {
            "resourceProvider": [
              {
                "provider": "Microsoft.OperationalInsights/workspaces",
                "permissionsDisplayText": "Read and Write permissions are required.",
                "providerDisplayName": "Workspace",
                "scope": "Workspace",
                "requiredPermissions": {
                  "write": true,
                  "read": true,
                  "delete": true
                }
              }
            ],
            "customs": [
              {
                "name": "Qscout Organization ID",
                "description": "The API requires your organization ID in Qscout."
              },
              {
                "name": "Qscout Organization API Key",
                "description": "The API requires your organization API key in Qscout."
              }
            ]
          },
          "instructionSteps": [
            {
              "description": ">**NOTE:** This connector uses Codeless Connector Framework (CCF) to connect to the Qscout app events feed and ingest data into Microsoft Sentinel"
            },
            {
              "description": "Provide the required values below:\n",
              "instructions": [
                {
                  "type": "Textbox",
                  "parameters": {
                    "label": "Qscout Organization ID",
                    "placeholder": "123456",
                    "type": "text",
                    "name": "organizationId"
                  }
                },
                {
                  "type": "Textbox",
                  "parameters": {
                    "label": "Qscout Organization API Key",
                    "placeholder": "abcdxyz",
                    "type": "password",
                    "name": "apiKey"
                  }
                },
                {
                  "type": "ConnectionToggleButton",
                  "parameters": {
                    "connectLabel": "Connect",
                    "name": "connect"
                  }
                }
              ]
            }
          ]
        }
      }
    },
    {
      "name": "[concat(parameters('workspace'),'/Microsoft.SecurityInsights/',concat('DataConnector-', variables('_dataConnectorContentIdConnectorDefinition1')))]",
      "apiVersion": "2022-01-01-preview",
      "type": "Microsoft.OperationalInsights/workspaces/providers/metadata",
      "properties": {
        "parentId": "[extensionResourceId(resourceId('Microsoft.OperationalInsights/workspaces', parameters('workspace')), 'Microsoft.SecurityInsights/dataConnectorDefinitions', variables('_dataConnectorContentIdConnectorDefinition1'))]",
        "contentId": "[variables('_dataConnectorContentIdConnectorDefinition1')]",
        "kind": "DataConnector",
        "version": "[variables('dataConnectorCCPVersion')]",
        "source": {
          "sourceId": "[variables('_solutionId')]",
          "name": "[variables('_solutionName')]",
          "kind": "Solution"
        },
        "author": {
          "name": "Quokka",
          "email": "[variables('_email')]"
        },
        "support": {
          "name": "Quokka",
          "tier": "Partner",
          "link": "https://www.quokka.io/contact-us#customer-support"
        },
        "dependencies": {
          "criteria": [
            {
              "version": "[variables('dataConnectorCCPVersion')]",
              "contentId": "[variables('_dataConnectorContentIdConnections1')]",
              "kind": "ResourcesDataConnector"
            }
          ]
        }
      }
    },
    {
      "type": "Microsoft.OperationalInsights/workspaces/providers/contentTemplates",
      "apiVersion": "2023-04-01-preview",
      "name": "[concat(parameters('workspace'),'/Microsoft.SecurityInsights/', variables('dataConnectorTemplateNameConnections1'), variables('dataConnectorCCPVersion'))]",
      "location": "[parameters('workspace-location')]",
      "dependsOn": [
        "[extensionResourceId(resourceId('Microsoft.OperationalInsights/workspaces', parameters('workspace')), 'Microsoft.SecurityInsights/contentPackages', variables('_solutionId'))]"
      ],
      "properties": {
        "contentId": "[variables('_dataConnectorContentIdConnections1')]",
        "displayName": "QscoutAppEventsConnector",
        "contentKind": "ResourcesDataConnector",
        "mainTemplate": {
          "$schema": "https://schema.management.azure.com/schemas/2019-04-01/deploymentTemplate.json#",
          "contentVersion": "[variables('dataConnectorCCPVersion')]",
          "parameters": {
            "guidValue": {
              "defaultValue": "[[newGuid()]",
              "type": "securestring"
            },
            "innerWorkspace": {
              "defaultValue": "[parameters('workspace')]",
              "type": "securestring"
            },
            "connectorDefinitionName": {
              "defaultValue": "QscoutAppEventsConnector",
              "type": "securestring",
              "minLength": 1
            },
            "workspace": {
              "defaultValue": "[parameters('workspace')]",
              "type": "securestring"
            },
            "dcrConfig": {
              "defaultValue": {
                "dataCollectionEndpoint": "data collection Endpoint",
                "dataCollectionRuleImmutableId": "data collection rule immutableId"
              },
              "type": "object"
            },
            "organizationId": {
              "defaultValue": "organizationId",
              "type": "securestring",
              "minLength": 1
            },
            "apiKey": {
              "defaultValue": "apiKey",
              "type": "securestring",
              "minLength": 1
            }
          },
          "variables": {
            "_dataConnectorContentIdConnections1": "[variables('_dataConnectorContentIdConnections1')]"
          },
          "resources": [
            {
              "name": "[concat(parameters('workspace'),'/Microsoft.SecurityInsights/',concat('DataConnector-', variables('_dataConnectorContentIdConnections1')))]",
              "apiVersion": "2022-01-01-preview",
              "type": "Microsoft.OperationalInsights/workspaces/providers/metadata",
              "properties": {
                "parentId": "[extensionResourceId(resourceId('Microsoft.OperationalInsights/workspaces', parameters('workspace')), 'Microsoft.SecurityInsights/dataConnectors', variables('_dataConnectorContentIdConnections1'))]",
                "contentId": "[variables('_dataConnectorContentIdConnections1')]",
                "kind": "ResourcesDataConnector",
                "version": "[variables('dataConnectorCCPVersion')]",
                "source": {
                  "sourceId": "[variables('_solutionId')]",
                  "name": "[variables('_solutionName')]",
                  "kind": "Solution"
                },
                "author": {
                  "name": "Quokka",
                  "email": "[variables('_email')]"
                },
                "support": {
                  "name": "Quokka",
                  "tier": "Partner",
                  "link": "https://www.quokka.io/contact-us#customer-support"
                }
              }
            },
            {
              "name": "[[concat(parameters('innerWorkspace'),'/Microsoft.SecurityInsights/', 'QscoutAppEventsConnector', parameters('guidValue'))]",
              "apiVersion": "2023-02-01-preview",
              "type": "Microsoft.OperationalInsights/workspaces/providers/dataConnectors",
              "location": "[parameters('workspace-location')]",
              "kind": "RestApiPoller",
              "properties": {
                "connectorDefinitionName": "QscoutAppEventsCCFDefinition",
                "dcrConfig": {
                  "dataCollectionEndpoint": "[[parameters('dcrConfig').dataCollectionEndpoint]",
                  "dataCollectionRuleImmutableId": "[[parameters('dcrConfig').dataCollectionRuleImmutableId]",
                  "streamName": "Custom-QscoutAppEvents_CL"
                },
                "dataType": "QscoutAppEvents_CL",
                "response": {
                  "eventsJsonPaths": [
                    "$"
                  ],
                  "format": "json"
                },
                "auth": {
                  "type": "APIKey",
                  "ApiKeyName": "x-api-key",
                  "APIKey": "[[parameters('apiKey')]"
                },
                "request": {
                  "apiEndpoint": "[[concat('https://api.krwr.net/app-event-feed/export/',parameters('organizationId'))]",
                  "rateLimitQPS": 10,
                  "queryWindowInMin": 5,
                  "queryTimeFormat": "yyyy-MM-dd'T'HH:mm:ss'.00Z'",
                  "httpMethod": "GET",
                  "retryCount": 3,
                  "timeoutInSeconds": 60,
                  "headers": {
                    "Accept": "application/json",
                    "User-Agent": "Microsoft-Azure-Sentinel-QscoutAppEventsCCFDefinition"
                  }
                },
                "isActive": true
              }
            }
          ]
        },
        "packageKind": "Solution",
        "packageVersion": "[variables('_solutionVersion')]",
        "packageName": "[variables('_solutionName')]",
        "contentProductId": "[concat(take(variables('_solutionId'), 50),'-','rdc','-', uniqueString(concat(variables('_solutionId'),'-','ResourcesDataConnector','-',variables('_dataConnectorContentIdConnections1'),'-', variables('dataConnectorCCPVersion'))))]",
        "packageId": "[variables('_solutionId')]",
        "contentSchemaVersion": "3.0.0",
        "version": "[variables('dataConnectorCCPVersion')]"
      }
    },
    {
      "type": "Microsoft.OperationalInsights/workspaces/providers/contentPackages",
      "apiVersion": "2023-04-01-preview",
      "location": "[parameters('workspace-location')]",
      "properties": {
        "version": "3.0.1",
        "kind": "Solution",
        "contentSchemaVersion": "3.0.0",
        "displayName": "Quokka",
        "publisherDisplayName": "Quokka",
        "descriptionHtml": "<p><strong>Note:</strong> Please refer to the following before installing the solution:</p>\n<p>• Review the solution <a href=\"https://github.com/Azure/Azure-Sentinel/tree/master/Solutions/Quokka/ReleaseNotes.md\">Release Notes</a></p>\n<p>• There may be <a href=\"https://aka.ms/sentinelsolutionsknownissues\">known issues</a> pertaining to this Solution, please refer to them before installing.</p>\n<p>The Qscout CCF data connector ingest app events logs from Quokka Qscout platform</p>\n<p><strong>Data Connectors:</strong> 1, <strong>Workbooks:</strong> 1, <strong>Analytic Rules:</strong> 1</p>\n<p><a href=\"https://aka.ms/azuresentinel\">Learn more about Microsoft Sentinel</a> | <a href=\"https://aka.ms/azuresentinelsolutionsdoc\">Learn more about Solutions</a></p>\n",
        "contentKind": "Solution",
        "contentProductId": "[variables('_solutioncontentProductId')]",
        "id": "[variables('_solutioncontentProductId')]",
        "icon": "<img src=\"https://raw.githubusercontent.com/Azure/Azure-Sentinel/master/Logos/quokka_logo.svg\" width=\"75px\" height=\"75px\">",
        "contentId": "[variables('_solutionId')]",
        "parentId": "[variables('_solutionId')]",
        "source": {
          "kind": "Solution",
          "name": "Quokka",
          "sourceId": "[variables('_solutionId')]"
        },
        "author": {
          "name": "Quokka",
          "email": "[variables('_email')]"
        },
        "support": {
          "name": "Quokka",
          "tier": "Partner",
          "link": "https://www.quokka.io/contact-us#customer-support"
        },
        "dependencies": {
          "operator": "AND",
          "criteria": [
            {
              "kind": "Workbook",
              "contentId": "[variables('_workbookContentId1')]",
              "version": "[variables('workbookVersion1')]"
            },
            {
              "kind": "AnalyticsRule",
              "contentId": "[variables('analyticRuleObject1')._analyticRulecontentId1]",
              "version": "[variables('analyticRuleObject1').analyticRuleVersion1]"
            },
            {
              "kind": "DataConnector",
              "contentId": "[variables('_dataConnectorContentIdConnections1')]",
              "version": "[variables('dataConnectorCCPVersion')]"
            }
          ]
        },
        "firstPublishDate": "2025-10-30",
        "providers": [
          "Quokka"
        ],
        "categories": {
          "domains": [
            "Security - Threat Protection"
          ]
        }
      },
      "name": "[concat(parameters('workspace'),'/Microsoft.SecurityInsights/', variables('_solutionId'))]"
    }
  ],
  "outputs": {}
}
