﻿{
    "$schema":  "https://schema.management.azure.com/schemas/0.1.2-preview/CreateUIDefinition.MultiVm.json#",
    "handler":  "Microsoft.Azure.CreateUIDef",
    "version":  "0.1.2-preview",
    "parameters":  {
                       "config":  {
                                      "isWizard":  false,
                                      "basics":  {
                                                     "description":  "\u003cimg src=\"https://raw.githubusercontent.com/andedevsecops/Azure-Sentinel/master/Solutions/GitHub/Workbooks/images/GitHub.svg\" width=\"75px\" height=\"75px\"\u003e\n\n**Important:** _This Azure Sentinel Solution is currently in public preview. This feature is provided without a service level agreement, and it\u0027s not recommended for production workloads. Certain features might not be supported or might have constrained capabilities. For more information, see [Supplemental Terms of Use for Microsoft Azure Previews](https://azure.microsoft.com/support/legal/preview-supplemental-terms/)._\n\n**Note:** _There may be [known issues](https://aka.ms/sentinelsolutionsknownissues) pertaining to this Solution, please refer to them before installing._\n\nThe GitHub Enterprise connector provides the capability to ingest audit, repo and vulnerability alerts from the GitHub Enterprise into Azure Sentinel. The connector provides visibility into these log types in Azure Sentinel to view dashboards, create custom alerts, and to improve monitoring and investigation capabilities.\n\nAzure Sentinel Solutions provide a consolidated way to acquire Azure Sentinel content like data connectors, workbooks, analytics, and automations in your workspace with a single deployment step.\n\n**Data Connectors:** 1, **Parsers:** 2, **Workbooks:** 1, **Analytic Rules:** 4, **Hunting Queries:** 10\n\n[Learn more about Azure Sentinel](https://aka.ms/azuresentinel) | [Learn more about Solutions](https://aka.ms/azuresentinelsolutionsdoc)",
                                                     "subscription":  {
                                                                          "resourceProviders":  [
                                                                                                    "Microsoft.OperationsManagement/solutions",
                                                                                                    "Microsoft.OperationalInsights/workspaces/providers/alertRules",
                                                                                                    "Microsoft.Insights/workbooks",
                                                                                                    "Microsoft.Logic/workflows"
                                                                                                ]
                                                                      },
                                                     "location":  {
                                                                      "metadata":  {
                                                                                       "hidden":  "Hiding location, we get it from the log analytics workspace"
                                                                                   },
                                                                      "visible":  false
                                                                  },
                                                     "resourceGroup":  {
                                                                           "allowExisting":  true
                                                                       }
                                                 }
                                  },
                       "basics":  [
                                      {
                                          "name":  "workspace",
                                          "type":  "Microsoft.Solutions.ResourceSelector",
                                          "label":  "Log Analytics Workspace",
                                          "toolTip":  "Select the Log Analytics Workspace to add the Azure Sentinel solution contents",
                                          "resourceType":  "Microsoft.OperationalInsights/workspaces",
                                          "options":  {
                                                          "filter":  {
                                                                         "subscription":  "onBasics"
                                                                     }
                                                      },
                                          "visible":  true
                                      }
                                  ],
                       "steps":  [
                                     {
                                         "name":  "dataconnectors",
                                         "label":  "Data Connectors",
                                         "bladeTitle":  "Data Connectors",
                                         "elements":  [
                                                          {
                                                              "name":  "dataconnectors1-text",
                                                              "type":  "Microsoft.Common.TextBlock",
                                                              "options":  {
                                                                              "text":  "This Solution installs the data connector for GitHub. You can get GitHub custom log data in your Azure Sentinel workspace. Configure and enable this data connector in the Data Connector gallery after this Solution deploys. This data connector creates custom log table(s) GitHub_CL GitHubRepoLogs_CL in your Azure Sentinel / Azure Log Analytics workspace."
                                                                          }
                                                          },
                                                          {
                                                              "name":  "dataconnectors-parser-text",
                                                              "type":  "Microsoft.Common.TextBlock",
                                                              "options":  {
                                                                              "text":  "The Solution installs a parser that transforms the ingested data into Azure Sentinel normalized format. The normalized format enables better correlation of different types of data from different data sources to drive end-to-end outcomes seamlessly in security monitoring, hunting, incident investigation and response scenarios in Azure Sentinel."
                                                                          }
                                                          },
                                                          {
                                                              "name":  "dataconnectors-link1",
                                                              "type":  "Microsoft.Common.TextBlock",
                                                              "options":  {
                                                                              "link":  {
                                                                                           "label":  "Learn more about normalized format",
                                                                                           "uri":  "https://docs.microsoft.com/azure/sentinel/normalization-schema"
                                                                                       }
                                                                          }
                                                          },
                                                          {
                                                              "name":  "dataconnectors-link2",
                                                              "type":  "Microsoft.Common.TextBlock",
                                                              "options":  {
                                                                              "link":  {
                                                                                           "label":  "Learn more about connecting data sources",
                                                                                           "uri":  "https://docs.microsoft.com/azure/sentinel/connect-data-sources"
                                                                                       }
                                                                          }
                                                          }
                                                      ]
                                     },
                                     {
                                         "name":  "workbooks",
                                         "label":  "Workbooks",
                                         "subLabel":  {
                                                          "preValidation":  "Configure the workbooks",
                                                          "postValidation":  "Done"
                                                      },
                                         "bladeTitle":  "Workbooks",
                                         "elements":  [
                                                          {
                                                              "name":  "workbooks-text",
                                                              "type":  "Microsoft.Common.TextBlock",
                                                              "options":  {
                                                                              "text":  "This Azure Sentinel Solution installs workbooks. Workbooks provide a flexible canvas for data monitoring, analysis, and the creation of rich visual reports within the Azure portal. They allow you to tap into one or many data sources from Azure Sentinel and combine them into unified interactive experiences.",
                                                                              "link":  {
                                                                                           "label":  "Learn more",
                                                                                           "uri":  "https://docs.microsoft.com/azure/sentinel/tutorial-monitor-your-data"
                                                                                       }
                                                                          }
                                                          },
                                                          {
                                                              "name":  "workbook1",
                                                              "type":  "Microsoft.Common.Section",
                                                              "label":  "GitHub",
                                                              "elements":  [
                                                                               {
                                                                                   "name":  "workbook1-text",
                                                                                   "type":  "Microsoft.Common.TextBlock",
                                                                                   "options":  {
                                                                                                   "text":  "Gain insights into GitHub security logs"
                                                                                               }
                                                                               },
                                                                               {
                                                                                   "name":  "workbook1-name",
                                                                                   "type":  "Microsoft.Common.TextBox",
                                                                                   "label":  "Display Name",
                                                                                   "defaultValue":  "GitHub",
                                                                                   "toolTip":  "Display name for the workbook.",
                                                                                   "constraints":  {
                                                                                                       "required":  true,
                                                                                                       "regex":  "[a-z0-9A-Z]{1,256}$",
                                                                                                       "validationMessage":  "Please enter a workbook name"
                                                                                                   }
                                                                               }
                                                                           ]
                                                          }
                                                      ]
                                     },
                                     {
                                         "name":  "analytics",
                                         "label":  "Analytics",
                                         "subLabel":  {
                                                          "preValidation":  "Configure the analytics",
                                                          "postValidation":  "Done"
                                                      },
                                         "bladeTitle":  "Analytics",
                                         "elements":  [
                                                          {
                                                              "name":  "analytics-text",
                                                              "type":  "Microsoft.Common.TextBlock",
                                                              "options":  {
                                                                              "text":  "This Azure Sentinel Solution installs analytic rules for GitHub that you can enable for custom alert generation in Azure Sentinel. These analytic rules will be deployed in disabled mode in the analytics rules gallery of your Azure Sentinel workspace. Configure and enable these rules in the analytic rules gallery after this Solution deploys.",
                                                                              "link":  {
                                                                                           "label":  "Learn more",
                                                                                           "uri":  "https://docs.microsoft.com/azure/sentinel/tutorial-detect-threats-custom?WT.mc_id=Portal-Microsoft_Azure_CreateUIDef"
                                                                                       }
                                                                          }
                                                          },
                                                          {
                                                              "name":  "analytic1",
                                                              "type":  "Microsoft.Common.Section",
                                                              "label":  "GitHub Activites from a New Country",
                                                              "elements":  [
                                                                               {
                                                                                   "name":  "analytic1-text",
                                                                                   "type":  "Microsoft.Common.TextBlock",
                                                                                   "options":  {
                                                                                                   "text":  "Detect activities from a location that was not recently or was never visited by the user or by any user in your organization."
                                                                                               }
                                                                               }
                                                                           ]
                                                          },
                                                          {
                                                              "name":  "analytic2",
                                                              "type":  "Microsoft.Common.Section",
                                                              "label":  "GitHub Security Vulnerability in Repository",
                                                              "elements":  [
                                                                               {
                                                                                   "name":  "analytic2-text",
                                                                                   "type":  "Microsoft.Common.TextBlock",
                                                                                   "options":  {
                                                                                                   "text":  "This alerts when there is a new security vulnerability in a GitHub repository."
                                                                                               }
                                                                               }
                                                                           ]
                                                          },
                                                          {
                                                              "name":  "analytic3",
                                                              "type":  "Microsoft.Common.Section",
                                                              "label":  "TI map IP entity to GitHub_CL",
                                                              "elements":  [
                                                                               {
                                                                                   "name":  "analytic3-text",
                                                                                   "type":  "Microsoft.Common.TextBlock",
                                                                                   "options":  {
                                                                                                   "text":  "Identifies a match in GitHub_CL table from any IP IOC from TI"
                                                                                               }
                                                                               }
                                                                           ]
                                                          },
                                                          {
                                                              "name":  "analytic4",
                                                              "type":  "Microsoft.Common.Section",
                                                              "label":  "GitHub Two Factor Auth Disable",
                                                              "elements":  [
                                                                               {
                                                                                   "name":  "analytic4-text",
                                                                                   "type":  "Microsoft.Common.TextBlock",
                                                                                   "options":  {
                                                                                                   "text":  "Two-factor authentication is a process where a user is prompted during the sign-in process for an additional form of identification, such as to enter a code on their cellphone or to provide a fingerprint scan. Two factor authentication reduces the risk of account takeover. Attacker will want to disable such security tools in order to go undetected. "
                                                                                               }
                                                                               }
                                                                           ]
                                                          }
                                                      ]
                                     },
                                     {
                                         "name":  "huntingqueries",
                                         "label":  "Hunting Queries",
                                         "bladeTitle":  "Hunting Queries",
                                         "elements":  [
                                                          {
                                                              "name":  "huntingqueries-text",
                                                              "type":  "Microsoft.Common.TextBlock",
                                                              "options":  {
                                                                              "text":  "This Azure Sentinel Solution installs hunting queries for GitHub that you can run in Azure Sentinel. These hunting queries will be deployed in the Hunting gallery of your Azure Sentinel workspace. Run these hunting queries to hunt for threats in the Hunting gallery after this Solution deploys.",
                                                                              "link":  {
                                                                                           "label":  "Learn more",
                                                                                           "uri":  "https://docs.microsoft.com/azure/sentinel/hunting"
                                                                                       }
                                                                          }
                                                          },
                                                          {
                                                              "name":  "huntingquery1",
                                                              "type":  "Microsoft.Common.Section",
                                                              "label":  "GitHub First Time Invite Member and Add Member to Repo",
                                                              "elements":  [
                                                                               {
                                                                                   "name":  "huntingquery1-text",
                                                                                   "type":  "Microsoft.Common.TextBlock",
                                                                                   "options":  {
                                                                                                   "text":  "This hunting query identifies a user that add/invite a member to the organization for the first time. This technique can be leveraged by attackers to add stealth account access to the organization. "
                                                                                               }
                                                                               }
                                                                           ]
                                                          },
                                                          {
                                                              "name":  "huntingquery2",
                                                              "type":  "Microsoft.Common.Section",
                                                              "label":  "GitHub Inactive or New Account Access or Usage",
                                                              "elements":  [
                                                                               {
                                                                                   "name":  "huntingquery2-text",
                                                                                   "type":  "Microsoft.Common.TextBlock",
                                                                                   "options":  {
                                                                                                   "text":  "This hunting query identifies Accounts that are new or inactive and have accessed or used GitHub that may be a sign of compromise. "
                                                                                               }
                                                                               }
                                                                           ]
                                                          },
                                                          {
                                                              "name":  "huntingquery3",
                                                              "type":  "Microsoft.Common.Section",
                                                              "label":  "GitHub Mass Deletion of repos or projects",
                                                              "elements":  [
                                                                               {
                                                                                   "name":  "huntingquery3-text",
                                                                                   "type":  "Microsoft.Common.TextBlock",
                                                                                   "options":  {
                                                                                                   "text":  "This hunting query identifies GitHub activites where there are a large number of deletions that may be a sign of compromise. "
                                                                                               }
                                                                               }
                                                                           ]
                                                          },
                                                          {
                                                              "name":  "huntingquery4",
                                                              "type":  "Microsoft.Common.Section",
                                                              "label":  "GitHub OAuth App Restrictions Disabled",
                                                              "elements":  [
                                                                               {
                                                                                   "name":  "huntingquery4-text",
                                                                                   "type":  "Microsoft.Common.TextBlock",
                                                                                   "options":  {
                                                                                                   "text":  "This hunting query identifies GitHub OAuth Apps that have restrictions disabled that may be a sign of compromise. Attacker will want to disable such security tools in order to go undetected.  "
                                                                                               }
                                                                               }
                                                                           ]
                                                          },
                                                          {
                                                              "name":  "huntingquery5",
                                                              "type":  "Microsoft.Common.Section",
                                                              "label":  "GitHub Update Permissions",
                                                              "elements":  [
                                                                               {
                                                                                   "name":  "huntingquery5-text",
                                                                                   "type":  "Microsoft.Common.TextBlock",
                                                                                   "options":  {
                                                                                                   "text":  "This hunting query identifies GitHub activites where permissions are updated that may be a sign of compromise. "
                                                                                               }
                                                                               }
                                                                           ]
                                                          },
                                                          {
                                                              "name":  "huntingquery6",
                                                              "type":  "Microsoft.Common.Section",
                                                              "label":  "GitHub Repo switched from private to public",
                                                              "elements":  [
                                                                               {
                                                                                   "name":  "huntingquery6-text",
                                                                                   "type":  "Microsoft.Common.TextBlock",
                                                                                   "options":  {
                                                                                                   "text":  "This hunting query identifies GitHub activites where a repo was changed from private to public that may be a sign of compromise. "
                                                                                               }
                                                                               }
                                                                           ]
                                                          },
                                                          {
                                                              "name":  "huntingquery7",
                                                              "type":  "Microsoft.Common.Section",
                                                              "label":  "GitHub OAuth App Restrictions Disabled",
                                                              "elements":  [
                                                                               {
                                                                                   "name":  "huntingquery7-text",
                                                                                   "type":  "Microsoft.Common.TextBlock",
                                                                                   "options":  {
                                                                                                   "text":  "This hunting query identifies a fork activity against a repository done by a user who is not the owner of the repo nor a contributes. "
                                                                                               }
                                                                               }
                                                                           ]
                                                          },
                                                          {
                                                              "name":  "huntingquery8",
                                                              "type":  "Microsoft.Common.Section",
                                                              "label":  "GitHub Repo Clone - Time Series Anomly",
                                                              "elements":  [
                                                                               {
                                                                                   "name":  "huntingquery8-text",
                                                                                   "type":  "Microsoft.Common.TextBlock",
                                                                                   "options":  {
                                                                                                   "text":  "Attacker can exfiltrate data from you GitHub repository after gaining access to it by performing clone action. This hunting queries allows you to track the clones activities for each of your repositories. The visualization allow you to quickly identify anomalies/excessive clone, to further investigate repo access \u0026 permissions "
                                                                                               }
                                                                               }
                                                                           ]
                                                          },
                                                          {
                                                              "name":  "huntingquery9",
                                                              "type":  "Microsoft.Common.Section",
                                                              "label":  "GitHub First Time Repo Delete",
                                                              "elements":  [
                                                                               {
                                                                                   "name":  "huntingquery9-text",
                                                                                   "type":  "Microsoft.Common.TextBlock",
                                                                                   "options":  {
                                                                                                   "text":  "This hunting query identifies GitHub activites its the first time a user deleted a repo that may be a sign of compromise. "
                                                                                               }
                                                                               }
                                                                           ]
                                                          },
                                                          {
                                                              "name":  "huntingquery10",
                                                              "type":  "Microsoft.Common.Section",
                                                              "label":  "GitHub User Grants Access and Other User Grants Access",
                                                              "elements":  [
                                                                               {
                                                                                   "name":  "huntingquery10-text",
                                                                                   "type":  "Microsoft.Common.TextBlock",
                                                                                   "options":  {
                                                                                                   "text":  "This hunting query identifies Accounts in GitHub that have granted access to another account which then grants access to yet another account that may be a sign of compromise. "
                                                                                               }
                                                                               }
                                                                           ]
                                                          }
                                                      ]
                                     }
                                 ],
                       "outputs":  {
                                       "workspace-location":  "[basics(\u0027workspace\u0027).location]",
                                       "location":  "[location()]",
                                       "workspace":  "[basics(\u0027workspace\u0027).name]",
                                       "workbook1-name":  "[steps(\u0027workbooks\u0027).workbook1.workbook1-name]"
                                   }
                   }
}
