{
  "$schema": "https://schema.management.azure.com/schemas/0.1.2-preview/CreateUIDefinition.MultiVm.json#",
  "handler": "Microsoft.Azure.CreateUIDef",
  "version": "0.1.2-preview",
  "parameters": {
    "config": {
      "isWizard": false,
      "basics": {
        "description": "<img src=\"https://raw.githubusercontent.com/Azure/Azure-Sentinel/master/Logos/AzFirewalls.svg\" width=\"75px\" height=\"75px\">\n\n**Note:** _There may be [known issues](https://aka.ms/sentinelsolutionsknownissues) pertaining to this Solution, please refer to them before installing._\n\nThe [Azure Firewall](https://docs.microsoft.com/azure/firewall/overview) solution for Microsoft Sentinel enables ingestion of DNS Proxy, Application Rule and Network Rule [logs](https://docs.microsoft.com/azure/firewall/logs-and-metrics) from Azure Firewalls.\n\n**Underlying Microsoft Technologies used:**\n\nThis solution takes a dependency on the following technologies, and some of these dependencies either may be in [Preview](https://azure.microsoft.com/support/legal/preview-supplemental-terms/) state or might result in additional ingestion or operational costs\n\n a. [Azure Monitor Resource Diagnostics](https://docs.microsoft.com/azure/azure-monitor/essentials/diagnostic-settings?tabs=portal)\n\n**Data Connectors:** 1, **Workbooks:** 1, **Analytic Rules:** 6, **Hunting Queries:** 5, **Custom Azure Logic Apps Connectors:** 1, **Playbooks:** 3\n\n[Learn more about Microsoft Sentinel](https://aka.ms/azuresentinel) | [Learn more about Solutions](https://aka.ms/azuresentinelsolutionsdoc)",
        "subscription": {
          "resourceProviders": [
            "Microsoft.OperationsManagement/solutions",
            "Microsoft.OperationalInsights/workspaces/providers/alertRules",
            "Microsoft.Insights/workbooks",
            "Microsoft.Logic/workflows"
          ]
        },
        "location": {
          "metadata": {
            "hidden": "Hiding location, we get it from the log analytics workspace"
          },
          "visible": false
        },
        "resourceGroup": {
          "allowExisting": true
        }
      }
    },
    "basics": [
      {
        "name": "getLAWorkspace",
        "type": "Microsoft.Solutions.ArmApiControl",
        "toolTip": "This filters by workspaces that exist in the Resource Group selected",
        "condition": "[greater(length(resourceGroup().name),0)]",
        "request": {
          "method": "GET",
          "path": "[concat(subscription().id,'/providers/Microsoft.OperationalInsights/workspaces?api-version=2020-08-01')]"
        }
      },
      {
        "name": "workspace",
        "type": "Microsoft.Common.DropDown",
        "label": "Workspace",
        "placeholder": "Select a workspace",
        "toolTip": "This dropdown will list only workspace that exists in the Resource Group selected",
        "constraints": {
          "allowedValues": "[map(filter(basics('getLAWorkspace').value, (filter) => contains(toLower(filter.id), toLower(resourceGroup().name))), (item) => parse(concat('{\"label\":\"', item.name, '\",\"value\":\"', item.name, '\"}')))]",
          "required": true
        },
        "visible": true
      }
    ],
    "steps": [
      {
        "name": "dataconnectors",
        "label": "Data Connectors",
        "bladeTitle": "Data Connectors",
        "elements": [
          {
            "name": "dataconnectors1-text",
            "type": "Microsoft.Common.TextBlock",
            "options": {
              "text": "This solution installs the data connector for ingesting Azure Firewall diagnostic logs (DNS Proxy, Application Rule and Network Rule) into Microsoft Sentinel. After installing the solution, configure and enable this data connector by following guidance in Manage solution view."
            }
          },
          {
            "name": "dataconnectors-link2",
            "type": "Microsoft.Common.TextBlock",
            "options": {
              "link": {
                "label": "Learn more about connecting data sources",
                "uri": "https://docs.microsoft.com/azure/sentinel/connect-data-sources"
              }
            }
          }
        ]
      },
      {
        "name": "workbooks",
        "label": "Workbooks",
        "subLabel": {
          "preValidation": "Configure the workbooks",
          "postValidation": "Done"
        },
        "bladeTitle": "Workbooks",
        "elements": [
          {
            "name": "workbooks-text",
            "type": "Microsoft.Common.TextBlock",
            "options": {
              "text": "The workbooks installed with this solution help gain insights into Azure Firewall events. You can learn about your application and network rules, see metrics for firewall activities across URLs, ports, and addresses across multiple workspaces. After installing the solution, start using the workbook in Manage solution view."
            }
          },
          {
            "name": "workbooks-link",
            "type": "Microsoft.Common.TextBlock",
            "options": {
              "link": {
                "label": "Learn more",
                "uri": "https://docs.microsoft.com/azure/sentinel/tutorial-monitor-your-data"
              }
            }
          }
        ]
      },
      {
        "name": "analytics",
        "label": "Analytics",
        "subLabel": {
          "preValidation": "Configure the analytics",
          "postValidation": "Done"
        },
        "bladeTitle": "Analytics",
        "elements": [
          {
            "name": "analytics-text",
            "type": "Microsoft.Common.TextBlock",
            "options": {
              "text": "This solution installs the following analytic rule templates. After installing the solution, create and enable analytic rules in Manage solution view."
            }
          },
          {
            "name": "analytics-link",
            "type": "Microsoft.Common.TextBlock",
            "options": {
              "link": {
                "label": "Learn more",
                "uri": "https://docs.microsoft.com/azure/sentinel/tutorial-detect-threats-custom?WT.mc_id=Portal-Microsoft_Azure_CreateUIDef"
              }
            }
          },
          {
            "name": "analytic1",
            "type": "Microsoft.Common.Section",
            "label": "Several deny actions registered",
            "elements": [
              {
                "name": "analytic1-text",
                "type": "Microsoft.Common.TextBlock",
                "options": {
                  "text": "Identifies attack pattern when attacker tries to move, or scan, from resource to resource on the network and creates an incident when a source has more than 1 registered deny action in Azure Firewall."
                }
              }
            ]
          },
          {
            "name": "analytic2",
            "type": "Microsoft.Common.Section",
            "label": "Port Sweep",
            "elements": [
              {
                "name": "analytic2-text",
                "type": "Microsoft.Common.TextBlock",
                "options": {
                  "text": "Identifies a source IP scanning same open ports on the Azure Firewall IPs. This can indicate malicious scanning of port by an attacker, trying to reveal IPs with specific ports open in the organization. The ports can be compromised by attackers for initial access, most often by exploiting vulnerability.\n\nConfigurable Parameters:\n\n- Port sweep time - the time range to look for multiple hosts scanned. Default is set to 30 seconds.\n- Minimum different hosts threshold - alert only if more than this number of hosts scanned. Default is set to 200."
                }
              }
            ]
          },
          {
            "name": "analytic3",
            "type": "Microsoft.Common.Section",
            "label": "Port Scan",
            "elements": [
              {
                "name": "analytic3-text",
                "type": "Microsoft.Common.TextBlock",
                "options": {
                  "text": "Identifies a source IP scanning multiple open ports on Azure Firewall. This can indicate malicious scanning of ports by an attacker, trying to reveal open ports in the organization that can be compromised for initial access.\n\nConfigurable Parameters:\n\n- Port scan time - the time range to look for multiple ports scanned. Default is set to 30 seconds.\n- Minimum different ports threshold - alert only if more than this number of ports scanned. Default is set to 100."
                }
              }
            ]
          },
          {
            "name": "analytic4",
            "type": "Microsoft.Common.Section",
            "label": "Multiple Sources Affected by the Same TI Destination",
            "elements": [
              {
                "name": "analytic4-text",
                "type": "Microsoft.Common.TextBlock",
                "options": {
                  "text": "Identifies multiple machines trying to reach out to the same destination blocked by TI in Azure Firewall. This can indicate attack on the organization by the same attack group.\n\nConfigurable Parameters:\n\n- Minimum affected threshold - alert only if more than this number of hosts affected. Default is set to 5."
                }
              }
            ]
          },
          {
            "name": "analytic5",
            "type": "Microsoft.Common.Section",
            "label": "Abnormal Port to Protocol",
            "elements": [
              {
                "name": "analytic5-text",
                "type": "Microsoft.Common.TextBlock",
                "options": {
                  "text": "Identifies communication for well known protocol over a non-standard port based on learning period activity. This can indicate malicious communication (C2) or exfiltration by attackers trying to communicate over known ports (22:SSH, 80:HTTP) but dont use the known protocol headers to match the port number.\n\nConfigurable Parameters:\n\n- Learning period time - learning period for protocol learning in days. Default is set to 7."
                }
              }
            ]
          },
          {
            "name": "analytic6",
            "type": "Microsoft.Common.Section",
            "label": "Abnormal Deny Rate for Source IP",
            "elements": [
              {
                "name": "analytic6-text",
                "type": "Microsoft.Common.TextBlock",
                "options": {
                  "text": "Identifies abnormal deny rate for specific source IP to destination IP based on the normal average and standard deviation learned during a configured period. This can indicate potential exfiltration, initial access or C2, where attacker tries to exploit the same vulnerability on machines in the organization, but is being blocked by firewall rules.\n\nConfigurable Parameters:\n\n- Minimum of stds threshold - the number of stds to use in the threshold calculation. Default is set to 3.\n- Learning period time - learning period for threshold calculation in days. Default is set to 5.\n- Bin time - learning buckets time in hours. Default is set to 1 hour.\n- Minimum threshold - minimum threshold for alert. Default is set to 5.\n- Minimum bucket threshold - minimum learning buckets threshold for alert. Default is set to 5."
                }
              }
            ]
          }
        ]
      },
      {
        "name": "huntingqueries",
        "label": "Hunting Queries",
        "bladeTitle": "Hunting Queries",
        "elements": [
          {
            "name": "huntingqueries-text",
            "type": "Microsoft.Common.TextBlock",
            "options": {
              "text": "This solution installs the following hunting queries. After installing the solution, run these hunting queries to hunt for threats in Manage solution view."
            }
          },
          {
            "name": "huntingqueries-link",
            "type": "Microsoft.Common.TextBlock",
            "options": {
              "link": {
                "label": "Learn more",
                "uri": "https://docs.microsoft.com/azure/sentinel/hunting"
              }
            }
          },
          {
            "name": "huntingquery1",
            "type": "Microsoft.Common.Section",
            "label": "First Time Source IP to Destination Using Port",
            "elements": [
              {
                "name": "huntingquery1-text",
                "type": "Microsoft.Common.TextBlock",
                "options": {
                  "text": "Identifies the first time a source IP communicates with a destination using a specific port based on learning period activity. This can indicate malicious communication (C2) from machines that never accessed the destination before, using a specific port. This query can also be used for hunting destinations that were never accessed before in the organization, and correlating it with different alerts for higher confidence.\n\nConfigurable Parameters:\n\n- Learning period time - learning period for threshold calculation in days. Default is set to 7. It depends on the AzureFirewall data connector and AzureDiagnostics data type and AzureFirewall parser."
                }
              }
            ]
          },
          {
            "name": "huntingquery2",
            "type": "Microsoft.Common.Section",
            "label": "First Time Source IP to Destination",
            "elements": [
              {
                "name": "huntingquery2-text",
                "type": "Microsoft.Common.TextBlock",
                "options": {
                  "text": "Identifies the first time a source IP communicates with a destination based on a configurable learning period. This can indicate malicious communication (C2) from machines that never accessed the destination before. This query can also be used for hunting destinations that were never accessed before in the organization, and correlating it with different alerts for higher confidence.\n\nConfigurable Parameters:\n\n- Learning period time - learning period for threshold calculation in days. Default is set to 7. It depends on the AzureFirewall data connector and AzureDiagnostics data type and AzureFirewall parser."
                }
              }
            ]
          },
          {
            "name": "huntingquery3",
            "type": "Microsoft.Common.Section",
            "label": "Source IP Abnormally Connects to Multiple Destinations",
            "elements": [
              {
                "name": "huntingquery3-text",
                "type": "Microsoft.Common.TextBlock",
                "options": {
                  "text": "Identifies source IP that abnormally connects to multiple destinations according to learning period activity. This can indicate initial access attempts by attackers, trying to jump between different machines in the organization, exploiting lateral movement path or the same vulnerability on different machines in order to find vulnerable machines to access.\n\nConfigurable Parameters:\n\n- Minimum of stds threshold - the number of stds to use in the threshold calculation. Default is set to 3.\n- Learning period time - learning period for threshold calculation in days. Default is set to 5.\n- Bin time - learning buckets time in hours. Default is set to 1 hour.\n- Minimum threshold - minimum threshold for alert. Default is set to 10.\n- Minimum bucket threshold - minimum learning buckets threshold for alert. Default is set to 5. It depends on the AzureFirewall data connector and AzureDiagnostics data type and AzureFirewall parser."
                }
              }
            ]
          },
          {
            "name": "huntingquery4",
            "type": "Microsoft.Common.Section",
            "label": "Uncommon Port for Organization",
            "elements": [
              {
                "name": "huntingquery4-text",
                "type": "Microsoft.Common.TextBlock",
                "options": {
                  "text": "Identifies abnormal ports used in the organization based on learning period activity. This can indicate exfiltration attack or C2 control from machines in the organization by using new a port that has never been used on any machine in the organization.\n\nConfigurable Parameters:\n\n- Learning period time - learning period for threshold calculation in days. Default is set to 7. It depends on the AzureFirewall data connector and AzureDiagnostics data type and AzureFirewall parser."
                }
              }
            ]
          },
          {
            "name": "huntingquery5",
            "type": "Microsoft.Common.Section",
            "label": "Uncommon Port to IP",
            "elements": [
              {
                "name": "huntingquery5-text",
                "type": "Microsoft.Common.TextBlock",
                "options": {
                  "text": "Identifies abnormal ports used by machines to connect to a destination IP based on learning period activity. This can indicate exfiltration attack or C2 control from machines in the organization by using new a port that has never been used on the machine for communication.\n\nConfigurable Parameters:\n\n- Learning period time - learning period for threshold calculation in days. Default is set to 7. It depends on the AzureFirewall data connector and AzureDiagnostics data type and AzureFirewall parser."
                }
              }
            ]
          }
        ]
      },
      {
        "name": "playbooks",
        "label": "Playbooks",
        "subLabel": {
          "preValidation": "Configure the playbooks",
          "postValidation": "Done"
        },
        "bladeTitle": "Playbooks",
        "elements": [
          {
            "name": "playbooks-text",
            "type": "Microsoft.Common.TextBlock",
            "options": {
              "text": "This solution installs the following Playbook templates. After installing the solution, playbooks can be managed in the Manage solution view."
            }
          },
          {
            "name": "playbooks-link",
            "type": "Microsoft.Common.TextBlock",
            "options": {
              "link": {
                "label": "Learn more",
                "uri": "https://docs.microsoft.com/azure/sentinel/tutorial-respond-threats-playbook?WT.mc_id=Portal-Microsoft_Azure_CreateUIDef"
              }
            }
          }
        ]
      }
    ],
    "outputs": {
      "workspace-location": "[first(map(filter(basics('getLAWorkspace').value, (filter) => and(contains(toLower(filter.id), toLower(resourceGroup().name)),equals(filter.name,basics('workspace')))), (item) => item.location))]",
      "location": "[location()]",
      "workspace": "[basics('workspace')]"
    }
  }
}
