{
  "$schema": "https://schema.management.azure.com/schemas/2019-04-01/deploymentTemplate.json#",
  "contentVersion": "1.0.0.0",
  "metadata": {
    "author": "Mimecast",
    "comments": "Solution template for Mimecast Secure Email Gateway"
  },
  "parameters": {
    "location": {
      "type": "string",
      "minLength": 1,
      "defaultValue": "[resourceGroup().location]",
      "metadata": {
        "description": "Not used, but needed to pass arm-ttk test `Location-Should-Not-Be-Hardcoded`.  We instead use the `workspace-location` which is derived from the LA workspace"
      }
    },
    "workspace-location": {
      "type": "string",
      "defaultValue": "",
      "metadata": {
        "description": "[concat('Region to deploy solution resources -- separate from location selection',parameters('location'))]"
      }
    },
    "workspace": {
      "defaultValue": "",
      "type": "string",
      "metadata": {
        "description": "Workspace name for Log Analytics where Sentinel is setup"
      }
    },
    "formattedTimeNow": {
      "type": "string",
      "defaultValue": "[utcNow('g')]",
      "metadata": {
        "description": "Appended to workbook displayNames to make them unique"
      }
    },
    "workbook1-id": {
      "type": "string",
      "defaultValue": "[newGuid()]",
      "minLength": 1,
      "metadata": {
        "description": "Unique id for the workbook"
      }
    },
    "workbook1-name": {
      "type": "string",
      "defaultValue": "Mimecast Secure Email Gateway",
      "minLength": 1,
      "metadata": {
        "description": "Name for the workbook"
      }
    },
    "analytic1-id": {
      "type": "string",
      "defaultValue": "[newGuid()]",
      "minLength": 1,
      "metadata": {
        "description": "Unique id for the scheduled alert rule"
      }
    },
    "analytic2-id": {
      "type": "string",
      "defaultValue": "[newGuid()]",
      "minLength": 1,
      "metadata": {
        "description": "Unique id for the scheduled alert rule"
      }
    },
    "analytic3-id": {
      "type": "string",
      "defaultValue": "[newGuid()]",
      "minLength": 1,
      "metadata": {
        "description": "Unique id for the scheduled alert rule"
      }
    },
    "analytic4-id": {
      "type": "string",
      "defaultValue": "[newGuid()]",
      "minLength": 1,
      "metadata": {
        "description": "Unique id for the scheduled alert rule"
      }
    },
    "analytic5-id": {
      "type": "string",
      "defaultValue": "[newGuid()]",
      "minLength": 1,
      "metadata": {
        "description": "Unique id for the scheduled alert rule"
      }
    },
    "analytic6-id": {
      "type": "string",
      "defaultValue": "[newGuid()]",
      "minLength": 1,
      "metadata": {
        "description": "Unique id for the scheduled alert rule"
      }
    },
    "analytic7-id": {
      "type": "string",
      "defaultValue": "[newGuid()]",
      "minLength": 1,
      "metadata": {
        "description": "Unique id for the scheduled alert rule"
      }
    },
    "analytic8-id": {
      "type": "string",
      "defaultValue": "[newGuid()]",
      "minLength": 1,
      "metadata": {
        "description": "Unique id for the scheduled alert rule"
      }
    },
    "analytic9-id": {
      "type": "string",
      "defaultValue": "[newGuid()]",
      "minLength": 1,
      "metadata": {
        "description": "Unique id for the scheduled alert rule"
      }
    },
    "connector1-name": {
      "type": "string",
      "defaultValue": "c7c599bb-f05f-4f5b-8a9f-e1365291e376"
    }
  },
  "variables": {
    "MimecastSEGworkbook_workbook": "MimecastSEGworkbook_workbook",
    "_MimecastSEGworkbook_workbook": "[variables('MimecastSEGworkbook_workbook')]",
    "workbook-source": "[concat(resourceGroup().id, '/providers/Microsoft.OperationalInsights/workspaces/',parameters('workspace'))]",
    "_workbook-source": "[variables('workbook-source')]",
    "MimecastDLP_AnalyticalRules": "MimecastDLP_AnalyticalRules",
    "_MimecastDLP_AnalyticalRules": "[variables('MimecastDLP_AnalyticalRules')]",
    "MimecastDLP_Hold_AnalyticalRules": "MimecastDLP_Hold_AnalyticalRules",
    "_MimecastDLP_Hold_AnalyticalRules": "[variables('MimecastDLP_Hold_AnalyticalRules')]",
    "MimecastSIEM_Attachment_AnalyticalRules": "MimecastSIEM_Attachment_AnalyticalRules",
    "_MimecastSIEM_Attachment_AnalyticalRules": "[variables('MimecastSIEM_Attachment_AnalyticalRules')]",
    "MimecastSIEM_AV_AnalyticalRules": "MimecastSIEM_AV_AnalyticalRules",
    "_MimecastSIEM_AV_AnalyticalRules": "[variables('MimecastSIEM_AV_AnalyticalRules')]",
    "MimecastSIEM_Impersonation_AnalyticalRules": "MimecastSIEM_Impersonation_AnalyticalRules",
    "_MimecastSIEM_Impersonation_AnalyticalRules": "[variables('MimecastSIEM_Impersonation_AnalyticalRules')]",
    "MimecastSIEM_Internal_Mail_Protect_AnalyticalRules": "MimecastSIEM_Internal_Mail_Protect_AnalyticalRules",
    "_MimecastSIEM_Internal_Mail_Protect_AnalyticalRules": "[variables('MimecastSIEM_Internal_Mail_Protect_AnalyticalRules')]",
    "MimecastSIEM_Spam_Event_AnalyticalRules": "MimecastSIEM_Spam_Event_AnalyticalRules",
    "_MimecastSIEM_Spam_Event_AnalyticalRules": "[variables('MimecastSIEM_Spam_Event_AnalyticalRules')]",
    "MimecastSIEM_Url_Protect_AnalyticalRules": "MimecastSIEM_Url_Protect_AnalyticalRules",
    "_MimecastSIEM_Url_Protect_AnalyticalRules": "[variables('MimecastSIEM_Url_Protect_AnalyticalRules')]",
    "MimecastSIEM_Virus_AnalyticalRules": "MimecastSIEM_Virus_AnalyticalRules",
    "_MimecastSIEM_Virus_AnalyticalRules": "[variables('MimecastSIEM_Virus_AnalyticalRules')]",
    "connector1-source": "[concat('/subscriptions/',subscription().subscriptionId,'/resourceGroups/',resourceGroup().name,'/providers/Microsoft.OperationalInsights/workspaces/',parameters('workspace'),'/providers/Microsoft.SecurityInsights/dataConnectors/',parameters('connector1-name'))]",
    "_connector1-source": "[variables('connector1-source')]",
    "MimecastSIEMAPIConnector": "MimecastSIEMAPIConnector",
    "_MimecastSIEMAPIConnector": "[variables('MimecastSIEMAPIConnector')]"
  },
  "resources": [
    {
      "type": "Microsoft.Insights/workbooks",
      "name": "[parameters('workbook1-id')]",
      "location": "[parameters('workspace-location')]",
      "kind": "shared",
      "apiVersion": "2020-02-12",
      "properties": {
        "displayName": "[concat(parameters('workbook1-name'), ' - ', parameters('formattedTimeNow'))]",
        "serializedData": "{\"version\":\"Notebook/1.0\",\"items\":[{\"type\":9,\"content\":{\"version\":\"KqlParameterItem/1.0\",\"parameters\":[{\"id\":\"8ccaabbc-2531-4a3a-a4d1-22890e77fe7e\",\"version\":\"KqlParameterItem/1.0\",\"name\":\"time_range\",\"type\":4,\"isRequired\":true,\"value\":{\"durationMs\":1209600000},\"typeSettings\":{\"selectableValues\":[{\"durationMs\":300000},{\"durationMs\":900000},{\"durationMs\":1800000},{\"durationMs\":3600000},{\"durationMs\":14400000},{\"durationMs\":43200000},{\"durationMs\":86400000},{\"durationMs\":172800000},{\"durationMs\":259200000},{\"durationMs\":604800000},{\"durationMs\":1209600000},{\"durationMs\":2419200000},{\"durationMs\":2592000000},{\"durationMs\":5184000000},{\"durationMs\":7776000000}],\"allowCustom\":true},\"timeContext\":{\"durationMs\":86400000}}],\"style\":\"pills\",\"queryType\":0,\"resourceType\":\"microsoft.operationalinsights/workspaces\"},\"name\":\"parameters - 6\"},{\"type\":1,\"content\":{\"json\":\"# Mail Receipt Events\"},\"name\":\"text - 2\"},{\"type\":1,\"content\":{\"json\":\"## Receipt Events by Mimecast Event Id\",\"style\":\"info\"},\"name\":\"text - 25\"},{\"type\":3,\"content\":{\"version\":\"KqlItem/1.0\",\"query\":\"MimecastSIEM_CL\\n| where logType_s==\\\"receipt\\\"\\n| summarize count() by mimecastEventId_s, bin(TimeGenerated, 1h)\",\"size\":3,\"timeContext\":{\"durationMs\":1209600000},\"timeContextFromParameter\":\"time_range\",\"queryType\":0,\"resourceType\":\"microsoft.operationalinsights/workspaces\",\"visualization\":\"barchart\",\"chartSettings\":{\"seriesLabelSettings\":[{\"seriesName\":\"mail_receipt_received\",\"label\":\"Received\"},{\"seriesName\":\"mail_receipt_virus\",\"label\":\"Viruses\"},{\"seriesName\":\"mail_receipt_received_notls\",\"label\":\"Non-TLS\"},{\"seriesName\":\"mail_receipt_rejected\",\"label\":\"Rejected\"},{\"seriesName\":\"mail_receipt_spam\",\"label\":\"Spam\"}]}},\"name\":\"query - 1\"},{\"type\":1,\"content\":{\"json\":\"## Rejection Types\",\"style\":\"info\"},\"name\":\"text - 7\"},{\"type\":3,\"content\":{\"version\":\"KqlItem/1.0\",\"query\":\"MimecastSIEM_CL\\n| where logType_s==\\\"receipt\\\" and mimecastEventId_s == \\\"mail_receipt_rejected\\\" and RejType_s !=\\\"\\\"\\n| summarize count() by RejType_s , bin(TimeGenerated, 1h)\",\"size\":3,\"timeContext\":{\"durationMs\":1209600000},\"timeContextFromParameter\":\"time_range\",\"queryType\":0,\"resourceType\":\"microsoft.operationalinsights/workspaces\",\"visualization\":\"piechart\",\"tileSettings\":{\"titleContent\":{\"columnMatch\":\"RejType_s\",\"formatter\":1},\"leftContent\":{\"columnMatch\":\"count_\",\"formatter\":12,\"formatOptions\":{\"palette\":\"auto\"},\"numberFormat\":{\"unit\":17,\"options\":{\"maximumSignificantDigits\":3,\"maximumFractionDigits\":2}}},\"showBorder\":true,\"size\":\"auto\"},\"graphSettings\":{\"type\":0,\"topContent\":{\"columnMatch\":\"RejType_s\",\"formatter\":1},\"centerContent\":{\"columnMatch\":\"count_\",\"formatter\":1,\"numberFormat\":{\"unit\":17,\"options\":{\"maximumSignificantDigits\":3,\"maximumFractionDigits\":2}}},\"nodeIdField\":\"RejType_s\",\"sourceIdField\":\"TimeGenerated\",\"targetIdField\":\"count_\",\"graphOrientation\":1,\"showOrientationToggles\":false,\"staticNodeSize\":100,\"hivesMargin\":5},\"chartSettings\":{\"createOtherGroup\":0},\"mapSettings\":{\"locInfo\":\"LatLong\",\"sizeSettings\":\"count_\",\"sizeAggregation\":\"Sum\",\"legendMetric\":\"count_\",\"legendAggregation\":\"Sum\",\"itemColorSettings\":{\"type\":\"heatmap\",\"colorAggregation\":\"Sum\",\"nodeColorField\":\"count_\",\"heatmapPalette\":\"greenRed\"}}},\"name\":\"query - 14\"},{\"type\":1,\"content\":{\"json\":\"## Rejections - Spam\",\"style\":\"info\"},\"name\":\"text - 13\"},{\"type\":3,\"content\":{\"version\":\"KqlItem/1.0\",\"query\":\"MimecastSIEM_CL\\n| where logType_s==\\\"receipt\\\" and mimecastEventId_s==\\\"mail_receipt_spam\\\"\\n| summarize count() by Sender_s, headerFrom_s, Rcpt_s, IP_s, Subject_s, SpamScore_s, bin(TimeGenerated, 1h)\\n\",\"size\":0,\"timeContext\":{\"durationMs\":1209600000},\"timeContextFromParameter\":\"time_range\",\"queryType\":0,\"resourceType\":\"microsoft.operationalinsights/workspaces\",\"visualization\":\"table\",\"gridSettings\":{\"sortBy\":[{\"itemKey\":\"SpamScore_s\",\"sortOrder\":1}]},\"sortBy\":[{\"itemKey\":\"SpamScore_s\",\"sortOrder\":1}],\"chartSettings\":{\"createOtherGroup\":0,\"seriesLabelSettings\":[{\"seriesName\":\"mail_receipt_spam\",\"label\":\"Spam\"}]}},\"name\":\"query - 14\"},{\"type\":1,\"content\":{\"json\":\"## Rejections - Malware\",\"style\":\"info\"},\"name\":\"text - 15\"},{\"type\":3,\"content\":{\"version\":\"KqlItem/1.0\",\"query\":\"MimecastSIEM_CL\\n| where logType_s==\\\"receipt\\\" and mimecastEventId_s == \\\"mail_receipt_virus\\\" and RejType_s != \\\"\\\"\\n| summarize count() by Sender_s, headerFrom_s, Rcpt_s, IP_s, Subject_s, RejInfo_s, Virus_s, Error_s, bin(TimeGenerated, 1h)\",\"size\":0,\"timeContext\":{\"durationMs\":1209600000},\"timeContextFromParameter\":\"time_range\",\"queryType\":0,\"resourceType\":\"microsoft.operationalinsights/workspaces\",\"visualization\":\"table\",\"graphSettings\":{\"type\":0,\"topContent\":{\"columnMatch\":\"Sender_s\",\"formatter\":1},\"centerContent\":{\"columnMatch\":\"count_\",\"formatter\":1,\"numberFormat\":{\"unit\":17,\"options\":{\"maximumSignificantDigits\":3,\"maximumFractionDigits\":2}}}},\"mapSettings\":{\"locInfo\":\"AzureResource\",\"locInfoColumn\":\"Error_s\",\"sizeAggregation\":\"Count\",\"legendMetric\":\"count_\",\"legendAggregation\":\"Sum\",\"itemColorSettings\":{\"nodeColorField\":\"count_\",\"colorAggregation\":\"Sum\",\"type\":\"thresholds\",\"thresholdsGrid\":[{\"operator\":\"Default\",\"representation\":\"blue\"}]}}},\"name\":\"query - 16\"},{\"type\":1,\"content\":{\"json\":\"# Mail Process Events\",\"style\":\"info\"},\"name\":\"text - 2\"},{\"type\":3,\"content\":{\"version\":\"KqlItem/1.0\",\"query\":\"MimecastSIEM_CL\\n| where logType_s==\\\"process\\\"\\n| summarize count() by mimecastEventId_s, bin(TimeGenerated, 1h)\",\"size\":3,\"timeContext\":{\"durationMs\":1209600000},\"timeContextFromParameter\":\"time_range\",\"queryType\":0,\"resourceType\":\"microsoft.operationalinsights/workspaces\",\"visualization\":\"piechart\",\"chartSettings\":{\"seriesLabelSettings\":[{\"seriesName\":\"mail_process_accepted\",\"label\":\"Accepted\"},{\"seriesName\":\"mail_process_held\",\"label\":\"Held\"},{\"seriesName\":\"mail_process_sandboxed\",\"label\":\"Sandboxed\"},{\"seriesName\":\"mail_process_retried\",\"label\":\"Retries\"}]}},\"name\":\"query - 3\"},{\"type\":1,\"content\":{\"json\":\"## Held Messages\",\"style\":\"info\"},\"name\":\"text - 18\"},{\"type\":3,\"content\":{\"version\":\"KqlItem/1.0\",\"query\":\"MimecastSIEM_CL\\n| where logType_s==\\\"process\\\"  and Hld_s != \\\"\\\"\\n| summarize count() by Hld_s, Sender_s, Subject_s, AttSize_s, AttCnt_s, AttNames_s, MsgSize_s, bin(TimeGenerated, 1h)\",\"size\":0,\"timeContext\":{\"durationMs\":1209600000},\"timeContextFromParameter\":\"time_range\",\"queryType\":0,\"resourceType\":\"microsoft.operationalinsights/workspaces\"},\"name\":\"query - 17\"},{\"type\":1,\"content\":{\"json\":\"## Message Delivery Retried\\n\",\"style\":\"info\"},\"name\":\"text - 19\"},{\"type\":3,\"content\":{\"version\":\"KqlItem/1.0\",\"query\":\"MimecastSIEM_CL\\n| where logType_s==\\\"process\\\" and mimecastEventId_s==\\\"mail_process_retried\\\"\\n| summarize count() by Sender_s, Subject_s, MsgId_s, AttCnt_s, AttNames_s, AttSize_s, MsgSize_s, bin(TimeGenerated, 1h)\",\"size\":0,\"timeContext\":{\"durationMs\":1209600000},\"timeContextFromParameter\":\"time_range\",\"queryType\":0,\"resourceType\":\"microsoft.operationalinsights/workspaces\",\"visualization\":\"table\"},\"name\":\"query - 20\"},{\"type\":1,\"content\":{\"json\":\"## Messages with Sandboxed Attachments\",\"style\":\"info\"},\"name\":\"text - 21\"},{\"type\":3,\"content\":{\"version\":\"KqlItem/1.0\",\"query\":\"MimecastSIEM_CL\\n| where logType_s==\\\"process\\\" and mimecastEventId_s==\\\"mail_process_sandboxed\\\"\\n| summarize count() by Sender_s, Subject_s, MsgId_s, AttSize_s, AttCnt_s, bin(TimeGenerated, 1h)\\n\\n\",\"size\":0,\"timeContext\":{\"durationMs\":1209600000},\"timeContextFromParameter\":\"time_range\",\"queryType\":0,\"resourceType\":\"microsoft.operationalinsights/workspaces\",\"visualization\":\"table\"},\"name\":\"query - 22\"},{\"type\":12,\"content\":{\"version\":\"NotebookGroup/1.0\",\"groupType\":\"editable\",\"items\":[{\"type\":12,\"content\":{\"version\":\"NotebookGroup/1.0\",\"groupType\":\"editable\",\"items\":[{\"type\":1,\"content\":{\"json\":\"## Mail Delivery Events\",\"style\":\"info\"},\"name\":\"text - 4\"},{\"type\":3,\"content\":{\"version\":\"KqlItem/1.0\",\"query\":\"MimecastSIEM_CL\\n| where logType_s==\\\"delivery\\\"\\n| summarize count() by mimecastEventId_s, bin(TimeGenerated, 1h)\",\"size\":3,\"timeContext\":{\"durationMs\":1209600000},\"timeContextFromParameter\":\"time_range\",\"queryType\":0,\"resourceType\":\"microsoft.operationalinsights/workspaces\",\"visualization\":\"piechart\",\"chartSettings\":{\"seriesLabelSettings\":[{\"seriesName\":\"mail_delivery_delivered\",\"label\":\"Delivered with TLS\"},{\"seriesName\":\"mail_delivery_delivered_notls\",\"label\":\"Delivered without TLS\"},{\"seriesName\":\"mail_delivery_not_delivered\",\"label\":\"Undelivered\"}]}},\"name\":\"query - 5\"}]},\"customWidth\":\"33\",\"name\":\"group - 2\",\"styleSettings\":{\"maxWidth\":\"33%\"}},{\"type\":12,\"content\":{\"version\":\"NotebookGroup/1.0\",\"groupType\":\"editable\",\"items\":[{\"type\":1,\"content\":{\"json\":\"## TLS Versions in Use\",\"style\":\"info\"},\"name\":\"text - 32\"},{\"type\":3,\"content\":{\"version\":\"KqlItem/1.0\",\"query\":\"MimecastSIEM_CL\\n| where logType_s==\\\"delivery\\\" and UseTls_s==\\\"Yes\\\"\\n| summarize count() by TlsVer_s, bin(TimeGenerated, 1h)\\n\",\"size\":3,\"timeContext\":{\"durationMs\":1209600000},\"timeContextFromParameter\":\"time_range\",\"queryType\":0,\"resourceType\":\"microsoft.operationalinsights/workspaces\",\"visualization\":\"piechart\"},\"name\":\"query - 33\"}]},\"customWidth\":\"33\",\"name\":\"group - 4\",\"styleSettings\":{\"maxWidth\":\"33%\"}},{\"type\":12,\"content\":{\"version\":\"NotebookGroup/1.0\",\"groupType\":\"editable\",\"items\":[{\"type\":1,\"content\":{\"json\":\"## TLS Cipher Suites in Use\",\"style\":\"info\"},\"name\":\"text - 34\"},{\"type\":3,\"content\":{\"version\":\"KqlItem/1.0\",\"query\":\"MimecastSIEM_CL\\n| where logType_s==\\\"delivery\\\" and UseTls_s==\\\"Yes\\\"\\n| summarize count() by Cphr_s, bin(TimeGenerated, 1h)\",\"size\":3,\"timeContext\":{\"durationMs\":1209600000},\"timeContextFromParameter\":\"time_range\",\"queryType\":0,\"resourceType\":\"microsoft.operationalinsights/workspaces\",\"visualization\":\"piechart\",\"chartSettings\":{\"createOtherGroup\":0}},\"name\":\"query - 35\"}]},\"customWidth\":\"33\",\"name\":\"group - 5\",\"styleSettings\":{\"maxWidth\":\"33%\"}}]},\"name\":\"group - 31\"},{\"type\":1,\"content\":{\"json\":\"## Undelivered Messages\",\"style\":\"info\"},\"name\":\"text - 8\"},{\"type\":3,\"content\":{\"version\":\"KqlItem/1.0\",\"query\":\"MimecastSIEM_CL\\n| where logType_s==\\\"delivery\\\" and mimecastEventId_s == \\\"mail_delivery_not_delivered\\\"\\n| summarize count() by Dir_s, Route_s, Sender_s, Rcpt_s, RejType_s, RejCode_s, RejInfo_s, bin(TimeGenerated, 1h)\\n\",\"size\":0,\"timeContext\":{\"durationMs\":1209600000},\"timeContextFromParameter\":\"time_range\",\"queryType\":0,\"resourceType\":\"microsoft.operationalinsights/workspaces\",\"visualization\":\"table\",\"chartSettings\":{\"seriesLabelSettings\":[{\"seriesName\":\"mail_delivery_not_delivered\",\"label\":\"Undelivered\"}]}},\"name\":\"query - 12\"},{\"type\":1,\"content\":{\"json\":\"## Messages Delivered without TLS\",\"style\":\"info\"},\"name\":\"text - 17\"},{\"type\":3,\"content\":{\"version\":\"KqlItem/1.0\",\"query\":\"MimecastSIEM_CL\\n| where logType_s==\\\"delivery\\\" and mimecastEventId_s==\\\"mail_delivery_delivered_notls\\\"\\n| summarize count() by Dir_s, Route_s, IP_s, Sender_s, Rcpt_s, Subject_s, Delivered_s, ReceiptAck_s, bin(TimeGenerated, 1h)\\n\",\"size\":0,\"timeContext\":{\"durationMs\":1209600000},\"timeContextFromParameter\":\"time_range\",\"queryType\":0,\"resourceType\":\"microsoft.operationalinsights/workspaces\"},\"name\":\"query - 18\"},{\"type\":1,\"content\":{\"json\":\"# Data Leak Prevention Events\"},\"name\":\"text - 24\"},{\"type\":3,\"content\":{\"version\":\"KqlItem/1.0\",\"query\":\"MimecastDLP_CL\\n| where mimecastEventCategory_s == \\\"data_leak_prevention\\\"\\n| summarize count() by mimecastEventId_s, bin(TimeGenerated, 1h)\\n\",\"size\":3,\"timeContext\":{\"durationMs\":1209600000},\"timeContextFromParameter\":\"time_range\",\"queryType\":0,\"resourceType\":\"microsoft.operationalinsights/workspaces\",\"visualization\":\"barchart\",\"chartSettings\":{\"group\":\"mimecastEventId_s\",\"createOtherGroup\":0,\"seriesLabelSettings\":[{\"seriesName\":\"data_leak_prevention_notification\",\"label\":\"Notification\"},{\"seriesName\":\"data_leak_prevention_hold\",\"label\":\"Hold\"},{\"seriesName\":\"data_leak_prevention_smart_folder\",\"label\":\"Smart Folder\"},{\"seriesName\":\"data_leak_prevention_secure_messaging\",\"label\":\"Secure Messaging\"},{\"seriesName\":\"data_leak_prevention_secure_delivery\",\"label\":\"Secure Delivery\"},{\"seriesName\":\"data_leak_prevention_bounce\",\"label\":\"Bounce\"},{\"seriesName\":\"data_leak_prevention_stationery\",\"label\":\"Stationary\"},{\"seriesName\":\"data_leak_prevention_delete\",\"label\":\"Delete\"},{\"seriesName\":\"data_leak_prevention_meta_expire\",\"label\":\"Meta Expire\"},{\"seriesName\":\"data_leak_prevention_content_expire\",\"label\":\"Content Expire\"}]}},\"name\":\"query - 23\"},{\"type\":12,\"content\":{\"version\":\"NotebookGroup/1.0\",\"groupType\":\"editable\",\"items\":[{\"type\":12,\"content\":{\"version\":\"NotebookGroup/1.0\",\"groupType\":\"editable\",\"items\":[{\"type\":1,\"content\":{\"json\":\"## DLP Events by Route\",\"style\":\"info\"},\"name\":\"text - 31\"},{\"type\":3,\"content\":{\"version\":\"KqlItem/1.0\",\"query\":\"MimecastDLP_CL\\n| where mimecastEventCategory_s == \\\"data_leak_prevention\\\"\\n| summarize count() by route_s, bin(TimeGenerated, 1h)\\n\",\"size\":3,\"timeContext\":{\"durationMs\":1209600000},\"timeContextFromParameter\":\"time_range\",\"queryType\":0,\"resourceType\":\"microsoft.operationalinsights/workspaces\",\"visualization\":\"piechart\",\"chartSettings\":{\"createOtherGroup\":0}},\"name\":\"query - 30\"}]},\"customWidth\":\"33\",\"name\":\"group - 2\",\"styleSettings\":{\"maxWidth\":\"33%\"}},{\"type\":12,\"content\":{\"version\":\"NotebookGroup/1.0\",\"groupType\":\"editable\",\"items\":[{\"type\":1,\"content\":{\"json\":\"## DLP Events by Actions Triggered\",\"style\":\"info\"},\"name\":\"text - 28\"},{\"type\":3,\"content\":{\"version\":\"KqlItem/1.0\",\"query\":\"MimecastDLP_CL\\n| where mimecastEventCategory_s == \\\"data_leak_prevention\\\"\\n| summarize count() by action_s, bin(TimeGenerated, 1h)\\n\",\"size\":3,\"timeContext\":{\"durationMs\":1209600000},\"timeContextFromParameter\":\"time_range\",\"queryType\":0,\"resourceType\":\"microsoft.operationalinsights/workspaces\",\"visualization\":\"piechart\",\"chartSettings\":{\"createOtherGroup\":0}},\"name\":\"query - 29\"}]},\"customWidth\":\"33\",\"name\":\"group - 1\",\"styleSettings\":{\"maxWidth\":\"33%\"}},{\"type\":12,\"content\":{\"version\":\"NotebookGroup/1.0\",\"groupType\":\"editable\",\"items\":[{\"type\":1,\"content\":{\"json\":\"## DLP Events by Policies Triggered\",\"style\":\"info\"},\"name\":\"text - 26\"},{\"type\":3,\"content\":{\"version\":\"KqlItem/1.0\",\"query\":\"MimecastDLP_CL\\n| where mimecastEventCategory_s == \\\"data_leak_prevention\\\"\\n| summarize count() by policy_s, bin(TimeGenerated, 1h)\\n\",\"size\":3,\"timeContext\":{\"durationMs\":1209600000},\"timeContextFromParameter\":\"time_range\",\"queryType\":0,\"resourceType\":\"microsoft.operationalinsights/workspaces\",\"visualization\":\"piechart\",\"chartSettings\":{\"createOtherGroup\":0}},\"name\":\"query - 27\"}]},\"customWidth\":\"33\",\"name\":\"group - 4\",\"styleSettings\":{\"maxWidth\":\"33%\"}}]},\"name\":\"group - 36\"}],\"$schema\":\"https://github.com/Microsoft/Application-Insights-Workbooks/blob/master/schema/workbook.json\"}\n",
        "version": "1.0",
        "sourceId": "[variables('_workbook-source')]",
        "category": "sentinel"
      }
    },
    {
      "type": "Microsoft.OperationalInsights/workspaces/providers/alertRules",
      "name": "[concat(parameters('workspace'),'/Microsoft.SecurityInsights/',parameters('analytic1-id'))]",
      "apiVersion": "2021-03-01-preview",
      "kind": "Scheduled",
      "location": "[parameters('workspace-location')]",
      "properties": {
        "description": "Mimecast DLP - Notifications analytical rule",
        "displayName": "Mimecast Data Leak Prevention - Notifications",
        "enabled": false,
        "query": "MimecastDLP_CL| where action_s == \"notification\";",
        "queryFrequency": "PT5M",
        "queryPeriod": "PT15M",
        "severity": "High",
        "suppressionDuration": "PT1H",
        "suppressionEnabled": false,
        "triggerOperator": null,
        "triggerThreshold": 0,
        "tactics": [
          "Exfiltration"
        ],
        "entityMappings": [
          {
            "entityType": "MailMessage",
            "fieldMappings": [
              {
                "columnName": "senderAddress_s",
                "identifier": "Sender"
              },
              {
                "columnName": "recipientAddress_s",
                "identifier": "Recipient"
              },
              {
                "columnName": "action_s",
                "identifier": "DeliveryAction"
              }
            ]
          }
        ],
        "eventGroupingSettings": {
          "aggregationKind": "SingleAlert"
        }
      }
    },
    {
      "type": "Microsoft.OperationalInsights/workspaces/providers/alertRules",
      "name": "[concat(parameters('workspace'),'/Microsoft.SecurityInsights/',parameters('analytic2-id'))]",
      "apiVersion": "2021-03-01-preview",
      "kind": "Scheduled",
      "location": "[parameters('workspace-location')]",
      "properties": {
        "description": "Mimecast Data Leak Prevention - Hold",
        "displayName": "Mimecast Data Leak Prevention - Hold",
        "enabled": false,
        "query": "MimecastDLP_CL| where action_s == \"hold\";",
        "queryFrequency": "PT5M",
        "queryPeriod": "PT15M",
        "severity": "Informational",
        "suppressionDuration": "PT1H",
        "suppressionEnabled": false,
        "triggerOperator": null,
        "triggerThreshold": 0,
        "tactics": [
          "Exfiltration"
        ],
        "entityMappings": [
          {
            "entityType": "MailMessage",
            "fieldMappings": [
              {
                "columnName": "senderAddress_s",
                "identifier": "Sender"
              },
              {
                "columnName": "recipientAddress_s",
                "identifier": "Recipient"
              },
              {
                "columnName": "action_s",
                "identifier": "DeliveryAction"
              }
            ]
          }
        ],
        "eventGroupingSettings": {
          "aggregationKind": "SingleAlert"
        }
      }
    },
    {
      "type": "Microsoft.OperationalInsights/workspaces/providers/alertRules",
      "name": "[concat(parameters('workspace'),'/Microsoft.SecurityInsights/',parameters('analytic3-id'))]",
      "apiVersion": "2021-03-01-preview",
      "kind": "Scheduled",
      "location": "[parameters('workspace-location')]",
      "properties": {
        "description": "Mimecast Secure Email Gateway - Attachment Protect",
        "displayName": "Mimecast Secure Email Gateway - Attachment Protect",
        "enabled": false,
        "query": "MimecastSIEM_CL| where mimecastEventId_s==\"mail_ttp_attachment\"",
        "queryFrequency": "PT5M",
        "queryPeriod": "PT15M",
        "severity": "High",
        "suppressionDuration": "PT1H",
        "suppressionEnabled": false,
        "triggerOperator": null,
        "triggerThreshold": 0,
        "tactics": [
          "Collection",
          "Exfiltration",
          "Discovery",
          "InitialAccess",
          "PreAttack",
          "Execution"
        ],
        "entityMappings": [
          {
            "entityType": "MailMessage",
            "fieldMappings": [
              {
                "columnName": "Sender_s",
                "identifier": "Sender"
              },
              {
                "columnName": "Recipient_s",
                "identifier": "Recipient"
              },
              {
                "columnName": "Subject_s",
                "identifier": "Subject"
              }
            ]
          },
          {
            "entityType": "IP",
            "fieldMappings": [
              {
                "columnName": "IP_s",
                "identifier": "Address"
              }
            ]
          }
        ],
        "eventGroupingSettings": {
          "aggregationKind": "SingleAlert"
        },
        "customDetails": {
          "MsgId": "MsgId_s",
          "sha256": "sha256_s",
          "fileName": "fileName_s"
        }
      }
    },
    {
      "type": "Microsoft.OperationalInsights/workspaces/providers/alertRules",
      "name": "[concat(parameters('workspace'),'/Microsoft.SecurityInsights/',parameters('analytic4-id'))]",
      "apiVersion": "2021-03-01-preview",
      "kind": "Scheduled",
      "location": "[parameters('workspace-location')]",
      "properties": {
        "description": "Mimecast Secure Email Gateway - AV",
        "displayName": "Mimecast Secure Email Gateway - AV",
        "enabled": false,
        "query": "MimecastSIEM_CL| where mimecastEventId_s==\"mail_av\"",
        "queryFrequency": "PT5M",
        "queryPeriod": "PT15M",
        "severity": "Informational",
        "suppressionDuration": "PT1H",
        "suppressionEnabled": false,
        "triggerOperator": null,
        "triggerThreshold": 0,
        "tactics": [
          "Execution"
        ],
        "entityMappings": [
          {
            "entityType": "MailMessage",
            "fieldMappings": [
              {
                "columnName": "Sender_s",
                "identifier": "Sender"
              },
              {
                "columnName": "Recipient_s",
                "identifier": "Recipient"
              },
              {
                "columnName": "Subject_s",
                "identifier": "Subject"
              }
            ]
          }
        ],
        "eventGroupingSettings": {
          "aggregationKind": "SingleAlert"
        },
        "customDetails": {
          "MsgId": "MsgId_s",
          "IP": "IP_s",
          "CustomerIP": "CustomerIP_s",
          "Route": "Route_s",
          "SenderDomainInternal": "SenderDomainInternal_s",
          "SenderDomain": "SenderDomain_s",
          "Size": "Size_s",
          "fileExt": "fileExt_s",
          "MimecastIP": "MimecastIP_s",
          "Virus": "Virus_s",
          "fileName": "fileName_s",
          "fileMime": "fileMime_s",
          "md5": "md5_g",
          "sha256": "sha256_s",
          "sha1": "sha1_s"
        }
      }
    },
    {
      "type": "Microsoft.OperationalInsights/workspaces/providers/alertRules",
      "name": "[concat(parameters('workspace'),'/Microsoft.SecurityInsights/',parameters('analytic5-id'))]",
      "apiVersion": "2021-03-01-preview",
      "kind": "Scheduled",
      "location": "[parameters('workspace-location')]",
      "properties": {
        "description": "Mimecast Secure Email Gateway - Targeted Threat Protection - Impersonation Protect",
        "displayName": "Mimecast Secure Email Gateway - Impersonation Protect",
        "enabled": false,
        "query": "MimecastSIEM_CL| where mimecastEventId_s == \"mail_ttp_impersonation\"",
        "queryFrequency": "PT5M",
        "queryPeriod": "PT15M",
        "severity": "High",
        "suppressionDuration": "PT1H",
        "suppressionEnabled": false,
        "triggerOperator": null,
        "triggerThreshold": 0,
        "tactics": [
          "PreAttack",
          "Discovery",
          "LateralMovement",
          "Collection"
        ],
        "entityMappings": [
          {
            "entityType": "MailMessage",
            "fieldMappings": [
              {
                "columnName": "Sender_s",
                "identifier": "Sender"
              },
              {
                "columnName": "IP_s",
                "identifier": "SenderIP"
              },
              {
                "columnName": "Recipient_s",
                "identifier": "Recipient"
              }
            ]
          }
        ],
        "eventGroupingSettings": {
          "aggregationKind": "SingleAlert"
        },
        "customDetails": {
          "CustomName": "CustomName_s",
          "MsgId": "MsgId_s",
          "Route": "Route_s",
          "SimilarIntDomain": "SimilarInternalDomain_s",
          "Subject": "Subject_s",
          "Definition": "Definition_s",
          "TaggedExternal": "TaggedExternal_s",
          "ReplyMismatch": "ReplyMismatch_s",
          "Action": "Action_s",
          "CustomThreatDict": "CustomThreatDictionary_s",
          "SimilarCustExtDomain": "SimilarCustomExternalDomain_s",
          "ThreatDictionary": "ThreatDictionary_s",
          "NewDomain": "NewDomain_s",
          "Hits": "Hits_s",
          "InternalName": "InternalName_s",
          "SimilarMCExtDomain": "SimilarMimecastExternalDomain_s",
          "TaggedMalicious": "TaggedMalicious_s"
        }
      }
    },
    {
      "type": "Microsoft.OperationalInsights/workspaces/providers/alertRules",
      "name": "[concat(parameters('workspace'),'/Microsoft.SecurityInsights/',parameters('analytic6-id'))]",
      "apiVersion": "2021-03-01-preview",
      "kind": "Scheduled",
      "location": "[parameters('workspace-location')]",
      "properties": {
        "description": "Mimecast Secure Email Gateway - Internal Email Protect",
        "displayName": "Mimecast Secure Email Gateway - Internal Email Protect",
        "enabled": false,
        "query": "MimecastSIEM_CL| where mimecastEventId_s==\"mail_ttp_iep\"",
        "queryFrequency": "PT5M",
        "queryPeriod": "PT15M",
        "severity": "High",
        "suppressionDuration": "PT1H",
        "suppressionEnabled": false,
        "triggerOperator": null,
        "triggerThreshold": 0,
        "tactics": [
          "LateralMovement",
          "Persistence",
          "Exfiltration"
        ],
        "entityMappings": [
          {
            "entityType": "MailMessage",
            "fieldMappings": [
              {
                "columnName": "Sender_s",
                "identifier": "Sender"
              },
              {
                "columnName": "Recipient_s",
                "identifier": "Recipient"
              },
              {
                "columnName": "MsgId_s",
                "identifier": "InternetMessageId"
              }
            ]
          },
          {
            "entityType": "URL",
            "fieldMappings": [
              {
                "columnName": "URL_s",
                "identifier": "Url"
              }
            ]
          }
        ],
        "eventGroupingSettings": {
          "aggregationKind": "SingleAlert"
        },
        "customDetails": {
          "Subject": "Subject_s",
          "ScanResultInfo": "ScanResultInfo_s",
          "UrlCategory": "UrlCategory_s",
          "Route": "Route_s"
        }
      }
    },
    {
      "type": "Microsoft.OperationalInsights/workspaces/providers/alertRules",
      "name": "[concat(parameters('workspace'),'/Microsoft.SecurityInsights/',parameters('analytic7-id'))]",
      "apiVersion": "2021-03-01-preview",
      "kind": "Scheduled",
      "location": "[parameters('workspace-location')]",
      "properties": {
        "description": "Mimecast Secure Email Gateway - Spam Event Thread",
        "displayName": "Mimecast Secure Email Gateway - Spam Event Thread",
        "enabled": false,
        "query": "MimecastSIEM_CL| where mimecastEventId_s==\"mail_spameventthread\"",
        "queryFrequency": "PT5M",
        "queryPeriod": "PT15M",
        "severity": "Low",
        "suppressionDuration": "PT1H",
        "suppressionEnabled": false,
        "triggerOperator": null,
        "triggerThreshold": 0,
        "tactics": [
          "Discovery"
        ],
        "entityMappings": [
          {
            "entityType": "MailMessage",
            "fieldMappings": [
              {
                "columnName": "Sender_s",
                "identifier": "Sender"
              },
              {
                "columnName": "Recipient_s",
                "identifier": "Recipient"
              },
              {
                "columnName": "Subject_s",
                "identifier": "Subject"
              }
            ]
          }
        ],
        "eventGroupingSettings": {
          "aggregationKind": "SingleAlert"
        },
        "customDetails": {
          "MsgId": "MsgId_s",
          "SenderDomain": "SenderDomain_s",
          "SourceIP": "SourceIP",
          "headerFrom": "headerFrom_s",
          "Route": "Route_s"
        }
      }
    },
    {
      "type": "Microsoft.OperationalInsights/workspaces/providers/alertRules",
      "name": "[concat(parameters('workspace'),'/Microsoft.SecurityInsights/',parameters('analytic8-id'))]",
      "apiVersion": "2021-03-01-preview",
      "kind": "Scheduled",
      "location": "[parameters('workspace-location')]",
      "properties": {
        "description": "Mimecast Secure Email Gateway - Targeted Threat Protection - URL Protect",
        "displayName": "Mimecast Secure Email Gateway - URL Protect",
        "enabled": false,
        "query": "MimecastSIEM_CL| where mimecastEventId_s==\"mail_ttp_url\" and reason_s != \"clean\"",
        "queryFrequency": "PT5M",
        "queryPeriod": "PT15M",
        "severity": "High",
        "suppressionDuration": "PT1H",
        "suppressionEnabled": false,
        "triggerOperator": null,
        "triggerThreshold": 0,
        "tactics": [
          "PreAttack",
          "InitialAccess",
          "Discovery",
          "Execution"
        ],
        "entityMappings": [
          {
            "entityType": "MailMessage",
            "fieldMappings": [
              {
                "columnName": "sender_s",
                "identifier": "Sender"
              },
              {
                "columnName": "recipient_s",
                "identifier": "Recipient"
              },
              {
                "columnName": "subject_s",
                "identifier": "Subject"
              }
            ]
          }
        ],
        "eventGroupingSettings": {
          "aggregationKind": "SingleAlert"
        },
        "customDetails": {
          "url": "url_s",
          "credentialTheft": "credentialTheft_s",
          "senderDomain": "senderDomain_s",
          "route": "route_s",
          "reason": "reason_s",
          "msgid": "msgid_s",
          "SourceIP": "SourceIP",
          "urlCategory": "urlCategory_s",
          "action": "action_s"
        }
      }
    },
    {
      "type": "Microsoft.OperationalInsights/workspaces/providers/alertRules",
      "name": "[concat(parameters('workspace'),'/Microsoft.SecurityInsights/',parameters('analytic9-id'))]",
      "apiVersion": "2021-03-01-preview",
      "kind": "Scheduled",
      "location": "[parameters('workspace-location')]",
      "properties": {
        "description": "Mimecast Secure Email Gateway - Virus",
        "displayName": "Mimecast Secure Email Gateway - Virus",
        "enabled": false,
        "query": "MimecastSIEM_CL| where mimecastEventId_s==\"mail_receipt_virus\"",
        "queryFrequency": "PT5M",
        "queryPeriod": "PT15M",
        "severity": "Informational",
        "suppressionDuration": "PT1H",
        "suppressionEnabled": false,
        "triggerOperator": null,
        "triggerThreshold": 0,
        "tactics": [
          "Execution"
        ],
        "entityMappings": [
          {
            "entityType": "MailMessage",
            "fieldMappings": [
              {
                "columnName": "Sender_s",
                "identifier": "Sender"
              },
              {
                "columnName": "Rcpt_s",
                "identifier": "Recipient"
              },
              {
                "columnName": "Subject_s",
                "identifier": "Subject"
              }
            ]
          }
        ],
        "eventGroupingSettings": {
          "aggregationKind": "SingleAlert"
        },
        "customDetails": {
          "Act": "Act_s",
          "RejCode": "RejCode_s",
          "TlsVer": "TlsVer_s",
          "RejInfo": "RejInfo_s",
          "Error": "Error_s",
          "Dir": "Dir_s",
          "IP": "IP_s",
          "Cphr": "Cphr_s",
          "MsgId": "MsgId_s",
          "RejType": "RejType_s",
          "headerFrom": "headerFrom_s",
          "Virus": "Virus_s"
        }
      }
    },
    {
      "id": "[variables('_connector1-source')]",
      "name": "[concat(parameters('workspace'),'/Microsoft.SecurityInsights/',parameters('connector1-name'))]",
      "apiVersion": "2021-03-01-preview",
      "type": "Microsoft.OperationalInsights/workspaces/providers/dataConnectors",
      "location": "[parameters('workspace-location')]",
      "kind": "GenericUI",
      "properties": {
        "connectorUiConfig": {
          "title": "Mimecast Secure Email Gateway",
          "publisher": "Mimecast",
          "descriptionMarkdown": "The data connector for [Mimecast Secure Email Gateway](https://community.mimecast.com/s/article/Azure-Sentinel) allows easy log collection from the Secure Email Gateway to surface email insight and user activity within Azure Sentinel. The data connector provides pre-created dashboards to allow analysts to view insight into email based threats, aid in incident correlation and reduce investigation response times coupled with custom alert capabilities. Mimecast products and features required: \n- Mimecast Secure Email Gateway \n- Mimecast Data Leak Prevention\n ",
          "graphQueries": [
            {
              "metricName": "Total Secure Email Gateway data received",
              "legend": "MimecastSIEM_CL",
              "baseQuery": "MimecastSIEM_CL"
            },
            {
              "metricName": "Total Data Leak Prevention data received",
              "legend": "MimecastDLP_CL",
              "baseQuery": "MimecastDLP_CL"
            }
          ],
          "sampleQueries": [],
          "dataTypes": [
            {
              "name": "MimecastSIEM_CL",
              "lastDataReceivedQuery": "MimecastSIEM_CL\n            | summarize Time = max(TimeGenerated)\n            | where isnotempty(Time)"
            },
            {
              "name": "MimecastDLP_CL",
              "lastDataReceivedQuery": "MimecastDLP_CL\n            | summarize Time = max(TimeGenerated)\n            | where isnotempty(Time)"
            }
          ],
          "connectivityCriterias": [
            {
              "type": "IsConnectedQuery",
              "value": [
                "MimecastSIEM_CL\n            | summarize LastLogReceived = max(TimeGenerated)\n            | project IsConnected = LastLogReceived > ago(30d)",
                "MimecastDLP_CL\n            | summarize LastLogReceived = max(TimeGenerated)\n            | project IsConnected = LastLogReceived > ago(30d)"
              ]
            }
          ],
          "availability": {
            "status": 1,
            "isPreview": true
          },
          "permissions": {
            "resourceProvider": [
              {
                "provider": "Microsoft.OperationalInsights/workspaces",
                "permissionsDisplayText": "read and write permissions on the workspace are required.",
                "providerDisplayName": "Workspace",
                "scope": "Workspace",
                "requiredPermissions": {
                  "write": true,
                  "read": true,
                  "delete": true
                }
              },
              {
                "provider": "Microsoft.OperationalInsights/workspaces/sharedKeys",
                "permissionsDisplayText": "read permissions to shared keys for the workspace are required. [See the documentation to learn more about workspace keys](https://docs.microsoft.com/azure/azure-monitor/platform/agent-windows#obtain-workspace-id-and-key).",
                "providerDisplayName": "Keys",
                "scope": "Workspace",
                "requiredPermissions": {
                  "action": true
                }
              }
            ],
            "customs": [
              {
                "name": "Microsoft.Web/sites permissions",
                "description": "Read and write permissions to Azure Functions to create a Function App is required. [See the documentation to learn more about Azure Functions](https://docs.microsoft.com/azure/azure-functions/)."
              },
              {
                "name": "Mimecast API credentials",
                "description": "You need to have the following pieces of information to configure the integration:\n- mimecastEmail: Email address of a dedicated Mimecast admin user\n- mimecastPassword: Password for the dedicated Mimecast admin user\n- mimecastAppId: API Application Id of the Mimecast Azure Sentinel app registered with Mimecast\n- mimecastAppKey: API Application Key of the Mimecast Azure Sentinel app registered with Mimecast\n- mimecastAccessKey: Access Key for the dedicated Mimecast admin user\n- mimecastSecretKey: Secret Key for the dedicated Mimecast admin user\n- mimecastBaseURL: Mimecast Regional API Base URL\n\n> The Mimecast Application Id, Application Key, along with the Access Key and Secret keys for the dedicated Mimecast admin user are obtainable via the Mimecast Administration Console: Administration | Services | API and Platform Integrations.\n\n> The Mimecast API Base URL for each region is documented here: https://integrations.mimecast.com/documentation/api-overview/global-base-urls/"
              },
              {
                "name": "Resource group",
                "description": "You need to have a resource group created with a subscription you are going to use."
              },
              {
                "name": "Functions app",
                "description": "You need to have an Azure App registered for this connector to use\n1. Application Id\n2. Tenant Id\n3. Client Id\n4. Client Secret"
              }
            ]
          },
          "instructionSteps": [
            {
              "description": ">**NOTE:** This connector uses Azure Functions to connect to a Mimecast API to pull its logs into Azure Sentinel. This might result in additional data ingestion costs. Check the [Azure Functions pricing page](https://azure.microsoft.com/pricing/details/functions/) for details."
            },
            {
              "description": ">**(Optional Step)** Securely store workspace and API authorization key(s) or token(s) in Azure Key Vault. Azure Key Vault provides a secure mechanism to store and retrieve key values. [Follow these instructions](https://docs.microsoft.com/azure/app-service/app-service-key-vault-references) to use Azure Key Vault with an Azure Function App."
            },
            {
              "description": "**STEP 1 - Configuration steps for the Mimecast API**\n\nGo to ***Azure portal ---> App registrations ---> [your_app] ---> Certificates & secrets ---> New client secret*** and create a new secret (save the Value somewhere safe right away because you will not be able to preview it later)",
              "title": "Configuration:"
            },
            {
              "description": "**STEP 2 - Deploy Mimecast API Connector**\n\n>**IMPORTANT:** Before deploying the Mimecast API connector, have the Workspace ID  and Workspace Primary Key (can be copied from the following), as well as the Mimecast API authorization key(s) or Token, readily available.",
              "instructions": [
                {
                  "parameters": {
                    "fillWith": [
                      "WorkspaceId"
                    ],
                    "label": "Workspace ID"
                  },
                  "type": "CopyableLabel"
                },
                {
                  "parameters": {
                    "fillWith": [
                      "PrimaryKey"
                    ],
                    "label": "Primary Key"
                  },
                  "type": "CopyableLabel"
                }
              ]
            },
            {
              "description": "\n1. Click the **Deploy to Azure** button below. \n\n\t[![Deploy To Azure](https://aka.ms/deploytoazurebutton)](https://aka.ms/sentinel-MimecastSEG-azuredeploy)\n2. Select the preferred **Subscription**, **Resource Group** and **Location**. \n3. Enter the following fields:\n - appName: Unique string that will be used as id for the app in Azure platform\n - objectId: Azure portal ---> Azure Active Directory ---> more info ---> Profile -----> Object ID\n - appInsightsLocation(default): westeurope\n - mimecastEmail: Email address of dedicated user for this integraion\n - mimecastPassword: Password for dedicated user\n - mimecastAppId: Application Id from the Azure Sentinel app registered with Mimecast\n - mimecastAppKey: Application Key from the Azure Sentinel app registered with Mimecast\n - mimecastAccessKey: Access Key for the dedicated Mimecast user\n - mimecastSecretKey: Secret Key for dedicated Mimecast user\n - mimecastBaseURL: Regional Mimecast API Base URL\n - activeDirectoryAppId: Azure portal ---> App registrations ---> [your_app] ---> Application ID\n - activeDirectoryAppSecret: Azure portal ---> App registrations ---> [your_app] ---> Certificates & secrets ---> [your_app_secret]\n\n >Note: If using Azure Key Vault secrets for any of the values above, use the`@Microsoft.KeyVault(SecretUri={Security Identifier})`schema in place of the string values. Refer to [Key Vault references documentation](https://docs.microsoft.com/azure/app-service/app-service-key-vault-references) for further details.\n\n4. Mark the checkbox labeled **I agree to the terms and conditions stated above**. \n5. Click **Purchase** to deploy.\n\n6. Go to ***Azure portal ---> Resource groups ---> [your_resource_group] --->  [appName](type: Storage account) ---> Storage Explorer ---> BLOB CONTAINERS ---> SIEM checkpoints ---> Upload*** and create empty file on your machine named checkpoint.txt and select it for upload (this is done so that date_range for SIEM logs is stored in consistent state)\n",
              "title": "Deploy the Mimecast Secure Email Gateway Data Connector:"
            }
          ]
        }
      }
    }
  ],
  "outputs": {}
}
