{
  "$schema": "https://schema.management.azure.com/schemas/2019-04-01/deploymentTemplate.json#",
  "contentVersion": "1.0.0.0",
  "metadata": {
    "author": "SpecterOps - support@specterops.io",
    "comments": "Solution template for BloodHound Enterprise"
  },
  "parameters": {
    "location": {
      "type": "string",
      "minLength": 1,
      "defaultValue": "[resourceGroup().location]",
      "metadata": {
        "description": "Not used, but needed to pass arm-ttk test `Location-Should-Not-Be-Hardcoded`.  We instead use the `workspace-location` which is derived from the LA workspace"
      }
    },
    "workspace-location": {
      "type": "string",
      "defaultValue": "",
      "metadata": {
        "description": "[concat('Region to deploy solution resources -- separate from location selection',parameters('location'))]"
      }
    },
    "workspace": {
      "defaultValue": "",
      "type": "string",
      "metadata": {
        "description": "Workspace name for Log Analytics where Microsoft Sentinel is setup"
      }
    },
    "workbook1-name": {
      "type": "string",
      "defaultValue": null,
      "minLength": 1,
      "metadata": {
        "description": "Name for the workbook"
      }
    },
    "workbook2-name": {
      "type": "string",
      "defaultValue": null,
      "minLength": 1,
      "metadata": {
        "description": "Name for the workbook"
      }
    },
    "workbook3-name": {
      "type": "string",
      "defaultValue": null,
      "minLength": 1,
      "metadata": {
        "description": "Name for the workbook"
      }
    },
    "workbook4-name": {
      "type": "string",
      "defaultValue": "BloodHound Enterprise Posture",
      "minLength": 1,
      "metadata": {
        "description": "Name for the workbook"
      }
    },
    "workbook5-name": {
      "type": "string",
      "defaultValue": null,
      "minLength": 1,
      "metadata": {
        "description": "Name for the workbook"
      }
    }
  },
  "variables": {
    "email": "support@specterops.io",
    "_email": "[variables('email')]",
    "_solutionName": "BloodHound Enterprise",
    "_solutionVersion": "3.0.0",
    "solutionId": "azuresentinel.azure-sentinel-solution-bloodhoundenterprise",
    "_solutionId": "[variables('solutionId')]",
    "workbookVersion1": "",
    "workbookContentId1": "",
    "workbookId1": "[resourceId('Microsoft.Insights/workbooks', variables('workbookContentId1'))]",
    "workbookTemplateSpecName1": "[concat(parameters('workspace'),'/Microsoft.SecurityInsights/',concat(parameters('workspace'),'-wb-',uniquestring(variables('_workbookContentId1'))))]",
    "_workbookContentId1": "[variables('workbookContentId1')]",
    "workspaceResourceId": "[resourceId('microsoft.OperationalInsights/Workspaces', parameters('workspace'))]",
    "_workbookcontentProductId1": "[concat(take(variables('_solutionId'),50),'-','wb','-', uniqueString(concat(variables('_solutionId'),'-','Workbook','-',variables('_workbookContentId1'),'-', variables('workbookVersion1'))))]",
    "workbookVersion2": "",
    "workbookContentId2": "",
    "workbookId2": "[resourceId('Microsoft.Insights/workbooks', variables('workbookContentId2'))]",
    "workbookTemplateSpecName2": "[concat(parameters('workspace'),'/Microsoft.SecurityInsights/',concat(parameters('workspace'),'-wb-',uniquestring(variables('_workbookContentId2'))))]",
    "_workbookContentId2": "[variables('workbookContentId2')]",
    "_workbookcontentProductId2": "[concat(take(variables('_solutionId'),50),'-','wb','-', uniqueString(concat(variables('_solutionId'),'-','Workbook','-',variables('_workbookContentId2'),'-', variables('workbookVersion2'))))]",
    "workbookVersion3": "",
    "workbookContentId3": "",
    "workbookId3": "[resourceId('Microsoft.Insights/workbooks', variables('workbookContentId3'))]",
    "workbookTemplateSpecName3": "[concat(parameters('workspace'),'/Microsoft.SecurityInsights/',concat(parameters('workspace'),'-wb-',uniquestring(variables('_workbookContentId3'))))]",
    "_workbookContentId3": "[variables('workbookContentId3')]",
    "_workbookcontentProductId3": "[concat(take(variables('_solutionId'),50),'-','wb','-', uniqueString(concat(variables('_solutionId'),'-','Workbook','-',variables('_workbookContentId3'),'-', variables('workbookVersion3'))))]",
    "workbookVersion4": "1.0",
    "workbookContentId4": "BloodHoundEnterprisePostureWorkbook",
    "workbookId4": "[resourceId('Microsoft.Insights/workbooks', variables('workbookContentId4'))]",
    "workbookTemplateSpecName4": "[concat(parameters('workspace'),'/Microsoft.SecurityInsights/',concat(parameters('workspace'),'-wb-',uniquestring(variables('_workbookContentId4'))))]",
    "_workbookContentId4": "[variables('workbookContentId4')]",
    "_workbookcontentProductId4": "[concat(take(variables('_solutionId'),50),'-','wb','-', uniqueString(concat(variables('_solutionId'),'-','Workbook','-',variables('_workbookContentId4'),'-', variables('workbookVersion4'))))]",
    "workbookVersion5": "",
    "workbookContentId5": "",
    "workbookId5": "[resourceId('Microsoft.Insights/workbooks', variables('workbookContentId5'))]",
    "workbookTemplateSpecName5": "[concat(parameters('workspace'),'/Microsoft.SecurityInsights/',concat(parameters('workspace'),'-wb-',uniquestring(variables('_workbookContentId5'))))]",
    "_workbookContentId5": "[variables('workbookContentId5')]",
    "_workbookcontentProductId5": "[concat(take(variables('_solutionId'),50),'-','wb','-', uniqueString(concat(variables('_solutionId'),'-','Workbook','-',variables('_workbookContentId5'),'-', variables('workbookVersion5'))))]",
    "analyticRuleObject1": {
      "analyticRuleVersion1": "1.0.1",
      "_analyticRulecontentId1": "df292d06-f348-41ad-b780-0abb5acfe9ab",
      "analyticRuleId1": "[resourceId('Microsoft.SecurityInsights/AlertRuleTemplates', 'df292d06-f348-41ad-b780-0abb5acfe9ab')]",
      "analyticRuleTemplateSpecName1": "[concat(parameters('workspace'),'/Microsoft.SecurityInsights/',concat(parameters('workspace'),'-ar-',uniquestring('df292d06-f348-41ad-b780-0abb5acfe9ab')))]",
      "_analyticRulecontentProductId1": "[concat(take(variables('_solutionId'),50),'-','ar','-', uniqueString(concat(variables('_solutionId'),'-','AnalyticsRule','-','df292d06-f348-41ad-b780-0abb5acfe9ab','-', '1.0.1')))]"
    },
    "analyticRuleObject2": {
      "analyticRuleVersion2": "1.0.1",
      "_analyticRulecontentId2": "b1f6aed2-ebb9-4fe4-bd7c-6657d02a0cc8",
      "analyticRuleId2": "[resourceId('Microsoft.SecurityInsights/AlertRuleTemplates', 'b1f6aed2-ebb9-4fe4-bd7c-6657d02a0cc8')]",
      "analyticRuleTemplateSpecName2": "[concat(parameters('workspace'),'/Microsoft.SecurityInsights/',concat(parameters('workspace'),'-ar-',uniquestring('b1f6aed2-ebb9-4fe4-bd7c-6657d02a0cc8')))]",
      "_analyticRulecontentProductId2": "[concat(take(variables('_solutionId'),50),'-','ar','-', uniqueString(concat(variables('_solutionId'),'-','AnalyticsRule','-','b1f6aed2-ebb9-4fe4-bd7c-6657d02a0cc8','-', '1.0.1')))]"
    },
    "analyticRuleObject3": {
      "analyticRuleVersion3": "1.0.1",
      "_analyticRulecontentId3": "13424be6-aed7-448b-afe5-c03d8b29b4fe",
      "analyticRuleId3": "[resourceId('Microsoft.SecurityInsights/AlertRuleTemplates', '13424be6-aed7-448b-afe5-c03d8b29b4fe')]",
      "analyticRuleTemplateSpecName3": "[concat(parameters('workspace'),'/Microsoft.SecurityInsights/',concat(parameters('workspace'),'-ar-',uniquestring('13424be6-aed7-448b-afe5-c03d8b29b4fe')))]",
      "_analyticRulecontentProductId3": "[concat(take(variables('_solutionId'),50),'-','ar','-', uniqueString(concat(variables('_solutionId'),'-','AnalyticsRule','-','13424be6-aed7-448b-afe5-c03d8b29b4fe','-', '1.0.1')))]"
    },
    "uiConfigId1": "BloodHoundEnterprise",
    "_uiConfigId1": "[variables('uiConfigId1')]",
    "dataConnectorContentId1": "BloodHoundEnterprise",
    "_dataConnectorContentId1": "[variables('dataConnectorContentId1')]",
    "dataConnectorId1": "[extensionResourceId(resourceId('Microsoft.OperationalInsights/workspaces', parameters('workspace')), 'Microsoft.SecurityInsights/dataConnectors', variables('_dataConnectorContentId1'))]",
    "_dataConnectorId1": "[variables('dataConnectorId1')]",
    "dataConnectorTemplateSpecName1": "[concat(parameters('workspace'),'/Microsoft.SecurityInsights/',concat(parameters('workspace'),'-dc-',uniquestring(variables('_dataConnectorContentId1'))))]",
    "dataConnectorVersion1": "1.0.0",
    "_dataConnectorcontentProductId1": "[concat(take(variables('_solutionId'),50),'-','dc','-', uniqueString(concat(variables('_solutionId'),'-','DataConnector','-',variables('_dataConnectorContentId1'),'-', variables('dataConnectorVersion1'))))]",
    "_solutioncontentProductId": "[concat(take(variables('_solutionId'),50),'-','sl','-', uniqueString(concat(variables('_solutionId'),'-','Solution','-',variables('_solutionId'),'-', variables('_solutionVersion'))))]"
  },
  "resources": [
    {
      "type": "Microsoft.OperationalInsights/workspaces/providers/contentTemplates",
      "apiVersion": "2023-04-01-preview",
      "name": "[variables('workbookTemplateSpecName1')]",
      "location": "[parameters('workspace-location')]",
      "dependsOn": [
        "[extensionResourceId(resourceId('Microsoft.OperationalInsights/workspaces', parameters('workspace')), 'Microsoft.SecurityInsights/contentPackages', variables('_solutionId'))]"
      ],
      "properties": {
        "description": "BloodHoundEnterpriseAttackPathDetails Workbook with template version 3.0.0",
        "mainTemplate": {
          "$schema": "https://schema.management.azure.com/schemas/2019-04-01/deploymentTemplate.json#",
          "contentVersion": "[variables('workbookVersion1')]",
          "parameters": {},
          "variables": {},
          "resources": [
            {
              "type": "Microsoft.Insights/workbooks",
              "name": "[variables('workbookContentId1')]",
              "location": "[parameters('workspace-location')]",
              "kind": "shared",
              "apiVersion": "2021-08-01",
              "metadata": {
                "description": ""
              },
              "properties": {
                "displayName": "[parameters('workbook1-name')]",
                "serializedData": "{\"version\":\"Notebook/1.0\",\"items\":[{\"type\":1,\"content\":{\"json\":\"# Attack Path Details\\n--- \\n\"},\"name\":\"attack-path-details\"},{\"type\":3,\"content\":{\"version\":\"KqlItem/1.0\",\"query\":\"BloodHoundLogs_CL\\n| where data_type == \\\"finding_export\\\"\\n| where exposure != 0\\n| where path_type != \\\"\\\"\\n| extend Severity = case(\\n    exposure < 40.0, 'low',\\n    exposure >= 40.0 and exposure <= 79.0, 'medium',\\n    exposure > 79.0 and exposure <= 94.0, 'high',\\n    exposure > 94.0, 'critical',\\n    'unknown' \\n    )\\n| project \\n    Domain = domain_name,\\n    ['Attack Path'] = path_type,\\n    Severity,\\n    ['Exposure %'] = exposure\\n\",\"size\":1,\"timeContext\":{\"durationMs\":2592000000},\"queryType\":0,\"resourceType\":\"microsoft.operationalinsights/workspaces\"},\"name\":\"attack-path-details-query1\"}],\"$schema\":\"https://github.com/Microsoft/Application-Insights-Workbooks/blob/master/schema/workbook.json\"}\n",
                "version": "1.0",
                "sourceId": "[variables('workspaceResourceId')]",
                "category": "sentinel"
              }
            },
            {
              "type": "Microsoft.OperationalInsights/workspaces/providers/metadata",
              "apiVersion": "2022-01-01-preview",
              "name": "[concat(parameters('workspace'),'/Microsoft.SecurityInsights/',concat('Workbook-', last(split(variables('workbookId1'),'/'))))]",
              "properties": {
                "description": ".description",
                "parentId": "[variables('workbookId1')]",
                "contentId": "[variables('_workbookContentId1')]",
                "kind": "Workbook",
                "version": "[variables('workbookVersion1')]",
                "source": {
                  "kind": "Solution",
                  "name": "BloodHound Enterprise",
                  "sourceId": "[variables('_solutionId')]"
                },
                "author": {
                  "name": "SpecterOps",
                  "email": "[variables('_email')]"
                },
                "support": {
                  "name": "SpecterOps",
                  "email": "support@specterops.io",
                  "tier": "Partner",
                  "link": "https://bloodhoundenterprise.io/"
                }
              }
            }
          ]
        },
        "packageKind": "Solution",
        "packageVersion": "[variables('_solutionVersion')]",
        "packageName": "[variables('_solutionName')]",
        "packageId": "[variables('_solutionId')]",
        "contentSchemaVersion": "3.0.0",
        "contentId": "[variables('_workbookContentId1')]",
        "contentKind": "Workbook",
        "displayName": "[parameters('workbook1-name')]",
        "contentProductId": "[variables('_workbookcontentProductId1')]",
        "id": "[variables('_workbookcontentProductId1')]",
        "version": "[variables('workbookVersion1')]"
      }
    },
    {
      "type": "Microsoft.OperationalInsights/workspaces/providers/contentTemplates",
      "apiVersion": "2023-04-01-preview",
      "name": "[variables('workbookTemplateSpecName2')]",
      "location": "[parameters('workspace-location')]",
      "dependsOn": [
        "[extensionResourceId(resourceId('Microsoft.OperationalInsights/workspaces', parameters('workspace')), 'Microsoft.SecurityInsights/contentPackages', variables('_solutionId'))]"
      ],
      "properties": {
        "description": "BloodHoundEnterpriseAttackPathOverview Workbook with template version 3.0.0",
        "mainTemplate": {
          "$schema": "https://schema.management.azure.com/schemas/2019-04-01/deploymentTemplate.json#",
          "contentVersion": "[variables('workbookVersion2')]",
          "parameters": {},
          "variables": {},
          "resources": [
            {
              "type": "Microsoft.Insights/workbooks",
              "name": "[variables('workbookContentId2')]",
              "location": "[parameters('workspace-location')]",
              "kind": "shared",
              "apiVersion": "2021-08-01",
              "metadata": {
                "description": ""
              },
              "properties": {
                "displayName": "[parameters('workbook2-name')]",
                "serializedData": "{\"version\":\"Notebook/1.0\",\"items\":[{\"type\":1,\"content\":{\"json\":\"# Attack Path Overview\"},\"name\":\"attack-path-overview\"},{\"type\":9,\"content\":{\"version\":\"KqlParameterItem/1.0\",\"parameters\":[{\"id\":\"39b26570-b884-4143-9b01-38a84d7f2663\",\"version\":\"KqlParameterItem/1.0\",\"name\":\"domain_name\",\"label\":\"Domain Name\",\"type\":2,\"isRequired\":true,\"query\":\"BloodHoundLogs_CL \\n| where data_type == \\\"posture_path\\\"\\n| distinct domain_name\\n| order by domain_name\",\"typeSettings\":{\"showDefault\":false},\"timeContext\":{\"durationMs\":2592000000},\"queryType\":0,\"resourceType\":\"microsoft.operationalinsights/workspaces\",\"value\":\"GHOST.CORP\"},{\"id\":\"afbf7d11-42d2-4e8c-8b1a-9628bc27ab96\",\"version\":\"KqlParameterItem/1.0\",\"name\":\"attack_path\",\"label\":\"Attack path\",\"type\":2,\"isRequired\":true,\"query\":\"BloodHoundLogs_CL\\n| where data_type == \\\"posture_path\\\"\\n| where domain_name == \\\"{domain_name}\\\"\\n| distinct path_type\\n| order by path_type\",\"typeSettings\":{\"showDefault\":false},\"timeContext\":{\"durationMs\":2592000000},\"queryType\":0,\"resourceType\":\"microsoft.operationalinsights/workspaces\",\"value\":\"T0MarkSensitive\"},{\"id\":\"f83ce0ef-a752-49c8-9e57-38e59621e984\",\"version\":\"KqlParameterItem/1.0\",\"name\":\"time_range\",\"type\":4,\"isRequired\":true,\"typeSettings\":{\"selectableValues\":[{\"durationMs\":300000},{\"durationMs\":900000},{\"durationMs\":1800000},{\"durationMs\":3600000},{\"durationMs\":14400000},{\"durationMs\":43200000},{\"durationMs\":86400000},{\"durationMs\":172800000},{\"durationMs\":259200000},{\"durationMs\":604800000},{\"durationMs\":1209600000},{\"durationMs\":2419200000},{\"durationMs\":2592000000},{\"durationMs\":5184000000},{\"durationMs\":7776000000}],\"allowCustom\":true},\"timeContext\":{\"durationMs\":2592000000},\"label\":\"Time Range\",\"value\":{\"durationMs\":1800000}},{\"id\":\"cde4481a-66a9-4c6e-b126-02fa1c4b1b87\",\"version\":\"KqlParameterItem/1.0\",\"name\":\"relationship_type\",\"type\":1,\"isRequired\":true,\"query\":\"BloodHoundLogs_CL\\n| where domain_name == \\\"{domain_name}\\\"\\n| where data_type == \\\"posture_path\\\"\\n| where path_type == \\\"{attack_path}\\\"\\n| extend PathCase = case(\\n    path_type hasprefix \\\"LargeDefault\\\", \\\"LargeDefaultRelational\\\",\\n    isnotempty(tier_zero_principal) and isnotempty(non_tier_zero_principal), \\\"Relational\\\",\\n    isnotempty(tier_zero_principal) and isempty(non_tier_zero_principal), \\\"Configuration\\\",\\n    \\\"Unknown\\\"\\n)\\n| limit 1\\n| project PathCase\\n| distinct PathCase\",\"isHiddenWhenLocked\":true,\"timeContextFromParameter\":\"time_range\",\"queryType\":0,\"resourceType\":\"microsoft.operationalinsights/workspaces\",\"label\":\"Relation Type\"}],\"style\":\"above\",\"queryType\":0,\"resourceType\":\"microsoft.operationalinsights/workspaces\"},\"name\":\"parameters - 2\"},{\"type\":3,\"content\":{\"version\":\"KqlItem/1.0\",\"query\":\"BloodHoundLogs_CL\\n| where data_type == \\\"posture_path\\\"\\n| where path_type == \\\"{attack_path}\\\"\\n| where domain_name == \\\"{domain_name}\\\"\\n| extend PathType = path_type\\n| extend PathCase = case(\\n    PathType hasprefix \\\"LargeDefault\\\", \\\"Case1\\\",\\n    isnotempty(tier_zero_principal) and isnotempty(non_tier_zero_principal), \\\"Case2\\\",\\n    isnotempty(tier_zero_principal) and isempty(non_tier_zero_principal), \\\"Case3\\\",\\n    \\\"Unknown\\\"\\n)\\n// Create columns based on the PathCase\\n| extend [\\\"Group\\\"] = iff(PathCase == \\\"Case1\\\", non_tier_zero_principal, dynamic(null))\\n| extend [\\\"Principal\\\"] = iff(PathCase == \\\"Case1\\\", tier_zero_principal, dynamic(null))\\n| extend [\\\"Non-Tier Zero Principal\\\"] = iff(PathCase == \\\"Case2\\\", non_tier_zero_principal, dynamic(null))\\n| extend [\\\"Tier Zero Principal\\\"] = iff(PathCase == \\\"Case2\\\", tier_zero_principal, dynamic(null))\\n| extend [\\\"Principal (Tier Zero)\\\"] = iff(PathCase == \\\"Case3\\\", principal, dynamic(null))\\n| extend [\\\"Column Check Error\\\"] = iff(PathCase == \\\"Unknown\\\", tier_zero_principal, dynamic(null))\\n| extend [\\\"PATH_CASE\\\"] = PathCase\\n// Project the relevant columns\\n| project\\n    [\\\"Non-Tier Zero Principal\\\"],\\n    [\\\"Tier Zero Principal\\\"]\",\"size\":0,\"timeContext\":{\"durationMs\":2592000000},\"queryType\":0,\"resourceType\":\"microsoft.operationalinsights/workspaces\"},\"conditionalVisibility\":{\"parameterName\":\"relationship_type\",\"comparison\":\"isEqualTo\",\"value\":\"Relational\"},\"name\":\"query - 3\"},{\"type\":3,\"content\":{\"version\":\"KqlItem/1.0\",\"query\":\"BloodHoundLogs_CL\\n| where data_type == \\\"posture_path\\\"\\n| where path_type == \\\"{attack_path}\\\"\\n| where domain_name == \\\"{domain_name}\\\"\\n| extend PathType = path_type\\n| extend PathCase = case(\\n    PathType hasprefix \\\"LargeDefault\\\", \\\"Case1\\\",\\n    isnotempty(tier_zero_principal) and isnotempty(non_tier_zero_principal), \\\"Case2\\\",\\n    isnotempty(tier_zero_principal) and isempty(non_tier_zero_principal), \\\"Case3\\\",\\n    \\\"Unknown\\\"\\n)\\n// Create columns based on the PathCase\\n| extend [\\\"Group\\\"] = iff(PathCase == \\\"Case1\\\", non_tier_zero_principal, \\\"\\\")\\n| extend [\\\"Principal\\\"] = iff(PathCase == \\\"Case1\\\", tier_zero_principal, \\\"\\\")\\n| extend [\\\"Non-Tier Zero Principal\\\"] = iff(PathCase == \\\"Case2\\\", non_tier_zero_principal, \\\"\\\")\\n| extend [\\\"Tier Zero Principal\\\"] = iff(PathCase == \\\"Case2\\\", tier_zero_principal, \\\"\\\")\\n| extend [\\\"Principal (Tier Zero)\\\"] = iff(PathCase == \\\"Case3\\\", tier_zero_principal, \\\"\\\")\\n| extend [\\\"Column Check Error\\\"] = iff(PathCase == \\\"Unknown\\\", tier_zero_principal, \\\"\\\")\\n| extend [\\\"PATH_CASE\\\"] = PathCase\\n// Project the relevant columns\\n| project\\n    [\\\"Principal (Tier Zero)\\\"]\",\"size\":0,\"timeContext\":{\"durationMs\":2592000000},\"queryType\":0,\"resourceType\":\"microsoft.operationalinsights/workspaces\"},\"conditionalVisibility\":{\"parameterName\":\"relationship_type\",\"comparison\":\"isEqualTo\",\"value\":\"Configuration\"},\"name\":\"query - 3 - Copy\"},{\"type\":3,\"content\":{\"version\":\"KqlItem/1.0\",\"query\":\"BloodHoundLogs_CL\\n| where data_type == \\\"posture_path\\\"\\n| where path_type == \\\"{attack_path}\\\"\\n| where domain_name == \\\"{domain_name}\\\"\\n| extend PathType = path_type\\n| extend PathCase = case(\\n    PathType hasprefix \\\"LargeDefault\\\", \\\"Case1\\\",\\n    isnotempty(tier_zero_principal) and isnotempty(non_tier_zero_principal), \\\"Case2\\\",\\n    isnotempty(tier_zero_principal) and isempty(non_tier_zero_principal), \\\"Case3\\\",\\n    \\\"Unknown\\\"\\n)\\n// Create columns based on the PathCase\\n| extend [\\\"Group\\\"] = iff(PathCase == \\\"Case1\\\", non_tier_zero_principal, \\\"\\\")\\n| extend [\\\"Principal\\\"] = iff(PathCase == \\\"Case1\\\", tier_zero_principal, \\\"\\\")\\n| extend [\\\"Non-Tier Zero Principal\\\"] = iff(PathCase == \\\"Case2\\\", non_tier_zero_principal, \\\"\\\")\\n| extend [\\\"Tier Zero Principal\\\"] = iff(PathCase == \\\"Case2\\\", tier_zero_principal, \\\"\\\")\\n| extend [\\\"Principal (Tier Zero)\\\"] = iff(PathCase == \\\"Case3\\\", principal, \\\"\\\")\\n| extend [\\\"Column Check Error\\\"] = iff(PathCase == \\\"Unknown\\\", tier_zero_principal, \\\"\\\")\\n| extend [\\\"PATH_CASE\\\"] = PathCase\\n// Project the relevant columns\\n| project\\n    [\\\"Group\\\"],\\n    [\\\"Principal\\\"]\",\"size\":0,\"timeContext\":{\"durationMs\":2592000000},\"queryType\":0,\"resourceType\":\"microsoft.operationalinsights/workspaces\"},\"conditionalVisibility\":{\"parameterName\":\"relationship_type\",\"comparison\":\"isEqualTo\",\"value\":\"LargeDefaultRelational\"},\"name\":\"query - 3 - Copy - Copy\"},{\"type\":1,\"content\":{\"json\":\"# Exposure \\n## %\"},\"name\":\"text - 6\"},{\"type\":3,\"content\":{\"version\":\"KqlItem/1.0\",\"query\":\"BloodHoundLogs_CL\\n| where data_type == \\\"finding_export\\\"\\n| where domain_name == \\\"{domain_name}\\\"\\n| summarize max(exposure_index) by bin(created_at, 1d), domain_name\",\"size\":0,\"aggregation\":5,\"timeContextFromParameter\":\"time_range\",\"queryType\":0,\"resourceType\":\"microsoft.operationalinsights/workspaces\",\"visualization\":\"areachart\"},\"name\":\"query - 5\"},{\"type\":1,\"content\":{\"json\":\"# Findings\\n## count\"},\"name\":\"text - 7\"},{\"type\":3,\"content\":{\"version\":\"KqlItem/1.0\",\"query\":\"BloodHoundLogs_CL\\n| where data_type == \\\"finding_export\\\"\\n| where domain_name == \\\"{domain_name}\\\"\\n| summarize max(finding_count) by bin(created_at, 1d), domain_name\",\"size\":0,\"aggregation\":2,\"timeContextFromParameter\":\"time_range\",\"queryType\":0,\"resourceType\":\"microsoft.operationalinsights/workspaces\",\"visualization\":\"areachart\"},\"name\":\"query - 8\"},{\"type\":1,\"content\":{\"json\":\"# Principals\\n## count\"},\"name\":\"text - 9\"},{\"type\":3,\"content\":{\"version\":\"KqlItem/1.0\",\"query\":\"BloodHoundLogs_CL\\n| where data_type == \\\"posture_path\\\"\\n| where domain_name == \\\"{domain_name}\\\"\\n| where path_type == \\\"{attack_path}\\\"\\n| summarize max(principal_count) by bin(created_at, 1d), domain_name\",\"size\":0,\"aggregation\":2,\"timeContextFromParameter\":\"time_range\",\"queryType\":0,\"resourceType\":\"microsoft.operationalinsights/workspaces\",\"visualization\":\"areachart\"},\"name\":\"query - 10\"}],\"$schema\":\"https://github.com/Microsoft/Application-Insights-Workbooks/blob/master/schema/workbook.json\"}\n",
                "version": "1.0",
                "sourceId": "[variables('workspaceResourceId')]",
                "category": "sentinel"
              }
            },
            {
              "type": "Microsoft.OperationalInsights/workspaces/providers/metadata",
              "apiVersion": "2022-01-01-preview",
              "name": "[concat(parameters('workspace'),'/Microsoft.SecurityInsights/',concat('Workbook-', last(split(variables('workbookId2'),'/'))))]",
              "properties": {
                "description": ".description",
                "parentId": "[variables('workbookId2')]",
                "contentId": "[variables('_workbookContentId2')]",
                "kind": "Workbook",
                "version": "[variables('workbookVersion2')]",
                "source": {
                  "kind": "Solution",
                  "name": "BloodHound Enterprise",
                  "sourceId": "[variables('_solutionId')]"
                },
                "author": {
                  "name": "SpecterOps",
                  "email": "[variables('_email')]"
                },
                "support": {
                  "name": "SpecterOps",
                  "email": "support@specterops.io",
                  "tier": "Partner",
                  "link": "https://bloodhoundenterprise.io/"
                }
              }
            }
          ]
        },
        "packageKind": "Solution",
        "packageVersion": "[variables('_solutionVersion')]",
        "packageName": "[variables('_solutionName')]",
        "packageId": "[variables('_solutionId')]",
        "contentSchemaVersion": "3.0.0",
        "contentId": "[variables('_workbookContentId2')]",
        "contentKind": "Workbook",
        "displayName": "[parameters('workbook2-name')]",
        "contentProductId": "[variables('_workbookcontentProductId2')]",
        "id": "[variables('_workbookcontentProductId2')]",
        "version": "[variables('workbookVersion2')]"
      }
    },
    {
      "type": "Microsoft.OperationalInsights/workspaces/providers/contentTemplates",
      "apiVersion": "2023-04-01-preview",
      "name": "[variables('workbookTemplateSpecName3')]",
      "location": "[parameters('workspace-location')]",
      "dependsOn": [
        "[extensionResourceId(resourceId('Microsoft.OperationalInsights/workspaces', parameters('workspace')), 'Microsoft.SecurityInsights/contentPackages', variables('_solutionId'))]"
      ],
      "properties": {
        "description": "BloodHoundEnterpriseAuditLogs Workbook with template version 3.0.0",
        "mainTemplate": {
          "$schema": "https://schema.management.azure.com/schemas/2019-04-01/deploymentTemplate.json#",
          "contentVersion": "[variables('workbookVersion3')]",
          "parameters": {},
          "variables": {},
          "resources": [
            {
              "type": "Microsoft.Insights/workbooks",
              "name": "[variables('workbookContentId3')]",
              "location": "[parameters('workspace-location')]",
              "kind": "shared",
              "apiVersion": "2021-08-01",
              "metadata": {
                "description": ""
              },
              "properties": {
                "displayName": "[parameters('workbook3-name')]",
                "serializedData": "{\"version\":\"Notebook/1.0\",\"items\":[{\"type\":1,\"content\":{\"json\":\"# Audit Logs\"},\"name\":\"audit-log\"},{\"type\":9,\"content\":{\"version\":\"KqlParameterItem/1.0\",\"parameters\":[{\"id\":\"f20bb42b-e116-4bc5-9f3d-2fd42491a340\",\"version\":\"KqlParameterItem/1.0\",\"name\":\"time_param\",\"type\":4,\"isRequired\":true,\"typeSettings\":{\"selectableValues\":[{\"durationMs\":300000},{\"durationMs\":900000},{\"durationMs\":1800000},{\"durationMs\":3600000},{\"durationMs\":14400000},{\"durationMs\":43200000},{\"durationMs\":86400000},{\"durationMs\":172800000},{\"durationMs\":259200000},{\"durationMs\":604800000},{\"durationMs\":1209600000},{\"durationMs\":2419200000},{\"durationMs\":2592000000},{\"durationMs\":5184000000},{\"durationMs\":7776000000}]},\"timeContext\":{\"durationMs\":86400000},\"value\":{\"durationMs\":2592000000}},{\"id\":\"44ebb9da-a987-4690-8fc5-f844a0c6daee\",\"version\":\"KqlParameterItem/1.0\",\"name\":\"event_type_param\",\"label\":\"Type\",\"type\":2,\"isRequired\":true,\"multiSelect\":true,\"quote\":\"'\",\"delimiter\":\",\",\"query\":\"BloodHoundLogs_CL\\n| where data_type == \\\"audit_log\\\"\\n| distinct event_type\\n| project event_type\",\"typeSettings\":{\"showDefault\":false},\"timeContext\":{\"durationMs\":0},\"timeContextFromParameter\":\"time_param\",\"queryType\":0,\"resourceType\":\"microsoft.operationalinsights/workspaces\",\"value\":[\"ExportRelationshipRisks\",\"UpdateAuthSecret\",\"UpdateUser\",\"DeleteBloodhoundData\"]}],\"style\":\"above\",\"queryType\":0,\"resourceType\":\"microsoft.operationalinsights/workspaces\"},\"name\":\"parameters - 2\"},{\"type\":3,\"content\":{\"version\":\"KqlItem/1.0\",\"query\":\"BloodHoundLogs_CL\\n| where data_type == \\\"audit_log\\\"\\n| where event_type in ({event_type_param})\\n| project [\\\"Time\\\"]=created_at, [\\\"Event\\\"]=event_details\",\"size\":1,\"timeContextFromParameter\":\"time_param\",\"queryType\":0,\"resourceType\":\"microsoft.operationalinsights/workspaces\"},\"name\":\"query - 2\"}],\"$schema\":\"https://github.com/Microsoft/Application-Insights-Workbooks/blob/master/schema/workbook.json\"}\n",
                "version": "1.0",
                "sourceId": "[variables('workspaceResourceId')]",
                "category": "sentinel"
              }
            },
            {
              "type": "Microsoft.OperationalInsights/workspaces/providers/metadata",
              "apiVersion": "2022-01-01-preview",
              "name": "[concat(parameters('workspace'),'/Microsoft.SecurityInsights/',concat('Workbook-', last(split(variables('workbookId3'),'/'))))]",
              "properties": {
                "description": ".description",
                "parentId": "[variables('workbookId3')]",
                "contentId": "[variables('_workbookContentId3')]",
                "kind": "Workbook",
                "version": "[variables('workbookVersion3')]",
                "source": {
                  "kind": "Solution",
                  "name": "BloodHound Enterprise",
                  "sourceId": "[variables('_solutionId')]"
                },
                "author": {
                  "name": "SpecterOps",
                  "email": "[variables('_email')]"
                },
                "support": {
                  "name": "SpecterOps",
                  "email": "support@specterops.io",
                  "tier": "Partner",
                  "link": "https://bloodhoundenterprise.io/"
                }
              }
            }
          ]
        },
        "packageKind": "Solution",
        "packageVersion": "[variables('_solutionVersion')]",
        "packageName": "[variables('_solutionName')]",
        "packageId": "[variables('_solutionId')]",
        "contentSchemaVersion": "3.0.0",
        "contentId": "[variables('_workbookContentId3')]",
        "contentKind": "Workbook",
        "displayName": "[parameters('workbook3-name')]",
        "contentProductId": "[variables('_workbookcontentProductId3')]",
        "id": "[variables('_workbookcontentProductId3')]",
        "version": "[variables('workbookVersion3')]"
      }
    },
    {
      "type": "Microsoft.OperationalInsights/workspaces/providers/contentTemplates",
      "apiVersion": "2023-04-01-preview",
      "name": "[variables('workbookTemplateSpecName4')]",
      "location": "[parameters('workspace-location')]",
      "dependsOn": [
        "[extensionResourceId(resourceId('Microsoft.OperationalInsights/workspaces', parameters('workspace')), 'Microsoft.SecurityInsights/contentPackages', variables('_solutionId'))]"
      ],
      "properties": {
        "description": "BloodHoundEnterprisePosture Workbook with template version 3.0.0",
        "mainTemplate": {
          "$schema": "https://schema.management.azure.com/schemas/2019-04-01/deploymentTemplate.json#",
          "contentVersion": "[variables('workbookVersion4')]",
          "parameters": {},
          "variables": {},
          "resources": [
            {
              "type": "Microsoft.Insights/workbooks",
              "name": "[variables('workbookContentId4')]",
              "location": "[parameters('workspace-location')]",
              "kind": "shared",
              "apiVersion": "2021-08-01",
              "metadata": {
                "description": "Gain insights into BloodHound Enterprise domain posture."
              },
              "properties": {
                "displayName": "[parameters('workbook4-name')]",
                "serializedData": "{\"version\":\"Notebook/1.0\",\"items\":[{\"type\":1,\"content\":{\"json\":\"# Posture\"},\"name\":\"posture\"},{\"type\":9,\"content\":{\"version\":\"KqlParameterItem/1.0\",\"parameters\":[{\"id\":\"868cc59a-f969-451f-9d87-e6c554cb54e3\",\"version\":\"KqlParameterItem/1.0\",\"name\":\"time_range\",\"label\":\"Time Range\",\"type\":4,\"isRequired\":true,\"typeSettings\":{\"selectableValues\":[{\"durationMs\":300000},{\"durationMs\":900000},{\"durationMs\":1800000},{\"durationMs\":3600000},{\"durationMs\":14400000},{\"durationMs\":43200000},{\"durationMs\":86400000},{\"durationMs\":172800000},{\"durationMs\":259200000},{\"durationMs\":604800000},{\"durationMs\":1209600000},{\"durationMs\":2419200000},{\"durationMs\":2592000000},{\"durationMs\":5184000000},{\"durationMs\":7776000000}],\"allowCustom\":true},\"timeContext\":{\"durationMs\":86400000},\"value\":{\"durationMs\":2592000000}},{\"id\":\"586cb0f9-15b3-4887-bf7a-842121615cb0\",\"version\":\"KqlParameterItem/1.0\",\"name\":\"domain_name\",\"label\":\"Domain\",\"type\":2,\"description\":\"Domain to display\",\"isRequired\":true,\"query\":\"BloodHoundLogs_CL\\n| where data_type == \\\"posture\\\"\\n| distinct domain_name\\n| order by domain_name\\n\",\"typeSettings\":{\"showDefault\":false},\"timeContext\":{\"durationMs\":0},\"timeContextFromParameter\":\"time_range\",\"queryType\":0,\"resourceType\":\"microsoft.operationalinsights/workspaces\",\"value\":\"SPECTEROPS DEVELOPMENT \"}],\"style\":\"above\",\"queryType\":0,\"resourceType\":\"microsoft.operationalinsights/workspaces\"},\"name\":\"parameters - 2\"},{\"type\":1,\"content\":{\"json\":\"## Domain Exposure %\"},\"name\":\"text - 3\"},{\"type\":3,\"content\":{\"version\":\"KqlItem/1.0\",\"query\":\"BloodHoundLogs_CL\\n| where data_type == \\\"posture\\\"\\n| where isnull('{domain_name}') or domain_name == '{domain_name}'\\n| where created_at > ago(30d)\\n| summarize max(exposure_index) by bin(created_at, 1d), domain_name\",\"size\":1,\"aggregation\":5,\"timeContextFromParameter\":\"time_range\",\"queryType\":0,\"resourceType\":\"microsoft.operationalinsights/workspaces\",\"visualization\":\"areachart\"},\"name\":\"query - 2\"},{\"type\":1,\"content\":{\"json\":\"## Critical Attack Paths\"},\"name\":\"text - 5\"},{\"type\":3,\"content\":{\"version\":\"KqlItem/1.0\",\"query\":\"BloodHoundLogs_CL\\n| where data_type == \\\"posture\\\"\\n| where domain_name == '{domain_name}'\\n| summarize max(finding_count) by bin(created_at, 1d), domain_name\",\"size\":0,\"aggregation\":5,\"timeContextFromParameter\":\"time_range\",\"queryType\":0,\"resourceType\":\"microsoft.operationalinsights/workspaces\",\"visualization\":\"areachart\"},\"name\":\"query - 4\"},{\"type\":1,\"content\":{\"json\":\"## Tier Zero Count\"},\"name\":\"text - 6\"},{\"type\":3,\"content\":{\"version\":\"KqlItem/1.0\",\"query\":\"BloodHoundLogs_CL\\n| where data_type == \\\"posture\\\"\\n| where domain_name == '{domain_name}'\\n| summarize max(tier_zero_count) by bin(created_at, 1d), domain_name\",\"size\":0,\"aggregation\":5,\"timeContextFromParameter\":\"time_range\",\"queryType\":0,\"resourceType\":\"microsoft.operationalinsights/workspaces\",\"visualization\":\"areachart\"},\"name\":\"query - 7\"}],\"$schema\":\"https://github.com/Microsoft/Application-Insights-Workbooks/blob/master/schema/workbook.json\"}\n",
                "version": "1.0",
                "sourceId": "[variables('workspaceResourceId')]",
                "category": "sentinel"
              }
            },
            {
              "type": "Microsoft.OperationalInsights/workspaces/providers/metadata",
              "apiVersion": "2022-01-01-preview",
              "name": "[concat(parameters('workspace'),'/Microsoft.SecurityInsights/',concat('Workbook-', last(split(variables('workbookId4'),'/'))))]",
              "properties": {
                "description": "@{workbookKey=BloodHoundEnterprisePostureWorkbook; logoFileName=BHE_Logo.svg; description=Gain insights into BloodHound Enterprise domain posture.; dataTypesDependencies=System.Object[]; dataConnectorsDependencies=System.Object[]; previewImagesFileNames=System.Object[]; version=1.0; title=BloodHound Enterprise Posture; templateRelativePath=BloodHoundEnterprisePosture.json; subtitle=; provider=SpecterOps}.description",
                "parentId": "[variables('workbookId4')]",
                "contentId": "[variables('_workbookContentId4')]",
                "kind": "Workbook",
                "version": "[variables('workbookVersion4')]",
                "source": {
                  "kind": "Solution",
                  "name": "BloodHound Enterprise",
                  "sourceId": "[variables('_solutionId')]"
                },
                "author": {
                  "name": "SpecterOps",
                  "email": "[variables('_email')]"
                },
                "support": {
                  "name": "SpecterOps",
                  "email": "support@specterops.io",
                  "tier": "Partner",
                  "link": "https://bloodhoundenterprise.io/"
                },
                "dependencies": {
                  "operator": "AND",
                  "criteria": [
                    {
                      "contentId": "BloodHoundEnterprise",
                      "kind": "DataType"
                    },
                    {
                      "contentId": "BloodHoundEnterprise",
                      "kind": "DataConnector"
                    }
                  ]
                }
              }
            }
          ]
        },
        "packageKind": "Solution",
        "packageVersion": "[variables('_solutionVersion')]",
        "packageName": "[variables('_solutionName')]",
        "packageId": "[variables('_solutionId')]",
        "contentSchemaVersion": "3.0.0",
        "contentId": "[variables('_workbookContentId4')]",
        "contentKind": "Workbook",
        "displayName": "[parameters('workbook4-name')]",
        "contentProductId": "[variables('_workbookcontentProductId4')]",
        "id": "[variables('_workbookcontentProductId4')]",
        "version": "[variables('workbookVersion4')]"
      }
    },
    {
      "type": "Microsoft.OperationalInsights/workspaces/providers/contentTemplates",
      "apiVersion": "2023-04-01-preview",
      "name": "[variables('workbookTemplateSpecName5')]",
      "location": "[parameters('workspace-location')]",
      "dependsOn": [
        "[extensionResourceId(resourceId('Microsoft.OperationalInsights/workspaces', parameters('workspace')), 'Microsoft.SecurityInsights/contentPackages', variables('_solutionId'))]"
      ],
      "properties": {
        "description": "BloodHoundEnterpriseTierZeroSearch Workbook with template version 3.0.0",
        "mainTemplate": {
          "$schema": "https://schema.management.azure.com/schemas/2019-04-01/deploymentTemplate.json#",
          "contentVersion": "[variables('workbookVersion5')]",
          "parameters": {},
          "variables": {},
          "resources": [
            {
              "type": "Microsoft.Insights/workbooks",
              "name": "[variables('workbookContentId5')]",
              "location": "[parameters('workspace-location')]",
              "kind": "shared",
              "apiVersion": "2021-08-01",
              "metadata": {
                "description": ""
              },
              "properties": {
                "displayName": "[parameters('workbook5-name')]",
                "serializedData": "{\"version\":\"Notebook/1.0\",\"items\":[{\"type\":1,\"content\":{\"json\":\"# Tier Zero Search\\n---\\n\"},\"name\":\"tier_zero\"},{\"type\":9,\"content\":{\"version\":\"KqlParameterItem/1.0\",\"parameters\":[{\"id\":\"6daab3de-20af-4001-b60c-f726da5e1a36\",\"version\":\"KqlParameterItem/1.0\",\"name\":\"domain_name_param\",\"label\":\"Domain Name\",\"type\":2,\"isRequired\":true,\"query\":\"BloodHoundLogs_CL\\n| where data_type == \\\"t0_export\\\"\\n| distinct domain_name\\n| project domain_name\",\"timeContext\":{\"durationMs\":86400000},\"queryType\":0,\"resourceType\":\"microsoft.operationalinsights/workspaces\",\"value\":\"SPECTEROPS DEVELOPMENT \"},{\"id\":\"cd7af2df-a53e-46a2-bdea-ad99c3f2034f\",\"version\":\"KqlParameterItem/1.0\",\"name\":\"type_param\",\"label\":\"Type\",\"type\":2,\"isRequired\":true,\"multiSelect\":true,\"quote\":\"'\",\"delimiter\":\",\",\"query\":\"BloodHoundLogs_CL\\n| where data_type ==\\\"t0_export\\\"\\n| distinct event_details\\n| project event_details\",\"typeSettings\":{\"showDefault\":false},\"queryType\":0,\"resourceType\":\"microsoft.operationalinsights/workspaces\",\"value\":[\"GPO\",\"Computer\",\"AZApp\",\"AZServicePrincipal\",\"OU\",\"Domain\",\"Container\",\"Group\",\"User\",\"AZUser\",\"AZRole\",\"AZTenant\",\"AZGroup\"]}],\"style\":\"above\",\"queryType\":0,\"resourceType\":\"microsoft.operationalinsights/workspaces\"},\"name\":\"parameters - 2\"},{\"type\":3,\"content\":{\"version\":\"KqlItem/1.0\",\"query\":\"BloodHoundLogs_CL\\n| where data_type ==\\\"t0_export\\\"\\n| where domain_name == \\\"{domain_name_param}\\\"\\n| where event_details in ({type_param})\\n| project  [\\\"Name\\\"]=tier_zero_principal, [\\\"Domain Name\\\"]=domain_name, [\\\"Type\\\"]=path_type, [\\\"Object ID\\\"]=domain_sid\",\"size\":0,\"timeContext\":{\"durationMs\":86400000},\"queryType\":0,\"resourceType\":\"microsoft.operationalinsights/workspaces\"},\"name\":\"query - 3\"}],\"$schema\":\"https://github.com/Microsoft/Application-Insights-Workbooks/blob/master/schema/workbook.json\"}\n",
                "version": "1.0",
                "sourceId": "[variables('workspaceResourceId')]",
                "category": "sentinel"
              }
            },
            {
              "type": "Microsoft.OperationalInsights/workspaces/providers/metadata",
              "apiVersion": "2022-01-01-preview",
              "name": "[concat(parameters('workspace'),'/Microsoft.SecurityInsights/',concat('Workbook-', last(split(variables('workbookId5'),'/'))))]",
              "properties": {
                "description": ".description",
                "parentId": "[variables('workbookId5')]",
                "contentId": "[variables('_workbookContentId5')]",
                "kind": "Workbook",
                "version": "[variables('workbookVersion5')]",
                "source": {
                  "kind": "Solution",
                  "name": "BloodHound Enterprise",
                  "sourceId": "[variables('_solutionId')]"
                },
                "author": {
                  "name": "SpecterOps",
                  "email": "[variables('_email')]"
                },
                "support": {
                  "name": "SpecterOps",
                  "email": "support@specterops.io",
                  "tier": "Partner",
                  "link": "https://bloodhoundenterprise.io/"
                }
              }
            }
          ]
        },
        "packageKind": "Solution",
        "packageVersion": "[variables('_solutionVersion')]",
        "packageName": "[variables('_solutionName')]",
        "packageId": "[variables('_solutionId')]",
        "contentSchemaVersion": "3.0.0",
        "contentId": "[variables('_workbookContentId5')]",
        "contentKind": "Workbook",
        "displayName": "[parameters('workbook5-name')]",
        "contentProductId": "[variables('_workbookcontentProductId5')]",
        "id": "[variables('_workbookcontentProductId5')]",
        "version": "[variables('workbookVersion5')]"
      }
    },
    {
      "type": "Microsoft.OperationalInsights/workspaces/providers/contentTemplates",
      "apiVersion": "2023-04-01-preview",
      "name": "[variables('analyticRuleObject1').analyticRuleTemplateSpecName1]",
      "location": "[parameters('workspace-location')]",
      "dependsOn": [
        "[extensionResourceId(resourceId('Microsoft.OperationalInsights/workspaces', parameters('workspace')), 'Microsoft.SecurityInsights/contentPackages', variables('_solutionId'))]"
      ],
      "properties": {
        "description": "BloodHoundEnterpriseCriticalAttackPaths_AnalyticalRules Analytics Rule with template version 3.0.0",
        "mainTemplate": {
          "$schema": "https://schema.management.azure.com/schemas/2019-04-01/deploymentTemplate.json#",
          "contentVersion": "[variables('analyticRuleObject1').analyticRuleVersion1]",
          "parameters": {},
          "variables": {},
          "resources": [
            {
              "type": "Microsoft.SecurityInsights/AlertRuleTemplates",
              "name": "[variables('analyticRuleObject1')._analyticRulecontentId1]",
              "apiVersion": "2023-02-01-preview",
              "kind": "Scheduled",
              "location": "[parameters('workspace-location')]",
              "properties": {
                "description": "The number of critical attack paths has increased over the past 7 days.",
                "displayName": "BloodHound Enterprise - Number of critical attack paths increase",
                "enabled": false,
                "query": "BloodHoundLogs_CL\n| where data_type == \"posture\"\n| where created_at > ago (7d)\n| summarize min_critical_risk_count = min(finding_count), arg_max(created_at, current_critical_risk_count = finding_count) by domain_name\n| extend  difference = current_critical_risk_count - min_critical_risk_count\n| where difference > 0",
                "queryFrequency": "P7D",
                "queryPeriod": "P7D",
                "severity": "Medium",
                "suppressionDuration": "PT1H",
                "suppressionEnabled": false,
                "triggerOperator": "GreaterThan",
                "triggerThreshold": 0,
                "status": "Available",
                "requiredDataConnectors": [
                  {
                    "dataTypes": [
                      "BloodHoundLogs_CL"
                    ],
                    "connectorId": "BloodHoundEnterprise"
                  }
                ],
                "entityMappings": [
                  {
                    "fieldMappings": [
                      {
                        "identifier": "DomainName",
                        "displayName": "domain_name"
                      }
                    ],
                    "entityType": "DNS"
                  }
                ]
              }
            },
            {
              "type": "Microsoft.OperationalInsights/workspaces/providers/metadata",
              "apiVersion": "2022-01-01-preview",
              "name": "[concat(parameters('workspace'),'/Microsoft.SecurityInsights/',concat('AnalyticsRule-', last(split(variables('analyticRuleObject1').analyticRuleId1,'/'))))]",
              "properties": {
                "description": "BloodHound Enterprise Analytics Rule 1",
                "parentId": "[variables('analyticRuleObject1').analyticRuleId1]",
                "contentId": "[variables('analyticRuleObject1')._analyticRulecontentId1]",
                "kind": "AnalyticsRule",
                "version": "[variables('analyticRuleObject1').analyticRuleVersion1]",
                "source": {
                  "kind": "Solution",
                  "name": "BloodHound Enterprise",
                  "sourceId": "[variables('_solutionId')]"
                },
                "author": {
                  "name": "SpecterOps",
                  "email": "[variables('_email')]"
                },
                "support": {
                  "name": "SpecterOps",
                  "email": "support@specterops.io",
                  "tier": "Partner",
                  "link": "https://bloodhoundenterprise.io/"
                }
              }
            }
          ]
        },
        "packageKind": "Solution",
        "packageVersion": "[variables('_solutionVersion')]",
        "packageName": "[variables('_solutionName')]",
        "packageId": "[variables('_solutionId')]",
        "contentSchemaVersion": "3.0.0",
        "contentId": "[variables('analyticRuleObject1')._analyticRulecontentId1]",
        "contentKind": "AnalyticsRule",
        "displayName": "BloodHound Enterprise - Number of critical attack paths increase",
        "contentProductId": "[variables('analyticRuleObject1')._analyticRulecontentProductId1]",
        "id": "[variables('analyticRuleObject1')._analyticRulecontentProductId1]",
        "version": "[variables('analyticRuleObject1').analyticRuleVersion1]"
      }
    },
    {
      "type": "Microsoft.OperationalInsights/workspaces/providers/contentTemplates",
      "apiVersion": "2023-04-01-preview",
      "name": "[variables('analyticRuleObject2').analyticRuleTemplateSpecName2]",
      "location": "[parameters('workspace-location')]",
      "dependsOn": [
        "[extensionResourceId(resourceId('Microsoft.OperationalInsights/workspaces', parameters('workspace')), 'Microsoft.SecurityInsights/contentPackages', variables('_solutionId'))]"
      ],
      "properties": {
        "description": "BloodHoundEnterpriseExposure_AnalyticalRules Analytics Rule with template version 3.0.0",
        "mainTemplate": {
          "$schema": "https://schema.management.azure.com/schemas/2019-04-01/deploymentTemplate.json#",
          "contentVersion": "[variables('analyticRuleObject2').analyticRuleVersion2]",
          "parameters": {},
          "variables": {},
          "resources": [
            {
              "type": "Microsoft.SecurityInsights/AlertRuleTemplates",
              "name": "[variables('analyticRuleObject2')._analyticRulecontentId2]",
              "apiVersion": "2023-02-01-preview",
              "kind": "Scheduled",
              "location": "[parameters('workspace-location')]",
              "properties": {
                "description": "The exposure for a domain has increased by more than 5% over the past 7 days.",
                "displayName": "BloodHound Enterprise - Exposure increase",
                "enabled": false,
                "query": "BloodHoundLogs_CL\n| where data_type == \"posture\"\n| where created_at > ago (7d)\n| summarize min(exposure_index), arg_max(created_at, exposure_index) by domain_name\n| extend min_exposure = min_exposure_index * 100, latest_exposure = exposure_index * 100\n| where latest_exposure - min_exposure > 5",
                "queryFrequency": "P7D",
                "queryPeriod": "P7D",
                "severity": "High",
                "suppressionDuration": "PT1H",
                "suppressionEnabled": false,
                "triggerOperator": "GreaterThan",
                "triggerThreshold": 0,
                "status": "Available",
                "requiredDataConnectors": [
                  {
                    "dataTypes": [
                      "BloodHoundLogs_CL"
                    ],
                    "connectorId": "BloodHoundEnterprise"
                  }
                ],
                "entityMappings": [
                  {
                    "fieldMappings": [
                      {
                        "identifier": "DomainName",
                        "displayName": "domain_name"
                      }
                    ],
                    "entityType": "DNS"
                  }
                ]
              }
            },
            {
              "type": "Microsoft.OperationalInsights/workspaces/providers/metadata",
              "apiVersion": "2022-01-01-preview",
              "name": "[concat(parameters('workspace'),'/Microsoft.SecurityInsights/',concat('AnalyticsRule-', last(split(variables('analyticRuleObject2').analyticRuleId2,'/'))))]",
              "properties": {
                "description": "BloodHound Enterprise Analytics Rule 2",
                "parentId": "[variables('analyticRuleObject2').analyticRuleId2]",
                "contentId": "[variables('analyticRuleObject2')._analyticRulecontentId2]",
                "kind": "AnalyticsRule",
                "version": "[variables('analyticRuleObject2').analyticRuleVersion2]",
                "source": {
                  "kind": "Solution",
                  "name": "BloodHound Enterprise",
                  "sourceId": "[variables('_solutionId')]"
                },
                "author": {
                  "name": "SpecterOps",
                  "email": "[variables('_email')]"
                },
                "support": {
                  "name": "SpecterOps",
                  "email": "support@specterops.io",
                  "tier": "Partner",
                  "link": "https://bloodhoundenterprise.io/"
                }
              }
            }
          ]
        },
        "packageKind": "Solution",
        "packageVersion": "[variables('_solutionVersion')]",
        "packageName": "[variables('_solutionName')]",
        "packageId": "[variables('_solutionId')]",
        "contentSchemaVersion": "3.0.0",
        "contentId": "[variables('analyticRuleObject2')._analyticRulecontentId2]",
        "contentKind": "AnalyticsRule",
        "displayName": "BloodHound Enterprise - Exposure increase",
        "contentProductId": "[variables('analyticRuleObject2')._analyticRulecontentProductId2]",
        "id": "[variables('analyticRuleObject2')._analyticRulecontentProductId2]",
        "version": "[variables('analyticRuleObject2').analyticRuleVersion2]"
      }
    },
    {
      "type": "Microsoft.OperationalInsights/workspaces/providers/contentTemplates",
      "apiVersion": "2023-04-01-preview",
      "name": "[variables('analyticRuleObject3').analyticRuleTemplateSpecName3]",
      "location": "[parameters('workspace-location')]",
      "dependsOn": [
        "[extensionResourceId(resourceId('Microsoft.OperationalInsights/workspaces', parameters('workspace')), 'Microsoft.SecurityInsights/contentPackages', variables('_solutionId'))]"
      ],
      "properties": {
        "description": "BloodHoundEnterpriseTierZeroAssets_AnalyticalRules Analytics Rule with template version 3.0.0",
        "mainTemplate": {
          "$schema": "https://schema.management.azure.com/schemas/2019-04-01/deploymentTemplate.json#",
          "contentVersion": "[variables('analyticRuleObject3').analyticRuleVersion3]",
          "parameters": {},
          "variables": {},
          "resources": [
            {
              "type": "Microsoft.SecurityInsights/AlertRuleTemplates",
              "name": "[variables('analyticRuleObject3')._analyticRulecontentId3]",
              "apiVersion": "2023-02-01-preview",
              "kind": "Scheduled",
              "location": "[parameters('workspace-location')]",
              "properties": {
                "description": "The number of Tier Zero assets has increased by more than 5% over the past 7 days.",
                "displayName": "BloodHound Enterprise - Number of Tier Zero assets increase",
                "enabled": false,
                "query": "BloodHoundLogs_CL\n| where data_type == \"posture\"\n| where created_at > ago (7d)\n| summarize min_tier_zero = min(tier_zero_count), max_tier_zero = arg_max(created_at, current_tier_zero = tier_zero_count) by domain_name\n| extend percent_difference = ((current_tier_zero - min_tier_zero) / min_tier_zero) * 100\n| where percent_difference > 5",
                "queryFrequency": "P7D",
                "queryPeriod": "P7D",
                "severity": "Medium",
                "suppressionDuration": "PT1H",
                "suppressionEnabled": false,
                "triggerOperator": "GreaterThan",
                "triggerThreshold": 0,
                "status": "Available",
                "requiredDataConnectors": [
                  {
                    "dataTypes": [
                      "BloodHoundLogs_CL"
                    ],
                    "connectorId": "BloodHoundEnterprise"
                  }
                ],
                "entityMappings": [
                  {
                    "fieldMappings": [
                      {
                        "identifier": "DomainName",
                        "displayName": "domain_name"
                      }
                    ],
                    "entityType": "DNS"
                  }
                ]
              }
            },
            {
              "type": "Microsoft.OperationalInsights/workspaces/providers/metadata",
              "apiVersion": "2022-01-01-preview",
              "name": "[concat(parameters('workspace'),'/Microsoft.SecurityInsights/',concat('AnalyticsRule-', last(split(variables('analyticRuleObject3').analyticRuleId3,'/'))))]",
              "properties": {
                "description": "BloodHound Enterprise Analytics Rule 3",
                "parentId": "[variables('analyticRuleObject3').analyticRuleId3]",
                "contentId": "[variables('analyticRuleObject3')._analyticRulecontentId3]",
                "kind": "AnalyticsRule",
                "version": "[variables('analyticRuleObject3').analyticRuleVersion3]",
                "source": {
                  "kind": "Solution",
                  "name": "BloodHound Enterprise",
                  "sourceId": "[variables('_solutionId')]"
                },
                "author": {
                  "name": "SpecterOps",
                  "email": "[variables('_email')]"
                },
                "support": {
                  "name": "SpecterOps",
                  "email": "support@specterops.io",
                  "tier": "Partner",
                  "link": "https://bloodhoundenterprise.io/"
                }
              }
            }
          ]
        },
        "packageKind": "Solution",
        "packageVersion": "[variables('_solutionVersion')]",
        "packageName": "[variables('_solutionName')]",
        "packageId": "[variables('_solutionId')]",
        "contentSchemaVersion": "3.0.0",
        "contentId": "[variables('analyticRuleObject3')._analyticRulecontentId3]",
        "contentKind": "AnalyticsRule",
        "displayName": "BloodHound Enterprise - Number of Tier Zero assets increase",
        "contentProductId": "[variables('analyticRuleObject3')._analyticRulecontentProductId3]",
        "id": "[variables('analyticRuleObject3')._analyticRulecontentProductId3]",
        "version": "[variables('analyticRuleObject3').analyticRuleVersion3]"
      }
    },
    {
      "type": "Microsoft.OperationalInsights/workspaces/providers/contentTemplates",
      "apiVersion": "2023-04-01-preview",
      "name": "[variables('dataConnectorTemplateSpecName1')]",
      "location": "[parameters('workspace-location')]",
      "dependsOn": [
        "[extensionResourceId(resourceId('Microsoft.OperationalInsights/workspaces', parameters('workspace')), 'Microsoft.SecurityInsights/contentPackages', variables('_solutionId'))]"
      ],
      "properties": {
        "description": "BloodHound Enterprise data connector with template version 3.0.0",
        "mainTemplate": {
          "$schema": "https://schema.management.azure.com/schemas/2019-04-01/deploymentTemplate.json#",
          "contentVersion": "[variables('dataConnectorVersion1')]",
          "parameters": {},
          "variables": {},
          "resources": [
            {
              "name": "[concat(parameters('workspace'),'/Microsoft.SecurityInsights/',variables('_dataConnectorContentId1'))]",
              "apiVersion": "2021-03-01-preview",
              "type": "Microsoft.OperationalInsights/workspaces/providers/dataConnectors",
              "location": "[parameters('workspace-location')]",
              "kind": "GenericUI",
              "properties": {
                "connectorUiConfig": {
                  "id": "[variables('_uiConfigId1')]",
                  "title": "BloodHound Enterprise (using Azure Functions)",
                  "publisher": "SpecterOps",
                  "descriptionMarkdown": "The BloodHound Enterprise data connector provides the capability to ingest events from your BloodHound Enterprise instance.",
                  "graphQueries": [
                    {
                      "metricName": "BloodHound Enterprise events",
                      "legend": "BloodHoundLogs_CL",
                      "baseQuery": "BloodHoundLogs_CL"
                    }
                  ],
                  "sampleQueries": [
                    {
                      "description": "Data types from BloodHound Enterprise",
                      "query": "BloodHoundLogs_CL\n     | summarize count() by data_type"
                    }
                  ],
                  "dataTypes": [
                    {
                      "name": "BloodHoundLogs_CL",
                      "lastDataReceivedQuery": "BloodHoundLogs_CL\n            | summarize Time = max(TimeGenerated)\n            | where isnotempty(Time)"
                    }
                  ],
                  "connectivityCriterias": [
                    {
                      "type": "IsConnectedQuery",
                      "value": [
                        "BloodHoundLogs_CL\n            | summarize LastLogReceived = max(TimeGenerated)\n            | project IsConnected = LastLogReceived > ago(7d)"
                      ]
                    }
                  ],
                  "availability": {
                    "status": 1,
                    "isPreview": false
                  },
                  "permissions": {
                    "resourceProvider": [
                      {
                        "provider": "Microsoft.OperationalInsights/workspaces",
                        "permissionsDisplayText": "read and write permissions on the workspace are required.",
                        "providerDisplayName": "Workspace",
                        "scope": "Workspace",
                        "requiredPermissions": {
                          "write": true,
                          "read": true,
                          "delete": true
                        }
                      },
                      {
                        "provider": "Microsoft.OperationalInsights/workspaces/sharedKeys",
                        "permissionsDisplayText": "read permissions to shared keys for the workspace are required. [See the documentation to learn more about workspace keys](https://docs.microsoft.com/azure/azure-monitor/platform/agent-windows#obtain-workspace-id-and-key).",
                        "providerDisplayName": "Keys",
                        "scope": "Workspace",
                        "requiredPermissions": {
                          "action": true
                        }
                      }
                    ],
                    "customs": [
                      {
                        "name": "Microsoft.Web/sites permissions",
                        "description": "Read and write permissions to Azure Functions to create a Function App is required. [See the documentation to learn more about Azure Functions](https://docs.microsoft.com/azure/azure-functions/)."
                      },
                      {
                        "name": "BloodHound Enterprise API key pair",
                        "description": "A BloodHound Enterprise API key pair is requried. Refer to the documentation for more information: [Working with the BloodHound Enterprise API](https://support.bloodhoundenterprise.io/hc/en-us/articles/11311053342619-Working-with-the-BloodHound-Enterprise-API)."
                      }
                    ]
                  },
                  "instructionSteps": [
                    {
                      "description": ">**NOTE:** This connector uses Azure Functions to connect to the BloodHound Enterprise instance to pull its logs into Azure Sentinel. This might result in additional data ingestion costs. Check the [Azure Functions pricing page](https://azure.microsoft.com/pricing/details/functions/) for details."
                    },
                    {
                      "description": "**STEP 1 - Configuration steps for the BloodHound Enterprise API**\n\nRefer to the documentation for more information to retreive API keys for your instance: [Working with the BloodHound Enterprise API](https://support.bloodhoundenterprise.io/hc/en-us/articles/11311053342619-Working-with-the-BloodHound-Enterprise-API)."
                    },
                    {
                      "description": "**STEP 2 - Choose ONE from the following two deployment options to deploy the connector and the associated Azure Function**\n\n>**IMPORTANT:** Before deploying the BloodHound Enterprise connector, have the Workspace Name (can be copied from the following), as well as the BloodHound Enterprise API authorization key(s) or Token, readily available.",
                      "instructions": [
                        {
                          "parameters": {
                            "fillWith": [
                              "workspaceName"
                            ],
                            "label": "Workspace Name"
                          },
                          "type": "CopyableLabel"
                        }
                      ]
                    },
                    {
                      "description": "**Option 1 - Azure Resource Manager (ARM) Template**\n\nUse this method for automated deployment of the BloodHound Enterprise connector.\n\n1. Click the **Deploy to Azure** button below. \n\n\t[![Deploy To Azure](https://aka.ms/deploytoazurebutton)](https://portal.azure.com/#create/Microsoft.Template/uri/https%3A%2F%2Fraw.githubusercontent.com%2Fdaviditkin%2FAzure-Sentinel%2Frefs%2Fheads%2Ffeature-bhe-solution%2FSolutions%2FBloodHound%2520Enterprise%2FData%2520Connectors%2Fazuredeploy_BloodHoundEnterprise_API_FunctionApp.json)\n2. Select the preferred **Subscription**, **Resource Group** and **Region**. \n3. Enter the **WorkspaceName**, **BHEDomain**, **BHETokenId**, **BHETokenKey**, and/or Other required fields.\n4. Mark the checkbox labeled **I agree to the terms and conditions stated above**. \n5. Click **Purchase** to deploy."
                    },
                    {
                      "description": "**Option 2 - Manual Deployment of Azure Functions**\n\nUse the following step-by-step instructions to deploy the BloodHound Enterprise connector manually with Azure Functions."
                    },
                    {
                      "description": "**1. Deploy a Function App**\n\n> **NOTE:** You will need to [prepare VS code](https://learn.microsoft.com/en-us/azure/azure-functions/create-first-function-vs-code-other#configure-your-environment) for Azure function development.\n\n1. Download the [Azure Function App](https://github.com/daviditkin/Azure-Sentinel/raw/refs/heads/feature-bhe-solution/Solutions/BloodHound%20Enterprise/Data%20Connectors/bhe-funcapp.zip) file. Extract archive to your local development computer.\n2. Start VS Code. Choose File in the main menu and select Open Folder.\n3. Build the function using the [following instructions](https://learn.microsoft.com/en-us/azure/azure-functions/create-first-function-vs-code-other?tabs=go%2Cmacos#compile-the-custom-handler-for-azure) \n4. Select the top level folder from extracted files.\n5. Choose the Azure icon in the Activity bar, then in the **Azure: Functions** area, choose the **Deploy to function app** button.\nIf you aren't already signed in, choose the Azure icon in the Activity bar, then in the **Azure: Functions** area, choose **Sign in to Azure**\nIf you're already signed in, go to the next step.\n6. Provide the following information at the prompts:\n\n\ta. **Select folder:** Choose a folder from your workspace or browse to one that contains your function app.\n\n\tb. **Select Subscription:** Choose the subscription to use.\n\n\tc. Select **Create new Function App in Azure** (Don't choose the Advanced option)\n\n\td. **Enter a globally unique name for the function app:** Type a name that is valid in a URL path. The name you type is validated to make sure that it's unique in Azure Functions. (e.g. bloodhoundenterpriseXX).\n\n\te. **Select a runtime:** Choose Custom.\n\n\tf. Select a location for new resources. For better performance and lower costs choose the same [region](https://azure.microsoft.com/regions/) where Microsoft Sentinel is located.\n\n7. Deployment will begin. A notification is displayed after your function app is created and the deployment package is applied.\n8. Go to Azure Portal for the Function App configuration."
                    },
                    {
                      "description": "**2. Configure the Function App**\n\n 1. In the Function App, select the Function App Name and select **Settings**, then **Environment variables**.\n\n 2. In the **Environment variables** tab, add or modify each of the following variables individually, with their respective string values (case-sensitive): \n\t\t BHEDomain\n\t\t BHETokenId\n\t\t BHETokenKey\n\t\t workspaceID\n\t\t dcrImmutableId\n\t\t logsIngestionUrl\n\t\t logAnalyticsUri (optional)\n\n 3. Once all variables have been set, click **Apply**."
                    }
                  ],
                  "metadata": {
                    "version": "1.0.0",
                    "kind": "dataConnector"
                  }
                }
              }
            },
            {
              "type": "Microsoft.OperationalInsights/workspaces/providers/metadata",
              "apiVersion": "2023-04-01-preview",
              "name": "[concat(parameters('workspace'),'/Microsoft.SecurityInsights/',concat('DataConnector-', last(split(variables('_dataConnectorId1'),'/'))))]",
              "properties": {
                "parentId": "[extensionResourceId(resourceId('Microsoft.OperationalInsights/workspaces', parameters('workspace')), 'Microsoft.SecurityInsights/dataConnectors', variables('_dataConnectorContentId1'))]",
                "contentId": "[variables('_dataConnectorContentId1')]",
                "kind": "DataConnector",
                "version": "[variables('dataConnectorVersion1')]",
                "source": {
                  "kind": "Solution",
                  "name": "BloodHound Enterprise",
                  "sourceId": "[variables('_solutionId')]"
                },
                "author": {
                  "name": "SpecterOps",
                  "email": "[variables('_email')]"
                },
                "support": {
                  "name": "SpecterOps",
                  "email": "support@specterops.io",
                  "tier": "Partner",
                  "link": "https://bloodhoundenterprise.io/"
                }
              }
            }
          ]
        },
        "packageKind": "Solution",
        "packageVersion": "[variables('_solutionVersion')]",
        "packageName": "[variables('_solutionName')]",
        "packageId": "[variables('_solutionId')]",
        "contentSchemaVersion": "3.0.0",
        "contentId": "[variables('_dataConnectorContentId1')]",
        "contentKind": "DataConnector",
        "displayName": "BloodHound Enterprise (using Azure Functions)",
        "contentProductId": "[variables('_dataConnectorcontentProductId1')]",
        "id": "[variables('_dataConnectorcontentProductId1')]",
        "version": "[variables('dataConnectorVersion1')]"
      }
    },
    {
      "type": "Microsoft.OperationalInsights/workspaces/providers/metadata",
      "apiVersion": "2023-04-01-preview",
      "name": "[concat(parameters('workspace'),'/Microsoft.SecurityInsights/',concat('DataConnector-', last(split(variables('_dataConnectorId1'),'/'))))]",
      "dependsOn": [
        "[variables('_dataConnectorId1')]"
      ],
      "location": "[parameters('workspace-location')]",
      "properties": {
        "parentId": "[extensionResourceId(resourceId('Microsoft.OperationalInsights/workspaces', parameters('workspace')), 'Microsoft.SecurityInsights/dataConnectors', variables('_dataConnectorContentId1'))]",
        "contentId": "[variables('_dataConnectorContentId1')]",
        "kind": "DataConnector",
        "version": "[variables('dataConnectorVersion1')]",
        "source": {
          "kind": "Solution",
          "name": "BloodHound Enterprise",
          "sourceId": "[variables('_solutionId')]"
        },
        "author": {
          "name": "SpecterOps",
          "email": "[variables('_email')]"
        },
        "support": {
          "name": "SpecterOps",
          "email": "support@specterops.io",
          "tier": "Partner",
          "link": "https://bloodhoundenterprise.io/"
        }
      }
    },
    {
      "name": "[concat(parameters('workspace'),'/Microsoft.SecurityInsights/',variables('_dataConnectorContentId1'))]",
      "apiVersion": "2021-03-01-preview",
      "type": "Microsoft.OperationalInsights/workspaces/providers/dataConnectors",
      "location": "[parameters('workspace-location')]",
      "kind": "GenericUI",
      "properties": {
        "connectorUiConfig": {
          "title": "BloodHound Enterprise (using Azure Functions)",
          "publisher": "SpecterOps",
          "descriptionMarkdown": "The BloodHound Enterprise data connector provides the capability to ingest events from your BloodHound Enterprise instance.",
          "graphQueries": [
            {
              "metricName": "BloodHound Enterprise events",
              "legend": "BloodHoundLogs_CL",
              "baseQuery": "BloodHoundLogs_CL"
            }
          ],
          "dataTypes": [
            {
              "name": "BloodHoundLogs_CL",
              "lastDataReceivedQuery": "BloodHoundLogs_CL\n            | summarize Time = max(TimeGenerated)\n            | where isnotempty(Time)"
            }
          ],
          "connectivityCriterias": [
            {
              "type": "IsConnectedQuery",
              "value": [
                "BloodHoundLogs_CL\n            | summarize LastLogReceived = max(TimeGenerated)\n            | project IsConnected = LastLogReceived > ago(7d)"
              ]
            }
          ],
          "sampleQueries": [
            {
              "description": "Data types from BloodHound Enterprise",
              "query": "BloodHoundLogs_CL\n     | summarize count() by data_type"
            }
          ],
          "availability": {
            "status": 1,
            "isPreview": false
          },
          "permissions": {
            "resourceProvider": [
              {
                "provider": "Microsoft.OperationalInsights/workspaces",
                "permissionsDisplayText": "read and write permissions on the workspace are required.",
                "providerDisplayName": "Workspace",
                "scope": "Workspace",
                "requiredPermissions": {
                  "write": true,
                  "read": true,
                  "delete": true
                }
              },
              {
                "provider": "Microsoft.OperationalInsights/workspaces/sharedKeys",
                "permissionsDisplayText": "read permissions to shared keys for the workspace are required. [See the documentation to learn more about workspace keys](https://docs.microsoft.com/azure/azure-monitor/platform/agent-windows#obtain-workspace-id-and-key).",
                "providerDisplayName": "Keys",
                "scope": "Workspace",
                "requiredPermissions": {
                  "action": true
                }
              }
            ],
            "customs": [
              {
                "name": "Microsoft.Web/sites permissions",
                "description": "Read and write permissions to Azure Functions to create a Function App is required. [See the documentation to learn more about Azure Functions](https://docs.microsoft.com/azure/azure-functions/)."
              },
              {
                "name": "BloodHound Enterprise API key pair",
                "description": "A BloodHound Enterprise API key pair is requried. Refer to the documentation for more information: [Working with the BloodHound Enterprise API](https://support.bloodhoundenterprise.io/hc/en-us/articles/11311053342619-Working-with-the-BloodHound-Enterprise-API)."
              }
            ]
          },
          "instructionSteps": [
            {
              "description": ">**NOTE:** This connector uses Azure Functions to connect to the BloodHound Enterprise instance to pull its logs into Azure Sentinel. This might result in additional data ingestion costs. Check the [Azure Functions pricing page](https://azure.microsoft.com/pricing/details/functions/) for details."
            },
            {
              "description": "**STEP 1 - Configuration steps for the BloodHound Enterprise API**\n\nRefer to the documentation for more information to retreive API keys for your instance: [Working with the BloodHound Enterprise API](https://support.bloodhoundenterprise.io/hc/en-us/articles/11311053342619-Working-with-the-BloodHound-Enterprise-API)."
            },
            {
              "description": "**STEP 2 - Choose ONE from the following two deployment options to deploy the connector and the associated Azure Function**\n\n>**IMPORTANT:** Before deploying the BloodHound Enterprise connector, have the Workspace Name (can be copied from the following), as well as the BloodHound Enterprise API authorization key(s) or Token, readily available.",
              "instructions": [
                {
                  "parameters": {
                    "fillWith": [
                      "workspaceName"
                    ],
                    "label": "Workspace Name"
                  },
                  "type": "CopyableLabel"
                }
              ]
            },
            {
              "description": "**Option 1 - Azure Resource Manager (ARM) Template**\n\nUse this method for automated deployment of the BloodHound Enterprise connector.\n\n1. Click the **Deploy to Azure** button below. \n\n\t[![Deploy To Azure](https://aka.ms/deploytoazurebutton)](https://portal.azure.com/#create/Microsoft.Template/uri/https%3A%2F%2Fraw.githubusercontent.com%2Fdaviditkin%2FAzure-Sentinel%2Frefs%2Fheads%2Ffeature-bhe-solution%2FSolutions%2FBloodHound%2520Enterprise%2FData%2520Connectors%2Fazuredeploy_BloodHoundEnterprise_API_FunctionApp.json)\n2. Select the preferred **Subscription**, **Resource Group** and **Region**. \n3. Enter the **WorkspaceName**, **BHEDomain**, **BHETokenId**, **BHETokenKey**, and/or Other required fields.\n4. Mark the checkbox labeled **I agree to the terms and conditions stated above**. \n5. Click **Purchase** to deploy."
            },
            {
              "description": "**Option 2 - Manual Deployment of Azure Functions**\n\nUse the following step-by-step instructions to deploy the BloodHound Enterprise connector manually with Azure Functions."
            },
            {
              "description": "**1. Deploy a Function App**\n\n> **NOTE:** You will need to [prepare VS code](https://learn.microsoft.com/en-us/azure/azure-functions/create-first-function-vs-code-other#configure-your-environment) for Azure function development.\n\n1. Download the [Azure Function App](https://github.com/daviditkin/Azure-Sentinel/raw/refs/heads/feature-bhe-solution/Solutions/BloodHound%20Enterprise/Data%20Connectors/bhe-funcapp.zip) file. Extract archive to your local development computer.\n2. Start VS Code. Choose File in the main menu and select Open Folder.\n3. Build the function using the [following instructions](https://learn.microsoft.com/en-us/azure/azure-functions/create-first-function-vs-code-other?tabs=go%2Cmacos#compile-the-custom-handler-for-azure) \n4. Select the top level folder from extracted files.\n5. Choose the Azure icon in the Activity bar, then in the **Azure: Functions** area, choose the **Deploy to function app** button.\nIf you aren't already signed in, choose the Azure icon in the Activity bar, then in the **Azure: Functions** area, choose **Sign in to Azure**\nIf you're already signed in, go to the next step.\n6. Provide the following information at the prompts:\n\n\ta. **Select folder:** Choose a folder from your workspace or browse to one that contains your function app.\n\n\tb. **Select Subscription:** Choose the subscription to use.\n\n\tc. Select **Create new Function App in Azure** (Don't choose the Advanced option)\n\n\td. **Enter a globally unique name for the function app:** Type a name that is valid in a URL path. The name you type is validated to make sure that it's unique in Azure Functions. (e.g. bloodhoundenterpriseXX).\n\n\te. **Select a runtime:** Choose Custom.\n\n\tf. Select a location for new resources. For better performance and lower costs choose the same [region](https://azure.microsoft.com/regions/) where Microsoft Sentinel is located.\n\n7. Deployment will begin. A notification is displayed after your function app is created and the deployment package is applied.\n8. Go to Azure Portal for the Function App configuration."
            },
            {
              "description": "**2. Configure the Function App**\n\n 1. In the Function App, select the Function App Name and select **Settings**, then **Environment variables**.\n\n 2. In the **Environment variables** tab, add or modify each of the following variables individually, with their respective string values (case-sensitive): \n\t\t BHEDomain\n\t\t BHETokenId\n\t\t BHETokenKey\n\t\t workspaceID\n\t\t dcrImmutableId\n\t\t logsIngestionUrl\n\t\t logAnalyticsUri (optional)\n\n 3. Once all variables have been set, click **Apply**."
            }
          ],
          "id": "[variables('_uiConfigId1')]"
        }
      }
    },
    {
      "type": "Microsoft.OperationalInsights/workspaces/providers/contentPackages",
      "apiVersion": "2023-04-01-preview",
      "location": "[parameters('workspace-location')]",
      "properties": {
        "version": "3.0.0",
        "kind": "Solution",
        "contentSchemaVersion": "3.0.0",
        "displayName": "BloodHound Enterprise",
        "publisherDisplayName": "SpecterOps",
        "descriptionHtml": "<p><strong>Note:</strong> Please refer to the following before installing the solution:</p>\n<p>• Review the solution <a href=\"https://github.com/Azure/Azure-Sentinel/tree/master/Solutions/BloodHound%20Enterprise/ReleaseNotes.md\">Release Notes</a></p>\n<p>• There may be <a href=\"https://aka.ms/sentinelsolutionsknownissues\">known issues</a> pertaining to this Solution, please refer to them before installing.</p>\n<p>The BloodHound Enterprise Microsoft Sentinel solution ingests your BloodHound Enterprise posture and attack paths into Microsoft Sentinel. Use the dashboards to track the Active Directory and Azure attack paths of your environment. Create alerts to detect when new attack paths emerge or new the exposure increases.</p>\n<p><strong>Data Connectors:</strong> 1, <strong>Workbooks:</strong> 5, <strong>Analytic Rules:</strong> 3</p>\n<p><a href=\"https://aka.ms/azuresentinel\">Learn more about Microsoft Sentinel</a> | <a href=\"https://aka.ms/azuresentinelsolutionsdoc\">Learn more about Solutions</a></p>\n",
        "contentKind": "Solution",
        "contentProductId": "[variables('_solutioncontentProductId')]",
        "id": "[variables('_solutioncontentProductId')]",
        "icon": "<img src=\"https://raw.githubusercontent.com/Azure/Azure-Sentinel/master/Logos/BHE_Logo.svg\" width=\"75px\" height=\"75px\">",
        "contentId": "[variables('_solutionId')]",
        "parentId": "[variables('_solutionId')]",
        "source": {
          "kind": "Solution",
          "name": "BloodHound Enterprise",
          "sourceId": "[variables('_solutionId')]"
        },
        "author": {
          "name": "SpecterOps",
          "email": "[variables('_email')]"
        },
        "support": {
          "name": "SpecterOps",
          "email": "support@specterops.io",
          "tier": "Partner",
          "link": "https://bloodhoundenterprise.io/"
        },
        "dependencies": {
          "operator": "AND",
          "criteria": [
            {
              "kind": "Workbook",
              "contentId": "[variables('_workbookContentId1')]",
              "version": "[variables('workbookVersion1')]"
            },
            {
              "kind": "Workbook",
              "contentId": "[variables('_workbookContentId2')]",
              "version": "[variables('workbookVersion2')]"
            },
            {
              "kind": "Workbook",
              "contentId": "[variables('_workbookContentId3')]",
              "version": "[variables('workbookVersion3')]"
            },
            {
              "kind": "Workbook",
              "contentId": "[variables('_workbookContentId4')]",
              "version": "[variables('workbookVersion4')]"
            },
            {
              "kind": "Workbook",
              "contentId": "[variables('_workbookContentId5')]",
              "version": "[variables('workbookVersion5')]"
            },
            {
              "kind": "AnalyticsRule",
              "contentId": "[variables('analyticRuleObject1')._analyticRulecontentId1]",
              "version": "[variables('analyticRuleObject1').analyticRuleVersion1]"
            },
            {
              "kind": "AnalyticsRule",
              "contentId": "[variables('analyticRuleObject2')._analyticRulecontentId2]",
              "version": "[variables('analyticRuleObject2').analyticRuleVersion2]"
            },
            {
              "kind": "AnalyticsRule",
              "contentId": "[variables('analyticRuleObject3')._analyticRulecontentId3]",
              "version": "[variables('analyticRuleObject3').analyticRuleVersion3]"
            },
            {
              "kind": "DataConnector",
              "contentId": "[variables('_dataConnectorContentId1')]",
              "version": "[variables('dataConnectorVersion1')]"
            }
          ]
        },
        "firstPublishDate": "2023-05-04",
        "lastPublishDate": "2021-05-04",
        "providers": [
          "SpecterOps"
        ],
        "categories": {
          "domains": [
            "Security - Network"
          ]
        }
      },
      "name": "[concat(parameters('workspace'),'/Microsoft.SecurityInsights/', variables('_solutionId'))]"
    }
  ],
  "outputs": {}
}
