{
  "$schema": "https://schema.management.azure.com/schemas/2019-04-01/deploymentTemplate.json#",
  "contentVersion": "1.0.0.0",
  "metadata": {
    "author": "mzieniuk@bitwarden.com",
    "comments": "Solution template for Bitwarden"
  },
  "parameters": {
    "location": {
      "type": "string",
      "minLength": 1,
      "defaultValue": "[resourceGroup().location]",
      "metadata": {
        "description": "Not used, but needed to pass arm-ttk test `Location-Should-Not-Be-Hardcoded`.  We instead use the `workspace-location` which is derived from the LA workspace"
      }
    },
    "workspace-location": {
      "type": "string",
      "defaultValue": "",
      "metadata": {
        "description": "[concat('Region to deploy solution resources -- separate from location selection',parameters('location'))]"
      }
    },
    "workspace": {
      "defaultValue": "",
      "type": "string",
      "metadata": {
        "description": "Workspace name for Log Analytics where Microsoft Sentinel is setup"
      }
    },
    "resourceGroupName": {
      "type": "string",
      "defaultValue": "[resourceGroup().name]",
      "metadata": {
        "description": "resource group name where Microsoft Sentinel is setup"
      }
    },
    "subscription": {
      "type": "string",
      "defaultValue": "[last(split(subscription().id, '/'))]",
      "metadata": {
        "description": "subscription id where Microsoft Sentinel is setup"
      }
    },
    "workbook1-name": {
      "type": "string",
      "defaultValue": "Bitwarden Organization Events",
      "minLength": 1,
      "metadata": {
        "description": "Name for the workbook"
      }
    },
    "workbook2-name": {
      "type": "string",
      "defaultValue": "Bitwarden Authentication Events",
      "minLength": 1,
      "metadata": {
        "description": "Name for the workbook"
      }
    },
    "workbook3-name": {
      "type": "string",
      "defaultValue": "Bitwarden Vault Items Events",
      "minLength": 1,
      "metadata": {
        "description": "Name for the workbook"
      }
    }
  },
  "variables": {
    "_solutionName": "Bitwarden",
    "_solutionVersion": "3.0.0",
    "solutionId": "bitwarden.azure-sentinel-solution-bitwarden-event-logs",
    "_solutionId": "[variables('solutionId')]",
    "workspaceResourceId": "[resourceId('microsoft.OperationalInsights/Workspaces', parameters('workspace'))]",
    "dataConnectorCCPVersion": "1.0.0",
    "_dataConnectorContentIdConnectorDefinition1": "BitwardenEventLogs",
    "dataConnectorTemplateNameConnectorDefinition1": "[concat(parameters('workspace'),'-dc-',uniquestring(variables('_dataConnectorContentIdConnectorDefinition1')))]",
    "_dataConnectorContentIdConnections1": "BitwardenEventLogsConnections",
    "dataConnectorTemplateNameConnections1": "[concat(parameters('workspace'),'-dc-',uniquestring(variables('_dataConnectorContentIdConnections1')))]",
    "dataCollectionEndpointId1": "[concat('/subscriptions/',parameters('subscription'),'/resourceGroups/',parameters('resourceGroupName'),'/providers/Microsoft.Insights/dataCollectionEndpoints/',parameters('workspace'))]",
    "blanks": "[replace('b', 'b', '')]",
    "workbookVersion1": "1.0.0",
    "workbookContentId1": "BitwardenEventLogsOrganization",
    "workbookId1": "[resourceId('Microsoft.Insights/workbooks', variables('workbookContentId1'))]",
    "workbookTemplateSpecName1": "[concat(parameters('workspace'),'/Microsoft.SecurityInsights/',concat(parameters('workspace'),'-wb-',uniquestring(variables('_workbookContentId1'))))]",
    "_workbookContentId1": "[variables('workbookContentId1')]",
    "_workbookcontentProductId1": "[concat(take(variables('_solutionId'),50),'-','wb','-', uniqueString(concat(variables('_solutionId'),'-','Workbook','-',variables('_workbookContentId1'),'-', variables('workbookVersion1'))))]",
    "workbookVersion2": "1.0.0",
    "workbookContentId2": "BitwardenEventLogsAuthentication",
    "workbookId2": "[resourceId('Microsoft.Insights/workbooks', variables('workbookContentId2'))]",
    "workbookTemplateSpecName2": "[concat(parameters('workspace'),'/Microsoft.SecurityInsights/',concat(parameters('workspace'),'-wb-',uniquestring(variables('_workbookContentId2'))))]",
    "_workbookContentId2": "[variables('workbookContentId2')]",
    "_workbookcontentProductId2": "[concat(take(variables('_solutionId'),50),'-','wb','-', uniqueString(concat(variables('_solutionId'),'-','Workbook','-',variables('_workbookContentId2'),'-', variables('workbookVersion2'))))]",
    "workbookVersion3": "1.0.0",
    "workbookContentId3": "BitwardenEventLogsVaultItems",
    "workbookId3": "[resourceId('Microsoft.Insights/workbooks', variables('workbookContentId3'))]",
    "workbookTemplateSpecName3": "[concat(parameters('workspace'),'/Microsoft.SecurityInsights/',concat(parameters('workspace'),'-wb-',uniquestring(variables('_workbookContentId3'))))]",
    "_workbookContentId3": "[variables('workbookContentId3')]",
    "_workbookcontentProductId3": "[concat(take(variables('_solutionId'),50),'-','wb','-', uniqueString(concat(variables('_solutionId'),'-','Workbook','-',variables('_workbookContentId3'),'-', variables('workbookVersion3'))))]",
    "parserObject1": {
      "_parserName1": "[concat(parameters('workspace'),'/','BitwardenEventLogs')]",
      "_parserId1": "[resourceId('Microsoft.OperationalInsights/workspaces/savedSearches', parameters('workspace'), 'BitwardenEventLogs')]",
      "parserTemplateSpecName1": "[concat(parameters('workspace'),'/Microsoft.SecurityInsights/',concat(parameters('workspace'),'-pr-',uniquestring('BitwardenEventLogs-Parser')))]",
      "parserVersion1": "1.0.0",
      "parserContentId1": "BitwardenEventLogs-Parser"
    },
    "_solutioncontentProductId": "[concat(take(variables('_solutionId'),50),'-','sl','-', uniqueString(concat(variables('_solutionId'),'-','Solution','-',variables('_solutionId'),'-', variables('_solutionVersion'))))]"
  },
  "resources": [
    {
      "type": "Microsoft.OperationalInsights/workspaces/providers/contentTemplates",
      "apiVersion": "2023-04-01-preview",
      "name": "[concat(parameters('workspace'),'/Microsoft.SecurityInsights/', variables('dataConnectorTemplateNameConnectorDefinition1'), variables('dataConnectorCCPVersion'))]",
      "location": "[parameters('workspace-location')]",
      "dependsOn": [
        "[extensionResourceId(resourceId('Microsoft.OperationalInsights/workspaces', parameters('workspace')), 'Microsoft.SecurityInsights/contentPackages', variables('_solutionId'))]"
      ],
      "properties": {
        "contentId": "[variables('_dataConnectorContentIdConnectorDefinition1')]",
        "displayName": "Bitwarden Event Logs",
        "contentKind": "DataConnector",
        "mainTemplate": {
          "$schema": "https://schema.management.azure.com/schemas/2019-04-01/deploymentTemplate.json#",
          "contentVersion": "[variables('dataConnectorCCPVersion')]",
          "parameters": {},
          "variables": {},
          "resources": [
            {
              "name": "[concat(parameters('workspace'),'/Microsoft.SecurityInsights/',variables('_dataConnectorContentIdConnectorDefinition1'))]",
              "apiVersion": "2022-09-01-preview",
              "type": "Microsoft.OperationalInsights/workspaces/providers/dataConnectorDefinitions",
              "location": "[parameters('workspace-location')]",
              "kind": "Customizable",
              "properties": {
                "connectorUiConfig": {
                  "id": "BitwardenEventLogs",
                  "title": "Bitwarden Event Logs",
                  "publisher": "Bitwarden Inc",
                  "descriptionMarkdown": "This connector provides insight into activity of your Bitwarden organization such as user's activity (logged in, changed password, 2fa, etc.), cipher activity (created, updated, deleted, shared, etc.), collection activity, organization activity, and more.",
                  "graphQueriesTableName": "BitwardenEventLogs",
                  "graphQueries": [
                    {
                      "metricName": "Total event logs received",
                      "legend": "Bitwarden Event Logs",
                      "baseQuery": "BitwardenEventLogs_CL"
                    }
                  ],
                  "sampleQueries": [
                    {
                      "name": "Get sample of Bitwarden Event Logs",
                      "query": "BitwardenEventLogs",
                      "description": "Get sample of Bitwarden Event Logs"
                    }
                  ],
                  "dataTypes": [
                    {
                      "name": "EventLogs",
                      "lastDataReceivedQuery": "BitwardenEventLogs_CL\n | summarize Time = max(TimeGenerated) | where isnotempty(Time)"
                    },
                    {
                      "name": "Members",
                      "lastDataReceivedQuery": "BitwardenMembers_CL\n | summarize Time = max(TimeGenerated) | where isnotempty(Time)"
                    },
                    {
                      "name": "Groups",
                      "lastDataReceivedQuery": "BitwardenGroups_CL\n | summarize Time = max(TimeGenerated) | where isnotempty(Time)"
                    }
                  ],
                  "connectivityCriteria": [
                    {
                      "type": "HasDataConnectors"
                    }
                  ],
                  "availability": {
                    "isPreview": false
                  },
                  "permissions": {
                    "resourceProvider": [
                      {
                        "provider": "Microsoft.OperationalInsights/workspaces",
                        "permissionsDisplayText": "Read and Write permissions are required.",
                        "providerDisplayName": "Workspace",
                        "scope": "Workspace",
                        "requiredPermissions": {
                          "write": true,
                          "read": true,
                          "delete": true
                        }
                      },
                      {
                        "provider": "Microsoft.OperationalInsights/workspaces/sharedKeys",
                        "permissionsDisplayText": "Read permissions to shared keys for the workspace are required. [See the documentation to learn more about workspace keys](https://docs.microsoft.com/azure/azure-monitor/platform/agent-windows#obtain-workspace-id-and-key)",
                        "providerDisplayName": "Keys",
                        "scope": "Workspace",
                        "requiredPermissions": {
                          "action": true
                        }
                      }
                    ],
                    "customs": [
                      {
                        "name": "Bitwarden Client Id and Client Secret",
                        "description": "Your API key can be found in the Bitwarden organization admin console. Please see [Bitwarden documentation](https://bitwarden.com/help/public-api/#authentication) for more information."
                      }
                    ]
                  },
                  "instructionSteps": [
                    {
                      "description": "Your API key can be found in the Bitwarden organization admin console.\nPlease see [Bitwarden documentation](https://bitwarden.com/help/public-api/#authentication) for more information.\nSelf-hosted Bitwarden servers may need to reconfigure their installation's URL.",
                      "instructions": [
                        {
                          "type": "Textbox",
                          "parameters": {
                            "label": "Bitwarden Identity Url",
                            "placeholder": "https://identity.bitwarden.com",
                            "type": "text",
                            "name": "identityEndpoint"
                          }
                        },
                        {
                          "type": "Textbox",
                          "parameters": {
                            "label": "Bitwarden Api Url",
                            "placeholder": "https://api.bitwarden.com",
                            "type": "text",
                            "name": "apiEndpoint"
                          }
                        },
                        {
                          "type": "OAuthForm",
                          "parameters": {
                            "clientIdLabel": "Client ID",
                            "clientSecretLabel": "Client Secret",
                            "connectButtonLabel": "Connect",
                            "disconnectButtonLabel": "Disconnect"
                          }
                        }
                      ],
                      "title": "Connect Bitwarden Event Logs to Microsoft Sentinel"
                    }
                  ]
                }
              }
            },
            {
              "name": "[concat(parameters('workspace'),'/Microsoft.SecurityInsights/',concat('DataConnector-', variables('_dataConnectorContentIdConnectorDefinition1')))]",
              "apiVersion": "2022-01-01-preview",
              "type": "Microsoft.OperationalInsights/workspaces/providers/metadata",
              "properties": {
                "parentId": "[extensionResourceId(resourceId('Microsoft.OperationalInsights/workspaces', parameters('workspace')), 'Microsoft.SecurityInsights/dataConnectorDefinitions', variables('_dataConnectorContentIdConnectorDefinition1'))]",
                "contentId": "[variables('_dataConnectorContentIdConnectorDefinition1')]",
                "kind": "DataConnector",
                "version": "[variables('dataConnectorCCPVersion')]",
                "source": {
                  "sourceId": "[variables('_solutionId')]",
                  "name": "[variables('_solutionName')]",
                  "kind": "Solution"
                },
                "author": {
                  "name": "mzieniuk@bitwarden.com"
                },
                "support": {
                  "name": "Bitwarden Inc",
                  "email": "support@bitwarden.com",
                  "tier": "Partner",
                  "link": "https://bitwarden.com"
                },
                "dependencies": {
                  "criteria": [
                    {
                      "version": "[variables('dataConnectorCCPVersion')]",
                      "contentId": "[variables('_dataConnectorContentIdConnections1')]",
                      "kind": "ResourcesDataConnector"
                    }
                  ]
                }
              }
            },
            {
              "name": "BitwardenEventLogs_OauthDCR",
              "apiVersion": "2022-06-01",
              "type": "Microsoft.Insights/dataCollectionRules",
              "location": "[parameters('workspace-location')]",
              "kind": "[variables('blanks')]",
              "properties": {
                "dataCollectionEndpointId": "[variables('dataCollectionEndpointId1')]",
                "streamDeclarations": {
                  "Custom-BitwardenEventLogs_ClientCredentials": {
                    "columns": [
                      {
                        "name": "date",
                        "type": "string",
                        "description": "The date/timestamp when the event occurred"
                      },
                      {
                        "name": "type",
                        "type": "int",
                        "description": "Type of the event"
                      },
                      {
                        "name": "itemId",
                        "type": "string",
                        "description": "The unique identifier of the event"
                      },
                      {
                        "name": "collectionId",
                        "type": "string",
                        "description": "Collection Id"
                      },
                      {
                        "name": "groupId",
                        "type": "string",
                        "description": "Group Id"
                      },
                      {
                        "name": "policyId",
                        "type": "string",
                        "description": "Policy Id"
                      },
                      {
                        "name": "memberId",
                        "type": "string",
                        "description": "Member Id"
                      },
                      {
                        "name": "actingUserId",
                        "type": "string",
                        "description": "Acting User Id"
                      },
                      {
                        "name": "installationId",
                        "type": "string",
                        "description": "Installation Id"
                      },
                      {
                        "name": "device",
                        "type": "int",
                        "description": "Device Id"
                      },
                      {
                        "name": "ipAddress",
                        "type": "string",
                        "description": "The IP address of the acting user"
                      }
                    ]
                  },
                  "Custom-BitwardenMembers_ClientCredentials": {
                    "columns": [
                      {
                        "name": "id",
                        "type": "string",
                        "description": "Member Id"
                      },
                      {
                        "name": "userId",
                        "type": "string",
                        "description": "Member User Id"
                      },
                      {
                        "name": "email",
                        "type": "string",
                        "description": "Member Email"
                      },
                      {
                        "name": "name",
                        "type": "string",
                        "description": "Member Name"
                      }
                    ]
                  },
                  "Custom-BitwardenGroups_ClientCredentials": {
                    "columns": [
                      {
                        "name": "id",
                        "type": "string",
                        "description": "Group Id"
                      },
                      {
                        "name": "name",
                        "type": "string",
                        "description": "Member Name"
                      }
                    ]
                  }
                },
                "destinations": {
                  "logAnalytics": [
                    {
                      "workspaceResourceId": "[variables('workspaceResourceId')]",
                      "name": "clv2ws1"
                    }
                  ]
                },
                "dataFlows": [
                  {
                    "streams": [
                      "Custom-BitwardenEventLogs_ClientCredentials"
                    ],
                    "destinations": [
                      "clv2ws1"
                    ],
                    "transformKql": "source | project TimeGenerated = todatetime([\"date\"]), eventType = type, itemId, collectionId, groupId, policyId, memberId, actingUserId, installationId, device, ipAddress",
                    "outputStream": "Custom-BitwardenEventLogs_CL"
                  },
                  {
                    "streams": [
                      "Custom-BitwardenMembers_ClientCredentials"
                    ],
                    "destinations": [
                      "clv2ws1"
                    ],
                    "transformKql": "source | project TimeGenerated = now(), memberId = id, userId, email, name",
                    "outputStream": "Custom-BitwardenMembers_CL"
                  },
                  {
                    "streams": [
                      "Custom-BitwardenGroups_ClientCredentials"
                    ],
                    "destinations": [
                      "clv2ws1"
                    ],
                    "transformKql": "source | project TimeGenerated = now(), groupId = id, name",
                    "outputStream": "Custom-BitwardenGroups_CL"
                  }
                ]
              }
            },
            {
              "name": "BitwardenGroups_CL",
              "apiVersion": "2022-10-01",
              "type": "Microsoft.OperationalInsights/workspaces/tables",
              "location": "[parameters('workspace-location')]",
              "kind": null,
              "properties": {
                "retentionInDays": 4,
                "totalRetentionInDays": 4,
                "schema": {
                  "name": "BitwardenGroups_CL",
                  "columns": [
                    {
                      "name": "TimeGenerated",
                      "type": "Datetime",
                      "isDefaultDisplay": true,
                      "description": "The timestamp (UTC) reflecting the time in which the event was generated."
                    },
                    {
                      "name": "groupId",
                      "type": "string",
                      "description": "Group Id"
                    },
                    {
                      "name": "name",
                      "type": "string",
                      "description": "Group Name"
                    }
                  ]
                }
              }
            },
            {
              "name": "BitwardenEventLogs_CL",
              "apiVersion": "2022-10-01",
              "type": "Microsoft.OperationalInsights/workspaces/tables",
              "location": "[parameters('workspace-location')]",
              "kind": null,
              "properties": {
                "schema": {
                  "name": "BitwardenEventLogs_CL",
                  "columns": [
                    {
                      "name": "TimeGenerated",
                      "type": "Datetime",
                      "isDefaultDisplay": true,
                      "description": "The timestamp (UTC) reflecting the time in which the event was generated."
                    },
                    {
                      "name": "eventType",
                      "type": "int",
                      "description": "Type of the event"
                    },
                    {
                      "name": "itemId",
                      "type": "string",
                      "description": "The unique identifier of the event"
                    },
                    {
                      "name": "collectionId",
                      "type": "string",
                      "description": "Collection Id"
                    },
                    {
                      "name": "groupId",
                      "type": "string",
                      "description": "Group Id"
                    },
                    {
                      "name": "policyId",
                      "type": "string",
                      "description": "Policy Id"
                    },
                    {
                      "name": "memberId",
                      "type": "string",
                      "description": "Member Id"
                    },
                    {
                      "name": "actingUserId",
                      "type": "string",
                      "description": "Acting User Id"
                    },
                    {
                      "name": "installationId",
                      "type": "string",
                      "description": "Installation Id"
                    },
                    {
                      "name": "device",
                      "type": "int",
                      "description": "Device Id"
                    },
                    {
                      "name": "ipAddress",
                      "type": "string",
                      "description": "The IP address of the acting user"
                    }
                  ]
                }
              }
            },
            {
              "name": "BitwardenMembers_CL",
              "apiVersion": "2022-10-01",
              "type": "Microsoft.OperationalInsights/workspaces/tables",
              "location": "[parameters('workspace-location')]",
              "kind": null,
              "properties": {
                "retentionInDays": 4,
                "totalRetentionInDays": 4,
                "schema": {
                  "name": "BitwardenMembers_CL",
                  "columns": [
                    {
                      "name": "TimeGenerated",
                      "type": "Datetime",
                      "isDefaultDisplay": true,
                      "description": "The timestamp (UTC) reflecting the time in which the event was generated."
                    },
                    {
                      "name": "memberId",
                      "type": "string",
                      "description": "Member Id"
                    },
                    {
                      "name": "userId",
                      "type": "string",
                      "description": "Member User Id"
                    },
                    {
                      "name": "email",
                      "type": "string",
                      "description": "Member Email"
                    },
                    {
                      "name": "name",
                      "type": "string",
                      "description": "Member Name"
                    }
                  ]
                }
              }
            }
          ]
        },
        "packageKind": "Solution",
        "packageVersion": "[variables('_solutionVersion')]",
        "packageName": "[variables('_solutionName')]",
        "contentProductId": "[concat(take(variables('_solutionId'), 50),'-','dc','-', uniqueString(concat(variables('_solutionId'),'-','DataConnector','-',variables('_dataConnectorContentIdConnectorDefinition1'),'-', variables('dataConnectorCCPVersion'))))]",
        "packageId": "[variables('_solutionId')]",
        "contentSchemaVersion": "3.0.0",
        "version": "[variables('dataConnectorCCPVersion')]"
      }
    },
    {
      "name": "[concat(parameters('workspace'),'/Microsoft.SecurityInsights/',variables('_dataConnectorContentIdConnectorDefinition1'))]",
      "apiVersion": "2022-09-01-preview",
      "type": "Microsoft.OperationalInsights/workspaces/providers/dataConnectorDefinitions",
      "location": "[parameters('workspace-location')]",
      "kind": "Customizable",
      "properties": {
        "connectorUiConfig": {
          "id": "BitwardenEventLogs",
          "title": "Bitwarden Event Logs",
          "publisher": "Bitwarden Inc",
          "descriptionMarkdown": "This connector provides insight into activity of your Bitwarden organization such as user's activity (logged in, changed password, 2fa, etc.), cipher activity (created, updated, deleted, shared, etc.), collection activity, organization activity, and more.",
          "graphQueriesTableName": "BitwardenEventLogs",
          "graphQueries": [
            {
              "metricName": "Total event logs received",
              "legend": "Bitwarden Event Logs",
              "baseQuery": "BitwardenEventLogs_CL"
            }
          ],
          "sampleQueries": [
            {
              "name": "Get sample of Bitwarden Event Logs",
              "query": "BitwardenEventLogs",
              "description": "Get sample of Bitwarden Event Logs"
            }
          ],
          "dataTypes": [
            {
              "name": "EventLogs",
              "lastDataReceivedQuery": "BitwardenEventLogs_CL\n | summarize Time = max(TimeGenerated) | where isnotempty(Time)"
            },
            {
              "name": "Members",
              "lastDataReceivedQuery": "BitwardenMembers_CL\n | summarize Time = max(TimeGenerated) | where isnotempty(Time)"
            },
            {
              "name": "Groups",
              "lastDataReceivedQuery": "BitwardenGroups_CL\n | summarize Time = max(TimeGenerated) | where isnotempty(Time)"
            }
          ],
          "connectivityCriteria": [
            {
              "type": "HasDataConnectors"
            }
          ],
          "availability": {
            "isPreview": false
          },
          "permissions": {
            "resourceProvider": [
              {
                "provider": "Microsoft.OperationalInsights/workspaces",
                "permissionsDisplayText": "Read and Write permissions are required.",
                "providerDisplayName": "Workspace",
                "scope": "Workspace",
                "requiredPermissions": {
                  "write": true,
                  "read": true,
                  "delete": true
                }
              },
              {
                "provider": "Microsoft.OperationalInsights/workspaces/sharedKeys",
                "permissionsDisplayText": "Read permissions to shared keys for the workspace are required. [See the documentation to learn more about workspace keys](https://docs.microsoft.com/azure/azure-monitor/platform/agent-windows#obtain-workspace-id-and-key)",
                "providerDisplayName": "Keys",
                "scope": "Workspace",
                "requiredPermissions": {
                  "action": true
                }
              }
            ],
            "customs": [
              {
                "name": "Bitwarden Client Id and Client Secret",
                "description": "Your API key can be found in the Bitwarden organization admin console. Please see [Bitwarden documentation](https://bitwarden.com/help/public-api/#authentication) for more information."
              }
            ]
          },
          "instructionSteps": [
            {
              "description": "Your API key can be found in the Bitwarden organization admin console.\nPlease see [Bitwarden documentation](https://bitwarden.com/help/public-api/#authentication) for more information.\nSelf-hosted Bitwarden servers may need to reconfigure their installation's URL.",
              "instructions": [
                {
                  "type": "Textbox",
                  "parameters": {
                    "label": "Bitwarden Identity Url",
                    "placeholder": "https://identity.bitwarden.com",
                    "type": "text",
                    "name": "identityEndpoint"
                  }
                },
                {
                  "type": "Textbox",
                  "parameters": {
                    "label": "Bitwarden Api Url",
                    "placeholder": "https://api.bitwarden.com",
                    "type": "text",
                    "name": "apiEndpoint"
                  }
                },
                {
                  "type": "OAuthForm",
                  "parameters": {
                    "clientIdLabel": "Client ID",
                    "clientSecretLabel": "Client Secret",
                    "connectButtonLabel": "Connect",
                    "disconnectButtonLabel": "Disconnect"
                  }
                }
              ],
              "title": "Connect Bitwarden Event Logs to Microsoft Sentinel"
            }
          ]
        }
      }
    },
    {
      "name": "[concat(parameters('workspace'),'/Microsoft.SecurityInsights/',concat('DataConnector-', variables('_dataConnectorContentIdConnectorDefinition1')))]",
      "apiVersion": "2022-01-01-preview",
      "type": "Microsoft.OperationalInsights/workspaces/providers/metadata",
      "properties": {
        "parentId": "[extensionResourceId(resourceId('Microsoft.OperationalInsights/workspaces', parameters('workspace')), 'Microsoft.SecurityInsights/dataConnectorDefinitions', variables('_dataConnectorContentIdConnectorDefinition1'))]",
        "contentId": "[variables('_dataConnectorContentIdConnectorDefinition1')]",
        "kind": "DataConnector",
        "version": "[variables('dataConnectorCCPVersion')]",
        "source": {
          "sourceId": "[variables('_solutionId')]",
          "name": "[variables('_solutionName')]",
          "kind": "Solution"
        },
        "author": {
          "name": "mzieniuk@bitwarden.com"
        },
        "support": {
          "name": "Bitwarden Inc",
          "email": "support@bitwarden.com",
          "tier": "Partner",
          "link": "https://bitwarden.com"
        },
        "dependencies": {
          "criteria": [
            {
              "version": "[variables('dataConnectorCCPVersion')]",
              "contentId": "[variables('_dataConnectorContentIdConnections1')]",
              "kind": "ResourcesDataConnector"
            }
          ]
        }
      }
    },
    {
      "type": "Microsoft.OperationalInsights/workspaces/providers/contentTemplates",
      "apiVersion": "2023-04-01-preview",
      "name": "[concat(parameters('workspace'),'/Microsoft.SecurityInsights/', variables('dataConnectorTemplateNameConnections1'), variables('dataConnectorCCPVersion'))]",
      "location": "[parameters('workspace-location')]",
      "dependsOn": [
        "[extensionResourceId(resourceId('Microsoft.OperationalInsights/workspaces', parameters('workspace')), 'Microsoft.SecurityInsights/contentPackages', variables('_solutionId'))]"
      ],
      "properties": {
        "contentId": "[variables('_dataConnectorContentIdConnections1')]",
        "displayName": "Bitwarden Event Logs",
        "contentKind": "ResourcesDataConnector",
        "mainTemplate": {
          "$schema": "https://schema.management.azure.com/schemas/2019-04-01/deploymentTemplate.json#",
          "contentVersion": "[variables('dataConnectorCCPVersion')]",
          "parameters": {
            "ClientId": {
              "defaultValue": "-NA-",
              "type": "securestring",
              "minLength": 1
            },
            "ClientSecret": {
              "defaultValue": "-NA-",
              "type": "securestring",
              "minLength": 1
            },
            "connectorDefinitionName": {
              "defaultValue": "Bitwarden Event Logs",
              "type": "string",
              "minLength": 1
            },
            "workspace": {
              "defaultValue": "[parameters('workspace')]",
              "type": "string"
            },
            "dcrConfig": {
              "defaultValue": {
                "dataCollectionEndpoint": "data collection Endpoint",
                "dataCollectionRuleImmutableId": "data collection rule immutableId"
              },
              "type": "object"
            },
            "identityEndpoint": {
              "defaultValue": "identityEndpoint",
              "type": "string",
              "minLength": 1
            },
            "apiEndpoint": {
              "defaultValue": "apiEndpoint",
              "type": "string",
              "minLength": 1
            },
            "AuthorizationCode": {
              "defaultValue": "-NA-",
              "type": "securestring",
              "minLength": 1
            }
          },
          "variables": {
            "_dataConnectorContentIdConnections1": "[variables('_dataConnectorContentIdConnections1')]"
          },
          "resources": [
            {
              "name": "[concat(parameters('workspace'),'/Microsoft.SecurityInsights/',concat('DataConnector-', variables('_dataConnectorContentIdConnections1')))]",
              "apiVersion": "2022-01-01-preview",
              "type": "Microsoft.OperationalInsights/workspaces/providers/metadata",
              "properties": {
                "parentId": "[extensionResourceId(resourceId('Microsoft.OperationalInsights/workspaces', parameters('workspace')), 'Microsoft.SecurityInsights/dataConnectors', variables('_dataConnectorContentIdConnections1'))]",
                "contentId": "[variables('_dataConnectorContentIdConnections1')]",
                "kind": "ResourcesDataConnector",
                "version": "[variables('dataConnectorCCPVersion')]",
                "source": {
                  "sourceId": "[variables('_solutionId')]",
                  "name": "[variables('_solutionName')]",
                  "kind": "Solution"
                },
                "author": {
                  "name": "mzieniuk@bitwarden.com"
                },
                "support": {
                  "name": "Bitwarden Inc",
                  "email": "support@bitwarden.com",
                  "tier": "Partner",
                  "link": "https://bitwarden.com"
                }
              }
            },
            {
              "name": "[concat(parameters('workspace'),'/Microsoft.SecurityInsights/', 'BitwardenEventLogs')]",
              "apiVersion": "2023-02-01-preview",
              "type": "Microsoft.OperationalInsights/workspaces/providers/dataConnectors",
              "location": "[parameters('workspace-location')]",
              "kind": "RestApiPoller",
              "properties": {
                "connectorDefinitionName": "BitwardenEventLogs",
                "dataType": "BitwardenEventLogs_CL",
                "dcrConfig": {
                  "streamName": "Custom-BitwardenEventLogs_ClientCredentials",
                  "dataCollectionEndpoint": "[[parameters('dcrConfig').dataCollectionEndpoint]",
                  "dataCollectionRuleImmutableId": "[[parameters('dcrConfig').dataCollectionRuleImmutableId]"
                },
                "auth": {
                  "type": "OAuth2",
                  "ClientSecret": "[[parameters('ClientSecret')]",
                  "ClientId": "[[parameters('ClientId')]",
                  "GrantType": "client_credentials",
                  "TokenEndpoint": "[[uri(if(equals(parameters('identityEndpoint'), 'identityEndpoint'), 'https://identity.bitwarden.com/', parameters('identityEndpoint')), '/connect/token')]",
                  "TokenEndpointHeaders": {
                    "Content-Type": "application/x-www-form-urlencoded"
                  },
                  "scope": "api.organization"
                },
                "request": {
                  "apiEndpoint": "[[uri(if(equals(parameters('apiEndpoint'), 'apiEndpoint'), 'https://api.bitwarden.com/', parameters('apiEndpoint')), '/public/events')]",
                  "httpMethod": "GET",
                  "queryWindowInMin": 1,
                  "queryTimeFormat": "yyyy-MM-ddTHH:mm:ss.000000Z",
                  "startTimeAttributeName": "start",
                  "endTimeAttributeName": "end",
                  "rateLimitQps": 30,
                  "retryCount": 3,
                  "timeoutInSeconds": 30,
                  "headers": {
                    "Accept": "application/json"
                  }
                },
                "response": {
                  "eventsJsonPaths": [
                    "$.data"
                  ],
                  "format": "json"
                },
                "paging": {
                  "pagingType": "NextPageToken",
                  "nextPageParaName": "continuationToken",
                  "nextPageTokenJsonPath": "$.continuationToken"
                }
              }
            },
            {
              "name": "[concat(parameters('workspace'),'/Microsoft.SecurityInsights/', 'BitwardenMembers')]",
              "apiVersion": "2023-02-01-preview",
              "type": "Microsoft.OperationalInsights/workspaces/providers/dataConnectors",
              "location": "[parameters('workspace-location')]",
              "kind": "RestApiPoller",
              "properties": {
                "connectorDefinitionName": "BitwardenEventLogs",
                "dataType": "BitwardenMembers_CL",
                "dcrConfig": {
                  "streamName": "Custom-BitwardenMembers_ClientCredentials",
                  "dataCollectionEndpoint": "[[parameters('dcrConfig').dataCollectionEndpoint]",
                  "dataCollectionRuleImmutableId": "[[parameters('dcrConfig').dataCollectionRuleImmutableId]"
                },
                "auth": {
                  "type": "OAuth2",
                  "ClientSecret": "[[parameters('ClientSecret')]",
                  "ClientId": "[[parameters('ClientId')]",
                  "GrantType": "client_credentials",
                  "TokenEndpoint": "[[uri(if(equals(parameters('identityEndpoint'), 'identityEndpoint'), 'https://identity.bitwarden.com/', parameters('identityEndpoint')), '/connect/token')]",
                  "TokenEndpointHeaders": {
                    "Content-Type": "application/x-www-form-urlencoded"
                  },
                  "scope": "api.organization"
                },
                "request": {
                  "apiEndpoint": "[[uri(if(equals(parameters('apiEndpoint'), 'apiEndpoint'), 'https://api.bitwarden.com/', parameters('apiEndpoint')), '/public/members')]",
                  "httpMethod": "GET",
                  "queryWindowInMin": 60,
                  "rateLimitQps": 30,
                  "retryCount": 3,
                  "timeoutInSeconds": 30,
                  "headers": {
                    "Accept": "application/json"
                  }
                },
                "response": {
                  "eventsJsonPaths": [
                    "$.data"
                  ],
                  "format": "json"
                },
                "paging": {
                  "pagingType": "NextPageToken",
                  "nextPageParaName": "continuationToken",
                  "nextPageTokenJsonPath": "$.continuationToken"
                }
              }
            },
            {
              "name": "[concat(parameters('workspace'),'/Microsoft.SecurityInsights/', 'BitwardenGroups')]",
              "apiVersion": "2023-02-01-preview",
              "type": "Microsoft.OperationalInsights/workspaces/providers/dataConnectors",
              "location": "[parameters('workspace-location')]",
              "kind": "RestApiPoller",
              "properties": {
                "connectorDefinitionName": "BitwardenEventLogs",
                "dataType": "BitwardenGroups_CL",
                "dcrConfig": {
                  "streamName": "Custom-BitwardenGroups_ClientCredentials",
                  "dataCollectionEndpoint": "[[parameters('dcrConfig').dataCollectionEndpoint]",
                  "dataCollectionRuleImmutableId": "[[parameters('dcrConfig').dataCollectionRuleImmutableId]"
                },
                "auth": {
                  "type": "OAuth2",
                  "ClientSecret": "[[parameters('ClientSecret')]",
                  "ClientId": "[[parameters('ClientId')]",
                  "GrantType": "client_credentials",
                  "TokenEndpoint": "[[uri(if(equals(parameters('identityEndpoint'), 'identityEndpoint'), 'https://identity.bitwarden.com/', parameters('identityEndpoint')), '/connect/token')]",
                  "TokenEndpointHeaders": {
                    "Content-Type": "application/x-www-form-urlencoded"
                  },
                  "scope": "api.organization"
                },
                "request": {
                  "apiEndpoint": "[[uri(if(equals(parameters('apiEndpoint'), 'apiEndpoint'), 'https://api.bitwarden.com/', parameters('apiEndpoint')), '/public/groups')]",
                  "httpMethod": "GET",
                  "queryWindowInMin": 60,
                  "rateLimitQps": 30,
                  "retryCount": 3,
                  "timeoutInSeconds": 30,
                  "headers": {
                    "Accept": "application/json"
                  }
                },
                "response": {
                  "eventsJsonPaths": [
                    "$.data"
                  ],
                  "format": "json"
                },
                "paging": {
                  "pagingType": "NextPageToken",
                  "nextPageParaName": "continuationToken",
                  "nextPageTokenJsonPath": "$.continuationToken"
                }
              }
            }
          ]
        },
        "packageKind": "Solution",
        "packageVersion": "[variables('_solutionVersion')]",
        "packageName": "[variables('_solutionName')]",
        "contentProductId": "[concat(take(variables('_solutionId'), 50),'-','rdc','-', uniqueString(concat(variables('_solutionId'),'-','ResourcesDataConnector','-',variables('_dataConnectorContentIdConnections1'),'-', variables('dataConnectorCCPVersion'))))]",
        "packageId": "[variables('_solutionId')]",
        "contentSchemaVersion": "3.0.0",
        "version": "[variables('dataConnectorCCPVersion')]"
      }
    },
    {
      "type": "Microsoft.OperationalInsights/workspaces/providers/contentTemplates",
      "apiVersion": "2023-04-01-preview",
      "name": "[variables('workbookTemplateSpecName1')]",
      "location": "[parameters('workspace-location')]",
      "dependsOn": [
        "[extensionResourceId(resourceId('Microsoft.OperationalInsights/workspaces', parameters('workspace')), 'Microsoft.SecurityInsights/contentPackages', variables('_solutionId'))]"
      ],
      "properties": {
        "description": "BitwardenEventLogsOrganization Workbook with template version 3.0.0",
        "mainTemplate": {
          "$schema": "https://schema.management.azure.com/schemas/2019-04-01/deploymentTemplate.json#",
          "contentVersion": "[variables('workbookVersion1')]",
          "parameters": {},
          "variables": {},
          "resources": [
            {
              "type": "Microsoft.Insights/workbooks",
              "name": "[variables('workbookContentId1')]",
              "location": "[parameters('workspace-location')]",
              "kind": "shared",
              "apiVersion": "2021-08-01",
              "metadata": {
                "description": "This workbook provides insights on Bitwarden Organizations Event Logs."
              },
              "properties": {
                "displayName": "[parameters('workbook1-name')]",
                "serializedData": "{\"version\":\"Notebook/1.0\",\"items\":[{\"type\":9,\"content\":{\"version\":\"KqlParameterItem/1.0\",\"parameters\":[{\"id\":\"6f7b06e9-6ae9-47e4-974b-85b998d96c1d\",\"version\":\"KqlParameterItem/1.0\",\"name\":\"Time\",\"type\":4,\"typeSettings\":{\"selectableValues\":[{\"durationMs\":300000},{\"durationMs\":900000},{\"durationMs\":1800000},{\"durationMs\":3600000},{\"durationMs\":14400000},{\"durationMs\":43200000},{\"durationMs\":86400000},{\"durationMs\":172800000},{\"durationMs\":259200000},{\"durationMs\":604800000},{\"durationMs\":1209600000},{\"durationMs\":2419200000},{\"durationMs\":2592000000},{\"durationMs\":5184000000},{\"durationMs\":7776000000}],\"allowCustom\":true},\"timeContext\":{\"durationMs\":86400000},\"value\":{\"durationMs\":86400000}}],\"style\":\"pills\",\"queryType\":0,\"resourceType\":\"microsoft.operationalinsights/workspaces\"},\"name\":\"parameters - 3\"},{\"type\":3,\"content\":{\"version\":\"KqlItem/1.0\",\"query\":\"BitwardenEventLogs | where eventType >= 1300 and eventType < 1800 | extend country = geo_info_from_ip_address(ipAddress).country | where country != \\\"\\\"\",\"size\":3,\"title\":\"Organization Item Events by Country\",\"timeContextFromParameter\":\"Time\",\"queryType\":0,\"resourceType\":\"microsoft.operationalinsights/workspaces\",\"visualization\":\"map\",\"mapSettings\":{\"locInfo\":\"CountryRegion\",\"locInfoColumn\":\"country\",\"sizeSettings\":\"country\",\"sizeAggregation\":\"Count\",\"legendMetric\":\"country\",\"legendAggregation\":\"Count\",\"itemColorSettings\":{\"nodeColorField\":\"eventType\",\"colorAggregation\":\"Sum\",\"type\":\"heatmap\",\"heatmapPalette\":\"greenRed\"}}},\"name\":\"query - 4\"},{\"type\":3,\"content\":{\"version\":\"KqlItem/1.0\",\"query\":\"BitwardenEventLogs | where eventType >= 1300 and eventType < 1800 | summarize deviceCount = count() by deviceName, bin(TimeGenerated, 1h) | sort by TimeGenerated desc\",\"size\":1,\"showAnalytics\":true,\"title\":\"Organization Events by Device\",\"timeContextFromParameter\":\"Time\",\"showExportToExcel\":true,\"queryType\":0,\"resourceType\":\"microsoft.operationalinsights/workspaces\",\"visualization\":\"linechart\"},\"customWidth\":\"50\",\"showPin\":true,\"name\":\"query - 1\"},{\"type\":3,\"content\":{\"version\":\"KqlItem/1.0\",\"query\":\"BitwardenEventLogs | where eventType >= 1300 and eventType < 1800 | summarize eventTypeCount = count() by eventTypeName, bin(TimeGenerated, 1h) | sort by TimeGenerated desc\",\"size\":1,\"showAnalytics\":true,\"title\":\"Organization Events by Type\",\"timeContextFromParameter\":\"Time\",\"showExportToExcel\":true,\"queryType\":0,\"resourceType\":\"microsoft.operationalinsights/workspaces\",\"visualization\":\"linechart\"},\"customWidth\":\"50\",\"showPin\":true,\"name\":\"query - 1 - Copy\"},{\"type\":9,\"content\":{\"version\":\"KqlParameterItem/1.0\",\"parameters\":[{\"id\":\"3dffc9fc-e511-4ce5-9526-8f18c19df622\",\"version\":\"KqlParameterItem/1.0\",\"name\":\"TopUsersBy\",\"label\":\"Top Users By\",\"type\":2,\"typeSettings\":{\"showDefault\":false},\"jsonData\":\"[{\\\"value\\\": \\\"actingUserId\\\",\\\"label\\\": \\\"User ID\\\",\\\"selected\\\": false},{\\\"value\\\": \\\"actingUserEmail\\\",\\\"label\\\": \\\"User Email\\\",\\\"selected\\\": true},{\\\"value\\\": \\\"actingUserName\\\", \\\"label\\\": \\\"User Name\\\",\\\"selected\\\": false}]\",\"timeContext\":{\"durationMs\":86400000}}],\"style\":\"pills\",\"queryType\":0,\"resourceType\":\"microsoft.operationalinsights/workspaces\"},\"name\":\"parameters - 5\"},{\"type\":3,\"content\":{\"version\":\"KqlItem/1.0\",\"query\":\"BitwardenEventLogs | where eventType >= 1300 and eventType < 1800 | where actingUserId != \\\"\\\" and {TopUsersBy} != \\\"\\\" | summarize userCount = count() by {TopUsersBy}\",\"size\":1,\"showAnalytics\":true,\"title\":\"Top Organization Event Users\",\"timeContextFromParameter\":\"Time\",\"showExportToExcel\":true,\"queryType\":0,\"resourceType\":\"microsoft.operationalinsights/workspaces\",\"visualization\":\"barchart\",\"tileSettings\":{\"showBorder\":false,\"titleContent\":{\"columnMatch\":\"eventTypeName\",\"formatter\":1},\"leftContent\":{\"columnMatch\":\"eventType\",\"formatter\":12,\"formatOptions\":{\"palette\":\"auto\"},\"numberFormat\":{\"unit\":17,\"options\":{\"maximumSignificantDigits\":3,\"maximumFractionDigits\":2}}}},\"graphSettings\":{\"type\":0,\"topContent\":{\"columnMatch\":\"eventTypeName\",\"formatter\":1},\"centerContent\":{\"columnMatch\":\"eventType\",\"formatter\":1,\"numberFormat\":{\"unit\":17,\"options\":{\"maximumSignificantDigits\":3,\"maximumFractionDigits\":2}}}}},\"customWidth\":\"50\",\"showPin\":true,\"name\":\"query - 1 - Copy - Copy\"},{\"type\":3,\"content\":{\"version\":\"KqlItem/1.0\",\"query\":\"BitwardenEventLogs | where eventType >= 1300 and eventType < 1800\",\"size\":3,\"title\":\"Latest Organization Events\",\"timeContextFromParameter\":\"Time\",\"queryType\":0,\"resourceType\":\"microsoft.operationalinsights/workspaces\",\"gridSettings\":{\"formatters\":[{\"columnMatch\":\"TimeGenerated\",\"formatter\":6},{\"columnMatch\":\"ipAddress\",\"formatter\":17}]}},\"name\":\"query - 6\"}],\"styleSettings\":{\"spacingStyle\":\"none\"},\"fromTemplateId\":\"sentinel-BitwardenEventLogsOrganization\",\"$schema\":\"https://github.com/Microsoft/Application-Insights-Workbooks/blob/master/schema/workbook.json\"}\n",
                "version": "1.0",
                "sourceId": "[variables('workspaceResourceId')]",
                "category": "sentinel"
              }
            },
            {
              "type": "Microsoft.OperationalInsights/workspaces/providers/metadata",
              "apiVersion": "2022-01-01-preview",
              "name": "[concat(parameters('workspace'),'/Microsoft.SecurityInsights/',concat('Workbook-', last(split(variables('workbookId1'),'/'))))]",
              "properties": {
                "description": "@{workbookKey=BitwardenEventLogsOrganization; logoFileName=Bitwarden.svg; description=This workbook provides insights on Bitwarden Organizations Event Logs.; dataConnectorsDependencies=System.Object[]; dataTypesDependencies=System.Object[]; version=1.0.0; title=Bitwarden Organization Events; templateRelativePath=BitwardenEventLogsOrganization.json; subtitle=; provider=Bitwarden}.description",
                "parentId": "[variables('workbookId1')]",
                "contentId": "[variables('_workbookContentId1')]",
                "kind": "Workbook",
                "version": "[variables('workbookVersion1')]",
                "source": {
                  "kind": "Solution",
                  "name": "Bitwarden",
                  "sourceId": "[variables('_solutionId')]"
                },
                "author": {
                  "name": "mzieniuk@bitwarden.com"
                },
                "support": {
                  "name": "Bitwarden Inc",
                  "email": "support@bitwarden.com",
                  "tier": "Partner",
                  "link": "https://bitwarden.com"
                },
                "dependencies": {
                  "operator": "AND",
                  "criteria": [
                    {
                      "contentId": "BitwardenEventLogs_CL",
                      "kind": "DataType"
                    },
                    {
                      "contentId": "BitwardenGroups_CL",
                      "kind": "DataType"
                    },
                    {
                      "contentId": "BitwardenMembers_CL",
                      "kind": "DataType"
                    },
                    {
                      "contentId": "BitwardenEventLogs",
                      "kind": "DataConnector"
                    }
                  ]
                }
              }
            }
          ]
        },
        "packageKind": "Solution",
        "packageVersion": "[variables('_solutionVersion')]",
        "packageName": "[variables('_solutionName')]",
        "packageId": "[variables('_solutionId')]",
        "contentSchemaVersion": "3.0.0",
        "contentId": "[variables('_workbookContentId1')]",
        "contentKind": "Workbook",
        "displayName": "[parameters('workbook1-name')]",
        "contentProductId": "[variables('_workbookcontentProductId1')]",
        "id": "[variables('_workbookcontentProductId1')]",
        "version": "[variables('workbookVersion1')]"
      }
    },
    {
      "type": "Microsoft.OperationalInsights/workspaces/providers/contentTemplates",
      "apiVersion": "2023-04-01-preview",
      "name": "[variables('workbookTemplateSpecName2')]",
      "location": "[parameters('workspace-location')]",
      "dependsOn": [
        "[extensionResourceId(resourceId('Microsoft.OperationalInsights/workspaces', parameters('workspace')), 'Microsoft.SecurityInsights/contentPackages', variables('_solutionId'))]"
      ],
      "properties": {
        "description": "BitwardenEventLogsAuthentication Workbook with template version 3.0.0",
        "mainTemplate": {
          "$schema": "https://schema.management.azure.com/schemas/2019-04-01/deploymentTemplate.json#",
          "contentVersion": "[variables('workbookVersion2')]",
          "parameters": {},
          "variables": {},
          "resources": [
            {
              "type": "Microsoft.Insights/workbooks",
              "name": "[variables('workbookContentId2')]",
              "location": "[parameters('workspace-location')]",
              "kind": "shared",
              "apiVersion": "2021-08-01",
              "metadata": {
                "description": "This workbook provides insights on Bitwarden Authentication Event Logs."
              },
              "properties": {
                "displayName": "[parameters('workbook2-name')]",
                "serializedData": "{\"version\":\"Notebook/1.0\",\"items\":[{\"type\":9,\"content\":{\"version\":\"KqlParameterItem/1.0\",\"parameters\":[{\"id\":\"6f7b06e9-6ae9-47e4-974b-85b998d96c1d\",\"version\":\"KqlParameterItem/1.0\",\"name\":\"Time\",\"type\":4,\"typeSettings\":{\"selectableValues\":[{\"durationMs\":300000},{\"durationMs\":900000},{\"durationMs\":1800000},{\"durationMs\":3600000},{\"durationMs\":14400000},{\"durationMs\":43200000},{\"durationMs\":86400000},{\"durationMs\":172800000},{\"durationMs\":259200000},{\"durationMs\":604800000},{\"durationMs\":1209600000},{\"durationMs\":2419200000},{\"durationMs\":2592000000},{\"durationMs\":5184000000},{\"durationMs\":7776000000}],\"allowCustom\":true},\"timeContext\":{\"durationMs\":86400000},\"value\":{\"durationMs\":86400000}}],\"style\":\"pills\",\"queryType\":0,\"resourceType\":\"microsoft.operationalinsights/workspaces\"},\"name\":\"parameters - 3\"},{\"type\":3,\"content\":{\"version\":\"KqlItem/1.0\",\"query\":\"BitwardenEventLogs | where eventType == 1000 | extend country = geo_info_from_ip_address(ipAddress).country | where country != \\\"\\\"\",\"size\":3,\"title\":\"Successful Log In Attempts by Country\",\"timeContextFromParameter\":\"Time\",\"queryType\":0,\"resourceType\":\"microsoft.operationalinsights/workspaces\",\"visualization\":\"map\",\"mapSettings\":{\"locInfo\":\"CountryRegion\",\"locInfoColumn\":\"country\",\"sizeSettings\":\"country\",\"sizeAggregation\":\"Count\",\"legendMetric\":\"country\",\"legendAggregation\":\"Count\",\"itemColorSettings\":{\"nodeColorField\":\"eventType\",\"colorAggregation\":\"Sum\",\"type\":\"heatmap\",\"heatmapPalette\":\"greenRed\"}}},\"name\":\"query - 4\"},{\"type\":3,\"content\":{\"version\":\"KqlItem/1.0\",\"query\":\"BitwardenEventLogs | where (eventType >= 1000 and eventType < 1007) or (eventType >= 1008 and eventType < 1010) | summarize deviceCount = count() by deviceName, bin(TimeGenerated, 1h) | sort by TimeGenerated desc\",\"size\":1,\"showAnalytics\":true,\"title\":\"Authentication Events by Device\",\"timeContextFromParameter\":\"Time\",\"showExportToExcel\":true,\"queryType\":0,\"resourceType\":\"microsoft.operationalinsights/workspaces\",\"visualization\":\"linechart\"},\"customWidth\":\"50\",\"showPin\":true,\"name\":\"query - 1\"},{\"type\":3,\"content\":{\"version\":\"KqlItem/1.0\",\"query\":\"BitwardenEventLogs | where (eventType >= 1000 and eventType < 1007) or (eventType >= 1008 and eventType < 1010) | summarize eventTypeCount = count() by eventTypeName, bin(TimeGenerated, 1h) | sort by TimeGenerated desc\",\"size\":1,\"showAnalytics\":true,\"title\":\"Authentication Events by Type\",\"timeContextFromParameter\":\"Time\",\"showExportToExcel\":true,\"queryType\":0,\"resourceType\":\"microsoft.operationalinsights/workspaces\",\"visualization\":\"linechart\"},\"customWidth\":\"50\",\"showPin\":true,\"name\":\"query - 1 - Copy\"},{\"type\":9,\"content\":{\"version\":\"KqlParameterItem/1.0\",\"parameters\":[{\"id\":\"3dffc9fc-e511-4ce5-9526-8f18c19df622\",\"version\":\"KqlParameterItem/1.0\",\"name\":\"TopUsersBy\",\"label\":\"Top Users By\",\"type\":2,\"typeSettings\":{\"showDefault\":false},\"jsonData\":\"[ { \\\"value\\\": \\\"actingUserId\\\", \\\"label\\\": \\\"User ID\\\", \\\"selected\\\": false }, { \\\"value\\\": \\\"actingUserEmail\\\", \\\"label\\\": \\\"User Email\\\", \\\"selected\\\": true }, { \\\"value\\\": \\\"actingUserName\\\", \\\"label\\\": \\\"User Name\\\", \\\"selected\\\": false } ]\",\"timeContext\":{\"durationMs\":86400000}}],\"style\":\"pills\",\"queryType\":0,\"resourceType\":\"microsoft.operationalinsights/workspaces\"},\"name\":\"parameters - 5\"},{\"type\":3,\"content\":{\"version\":\"KqlItem/1.0\",\"query\":\"BitwardenEventLogs | where eventType >= 1005 and eventType < 1007 | where actingUserId != \\\"\\\" and {TopUsersBy} != \\\"\\\" | summarize userCount = count() by {TopUsersBy}\",\"size\":1,\"showAnalytics\":true,\"title\":\"Top Failed Log Event Users\",\"timeContextFromParameter\":\"Time\",\"showExportToExcel\":true,\"queryType\":0,\"resourceType\":\"microsoft.operationalinsights/workspaces\",\"visualization\":\"barchart\",\"tileSettings\":{\"showBorder\":false,\"titleContent\":{\"columnMatch\":\"eventTypeName\",\"formatter\":1},\"leftContent\":{\"columnMatch\":\"eventType\",\"formatter\":12,\"formatOptions\":{\"palette\":\"auto\"},\"numberFormat\":{\"unit\":17,\"options\":{\"maximumSignificantDigits\":3,\"maximumFractionDigits\":2}}}},\"graphSettings\":{\"type\":0,\"topContent\":{\"columnMatch\":\"eventTypeName\",\"formatter\":1},\"centerContent\":{\"columnMatch\":\"eventType\",\"formatter\":1,\"numberFormat\":{\"unit\":17,\"options\":{\"maximumSignificantDigits\":3,\"maximumFractionDigits\":2}}}}},\"customWidth\":\"50\",\"showPin\":true,\"name\":\"query - 1 - Copy - Copy\"},{\"type\":3,\"content\":{\"version\":\"KqlItem/1.0\",\"query\":\"BitwardenEventLogs | where eventType == 1000 | where actingUserId != \\\"\\\" and {TopUsersBy} != \\\"\\\" | summarize userCount = count() by {TopUsersBy}\",\"size\":1,\"showAnalytics\":true,\"title\":\"Top Successful Log Event Users\",\"timeContextFromParameter\":\"Time\",\"showExportToExcel\":true,\"queryType\":0,\"resourceType\":\"microsoft.operationalinsights/workspaces\",\"visualization\":\"barchart\",\"tileSettings\":{\"showBorder\":false,\"titleContent\":{\"columnMatch\":\"eventTypeName\",\"formatter\":1},\"leftContent\":{\"columnMatch\":\"eventType\",\"formatter\":12,\"formatOptions\":{\"palette\":\"auto\"},\"numberFormat\":{\"unit\":17,\"options\":{\"maximumSignificantDigits\":3,\"maximumFractionDigits\":2}}}},\"graphSettings\":{\"type\":0,\"topContent\":{\"columnMatch\":\"eventTypeName\",\"formatter\":1},\"centerContent\":{\"columnMatch\":\"eventType\",\"formatter\":1,\"numberFormat\":{\"unit\":17,\"options\":{\"maximumSignificantDigits\":3,\"maximumFractionDigits\":2}}}}},\"customWidth\":\"50\",\"showPin\":true,\"name\":\"query - 1 - Copy 2\"},{\"type\":3,\"content\":{\"version\":\"KqlItem/1.0\",\"query\":\"BitwardenEventLogs | where (eventType >= 1000 and eventType < 1007) or (eventType >= 1008 and eventType < 1010)\",\"size\":3,\"title\":\"Latest Authentication Events\",\"timeContextFromParameter\":\"Time\",\"queryType\":0,\"resourceType\":\"microsoft.operationalinsights/workspaces\",\"gridSettings\":{\"formatters\":[{\"columnMatch\":\"TimeGenerated\",\"formatter\":6},{\"columnMatch\":\"ipAddress\",\"formatter\":17}]}},\"name\":\"query - 6\"}],\"styleSettings\":{\"spacingStyle\":\"none\"},\"fromTemplateId\":\"sentinel-BitwardenEventLogsAuthentication\",\"$schema\":\"https://github.com/Microsoft/Application-Insights-Workbooks/blob/master/schema/workbook.json\"}\n",
                "version": "1.0",
                "sourceId": "[variables('workspaceResourceId')]",
                "category": "sentinel"
              }
            },
            {
              "type": "Microsoft.OperationalInsights/workspaces/providers/metadata",
              "apiVersion": "2022-01-01-preview",
              "name": "[concat(parameters('workspace'),'/Microsoft.SecurityInsights/',concat('Workbook-', last(split(variables('workbookId2'),'/'))))]",
              "properties": {
                "description": "@{workbookKey=BitwardenEventLogsAuthentication; logoFileName=Bitwarden.svg; description=This workbook provides insights on Bitwarden Authentication Event Logs.; dataConnectorsDependencies=System.Object[]; dataTypesDependencies=System.Object[]; version=1.0.0; title=Bitwarden Authentication Events; templateRelativePath=BitwardenEventLogsAuthentication.json; subtitle=; provider=Bitwarden}.description",
                "parentId": "[variables('workbookId2')]",
                "contentId": "[variables('_workbookContentId2')]",
                "kind": "Workbook",
                "version": "[variables('workbookVersion2')]",
                "source": {
                  "kind": "Solution",
                  "name": "Bitwarden",
                  "sourceId": "[variables('_solutionId')]"
                },
                "author": {
                  "name": "mzieniuk@bitwarden.com"
                },
                "support": {
                  "name": "Bitwarden Inc",
                  "email": "support@bitwarden.com",
                  "tier": "Partner",
                  "link": "https://bitwarden.com"
                },
                "dependencies": {
                  "operator": "AND",
                  "criteria": [
                    {
                      "contentId": "BitwardenEventLogs_CL",
                      "kind": "DataType"
                    },
                    {
                      "contentId": "BitwardenGroups_CL",
                      "kind": "DataType"
                    },
                    {
                      "contentId": "BitwardenMembers_CL",
                      "kind": "DataType"
                    },
                    {
                      "contentId": "BitwardenEventLogs",
                      "kind": "DataConnector"
                    }
                  ]
                }
              }
            }
          ]
        },
        "packageKind": "Solution",
        "packageVersion": "[variables('_solutionVersion')]",
        "packageName": "[variables('_solutionName')]",
        "packageId": "[variables('_solutionId')]",
        "contentSchemaVersion": "3.0.0",
        "contentId": "[variables('_workbookContentId2')]",
        "contentKind": "Workbook",
        "displayName": "[parameters('workbook2-name')]",
        "contentProductId": "[variables('_workbookcontentProductId2')]",
        "id": "[variables('_workbookcontentProductId2')]",
        "version": "[variables('workbookVersion2')]"
      }
    },
    {
      "type": "Microsoft.OperationalInsights/workspaces/providers/contentTemplates",
      "apiVersion": "2023-04-01-preview",
      "name": "[variables('workbookTemplateSpecName3')]",
      "location": "[parameters('workspace-location')]",
      "dependsOn": [
        "[extensionResourceId(resourceId('Microsoft.OperationalInsights/workspaces', parameters('workspace')), 'Microsoft.SecurityInsights/contentPackages', variables('_solutionId'))]"
      ],
      "properties": {
        "description": "BitwardenEventLogsVaultItems Workbook with template version 3.0.0",
        "mainTemplate": {
          "$schema": "https://schema.management.azure.com/schemas/2019-04-01/deploymentTemplate.json#",
          "contentVersion": "[variables('workbookVersion3')]",
          "parameters": {},
          "variables": {},
          "resources": [
            {
              "type": "Microsoft.Insights/workbooks",
              "name": "[variables('workbookContentId3')]",
              "location": "[parameters('workspace-location')]",
              "kind": "shared",
              "apiVersion": "2021-08-01",
              "metadata": {
                "description": "This workbook provides insights on Bitwarden Vault Items Event Logs."
              },
              "properties": {
                "displayName": "[parameters('workbook3-name')]",
                "serializedData": "{\"version\":\"Notebook/1.0\",\"items\":[{\"type\":9,\"content\":{\"version\":\"KqlParameterItem/1.0\",\"parameters\":[{\"id\":\"6f7b06e9-6ae9-47e4-974b-85b998d96c1d\",\"version\":\"KqlParameterItem/1.0\",\"name\":\"Time\",\"type\":4,\"typeSettings\":{\"selectableValues\":[{\"durationMs\":300000},{\"durationMs\":900000},{\"durationMs\":1800000},{\"durationMs\":3600000},{\"durationMs\":14400000},{\"durationMs\":43200000},{\"durationMs\":86400000},{\"durationMs\":172800000},{\"durationMs\":259200000},{\"durationMs\":604800000},{\"durationMs\":1209600000},{\"durationMs\":2419200000},{\"durationMs\":2592000000},{\"durationMs\":5184000000},{\"durationMs\":7776000000}],\"allowCustom\":true},\"timeContext\":{\"durationMs\":86400000},\"value\":{\"durationMs\":86400000}}],\"style\":\"pills\",\"queryType\":0,\"resourceType\":\"microsoft.operationalinsights/workspaces\"},\"name\":\"parameters - 3\"},{\"type\":3,\"content\":{\"version\":\"KqlItem/1.0\",\"query\":\"BitwardenEventLogs | where eventType >= 1100 and eventType < 1200 | extend country = geo_info_from_ip_address(ipAddress).country | where country != \\\"\\\"\",\"size\":3,\"title\":\"Vault Item Events by Country\",\"timeContextFromParameter\":\"Time\",\"queryType\":0,\"resourceType\":\"microsoft.operationalinsights/workspaces\",\"visualization\":\"map\",\"mapSettings\":{\"locInfo\":\"CountryRegion\",\"locInfoColumn\":\"country\",\"sizeSettings\":\"country\",\"sizeAggregation\":\"Count\",\"legendMetric\":\"country\",\"legendAggregation\":\"Count\",\"itemColorSettings\":{\"nodeColorField\":\"eventType\",\"colorAggregation\":\"Sum\",\"type\":\"heatmap\",\"heatmapPalette\":\"greenRed\"}}},\"name\":\"query - 4\"},{\"type\":3,\"content\":{\"version\":\"KqlItem/1.0\",\"query\":\"BitwardenEventLogs | where eventType >= 1100 and eventType < 1200 | summarize deviceCount = count() by deviceName, bin(TimeGenerated, 1h) | sort by TimeGenerated desc\",\"size\":1,\"showAnalytics\":true,\"title\":\"Vault Item Events by Device\",\"timeContextFromParameter\":\"Time\",\"showExportToExcel\":true,\"queryType\":0,\"resourceType\":\"microsoft.operationalinsights/workspaces\",\"visualization\":\"linechart\"},\"customWidth\":\"50\",\"showPin\":true,\"name\":\"query - 1\"},{\"type\":3,\"content\":{\"version\":\"KqlItem/1.0\",\"query\":\"BitwardenEventLogs | where eventType >= 1100 and eventType < 1200 | summarize eventTypeCount = count() by eventTypeName, bin(TimeGenerated, 1h) | sort by TimeGenerated desc\",\"size\":1,\"showAnalytics\":true,\"title\":\"Vault Item Events by Type\",\"timeContextFromParameter\":\"Time\",\"showExportToExcel\":true,\"queryType\":0,\"resourceType\":\"microsoft.operationalinsights/workspaces\",\"visualization\":\"linechart\"},\"customWidth\":\"50\",\"showPin\":true,\"name\":\"query - 1 - Copy\"},{\"type\":9,\"content\":{\"version\":\"KqlParameterItem/1.0\",\"parameters\":[{\"id\":\"3dffc9fc-e511-4ce5-9526-8f18c19df622\",\"version\":\"KqlParameterItem/1.0\",\"name\":\"TopUsersBy\",\"label\":\"Top Users By\",\"type\":2,\"typeSettings\":{\"showDefault\":false},\"jsonData\":\"[ { \\\"value\\\": \\\"actingUserId\\\", \\\"label\\\": \\\"User ID\\\", \\\"selected\\\": false }, { \\\"value\\\": \\\"actingUserEmail\\\", \\\"label\\\": \\\"User Email\\\", \\\"selected\\\": true }, { \\\"value\\\": \\\"actingUserName\\\", \\\"label\\\": \\\"User Name\\\", \\\"selected\\\": false } ]\",\"timeContext\":{\"durationMs\":86400000}}],\"style\":\"pills\",\"queryType\":0,\"resourceType\":\"microsoft.operationalinsights/workspaces\"},\"name\":\"parameters - 5\"},{\"type\":3,\"content\":{\"version\":\"KqlItem/1.0\",\"query\":\"BitwardenEventLogs | where eventType >= 1100 and eventType < 1200 | where actingUserId != \\\"\\\" and {TopUsersBy} != \\\"\\\" | summarize userCount = count() by {TopUsersBy}\",\"size\":1,\"showAnalytics\":true,\"title\":\"Top Vault Item Event Users\",\"timeContextFromParameter\":\"Time\",\"showExportToExcel\":true,\"queryType\":0,\"resourceType\":\"microsoft.operationalinsights/workspaces\",\"visualization\":\"barchart\",\"tileSettings\":{\"showBorder\":false,\"titleContent\":{\"columnMatch\":\"eventTypeName\",\"formatter\":1},\"leftContent\":{\"columnMatch\":\"eventType\",\"formatter\":12,\"formatOptions\":{\"palette\":\"auto\"},\"numberFormat\":{\"unit\":17,\"options\":{\"maximumSignificantDigits\":3,\"maximumFractionDigits\":2}}}},\"graphSettings\":{\"type\":0,\"topContent\":{\"columnMatch\":\"eventTypeName\",\"formatter\":1},\"centerContent\":{\"columnMatch\":\"eventType\",\"formatter\":1,\"numberFormat\":{\"unit\":17,\"options\":{\"maximumSignificantDigits\":3,\"maximumFractionDigits\":2}}}}},\"customWidth\":\"50\",\"showPin\":true,\"name\":\"query - 1 - Copy - Copy\"},{\"type\":3,\"content\":{\"version\":\"KqlItem/1.0\",\"query\":\"BitwardenEventLogs | where eventType >= 1100 and eventType < 1200\",\"size\":3,\"title\":\"Latest Vault Item Events\",\"timeContextFromParameter\":\"Time\",\"queryType\":0,\"resourceType\":\"microsoft.operationalinsights/workspaces\",\"gridSettings\":{\"formatters\":[{\"columnMatch\":\"TimeGenerated\",\"formatter\":6},{\"columnMatch\":\"ipAddress\",\"formatter\":17}]}},\"name\":\"query - 6\"}],\"styleSettings\":{\"spacingStyle\":\"none\"},\"fromTemplateId\":\"sentinel-BitwardenEventLogsVaultItems\",\"$schema\":\"https://github.com/Microsoft/Application-Insights-Workbooks/blob/master/schema/workbook.json\"}\n",
                "version": "1.0",
                "sourceId": "[variables('workspaceResourceId')]",
                "category": "sentinel"
              }
            },
            {
              "type": "Microsoft.OperationalInsights/workspaces/providers/metadata",
              "apiVersion": "2022-01-01-preview",
              "name": "[concat(parameters('workspace'),'/Microsoft.SecurityInsights/',concat('Workbook-', last(split(variables('workbookId3'),'/'))))]",
              "properties": {
                "description": "@{workbookKey=BitwardenEventLogsVaultItems; logoFileName=Bitwarden.svg; description=This workbook provides insights on Bitwarden Vault Items Event Logs.; dataConnectorsDependencies=System.Object[]; dataTypesDependencies=System.Object[]; version=1.0.0; title=Bitwarden Vault Items Events; templateRelativePath=BitwardenEventLogsVaultItems.json; subtitle=; provider=Bitwarden}.description",
                "parentId": "[variables('workbookId3')]",
                "contentId": "[variables('_workbookContentId3')]",
                "kind": "Workbook",
                "version": "[variables('workbookVersion3')]",
                "source": {
                  "kind": "Solution",
                  "name": "Bitwarden",
                  "sourceId": "[variables('_solutionId')]"
                },
                "author": {
                  "name": "mzieniuk@bitwarden.com"
                },
                "support": {
                  "name": "Bitwarden Inc",
                  "email": "support@bitwarden.com",
                  "tier": "Partner",
                  "link": "https://bitwarden.com"
                },
                "dependencies": {
                  "operator": "AND",
                  "criteria": [
                    {
                      "contentId": "BitwardenEventLogs_CL",
                      "kind": "DataType"
                    },
                    {
                      "contentId": "BitwardenGroups_CL",
                      "kind": "DataType"
                    },
                    {
                      "contentId": "BitwardenMembers_CL",
                      "kind": "DataType"
                    },
                    {
                      "contentId": "BitwardenEventLogs",
                      "kind": "DataConnector"
                    }
                  ]
                }
              }
            }
          ]
        },
        "packageKind": "Solution",
        "packageVersion": "[variables('_solutionVersion')]",
        "packageName": "[variables('_solutionName')]",
        "packageId": "[variables('_solutionId')]",
        "contentSchemaVersion": "3.0.0",
        "contentId": "[variables('_workbookContentId3')]",
        "contentKind": "Workbook",
        "displayName": "[parameters('workbook3-name')]",
        "contentProductId": "[variables('_workbookcontentProductId3')]",
        "id": "[variables('_workbookcontentProductId3')]",
        "version": "[variables('workbookVersion3')]"
      }
    },
    {
      "type": "Microsoft.OperationalInsights/workspaces/providers/contentTemplates",
      "apiVersion": "2023-04-01-preview",
      "name": "[variables('parserObject1').parserTemplateSpecName1]",
      "location": "[parameters('workspace-location')]",
      "dependsOn": [
        "[extensionResourceId(resourceId('Microsoft.OperationalInsights/workspaces', parameters('workspace')), 'Microsoft.SecurityInsights/contentPackages', variables('_solutionId'))]"
      ],
      "properties": {
        "description": "BitwardenEventLogs Data Parser with template version 3.0.0",
        "mainTemplate": {
          "$schema": "https://schema.management.azure.com/schemas/2019-04-01/deploymentTemplate.json#",
          "contentVersion": "[variables('parserObject1').parserVersion1]",
          "parameters": {},
          "variables": {},
          "resources": [
            {
              "name": "[variables('parserObject1')._parserName1]",
              "apiVersion": "2022-10-01",
              "type": "Microsoft.OperationalInsights/workspaces/savedSearches",
              "location": "[parameters('workspace-location')]",
              "properties": {
                "eTag": "*",
                "displayName": "Bitwarden Event Logs",
                "category": "Microsoft Sentinel Parser",
                "functionAlias": "BitwardenEventLogs",
                "query": "let deviceTypeNames = dynamic({\n    \"0\": \"Android\",\n    \"1\": \"iOS\",\n    \"2\": \"Chrome Extension\",\n    \"3\": \"Firefox Extension\",\n    \"4\": \"Opera Extension\",\n    \"5\": \"Edge Extension\",\n    \"6\": \"Windows Desktop\",\n    \"7\": \"MacOs Desktop\",\n    \"8\": \"Linux Desktop\",\n    \"9\": \"Chrome Browser\",\n    \"10\": \"Firefox Browser\",\n    \"11\": \"Opera Browser\",\n    \"12\": \"Edge Browser\",\n    \"13\": \"IE Browser\",\n    \"14\": \"Unknown Browser\",\n    \"15\": \"Android Amazon\",\n    \"16\": \"UWP\",\n    \"17\": \"Safari Browser\",\n    \"18\": \"Vivaldi Browser\",\n    \"19\": \"Vivaldi Extension\",\n    \"20\": \"Safari Extension\",\n    \"21\": \"SDK\",\n    \"22\": \"Server\",\n    \"23\": \"Windows CLI\",\n    \"24\": \"MacOs CLI\",\n    \"25\": \"Linux CLI\"\n});\nlet eventTypeNames = dynamic({\n  \"1000\": \"User_LoggedIn\",\n  \"1001\": \"User_ChangedPassword\",\n  \"1002\": \"User_Updated2fa\",\n  \"1003\": \"User_Disabled2fa\",\n  \"1004\": \"User_Recovered2fa\",\n  \"1005\": \"User_FailedLogIn\",\n  \"1006\": \"User_FailedLogIn2fa\",\n  \"1007\": \"User_ClientExportedVault\",\n  \"1008\": \"User_UpdatedTempPassword\",\n  \"1009\": \"User_MigratedKeyToKeyConnector\",\n  \"1010\": \"User_RequestedDeviceApproval\",\n  \"1100\": \"Cipher_Created\",\n  \"1101\": \"Cipher_Updated\",\n  \"1102\": \"Cipher_Deleted\",\n  \"1103\": \"Cipher_AttachmentCreated\",\n  \"1104\": \"Cipher_AttachmentDeleted\",\n  \"1105\": \"Cipher_Shared\",\n  \"1106\": \"Cipher_UpdatedCollections\",\n  \"1107\": \"Cipher_ClientViewed\",\n  \"1108\": \"Cipher_ClientToggledPasswordVisible\",\n  \"1109\": \"Cipher_ClientToggledHiddenFieldVisible\",\n  \"1110\": \"Cipher_ClientToggledCardCodeVisible\",\n  \"1111\": \"Cipher_ClientCopiedPassword\",\n  \"1112\": \"Cipher_ClientCopiedHiddenField\",\n  \"1113\": \"Cipher_ClientCopiedCardCode\",\n  \"1114\": \"Cipher_ClientAutofilled\",\n  \"1115\": \"Cipher_SoftDeleted\",\n  \"1116\": \"Cipher_Restored\",\n  \"1117\": \"Cipher_ClientToggledCardNumberVisible\",\n  \"1300\": \"Collection_Created\",\n  \"1301\": \"Collection_Updated\",\n  \"1302\": \"Collection_Deleted\",\n  \"1400\": \"Group_Created\",\n  \"1401\": \"Group_Updated\",\n  \"1402\": \"Group_Deleted\",\n  \"1500\": \"OrganizationUser_Invited\",\n  \"1501\": \"OrganizationUser_Confirmed\",\n  \"1502\": \"OrganizationUser_Updated\",\n  \"1503\": \"OrganizationUser_Removed\",\n  \"1504\": \"OrganizationUser_UpdatedGroups\",\n  \"1505\": \"OrganizationUser_UnlinkedSso\",\n  \"1506\": \"OrganizationUser_ResetPassword_Enroll\",\n  \"1507\": \"OrganizationUser_ResetPassword_Withdraw\",\n  \"1508\": \"OrganizationUser_AdminResetPassword\",\n  \"1509\": \"OrganizationUser_ResetSsoLink\",\n  \"1510\": \"OrganizationUser_FirstSsoLogin\",\n  \"1511\": \"OrganizationUser_Revoked\",\n  \"1512\": \"OrganizationUser_Restored\",\n  \"1513\": \"OrganizationUser_ApprovedAuthRequest\",\n  \"1514\": \"OrganizationUser_RejectedAuthRequest\",\n  \"1600\": \"Organization_Updated\",\n  \"1601\": \"Organization_PurgedVault\",\n  \"1602\": \"Organization_ClientExportedVault\",\n  \"1603\": \"Organization_VaultAccessed\",\n  \"1604\": \"Organization_EnabledSso\",\n  \"1605\": \"Organization_DisabledSso\",\n  \"1606\": \"Organization_EnabledKeyConnector\",\n  \"1607\": \"Organization_DisabledKeyConnector\",\n  \"1608\": \"Organization_SponsorshipsSynced\",\n  \"1609\": \"Organization_CollectionManagement_Updated\",\n  \"1700\": \"Policy_Updated\",\n  \"1800\": \"ProviderUser_Invited\",\n  \"1801\": \"ProviderUser_Confirmed\",\n  \"1802\": \"ProviderUser_Updated\",\n  \"1803\": \"ProviderUser_Removed\",\n  \"1900\": \"ProviderOrganization_Created\",\n  \"1901\": \"ProviderOrganization_Added\",\n  \"1902\": \"ProviderOrganization_Removed\",\n  \"1903\": \"ProviderOrganization_VaultAccessed\",\n  \"2000\": \"OrganizationDomain_Added\",\n  \"2001\": \"OrganizationDomain_Removed\",\n  \"2002\": \"OrganizationDomain_Verified\",\n  \"2003\": \"OrganizationDomain_NotVerified\",\n  \"2100\": \"Secret_Retrieved\"\n});\nBitwardenEventLogs_CL\n| extend deviceName = tostring(deviceTypeNames[tostring(device)])\n| extend eventTypeName = tostring(eventTypeNames[tostring(eventType)])\n| join kind = leftouter (BitwardenMembers_CL \n  | where userId != '' \n  | distinct userId, name, email \n  | project actingUserId2=userId, actingUserName=name, actingUserEmail=email) on $left.actingUserId == $right.actingUserId2\n| project-away actingUserId2\n| join kind = leftouter (BitwardenMembers_CL \n  | distinct memberId, name, email \n  | project memberId2=memberId, memberUserName=name, memberUserEmail=email) on $left.memberId == $right.memberId2\n| project-away memberId2\n| join kind = leftouter (BitwardenGroups_CL \n  | distinct groupId, name \n  | project groupId2=groupId, groupName=name) on $left.groupId == $right.groupId2\n| project-away groupId2\n",
                "functionParameters": "",
                "version": 2,
                "tags": [
                  {
                    "name": "description",
                    "value": ""
                  }
                ]
              }
            },
            {
              "type": "Microsoft.OperationalInsights/workspaces/providers/metadata",
              "apiVersion": "2022-01-01-preview",
              "name": "[concat(parameters('workspace'),'/Microsoft.SecurityInsights/',concat('Parser-', last(split(variables('parserObject1')._parserId1,'/'))))]",
              "dependsOn": [
                "[variables('parserObject1')._parserId1]"
              ],
              "properties": {
                "parentId": "[resourceId('Microsoft.OperationalInsights/workspaces/savedSearches', parameters('workspace'), 'BitwardenEventLogs')]",
                "contentId": "[variables('parserObject1').parserContentId1]",
                "kind": "Parser",
                "version": "[variables('parserObject1').parserVersion1]",
                "source": {
                  "name": "Bitwarden",
                  "kind": "Solution",
                  "sourceId": "[variables('_solutionId')]"
                },
                "author": {
                  "name": "mzieniuk@bitwarden.com"
                },
                "support": {
                  "name": "Bitwarden Inc",
                  "email": "support@bitwarden.com",
                  "tier": "Partner",
                  "link": "https://bitwarden.com"
                }
              }
            }
          ]
        },
        "packageKind": "Solution",
        "packageVersion": "[variables('_solutionVersion')]",
        "packageName": "[variables('_solutionName')]",
        "packageId": "[variables('_solutionId')]",
        "contentSchemaVersion": "3.0.0",
        "contentId": "[variables('parserObject1').parserContentId1]",
        "contentKind": "Parser",
        "displayName": "Bitwarden Event Logs",
        "contentProductId": "[concat(take(variables('_solutionId'),50),'-','pr','-', uniqueString(concat(variables('_solutionId'),'-','Parser','-',variables('parserObject1').parserContentId1,'-', '1.0.0')))]",
        "id": "[concat(take(variables('_solutionId'),50),'-','pr','-', uniqueString(concat(variables('_solutionId'),'-','Parser','-',variables('parserObject1').parserContentId1,'-', '1.0.0')))]",
        "version": "[variables('parserObject1').parserVersion1]"
      }
    },
    {
      "type": "Microsoft.OperationalInsights/workspaces/savedSearches",
      "apiVersion": "2022-10-01",
      "name": "[variables('parserObject1')._parserName1]",
      "location": "[parameters('workspace-location')]",
      "properties": {
        "eTag": "*",
        "displayName": "Bitwarden Event Logs",
        "category": "Microsoft Sentinel Parser",
        "functionAlias": "BitwardenEventLogs",
        "query": "let deviceTypeNames = dynamic({\n    \"0\": \"Android\",\n    \"1\": \"iOS\",\n    \"2\": \"Chrome Extension\",\n    \"3\": \"Firefox Extension\",\n    \"4\": \"Opera Extension\",\n    \"5\": \"Edge Extension\",\n    \"6\": \"Windows Desktop\",\n    \"7\": \"MacOs Desktop\",\n    \"8\": \"Linux Desktop\",\n    \"9\": \"Chrome Browser\",\n    \"10\": \"Firefox Browser\",\n    \"11\": \"Opera Browser\",\n    \"12\": \"Edge Browser\",\n    \"13\": \"IE Browser\",\n    \"14\": \"Unknown Browser\",\n    \"15\": \"Android Amazon\",\n    \"16\": \"UWP\",\n    \"17\": \"Safari Browser\",\n    \"18\": \"Vivaldi Browser\",\n    \"19\": \"Vivaldi Extension\",\n    \"20\": \"Safari Extension\",\n    \"21\": \"SDK\",\n    \"22\": \"Server\",\n    \"23\": \"Windows CLI\",\n    \"24\": \"MacOs CLI\",\n    \"25\": \"Linux CLI\"\n});\nlet eventTypeNames = dynamic({\n  \"1000\": \"User_LoggedIn\",\n  \"1001\": \"User_ChangedPassword\",\n  \"1002\": \"User_Updated2fa\",\n  \"1003\": \"User_Disabled2fa\",\n  \"1004\": \"User_Recovered2fa\",\n  \"1005\": \"User_FailedLogIn\",\n  \"1006\": \"User_FailedLogIn2fa\",\n  \"1007\": \"User_ClientExportedVault\",\n  \"1008\": \"User_UpdatedTempPassword\",\n  \"1009\": \"User_MigratedKeyToKeyConnector\",\n  \"1010\": \"User_RequestedDeviceApproval\",\n  \"1100\": \"Cipher_Created\",\n  \"1101\": \"Cipher_Updated\",\n  \"1102\": \"Cipher_Deleted\",\n  \"1103\": \"Cipher_AttachmentCreated\",\n  \"1104\": \"Cipher_AttachmentDeleted\",\n  \"1105\": \"Cipher_Shared\",\n  \"1106\": \"Cipher_UpdatedCollections\",\n  \"1107\": \"Cipher_ClientViewed\",\n  \"1108\": \"Cipher_ClientToggledPasswordVisible\",\n  \"1109\": \"Cipher_ClientToggledHiddenFieldVisible\",\n  \"1110\": \"Cipher_ClientToggledCardCodeVisible\",\n  \"1111\": \"Cipher_ClientCopiedPassword\",\n  \"1112\": \"Cipher_ClientCopiedHiddenField\",\n  \"1113\": \"Cipher_ClientCopiedCardCode\",\n  \"1114\": \"Cipher_ClientAutofilled\",\n  \"1115\": \"Cipher_SoftDeleted\",\n  \"1116\": \"Cipher_Restored\",\n  \"1117\": \"Cipher_ClientToggledCardNumberVisible\",\n  \"1300\": \"Collection_Created\",\n  \"1301\": \"Collection_Updated\",\n  \"1302\": \"Collection_Deleted\",\n  \"1400\": \"Group_Created\",\n  \"1401\": \"Group_Updated\",\n  \"1402\": \"Group_Deleted\",\n  \"1500\": \"OrganizationUser_Invited\",\n  \"1501\": \"OrganizationUser_Confirmed\",\n  \"1502\": \"OrganizationUser_Updated\",\n  \"1503\": \"OrganizationUser_Removed\",\n  \"1504\": \"OrganizationUser_UpdatedGroups\",\n  \"1505\": \"OrganizationUser_UnlinkedSso\",\n  \"1506\": \"OrganizationUser_ResetPassword_Enroll\",\n  \"1507\": \"OrganizationUser_ResetPassword_Withdraw\",\n  \"1508\": \"OrganizationUser_AdminResetPassword\",\n  \"1509\": \"OrganizationUser_ResetSsoLink\",\n  \"1510\": \"OrganizationUser_FirstSsoLogin\",\n  \"1511\": \"OrganizationUser_Revoked\",\n  \"1512\": \"OrganizationUser_Restored\",\n  \"1513\": \"OrganizationUser_ApprovedAuthRequest\",\n  \"1514\": \"OrganizationUser_RejectedAuthRequest\",\n  \"1600\": \"Organization_Updated\",\n  \"1601\": \"Organization_PurgedVault\",\n  \"1602\": \"Organization_ClientExportedVault\",\n  \"1603\": \"Organization_VaultAccessed\",\n  \"1604\": \"Organization_EnabledSso\",\n  \"1605\": \"Organization_DisabledSso\",\n  \"1606\": \"Organization_EnabledKeyConnector\",\n  \"1607\": \"Organization_DisabledKeyConnector\",\n  \"1608\": \"Organization_SponsorshipsSynced\",\n  \"1609\": \"Organization_CollectionManagement_Updated\",\n  \"1700\": \"Policy_Updated\",\n  \"1800\": \"ProviderUser_Invited\",\n  \"1801\": \"ProviderUser_Confirmed\",\n  \"1802\": \"ProviderUser_Updated\",\n  \"1803\": \"ProviderUser_Removed\",\n  \"1900\": \"ProviderOrganization_Created\",\n  \"1901\": \"ProviderOrganization_Added\",\n  \"1902\": \"ProviderOrganization_Removed\",\n  \"1903\": \"ProviderOrganization_VaultAccessed\",\n  \"2000\": \"OrganizationDomain_Added\",\n  \"2001\": \"OrganizationDomain_Removed\",\n  \"2002\": \"OrganizationDomain_Verified\",\n  \"2003\": \"OrganizationDomain_NotVerified\",\n  \"2100\": \"Secret_Retrieved\"\n});\nBitwardenEventLogs_CL\n| extend deviceName = tostring(deviceTypeNames[tostring(device)])\n| extend eventTypeName = tostring(eventTypeNames[tostring(eventType)])\n| join kind = leftouter (BitwardenMembers_CL \n  | where userId != '' \n  | distinct userId, name, email \n  | project actingUserId2=userId, actingUserName=name, actingUserEmail=email) on $left.actingUserId == $right.actingUserId2\n| project-away actingUserId2\n| join kind = leftouter (BitwardenMembers_CL \n  | distinct memberId, name, email \n  | project memberId2=memberId, memberUserName=name, memberUserEmail=email) on $left.memberId == $right.memberId2\n| project-away memberId2\n| join kind = leftouter (BitwardenGroups_CL \n  | distinct groupId, name \n  | project groupId2=groupId, groupName=name) on $left.groupId == $right.groupId2\n| project-away groupId2\n",
        "functionParameters": "",
        "version": 2,
        "tags": [
          {
            "name": "description",
            "value": ""
          }
        ]
      }
    },
    {
      "type": "Microsoft.OperationalInsights/workspaces/providers/metadata",
      "apiVersion": "2022-01-01-preview",
      "location": "[parameters('workspace-location')]",
      "name": "[concat(parameters('workspace'),'/Microsoft.SecurityInsights/',concat('Parser-', last(split(variables('parserObject1')._parserId1,'/'))))]",
      "dependsOn": [
        "[variables('parserObject1')._parserId1]"
      ],
      "properties": {
        "parentId": "[resourceId('Microsoft.OperationalInsights/workspaces/savedSearches', parameters('workspace'), 'BitwardenEventLogs')]",
        "contentId": "[variables('parserObject1').parserContentId1]",
        "kind": "Parser",
        "version": "[variables('parserObject1').parserVersion1]",
        "source": {
          "kind": "Solution",
          "name": "Bitwarden",
          "sourceId": "[variables('_solutionId')]"
        },
        "author": {
          "name": "mzieniuk@bitwarden.com"
        },
        "support": {
          "name": "Bitwarden Inc",
          "email": "support@bitwarden.com",
          "tier": "Partner",
          "link": "https://bitwarden.com"
        }
      }
    },
    {
      "type": "Microsoft.OperationalInsights/workspaces/providers/contentPackages",
      "apiVersion": "2023-04-01-preview",
      "location": "[parameters('workspace-location')]",
      "properties": {
        "version": "3.0.0",
        "kind": "Solution",
        "contentSchemaVersion": "3.0.0",
        "displayName": "Bitwarden",
        "publisherDisplayName": "Bitwarden Inc",
        "descriptionHtml": "<p><strong>Note:</strong> Please refer to the following before installing the solution:</p>\n<p>• Review the solution <a href=\"https://github.com/Azure/Azure-Sentinel/tree/master/Solutions/Bitwarden/ReleaseNotes.md\">Release Notes</a></p>\n<p>• There may be <a href=\"https://aka.ms/sentinelsolutionsknownissues\">known issues</a> pertaining to this Solution, please refer to them before installing.</p>\n<p>The <a href=\"https://www.bitwarden.com\">Bitwarden</a> Solution for Microsoft Sentinel provides a simple way to ingest Event Logs events from Bitwarden into Microsoft Sentinel.</p>\n<p><strong>Data Connectors:</strong> 1, <strong>Parsers:</strong> 1, <strong>Workbooks:</strong> 3</p>\n<p><a href=\"https://aka.ms/azuresentinel\">Learn more about Microsoft Sentinel</a> | <a href=\"https://aka.ms/azuresentinelsolutionsdoc\">Learn more about Solutions</a></p>\n",
        "contentKind": "Solution",
        "contentProductId": "[variables('_solutioncontentProductId')]",
        "id": "[variables('_solutioncontentProductId')]",
        "icon": "<img src=\"https://raw.githubusercontent.com/Azure/Azure-Sentinel/master/Logos/Bitwarden.svg\" width=\"75px\" height=\"75px\">",
        "contentId": "[variables('_solutionId')]",
        "parentId": "[variables('_solutionId')]",
        "source": {
          "kind": "Solution",
          "name": "Bitwarden",
          "sourceId": "[variables('_solutionId')]"
        },
        "author": {
          "name": "mzieniuk@bitwarden.com"
        },
        "support": {
          "name": "Bitwarden Inc",
          "email": "support@bitwarden.com",
          "tier": "Partner",
          "link": "https://bitwarden.com"
        },
        "dependencies": {
          "operator": "AND",
          "criteria": [
            {
              "kind": "DataConnector",
              "contentId": "[variables('_dataConnectorContentIdConnections1')]",
              "version": "[variables('dataConnectorCCPVersion')]"
            },
            {
              "kind": "Workbook",
              "contentId": "[variables('_workbookContentId1')]",
              "version": "[variables('workbookVersion1')]"
            },
            {
              "kind": "Workbook",
              "contentId": "[variables('_workbookContentId2')]",
              "version": "[variables('workbookVersion2')]"
            },
            {
              "kind": "Workbook",
              "contentId": "[variables('_workbookContentId3')]",
              "version": "[variables('workbookVersion3')]"
            },
            {
              "kind": "Parser",
              "contentId": "[variables('parserObject1').parserContentId1]",
              "version": "[variables('parserObject1').parserVersion1]"
            }
          ]
        },
        "firstPublishDate": "2024-05-12",
        "providers": [
          "Bitwarden"
        ],
        "categories": {
          "domains": [
            "Security - Threat Protection"
          ]
        }
      },
      "name": "[concat(parameters('workspace'),'/Microsoft.SecurityInsights/', variables('_solutionId'))]"
    }
  ],
  "outputs": {}
}
