{
  "$schema": "https://schema.management.azure.com/schemas/2019-04-01/deploymentTemplate.json#",
  "contentVersion": "1.0.0.0",
  "metadata": {
    "author": "Microsoft - support@microsoft.com",
    "comments": "Solution template for Microsoft Purview Information Protection"
  },
  "parameters": {
    "location": {
      "type": "string",
      "minLength": 1,
      "defaultValue": "[resourceGroup().location]",
      "metadata": {
        "description": "Not used, but needed to pass arm-ttk test `Location-Should-Not-Be-Hardcoded`.  We instead use the `workspace-location` which is derived from the LA workspace"
      }
    },
    "workspace-location": {
      "type": "string",
      "defaultValue": "",
      "metadata": {
        "description": "[concat('Region to deploy solution resources -- separate from location selection',parameters('location'))]"
      }
    },
    "workspace": {
      "defaultValue": "",
      "type": "string",
      "metadata": {
        "description": "Workspace name for Log Analytics where Microsoft Sentinel is setup"
      }
    }
  },
  "variables": {
    "email": "support@microsoft.com",
    "_email": "[variables('email')]",
    "_solutionName": "Microsoft Purview Information Protection",
    "_solutionVersion": "3.0.0",
    "solutionId": "azuresentinel.azure-sentinel-solution-mip",
    "_solutionId": "[variables('solutionId')]",
    "uiConfigId1": "MicrosoftPurviewInformationProtection",
    "_uiConfigId1": "[variables('uiConfigId1')]",
    "dataConnectorContentId1": "MicrosoftPurviewInformationProtection",
    "_dataConnectorContentId1": "[variables('dataConnectorContentId1')]",
    "dataConnectorId1": "[extensionResourceId(resourceId('Microsoft.OperationalInsights/workspaces', parameters('workspace')), 'Microsoft.SecurityInsights/dataConnectors', variables('_dataConnectorContentId1'))]",
    "_dataConnectorId1": "[variables('dataConnectorId1')]",
    "dataConnectorTemplateSpecName1": "[concat(parameters('workspace'),'/Microsoft.SecurityInsights/',concat(parameters('workspace'),'-dc-',uniquestring(variables('_dataConnectorContentId1'))))]",
    "dataConnectorVersion1": "1.0.0",
    "_dataConnectorcontentProductId1": "[concat(take(variables('_solutionId'),50),'-','dc','-', uniqueString(concat(variables('_solutionId'),'-','DataConnector','-',variables('_dataConnectorContentId1'),'-', variables('dataConnectorVersion1'))))]",
    "_solutioncontentProductId": "[concat(take(variables('_solutionId'),50),'-','sl','-', uniqueString(concat(variables('_solutionId'),'-','Solution','-',variables('_solutionId'),'-', variables('_solutionVersion'))))]"
  },
  "resources": [
    {
      "type": "Microsoft.OperationalInsights/workspaces/providers/contentTemplates",
      "apiVersion": "2023-04-01-preview",
      "name": "[variables('dataConnectorTemplateSpecName1')]",
      "location": "[parameters('workspace-location')]",
      "dependsOn": [
        "[extensionResourceId(resourceId('Microsoft.OperationalInsights/workspaces', parameters('workspace')), 'Microsoft.SecurityInsights/contentPackages', variables('_solutionId'))]"
      ],
      "properties": {
        "description": "Microsoft Purview Information Protection data connector with template version 3.0.0",
        "mainTemplate": {
          "$schema": "https://schema.management.azure.com/schemas/2019-04-01/deploymentTemplate.json#",
          "contentVersion": "[variables('dataConnectorVersion1')]",
          "parameters": {},
          "variables": {},
          "resources": [
            {
              "name": "[concat(parameters('workspace'),'/Microsoft.SecurityInsights/',variables('_dataConnectorContentId1'))]",
              "apiVersion": "2021-03-01-preview",
              "type": "Microsoft.OperationalInsights/workspaces/providers/dataConnectors",
              "location": "[parameters('workspace-location')]",
              "kind": "StaticUI",
              "properties": {
                "connectorUiConfig": {
                  "id": "[variables('_uiConfigId1')]",
                  "title": "Microsoft Purview Information Protection",
                  "publisher": "Microsoft",
                  "descriptionMarkdown": "Microsoft Purview Information Protection helps you discover, classify, protect, and govern sensitive information wherever it lives or travels. Using these capabilities enable you to know your data, identify items that are sensitive and gain visibility into how they are being used to better protect your data. Sensitivity labels are the foundational capability that provide protection actions, applying encryption, access restrictions and visual markings.\n    Integrate Microsoft Purview Information Protection logs with Microsoft Sentinel to view dashboards, create custom alerts and improve investigation. For more information, see the [Microsoft Sentinel documentation](https://go.microsoft.com/fwlink/p/?linkid=2223811&wt.mc_id=sentinel_dataconnectordocs_content_cnl_csasci).",
                  "graphQueries": [
                    {
                      "metricName": "Total data received",
                      "legend": "Microsoft Purview Information Protection",
                      "baseQuery": "MicrosoftPurviewInformationProtection"
                    }
                  ],
                  "connectivityCriterias": [
                    {
                      "type": "SentinelKinds",
                      "value": [
                        "MicrosoftPurviewInformationProtection"
                      ]
                    }
                  ],
                  "dataTypes": [
                    {
                      "name": "MicrosoftPurviewInformationProtection",
                      "lastDataReceivedQuery": "MicrosoftPurviewInformationProtection\n            | summarize Time = max(TimeGenerated)\n            | where isnotempty(Time)"
                    }
                  ]
                }
              }
            },
            {
              "type": "Microsoft.OperationalInsights/workspaces/providers/metadata",
              "apiVersion": "2023-04-01-preview",
              "name": "[concat(parameters('workspace'),'/Microsoft.SecurityInsights/',concat('DataConnector-', last(split(variables('_dataConnectorId1'),'/'))))]",
              "properties": {
                "parentId": "[extensionResourceId(resourceId('Microsoft.OperationalInsights/workspaces', parameters('workspace')), 'Microsoft.SecurityInsights/dataConnectors', variables('_dataConnectorContentId1'))]",
                "contentId": "[variables('_dataConnectorContentId1')]",
                "kind": "DataConnector",
                "version": "[variables('dataConnectorVersion1')]",
                "source": {
                  "kind": "Solution",
                  "name": "Microsoft Purview Information Protection",
                  "sourceId": "[variables('_solutionId')]"
                },
                "author": {
                  "name": "Microsoft",
                  "email": "[variables('_email')]"
                },
                "support": {
                  "name": "Microsoft Corporation",
                  "email": "support@microsoft.com",
                  "tier": "Microsoft",
                  "link": "https://support.microsoft.com"
                }
              }
            }
          ]
        },
        "packageKind": "Solution",
        "packageVersion": "[variables('_solutionVersion')]",
        "packageName": "[variables('_solutionName')]",
        "packageId": "[variables('_solutionId')]",
        "contentSchemaVersion": "3.0.0",
        "contentId": "[variables('_dataConnectorContentId1')]",
        "contentKind": "DataConnector",
        "displayName": "Microsoft Purview Information Protection",
        "contentProductId": "[variables('_dataConnectorcontentProductId1')]",
        "id": "[variables('_dataConnectorcontentProductId1')]",
        "version": "[variables('dataConnectorVersion1')]"
      }
    },
    {
      "type": "Microsoft.OperationalInsights/workspaces/providers/metadata",
      "apiVersion": "2023-04-01-preview",
      "name": "[concat(parameters('workspace'),'/Microsoft.SecurityInsights/',concat('DataConnector-', last(split(variables('_dataConnectorId1'),'/'))))]",
      "dependsOn": [
        "[variables('_dataConnectorId1')]"
      ],
      "location": "[parameters('workspace-location')]",
      "properties": {
        "parentId": "[extensionResourceId(resourceId('Microsoft.OperationalInsights/workspaces', parameters('workspace')), 'Microsoft.SecurityInsights/dataConnectors', variables('_dataConnectorContentId1'))]",
        "contentId": "[variables('_dataConnectorContentId1')]",
        "kind": "DataConnector",
        "version": "[variables('dataConnectorVersion1')]",
        "source": {
          "kind": "Solution",
          "name": "Microsoft Purview Information Protection",
          "sourceId": "[variables('_solutionId')]"
        },
        "author": {
          "name": "Microsoft",
          "email": "[variables('_email')]"
        },
        "support": {
          "name": "Microsoft Corporation",
          "email": "support@microsoft.com",
          "tier": "Microsoft",
          "link": "https://support.microsoft.com"
        }
      }
    },
    {
      "name": "[concat(parameters('workspace'),'/Microsoft.SecurityInsights/',variables('_dataConnectorContentId1'))]",
      "apiVersion": "2021-03-01-preview",
      "type": "Microsoft.OperationalInsights/workspaces/providers/dataConnectors",
      "location": "[parameters('workspace-location')]",
      "kind": "StaticUI",
      "properties": {
        "connectorUiConfig": {
          "title": "Microsoft Purview Information Protection",
          "publisher": "Microsoft",
          "descriptionMarkdown": "Microsoft Purview Information Protection helps you discover, classify, protect, and govern sensitive information wherever it lives or travels. Using these capabilities enable you to know your data, identify items that are sensitive and gain visibility into how they are being used to better protect your data. Sensitivity labels are the foundational capability that provide protection actions, applying encryption, access restrictions and visual markings.\n    Integrate Microsoft Purview Information Protection logs with Microsoft Sentinel to view dashboards, create custom alerts and improve investigation. For more information, see the [Microsoft Sentinel documentation](https://go.microsoft.com/fwlink/p/?linkid=2223811&wt.mc_id=sentinel_dataconnectordocs_content_cnl_csasci).",
          "graphQueries": [
            {
              "metricName": "Total data received",
              "legend": "Microsoft Purview Information Protection",
              "baseQuery": "MicrosoftPurviewInformationProtection"
            }
          ],
          "dataTypes": [
            {
              "name": "MicrosoftPurviewInformationProtection",
              "lastDataReceivedQuery": "MicrosoftPurviewInformationProtection\n            | summarize Time = max(TimeGenerated)\n            | where isnotempty(Time)"
            }
          ],
          "connectivityCriterias": [
            {
              "type": "SentinelKinds",
              "value": [
                "MicrosoftPurviewInformationProtection"
              ]
            }
          ],
          "id": "[variables('_uiConfigId1')]"
        }
      }
    },
    {
      "type": "Microsoft.OperationalInsights/workspaces/providers/contentPackages",
      "apiVersion": "2023-04-01-preview",
      "location": "[parameters('workspace-location')]",
      "properties": {
        "version": "3.0.0",
        "kind": "Solution",
        "contentSchemaVersion": "3.0.0",
        "displayName": "Microsoft Purview Information Protection",
        "publisherDisplayName": "Microsoft Sentinel, Microsoft Corporation",
        "descriptionHtml": "<p><strong>Note:</strong> Please refer to the following before installing the solution:</p>\n<p>• Review the solution <a href=\"https://github.com/Azure/Azure-Sentinel/tree/master/Solutions/Microsoft%20Purview%20Information%20Protection/ReleaseNotes.md\">Release Notes</a></p>\n<p>• There may be <a href=\"https://aka.ms/sentinelsolutionsknownissues\">known issues</a> pertaining to this Solution, please refer to them before installing.</p>\n<p>The <a href=\"https://learn.microsoft.com/microsoft-365/compliance/information-protection\">Microsoft Information Protection</a> Solution for Microsoft Sentinel integrates Microsoft Purview Information Protection logs for security monitoring in Microsoft Sentinel. Customers can stream auditing events generated from Microsoft Purview Information Protection unified labeling clients and scanners and emitted to M365 audit log for central reporting in Sentinel.</p>\n<p><strong>Data Connectors:</strong> 1</p>\n<p><a href=\"https://aka.ms/azuresentinel\">Learn more about Microsoft Sentinel</a> | <a href=\"https://aka.ms/azuresentinelsolutionsdoc\">Learn more about Solutions</a></p>\n",
        "contentKind": "Solution",
        "contentProductId": "[variables('_solutioncontentProductId')]",
        "id": "[variables('_solutioncontentProductId')]",
        "icon": "<img src=\"https://raw.githubusercontent.com/Azure/Azure-Sentinel/master/Logos/Azure_Sentinel.svg\" width=\"75px\" height=\"75px\">",
        "contentId": "[variables('_solutionId')]",
        "parentId": "[variables('_solutionId')]",
        "source": {
          "kind": "Solution",
          "name": "Microsoft Purview Information Protection",
          "sourceId": "[variables('_solutionId')]"
        },
        "author": {
          "name": "Microsoft",
          "email": "[variables('_email')]"
        },
        "support": {
          "name": "Microsoft Corporation",
          "email": "support@microsoft.com",
          "tier": "Microsoft",
          "link": "https://support.microsoft.com"
        },
        "dependencies": {
          "operator": "AND",
          "criteria": [
            {
              "kind": "DataConnector",
              "contentId": "[variables('_dataConnectorContentId1')]",
              "version": "[variables('dataConnectorVersion1')]"
            }
          ]
        },
        "firstPublishDate": "2023-01-06",
        "providers": [
          "Microsoft"
        ],
        "categories": {
          "domains": [
            "Cloud Provider"
          ]
        }
      },
      "name": "[concat(parameters('workspace'),'/Microsoft.SecurityInsights/', variables('_solutionId'))]"
    }
  ],
  "outputs": {}
}
