{
  "$schema": "https://schema.management.azure.com/schemas/2019-04-01/deploymentTemplate.json#",
  "contentVersion": "1.0.0.0",
  "metadata": {
    "author": "Microsoft - support@microsoft.com",
    "comments": "Solution template for Google Cloud Platform VPC Flow Logs"
  },
  "parameters": {
    "location": {
      "type": "string",
      "minLength": 1,
      "defaultValue": "[resourceGroup().location]",
      "metadata": {
        "description": "Not used, but needed to pass arm-ttk test `Location-Should-Not-Be-Hardcoded`.  We instead use the `workspace-location` which is derived from the LA workspace"
      }
    },
    "workspace-location": {
      "type": "string",
      "defaultValue": "",
      "metadata": {
        "description": "[concat('Region to deploy solution resources -- separate from location selection',parameters('location'))]"
      }
    },
    "workspace": {
      "defaultValue": "",
      "type": "string",
      "metadata": {
        "description": "Workspace name for Log Analytics where Microsoft Sentinel is setup"
      }
    },
    "resourceGroupName": {
      "type": "string",
      "defaultValue": "[resourceGroup().name]",
      "metadata": {
        "description": "resource group name where Microsoft Sentinel is setup"
      }
    },
    "subscription": {
      "type": "string",
      "defaultValue": "[last(split(subscription().id, '/'))]",
      "metadata": {
        "description": "subscription id where Microsoft Sentinel is setup"
      }
    }
  },
  "variables": {
    "email": "support@microsoft.com",
    "_email": "[variables('email')]",
    "_solutionName": "Google Cloud Platform VPC Flow Logs",
    "_solutionVersion": "3.0.0",
    "solutionId": "azuresentinel.azure-sentinel-solution-gcpvpcflowlogs-api",
    "_solutionId": "[variables('solutionId')]",
    "workspaceResourceId": "[resourceId('microsoft.OperationalInsights/Workspaces', parameters('workspace'))]",
    "dataConnectorCCPVersion": "1.0.0",
    "_dataConnectorContentIdConnectorDefinition1": "GCPVPCFlowLogsCCPDefinition",
    "dataConnectorTemplateNameConnectorDefinition1": "[concat(parameters('workspace'),'-dc-',uniquestring(variables('_dataConnectorContentIdConnectorDefinition1')))]",
    "_dataConnectorContentIdConnections1": "GCPVPCFlowLogsCCPDefinitionConnections",
    "dataConnectorTemplateNameConnections1": "[concat(parameters('workspace'),'-dc-',uniquestring(variables('_dataConnectorContentIdConnections1')))]",
    "dataCollectionEndpointId1": "[concat('/subscriptions/',parameters('subscription'),'/resourceGroups/',parameters('resourceGroupName'),'/providers/Microsoft.Insights/dataCollectionEndpoints/',parameters('workspace'))]",
    "blanks": "[replace('b', 'b', '')]",
    "_solutioncontentProductId": "[concat(take(variables('_solutionId'),50),'-','sl','-', uniqueString(concat(variables('_solutionId'),'-','Solution','-',variables('_solutionId'),'-', variables('_solutionVersion'))))]"
  },
  "resources": [
    {
      "type": "Microsoft.OperationalInsights/workspaces/providers/contentTemplates",
      "apiVersion": "2023-04-01-preview",
      "name": "[concat(parameters('workspace'),'/Microsoft.SecurityInsights/', variables('dataConnectorTemplateNameConnectorDefinition1'), variables('dataConnectorCCPVersion'))]",
      "location": "[parameters('workspace-location')]",
      "dependsOn": [
        "[extensionResourceId(resourceId('Microsoft.OperationalInsights/workspaces', parameters('workspace')), 'Microsoft.SecurityInsights/contentPackages', variables('_solutionId'))]"
      ],
      "properties": {
        "contentId": "[variables('_dataConnectorContentIdConnectorDefinition1')]",
        "displayName": "GCP Pub/Sub VPC Flow Logs",
        "contentKind": "DataConnector",
        "mainTemplate": {
          "$schema": "https://schema.management.azure.com/schemas/2019-04-01/deploymentTemplate.json#",
          "contentVersion": "[variables('dataConnectorCCPVersion')]",
          "parameters": {},
          "variables": {},
          "resources": [
            {
              "name": "[concat(parameters('workspace'),'/Microsoft.SecurityInsights/',variables('_dataConnectorContentIdConnectorDefinition1'))]",
              "apiVersion": "2022-09-01-preview",
              "type": "Microsoft.OperationalInsights/workspaces/providers/dataConnectorDefinitions",
              "location": "[parameters('workspace-location')]",
              "kind": "Customizable",
              "properties": {
                "connectorUiConfig": {
                  "id": "GCPVPCFlowLogsCCPDefinition",
                  "title": "GCP Pub/Sub VPC Flow Logs",
                  "publisher": "Microsoft",
                  "descriptionMarkdown": "The Google Cloud Platform (GCP) VPC Flow Logs enable you to capture network traffic activity at the VPC level, allowing you to monitor access patterns, analyze network performance, and detect potential threats across GCP resources.",
                  "graphQueriesTableName": "GCPVPCFlowLogsV2_CL",
                  "graphQueries": [
                    {
                      "metricName": "Total events received",
                      "legend": "GCP Pub/Sub VPC Flow Logs",
                      "baseQuery": "{{graphQueriesTableName}}"
                    }
                  ],
                  "sampleQueries": [
                    {
                      "description": "Get Sample of GCP VPC Flow Logs",
                      "query": "{{graphQueriesTableName}}\n | take 10"
                    }
                  ],
                  "dataTypes": [
                    {
                      "name": "{{graphQueriesTableName}}",
                      "lastDataReceivedQuery": "{{graphQueriesTableName}}\n | where TimeGenerated > ago(12h) | summarize Time = max(TimeGenerated)\n | where isnotempty(Time)"
                    }
                  ],
                  "availability": {
                    "status": 1,
                    "isPreview": false
                  },
                  "connectivityCriteria": [
                    {
                      "type": "HasDataConnectors"
                    }
                  ],
                  "permissions": {
                    "resourceProvider": [
                      {
                        "provider": "Microsoft.OperationalInsights/workspaces",
                        "permissionsDisplayText": "Read and Write permissions are required.",
                        "providerDisplayName": "Workspace",
                        "scope": "Workspace",
                        "requiredPermissions": {
                          "read": true,
                          "write": true,
                          "delete": true,
                          "action": false
                        }
                      }
                    ]
                  },
                  "instructionSteps": [
                    {
                      "instructions": [
                        {
                          "type": "MarkdownControlEnvBased",
                          "parameters": {
                            "prodScript": "#### 1. Set up your GCP environment \n You must have the following GCP resources defined and configured: topic, subscription for the topic, workload identity pool, workload identity provider, and service account with permissions to get and consume from the subscription. \n To configure this data connector, execute the following Terraform scripts:\n 1. Setup Required Resources: [Configuration Guide](https://github.com/manishkumar1991/MonitorYourInfraHealth/blob/main/DataConnectors/GCP/Terraform/sentinel_resources_creation/GCPVPCFlowLogsSetup/readme.md)\n 2. Setup Authentication: [Authentication tutorial](https://learn.microsoft.com/en-us/azure/sentinel/connect-google-cloud-platform?tabs=terraform%2Cauditlogs#gcp-authentication-setup). Note: If Authentication is already setup using another GCP data connector , kindly skip this step and use the existing service account and workload identity pool.",
                            "govScript": "#### 1. Set up your GCP environment \n You must have the following GCP resources defined and configured: topic, subscription for the topic, workload identity pool, workload identity provider, and service account with permissions to get and consume from the subscription. \n To configure this data connector, execute the following Terraform scripts:\n 1. Setup Required Resources: [Configuration Guide](https://github.com/manishkumar1991/MonitorYourInfraHealth/blob/main/DataConnectors/GCP/Terraform/sentinel_resources_creation/GCPVPCFlowLogsSetup/readme.md)\n 2. Setup Authentication: [Authentication tutorial](https://learn.microsoft.com/en-us/azure/sentinel/connect-google-cloud-platform?tabs=terraform%2Cauditlogs#gcp-authentication-setup). Note: If Authentication is already setup using another GCP data connector , kindly skip this step and use the existing service account and workload identity pool."
                          }
                        },
                        {
                          "type": "CopyableLabel",
                          "parameters": {
                            "label": "Tenant ID: A unique identifier that is used as an input in the Terraform configuration within a GCP environment.",
                            "fillWith": [
                              "TenantId"
                            ],
                            "name": "TenantId",
                            "disabled": true
                          }
                        },
                        {
                          "type": "Markdown",
                          "parameters": {
                            "content": "#### 2. Enable VPC Flow Logs \nIn your GCP account, navigate to the VPC network section. Select the subnet you want to monitor and enable Flow Logs under the Logging section.\n\nFor more information: [Google Cloud Documentation](https://cloud.google.com/vpc/docs/using-flow-logs)"
                          }
                        },
                        {
                          "type": "Markdown",
                          "parameters": {
                            "content": "#### 3. Connect new collectors \n To enable GCP VPC Flow Logs for Microsoft Sentinel, click the Add new collector button, fill in the required information in the context pane, and click Connect."
                          }
                        },
                        {
                          "type": "GCPGrid",
                          "parameters": {}
                        },
                        {
                          "type": "GCPContextPane",
                          "parameters": {}
                        }
                      ]
                    }
                  ]
                }
              }
            },
            {
              "name": "[concat(parameters('workspace'),'/Microsoft.SecurityInsights/',concat('DataConnector-', variables('_dataConnectorContentIdConnectorDefinition1')))]",
              "apiVersion": "2022-01-01-preview",
              "type": "Microsoft.OperationalInsights/workspaces/providers/metadata",
              "properties": {
                "parentId": "[extensionResourceId(resourceId('Microsoft.OperationalInsights/workspaces', parameters('workspace')), 'Microsoft.SecurityInsights/dataConnectorDefinitions', variables('_dataConnectorContentIdConnectorDefinition1'))]",
                "contentId": "[variables('_dataConnectorContentIdConnectorDefinition1')]",
                "kind": "DataConnector",
                "version": "[variables('dataConnectorCCPVersion')]",
                "source": {
                  "sourceId": "[variables('_solutionId')]",
                  "name": "[variables('_solutionName')]",
                  "kind": "Solution"
                },
                "author": {
                  "name": "Microsoft",
                  "email": "[variables('_email')]"
                },
                "support": {
                  "name": "Microsoft Corporation",
                  "email": "support@microsoft.com",
                  "tier": "Microsoft",
                  "link": "https://support.microsoft.com"
                },
                "dependencies": {
                  "criteria": [
                    {
                      "version": "[variables('dataConnectorCCPVersion')]",
                      "contentId": "[variables('_dataConnectorContentIdConnections1')]",
                      "kind": "ResourcesDataConnector"
                    }
                  ]
                }
              }
            },
            {
              "name": "GCPFlowDCR",
              "apiVersion": "2022-06-01",
              "type": "Microsoft.Insights/dataCollectionRules",
              "location": "[parameters('workspace-location')]",
              "kind": "[variables('blanks')]",
              "properties": {
                "dataCollectionEndpointId": "[variables('dataCollectionEndpointId1')]",
                "streamDeclarations": {
                  "Custom-GCPFlowLogs": {
                    "columns": [
                      {
                        "name": "insertId",
                        "type": "string"
                      },
                      {
                        "name": "logName",
                        "type": "string"
                      },
                      {
                        "name": "jsonPayload",
                        "type": "dynamic"
                      },
                      {
                        "name": "receiveTimestamp",
                        "type": "datetime"
                      },
                      {
                        "name": "resource",
                        "type": "dynamic"
                      },
                      {
                        "name": "timestamp",
                        "type": "datetime"
                      }
                    ]
                  }
                },
                "destinations": {
                  "logAnalytics": [
                    {
                      "workspaceResourceId": "[variables('workspaceResourceId')]",
                      "name": "clv2ws1"
                    }
                  ]
                },
                "dataFlows": [
                  {
                    "streams": [
                      "Custom-GCPFlowLogs"
                    ],
                    "destinations": [
                      "clv2ws1"
                    ],
                    "transformKql": "source |extend TimeGenerated = timestamp, InsertId = tostring(insertId), BytesSent = tostring(jsonPayload['bytes_sent']), PacketsSent = tostring(jsonPayload['packets_sent']), Reporter = tostring(jsonPayload['reporter']), Rttmsec = tostring(jsonPayload['rtt_msec']), StartTime = todatetime(jsonPayload['start_time']), EndTime = todatetime(jsonPayload['end_time']), LogName = tostring(logName), ReceiveTimestamp = todatetime(receiveTimestamp), Timestamp = todatetime(timestamp), Location = tostring(resource.labels['location']), ProjectId = tostring(resource.labels['project_id']), SubnetworkId = tostring(resource.labels['subnetwork_id']), SubnetworkName = tostring(resource.labels['subnetwork_name']), ResourceType = tostring(resource['type']), DestIp = tostring(jsonPayload.connection['dest_ip']), DestPort = tostring(jsonPayload.connection['dest_port']), Protocol = tostring(jsonPayload.connection['protocol']), SrcIp = tostring(jsonPayload.connection['src_ip']), SrcPort = tostring(jsonPayload.connection['src_port']), DestInstanceProjectId = tostring(jsonPayload.dest_instance['project_id']), DestInstanceRegion = tostring(jsonPayload.dest_instance['region']), DestInstanceVmName = tostring(jsonPayload.dest_instance['vm_name']), DestInstanceZone = tostring(jsonPayload.dest_instance['zone']), DestInstanceGroupName = tostring(jsonPayload.dest_instance.managed_instance_group['name']), DestInstanceGroupZone = tostring(jsonPayload.dest_instance.managed_instance_group['zone']), DestInstanceGroupRegion = tostring(jsonPayload.dest_instance.managed_instance_group['region']), DestVpcProjectId = tostring(jsonPayload.dest_vpc['project_id']), DestVpcSubnetworkName = tostring(jsonPayload.dest_vpc['subnetwork_name']), DestVpcSubnetworkRegion = tostring(jsonPayload.dest_vpc['subnetwork_region']), DestVpcName = tostring(jsonPayload.dest_vpc['vpc_name']), NetworkServiceDscp = tostring(jsonPayload.network_service['dscp']), SrcInstanceProjectId = tostring(jsonPayload.src_instance['project_id']), SrcInstanceRegion = tostring(jsonPayload.src_instance['region']), SrcInstanceVmName = tostring(jsonPayload.src_instance['vm_name']), SrcInstanceZone = tostring(jsonPayload.src_instance['zone']), SrcInstanceGroupName = tostring(jsonPayload.src_instance.managed_instance_group['name']), SrcInstanceGroupZone = tostring(jsonPayload.src_instance.managed_instance_group['zone']), SrcInstanceGroupRegion = tostring(jsonPayload.src_instance.managed_instance_group['region']), SrcVpcProjectId = tostring(jsonPayload.src_vpc['project_id']), SrcVpcSubnetworkName = tostring(jsonPayload.src_vpc['subnetwork_name']), SrcVpcSubnetworkRegion = tostring(jsonPayload.src_vpc['subnetwork_region']), SrcVpcName = tostring(jsonPayload.src_vpc['vpc_name']), DestGoogleServiceType = tostring(jsonPayload.dest_google_service['type']), SrcGoogleServiceType = tostring(jsonPayload.src_google_service['type']), DestLocationAsn = tostring(jsonPayload.dest_location['asn']), DestLocationContinent = tostring(jsonPayload.dest_location['continent']), DestLocationCity = tostring(jsonPayload.dest_location['city']), DestLocationCountry = tostring(jsonPayload.dest_location['country']), DestLocationRegion = tostring(jsonPayload.dest_location['region']), SrcLocationAsn = tostring(jsonPayload.src_location['asn']), SrcLocationContinent = tostring(jsonPayload.src_location['continent']), SrcLocationCountry = tostring(jsonPayload.src_location['country']), SrcLocationCity = tostring(jsonPayload.src_location['city']), SrcLocationRegion = tostring(jsonPayload.src_location['region']), InternetRoutingDetailsEgressAsn = tostring(jsonPayload.internet_routing_details.egress_as_path[0].as_details[0].asn), LbBackendGroupName = tostring(jsonPayload.load_balancing['backend_group_name']), LbBackendGroupType = tostring(jsonPayload.load_balancing['backend_group_type']), LbForwardingRuleName = tostring(jsonPayload.load_balancing['forwarding_rule_name']), LbForwardingRuleProjectId = tostring(jsonPayload.load_balancing['forwarding_rule_project_id']), LbReporter = tostring(jsonPayload.load_balancing['reporter']), LbScheme = tostring(jsonPayload.load_balancing['scheme']), LbUrlMapName = tostring(jsonPayload.load_balancing['url_map_name']), LbBackendServiceName = tostring(jsonPayload.load_balancing['backend_service_name']), LbType = tostring(jsonPayload.load_balancing['type']), LbBackendGroupLocation = tostring(jsonPayload.load_balancing['backend_group_location']), LbVpc = todynamic(jsonPayload.load_balancing['vpc']), SrcGkeClusterLocation = tostring(jsonPayload.src_gke_details.cluster['cluster_location']), SrcGkeClusterName = tostring(jsonPayload.src_gke_details.cluster['cluster_name']), SrcGkeService = todynamic(jsonPayload.src_gke_details.service), SrcGkePodName = tostring(jsonPayload.src_gke_details.pod['pod_name']), SrcGkePodNamespace = tostring(jsonPayload.src_gke_details.pod['pod_namespace']), SrcGkePodWorkloadName = tostring(jsonPayload.src_gke_details.pod.workload['name']), SrcGkePodWorkloadType = tostring(jsonPayload.src_gke_details.pod.workload['type']), DestGkeClusterLocation = tostring(jsonPayload.dest_gke_details.cluster['cluster_location']), DestGkeClusterName = tostring(jsonPayload.dest_gke_details.cluster['cluster_name']), DestGkeService = todynamic(jsonPayload.dest_gke_details.service), DestGkePodName = tostring(jsonPayload.dest_gke_details.pod['pod_name']), DestGkePodNamespace = tostring(jsonPayload.dest_gke_details.pod['pod_namespace']), DestGkePodWorkloadName = tostring(jsonPayload.dest_gke_details.pod.workload['name']), DestGkePodWorkloadType = tostring(jsonPayload.dest_gke_details.pod.workload['type']), PscAttachmentProjectId = tostring(jsonPayload.psc.psc_attachment['project_id']), PscAttachmentRegion = tostring(jsonPayload.psc.psc_attachment['region']), PscAttachmentVpc = todynamic(jsonPayload.psc.psc_attachment['vpc']), PscEndpointProjectId = tostring(jsonPayload.psc.psc_endpoint['project_id']), PscEndpointConnectionId = tostring(jsonPayload.psc.psc_endpoint['psc_connection_id']), PscEndpointRegion = tostring(jsonPayload.psc.psc_endpoint['region']), PscEndpointTargetServiceType = tostring(jsonPayload.psc.psc_endpoint['target_service_type']), PscEndpointVpc = todynamic(jsonPayload.psc.psc_endpoint['vpc']), SrcGatewayProjectId = tostring(jsonPayload.src_gateway['project_id']), SrcGatewayLocation = tostring(jsonPayload.src_gateway['location']), SrcGatewayName = tostring(jsonPayload.src_gateway['name']), SrcGatewayType = tostring(jsonPayload.src_gateway['type']), SrcGatewayVpc = todynamic(jsonPayload.src_gateway['vpc']), SrcGatewayInterconnectName = tostring(jsonPayload.src_gateway['interconnect_name']), SrcGatewayInterconnectProjectNumber = tostring(jsonPayload.src_gateway['interconnect_project_number']), DestGatewayProjectId = tostring(jsonPayload.dest_gateway['project_id']), DestGatewayLocation = tostring(jsonPayload.dest_gateway['location']), DestGatewayName = tostring(jsonPayload.dest_gateway['name']), DestGatewayType = tostring(jsonPayload.dest_gateway['type']), DestGatewayVpc = todynamic(jsonPayload.dest_gateway['vpc']), DestGatewayInterconnectName = tostring(jsonPayload.dest_gateway['interconnect_name']), DestGatewayInterconnectProjectNumber = tostring(jsonPayload.dest_gateway['interconnect_project_number'])|project-away jsonPayload,resource",
                    "outputStream": "Custom-GCPVPCFlowLogsV2_CL"
                  }
                ]
              }
            },
            {
              "name": "GCPVPCFlowLogsV2_CL",
              "apiVersion": "2022-10-01",
              "type": "Microsoft.OperationalInsights/workspaces/tables",
              "location": "[parameters('workspace-location')]",
              "kind": null,
              "properties": {
                "schema": {
                  "name": "GCPVPCFlowLogsV2_CL",
                  "columns": [
                    {
                      "name": "TimeGenerated",
                      "type": "datetime"
                    },
                    {
                      "name": "InsertId",
                      "type": "string"
                    },
                    {
                      "name": "BytesSent",
                      "type": "string"
                    },
                    {
                      "name": "PacketsSent",
                      "type": "string"
                    },
                    {
                      "name": "Reporter",
                      "type": "string"
                    },
                    {
                      "name": "Rttmsec",
                      "type": "string"
                    },
                    {
                      "name": "StartTime",
                      "type": "datetime"
                    },
                    {
                      "name": "EndTime",
                      "type": "datetime"
                    },
                    {
                      "name": "LogName",
                      "type": "string"
                    },
                    {
                      "name": "ReceiveTimestamp",
                      "type": "datetime"
                    },
                    {
                      "name": "Timestamp",
                      "type": "datetime"
                    },
                    {
                      "name": "Location",
                      "type": "string"
                    },
                    {
                      "name": "ProjectId",
                      "type": "string"
                    },
                    {
                      "name": "SubnetworkId",
                      "type": "string"
                    },
                    {
                      "name": "SubnetworkName",
                      "type": "string"
                    },
                    {
                      "name": "ResourceType",
                      "type": "string"
                    },
                    {
                      "name": "DestIp",
                      "type": "string"
                    },
                    {
                      "name": "DestPort",
                      "type": "string"
                    },
                    {
                      "name": "Protocol",
                      "type": "string"
                    },
                    {
                      "name": "SrcIp",
                      "type": "string"
                    },
                    {
                      "name": "SrcPort",
                      "type": "string"
                    },
                    {
                      "name": "DestInstanceProjectId",
                      "type": "string"
                    },
                    {
                      "name": "DestInstanceRegion",
                      "type": "string"
                    },
                    {
                      "name": "DestInstanceVmName",
                      "type": "string"
                    },
                    {
                      "name": "DestInstanceZone",
                      "type": "string"
                    },
                    {
                      "name": "DestInstanceGroupName",
                      "type": "string"
                    },
                    {
                      "name": "DestInstanceGroupZone",
                      "type": "string"
                    },
                    {
                      "name": "DestInstanceGroupRegion",
                      "type": "string"
                    },
                    {
                      "name": "DestVpcProjectId",
                      "type": "string"
                    },
                    {
                      "name": "DestVpcSubnetworkName",
                      "type": "string"
                    },
                    {
                      "name": "DestVpcSubnetworkRegion",
                      "type": "string"
                    },
                    {
                      "name": "DestVpcName",
                      "type": "string"
                    },
                    {
                      "name": "NetworkServiceDscp",
                      "type": "string"
                    },
                    {
                      "name": "SrcInstanceProjectId",
                      "type": "string"
                    },
                    {
                      "name": "SrcInstanceRegion",
                      "type": "string"
                    },
                    {
                      "name": "SrcInstanceVmName",
                      "type": "string"
                    },
                    {
                      "name": "SrcInstanceZone",
                      "type": "string"
                    },
                    {
                      "name": "SrcInstanceGroupName",
                      "type": "string"
                    },
                    {
                      "name": "SrcInstanceGroupZone",
                      "type": "string"
                    },
                    {
                      "name": "SrcInstanceGroupRegion",
                      "type": "string"
                    },
                    {
                      "name": "SrcVpcProjectId",
                      "type": "string"
                    },
                    {
                      "name": "SrcVpcSubnetworkName",
                      "type": "string"
                    },
                    {
                      "name": "SrcVpcSubnetworkRegion",
                      "type": "string"
                    },
                    {
                      "name": "SrcVpcName",
                      "type": "string"
                    },
                    {
                      "name": "DestGoogleServiceType",
                      "type": "string"
                    },
                    {
                      "name": "SrcGoogleServiceType",
                      "type": "string"
                    },
                    {
                      "name": "DestLocationAsn",
                      "type": "string"
                    },
                    {
                      "name": "DestLocationContinent",
                      "type": "string"
                    },
                    {
                      "name": "DestLocationCity",
                      "type": "string"
                    },
                    {
                      "name": "DestLocationCountry",
                      "type": "string"
                    },
                    {
                      "name": "DestLocationRegion",
                      "type": "string"
                    },
                    {
                      "name": "SrcLocationAsn",
                      "type": "string"
                    },
                    {
                      "name": "SrcLocationContinent",
                      "type": "string"
                    },
                    {
                      "name": "SrcLocationCountry",
                      "type": "string"
                    },
                    {
                      "name": "SrcLocationCity",
                      "type": "string"
                    },
                    {
                      "name": "SrcLocationRegion",
                      "type": "string"
                    },
                    {
                      "name": "InternetRoutingDetailsEgressAsn",
                      "type": "string"
                    },
                    {
                      "name": "LbBackendGroupName",
                      "type": "string"
                    },
                    {
                      "name": "LbBackendGroupType",
                      "type": "string"
                    },
                    {
                      "name": "LbForwardingRuleName",
                      "type": "string"
                    },
                    {
                      "name": "LbForwardingRuleProjectId",
                      "type": "string"
                    },
                    {
                      "name": "LbReporter",
                      "type": "string"
                    },
                    {
                      "name": "LbScheme",
                      "type": "string"
                    },
                    {
                      "name": "LbUrlMapName",
                      "type": "string"
                    },
                    {
                      "name": "LbBackendServiceName",
                      "type": "string"
                    },
                    {
                      "name": "LbType",
                      "type": "string"
                    },
                    {
                      "name": "LbBackendGroupLocation",
                      "type": "string"
                    },
                    {
                      "name": "LbVpc",
                      "type": "dynamic"
                    },
                    {
                      "name": "SrcGkeClusterLocation",
                      "type": "string"
                    },
                    {
                      "name": "SrcGkeClusterName",
                      "type": "string"
                    },
                    {
                      "name": "SrcGkeService",
                      "type": "dynamic"
                    },
                    {
                      "name": "SrcGkePodName",
                      "type": "string"
                    },
                    {
                      "name": "SrcGkePodNamespace",
                      "type": "string"
                    },
                    {
                      "name": "SrcGkePodWorkloadName",
                      "type": "string"
                    },
                    {
                      "name": "SrcGkePodWorkloadType",
                      "type": "string"
                    },
                    {
                      "name": "DestGkeClusterLocation",
                      "type": "string"
                    },
                    {
                      "name": "DestGkeClusterName",
                      "type": "string"
                    },
                    {
                      "name": "DestGkeService",
                      "type": "dynamic"
                    },
                    {
                      "name": "DestGkePodName",
                      "type": "string"
                    },
                    {
                      "name": "DestGkePodNamespace",
                      "type": "string"
                    },
                    {
                      "name": "DestGkePodWorkloadName",
                      "type": "string"
                    },
                    {
                      "name": "DestGkePodWorkloadType",
                      "type": "string"
                    },
                    {
                      "name": "PscAttachmentProjectId",
                      "type": "string"
                    },
                    {
                      "name": "PscAttachmentRegion",
                      "type": "string"
                    },
                    {
                      "name": "PscAttachmentVpc",
                      "type": "dynamic"
                    },
                    {
                      "name": "PscEndpointProjectId",
                      "type": "string"
                    },
                    {
                      "name": "PscEndpointConnectionId",
                      "type": "string"
                    },
                    {
                      "name": "PscEndpointRegion",
                      "type": "string"
                    },
                    {
                      "name": "PscEndpointTargetServiceType",
                      "type": "string"
                    },
                    {
                      "name": "PscEndpointVpc",
                      "type": "dynamic"
                    },
                    {
                      "name": "SrcGatewayProjectId",
                      "type": "string"
                    },
                    {
                      "name": "SrcGatewayLocation",
                      "type": "string"
                    },
                    {
                      "name": "SrcGatewayName",
                      "type": "string"
                    },
                    {
                      "name": "SrcGatewayType",
                      "type": "string"
                    },
                    {
                      "name": "SrcGatewayVpc",
                      "type": "dynamic"
                    },
                    {
                      "name": "SrcGatewayInterconnectName",
                      "type": "string"
                    },
                    {
                      "name": "SrcGatewayInterconnectProjectNumber",
                      "type": "string"
                    },
                    {
                      "name": "DestGatewayProjectId",
                      "type": "string"
                    },
                    {
                      "name": "DestGatewayLocation",
                      "type": "string"
                    },
                    {
                      "name": "DestGatewayName",
                      "type": "string"
                    },
                    {
                      "name": "DestGatewayType",
                      "type": "string"
                    },
                    {
                      "name": "DestGatewayVpc",
                      "type": "dynamic"
                    },
                    {
                      "name": "DestGatewayInterconnectName",
                      "type": "string"
                    },
                    {
                      "name": "DestGatewayInterconnectProjectNumber",
                      "type": "string"
                    }
                  ]
                }
              }
            }
          ]
        },
        "packageKind": "Solution",
        "packageVersion": "[variables('_solutionVersion')]",
        "packageName": "[variables('_solutionName')]",
        "contentProductId": "[concat(take(variables('_solutionId'), 50),'-','dc','-', uniqueString(concat(variables('_solutionId'),'-','DataConnector','-',variables('_dataConnectorContentIdConnectorDefinition1'),'-', variables('dataConnectorCCPVersion'))))]",
        "packageId": "[variables('_solutionId')]",
        "contentSchemaVersion": "3.0.0",
        "version": "[variables('dataConnectorCCPVersion')]"
      }
    },
    {
      "name": "[concat(parameters('workspace'),'/Microsoft.SecurityInsights/',variables('_dataConnectorContentIdConnectorDefinition1'))]",
      "apiVersion": "2022-09-01-preview",
      "type": "Microsoft.OperationalInsights/workspaces/providers/dataConnectorDefinitions",
      "location": "[parameters('workspace-location')]",
      "kind": "Customizable",
      "properties": {
        "connectorUiConfig": {
          "id": "GCPVPCFlowLogsCCPDefinition",
          "title": "GCP Pub/Sub VPC Flow Logs",
          "publisher": "Microsoft",
          "descriptionMarkdown": "The Google Cloud Platform (GCP) VPC Flow Logs enable you to capture network traffic activity at the VPC level, allowing you to monitor access patterns, analyze network performance, and detect potential threats across GCP resources.",
          "graphQueriesTableName": "GCPVPCFlowLogsV2_CL",
          "graphQueries": [
            {
              "metricName": "Total events received",
              "legend": "GCP Pub/Sub VPC Flow Logs",
              "baseQuery": "{{graphQueriesTableName}}"
            }
          ],
          "sampleQueries": [
            {
              "description": "Get Sample of GCP VPC Flow Logs",
              "query": "{{graphQueriesTableName}}\n | take 10"
            }
          ],
          "dataTypes": [
            {
              "name": "{{graphQueriesTableName}}",
              "lastDataReceivedQuery": "{{graphQueriesTableName}}\n | where TimeGenerated > ago(12h) | summarize Time = max(TimeGenerated)\n | where isnotempty(Time)"
            }
          ],
          "availability": {
            "status": 1,
            "isPreview": false
          },
          "connectivityCriteria": [
            {
              "type": "HasDataConnectors"
            }
          ],
          "permissions": {
            "resourceProvider": [
              {
                "provider": "Microsoft.OperationalInsights/workspaces",
                "permissionsDisplayText": "Read and Write permissions are required.",
                "providerDisplayName": "Workspace",
                "scope": "Workspace",
                "requiredPermissions": {
                  "read": true,
                  "write": true,
                  "delete": true,
                  "action": false
                }
              }
            ]
          },
          "instructionSteps": [
            {
              "instructions": [
                {
                  "type": "MarkdownControlEnvBased",
                  "parameters": {
                    "prodScript": "#### 1. Set up your GCP environment \n You must have the following GCP resources defined and configured: topic, subscription for the topic, workload identity pool, workload identity provider, and service account with permissions to get and consume from the subscription. \n To configure this data connector, execute the following Terraform scripts:\n 1. Setup Required Resources: [Configuration Guide](https://github.com/manishkumar1991/MonitorYourInfraHealth/blob/main/DataConnectors/GCP/Terraform/sentinel_resources_creation/GCPVPCFlowLogsSetup/readme.md)\n 2. Setup Authentication: [Authentication tutorial](https://learn.microsoft.com/en-us/azure/sentinel/connect-google-cloud-platform?tabs=terraform%2Cauditlogs#gcp-authentication-setup). Note: If Authentication is already setup using another GCP data connector , kindly skip this step and use the existing service account and workload identity pool.",
                    "govScript": "#### 1. Set up your GCP environment \n You must have the following GCP resources defined and configured: topic, subscription for the topic, workload identity pool, workload identity provider, and service account with permissions to get and consume from the subscription. \n To configure this data connector, execute the following Terraform scripts:\n 1. Setup Required Resources: [Configuration Guide](https://github.com/manishkumar1991/MonitorYourInfraHealth/blob/main/DataConnectors/GCP/Terraform/sentinel_resources_creation/GCPVPCFlowLogsSetup/readme.md)\n 2. Setup Authentication: [Authentication tutorial](https://learn.microsoft.com/en-us/azure/sentinel/connect-google-cloud-platform?tabs=terraform%2Cauditlogs#gcp-authentication-setup). Note: If Authentication is already setup using another GCP data connector , kindly skip this step and use the existing service account and workload identity pool."
                  }
                },
                {
                  "type": "CopyableLabel",
                  "parameters": {
                    "label": "Tenant ID: A unique identifier that is used as an input in the Terraform configuration within a GCP environment.",
                    "fillWith": [
                      "TenantId"
                    ],
                    "name": "TenantId",
                    "disabled": true
                  }
                },
                {
                  "type": "Markdown",
                  "parameters": {
                    "content": "#### 2. Enable VPC Flow Logs \nIn your GCP account, navigate to the VPC network section. Select the subnet you want to monitor and enable Flow Logs under the Logging section.\n\nFor more information: [Google Cloud Documentation](https://cloud.google.com/vpc/docs/using-flow-logs)"
                  }
                },
                {
                  "type": "Markdown",
                  "parameters": {
                    "content": "#### 3. Connect new collectors \n To enable GCP VPC Flow Logs for Microsoft Sentinel, click the Add new collector button, fill in the required information in the context pane, and click Connect."
                  }
                },
                {
                  "type": "GCPGrid",
                  "parameters": {}
                },
                {
                  "type": "GCPContextPane",
                  "parameters": {}
                }
              ]
            }
          ]
        }
      }
    },
    {
      "name": "[concat(parameters('workspace'),'/Microsoft.SecurityInsights/',concat('DataConnector-', variables('_dataConnectorContentIdConnectorDefinition1')))]",
      "apiVersion": "2022-01-01-preview",
      "type": "Microsoft.OperationalInsights/workspaces/providers/metadata",
      "properties": {
        "parentId": "[extensionResourceId(resourceId('Microsoft.OperationalInsights/workspaces', parameters('workspace')), 'Microsoft.SecurityInsights/dataConnectorDefinitions', variables('_dataConnectorContentIdConnectorDefinition1'))]",
        "contentId": "[variables('_dataConnectorContentIdConnectorDefinition1')]",
        "kind": "DataConnector",
        "version": "[variables('dataConnectorCCPVersion')]",
        "source": {
          "sourceId": "[variables('_solutionId')]",
          "name": "[variables('_solutionName')]",
          "kind": "Solution"
        },
        "author": {
          "name": "Microsoft",
          "email": "[variables('_email')]"
        },
        "support": {
          "name": "Microsoft Corporation",
          "email": "support@microsoft.com",
          "tier": "Microsoft",
          "link": "https://support.microsoft.com"
        },
        "dependencies": {
          "criteria": [
            {
              "version": "[variables('dataConnectorCCPVersion')]",
              "contentId": "[variables('_dataConnectorContentIdConnections1')]",
              "kind": "ResourcesDataConnector"
            }
          ]
        }
      }
    },
    {
      "type": "Microsoft.OperationalInsights/workspaces/providers/contentTemplates",
      "apiVersion": "2023-04-01-preview",
      "name": "[concat(parameters('workspace'),'/Microsoft.SecurityInsights/', variables('dataConnectorTemplateNameConnections1'), variables('dataConnectorCCPVersion'))]",
      "location": "[parameters('workspace-location')]",
      "dependsOn": [
        "[extensionResourceId(resourceId('Microsoft.OperationalInsights/workspaces', parameters('workspace')), 'Microsoft.SecurityInsights/contentPackages', variables('_solutionId'))]"
      ],
      "properties": {
        "contentId": "[variables('_dataConnectorContentIdConnections1')]",
        "displayName": "GCP Pub/Sub VPC Flow Logs",
        "contentKind": "ResourcesDataConnector",
        "mainTemplate": {
          "$schema": "https://schema.management.azure.com/schemas/2019-04-01/deploymentTemplate.json#",
          "contentVersion": "[variables('dataConnectorCCPVersion')]",
          "parameters": {
            "guidValue": {
              "defaultValue": "[[newGuid()]",
              "type": "string"
            },
            "innerWorkspace": {
              "defaultValue": "[parameters('workspace')]",
              "type": "string"
            },
            "GCPServiceAccountEmail": {
              "defaultValue": "Enter GCPServiceAccountEmail value",
              "type": "string",
              "minLength": 4
            },
            "GCPProjectNumber": {
              "defaultValue": "Enter GCPProjectNumber value",
              "type": "string",
              "minLength": 1
            },
            "GCPWorkloadIdentityProviderId": {
              "defaultValue": "Enter GCPWorkloadIdentityProviderId value",
              "type": "string",
              "minLength": 4
            },
            "GCPProjectId": {
              "defaultValue": "Enter GCPProjectId value",
              "type": "string",
              "minLength": 4
            },
            "GCPSubscriptionName": {
              "defaultValue": "Enter GCPSubscriptionName value",
              "type": "string",
              "minLength": 3
            },
            "connectorDefinitionName": {
              "defaultValue": "GCP Pub/Sub VPC Flow Logs",
              "type": "string",
              "minLength": 1
            },
            "workspace": {
              "defaultValue": "[parameters('workspace')]",
              "type": "string"
            },
            "dcrConfig": {
              "defaultValue": {
                "dataCollectionEndpoint": "data collection Endpoint",
                "dataCollectionRuleImmutableId": "data collection rule immutableId"
              },
              "type": "object"
            }
          },
          "variables": {
            "_dataConnectorContentIdConnections1": "[variables('_dataConnectorContentIdConnections1')]"
          },
          "resources": [
            {
              "name": "[concat(parameters('workspace'),'/Microsoft.SecurityInsights/',concat('DataConnector-', variables('_dataConnectorContentIdConnections1')))]",
              "apiVersion": "2022-01-01-preview",
              "type": "Microsoft.OperationalInsights/workspaces/providers/metadata",
              "properties": {
                "parentId": "[extensionResourceId(resourceId('Microsoft.OperationalInsights/workspaces', parameters('workspace')), 'Microsoft.SecurityInsights/dataConnectors', variables('_dataConnectorContentIdConnections1'))]",
                "contentId": "[variables('_dataConnectorContentIdConnections1')]",
                "kind": "ResourcesDataConnector",
                "version": "[variables('dataConnectorCCPVersion')]",
                "source": {
                  "sourceId": "[variables('_solutionId')]",
                  "name": "[variables('_solutionName')]",
                  "kind": "Solution"
                },
                "author": {
                  "name": "Microsoft",
                  "email": "[variables('_email')]"
                },
                "support": {
                  "name": "Microsoft Corporation",
                  "email": "support@microsoft.com",
                  "tier": "Microsoft",
                  "link": "https://support.microsoft.com"
                }
              }
            },
            {
              "name": "[[concat(parameters('innerWorkspace'),'/Microsoft.SecurityInsights/', 'GCPFlowLogs', parameters('guidValue'))]",
              "apiVersion": "2023-02-01-preview",
              "type": "Microsoft.OperationalInsights/workspaces/providers/dataConnectors",
              "location": "[parameters('workspace-location')]",
              "kind": "GCP",
              "properties": {
                "connectorDefinitionName": "GCPVPCFlowLogsCCPDefinition",
                "dataType": "GCPVPCFlowLogsV2_CL",
                "dcrConfig": {
                  "streamName": "Custom-GCPFlowLogs",
                  "dataCollectionEndpoint": "[[parameters('dcrConfig').dataCollectionEndpoint]",
                  "dataCollectionRuleImmutableId": "[[parameters('dcrConfig').dataCollectionRuleImmutableId]"
                },
                "auth": {
                  "serviceAccountEmail": "[[parameters('GCPServiceAccountEmail')]",
                  "projectNumber": "[[parameters('GCPProjectNumber')]",
                  "workloadIdentityProviderId": "[[parameters('GCPWorkloadIdentityProviderId')]"
                },
                "request": {
                  "projectId": "[[parameters('GCPProjectId')]",
                  "subscriptionNames": [
                    "[[parameters('GCPSubscriptionName')]"
                  ]
                }
              }
            }
          ]
        },
        "packageKind": "Solution",
        "packageVersion": "[variables('_solutionVersion')]",
        "packageName": "[variables('_solutionName')]",
        "contentProductId": "[concat(take(variables('_solutionId'), 50),'-','rdc','-', uniqueString(concat(variables('_solutionId'),'-','ResourcesDataConnector','-',variables('_dataConnectorContentIdConnections1'),'-', variables('dataConnectorCCPVersion'))))]",
        "packageId": "[variables('_solutionId')]",
        "contentSchemaVersion": "3.0.0",
        "version": "[variables('dataConnectorCCPVersion')]"
      }
    },
    {
      "type": "Microsoft.OperationalInsights/workspaces/providers/contentPackages",
      "apiVersion": "2023-04-01-preview",
      "location": "[parameters('workspace-location')]",
      "properties": {
        "version": "3.0.0",
        "kind": "Solution",
        "contentSchemaVersion": "3.0.0",
        "displayName": "Google Cloud Platform VPC Flow Logs",
        "publisherDisplayName": "Microsoft Sentinel, Microsoft Corporation",
        "descriptionHtml": "<p><strong>Note:</strong> Please refer to the following before installing the solution:</p>\n<p>• Review the solution <a href=\"https://github.com/Azure/Azure-Sentinel/tree/master/Solutions/Google%20Cloud%20Platform%20VPC%20Flow%20Logs/ReleaseNotes.md\">Release Notes</a></p>\n<p>• There may be <a href=\"https://aka.ms/sentinelsolutionsknownissues\">known issues</a> pertaining to this Solution, please refer to them before installing.</p>\n<p>The Google Cloud Platform (GCP) VPC Flow Logs enable you to capture network traffic activity at the VPC level, allowing you to monitor access patterns, analyze network performance, and detect potential threats across GCP resources.</p>\n<p><strong>Data Connectors:</strong> 1</p>\n<p><a href=\"https://aka.ms/azuresentinel\">Learn more about Microsoft Sentinel</a> | <a href=\"https://aka.ms/azuresentinelsolutionsdoc\">Learn more about Solutions</a></p>\n",
        "contentKind": "Solution",
        "contentProductId": "[variables('_solutioncontentProductId')]",
        "id": "[variables('_solutioncontentProductId')]",
        "icon": "<img src =\"https://raw.githubusercontent.com/Azure/Azure-Sentinel/master/Logos/google_logo.svg\" width=\"75px\" height=\"75px\">",
        "contentId": "[variables('_solutionId')]",
        "parentId": "[variables('_solutionId')]",
        "source": {
          "kind": "Solution",
          "name": "Google Cloud Platform VPC Flow Logs",
          "sourceId": "[variables('_solutionId')]"
        },
        "author": {
          "name": "Microsoft",
          "email": "[variables('_email')]"
        },
        "support": {
          "name": "Microsoft Corporation",
          "email": "support@microsoft.com",
          "tier": "Microsoft",
          "link": "https://support.microsoft.com"
        },
        "dependencies": {
          "operator": "AND",
          "criteria": [
            {
              "kind": "DataConnector",
              "contentId": "[variables('_dataConnectorContentIdConnections1')]",
              "version": "[variables('dataConnectorCCPVersion')]"
            }
          ]
        },
        "firstPublishDate": "2025-02-12",
        "providers": [
          "Google"
        ],
        "categories": {
          "domains": [
            "DevOps",
            "Security - Network"
          ]
        }
      },
      "name": "[concat(parameters('workspace'),'/Microsoft.SecurityInsights/', variables('_solutionId'))]"
    }
  ],
  "outputs": {}
}
