{
  "$schema": "https://schema.management.azure.com/schemas/2019-04-01/deploymentTemplate.json#",
  "contentVersion": "1.0.0.0",
  "metadata": {
    "author": "steve.lord@improving.com",
    "comments": "Solution template for MongoDBAtlas"
  },
  "parameters": {
    "location": {
      "type": "string",
      "minLength": 1,
      "defaultValue": "[resourceGroup().location]",
      "metadata": {
        "description": "Not used, but needed to pass arm-ttk test `Location-Should-Not-Be-Hardcoded`.  We instead use the `workspace-location` which is derived from the LA workspace"
      }
    },
    "workspace-location": {
      "type": "string",
      "defaultValue": "",
      "metadata": {
        "description": "[concat('Region to deploy solution resources -- separate from location selection',parameters('location'))]"
      }
    },
    "workspace": {
      "defaultValue": "",
      "type": "string",
      "metadata": {
        "description": "Workspace name for Log Analytics where Microsoft Sentinel is setup"
      }
    }
  },
  "variables": {
    "_solutionName": "MongoDBAtlas",
    "_solutionVersion": "3.0.2",
    "solutionId": "mongodbpublisherid.azure-sentinel-solution-mongodbatlas",
    "_solutionId": "[variables('solutionId')]",
    "uiConfigId1": "MongoDBAtlasLogsAzureFunctions",
    "_uiConfigId1": "[variables('uiConfigId1')]",
    "dataConnectorContentId1": "MongoDBAtlasLogsAzureFunctions",
    "_dataConnectorContentId1": "[variables('dataConnectorContentId1')]",
    "dataConnectorId1": "[extensionResourceId(resourceId('Microsoft.OperationalInsights/workspaces', parameters('workspace')), 'Microsoft.SecurityInsights/dataConnectors', variables('_dataConnectorContentId1'))]",
    "_dataConnectorId1": "[variables('dataConnectorId1')]",
    "dataConnectorTemplateSpecName1": "[concat(parameters('workspace'),'/Microsoft.SecurityInsights/',concat(parameters('workspace'),'-dc-',uniquestring(variables('_dataConnectorContentId1'))))]",
    "dataConnectorVersion1": "1.0.0",
    "_dataConnectorcontentProductId1": "[concat(take(variables('_solutionId'),50),'-','dc','-', uniqueString(concat(variables('_solutionId'),'-','DataConnector','-',variables('_dataConnectorContentId1'),'-', variables('dataConnectorVersion1'))))]",
    "_solutioncontentProductId": "[concat(take(variables('_solutionId'),50),'-','sl','-', uniqueString(concat(variables('_solutionId'),'-','Solution','-',variables('_solutionId'),'-', variables('_solutionVersion'))))]"
  },
  "resources": [
    {
      "type": "Microsoft.OperationalInsights/workspaces/providers/contentTemplates",
      "apiVersion": "2023-04-01-preview",
      "name": "[variables('dataConnectorTemplateSpecName1')]",
      "location": "[parameters('workspace-location')]",
      "dependsOn": [
        "[extensionResourceId(resourceId('Microsoft.OperationalInsights/workspaces', parameters('workspace')), 'Microsoft.SecurityInsights/contentPackages', variables('_solutionId'))]"
      ],
      "properties": {
        "description": "MongoDBAtlas data connector with template version 3.0.2",
        "mainTemplate": {
          "$schema": "https://schema.management.azure.com/schemas/2019-04-01/deploymentTemplate.json#",
          "contentVersion": "[variables('dataConnectorVersion1')]",
          "parameters": {},
          "variables": {},
          "resources": [
            {
              "name": "[concat(parameters('workspace'),'/Microsoft.SecurityInsights/',variables('_dataConnectorContentId1'))]",
              "apiVersion": "2021-03-01-preview",
              "type": "Microsoft.OperationalInsights/workspaces/providers/dataConnectors",
              "location": "[parameters('workspace-location')]",
              "kind": "GenericUI",
              "properties": {
                "connectorUiConfig": {
                  "id": "[variables('_uiConfigId1')]",
                  "title": "MongoDB Atlas Logs",
                  "publisher": "MongoDB",
                  "descriptionMarkdown": "The [MongoDBAtlas](https://www.mongodb.com/) Logs connector gives the capability to upload MongoDB Atlas logs into Microsoft Sentinel through the MongoDB Atlas Administration API. Refer to the API documentation: `https://www.mongodb.com/docs/api/doc/atlas-admin-api-v2/` for more information. The connector provides the ability to get a range of process and audit log messages for the specified host for the specified project.",
                  "graphQueries": [
                    {
                      "metricName": "Total data received",
                      "legend": "MDBALogTable_CL",
                      "baseQuery": "MDBALogTable_CL"
                    }
                  ],
                  "sampleQueries": [
                    {
                      "description": "MongoDB Atlas logs",
                      "query": "MDBALogTable_CL\n | sort by TimeGenerated desc"
                    }
                  ],
                  "dataTypes": [
                    {
                      "name": "MDBALogTable_CL",
                      "lastDataReceivedQuery": "MDBALogTable_CL\n            | summarize Time = max(TimeGenerated)\n            | where isnotempty(Time)"
                    }
                  ],
                  "connectivityCriterias": [
                    {
                      "type": "IsConnectedQuery",
                      "value": [
                        "MDBALogTable_CL\n            | summarize LastLogReceived = max(TimeGenerated)\n            | project IsConnected = LastLogReceived > ago(30d)"
                      ]
                    }
                  ],
                  "availability": {
                    "status": 1,
                    "isPreview": false
                  },
                  "permissions": {
                    "resourceProvider": [
                      {
                        "provider": "Microsoft.OperationalInsights/workspaces",
                        "permissionsDisplayText": "read and write permissions on the workspace are required.",
                        "providerDisplayName": "Workspace",
                        "scope": "Workspace",
                        "requiredPermissions": {
                          "write": true,
                          "read": true,
                          "delete": true
                        }
                      },
                      {
                        "provider": "Microsoft.OperationalInsights/workspaces/sharedKeys",
                        "permissionsDisplayText": "read permissions to shared keys for the workspace are required. [See the documentation to learn more about workspace keys](https://docs.microsoft.com/azure/azure-monitor/platform/agent-windows#obtain-workspace-id-and-key).",
                        "providerDisplayName": "Keys",
                        "scope": "Workspace",
                        "requiredPermissions": {
                          "action": true
                        }
                      }
                    ],
                    "customs": [
                      {
                        "name": "Microsoft.Web/sites permissions",
                        "description": "Read and write permissions to Azure Functions to create a Function App is required. [See the documentation to learn more about Azure Functions](https://docs.microsoft.com/azure/azure-functions/)."
                      },
                      {
                        "name": "REST API Credentials/permissions",
                        "description": "MongoDB Atlas service account **Client ID** and **Client Secret** are required.  [See the documentation to learn more about creating a service account](https://www.mongodb.com/docs/atlas/configure-api-access/#grant-programmatic-access-to-an-organization)"
                      }
                    ]
                  },
                  "instructionSteps": [
                    {
                      "description": ">**NOTE:** This connector uses Azure Functions to connect to 'MongoDB Atlas' to pull its logs into Microsoft Sentinel. This might result in additional data ingestion costs. Check the [Azure Functions pricing page](https://azure.microsoft.com/pricing/details/functions/) for details."
                    },
                    {
                      "description": ">**(Optional Step)** Securely store workspace and API authorization key(s) or token(s) in Azure Key Vault. Azure Key Vault provides a secure mechanism to store and retrieve key values. [Follow these instructions](https://docs.microsoft.com/azure/app-service/app-service-key-vault-references) to use Azure Key Vault with an Azure Function App."
                    },
                    {
                      "description": "**STEP 1 - Configuration steps for the 'MongoDB Atlas Administration API'**\n\n[Follow these instructions](https://www.mongodb.com/docs/atlas/configure-api-access/#grant-programmatic-access-to-an-organization) to create a MongoDB Atlas service account. Copy the Client ID and Client Secret you created. Copy also the Group ID (Project) and Cluster ID (Hostname) for later steps."
                    },
                    {
                      "description": "**STEP 2 - Choose ONE from the following two deployment options when automatically deploying the 'MongoDB Atlas Logs' connector and the associated Azure Function**\n\n>**IMPORTANT:** Before deploying the 'MongoDB Atlas Logs' connector:\n\n 1. Have access to the Workspace ID, if you are using an existing workspace (can be copied from the following).\n\n 2. The 'MongoDB Atlas' API authorization key(s).",
                      "instructions": [
                        {
                          "parameters": {
                            "fillWith": [
                              "WorkspaceId"
                            ],
                            "label": "Workspace ID"
                          },
                          "type": "CopyableLabel"
                        },
                        {
                          "parameters": {
                            "fillWith": [
                              "PrimaryKey"
                            ],
                            "label": "Primary Key"
                          },
                          "type": "CopyableLabel"
                        }
                      ]
                    },
                    {
                      "description": "**Option 1 - Deployment using an existing workspace.\n\n1. Click the **Deploy to Azure** button below. \n\n\t[![Deploy To Azure](https://aka.ms/deploytoazurebutton)](https://portal.azure.com/#view/Microsoft_Azure_CreateUIDef/CustomDeploymentBlade/uri/https%3A%2F%2Fraw.githubusercontent.com%2FAzure%2FAzure-Sentinel%2Fmaster%2FSolutions%2FMongoDBAtlas%2FData%20Connectors%2FMongoDBAtlasLogs%2Fazuredeploy_Connector_MongoDBAtlasLogs_AzureFunction.json/uiFormDefinitionUri/https%3A%2F%2Fraw.githubusercontent.com%2FAzure%2FAzure-Sentinel%2Fmaster%2FSolutions%2FMongoDBAtlas%2FData%20Connectors%2FMongoDBAtlasLogs%2FcreateUiDef.json)\n2. Select the preferred **Subscription** and **Resource Group**. \n3. Click 'Yes' for 'Use existing Log Analytics Workspace?'\n\n4.Enter the **Workspace ID**, **Group ID**, **Cluster ID**, **Client ID** and **Client Secret**.\n>Note: If using Azure Key Vault secrets for any of the values above, use the`@Microsoft.KeyVault(SecretUri={Security Identifier})`schema in place of the string values. Refer to [Key Vault references documentation](https://docs.microsoft.com/azure/app-service/app-service-key-vault-references) for further details. \n4. Mark the checkbox labeled **I agree to the terms and conditions stated above**. \n5. Click **Purchase** to deploy."
                    },
                    {
                      "description": "**Option 2 - Deployment using a new workspace.\n\n1. Click the **Deploy to Azure** button below. \n\n\t[![Deploy To Azure](https://aka.ms/deploytoazurebutton)](https://portal.azure.com/#view/Microsoft_Azure_CreateUIDef/CustomDeploymentBlade/uri/https%3A%2F%2Fraw.githubusercontent.com%2FAzure%2FAzure-Sentinel%2Fmaster%2FSolutions%2FMongoDBAtlas%2FData%20Connectors%2FMongoDBAtlasLogs%2Fazuredeploy_Connector_MongoDBAtlasLogs_AzureFunction.json/uiFormDefinitionUri/https%3A%2F%2Fraw.githubusercontent.com%2FAzure%2FAzure-Sentinel%2Fmaster%2FSolutions%2FMongoDBAtlas%2FData%20Connectors%2FMongoDBAtlasLogs%2FcreateUiDef.json)\n2. Select the preferred **Subscription** and **Resource Group**. \n3. Click 'No' for 'Use existing Log Analytics Workspace?'\n\n4.Enter the **New workspace name**. This will be created in the selected Resource Group, **Group ID**, **Cluster ID**, **Client ID** and **Client Secret**.\n>Note: If using Azure Key Vault secrets for any of the values above, use the`@Microsoft.KeyVault(SecretUri={Security Identifier})`schema in place of the string values. Refer to [Key Vault references documentation](https://docs.microsoft.com/azure/app-service/app-service-key-vault-references) for further details. \n4. Mark the checkbox labeled **I agree to the terms and conditions stated above**. \n5. Click **Purchase** to deploy."
                    }
                  ]
                }
              }
            },
            {
              "type": "Microsoft.OperationalInsights/workspaces/providers/metadata",
              "apiVersion": "2023-04-01-preview",
              "name": "[concat(parameters('workspace'),'/Microsoft.SecurityInsights/',concat('DataConnector-', last(split(variables('_dataConnectorId1'),'/'))))]",
              "properties": {
                "parentId": "[extensionResourceId(resourceId('Microsoft.OperationalInsights/workspaces', parameters('workspace')), 'Microsoft.SecurityInsights/dataConnectors', variables('_dataConnectorContentId1'))]",
                "contentId": "[variables('_dataConnectorContentId1')]",
                "kind": "DataConnector",
                "version": "[variables('dataConnectorVersion1')]",
                "source": {
                  "kind": "Solution",
                  "name": "MongoDBAtlas",
                  "sourceId": "[variables('_solutionId')]"
                },
                "author": {
                  "name": "steve.lord@improving.com"
                },
                "support": {
                  "name": "MongoDB",
                  "email": "ts-partners@mongodb.com",
                  "tier": "Partner",
                  "link": "https://www.mongodb.com/company/contact"
                }
              }
            }
          ]
        },
        "packageKind": "Solution",
        "packageVersion": "[variables('_solutionVersion')]",
        "packageName": "[variables('_solutionName')]",
        "packageId": "[variables('_solutionId')]",
        "contentSchemaVersion": "3.0.0",
        "contentId": "[variables('_dataConnectorContentId1')]",
        "contentKind": "DataConnector",
        "displayName": "MongoDB Atlas Logs",
        "contentProductId": "[variables('_dataConnectorcontentProductId1')]",
        "id": "[variables('_dataConnectorcontentProductId1')]",
        "version": "[variables('dataConnectorVersion1')]"
      }
    },
    {
      "type": "Microsoft.OperationalInsights/workspaces/providers/metadata",
      "apiVersion": "2023-04-01-preview",
      "name": "[concat(parameters('workspace'),'/Microsoft.SecurityInsights/',concat('DataConnector-', last(split(variables('_dataConnectorId1'),'/'))))]",
      "dependsOn": [
        "[variables('_dataConnectorId1')]"
      ],
      "location": "[parameters('workspace-location')]",
      "properties": {
        "parentId": "[extensionResourceId(resourceId('Microsoft.OperationalInsights/workspaces', parameters('workspace')), 'Microsoft.SecurityInsights/dataConnectors', variables('_dataConnectorContentId1'))]",
        "contentId": "[variables('_dataConnectorContentId1')]",
        "kind": "DataConnector",
        "version": "[variables('dataConnectorVersion1')]",
        "source": {
          "kind": "Solution",
          "name": "MongoDBAtlas",
          "sourceId": "[variables('_solutionId')]"
        },
        "author": {
          "name": "steve.lord@improving.com"
        },
        "support": {
          "name": "MongoDB",
          "email": "ts-partners@mongodb.com",
          "tier": "Partner",
          "link": "https://www.mongodb.com/company/contact"
        }
      }
    },
    {
      "name": "[concat(parameters('workspace'),'/Microsoft.SecurityInsights/',variables('_dataConnectorContentId1'))]",
      "apiVersion": "2021-03-01-preview",
      "type": "Microsoft.OperationalInsights/workspaces/providers/dataConnectors",
      "location": "[parameters('workspace-location')]",
      "kind": "GenericUI",
      "properties": {
        "connectorUiConfig": {
          "title": "MongoDB Atlas Logs",
          "publisher": "MongoDB",
          "descriptionMarkdown": "The [MongoDBAtlas](https://www.mongodb.com/) Logs connector gives the capability to upload MongoDB Atlas logs into Microsoft Sentinel through the MongoDB Atlas Administration API. Refer to the API documentation: `https://www.mongodb.com/docs/api/doc/atlas-admin-api-v2/` for more information. The connector provides the ability to get a range of process and audit log messages for the specified host for the specified project.",
          "graphQueries": [
            {
              "metricName": "Total data received",
              "legend": "MDBALogTable_CL",
              "baseQuery": "MDBALogTable_CL"
            }
          ],
          "dataTypes": [
            {
              "name": "MDBALogTable_CL",
              "lastDataReceivedQuery": "MDBALogTable_CL\n            | summarize Time = max(TimeGenerated)\n            | where isnotempty(Time)"
            }
          ],
          "connectivityCriterias": [
            {
              "type": "IsConnectedQuery",
              "value": [
                "MDBALogTable_CL\n            | summarize LastLogReceived = max(TimeGenerated)\n            | project IsConnected = LastLogReceived > ago(30d)"
              ]
            }
          ],
          "sampleQueries": [
            {
              "description": "MongoDB Atlas logs",
              "query": "MDBALogTable_CL\n | sort by TimeGenerated desc"
            }
          ],
          "availability": {
            "status": 1,
            "isPreview": false
          },
          "permissions": {
            "resourceProvider": [
              {
                "provider": "Microsoft.OperationalInsights/workspaces",
                "permissionsDisplayText": "read and write permissions on the workspace are required.",
                "providerDisplayName": "Workspace",
                "scope": "Workspace",
                "requiredPermissions": {
                  "write": true,
                  "read": true,
                  "delete": true
                }
              },
              {
                "provider": "Microsoft.OperationalInsights/workspaces/sharedKeys",
                "permissionsDisplayText": "read permissions to shared keys for the workspace are required. [See the documentation to learn more about workspace keys](https://docs.microsoft.com/azure/azure-monitor/platform/agent-windows#obtain-workspace-id-and-key).",
                "providerDisplayName": "Keys",
                "scope": "Workspace",
                "requiredPermissions": {
                  "action": true
                }
              }
            ],
            "customs": [
              {
                "name": "Microsoft.Web/sites permissions",
                "description": "Read and write permissions to Azure Functions to create a Function App is required. [See the documentation to learn more about Azure Functions](https://docs.microsoft.com/azure/azure-functions/)."
              },
              {
                "name": "REST API Credentials/permissions",
                "description": "MongoDB Atlas service account **Client ID** and **Client Secret** are required.  [See the documentation to learn more about creating a service account](https://www.mongodb.com/docs/atlas/configure-api-access/#grant-programmatic-access-to-an-organization)"
              }
            ]
          },
          "instructionSteps": [
            {
              "description": ">**NOTE:** This connector uses Azure Functions to connect to 'MongoDB Atlas' to pull its logs into Microsoft Sentinel. This might result in additional data ingestion costs. Check the [Azure Functions pricing page](https://azure.microsoft.com/pricing/details/functions/) for details."
            },
            {
              "description": ">**(Optional Step)** Securely store workspace and API authorization key(s) or token(s) in Azure Key Vault. Azure Key Vault provides a secure mechanism to store and retrieve key values. [Follow these instructions](https://docs.microsoft.com/azure/app-service/app-service-key-vault-references) to use Azure Key Vault with an Azure Function App."
            },
            {
              "description": "**STEP 1 - Configuration steps for the 'MongoDB Atlas Administration API'**\n\n[Follow these instructions](https://www.mongodb.com/docs/atlas/configure-api-access/#grant-programmatic-access-to-an-organization) to create a MongoDB Atlas service account. Copy the Client ID and Client Secret you created. Copy also the Group ID (Project) and Cluster ID (Hostname) for later steps."
            },
            {
              "description": "**STEP 2 - Choose ONE from the following two deployment options when automatically deploying the 'MongoDB Atlas Logs' connector and the associated Azure Function**\n\n>**IMPORTANT:** Before deploying the 'MongoDB Atlas Logs' connector:\n\n 1. Have access to the Workspace ID, if you are using an existing workspace (can be copied from the following).\n\n 2. The 'MongoDB Atlas' API authorization key(s).",
              "instructions": [
                {
                  "parameters": {
                    "fillWith": [
                      "WorkspaceId"
                    ],
                    "label": "Workspace ID"
                  },
                  "type": "CopyableLabel"
                },
                {
                  "parameters": {
                    "fillWith": [
                      "PrimaryKey"
                    ],
                    "label": "Primary Key"
                  },
                  "type": "CopyableLabel"
                }
              ]
            },
            {
              "description": "**Option 1 - Deployment using an existing workspace.\n\n1. Click the **Deploy to Azure** button below. \n\n\t[![Deploy To Azure](https://aka.ms/deploytoazurebutton)](https://portal.azure.com/#view/Microsoft_Azure_CreateUIDef/CustomDeploymentBlade/uri/https%3A%2F%2Fraw.githubusercontent.com%2FAzure%2FAzure-Sentinel%2Fmaster%2FSolutions%2FMongoDBAtlas%2FData%20Connectors%2FMongoDBAtlasLogs%2Fazuredeploy_Connector_MongoDBAtlasLogs_AzureFunction.json/uiFormDefinitionUri/https%3A%2F%2Fraw.githubusercontent.com%2FAzure%2FAzure-Sentinel%2Fmaster%2FSolutions%2FMongoDBAtlas%2FData%20Connectors%2FMongoDBAtlasLogs%2FcreateUiDef.json)\n2. Select the preferred **Subscription** and **Resource Group**. \n3. Click 'Yes' for 'Use existing Log Analytics Workspace?'\n\n4.Enter the **Workspace ID**, **Group ID**, **Cluster ID**, **Client ID** and **Client Secret**.\n>Note: If using Azure Key Vault secrets for any of the values above, use the`@Microsoft.KeyVault(SecretUri={Security Identifier})`schema in place of the string values. Refer to [Key Vault references documentation](https://docs.microsoft.com/azure/app-service/app-service-key-vault-references) for further details. \n4. Mark the checkbox labeled **I agree to the terms and conditions stated above**. \n5. Click **Purchase** to deploy."
            },
            {
              "description": "**Option 2 - Deployment using a new workspace.\n\n1. Click the **Deploy to Azure** button below. \n\n\t[![Deploy To Azure](https://aka.ms/deploytoazurebutton)](https://portal.azure.com/#view/Microsoft_Azure_CreateUIDef/CustomDeploymentBlade/uri/https%3A%2F%2Fraw.githubusercontent.com%2FAzure%2FAzure-Sentinel%2Fmaster%2FSolutions%2FMongoDBAtlas%2FData%20Connectors%2FMongoDBAtlasLogs%2Fazuredeploy_Connector_MongoDBAtlasLogs_AzureFunction.json/uiFormDefinitionUri/https%3A%2F%2Fraw.githubusercontent.com%2FAzure%2FAzure-Sentinel%2Fmaster%2FSolutions%2FMongoDBAtlas%2FData%20Connectors%2FMongoDBAtlasLogs%2FcreateUiDef.json)\n2. Select the preferred **Subscription** and **Resource Group**. \n3. Click 'No' for 'Use existing Log Analytics Workspace?'\n\n4.Enter the **New workspace name**. This will be created in the selected Resource Group, **Group ID**, **Cluster ID**, **Client ID** and **Client Secret**.\n>Note: If using Azure Key Vault secrets for any of the values above, use the`@Microsoft.KeyVault(SecretUri={Security Identifier})`schema in place of the string values. Refer to [Key Vault references documentation](https://docs.microsoft.com/azure/app-service/app-service-key-vault-references) for further details. \n4. Mark the checkbox labeled **I agree to the terms and conditions stated above**. \n5. Click **Purchase** to deploy."
            }
          ],
          "id": "[variables('_uiConfigId1')]"
        }
      }
    },
    {
      "type": "Microsoft.OperationalInsights/workspaces/providers/contentPackages",
      "apiVersion": "2023-04-01-preview",
      "location": "[parameters('workspace-location')]",
      "properties": {
        "version": "3.0.2",
        "kind": "Solution",
        "contentSchemaVersion": "3.0.0",
        "displayName": "MongoDBAtlas",
        "publisherDisplayName": "MongoDB",
        "descriptionHtml": "<p><strong>Note:</strong> Please refer to the following before installing the solution:</p>\n<p>• Review the solution <a href=\"https://github.com/Azure/Azure-Sentinel/tree/master/Solutions/MongoDBAtlas/ReleaseNotes.md\">Release Notes</a></p>\n<p>• There may be <a href=\"https://aka.ms/sentinelsolutionsknownissues\">known issues</a> pertaining to this Solution, please refer to them before installing.</p>\n<p>This custom data connector uses a Function App to pull MongoDB Atlas log files (MDBA) data from the MongoDB Atlas Administation API and uploads into the selected Log Analytics workspace via the Azure Log Ingestion API.</p>\n<p><strong>Note:</strong> <em>There may be <a href=\"https://aka.ms/sentinelsolutionsknownissues\">known issues</a> pertaining to this Solution, please refer to them before installing.</em></p>\n<p><a href=\"https://www.mongodb.com/\">Link to product website</a></p>\n<p><strong>Data Connectors:</strong> 1</p>\n<p><a href=\"https://aka.ms/azuresentinel\">Learn more about Microsoft Sentinel</a> | <a href=\"https://aka.ms/azuresentinelsolutionsdoc\">Learn more about Solutions</a></p>\n",
        "contentKind": "Solution",
        "contentProductId": "[variables('_solutioncontentProductId')]",
        "id": "[variables('_solutioncontentProductId')]",
        "icon": "<img src=\"https://raw.githubusercontent.com/Azure/Azure-Sentinel/master/Solutions/MongoDBAtlas/Data%20Connectors/Logos/mongodb.svg\" width=\"75px\" height=\"75px\">",
        "contentId": "[variables('_solutionId')]",
        "parentId": "[variables('_solutionId')]",
        "source": {
          "kind": "Solution",
          "name": "MongoDBAtlas",
          "sourceId": "[variables('_solutionId')]"
        },
        "author": {
          "name": "steve.lord@improving.com"
        },
        "support": {
          "name": "MongoDB",
          "email": "ts-partners@mongodb.com",
          "tier": "Partner",
          "link": "https://www.mongodb.com/company/contact"
        },
        "dependencies": {
          "operator": "AND",
          "criteria": [
            {
              "kind": "DataConnector",
              "contentId": "[variables('_dataConnectorContentId1')]",
              "version": "[variables('dataConnectorVersion1')]"
            }
          ]
        },
        "firstPublishDate": "2025-08-22",
        "providers": [
          "MongoDB"
        ],
        "categories": {
          "domains": [
            "Security - Threat Protection"
          ]
        }
      },
      "name": "[concat(parameters('workspace'),'/Microsoft.SecurityInsights/', variables('_solutionId'))]"
    }
  ],
  "outputs": {}
}
