{
  "$schema": "https://schema.management.azure.com/schemas/2019-04-01/deploymentTemplate.json#",
  "contentVersion": "1.0.0.0",
  "metadata": {
    "author": "Microsoft - support@microsoft.com",
    "comments": "Solution template for AtlassianConfluenceAudit"
  },
  "parameters": {
    "location": {
      "type": "string",
      "minLength": 1,
      "defaultValue": "[resourceGroup().location]",
      "metadata": {
        "description": "Not used, but needed to pass arm-ttk test `Location-Should-Not-Be-Hardcoded`.  We instead use the `workspace-location` which is derived from the LA workspace"
      }
    },
    "workspace-location": {
      "type": "string",
      "defaultValue": "",
      "metadata": {
        "description": "[concat('Region to deploy solution resources -- separate from location selection',parameters('location'))]"
      }
    },
    "workspace": {
      "defaultValue": "",
      "type": "string",
      "metadata": {
        "description": "Workspace name for Log Analytics where Microsoft Sentinel is setup"
      }
    },
    "resourceGroupName": {
      "type": "string",
      "defaultValue": "[resourceGroup().name]",
      "metadata": {
        "description": "resource group name where Microsoft Sentinel is setup"
      }
    },
    "subscription": {
      "type": "string",
      "defaultValue": "[last(split(subscription().id, '/'))]",
      "metadata": {
        "description": "subscription id where Microsoft Sentinel is setup"
      }
    }
  },
  "variables": {
    "email": "support@microsoft.com",
    "_email": "[variables('email')]",
    "_solutionName": "AtlassianConfluenceAudit",
    "_solutionVersion": "3.0.3",
    "solutionId": "azuresentinel.azure-sentinel-solution-atlassianconfluenceaudit",
    "_solutionId": "[variables('solutionId')]",
    "uiConfigId1": "ConfluenceAuditAPI",
    "_uiConfigId1": "[variables('uiConfigId1')]",
    "dataConnectorContentId1": "ConfluenceAuditAPI",
    "_dataConnectorContentId1": "[variables('dataConnectorContentId1')]",
    "dataConnectorId1": "[extensionResourceId(resourceId('Microsoft.OperationalInsights/workspaces', parameters('workspace')), 'Microsoft.SecurityInsights/dataConnectors', variables('_dataConnectorContentId1'))]",
    "_dataConnectorId1": "[variables('dataConnectorId1')]",
    "dataConnectorTemplateSpecName1": "[concat(parameters('workspace'),'/Microsoft.SecurityInsights/',concat(parameters('workspace'),'-dc-',uniquestring(variables('_dataConnectorContentId1'))))]",
    "dataConnectorVersion1": "1.0.0",
    "_dataConnectorcontentProductId1": "[concat(take(variables('_solutionId'),50),'-','dc','-', uniqueString(concat(variables('_solutionId'),'-','DataConnector','-',variables('_dataConnectorContentId1'),'-', variables('dataConnectorVersion1'))))]",
    "workspaceResourceId": "[resourceId('microsoft.OperationalInsights/Workspaces', parameters('workspace'))]",
    "dataConnectorCCPVersion": "1.0.0",
    "_dataConnectorContentIdConnectorDefinition2": "ConfluenceAuditCCPDefinition",
    "dataConnectorTemplateNameConnectorDefinition2": "[concat(parameters('workspace'),'-dc-',uniquestring(variables('_dataConnectorContentIdConnectorDefinition2')))]",
    "_dataConnectorContentIdConnections2": "ConfluenceAuditCCPDefinitionConnections",
    "dataConnectorTemplateNameConnections2": "[concat(parameters('workspace'),'-dc-',uniquestring(variables('_dataConnectorContentIdConnections2')))]",
    "blanks": "[replace('b', 'b', '')]",
    "TemplateEmptyObject": "[json('{}')]",
    "parserObject1": {
      "_parserName1": "[concat(parameters('workspace'),'/','ConfluenceAudit')]",
      "_parserId1": "[resourceId('Microsoft.OperationalInsights/workspaces/savedSearches', parameters('workspace'), 'ConfluenceAudit')]",
      "parserTemplateSpecName1": "[concat(parameters('workspace'),'/Microsoft.SecurityInsights/',concat(parameters('workspace'),'-pr-',uniquestring('ConfluenceAudit-Parser')))]",
      "parserVersion1": "1.0.0",
      "parserContentId1": "ConfluenceAudit-Parser"
    },
    "parserObject2": {
      "_parserName2": "[concat(parameters('workspace'),'/','ConfluenceAuditV2')]",
      "_parserId2": "[resourceId('Microsoft.OperationalInsights/workspaces/savedSearches', parameters('workspace'), 'ConfluenceAuditV2')]",
      "parserTemplateSpecName2": "[concat(parameters('workspace'),'/Microsoft.SecurityInsights/',concat(parameters('workspace'),'-pr-',uniquestring('ConfluenceAuditV2-Parser')))]",
      "parserVersion2": "1.0.0",
      "parserContentId2": "ConfluenceAuditV2-Parser"
    },
    "_solutioncontentProductId": "[concat(take(variables('_solutionId'),50),'-','sl','-', uniqueString(concat(variables('_solutionId'),'-','Solution','-',variables('_solutionId'),'-', variables('_solutionVersion'))))]"
  },
  "resources": [
    {
      "type": "Microsoft.OperationalInsights/workspaces/providers/contentTemplates",
      "apiVersion": "2023-04-01-preview",
      "name": "[variables('dataConnectorTemplateSpecName1')]",
      "location": "[parameters('workspace-location')]",
      "dependsOn": [
        "[extensionResourceId(resourceId('Microsoft.OperationalInsights/workspaces', parameters('workspace')), 'Microsoft.SecurityInsights/contentPackages', variables('_solutionId'))]"
      ],
      "properties": {
        "description": "AtlassianConfluenceAudit data connector with template version 3.0.3",
        "mainTemplate": {
          "$schema": "https://schema.management.azure.com/schemas/2019-04-01/deploymentTemplate.json#",
          "contentVersion": "[variables('dataConnectorVersion1')]",
          "parameters": {},
          "variables": {},
          "resources": [
            {
              "name": "[concat(parameters('workspace'),'/Microsoft.SecurityInsights/',variables('_dataConnectorContentId1'))]",
              "apiVersion": "2021-03-01-preview",
              "type": "Microsoft.OperationalInsights/workspaces/providers/dataConnectors",
              "location": "[parameters('workspace-location')]",
              "kind": "GenericUI",
              "properties": {
                "connectorUiConfig": {
                  "id": "[variables('_uiConfigId1')]",
                  "title": "Atlassian Confluence Audit (using Azure Functions)",
                  "publisher": "Atlassian",
                  "descriptionMarkdown": "The [Atlassian Confluence](https://www.atlassian.com/software/confluence) Audit data connector provides the capability to ingest [Confluence Audit Records](https://support.atlassian.com/confluence-cloud/docs/view-the-audit-log/) for more information. The connector provides ability to get events which helps to examine potential security risks, analyze your team's use of collaboration, diagnose configuration problems and more.",
                  "graphQueries": [
                    {
                      "metricName": "Total data received",
                      "legend": "Confluence_Audit_CL",
                      "baseQuery": "Confluence_Audit_CL"
                    }
                  ],
                  "sampleQueries": [
                    {
                      "description": "Confluence Audit Events - All Activities",
                      "query": "ConfluenceAudit\n | sort by TimeGenerated desc"
                    }
                  ],
                  "dataTypes": [
                    {
                      "name": "Confluence_Audit_CL",
                      "lastDataReceivedQuery": "Confluence_Audit_CL\n            | summarize Time = max(TimeGenerated)\n            | where isnotempty(Time)"
                    }
                  ],
                  "connectivityCriterias": [
                    {
                      "type": "IsConnectedQuery",
                      "value": [
                        "Confluence_Audit_CL\n            | summarize LastLogReceived = max(TimeGenerated)\n            | project IsConnected = LastLogReceived > ago(30d)"
                      ]
                    }
                  ],
                  "availability": {
                    "status": 1,
                    "isPreview": false
                  },
                  "permissions": {
                    "resourceProvider": [
                      {
                        "provider": "Microsoft.OperationalInsights/workspaces",
                        "permissionsDisplayText": "read and write permissions on the workspace are required.",
                        "providerDisplayName": "Workspace",
                        "scope": "Workspace",
                        "requiredPermissions": {
                          "write": true,
                          "read": true,
                          "delete": true
                        }
                      },
                      {
                        "provider": "Microsoft.OperationalInsights/workspaces/sharedKeys",
                        "permissionsDisplayText": "read permissions to shared keys for the workspace are required. [See the documentation to learn more about workspace keys](https://docs.microsoft.com/azure/azure-monitor/platform/agent-windows#obtain-workspace-id-and-key).",
                        "providerDisplayName": "Keys",
                        "scope": "Workspace",
                        "requiredPermissions": {
                          "action": true
                        }
                      }
                    ],
                    "customs": [
                      {
                        "name": "Microsoft.Web/sites permissions",
                        "description": "Read and write permissions to Azure Functions to create a Function App is required. [See the documentation to learn more about Azure Functions](https://docs.microsoft.com/azure/azure-functions/)."
                      },
                      {
                        "name": "REST API Credentials/permissions",
                        "description": "**ConfluenceAccessToken**, **ConfluenceUsername** is required for REST API. [See the documentation to learn more about API](https://developer.atlassian.com/cloud/confluence/rest/api-group-audit/). Check all [requirements and follow  the instructions](https://developer.atlassian.com/cloud/confluence/rest/intro/#auth) for obtaining credentials."
                      }
                    ]
                  },
                  "instructionSteps": [
                    {
                      "description": ">**NOTE:** This connector uses Azure Functions to connect to the Confluence REST API to pull its logs into Microsoft Sentinel. This might result in additional data ingestion costs. Check the [Azure Functions pricing page](https://azure.microsoft.com/pricing/details/functions/) for details."
                    },
                    {
                      "description": ">**(Optional Step)** Securely store workspace and API authorization key(s) or token(s) in Azure Key Vault. Azure Key Vault provides a secure mechanism to store and retrieve key values. [Follow these instructions](https://docs.microsoft.com/azure/app-service/app-service-key-vault-references) to use Azure Key Vault with an Azure Function App."
                    },
                    {
                      "description": "**STEP 1 - Configuration steps for the Confluence API**\n\n [Follow the instructions](https://developer.atlassian.com/cloud/confluence/rest/intro/#auth) to obtain the credentials. \n"
                    },
                    {
                      "description": "**STEP 2 - Choose ONE from the following two deployment options to deploy the connector and the associated Azure Function**\n\n>**IMPORTANT:** Before deploying the Workspace data connector, have the Workspace ID and Workspace Primary Key (can be copied from the following).",
                      "instructions": [
                        {
                          "parameters": {
                            "fillWith": [
                              "WorkspaceId"
                            ],
                            "label": "Workspace ID"
                          },
                          "type": "CopyableLabel"
                        },
                        {
                          "parameters": {
                            "fillWith": [
                              "PrimaryKey"
                            ],
                            "label": "Primary Key"
                          },
                          "type": "CopyableLabel"
                        }
                      ]
                    },
                    {
                      "description": "Use this method for automated deployment of the Confluence Audit data connector using an ARM Tempate.\n\n1. Click the **Deploy to Azure** button below. \n\n\t[![Deploy To Azure](https://aka.ms/deploytoazurebutton)](https://aka.ms/sentinel-confluenceauditapi-azuredeploy) [![Deploy to Azure Gov](https://aka.ms/deploytoazuregovbutton)](https://aka.ms/sentinel-confluenceauditapi-azuredeploy-gov)\n2. Select the preferred **Subscription**, **Resource Group** and **Location**. \n> **NOTE:** Within the same resource group, you can't mix Windows and Linux apps in the same region. Select existing resource group without Windows apps in it or create new resource group.\n3. Enter the **ConfluenceAccessToken**, **ConfluenceUsername**, **ConfluenceHomeSiteName** (short site name part, as example HOMESITENAME from https://community.atlassian.com) and deploy. \n4. Mark the checkbox labeled **I agree to the terms and conditions stated above**. \n5. Click **Purchase** to deploy.",
                      "title": "Option 1 - Azure Resource Manager (ARM) Template"
                    },
                    {
                      "description": "Use the following step-by-step instructions to deploy the Confluence Audit data connector manually with Azure Functions (Deployment via Visual Studio Code).",
                      "title": "Option 2 - Manual Deployment of Azure Functions"
                    },
                    {
                      "description": "**1. Deploy a Function App**\n\n> **NOTE:** You will need to [prepare VS code](https://docs.microsoft.com/azure/azure-functions/functions-create-first-function-python#prerequisites) for Azure function development.\n\n1. Download the [Azure Function App](https://aka.ms/sentinel-confluenceauditapi-functionapp) file. Extract archive to your local development computer.\n2. Start VS Code. Choose File in the main menu and select Open Folder.\n3. Select the top level folder from extracted files.\n4. Choose the Azure icon in the Activity bar, then in the **Azure: Functions** area, choose the **Deploy to function app** button.\nIf you aren't already signed in, choose the Azure icon in the Activity bar, then in the **Azure: Functions** area, choose **Sign in to Azure**\nIf you're already signed in, go to the next step.\n5. Provide the following information at the prompts:\n\n\ta. **Select folder:** Choose a folder from your workspace or browse to one that contains your function app.\n\n\tb. **Select Subscription:** Choose the subscription to use.\n\n\tc. Select **Create new Function App in Azure** (Don't choose the Advanced option)\n\n\td. **Enter a globally unique name for the function app:** Type a name that is valid in a URL path. The name you type is validated to make sure that it's unique in Azure Functions. (e.g. ConflAuditXXXXX).\n\n\te. **Select a runtime:** Choose Python 3.11.\n\n\tf. Select a location for new resources. For better performance and lower costs choose the same [region](https://azure.microsoft.com/regions/) where Microsoft Sentinel is located.\n\n6. Deployment will begin. A notification is displayed after your function app is created and the deployment package is applied.\n7. Go to Azure Portal for the Function App configuration."
                    },
                    {
                      "description": "**2. Configure the Function App**\n\n1. In the Function App, select the Function App Name and select **Configuration**.\n2. In the **Application settings** tab, select ** New application setting**.\n3. Add each of the following application settings individually, with their respective string values (case-sensitive): \n\t\tConfluenceUsername\n\t\tConfluenceAccessToken\n\t\tConfluenceHomeSiteName\n\t\tWorkspaceID\n\t\tWorkspaceKey\n\t\tlogAnalyticsUri (optional)\n> - Use logAnalyticsUri to override the log analytics API endpoint for dedicated cloud. For example, for public cloud, leave the value empty; for Azure GovUS cloud environment, specify the value in the following format: `https://<CustomerId>.ods.opinsights.azure.us`.\n4. Once all application settings have been entered, click **Save**."
                    }
                  ]
                }
              }
            },
            {
              "type": "Microsoft.OperationalInsights/workspaces/providers/metadata",
              "apiVersion": "2023-04-01-preview",
              "name": "[concat(parameters('workspace'),'/Microsoft.SecurityInsights/',concat('DataConnector-', last(split(variables('_dataConnectorId1'),'/'))))]",
              "properties": {
                "parentId": "[extensionResourceId(resourceId('Microsoft.OperationalInsights/workspaces', parameters('workspace')), 'Microsoft.SecurityInsights/dataConnectors', variables('_dataConnectorContentId1'))]",
                "contentId": "[variables('_dataConnectorContentId1')]",
                "kind": "DataConnector",
                "version": "[variables('dataConnectorVersion1')]",
                "source": {
                  "kind": "Solution",
                  "name": "AtlassianConfluenceAudit",
                  "sourceId": "[variables('_solutionId')]"
                },
                "author": {
                  "name": "Microsoft",
                  "email": "[variables('_email')]"
                },
                "support": {
                  "name": "Microsoft Corporation",
                  "email": "support@microsoft.com",
                  "tier": "Microsoft",
                  "link": "https://support.microsoft.com"
                }
              }
            }
          ]
        },
        "packageKind": "Solution",
        "packageVersion": "[variables('_solutionVersion')]",
        "packageName": "[variables('_solutionName')]",
        "packageId": "[variables('_solutionId')]",
        "contentSchemaVersion": "3.0.0",
        "contentId": "[variables('_dataConnectorContentId1')]",
        "contentKind": "DataConnector",
        "displayName": "Atlassian Confluence Audit (using Azure Functions)",
        "contentProductId": "[variables('_dataConnectorcontentProductId1')]",
        "id": "[variables('_dataConnectorcontentProductId1')]",
        "version": "[variables('dataConnectorVersion1')]"
      }
    },
    {
      "type": "Microsoft.OperationalInsights/workspaces/providers/metadata",
      "apiVersion": "2023-04-01-preview",
      "name": "[concat(parameters('workspace'),'/Microsoft.SecurityInsights/',concat('DataConnector-', last(split(variables('_dataConnectorId1'),'/'))))]",
      "dependsOn": [
        "[variables('_dataConnectorId1')]"
      ],
      "location": "[parameters('workspace-location')]",
      "properties": {
        "parentId": "[extensionResourceId(resourceId('Microsoft.OperationalInsights/workspaces', parameters('workspace')), 'Microsoft.SecurityInsights/dataConnectors', variables('_dataConnectorContentId1'))]",
        "contentId": "[variables('_dataConnectorContentId1')]",
        "kind": "DataConnector",
        "version": "[variables('dataConnectorVersion1')]",
        "source": {
          "kind": "Solution",
          "name": "AtlassianConfluenceAudit",
          "sourceId": "[variables('_solutionId')]"
        },
        "author": {
          "name": "Microsoft",
          "email": "[variables('_email')]"
        },
        "support": {
          "name": "Microsoft Corporation",
          "email": "support@microsoft.com",
          "tier": "Microsoft",
          "link": "https://support.microsoft.com"
        }
      }
    },
    {
      "name": "[concat(parameters('workspace'),'/Microsoft.SecurityInsights/',variables('_dataConnectorContentId1'))]",
      "apiVersion": "2021-03-01-preview",
      "type": "Microsoft.OperationalInsights/workspaces/providers/dataConnectors",
      "location": "[parameters('workspace-location')]",
      "kind": "GenericUI",
      "properties": {
        "connectorUiConfig": {
          "title": "Atlassian Confluence Audit (using Azure Functions)",
          "publisher": "Atlassian",
          "descriptionMarkdown": "The [Atlassian Confluence](https://www.atlassian.com/software/confluence) Audit data connector provides the capability to ingest [Confluence Audit Records](https://support.atlassian.com/confluence-cloud/docs/view-the-audit-log/) for more information. The connector provides ability to get events which helps to examine potential security risks, analyze your team's use of collaboration, diagnose configuration problems and more.",
          "graphQueries": [
            {
              "metricName": "Total data received",
              "legend": "Confluence_Audit_CL",
              "baseQuery": "Confluence_Audit_CL"
            }
          ],
          "dataTypes": [
            {
              "name": "Confluence_Audit_CL",
              "lastDataReceivedQuery": "Confluence_Audit_CL\n            | summarize Time = max(TimeGenerated)\n            | where isnotempty(Time)"
            }
          ],
          "connectivityCriterias": [
            {
              "type": "IsConnectedQuery",
              "value": [
                "Confluence_Audit_CL\n            | summarize LastLogReceived = max(TimeGenerated)\n            | project IsConnected = LastLogReceived > ago(30d)"
              ]
            }
          ],
          "sampleQueries": [
            {
              "description": "Confluence Audit Events - All Activities",
              "query": "ConfluenceAudit\n | sort by TimeGenerated desc"
            }
          ],
          "availability": {
            "status": 1,
            "isPreview": false
          },
          "permissions": {
            "resourceProvider": [
              {
                "provider": "Microsoft.OperationalInsights/workspaces",
                "permissionsDisplayText": "read and write permissions on the workspace are required.",
                "providerDisplayName": "Workspace",
                "scope": "Workspace",
                "requiredPermissions": {
                  "write": true,
                  "read": true,
                  "delete": true
                }
              },
              {
                "provider": "Microsoft.OperationalInsights/workspaces/sharedKeys",
                "permissionsDisplayText": "read permissions to shared keys for the workspace are required. [See the documentation to learn more about workspace keys](https://docs.microsoft.com/azure/azure-monitor/platform/agent-windows#obtain-workspace-id-and-key).",
                "providerDisplayName": "Keys",
                "scope": "Workspace",
                "requiredPermissions": {
                  "action": true
                }
              }
            ],
            "customs": [
              {
                "name": "Microsoft.Web/sites permissions",
                "description": "Read and write permissions to Azure Functions to create a Function App is required. [See the documentation to learn more about Azure Functions](https://docs.microsoft.com/azure/azure-functions/)."
              },
              {
                "name": "REST API Credentials/permissions",
                "description": "**ConfluenceAccessToken**, **ConfluenceUsername** is required for REST API. [See the documentation to learn more about API](https://developer.atlassian.com/cloud/confluence/rest/api-group-audit/). Check all [requirements and follow  the instructions](https://developer.atlassian.com/cloud/confluence/rest/intro/#auth) for obtaining credentials."
              }
            ]
          },
          "instructionSteps": [
            {
              "description": ">**NOTE:** This connector uses Azure Functions to connect to the Confluence REST API to pull its logs into Microsoft Sentinel. This might result in additional data ingestion costs. Check the [Azure Functions pricing page](https://azure.microsoft.com/pricing/details/functions/) for details."
            },
            {
              "description": ">**(Optional Step)** Securely store workspace and API authorization key(s) or token(s) in Azure Key Vault. Azure Key Vault provides a secure mechanism to store and retrieve key values. [Follow these instructions](https://docs.microsoft.com/azure/app-service/app-service-key-vault-references) to use Azure Key Vault with an Azure Function App."
            },
            {
              "description": "**STEP 1 - Configuration steps for the Confluence API**\n\n [Follow the instructions](https://developer.atlassian.com/cloud/confluence/rest/intro/#auth) to obtain the credentials. \n"
            },
            {
              "description": "**STEP 2 - Choose ONE from the following two deployment options to deploy the connector and the associated Azure Function**\n\n>**IMPORTANT:** Before deploying the Workspace data connector, have the Workspace ID and Workspace Primary Key (can be copied from the following).",
              "instructions": [
                {
                  "parameters": {
                    "fillWith": [
                      "WorkspaceId"
                    ],
                    "label": "Workspace ID"
                  },
                  "type": "CopyableLabel"
                },
                {
                  "parameters": {
                    "fillWith": [
                      "PrimaryKey"
                    ],
                    "label": "Primary Key"
                  },
                  "type": "CopyableLabel"
                }
              ]
            },
            {
              "description": "Use this method for automated deployment of the Confluence Audit data connector using an ARM Tempate.\n\n1. Click the **Deploy to Azure** button below. \n\n\t[![Deploy To Azure](https://aka.ms/deploytoazurebutton)](https://aka.ms/sentinel-confluenceauditapi-azuredeploy) [![Deploy to Azure Gov](https://aka.ms/deploytoazuregovbutton)](https://aka.ms/sentinel-confluenceauditapi-azuredeploy-gov)\n2. Select the preferred **Subscription**, **Resource Group** and **Location**. \n> **NOTE:** Within the same resource group, you can't mix Windows and Linux apps in the same region. Select existing resource group without Windows apps in it or create new resource group.\n3. Enter the **ConfluenceAccessToken**, **ConfluenceUsername**, **ConfluenceHomeSiteName** (short site name part, as example HOMESITENAME from https://community.atlassian.com) and deploy. \n4. Mark the checkbox labeled **I agree to the terms and conditions stated above**. \n5. Click **Purchase** to deploy.",
              "title": "Option 1 - Azure Resource Manager (ARM) Template"
            },
            {
              "description": "Use the following step-by-step instructions to deploy the Confluence Audit data connector manually with Azure Functions (Deployment via Visual Studio Code).",
              "title": "Option 2 - Manual Deployment of Azure Functions"
            },
            {
              "description": "**1. Deploy a Function App**\n\n> **NOTE:** You will need to [prepare VS code](https://docs.microsoft.com/azure/azure-functions/functions-create-first-function-python#prerequisites) for Azure function development.\n\n1. Download the [Azure Function App](https://aka.ms/sentinel-confluenceauditapi-functionapp) file. Extract archive to your local development computer.\n2. Start VS Code. Choose File in the main menu and select Open Folder.\n3. Select the top level folder from extracted files.\n4. Choose the Azure icon in the Activity bar, then in the **Azure: Functions** area, choose the **Deploy to function app** button.\nIf you aren't already signed in, choose the Azure icon in the Activity bar, then in the **Azure: Functions** area, choose **Sign in to Azure**\nIf you're already signed in, go to the next step.\n5. Provide the following information at the prompts:\n\n\ta. **Select folder:** Choose a folder from your workspace or browse to one that contains your function app.\n\n\tb. **Select Subscription:** Choose the subscription to use.\n\n\tc. Select **Create new Function App in Azure** (Don't choose the Advanced option)\n\n\td. **Enter a globally unique name for the function app:** Type a name that is valid in a URL path. The name you type is validated to make sure that it's unique in Azure Functions. (e.g. ConflAuditXXXXX).\n\n\te. **Select a runtime:** Choose Python 3.11.\n\n\tf. Select a location for new resources. For better performance and lower costs choose the same [region](https://azure.microsoft.com/regions/) where Microsoft Sentinel is located.\n\n6. Deployment will begin. A notification is displayed after your function app is created and the deployment package is applied.\n7. Go to Azure Portal for the Function App configuration."
            },
            {
              "description": "**2. Configure the Function App**\n\n1. In the Function App, select the Function App Name and select **Configuration**.\n2. In the **Application settings** tab, select ** New application setting**.\n3. Add each of the following application settings individually, with their respective string values (case-sensitive): \n\t\tConfluenceUsername\n\t\tConfluenceAccessToken\n\t\tConfluenceHomeSiteName\n\t\tWorkspaceID\n\t\tWorkspaceKey\n\t\tlogAnalyticsUri (optional)\n> - Use logAnalyticsUri to override the log analytics API endpoint for dedicated cloud. For example, for public cloud, leave the value empty; for Azure GovUS cloud environment, specify the value in the following format: `https://<CustomerId>.ods.opinsights.azure.us`.\n4. Once all application settings have been entered, click **Save**."
            }
          ],
          "id": "[variables('_uiConfigId1')]"
        }
      }
    },
    {
      "type": "Microsoft.OperationalInsights/workspaces/providers/contentTemplates",
      "apiVersion": "2023-04-01-preview",
      "name": "[concat(parameters('workspace'),'/Microsoft.SecurityInsights/', variables('dataConnectorTemplateNameConnectorDefinition2'), variables('dataConnectorCCPVersion'))]",
      "location": "[parameters('workspace-location')]",
      "dependsOn": [
        "[extensionResourceId(resourceId('Microsoft.OperationalInsights/workspaces', parameters('workspace')), 'Microsoft.SecurityInsights/contentPackages', variables('_solutionId'))]"
      ],
      "properties": {
        "contentId": "[variables('_dataConnectorContentIdConnectorDefinition2')]",
        "displayName": " Atlassian Confluence Audit (using REST API) (Preview)",
        "contentKind": "DataConnector",
        "mainTemplate": {
          "$schema": "https://schema.management.azure.com/schemas/2019-04-01/deploymentTemplate.json#",
          "contentVersion": "[variables('dataConnectorCCPVersion')]",
          "parameters": {},
          "variables": {},
          "resources": [
            {
              "name": "[concat(parameters('workspace'),'/Microsoft.SecurityInsights/',variables('_dataConnectorContentIdConnectorDefinition2'))]",
              "apiVersion": "2022-09-01-preview",
              "type": "Microsoft.OperationalInsights/workspaces/providers/dataConnectorDefinitions",
              "location": "[parameters('workspace-location')]",
              "kind": "Customizable",
              "properties": {
                "connectorUiConfig": {
                  "id": "ConfluenceAuditCCPDefinition",
                  "title": " Atlassian Confluence Audit (using REST API) (Preview)",
                  "publisher": "Microsoft",
                  "descriptionMarkdown": "The [Atlassian Confluence](https://www.atlassian.com/software/confluence) Audit data connector provides the capability to ingest [Confluence Audit Records](https://support.atlassian.com/confluence-cloud/docs/view-the-audit-log/) events into Microsoft Sentinel through the REST API. Refer to [API documentation](https://support.atlassian.com/confluence-cloud/docs/view-the-audit-log/) for more information. The connector provides ability to get events which helps to examine potential security risks, analyze your team's use of collaboration, diagnose configuration problems and more.",
                  "graphQueriesTableName": "Confluence_Audit_v2_CL",
                  "graphQueries": [
                    {
                      "metricName": "Total data received",
                      "legend": "Confluence Audit Events",
                      "baseQuery": "{{graphQueriesTableName}}"
                    }
                  ],
                  "sampleQueries": [
                    {
                      "description": "All Atlassian Confluence Audit logs",
                      "query": "{{graphQueriesTableName}}\n| sort by TimeGenerated desc"
                    },
                    {
                      "description": "Total Events",
                      "query": "{{graphQueriesTableName}}\n | summarize count() by OriginalEventUid"
                    }
                  ],
                  "dataTypes": [
                    {
                      "name": "{{graphQueriesTableName}}",
                      "lastDataReceivedQuery": "{{graphQueriesTableName}}|summarize Time = max  (TimeGenerated)\n|where isnotempty(Time)"
                    }
                  ],
                  "connectivityCriteria": [
                    {
                      "type": "HasDataConnectors"
                    }
                  ],
                  "availability": {
                    "isPreview": false
                  },
                  "permissions": {
                    "resourceProvider": [
                      {
                        "provider": "Microsoft.OperationalInsights/workspaces",
                        "permissionsDisplayText": "Read and Write permissions are required.",
                        "providerDisplayName": "Workspace",
                        "scope": "Workspace",
                        "requiredPermissions": {
                          "write": true,
                          "read": true,
                          "delete": true
                        }
                      }
                    ],
                    "customs": [
                      {
                        "name": "Atlassian Confluence API access",
                        "description": "Permission of [Administer Confluence](https://developer.atlassian.com/cloud/confluence/rest/v1/intro/#auth) is required to get access to the Confluence Audit logs API. See [Confluence API documentation](https://developer.atlassian.com/cloud/confluence/rest/v1/api-group-audit/#api-wiki-rest-api-audit-get) to learn more about the audit API."
                      }
                    ]
                  },
                  "instructionSteps": [
                    {
                      "description": "To enable the Atlassian Confluence connector for Microsoft Sentinel, click to add an organization, fill the form with the Confluence environment credentials and click to Connect. \n Follow [these steps](https://support.atlassian.com/atlassian-account/docs/manage-api-tokens-for-your-atlassian-account/) to create an API token.\n ",
                      "instructions": [
                        {
                          "type": "DataConnectorsGrid",
                          "parameters": {
                            "mapping": [
                              {
                                "columnName": "Atlassian Confluence organization URL",
                                "columnValue": "properties.request.apiEndpoint"
                              }
                            ],
                            "menuItems": [
                              "DeleteConnector"
                            ]
                          }
                        },
                        {
                          "type": "ContextPane",
                          "parameters": {
                            "isPrimary": true,
                            "label": "Add organization",
                            "title": "Add organization",
                            "subtitle": "Add Atlassian Confluence organization",
                            "contextPaneType": "DataConnectorsContextPane",
                            "instructionSteps": [
                              {
                                "instructions": [
                                  {
                                    "type": "Textbox",
                                    "parameters": {
                                      "label": "Atlassian Confluence organization URL",
                                      "placeholder": "<your-domain>.atlassian.net",
                                      "type": "string",
                                      "name": "confluenceorganizationurl"
                                    }
                                  },
                                  {
                                    "type": "Textbox",
                                    "parameters": {
                                      "label": "User Name",
                                      "placeholder": "User Name (e.g., user@example.com)",
                                      "type": "securestring",
                                      "name": "userid"
                                    }
                                  },
                                  {
                                    "type": "Textbox",
                                    "parameters": {
                                      "label": "API Token",
                                      "placeholder": "API Token",
                                      "type": "password",
                                      "name": "apikey"
                                    }
                                  }
                                ]
                              }
                            ]
                          }
                        }
                      ]
                    }
                  ]
                }
              }
            },
            {
              "name": "[concat(parameters('workspace'),'/Microsoft.SecurityInsights/',concat('DataConnector-', variables('_dataConnectorContentIdConnectorDefinition2')))]",
              "apiVersion": "2022-01-01-preview",
              "type": "Microsoft.OperationalInsights/workspaces/providers/metadata",
              "properties": {
                "parentId": "[extensionResourceId(resourceId('Microsoft.OperationalInsights/workspaces', parameters('workspace')), 'Microsoft.SecurityInsights/dataConnectorDefinitions', variables('_dataConnectorContentIdConnectorDefinition2'))]",
                "contentId": "[variables('_dataConnectorContentIdConnectorDefinition2')]",
                "kind": "DataConnector",
                "version": "[variables('dataConnectorCCPVersion')]",
                "source": {
                  "sourceId": "[variables('_solutionId')]",
                  "name": "[variables('_solutionName')]",
                  "kind": "Solution"
                },
                "author": {
                  "name": "Microsoft",
                  "email": "[variables('_email')]"
                },
                "support": {
                  "name": "Microsoft Corporation",
                  "email": "support@microsoft.com",
                  "tier": "Microsoft",
                  "link": "https://support.microsoft.com"
                },
                "dependencies": {
                  "criteria": [
                    {
                      "version": "[variables('dataConnectorCCPVersion')]",
                      "contentId": "[variables('_dataConnectorContentIdConnections2')]",
                      "kind": "ResourcesDataConnector"
                    }
                  ]
                }
              }
            },
            {
              "name": "AtlassianConfluenceDCR",
              "apiVersion": "2022-06-01",
              "type": "Microsoft.Insights/dataCollectionRules",
              "location": "[parameters('workspace-location')]",
              "kind": "[variables('blanks')]",
              "properties": {
                "streamDeclarations": {
                  "Custom-Confluence_Audit_v2_CL": {
                    "columns": [
                      {
                        "name": "author",
                        "type": "dynamic"
                      },
                      {
                        "name": "remoteAddress",
                        "type": "string"
                      },
                      {
                        "name": "creationDate",
                        "type": "long"
                      },
                      {
                        "name": "summary",
                        "type": "string"
                      },
                      {
                        "name": "description",
                        "type": "string"
                      },
                      {
                        "name": "category",
                        "type": "string"
                      },
                      {
                        "name": "sysAdmin",
                        "type": "boolean"
                      },
                      {
                        "name": "superAdmin",
                        "type": "boolean"
                      },
                      {
                        "name": "affectedObject",
                        "type": "dynamic"
                      },
                      {
                        "name": "changedValues",
                        "type": "dynamic"
                      },
                      {
                        "name": "associatedObjects",
                        "type": "dynamic"
                      }
                    ]
                  }
                },
                "dataSources": "[variables('TemplateEmptyObject')]",
                "destinations": {
                  "logAnalytics": [
                    {
                      "workspaceResourceId": "[variables('workspaceResourceId')]",
                      "name": "clv2ws1"
                    }
                  ]
                },
                "dataFlows": [
                  {
                    "streams": [
                      "Custom-Confluence_Audit_v2_CL"
                    ],
                    "destinations": [
                      "clv2ws1"
                    ],
                    "transformKql": "source\n| extend   TimeGenerated = now(),   EventVendor=\"Atlassian\",   EventProduct=\"Confluence Audit\"\n|project-rename Author=author,\n   EventSummary=summary,\n   EventCategory=category,\n   AffectedObject=affectedObject,\n   ChangedValues=changedValues,\n   AssociatedObjects=associatedObjects,\n   RemoteAddress=remoteAddress,\n   CreationDate=creationDate,\n Description=description,\n   SysAdmin=sysAdmin,\n   SuperAdmin=superAdmin\n| extend AuthorDisplayName=tostring(Author.displayName),\n   AuthorType=tostring(Author.type),\n   AuthorAccountId=tostring(Author.accountId),\n  AffectedObjectName=tostring(AffectedObject.name),\n  AffectedObjectType=tostring(AffectedObject.type)         ",
                    "outputStream": "Custom-Confluence_Audit_v2_CL"
                  }
                ],
                "dataCollectionEndpointId": "[concat('/subscriptions/',parameters('subscription'),'/resourceGroups/',parameters('resourceGroupName'),'/providers/Microsoft.Insights/dataCollectionEndpoints/',parameters('workspace'))]"
              }
            },
            {
              "name": "Confluence_Audit_v2_CL",
              "apiVersion": "2022-10-01",
              "type": "Microsoft.OperationalInsights/workspaces/tables",
              "location": "[parameters('workspace-location')]",
              "kind": null,
              "properties": {
                "schema": {
                  "tableSubType": "DataCollectionRuleBased",
                  "name": "Confluence_Audit_v2_CL",
                  "tableType": "CustomLog",
                  "columns": [
                    {
                      "name": "Author",
                      "type": "dynamic",
                      "isDefaultDisplay": false,
                      "isHidden": false
                    },
                    {
                      "name": "RemoteAddress",
                      "type": "string",
                      "isDefaultDisplay": false,
                      "isHidden": false
                    },
                    {
                      "name": "CreationDate",
                      "type": "long",
                      "isDefaultDisplay": false,
                      "isHidden": false
                    },
                    {
                      "name": "EventSummary",
                      "type": "string",
                      "isDefaultDisplay": false,
                      "isHidden": false
                    },
                    {
                      "name": "Description",
                      "type": "string",
                      "isDefaultDisplay": false,
                      "isHidden": false
                    },
                    {
                      "name": "EventCategory",
                      "type": "string",
                      "isDefaultDisplay": false,
                      "isHidden": false
                    },
                    {
                      "name": "SysAdmin",
                      "type": "boolean",
                      "isDefaultDisplay": false,
                      "isHidden": false
                    },
                    {
                      "name": "SuperAdmin",
                      "type": "boolean",
                      "isDefaultDisplay": false,
                      "isHidden": false
                    },
                    {
                      "name": "AffectedObject",
                      "type": "dynamic",
                      "isDefaultDisplay": false,
                      "isHidden": false
                    },
                    {
                      "name": "ChangedValues",
                      "type": "dynamic",
                      "isDefaultDisplay": false,
                      "isHidden": false
                    },
                    {
                      "name": "AssociatedObjects",
                      "type": "dynamic",
                      "isDefaultDisplay": false,
                      "isHidden": false
                    },
                    {
                      "name": "TimeGenerated",
                      "type": "datetime",
                      "isDefaultDisplay": false,
                      "isHidden": false
                    },
                    {
                      "name": "EventVendor",
                      "type": "string",
                      "isDefaultDisplay": false,
                      "isHidden": false
                    },
                    {
                      "name": "EventProduct",
                      "type": "string",
                      "isDefaultDisplay": false,
                      "isHidden": false
                    },
                    {
                      "name": "AuthorDisplayName",
                      "type": "string",
                      "isDefaultDisplay": false,
                      "isHidden": false
                    },
                    {
                      "name": "AuthorType",
                      "type": "string",
                      "isDefaultDisplay": false,
                      "isHidden": false
                    },
                    {
                      "name": "AuthorAccountId",
                      "type": "string",
                      "isDefaultDisplay": false,
                      "isHidden": false
                    },
                    {
                      "name": "AffectedObjectName",
                      "type": "string",
                      "isDefaultDisplay": false,
                      "isHidden": false
                    },
                    {
                      "name": "AffectedObjectType",
                      "type": "string",
                      "isDefaultDisplay": false,
                      "isHidden": false
                    }
                  ],
                  "isTroubleshootingAllowed": true
                }
              }
            }
          ]
        },
        "packageKind": "Solution",
        "packageVersion": "[variables('_solutionVersion')]",
        "packageName": "[variables('_solutionName')]",
        "contentProductId": "[concat(take(variables('_solutionId'), 50),'-','dc','-', uniqueString(concat(variables('_solutionId'),'-','DataConnector','-',variables('_dataConnectorContentIdConnectorDefinition2'),'-', variables('dataConnectorCCPVersion'))))]",
        "packageId": "[variables('_solutionId')]",
        "contentSchemaVersion": "3.0.0",
        "version": "[variables('dataConnectorCCPVersion')]"
      }
    },
    {
      "name": "[concat(parameters('workspace'),'/Microsoft.SecurityInsights/',variables('_dataConnectorContentIdConnectorDefinition2'))]",
      "apiVersion": "2022-09-01-preview",
      "type": "Microsoft.OperationalInsights/workspaces/providers/dataConnectorDefinitions",
      "location": "[parameters('workspace-location')]",
      "kind": "Customizable",
      "properties": {
        "connectorUiConfig": {
          "id": "ConfluenceAuditCCPDefinition",
          "title": " Atlassian Confluence Audit (using REST API) (Preview)",
          "publisher": "Microsoft",
          "descriptionMarkdown": "The [Atlassian Confluence](https://www.atlassian.com/software/confluence) Audit data connector provides the capability to ingest [Confluence Audit Records](https://support.atlassian.com/confluence-cloud/docs/view-the-audit-log/) events into Microsoft Sentinel through the REST API. Refer to [API documentation](https://support.atlassian.com/confluence-cloud/docs/view-the-audit-log/) for more information. The connector provides ability to get events which helps to examine potential security risks, analyze your team's use of collaboration, diagnose configuration problems and more.",
          "graphQueriesTableName": "Confluence_Audit_v2_CL",
          "graphQueries": [
            {
              "metricName": "Total data received",
              "legend": "Confluence Audit Events",
              "baseQuery": "{{graphQueriesTableName}}"
            }
          ],
          "sampleQueries": [
            {
              "description": "All Atlassian Confluence Audit logs",
              "query": "{{graphQueriesTableName}}\n| sort by TimeGenerated desc"
            },
            {
              "description": "Total Events",
              "query": "{{graphQueriesTableName}}\n | summarize count() by OriginalEventUid"
            }
          ],
          "dataTypes": [
            {
              "name": "{{graphQueriesTableName}}",
              "lastDataReceivedQuery": "{{graphQueriesTableName}}|summarize Time = max  (TimeGenerated)\n|where isnotempty(Time)"
            }
          ],
          "connectivityCriteria": [
            {
              "type": "HasDataConnectors"
            }
          ],
          "availability": {
            "isPreview": false
          },
          "permissions": {
            "resourceProvider": [
              {
                "provider": "Microsoft.OperationalInsights/workspaces",
                "permissionsDisplayText": "Read and Write permissions are required.",
                "providerDisplayName": "Workspace",
                "scope": "Workspace",
                "requiredPermissions": {
                  "write": true,
                  "read": true,
                  "delete": true
                }
              }
            ],
            "customs": [
              {
                "name": "Atlassian Confluence API access",
                "description": "Permission of [Administer Confluence](https://developer.atlassian.com/cloud/confluence/rest/v1/intro/#auth) is required to get access to the Confluence Audit logs API. See [Confluence API documentation](https://developer.atlassian.com/cloud/confluence/rest/v1/api-group-audit/#api-wiki-rest-api-audit-get) to learn more about the audit API."
              }
            ]
          },
          "instructionSteps": [
            {
              "description": "To enable the Atlassian Confluence connector for Microsoft Sentinel, click to add an organization, fill the form with the Confluence environment credentials and click to Connect. \n Follow [these steps](https://support.atlassian.com/atlassian-account/docs/manage-api-tokens-for-your-atlassian-account/) to create an API token.\n ",
              "instructions": [
                {
                  "type": "DataConnectorsGrid",
                  "parameters": {
                    "mapping": [
                      {
                        "columnName": "Atlassian Confluence organization URL",
                        "columnValue": "properties.request.apiEndpoint"
                      }
                    ],
                    "menuItems": [
                      "DeleteConnector"
                    ]
                  }
                },
                {
                  "type": "ContextPane",
                  "parameters": {
                    "isPrimary": true,
                    "label": "Add organization",
                    "title": "Add organization",
                    "subtitle": "Add Atlassian Confluence organization",
                    "contextPaneType": "DataConnectorsContextPane",
                    "instructionSteps": [
                      {
                        "instructions": [
                          {
                            "type": "Textbox",
                            "parameters": {
                              "label": "Atlassian Confluence organization URL",
                              "placeholder": "<your-domain>.atlassian.net",
                              "type": "string",
                              "name": "confluenceorganizationurl"
                            }
                          },
                          {
                            "type": "Textbox",
                            "parameters": {
                              "label": "User Name",
                              "placeholder": "User Name (e.g., user@example.com)",
                              "type": "securestring",
                              "name": "userid"
                            }
                          },
                          {
                            "type": "Textbox",
                            "parameters": {
                              "label": "API Token",
                              "placeholder": "API Token",
                              "type": "password",
                              "name": "apikey"
                            }
                          }
                        ]
                      }
                    ]
                  }
                }
              ]
            }
          ]
        }
      }
    },
    {
      "name": "[concat(parameters('workspace'),'/Microsoft.SecurityInsights/',concat('DataConnector-', variables('_dataConnectorContentIdConnectorDefinition2')))]",
      "apiVersion": "2022-01-01-preview",
      "type": "Microsoft.OperationalInsights/workspaces/providers/metadata",
      "properties": {
        "parentId": "[extensionResourceId(resourceId('Microsoft.OperationalInsights/workspaces', parameters('workspace')), 'Microsoft.SecurityInsights/dataConnectorDefinitions', variables('_dataConnectorContentIdConnectorDefinition2'))]",
        "contentId": "[variables('_dataConnectorContentIdConnectorDefinition2')]",
        "kind": "DataConnector",
        "version": "[variables('dataConnectorCCPVersion')]",
        "source": {
          "sourceId": "[variables('_solutionId')]",
          "name": "[variables('_solutionName')]",
          "kind": "Solution"
        },
        "author": {
          "name": "Microsoft",
          "email": "[variables('_email')]"
        },
        "support": {
          "name": "Microsoft Corporation",
          "email": "support@microsoft.com",
          "tier": "Microsoft",
          "link": "https://support.microsoft.com"
        },
        "dependencies": {
          "criteria": [
            {
              "version": "[variables('dataConnectorCCPVersion')]",
              "contentId": "[variables('_dataConnectorContentIdConnections2')]",
              "kind": "ResourcesDataConnector"
            }
          ]
        }
      }
    },
    {
      "type": "Microsoft.OperationalInsights/workspaces/providers/contentTemplates",
      "apiVersion": "2023-04-01-preview",
      "name": "[concat(parameters('workspace'),'/Microsoft.SecurityInsights/', variables('dataConnectorTemplateNameConnections2'), variables('dataConnectorCCPVersion'))]",
      "location": "[parameters('workspace-location')]",
      "dependsOn": [
        "[extensionResourceId(resourceId('Microsoft.OperationalInsights/workspaces', parameters('workspace')), 'Microsoft.SecurityInsights/contentPackages', variables('_solutionId'))]"
      ],
      "properties": {
        "contentId": "[variables('_dataConnectorContentIdConnections2')]",
        "displayName": " Atlassian Confluence Audit (using REST API) (Preview)",
        "contentKind": "ResourcesDataConnector",
        "mainTemplate": {
          "$schema": "https://schema.management.azure.com/schemas/2019-04-01/deploymentTemplate.json#",
          "contentVersion": "[variables('dataConnectorCCPVersion')]",
          "parameters": {
            "guidValue": {
              "defaultValue": "[[newGuid()]",
              "type": "string"
            },
            "innerWorkspace": {
              "defaultValue": "[parameters('workspace')]",
              "type": "string"
            },
            "userid": {
              "defaultValue": "Enter userid value",
              "type": "string",
              "minLength": 4
            },
            "apikey": {
              "defaultValue": "-NA-",
              "type": "securestring",
              "minLength": 4
            },
            "connectorDefinitionName": {
              "defaultValue": " Atlassian Confluence Audit (using REST API) (Preview)",
              "type": "string",
              "minLength": 1
            },
            "workspace": {
              "defaultValue": "[parameters('workspace')]",
              "type": "string"
            },
            "dcrConfig": {
              "defaultValue": {
                "dataCollectionEndpoint": "data collection Endpoint",
                "dataCollectionRuleImmutableId": "data collection rule immutableId"
              },
              "type": "object"
            },
            "confluenceorganizationurl": {
              "defaultValue": "confluenceorganizationurl",
              "type": "string",
              "minLength": 1
            }
          },
          "variables": {
            "_dataConnectorContentIdConnections2": "[variables('_dataConnectorContentIdConnections2')]"
          },
          "resources": [
            {
              "name": "[concat(parameters('workspace'),'/Microsoft.SecurityInsights/',concat('DataConnector-', variables('_dataConnectorContentIdConnections2')))]",
              "apiVersion": "2022-01-01-preview",
              "type": "Microsoft.OperationalInsights/workspaces/providers/metadata",
              "properties": {
                "parentId": "[extensionResourceId(resourceId('Microsoft.OperationalInsights/workspaces', parameters('workspace')), 'Microsoft.SecurityInsights/dataConnectors', variables('_dataConnectorContentIdConnections2'))]",
                "contentId": "[variables('_dataConnectorContentIdConnections2')]",
                "kind": "ResourcesDataConnector",
                "version": "[variables('dataConnectorCCPVersion')]",
                "source": {
                  "sourceId": "[variables('_solutionId')]",
                  "name": "[variables('_solutionName')]",
                  "kind": "Solution"
                },
                "author": {
                  "name": "Microsoft",
                  "email": "[variables('_email')]"
                },
                "support": {
                  "name": "Microsoft Corporation",
                  "email": "support@microsoft.com",
                  "tier": "Microsoft",
                  "link": "https://support.microsoft.com"
                }
              }
            },
            {
              "name": "[[concat(parameters('innerWorkspace'),'/Microsoft.SecurityInsights/', 'ConfluenceAuditCCPPolling', parameters('guidValue'))]",
              "apiVersion": "2023-02-01-preview",
              "type": "Microsoft.OperationalInsights/workspaces/providers/dataConnectors",
              "location": "[parameters('workspace-location')]",
              "kind": "RestApiPoller",
              "properties": {
                "connectorDefinitionName": "ConfluenceAuditCCPDefinition",
                "dataType": "Confluence_Audit_v2_CL",
                "dcrConfig": {
                  "dataCollectionEndpoint": "[[parameters('dcrConfig').dataCollectionEndpoint]",
                  "dataCollectionRuleImmutableId": "[[parameters('dcrConfig').dataCollectionRuleImmutableId]",
                  "streamName": "Custom-Confluence_Audit_v2_CL"
                },
                "auth": {
                  "type": "Basic",
                  "UserName": "[[parameters('userid')]",
                  "Password": "[[parameters('apikey')]"
                },
                "request": {
                  "apiEndpoint": "[[concat('https://',parameters('confluenceorganizationurl'),'/wiki/rest/api/audit')]",
                  "httpMethod": "GET",
                  "retryCount": 3,
                  "timeoutInSeconds": 60,
                  "queryTimeFormat": "UnixTimestampInMills",
                  "startTimeAttributeName": "startDate",
                  "endTimeAttributeName": "endDate",
                  "headers": {
                    "Accept": "application/json",
                    "User-Agent": "Scuba"
                  }
                },
                "paging": {
                  "pagingType": "Offset",
                  "offsetParaName": "start",
                  "pageSizeParaName": "limit",
                  "pageSize": 1000
                },
                "response": {
                  "eventsJsonPaths": [
                    "$.results"
                  ],
                  "format": "json"
                }
              }
            }
          ]
        },
        "packageKind": "Solution",
        "packageVersion": "[variables('_solutionVersion')]",
        "packageName": "[variables('_solutionName')]",
        "contentProductId": "[concat(take(variables('_solutionId'), 50),'-','rdc','-', uniqueString(concat(variables('_solutionId'),'-','ResourcesDataConnector','-',variables('_dataConnectorContentIdConnections2'),'-', variables('dataConnectorCCPVersion'))))]",
        "packageId": "[variables('_solutionId')]",
        "contentSchemaVersion": "3.0.0",
        "version": "[variables('dataConnectorCCPVersion')]"
      }
    },
    {
      "type": "Microsoft.OperationalInsights/workspaces/providers/contentTemplates",
      "apiVersion": "2023-04-01-preview",
      "name": "[variables('parserObject1').parserTemplateSpecName1]",
      "location": "[parameters('workspace-location')]",
      "dependsOn": [
        "[extensionResourceId(resourceId('Microsoft.OperationalInsights/workspaces', parameters('workspace')), 'Microsoft.SecurityInsights/contentPackages', variables('_solutionId'))]"
      ],
      "properties": {
        "description": "ConfluenceAudit Data Parser with template version 3.0.3",
        "mainTemplate": {
          "$schema": "https://schema.management.azure.com/schemas/2019-04-01/deploymentTemplate.json#",
          "contentVersion": "[variables('parserObject1').parserVersion1]",
          "parameters": {},
          "variables": {},
          "resources": [
            {
              "name": "[variables('parserObject1')._parserName1]",
              "apiVersion": "2022-10-01",
              "type": "Microsoft.OperationalInsights/workspaces/savedSearches",
              "location": "[parameters('workspace-location')]",
              "properties": {
                "eTag": "*",
                "displayName": "ConfluenceAudit",
                "category": "Microsoft Sentinel Parser",
                "functionAlias": "ConfluenceAudit",
                "query": "let Confluence_Audit_view  = view () { \n    Confluence_Audit_CL\n    | extend \n                EventVendor=\"Atlassian\",\n                EventProduct=\"Confluence\",\n                AuthorUsername=column_ifexists('author_username_s', ''),\n\t\t        AuthorUserKey=column_ifexists('author_userKey_g', ''),\n                AuthorAccountId=column_ifexists('author_accountId_s', ''),\n                AuthorType=column_ifexists('author_type_s', ''),\n                AuthorDisplayName=column_ifexists('author_displayName_s', ''),\n                AuthorIsExternalCollaborator=column_ifexists('author_isExternalCollaborator_b', ''),\n                AuthorAccountType=column_ifexists('author_accountType_s', ''),\n                AuthorPublicName=column_ifexists('author_publicName_s', ''),\n                AuthorExternalCollaborator=column_ifexists('author_externalCollaborator_b', ''),\n                RemoteAddress=column_ifexists('remoteAddress_s', ''),\n                CreationDate=column_ifexists('creationDate_d', ''),\n                Summary=column_ifexists('summary_s', ''),\n                Description=column_ifexists('description_s', ''),\n                Category=column_ifexists('Category', ''),\n                SysAdmin=column_ifexists('sysAdmin_b', ''),\n                SuperAdmin=column_ifexists('superAdmin_b', ''),\n                AffectedObjectName=column_ifexists('affectedObject_name_s', ''),\n                AffectedObjectObjectType=column_ifexists('affectedObject_objectType_s', ''),\n                ChangedValues=column_ifexists('changedValues_s', ''),\n                AssociatedObjects=column_ifexists('associatedObjects_s', ''),\n                UserIdentity=column_ifexists('author_accountId_s', ''),\n                SrcUserName=column_ifexists('author_displayName_s', ''),\n                DstUserSid=column_ifexists('author_userKey_s', ''),\n                SrcIpAddr=column_ifexists('remoteAddress_s', ''),\n                EventCreationTime=column_ifexists('creationDate_d', ''),\n                EventMessage=column_ifexists('summary_s', ''),\n                EventCategoryType =column_ifexists('Category', '')             \n    | project\n                TimeGenerated, \n                EventVendor,\n                EventProduct,\n                AuthorUsername,\n                AuthorAccountId,\n                AuthorType,\n                AuthorDisplayName,\n                AuthorIsExternalCollaborator,\n                AuthorUserKey,\n                AuthorAccountType,\n                AuthorPublicName,\n                AuthorExternalCollaborator,\n                RemoteAddress,\n                CreationDate,\n                Summary,\n                Description,\n                Category,\n                SysAdmin,\n                SuperAdmin,\n                AffectedObjectName,\n                AffectedObjectObjectType,\n                ChangedValues,\n                AssociatedObjects,\n                UserIdentity,\n                SrcUserName,\n                DstUserSid,\n                SrcIpAddr,\n                EventCreationTime,\n                EventMessage,\n                EventCategoryType               \n};\nConfluence_Audit_view\n",
                "functionParameters": "",
                "version": 2,
                "tags": [
                  {
                    "name": "description",
                    "value": ""
                  }
                ]
              }
            },
            {
              "type": "Microsoft.OperationalInsights/workspaces/providers/metadata",
              "apiVersion": "2022-01-01-preview",
              "name": "[concat(parameters('workspace'),'/Microsoft.SecurityInsights/',concat('Parser-', last(split(variables('parserObject1')._parserId1,'/'))))]",
              "dependsOn": [
                "[variables('parserObject1')._parserId1]"
              ],
              "properties": {
                "parentId": "[resourceId('Microsoft.OperationalInsights/workspaces/savedSearches', parameters('workspace'), 'ConfluenceAudit')]",
                "contentId": "[variables('parserObject1').parserContentId1]",
                "kind": "Parser",
                "version": "[variables('parserObject1').parserVersion1]",
                "source": {
                  "name": "AtlassianConfluenceAudit",
                  "kind": "Solution",
                  "sourceId": "[variables('_solutionId')]"
                },
                "author": {
                  "name": "Microsoft",
                  "email": "[variables('_email')]"
                },
                "support": {
                  "name": "Microsoft Corporation",
                  "email": "support@microsoft.com",
                  "tier": "Microsoft",
                  "link": "https://support.microsoft.com"
                }
              }
            }
          ]
        },
        "packageKind": "Solution",
        "packageVersion": "[variables('_solutionVersion')]",
        "packageName": "[variables('_solutionName')]",
        "packageId": "[variables('_solutionId')]",
        "contentSchemaVersion": "3.0.0",
        "contentId": "[variables('parserObject1').parserContentId1]",
        "contentKind": "Parser",
        "displayName": "ConfluenceAudit",
        "contentProductId": "[concat(take(variables('_solutionId'),50),'-','pr','-', uniqueString(concat(variables('_solutionId'),'-','Parser','-',variables('parserObject1').parserContentId1,'-', '1.0.0')))]",
        "id": "[concat(take(variables('_solutionId'),50),'-','pr','-', uniqueString(concat(variables('_solutionId'),'-','Parser','-',variables('parserObject1').parserContentId1,'-', '1.0.0')))]",
        "version": "[variables('parserObject1').parserVersion1]"
      }
    },
    {
      "type": "Microsoft.OperationalInsights/workspaces/savedSearches",
      "apiVersion": "2022-10-01",
      "name": "[variables('parserObject1')._parserName1]",
      "location": "[parameters('workspace-location')]",
      "properties": {
        "eTag": "*",
        "displayName": "ConfluenceAudit",
        "category": "Microsoft Sentinel Parser",
        "functionAlias": "ConfluenceAudit",
        "query": "let Confluence_Audit_view  = view () { \n    Confluence_Audit_CL\n    | extend \n                EventVendor=\"Atlassian\",\n                EventProduct=\"Confluence\",\n                AuthorUsername=column_ifexists('author_username_s', ''),\n\t\t        AuthorUserKey=column_ifexists('author_userKey_g', ''),\n                AuthorAccountId=column_ifexists('author_accountId_s', ''),\n                AuthorType=column_ifexists('author_type_s', ''),\n                AuthorDisplayName=column_ifexists('author_displayName_s', ''),\n                AuthorIsExternalCollaborator=column_ifexists('author_isExternalCollaborator_b', ''),\n                AuthorAccountType=column_ifexists('author_accountType_s', ''),\n                AuthorPublicName=column_ifexists('author_publicName_s', ''),\n                AuthorExternalCollaborator=column_ifexists('author_externalCollaborator_b', ''),\n                RemoteAddress=column_ifexists('remoteAddress_s', ''),\n                CreationDate=column_ifexists('creationDate_d', ''),\n                Summary=column_ifexists('summary_s', ''),\n                Description=column_ifexists('description_s', ''),\n                Category=column_ifexists('Category', ''),\n                SysAdmin=column_ifexists('sysAdmin_b', ''),\n                SuperAdmin=column_ifexists('superAdmin_b', ''),\n                AffectedObjectName=column_ifexists('affectedObject_name_s', ''),\n                AffectedObjectObjectType=column_ifexists('affectedObject_objectType_s', ''),\n                ChangedValues=column_ifexists('changedValues_s', ''),\n                AssociatedObjects=column_ifexists('associatedObjects_s', ''),\n                UserIdentity=column_ifexists('author_accountId_s', ''),\n                SrcUserName=column_ifexists('author_displayName_s', ''),\n                DstUserSid=column_ifexists('author_userKey_s', ''),\n                SrcIpAddr=column_ifexists('remoteAddress_s', ''),\n                EventCreationTime=column_ifexists('creationDate_d', ''),\n                EventMessage=column_ifexists('summary_s', ''),\n                EventCategoryType =column_ifexists('Category', '')             \n    | project\n                TimeGenerated, \n                EventVendor,\n                EventProduct,\n                AuthorUsername,\n                AuthorAccountId,\n                AuthorType,\n                AuthorDisplayName,\n                AuthorIsExternalCollaborator,\n                AuthorUserKey,\n                AuthorAccountType,\n                AuthorPublicName,\n                AuthorExternalCollaborator,\n                RemoteAddress,\n                CreationDate,\n                Summary,\n                Description,\n                Category,\n                SysAdmin,\n                SuperAdmin,\n                AffectedObjectName,\n                AffectedObjectObjectType,\n                ChangedValues,\n                AssociatedObjects,\n                UserIdentity,\n                SrcUserName,\n                DstUserSid,\n                SrcIpAddr,\n                EventCreationTime,\n                EventMessage,\n                EventCategoryType               \n};\nConfluence_Audit_view\n",
        "functionParameters": "",
        "version": 2,
        "tags": [
          {
            "name": "description",
            "value": ""
          }
        ]
      }
    },
    {
      "type": "Microsoft.OperationalInsights/workspaces/providers/metadata",
      "apiVersion": "2022-01-01-preview",
      "location": "[parameters('workspace-location')]",
      "name": "[concat(parameters('workspace'),'/Microsoft.SecurityInsights/',concat('Parser-', last(split(variables('parserObject1')._parserId1,'/'))))]",
      "dependsOn": [
        "[variables('parserObject1')._parserId1]"
      ],
      "properties": {
        "parentId": "[resourceId('Microsoft.OperationalInsights/workspaces/savedSearches', parameters('workspace'), 'ConfluenceAudit')]",
        "contentId": "[variables('parserObject1').parserContentId1]",
        "kind": "Parser",
        "version": "[variables('parserObject1').parserVersion1]",
        "source": {
          "kind": "Solution",
          "name": "AtlassianConfluenceAudit",
          "sourceId": "[variables('_solutionId')]"
        },
        "author": {
          "name": "Microsoft",
          "email": "[variables('_email')]"
        },
        "support": {
          "name": "Microsoft Corporation",
          "email": "support@microsoft.com",
          "tier": "Microsoft",
          "link": "https://support.microsoft.com"
        }
      }
    },
    {
      "type": "Microsoft.OperationalInsights/workspaces/providers/contentTemplates",
      "apiVersion": "2023-04-01-preview",
      "name": "[variables('parserObject2').parserTemplateSpecName2]",
      "location": "[parameters('workspace-location')]",
      "dependsOn": [
        "[extensionResourceId(resourceId('Microsoft.OperationalInsights/workspaces', parameters('workspace')), 'Microsoft.SecurityInsights/contentPackages', variables('_solutionId'))]"
      ],
      "properties": {
        "description": "ConfluenceAuditV2 Data Parser with template version 3.0.3",
        "mainTemplate": {
          "$schema": "https://schema.management.azure.com/schemas/2019-04-01/deploymentTemplate.json#",
          "contentVersion": "[variables('parserObject2').parserVersion2]",
          "parameters": {},
          "variables": {},
          "resources": [
            {
              "name": "[variables('parserObject2')._parserName2]",
              "apiVersion": "2022-10-01",
              "type": "Microsoft.OperationalInsights/workspaces/savedSearches",
              "location": "[parameters('workspace-location')]",
              "properties": {
                "eTag": "*",
                "displayName": "Parser for CCP ConfluenceAuditV2",
                "category": "Microsoft Sentinel Parser",
                "functionAlias": "ConfluenceAuditV2",
                "query": "let ConfluenceAuditV2 = view() {\nConfluence_Audit_v2_CL\n | extend TimeGeneratedSource = unixtime_milliseconds_todatetime(CreationDate)\n | project TimeGeneratedSource, TimeGenerated, EventVendor, EventProduct, EventSummary, EventCategory, Description, RemoteAddress, AuthorAccountId, AuthorDisplayName, AuthorType, AffectedObject, AffectedObjectName, AffectedObjectType, ChangedValues, AssociatedObjects, SysAdmin, SuperAdmin, CreationDate\n };\n ConfluenceAuditV2\n",
                "functionParameters": "",
                "version": 2,
                "tags": [
                  {
                    "name": "description",
                    "value": ""
                  }
                ]
              }
            },
            {
              "type": "Microsoft.OperationalInsights/workspaces/providers/metadata",
              "apiVersion": "2022-01-01-preview",
              "name": "[concat(parameters('workspace'),'/Microsoft.SecurityInsights/',concat('Parser-', last(split(variables('parserObject2')._parserId2,'/'))))]",
              "dependsOn": [
                "[variables('parserObject2')._parserId2]"
              ],
              "properties": {
                "parentId": "[resourceId('Microsoft.OperationalInsights/workspaces/savedSearches', parameters('workspace'), 'ConfluenceAuditV2')]",
                "contentId": "[variables('parserObject2').parserContentId2]",
                "kind": "Parser",
                "version": "[variables('parserObject2').parserVersion2]",
                "source": {
                  "name": "AtlassianConfluenceAudit",
                  "kind": "Solution",
                  "sourceId": "[variables('_solutionId')]"
                },
                "author": {
                  "name": "Microsoft",
                  "email": "[variables('_email')]"
                },
                "support": {
                  "name": "Microsoft Corporation",
                  "email": "support@microsoft.com",
                  "tier": "Microsoft",
                  "link": "https://support.microsoft.com"
                }
              }
            }
          ]
        },
        "packageKind": "Solution",
        "packageVersion": "[variables('_solutionVersion')]",
        "packageName": "[variables('_solutionName')]",
        "packageId": "[variables('_solutionId')]",
        "contentSchemaVersion": "3.0.0",
        "contentId": "[variables('parserObject2').parserContentId2]",
        "contentKind": "Parser",
        "displayName": "Parser for CCP ConfluenceAuditV2",
        "contentProductId": "[concat(take(variables('_solutionId'),50),'-','pr','-', uniqueString(concat(variables('_solutionId'),'-','Parser','-',variables('parserObject2').parserContentId2,'-', '1.0.0')))]",
        "id": "[concat(take(variables('_solutionId'),50),'-','pr','-', uniqueString(concat(variables('_solutionId'),'-','Parser','-',variables('parserObject2').parserContentId2,'-', '1.0.0')))]",
        "version": "[variables('parserObject2').parserVersion2]"
      }
    },
    {
      "type": "Microsoft.OperationalInsights/workspaces/savedSearches",
      "apiVersion": "2022-10-01",
      "name": "[variables('parserObject2')._parserName2]",
      "location": "[parameters('workspace-location')]",
      "properties": {
        "eTag": "*",
        "displayName": "Parser for CCP ConfluenceAuditV2",
        "category": "Microsoft Sentinel Parser",
        "functionAlias": "ConfluenceAuditV2",
        "query": "let ConfluenceAuditV2 = view() {\nConfluence_Audit_v2_CL\n | extend TimeGeneratedSource = unixtime_milliseconds_todatetime(CreationDate)\n | project TimeGeneratedSource, TimeGenerated, EventVendor, EventProduct, EventSummary, EventCategory, Description, RemoteAddress, AuthorAccountId, AuthorDisplayName, AuthorType, AffectedObject, AffectedObjectName, AffectedObjectType, ChangedValues, AssociatedObjects, SysAdmin, SuperAdmin, CreationDate\n };\n ConfluenceAuditV2\n",
        "functionParameters": "",
        "version": 2,
        "tags": [
          {
            "name": "description",
            "value": ""
          }
        ]
      }
    },
    {
      "type": "Microsoft.OperationalInsights/workspaces/providers/metadata",
      "apiVersion": "2022-01-01-preview",
      "location": "[parameters('workspace-location')]",
      "name": "[concat(parameters('workspace'),'/Microsoft.SecurityInsights/',concat('Parser-', last(split(variables('parserObject2')._parserId2,'/'))))]",
      "dependsOn": [
        "[variables('parserObject2')._parserId2]"
      ],
      "properties": {
        "parentId": "[resourceId('Microsoft.OperationalInsights/workspaces/savedSearches', parameters('workspace'), 'ConfluenceAuditV2')]",
        "contentId": "[variables('parserObject2').parserContentId2]",
        "kind": "Parser",
        "version": "[variables('parserObject2').parserVersion2]",
        "source": {
          "kind": "Solution",
          "name": "AtlassianConfluenceAudit",
          "sourceId": "[variables('_solutionId')]"
        },
        "author": {
          "name": "Microsoft",
          "email": "[variables('_email')]"
        },
        "support": {
          "name": "Microsoft Corporation",
          "email": "support@microsoft.com",
          "tier": "Microsoft",
          "link": "https://support.microsoft.com"
        }
      }
    },
    {
      "type": "Microsoft.OperationalInsights/workspaces/providers/contentPackages",
      "apiVersion": "2023-04-01-preview",
      "location": "[parameters('workspace-location')]",
      "properties": {
        "version": "3.0.3",
        "kind": "Solution",
        "contentSchemaVersion": "3.0.0",
        "displayName": "AtlassianConfluenceAudit",
        "publisherDisplayName": "Microsoft Sentinel, Microsoft Corporation",
        "descriptionHtml": "<p><strong>Note:</strong> Please refer to the following before installing the solution:</p>\n<p>• Review the solution <a href=\"https://github.com/Azure/Azure-Sentinel/tree/master/Solutions/AtlassianConfluenceAudit/ReleaseNotes.md\">Release Notes</a></p>\n<p>• There may be <a href=\"https://aka.ms/sentinelsolutionsknownissues\">known issues</a> pertaining to this Solution, please refer to them before installing.</p>\n<p>The <a href=\"https://www.atlassian.com/software/confluence\">Atlassian Confluence Audit</a> solution provides the capability to ingest <a href=\"https://support.atlassian.com/confluence-cloud/docs/view-the-audit-log/\">Confluence Audit Records</a> into Microsoft Sentinel.</p>\n<p><strong>Underlying Microsoft Technologies used:</strong></p>\n<p>This solution takes a dependency on the following technologies, and some of these dependencies either may be in <a href=\"https://azure.microsoft.com/support/legal/preview-supplemental-terms/\">Preview</a> state or might result in additional ingestion or operational costs:</p>\n<ol type=\"a\">\n<li><p><a href=\"https://docs.microsoft.com/azure/azure-monitor/logs/data-collector-api\">Azure Monitor HTTP Data Collector API</a></p>\n</li>\n<li><p><a href=\"https://azure.microsoft.com/services/functions/#overview\">Azure Functions</a></p>\n</li>\n</ol>\n<p><strong>Data Connectors:</strong> 2, <strong>Parsers:</strong> 2</p>\n<p><a href=\"https://aka.ms/azuresentinel\">Learn more about Microsoft Sentinel</a> | <a href=\"https://aka.ms/azuresentinelsolutionsdoc\">Learn more about Solutions</a></p>\n",
        "contentKind": "Solution",
        "contentProductId": "[variables('_solutioncontentProductId')]",
        "id": "[variables('_solutioncontentProductId')]",
        "icon": "<img src=\"https://raw.githubusercontent.com/Azure/Azure-Sentinel/master/Workbooks/Images/Logos/Azure_Sentinel.svg\"width=\"75px\"height=\"75px\">",
        "contentId": "[variables('_solutionId')]",
        "parentId": "[variables('_solutionId')]",
        "source": {
          "kind": "Solution",
          "name": "AtlassianConfluenceAudit",
          "sourceId": "[variables('_solutionId')]"
        },
        "author": {
          "name": "Microsoft",
          "email": "[variables('_email')]"
        },
        "support": {
          "name": "Microsoft Corporation",
          "email": "support@microsoft.com",
          "tier": "Microsoft",
          "link": "https://support.microsoft.com"
        },
        "dependencies": {
          "operator": "AND",
          "criteria": [
            {
              "kind": "DataConnector",
              "contentId": "[variables('_dataConnectorContentId1')]",
              "version": "[variables('dataConnectorVersion1')]"
            },
            {
              "kind": "DataConnector",
              "contentId": "[variables('_dataConnectorContentIdConnections2')]",
              "version": "[variables('dataConnectorCCPVersion')]"
            },
            {
              "kind": "Parser",
              "contentId": "[variables('parserObject1').parserContentId1]",
              "version": "[variables('parserObject1').parserVersion1]"
            },
            {
              "kind": "Parser",
              "contentId": "[variables('parserObject2').parserContentId2]",
              "version": "[variables('parserObject2').parserVersion2]"
            }
          ]
        },
        "firstPublishDate": "2022-01-24",
        "providers": [
          "Atlassian"
        ],
        "categories": {
          "domains": [
            "IT Operations",
            "Application"
          ]
        }
      },
      "name": "[concat(parameters('workspace'),'/Microsoft.SecurityInsights/', variables('_solutionId'))]"
    }
  ],
  "outputs": {}
}
